branch_id,branch_name,city,state,pincode,branch_type,capacity_per_day,manager_name
BR0001,Salem Branch 001,Salem,Tamil Nadu,822370,Local,1058,Rohit Mishra
BR0002,Kolkata Branch 002,Kolkata,West Bengal,771094,Local,628,Harini Reddy
BR0003,Kochi Branch 003,Kochi,Kerala,654285,Hub,433,Kavya Gupta
BR0004,Coimbatore Branch 004,Coimbatore,Tamil Nadu,833889,Local,326,Ananya Reddy
BR0005,Mumbai Branch 005,Mumbai,Maharashtra,891750,Regional,420,Swetha Reddy
BR0006,Trichy Branch 006,Trichy,Tamil Nadu,794301,Local,441,Arun Menon
BR0007,Mumbai Branch 007,Mumbai,Maharashtra,654995,Regional,1151,Kavya Nair
BR0008,Trichy Branch 008,Trichy,Tamil Nadu,758279,Hub,117,Suresh Kapoor
BR0009,Coimbatore Branch 009,Coimbatore,Tamil Nadu,645327,Local,732,Arun Bose
BR0010,Ahmedabad Branch 010,Ahmedabad,Gujarat,769510,Local,592,Ananya Reddy
BR0011,Mumbai Branch 011,Mumbai,Maharashtra,853245,Local,911,Meena Nair
BR0012,Jaipur Branch 012,Jaipur,Rajasthan,806806,Regional,369,Kavya Naidu
BR0013,Mumbai Branch 013,Mumbai,Maharashtra,661962,Local,1098,Meena Sharma
BR0014,Trichy Branch 014,Trichy,Tamil Nadu,697002,Regional,234,Rohit Kumar
BR0015,Hyderabad Branch 015,Hyderabad,Telangana,891252,Local,611,Meena Kumar
BR0016,Kochi Branch 016,Kochi,Kerala,643225,Local,500,Priya Iyer
BR0017,Hyderabad Branch 017,Hyderabad,Telangana,871870,Local,744,Manoj Joshi
BR0018,Salem Branch 018,Salem,Tamil Nadu,680552,Local,178,Sneha Menon
BR0019,Mumbai Branch 019,Mumbai,Maharashtra,819540,Local,720,Priya Iyer
BR0020,Kochi Branch 020,Kochi,Kerala,691165,Local,1149,Dinesh Sharma
BR0021,Jaipur Branch 021,Jaipur,Rajasthan,742868,Hub,266,Arun Das
BR0022,Ahmedabad Branch 022,Ahmedabad,Gujarat,692420,Local,784,Vivek Reddy
BR0023,Bengaluru Branch 023,Bengaluru,Karnataka,603723,Hub,944,Ananya Verma
BR0024,Kochi Branch 024,Kochi,Kerala,627903,Local,560,Pooja Sharma
BR0025,Hyderabad Branch 025,Hyderabad,Telangana,865302,Local,1163,Divya Reddy
BR0026,Salem Branch 026,Salem,Tamil Nadu,611918,Regional,899,Rahul Kumar
BR0027,Kochi Branch 027,Kochi,Kerala,607556,Local,871,Divya Verma
BR0028,Bengaluru Branch 028,Bengaluru,Karnataka,893527,Regional,273,Karthik Mehta
BR0029,Ahmedabad Branch 029,Ahmedabad,Gujarat,615351,Regional,686,Ajay Sinha
BR0030,Salem Branch 030,Salem,Tamil Nadu,728453,Hub,653,Pooja Das
BR0031,Ahmedabad Branch 031,Ahmedabad,Gujarat,823231,Regional,266,Kavya Reddy
BR0032,Delhi Branch 032,Delhi,Delhi,723475,Hub,297,Priya Nair
BR0033,Jaipur Branch 033,Jaipur,Rajasthan,651370,Regional,539,Ananya Kapoor
BR0034,Hyderabad Branch 034,Hyderabad,Telangana,855301,Regional,658,Pooja Mehta
BR0035,Bengaluru Branch 035,Bengaluru,Karnataka,815822,Hub,613,Rahul Patel
BR0036,Madurai Branch 036,Madurai,Tamil Nadu,656646,Regional,955,Nithya Mishra
BR0037,Coimbatore Branch 037,Coimbatore,Tamil Nadu,747461,Local,513,Karthik Kumar
BR0038,Pune Branch 038,Pune,Maharashtra,790685,Local,590,Vivek Mishra
BR0039,Jaipur Branch 039,Jaipur,Rajasthan,701382,Regional,641,Ananya Singh
BR0040,Madurai Branch 040,Madurai,Tamil Nadu,786658,Local,350,Suresh Kumar
BR0041,Pune Branch 041,Pune,Maharashtra,894092,Hub,852,Suresh Verma
BR0042,Pune Branch 042,Pune,Maharashtra,692438,Local,783,Vivek Pillai
BR0043,Jaipur Branch 043,Jaipur,Rajasthan,669508,Local,344,Ananya Reddy
BR0044,Salem Branch 044,Salem,Tamil Nadu,870147,Hub,587,Priya Rao
BR0045,Salem Branch 045,Salem,Tamil Nadu,659081,Regional,135,Divya Naidu
BR0046,Mumbai Branch 046,Mumbai,Maharashtra,604709,Local,468,Divya Kapoor
BR0047,Kochi Branch 047,Kochi,Kerala,753913,Hub,1058,Meena Mehta
BR0048,Hyderabad Branch 048,Hyderabad,Telangana,618310,Regional,357,Dinesh Kumar
BR0049,Jaipur Branch 049,Jaipur,Rajasthan,736775,Local,600,Vivek Gupta
BR0050,Trichy Branch 050,Trichy,Tamil Nadu,821357,Local,753,Karthik Bose
BR0051,Madurai Branch 051,Madurai,Tamil Nadu,724073,Regional,819,Rahul Verma
BR0052,Mumbai Branch 052,Mumbai,Maharashtra,692099,Local,578,Pooja Kapoor
BR0053,Kolkata Branch 053,Kolkata,West Bengal,734801,Local,339,Dinesh Sharma
BR0054,Vijayawada Branch 054,Vijayawada,Andhra Pradesh,806035,Regional,467,Divya Naidu
BR0055,Pune Branch 055,Pune,Maharashtra,794753,Regional,1081,Suresh Gupta
BR0056,Kolkata Branch 056,Kolkata,West Bengal,850377,Local,248,Priya Iyer
BR0057,Kochi Branch 057,Kochi,Kerala,882244,Regional,831,Vijay Menon
BR0058,Coimbatore Branch 058,Coimbatore,Tamil Nadu,670058,Local,500,Priya Pillai
BR0059,Ahmedabad Branch 059,Ahmedabad,Gujarat,684042,Regional,693,Swetha Verma
BR0060,Coimbatore Branch 060,Coimbatore,Tamil Nadu,649495,Regional,387,Meena Nair
BR0061,Trichy Branch 061,Trichy,Tamil Nadu,825651,Regional,233,Vivek Pillai
BR0062,Delhi Branch 062,Delhi,Delhi,622929,Local,324,Kavya Kapoor
BR0063,Pune Branch 063,Pune,Maharashtra,643892,Local,736,Vivek Patel
BR0064,Vijayawada Branch 064,Vijayawada,Andhra Pradesh,630208,Local,707,Pooja Naidu
BR0065,Salem Branch 065,Salem,Tamil Nadu,779035,Local,948,Karthik Mehta
BR0066,Bengaluru Branch 066,Bengaluru,Karnataka,812473,Hub,999,Ananya Pillai
BR0067,Kochi Branch 067,Kochi,Kerala,774454,Local,925,Rohit Mehta
BR0068,Vijayawada Branch 068,Vijayawada,Andhra Pradesh,826311,Regional,1017,Arun Sharma
BR0069,Coimbatore Branch 069,Coimbatore,Tamil Nadu,668711,Local,510,Karthik Mishra
BR0070,Pune Branch 070,Pune,Maharashtra,887458,Local,473,Vijay Singh
BR0071,Coimbatore Branch 071,Coimbatore,Tamil Nadu,706359,Hub,184,Ajay Menon
BR0072,Delhi Branch 072,Delhi,Delhi,879555,Local,183,Ajay Verma
BR0073,Coimbatore Branch 073,Coimbatore,Tamil Nadu,655102,Local,581,Swetha Gupta
BR0074,Jaipur Branch 074,Jaipur,Rajasthan,883168,Regional,371,Swetha Verma
BR0075,Chennai Branch 075,Chennai,Tamil Nadu,699408,Local,105,Arun Bose
BR0076,Vijayawada Branch 076,Vijayawada,Andhra Pradesh,815676,Local,618,Nithya Kumar
BR0077,Madurai Branch 077,Madurai,Tamil Nadu,736017,Local,113,Karthik Naidu
BR0078,Ahmedabad Branch 078,Ahmedabad,Gujarat,738037,Hub,1126,Vijay Mehta
BR0079,Madurai Branch 079,Madurai,Tamil Nadu,608588,Regional,916,Meena Singh
BR0080,Hyderabad Branch 080,Hyderabad,Telangana,808132,Local,586,Nithya Reddy
BR0081,Jaipur Branch 081,Jaipur,Rajasthan,656656,Local,896,Kavya Kapoor
BR0082,Pune Branch 082,Pune,Maharashtra,820370,Local,586,Kavya Kumar
BR0083,Kochi Branch 083,Kochi,Kerala,772077,Regional,1036,Kavya Reddy
BR0084,Kolkata Branch 084,Kolkata,West Bengal,651132,Hub,505,Ananya Mehta
BR0085,Coimbatore Branch 085,Coimbatore,Tamil Nadu,713044,Local,562,Meena Naidu
BR0086,Vijayawada Branch 086,Vijayawada,Andhra Pradesh,893173,Hub,231,Suresh Kumar
BR0087,Kolkata Branch 087,Kolkata,West Bengal,751901,Local,605,Vijay Mishra
BR0088,Hyderabad Branch 088,Hyderabad,Telangana,800042,Hub,732,Ajay Sharma
BR0089,Vijayawada Branch 089,Vijayawada,Andhra Pradesh,760470,Hub,335,Nithya Reddy
BR0090,Vijayawada Branch 090,Vijayawada,Andhra Pradesh,838372,Regional,122,Sneha Kumar
BR0091,Kolkata Branch 091,Kolkata,West Bengal,815062,Local,713,Harini Gupta
BR0092,Chennai Branch 092,Chennai,Tamil Nadu,670677,Local,551,Ananya Reddy
BR0093,Pune Branch 093,Pune,Maharashtra,876144,Local,373,Priya Kapoor
BR0094,Madurai Branch 094,Madurai,Tamil Nadu,723371,Regional,1124,Vijay Pillai
BR0095,Bengaluru Branch 095,Bengaluru,Karnataka,679315,Hub,760,Divya Mehta
BR0096,Hyderabad Branch 096,Hyderabad,Telangana,748936,Local,265,Meena Rao
BR0097,Madurai Branch 097,Madurai,Tamil Nadu,615109,Local,509,Priya Gupta
BR0098,Hyderabad Branch 098,Hyderabad,Telangana,746423,Regional,396,Priya Bose
BR0099,Coimbatore Branch 099,Coimbatore,Tamil Nadu,833693,Hub,1036,Ananya Mehta
BR0100,Delhi Branch 100,Delhi,Delhi,857618,Regional,1102,Rohit Verma
BR0101,Kolkata Branch 101,Kolkata,West Bengal,642973,Local,195,Vijay Patel
BR0102,Pune Branch 102,Pune,Maharashtra,637455,Regional,670,Sneha Nair
BR0103,Trichy Branch 103,Trichy,Tamil Nadu,834285,Local,999,Ananya Mishra
BR0104,Kochi Branch 104,Kochi,Kerala,641005,Regional,240,Nithya Sharma
BR0105,Kolkata Branch 105,Kolkata,West Bengal,616835,Local,662,Vivek Verma
BR0106,Trichy Branch 106,Trichy,Tamil Nadu,805804,Hub,1113,Nithya Menon
BR0107,Salem Branch 107,Salem,Tamil Nadu,735850,Regional,866,Rahul Sharma
BR0108,Trichy Branch 108,Trichy,Tamil Nadu,695526,Local,932,Priya Gupta
BR0109,Jaipur Branch 109,Jaipur,Rajasthan,890072,Local,276,Kavya Pillai
BR0110,Hyderabad Branch 110,Hyderabad,Telangana,749453,Regional,714,Kavya Gupta
BR0111,Vijayawada Branch 111,Vijayawada,Andhra Pradesh,890395,Local,753,Harini Kapoor
BR0112,Salem Branch 112,Salem,Tamil Nadu,712787,Local,520,Nithya Iyer
BR0113,Pune Branch 113,Pune,Maharashtra,834265,Regional,129,Dinesh Mehta
BR0114,Delhi Branch 114,Delhi,Delhi,820129,Local,241,Vivek Kapoor
BR0115,Madurai Branch 115,Madurai,Tamil Nadu,611225,Local,322,Manoj Verma
BR0116,Mumbai Branch 116,Mumbai,Maharashtra,683415,Local,959,Divya Pillai
BR0117,Coimbatore Branch 117,Coimbatore,Tamil Nadu,612305,Local,929,Priya Mehta
BR0118,Ahmedabad Branch 118,Ahmedabad,Gujarat,792661,Local,610,Meena Sinha
BR0119,Vijayawada Branch 119,Vijayawada,Andhra Pradesh,601579,Regional,1126,Kavya Kumar
BR0120,Ahmedabad Branch 120,Ahmedabad,Gujarat,626316,Local,197,Ananya Iyer
BR0121,Coimbatore Branch 121,Coimbatore,Tamil Nadu,885522,Local,1087,Rahul Kumar
BR0122,Trichy Branch 122,Trichy,Tamil Nadu,627542,Local,559,Karthik Kapoor
BR0123,Vijayawada Branch 123,Vijayawada,Andhra Pradesh,697343,Regional,365,Kavya Reddy
BR0124,Vijayawada Branch 124,Vijayawada,Andhra Pradesh,617944,Local,1111,Harini Mehta
BR0125,Delhi Branch 125,Delhi,Delhi,839137,Local,1042,Suresh Das
BR0126,Kochi Branch 126,Kochi,Kerala,738961,Local,483,Suresh Joshi
BR0127,Vijayawada Branch 127,Vijayawada,Andhra Pradesh,789927,Regional,250,Rohit Naidu
BR0128,Coimbatore Branch 128,Coimbatore,Tamil Nadu,801184,Local,670,Harini Iyer
BR0129,Vijayawada Branch 129,Vijayawada,Andhra Pradesh,734929,Regional,317,Meena Joshi
BR0130,Kochi Branch 130,Kochi,Kerala,822896,Local,694,Vijay Patel
BR0131,Ahmedabad Branch 131,Ahmedabad,Gujarat,689753,Hub,1040,Manoj Menon
BR0132,Pune Branch 132,Pune,Maharashtra,809771,Local,855,Manoj Reddy
BR0133,Chennai Branch 133,Chennai,Tamil Nadu,852259,Regional,399,Nithya Rao
BR0134,Mumbai Branch 134,Mumbai,Maharashtra,867964,Local,1171,Vijay Kapoor
BR0135,Salem Branch 135,Salem,Tamil Nadu,702173,Local,430,Divya Bose
BR0136,Delhi Branch 136,Delhi,Delhi,850212,Hub,861,Karthik Sharma
BR0137,Vijayawada Branch 137,Vijayawada,Andhra Pradesh,640073,Regional,612,Rohit Menon
BR0138,Madurai Branch 138,Madurai,Tamil Nadu,711066,Local,1027,Dinesh Singh
BR0139,Jaipur Branch 139,Jaipur,Rajasthan,792086,Local,196,Ajay Sharma
BR0140,Ahmedabad Branch 140,Ahmedabad,Gujarat,729077,Regional,189,Dinesh Reddy
BR0141,Mumbai Branch 141,Mumbai,Maharashtra,860085,Local,251,Pooja Pillai
BR0142,Delhi Branch 142,Delhi,Delhi,687660,Local,825,Nithya Joshi
BR0143,Jaipur Branch 143,Jaipur,Rajasthan,740766,Regional,207,Manoj Sinha
BR0144,Trichy Branch 144,Trichy,Tamil Nadu,699119,Local,263,Harini Kumar
BR0145,Jaipur Branch 145,Jaipur,Rajasthan,744451,Regional,550,Ananya Bose
BR0146,Salem Branch 146,Salem,Tamil Nadu,784290,Hub,917,Swetha Menon
BR0147,Pune Branch 147,Pune,Maharashtra,745728,Local,347,Harini Das
BR0148,Madurai Branch 148,Madurai,Tamil Nadu,664122,Hub,1054,Sneha Mehta
BR0149,Trichy Branch 149,Trichy,Tamil Nadu,732396,Regional,584,Vijay Singh
BR0150,Ahmedabad Branch 150,Ahmedabad,Gujarat,648990,Local,541,Ananya Naidu
BR0151,Delhi Branch 151,Delhi,Delhi,824702,Local,599,Rohit Joshi
BR0152,Hyderabad Branch 152,Hyderabad,Telangana,674987,Hub,1084,Karthik Sinha
BR0153,Bengaluru Branch 153,Bengaluru,Karnataka,622975,Regional,378,Swetha Mehta
BR0154,Hyderabad Branch 154,Hyderabad,Telangana,892862,Local,623,Divya Gupta
BR0155,Delhi Branch 155,Delhi,Delhi,667242,Local,928,Sneha Das
BR0156,Trichy Branch 156,Trichy,Tamil Nadu,890662,Local,587,Divya Naidu
BR0157,Coimbatore Branch 157,Coimbatore,Tamil Nadu,849692,Hub,323,Vivek Naidu
BR0158,Coimbatore Branch 158,Coimbatore,Tamil Nadu,766037,Local,1084,Sneha Singh
BR0159,Kochi Branch 159,Kochi,Kerala,602579,Hub,961,Karthik Sharma
BR0160,Pune Branch 160,Pune,Maharashtra,851967,Local,200,Priya Mishra
BR0161,Chennai Branch 161,Chennai,Tamil Nadu,606552,Hub,865,Rohit Nair
BR0162,Chennai Branch 162,Chennai,Tamil Nadu,730765,Local,774,Vijay Verma
BR0163,Kochi Branch 163,Kochi,Kerala,653769,Hub,531,Swetha Naidu
BR0164,Kolkata Branch 164,Kolkata,West Bengal,805096,Local,648,Pooja Verma
BR0165,Bengaluru Branch 165,Bengaluru,Karnataka,869258,Regional,489,Sneha Kumar
BR0166,Jaipur Branch 166,Jaipur,Rajasthan,694093,Local,310,Kavya Gupta
BR0167,Mumbai Branch 167,Mumbai,Maharashtra,649685,Local,862,Suresh Rao
BR0168,Trichy Branch 168,Trichy,Tamil Nadu,834504,Regional,307,Priya Das
BR0169,Pune Branch 169,Pune,Maharashtra,600888,Regional,1085,Arun Kumar
BR0170,Coimbatore Branch 170,Coimbatore,Tamil Nadu,717614,Hub,871,Kavya Singh
BR0171,Trichy Branch 171,Trichy,Tamil Nadu,749889,Hub,1011,Arun Verma
BR0172,Madurai Branch 172,Madurai,Tamil Nadu,755468,Regional,724,Nithya Kumar
BR0173,Jaipur Branch 173,Jaipur,Rajasthan,736598,Local,884,Kavya Iyer
BR0174,Chennai Branch 174,Chennai,Tamil Nadu,839989,Local,699,Priya Singh
BR0175,Madurai Branch 175,Madurai,Tamil Nadu,791652,Local,666,Suresh Sinha
BR0176,Pune Branch 176,Pune,Maharashtra,696255,Hub,958,Dinesh Sinha
BR0177,Mumbai Branch 177,Mumbai,Maharashtra,800089,Regional,103,Harini Pillai
BR0178,Trichy Branch 178,Trichy,Tamil Nadu,883135,Local,595,Vivek Rao
BR0179,Pune Branch 179,Pune,Maharashtra,697114,Regional,478,Divya Menon
BR0180,Ahmedabad Branch 180,Ahmedabad,Gujarat,779139,Hub,455,Divya Gupta
BR0181,Madurai Branch 181,Madurai,Tamil Nadu,772244,Regional,567,Dinesh Verma
BR0182,Coimbatore Branch 182,Coimbatore,Tamil Nadu,658271,Regional,537,Karthik Kumar
BR0183,Trichy Branch 183,Trichy,Tamil Nadu,881201,Hub,927,Rahul Joshi
BR0184,Jaipur Branch 184,Jaipur,Rajasthan,709579,Local,800,Ananya Menon
BR0185,Kochi Branch 185,Kochi,Kerala,843028,Regional,1111,Sneha Singh
BR0186,Pune Branch 186,Pune,Maharashtra,786228,Local,145,Divya Mishra
BR0187,Jaipur Branch 187,Jaipur,Rajasthan,757350,Local,708,Swetha Das
BR0188,Salem Branch 188,Salem,Tamil Nadu,738498,Local,148,Vijay Mishra
BR0189,Ahmedabad Branch 189,Ahmedabad,Gujarat,882375,Regional,219,Vivek Kapoor
BR0190,Trichy Branch 190,Trichy,Tamil Nadu,616680,Regional,1197,Manoj Singh
BR0191,Pune Branch 191,Pune,Maharashtra,681846,Regional,372,Harini Joshi
BR0192,Chennai Branch 192,Chennai,Tamil Nadu,735556,Regional,1123,Vivek Rao
BR0193,Madurai Branch 193,Madurai,Tamil Nadu,762923,Local,1117,Manoj Patel
BR0194,Hyderabad Branch 194,Hyderabad,Telangana,830873,Hub,283,Rohit Gupta
BR0195,Chennai Branch 195,Chennai,Tamil Nadu,709576,Local,444,Harini Iyer
BR0196,Pune Branch 196,Pune,Maharashtra,884562,Local,919,Swetha Verma
BR0197,Trichy Branch 197,Trichy,Tamil Nadu,621835,Local,558,Dinesh Iyer
BR0198,Hyderabad Branch 198,Hyderabad,Telangana,733048,Local,324,Kavya Reddy
BR0199,Delhi Branch 199,Delhi,Delhi,735205,Local,789,Manoj Mishra
BR0200,Kolkata Branch 200,Kolkata,West Bengal,604279,Local,474,Rahul Kumar
BR0201,Salem Branch 201,Salem,Tamil Nadu,647396,Hub,1010,Ajay Sinha
BR0202,Mumbai Branch 202,Mumbai,Maharashtra,744906,Hub,1179,Meena Naidu
BR0203,Mumbai Branch 203,Mumbai,Maharashtra,735238,Regional,339,Dinesh Mehta
BR0204,Bengaluru Branch 204,Bengaluru,Karnataka,682384,Regional,937,Karthik Das
BR0205,Bengaluru Branch 205,Bengaluru,Karnataka,719926,Hub,1023,Pooja Bose
BR0206,Kolkata Branch 206,Kolkata,West Bengal,829081,Hub,767,Pooja Kapoor
BR0207,Salem Branch 207,Salem,Tamil Nadu,645247,Hub,213,Rohit Joshi
BR0208,Pune Branch 208,Pune,Maharashtra,764770,Local,1100,Ananya Menon
BR0209,Pune Branch 209,Pune,Maharashtra,782111,Regional,704,Rohit Sinha
BR0210,Kochi Branch 210,Kochi,Kerala,673455,Local,299,Kavya Menon
BR0211,Bengaluru Branch 211,Bengaluru,Karnataka,669448,Regional,586,Manoj Verma
BR0212,Kolkata Branch 212,Kolkata,West Bengal,866557,Local,816,Priya Mishra
BR0213,Bengaluru Branch 213,Bengaluru,Karnataka,633486,Regional,183,Sneha Gupta
BR0214,Jaipur Branch 214,Jaipur,Rajasthan,617042,Local,1040,Nithya Mishra
BR0215,Kochi Branch 215,Kochi,Kerala,863357,Regional,367,Sneha Kumar
BR0216,Pune Branch 216,Pune,Maharashtra,825006,Hub,564,Manoj Mehta
BR0217,Pune Branch 217,Pune,Maharashtra,671972,Local,1137,Manoj Menon
BR0218,Hyderabad Branch 218,Hyderabad,Telangana,725151,Local,920,Meena Mishra
BR0219,Bengaluru Branch 219,Bengaluru,Karnataka,797366,Regional,317,Arun Sharma
BR0220,Hyderabad Branch 220,Hyderabad,Telangana,770743,Local,1089,Swetha Kapoor
BR0221,Salem Branch 221,Salem,Tamil Nadu,867681,Regional,144,Rahul Singh
BR0222,Pune Branch 222,Pune,Maharashtra,745344,Regional,259,Vijay Kapoor
BR0223,Kochi Branch 223,Kochi,Kerala,827366,Local,879,Rahul Patel
BR0224,Jaipur Branch 224,Jaipur,Rajasthan,691343,Regional,655,Ananya Reddy
BR0225,Delhi Branch 225,Delhi,Delhi,786294,Regional,781,Karthik Singh
BR0226,Mumbai Branch 226,Mumbai,Maharashtra,654632,Regional,1144,Vivek Reddy
BR0227,Kolkata Branch 227,Kolkata,West Bengal,692125,Regional,893,Vijay Das
BR0228,Bengaluru Branch 228,Bengaluru,Karnataka,644636,Hub,771,Sneha Mehta
BR0229,Ahmedabad Branch 229,Ahmedabad,Gujarat,736198,Hub,318,Pooja Gupta
BR0230,Delhi Branch 230,Delhi,Delhi,648261,Local,1140,Arun Mishra
BR0231,Ahmedabad Branch 231,Ahmedabad,Gujarat,637862,Regional,615,Ajay Menon
BR0232,Madurai Branch 232,Madurai,Tamil Nadu,687513,Hub,1162,Meena Das
BR0233,Trichy Branch 233,Trichy,Tamil Nadu,892444,Local,1119,Rohit Singh
BR0234,Pune Branch 234,Pune,Maharashtra,745921,Regional,800,Suresh Rao
BR0235,Mumbai Branch 235,Mumbai,Maharashtra,804575,Hub,241,Kavya Joshi
BR0236,Ahmedabad Branch 236,Ahmedabad,Gujarat,882291,Local,445,Divya Joshi
BR0237,Madurai Branch 237,Madurai,Tamil Nadu,696591,Local,402,Arun Gupta
BR0238,Delhi Branch 238,Delhi,Delhi,748115,Hub,567,Priya Iyer
BR0239,Kochi Branch 239,Kochi,Kerala,819238,Local,445,Suresh Singh
BR0240,Vijayawada Branch 240,Vijayawada,Andhra Pradesh,613600,Local,933,Divya Verma
BR0241,Mumbai Branch 241,Mumbai,Maharashtra,807673,Local,275,Rahul Mehta
BR0242,Vijayawada Branch 242,Vijayawada,Andhra Pradesh,785375,Local,293,Divya Reddy
BR0243,Chennai Branch 243,Chennai,Tamil Nadu,680432,Regional,1043,Ananya Singh
BR0244,Madurai Branch 244,Madurai,Tamil Nadu,892731,Hub,436,Karthik Menon
BR0245,Trichy Branch 245,Trichy,Tamil Nadu,826857,Local,743,Sneha Singh
BR0246,Hyderabad Branch 246,Hyderabad,Telangana,611417,Local,180,Meena Kapoor
BR0247,Delhi Branch 247,Delhi,Delhi,826223,Local,260,Manoj Kapoor
BR0248,Chennai Branch 248,Chennai,Tamil Nadu,735400,Hub,506,Sneha Gupta
BR0249,Delhi Branch 249,Delhi,Delhi,724025,Regional,593,Swetha Rao
BR0250,Hyderabad Branch 250,Hyderabad,Telangana,619641,Local,290,Kavya Gupta
BR0251,Hyderabad Branch 251,Hyderabad,Telangana,841096,Local,653,Swetha Sharma
BR0252,Salem Branch 252,Salem,Tamil Nadu,691965,Hub,455,Pooja Rao
BR0253,Kolkata Branch 253,Kolkata,West Bengal,891204,Local,469,Pooja Verma
BR0254,Salem Branch 254,Salem,Tamil Nadu,712543,Local,844,Manoj Joshi
BR0255,Madurai Branch 255,Madurai,Tamil Nadu,731936,Hub,395,Ananya Joshi
BR0256,Delhi Branch 256,Delhi,Delhi,715938,Regional,120,Kavya Sharma
BR0257,Kochi Branch 257,Kochi,Kerala,642179,Regional,1075,Manoj Pillai
BR0258,Ahmedabad Branch 258,Ahmedabad,Gujarat,663428,Local,772,Ajay Sharma
BR0259,Ahmedabad Branch 259,Ahmedabad,Gujarat,779219,Regional,466,Sneha Verma
BR0260,Chennai Branch 260,Chennai,Tamil Nadu,783127,Local,809,Arun Pillai
BR0261,Madurai Branch 261,Madurai,Tamil Nadu,760281,Local,653,Rahul Menon
BR0262,Jaipur Branch 262,Jaipur,Rajasthan,801992,Regional,648,Sneha Iyer
BR0263,Pune Branch 263,Pune,Maharashtra,609687,Hub,138,Divya Reddy
BR0264,Bengaluru Branch 264,Bengaluru,Karnataka,647343,Local,146,Suresh Mishra
BR0265,Hyderabad Branch 265,Hyderabad,Telangana,831713,Local,285,Harini Iyer
BR0266,Salem Branch 266,Salem,Tamil Nadu,682288,Regional,1023,Ajay Rao
BR0267,Pune Branch 267,Pune,Maharashtra,813404,Hub,426,Meena Gupta
BR0268,Kochi Branch 268,Kochi,Kerala,652246,Local,209,Sneha Iyer
BR0269,Bengaluru Branch 269,Bengaluru,Karnataka,878882,Local,272,Vijay Bose
BR0270,Ahmedabad Branch 270,Ahmedabad,Gujarat,789982,Hub,615,Divya Pillai
BR0271,Kochi Branch 271,Kochi,Kerala,851439,Local,160,Vivek Rao
BR0272,Jaipur Branch 272,Jaipur,Rajasthan,814331,Local,758,Vivek Das
BR0273,Ahmedabad Branch 273,Ahmedabad,Gujarat,682249,Hub,1174,Nithya Nair
BR0274,Kochi Branch 274,Kochi,Kerala,754473,Local,1146,Kavya Kumar
BR0275,Hyderabad Branch 275,Hyderabad,Telangana,611022,Local,868,Vivek Nair
BR0276,Coimbatore Branch 276,Coimbatore,Tamil Nadu,829349,Regional,1184,Vivek Menon
BR0277,Jaipur Branch 277,Jaipur,Rajasthan,748194,Local,306,Sneha Bose
BR0278,Delhi Branch 278,Delhi,Delhi,711787,Local,892,Nithya Verma
BR0279,Kochi Branch 279,Kochi,Kerala,639661,Local,976,Manoj Menon
BR0280,Bengaluru Branch 280,Bengaluru,Karnataka,899756,Regional,1124,Meena Das
BR0281,Bengaluru Branch 281,Bengaluru,Karnataka,822979,Local,651,Suresh Sinha
BR0282,Chennai Branch 282,Chennai,Tamil Nadu,691415,Regional,376,Ajay Kapoor
BR0283,Kolkata Branch 283,Kolkata,West Bengal,602669,Regional,858,Pooja Mishra
BR0284,Delhi Branch 284,Delhi,Delhi,654224,Hub,421,Kavya Joshi
BR0285,Jaipur Branch 285,Jaipur,Rajasthan,735239,Local,1008,Ajay Bose
BR0286,Jaipur Branch 286,Jaipur,Rajasthan,893175,Regional,345,Arun Verma
BR0287,Delhi Branch 287,Delhi,Delhi,600638,Local,1100,Rohit Joshi
BR0288,Pune Branch 288,Pune,Maharashtra,602642,Hub,575,Ajay Das
BR0289,Hyderabad Branch 289,Hyderabad,Telangana,722921,Local,225,Swetha Sinha
BR0290,Coimbatore Branch 290,Coimbatore,Tamil Nadu,710482,Hub,365,Rohit Kumar
BR0291,Hyderabad Branch 291,Hyderabad,Telangana,807747,Hub,237,Karthik Joshi
BR0292,Pune Branch 292,Pune,Maharashtra,871107,Local,620,Vivek Sharma
BR0293,Coimbatore Branch 293,Coimbatore,Tamil Nadu,736875,Hub,1169,Divya Kapoor
BR0294,Ahmedabad Branch 294,Ahmedabad,Gujarat,869783,Regional,1191,Vijay Rao
BR0295,Kochi Branch 295,Kochi,Kerala,778831,Local,976,Manoj Mishra
BR0296,Hyderabad Branch 296,Hyderabad,Telangana,702015,Local,601,Rohit Pillai
BR0297,Ahmedabad Branch 297,Ahmedabad,Gujarat,845818,Regional,743,Harini Kumar
BR0298,Pune Branch 298,Pune,Maharashtra,714770,Local,848,Ajay Menon
BR0299,Salem Branch 299,Salem,Tamil Nadu,737062,Local,1004,Kavya Mishra
BR0300,Delhi Branch 300,Delhi,Delhi,606508,Hub,554,Sneha Gupta
BR0301,Chennai Branch 301,Chennai,Tamil Nadu,847269,Regional,923,Karthik Kapoor
BR0302,Bengaluru Branch 302,Bengaluru,Karnataka,605166,Regional,1172,Ananya Verma
BR0303,Kolkata Branch 303,Kolkata,West Bengal,723142,Regional,800,Priya Kapoor
BR0304,Madurai Branch 304,Madurai,Tamil Nadu,647573,Regional,620,Nithya Rao
BR0305,Jaipur Branch 305,Jaipur,Rajasthan,603707,Regional,493,Nithya Reddy
BR0306,Ahmedabad Branch 306,Ahmedabad,Gujarat,720924,Regional,979,Vijay Kapoor
BR0307,Trichy Branch 307,Trichy,Tamil Nadu,696148,Regional,494,Dinesh Sinha
BR0308,Mumbai Branch 308,Mumbai,Maharashtra,669651,Regional,195,Karthik Kumar
BR0309,Pune Branch 309,Pune,Maharashtra,864462,Hub,184,Harini Rao
BR0310,Kochi Branch 310,Kochi,Kerala,679860,Local,1159,Divya Gupta
BR0311,Mumbai Branch 311,Mumbai,Maharashtra,643872,Local,1051,Karthik Mehta
BR0312,Salem Branch 312,Salem,Tamil Nadu,680287,Regional,515,Vivek Das
BR0313,Hyderabad Branch 313,Hyderabad,Telangana,843353,Hub,694,Harini Verma
BR0314,Trichy Branch 314,Trichy,Tamil Nadu,793838,Local,774,Vijay Das
BR0315,Bengaluru Branch 315,Bengaluru,Karnataka,751476,Local,825,Vijay Mishra
BR0316,Ahmedabad Branch 316,Ahmedabad,Gujarat,637484,Hub,320,Ananya Pillai
BR0317,Hyderabad Branch 317,Hyderabad,Telangana,825042,Hub,578,Harini Menon
BR0318,Vijayawada Branch 318,Vijayawada,Andhra Pradesh,872236,Hub,491,Manoj Singh
BR0319,Bengaluru Branch 319,Bengaluru,Karnataka,815224,Local,1192,Arun Reddy
BR0320,Ahmedabad Branch 320,Ahmedabad,Gujarat,805241,Local,544,Divya Singh
BR0321,Coimbatore Branch 321,Coimbatore,Tamil Nadu,616965,Local,418,Nithya Sharma
BR0322,Chennai Branch 322,Chennai,Tamil Nadu,652474,Local,392,Vijay Pillai
BR0323,Pune Branch 323,Pune,Maharashtra,819074,Local,865,Dinesh Mishra
BR0324,Chennai Branch 324,Chennai,Tamil Nadu,615448,Regional,615,Karthik Rao
BR0325,Pune Branch 325,Pune,Maharashtra,895641,Local,1179,Arun Kapoor
BR0326,Ahmedabad Branch 326,Ahmedabad,Gujarat,643398,Regional,669,Meena Gupta
BR0327,Hyderabad Branch 327,Hyderabad,Telangana,800884,Regional,861,Kavya Kumar
BR0328,Vijayawada Branch 328,Vijayawada,Andhra Pradesh,897336,Regional,243,Divya Reddy
BR0329,Madurai Branch 329,Madurai,Tamil Nadu,660236,Local,408,Kavya Rao
BR0330,Vijayawada Branch 330,Vijayawada,Andhra Pradesh,639402,Local,117,Ananya Reddy
BR0331,Kochi Branch 331,Kochi,Kerala,733320,Local,924,Rahul Sharma
BR0332,Chennai Branch 332,Chennai,Tamil Nadu,823928,Hub,990,Swetha Iyer
BR0333,Trichy Branch 333,Trichy,Tamil Nadu,786847,Hub,324,Kavya Sharma
BR0334,Chennai Branch 334,Chennai,Tamil Nadu,742121,Regional,951,Vijay Sinha
BR0335,Coimbatore Branch 335,Coimbatore,Tamil Nadu,757408,Regional,1197,Sneha Gupta
BR0336,Hyderabad Branch 336,Hyderabad,Telangana,736647,Regional,253,Karthik Bose
BR0337,Salem Branch 337,Salem,Tamil Nadu,656313,Hub,209,Divya Patel
BR0338,Kolkata Branch 338,Kolkata,West Bengal,687480,Local,437,Suresh Kapoor
BR0339,Trichy Branch 339,Trichy,Tamil Nadu,652961,Local,606,Dinesh Gupta
BR0340,Pune Branch 340,Pune,Maharashtra,827827,Regional,272,Rohit Verma
BR0341,Bengaluru Branch 341,Bengaluru,Karnataka,848438,Local,1117,Pooja Iyer
BR0342,Ahmedabad Branch 342,Ahmedabad,Gujarat,859228,Hub,898,Priya Menon
BR0343,Jaipur Branch 343,Jaipur,Rajasthan,851339,Regional,498,Priya Singh
BR0344,Salem Branch 344,Salem,Tamil Nadu,675423,Local,201,Pooja Reddy
BR0345,Kolkata Branch 345,Kolkata,West Bengal,794743,Local,1088,Meena Nair
BR0346,Kolkata Branch 346,Kolkata,West Bengal,637300,Hub,584,Vijay Joshi
BR0347,Hyderabad Branch 347,Hyderabad,Telangana,638466,Local,273,Rohit Rao
BR0348,Delhi Branch 348,Delhi,Delhi,829422,Local,1011,Vivek Singh
BR0349,Pune Branch 349,Pune,Maharashtra,769732,Regional,1153,Arun Kapoor
BR0350,Chennai Branch 350,Chennai,Tamil Nadu,884589,Local,652,Nithya Naidu
BR0351,Chennai Branch 351,Chennai,Tamil Nadu,788572,Hub,166,Arun Menon
BR0352,Bengaluru Branch 352,Bengaluru,Karnataka,650114,Local,587,Ananya Sinha
BR0353,Kolkata Branch 353,Kolkata,West Bengal,893113,Local,884,Kavya Nair
BR0354,Hyderabad Branch 354,Hyderabad,Telangana,781169,Local,940,Sneha Rao
BR0355,Madurai Branch 355,Madurai,Tamil Nadu,886303,Hub,820,Priya Pillai
BR0356,Hyderabad Branch 356,Hyderabad,Telangana,890775,Regional,347,Ajay Gupta
BR0357,Trichy Branch 357,Trichy,Tamil Nadu,603920,Local,558,Dinesh Reddy
BR0358,Mumbai Branch 358,Mumbai,Maharashtra,769899,Regional,825,Rohit Verma
BR0359,Salem Branch 359,Salem,Tamil Nadu,659769,Local,1105,Suresh Patel
BR0360,Coimbatore Branch 360,Coimbatore,Tamil Nadu,742084,Hub,475,Swetha Joshi
BR0361,Mumbai Branch 361,Mumbai,Maharashtra,712880,Hub,993,Ajay Pillai
BR0362,Kolkata Branch 362,Kolkata,West Bengal,832027,Regional,980,Dinesh Pillai
BR0363,Salem Branch 363,Salem,Tamil Nadu,636023,Local,579,Vivek Iyer
BR0364,Pune Branch 364,Pune,Maharashtra,696566,Hub,743,Vijay Sharma
BR0365,Delhi Branch 365,Delhi,Delhi,835779,Regional,1035,Swetha Reddy
BR0366,Coimbatore Branch 366,Coimbatore,Tamil Nadu,727407,Hub,201,Swetha Nair
BR0367,Mumbai Branch 367,Mumbai,Maharashtra,808670,Regional,156,Harini Kapoor
BR0368,Jaipur Branch 368,Jaipur,Rajasthan,851980,Local,530,Rahul Mehta
BR0369,Delhi Branch 369,Delhi,Delhi,894250,Regional,866,Harini Naidu
BR0370,Jaipur Branch 370,Jaipur,Rajasthan,674255,Regional,563,Divya Naidu
BR0371,Trichy Branch 371,Trichy,Tamil Nadu,622236,Regional,261,Dinesh Reddy
BR0372,Bengaluru Branch 372,Bengaluru,Karnataka,896721,Local,131,Harini Das
BR0373,Madurai Branch 373,Madurai,Tamil Nadu,773243,Hub,1105,Rahul Iyer
BR0374,Kochi Branch 374,Kochi,Kerala,726828,Regional,196,Arun Kumar
BR0375,Madurai Branch 375,Madurai,Tamil Nadu,673712,Regional,238,Arun Reddy
BR0376,Vijayawada Branch 376,Vijayawada,Andhra Pradesh,805849,Regional,391,Priya Verma
BR0377,Kochi Branch 377,Kochi,Kerala,751851,Local,240,Manoj Menon
BR0378,Trichy Branch 378,Trichy,Tamil Nadu,631936,Local,1079,Vijay Iyer
BR0379,Trichy Branch 379,Trichy,Tamil Nadu,899581,Regional,297,Priya Verma
BR0380,Delhi Branch 380,Delhi,Delhi,845677,Local,231,Vijay Pillai
BR0381,Delhi Branch 381,Delhi,Delhi,622265,Local,464,Harini Sinha
BR0382,Trichy Branch 382,Trichy,Tamil Nadu,742303,Local,637,Sneha Mishra
BR0383,Kolkata Branch 383,Kolkata,West Bengal,844216,Local,171,Suresh Das
BR0384,Mumbai Branch 384,Mumbai,Maharashtra,717967,Regional,402,Rohit Reddy
BR0385,Kolkata Branch 385,Kolkata,West Bengal,798848,Local,480,Rahul Das
BR0386,Vijayawada Branch 386,Vijayawada,Andhra Pradesh,887772,Local,995,Pooja Naidu
BR0387,Trichy Branch 387,Trichy,Tamil Nadu,840747,Local,386,Arun Joshi
BR0388,Chennai Branch 388,Chennai,Tamil Nadu,726175,Local,267,Kavya Kapoor
BR0389,Jaipur Branch 389,Jaipur,Rajasthan,690610,Local,314,Divya Mishra
BR0390,Ahmedabad Branch 390,Ahmedabad,Gujarat,731923,Regional,243,Sneha Patel
BR0391,Kolkata Branch 391,Kolkata,West Bengal,840228,Local,429,Rahul Mishra
BR0392,Kochi Branch 392,Kochi,Kerala,777072,Local,335,Rahul Verma
BR0393,Jaipur Branch 393,Jaipur,Rajasthan,634913,Hub,568,Kavya Mehta
BR0394,Chennai Branch 394,Chennai,Tamil Nadu,657188,Local,947,Suresh Rao
BR0395,Salem Branch 395,Salem,Tamil Nadu,606551,Local,795,Vijay Gupta
BR0396,Ahmedabad Branch 396,Ahmedabad,Gujarat,820096,Hub,669,Karthik Menon
BR0397,Coimbatore Branch 397,Coimbatore,Tamil Nadu,807373,Local,882,Rohit Kapoor
BR0398,Trichy Branch 398,Trichy,Tamil Nadu,760670,Regional,1067,Vivek Gupta
BR0399,Delhi Branch 399,Delhi,Delhi,690516,Local,248,Rahul Pillai
BR0400,Ahmedabad Branch 400,Ahmedabad,Gujarat,891590,Regional,675,Manoj Patel
BR0401,Ahmedabad Branch 401,Ahmedabad,Gujarat,839370,Local,568,Harini Singh
BR0402,Chennai Branch 402,Chennai,Tamil Nadu,877890,Regional,234,Suresh Nair
BR0403,Salem Branch 403,Salem,Tamil Nadu,855661,Local,919,Harini Mishra
BR0404,Kochi Branch 404,Kochi,Kerala,670622,Local,118,Ananya Joshi
BR0405,Chennai Branch 405,Chennai,Tamil Nadu,809042,Regional,992,Arun Sinha
BR0406,Kochi Branch 406,Kochi,Kerala,888270,Local,697,Ajay Patel
BR0407,Jaipur Branch 407,Jaipur,Rajasthan,743543,Local,785,Divya Sinha
BR0408,Jaipur Branch 408,Jaipur,Rajasthan,850171,Hub,649,Priya Kapoor
BR0409,Mumbai Branch 409,Mumbai,Maharashtra,701096,Regional,240,Sneha Sinha
BR0410,Kolkata Branch 410,Kolkata,West Bengal,732068,Local,505,Swetha Rao
BR0411,Pune Branch 411,Pune,Maharashtra,772925,Local,599,Vivek Patel
BR0412,Pune Branch 412,Pune,Maharashtra,868324,Local,134,Rohit Sinha
BR0413,Coimbatore Branch 413,Coimbatore,Tamil Nadu,758485,Hub,755,Harini Kapoor
BR0414,Bengaluru Branch 414,Bengaluru,Karnataka,730104,Local,755,Karthik Mehta
BR0415,Mumbai Branch 415,Mumbai,Maharashtra,625641,Local,457,Rahul Nair
BR0416,Mumbai Branch 416,Mumbai,Maharashtra,889151,Local,123,Ajay Rao
BR0417,Salem Branch 417,Salem,Tamil Nadu,690281,Local,1081,Rohit Iyer
BR0418,Coimbatore Branch 418,Coimbatore,Tamil Nadu,698475,Hub,533,Ananya Rao
BR0419,Delhi Branch 419,Delhi,Delhi,811542,Local,314,Sneha Menon
BR0420,Trichy Branch 420,Trichy,Tamil Nadu,683238,Regional,463,Swetha Patel
BR0421,Madurai Branch 421,Madurai,Tamil Nadu,776276,Local,566,Harini Nair
BR0422,Trichy Branch 422,Trichy,Tamil Nadu,604037,Local,924,Kavya Iyer
BR0423,Madurai Branch 423,Madurai,Tamil Nadu,801145,Local,335,Manoj Naidu
BR0424,Mumbai Branch 424,Mumbai,Maharashtra,817196,Regional,667,Ananya Verma
BR0425,Trichy Branch 425,Trichy,Tamil Nadu,853884,Local,697,Vivek Sharma
BR0426,Kolkata Branch 426,Kolkata,West Bengal,670871,Hub,564,Vivek Gupta
BR0427,Hyderabad Branch 427,Hyderabad,Telangana,820917,Hub,703,Arun Mishra
BR0428,Delhi Branch 428,Delhi,Delhi,881730,Regional,172,Ananya Reddy
BR0429,Jaipur Branch 429,Jaipur,Rajasthan,632682,Local,929,Divya Kapoor
BR0430,Chennai Branch 430,Chennai,Tamil Nadu,831269,Local,843,Priya Singh
BR0431,Pune Branch 431,Pune,Maharashtra,867626,Local,333,Manoj Rao
BR0432,Delhi Branch 432,Delhi,Delhi,669185,Local,518,Dinesh Das
BR0433,Kochi Branch 433,Kochi,Kerala,810294,Hub,522,Rohit Joshi
BR0434,Kochi Branch 434,Kochi,Kerala,828220,Local,124,Divya Mishra
BR0435,Kochi Branch 435,Kochi,Kerala,815734,Local,454,Swetha Sinha
BR0436,Pune Branch 436,Pune,Maharashtra,754609,Local,211,Meena Kapoor
BR0437,Ahmedabad Branch 437,Ahmedabad,Gujarat,736300,Hub,740,Arun Verma
BR0438,Kolkata Branch 438,Kolkata,West Bengal,859423,Regional,676,Rahul Kapoor
BR0439,Kochi Branch 439,Kochi,Kerala,614759,Hub,125,Kavya Sinha
BR0440,Mumbai Branch 440,Mumbai,Maharashtra,671048,Local,629,Kavya Nair
BR0441,Pune Branch 441,Pune,Maharashtra,708355,Hub,1031,Rahul Nair
BR0442,Mumbai Branch 442,Mumbai,Maharashtra,890415,Regional,1039,Ajay Gupta
BR0443,Ahmedabad Branch 443,Ahmedabad,Gujarat,771234,Regional,1153,Harini Kapoor
BR0444,Madurai Branch 444,Madurai,Tamil Nadu,644505,Hub,689,Manoj Pillai
BR0445,Bengaluru Branch 445,Bengaluru,Karnataka,750791,Regional,860,Sneha Reddy
BR0446,Chennai Branch 446,Chennai,Tamil Nadu,745749,Hub,263,Karthik Rao
BR0447,Vijayawada Branch 447,Vijayawada,Andhra Pradesh,887385,Local,434,Rohit Sinha
BR0448,Mumbai Branch 448,Mumbai,Maharashtra,854448,Regional,513,Arun Sinha
BR0449,Ahmedabad Branch 449,Ahmedabad,Gujarat,898618,Local,689,Swetha Verma
BR0450,Ahmedabad Branch 450,Ahmedabad,Gujarat,876240,Local,722,Arun Naidu
BR0451,Kochi Branch 451,Kochi,Kerala,803521,Hub,382,Nithya Mishra
BR0452,Vijayawada Branch 452,Vijayawada,Andhra Pradesh,793711,Regional,463,Pooja Reddy
BR0453,Vijayawada Branch 453,Vijayawada,Andhra Pradesh,600436,Local,353,Manoj Joshi
BR0454,Kochi Branch 454,Kochi,Kerala,643301,Local,1021,Dinesh Kapoor
BR0455,Kochi Branch 455,Kochi,Kerala,656249,Regional,270,Priya Menon
BR0456,Jaipur Branch 456,Jaipur,Rajasthan,683618,Local,302,Rohit Verma
BR0457,Delhi Branch 457,Delhi,Delhi,886623,Local,585,Divya Rao
BR0458,Trichy Branch 458,Trichy,Tamil Nadu,646419,Local,379,Suresh Kumar
BR0459,Jaipur Branch 459,Jaipur,Rajasthan,874348,Local,503,Suresh Naidu
BR0460,Jaipur Branch 460,Jaipur,Rajasthan,713489,Regional,1131,Priya Mishra
BR0461,Ahmedabad Branch 461,Ahmedabad,Gujarat,896331,Hub,897,Ananya Kapoor
BR0462,Vijayawada Branch 462,Vijayawada,Andhra Pradesh,614769,Local,117,Vivek Sharma
BR0463,Coimbatore Branch 463,Coimbatore,Tamil Nadu,804829,Hub,694,Pooja Singh
BR0464,Mumbai Branch 464,Mumbai,Maharashtra,824339,Regional,588,Priya Pillai
BR0465,Chennai Branch 465,Chennai,Tamil Nadu,649793,Local,531,Dinesh Naidu
BR0466,Ahmedabad Branch 466,Ahmedabad,Gujarat,885730,Local,287,Pooja Verma
BR0467,Madurai Branch 467,Madurai,Tamil Nadu,704723,Local,223,Rahul Kapoor
BR0468,Hyderabad Branch 468,Hyderabad,Telangana,670312,Hub,706,Vivek Nair
BR0469,Delhi Branch 469,Delhi,Delhi,661521,Local,221,Rohit Pillai
BR0470,Trichy Branch 470,Trichy,Tamil Nadu,864130,Hub,973,Harini Joshi
BR0471,Ahmedabad Branch 471,Ahmedabad,Gujarat,801425,Hub,1194,Karthik Bose
BR0472,Coimbatore Branch 472,Coimbatore,Tamil Nadu,677760,Local,1004,Meena Sharma
BR0473,Salem Branch 473,Salem,Tamil Nadu,683950,Local,203,Dinesh Reddy
BR0474,Pune Branch 474,Pune,Maharashtra,738278,Local,765,Swetha Sharma
BR0475,Salem Branch 475,Salem,Tamil Nadu,687037,Local,772,Arun Pillai
BR0476,Kolkata Branch 476,Kolkata,West Bengal,698475,Local,988,Meena Patel
BR0477,Salem Branch 477,Salem,Tamil Nadu,815464,Hub,1177,Meena Patel
BR0478,Ahmedabad Branch 478,Ahmedabad,Gujarat,812167,Local,551,Sneha Sharma
BR0479,Salem Branch 479,Salem,Tamil Nadu,656184,Regional,850,Rohit Das
BR0480,Trichy Branch 480,Trichy,Tamil Nadu,835352,Local,660,Arun Mehta
BR0481,Ahmedabad Branch 481,Ahmedabad,Gujarat,607770,Hub,979,Ajay Iyer
BR0482,Madurai Branch 482,Madurai,Tamil Nadu,608990,Regional,745,Karthik Rao
BR0483,Chennai Branch 483,Chennai,Tamil Nadu,725378,Local,900,Nithya Naidu
BR0484,Salem Branch 484,Salem,Tamil Nadu,744812,Regional,1078,Arun Patel
BR0485,Ahmedabad Branch 485,Ahmedabad,Gujarat,704324,Regional,245,Pooja Das
BR0486,Coimbatore Branch 486,Coimbatore,Tamil Nadu,678469,Regional,613,Karthik Gupta
BR0487,Bengaluru Branch 487,Bengaluru,Karnataka,829698,Hub,1188,Vivek Joshi
BR0488,Chennai Branch 488,Chennai,Tamil Nadu,861915,Local,935,Harini Reddy
BR0489,Mumbai Branch 489,Mumbai,Maharashtra,784120,Regional,1158,Vijay Singh
BR0490,Delhi Branch 490,Delhi,Delhi,642029,Local,427,Dinesh Pillai
BR0491,Vijayawada Branch 491,Vijayawada,Andhra Pradesh,787388,Local,527,Vijay Gupta
BR0492,Ahmedabad Branch 492,Ahmedabad,Gujarat,718021,Local,896,Swetha Menon
BR0493,Coimbatore Branch 493,Coimbatore,Tamil Nadu,643055,Local,433,Pooja Singh
BR0494,Vijayawada Branch 494,Vijayawada,Andhra Pradesh,739909,Local,725,Dinesh Iyer
BR0495,Chennai Branch 495,Chennai,Tamil Nadu,734917,Regional,496,Vivek Reddy
BR0496,Chennai Branch 496,Chennai,Tamil Nadu,872048,Local,633,Priya Menon
BR0497,Trichy Branch 497,Trichy,Tamil Nadu,643641,Regional,156,Harini Reddy
BR0498,Bengaluru Branch 498,Bengaluru,Karnataka,870639,Local,793,Dinesh Reddy
BR0499,Madurai Branch 499,Madurai,Tamil Nadu,679771,Regional,1125,Vivek Kumar
BR0500,Kochi Branch 500,Kochi,Kerala,850840,Hub,555,Divya Gupta
BR0501,Mumbai Branch 501,Mumbai,Maharashtra,754459,Local,924,Nithya Kumar
BR0502,Kolkata Branch 502,Kolkata,West Bengal,840193,Regional,217,Nithya Menon
BR0503,Hyderabad Branch 503,Hyderabad,Telangana,731408,Local,655,Manoj Gupta
BR0504,Salem Branch 504,Salem,Tamil Nadu,683799,Regional,664,Meena Pillai
BR0505,Chennai Branch 505,Chennai,Tamil Nadu,634621,Local,595,Kavya Patel
BR0506,Chennai Branch 506,Chennai,Tamil Nadu,604756,Regional,900,Swetha Nair
BR0507,Madurai Branch 507,Madurai,Tamil Nadu,769079,Hub,740,Suresh Sinha
BR0508,Ahmedabad Branch 508,Ahmedabad,Gujarat,607789,Hub,262,Manoj Bose
BR0509,Mumbai Branch 509,Mumbai,Maharashtra,626533,Hub,350,Rahul Joshi
BR0510,Jaipur Branch 510,Jaipur,Rajasthan,618910,Hub,743,Divya Iyer
BR0511,Salem Branch 511,Salem,Tamil Nadu,860188,Regional,428,Karthik Naidu
BR0512,Hyderabad Branch 512,Hyderabad,Telangana,600750,Regional,217,Dinesh Verma
BR0513,Pune Branch 513,Pune,Maharashtra,878194,Hub,468,Rohit Mehta
BR0514,Chennai Branch 514,Chennai,Tamil Nadu,729746,Regional,847,Meena Sinha
BR0515,Hyderabad Branch 515,Hyderabad,Telangana,865060,Regional,294,Arun Pillai
BR0516,Mumbai Branch 516,Mumbai,Maharashtra,737029,Local,705,Suresh Singh
BR0517,Jaipur Branch 517,Jaipur,Rajasthan,816337,Hub,823,Sneha Joshi
BR0518,Kochi Branch 518,Kochi,Kerala,739300,Local,237,Divya Nair
BR0519,Delhi Branch 519,Delhi,Delhi,678246,Local,1062,Vijay Iyer
BR0520,Madurai Branch 520,Madurai,Tamil Nadu,751006,Local,1198,Pooja Reddy
BR0521,Hyderabad Branch 521,Hyderabad,Telangana,818614,Hub,1138,Pooja Pillai
BR0522,Vijayawada Branch 522,Vijayawada,Andhra Pradesh,655878,Local,255,Sneha Das
BR0523,Mumbai Branch 523,Mumbai,Maharashtra,617818,Regional,975,Rahul Rao
BR0524,Pune Branch 524,Pune,Maharashtra,845249,Local,1158,Rohit Iyer
BR0525,Vijayawada Branch 525,Vijayawada,Andhra Pradesh,687426,Local,618,Dinesh Bose
BR0526,Coimbatore Branch 526,Coimbatore,Tamil Nadu,809316,Local,281,Pooja Sinha
BR0527,Madurai Branch 527,Madurai,Tamil Nadu,783736,Local,269,Kavya Bose
BR0528,Hyderabad Branch 528,Hyderabad,Telangana,655331,Local,596,Vijay Patel
BR0529,Hyderabad Branch 529,Hyderabad,Telangana,815935,Hub,1180,Karthik Kapoor
BR0530,Kolkata Branch 530,Kolkata,West Bengal,729525,Local,1103,Nithya Bose
BR0531,Madurai Branch 531,Madurai,Tamil Nadu,839299,Hub,1120,Arun Iyer
BR0532,Chennai Branch 532,Chennai,Tamil Nadu,624760,Local,812,Divya Sharma
BR0533,Chennai Branch 533,Chennai,Tamil Nadu,756820,Hub,1001,Karthik Reddy
BR0534,Ahmedabad Branch 534,Ahmedabad,Gujarat,767401,Regional,101,Meena Patel
BR0535,Kochi Branch 535,Kochi,Kerala,869938,Local,522,Sneha Naidu
BR0536,Bengaluru Branch 536,Bengaluru,Karnataka,747773,Regional,881,Priya Naidu
BR0537,Delhi Branch 537,Delhi,Delhi,709796,Local,852,Manoj Singh
BR0538,Hyderabad Branch 538,Hyderabad,Telangana,619348,Local,573,Rahul Mishra
BR0539,Vijayawada Branch 539,Vijayawada,Andhra Pradesh,824029,Local,245,Rahul Gupta
BR0540,Kochi Branch 540,Kochi,Kerala,884128,Regional,425,Meena Patel
BR0541,Coimbatore Branch 541,Coimbatore,Tamil Nadu,682597,Local,687,Rohit Bose
BR0542,Pune Branch 542,Pune,Maharashtra,699429,Local,329,Swetha Iyer
BR0543,Hyderabad Branch 543,Hyderabad,Telangana,830490,Regional,684,Vivek Bose
BR0544,Ahmedabad Branch 544,Ahmedabad,Gujarat,742213,Local,717,Swetha Reddy
BR0545,Coimbatore Branch 545,Coimbatore,Tamil Nadu,673304,Regional,835,Ananya Joshi
BR0546,Coimbatore Branch 546,Coimbatore,Tamil Nadu,686143,Hub,881,Arun Sharma
BR0547,Bengaluru Branch 547,Bengaluru,Karnataka,899627,Hub,1052,Vivek Singh
BR0548,Pune Branch 548,Pune,Maharashtra,791790,Local,780,Ajay Mishra
BR0549,Hyderabad Branch 549,Hyderabad,Telangana,804270,Hub,205,Vivek Das
BR0550,Kolkata Branch 550,Kolkata,West Bengal,707252,Hub,384,Rohit Iyer
BR0551,Bengaluru Branch 551,Bengaluru,Karnataka,841337,Regional,695,Rahul Nair
BR0552,Madurai Branch 552,Madurai,Tamil Nadu,719560,Regional,935,Divya Bose
BR0553,Bengaluru Branch 553,Bengaluru,Karnataka,828773,Local,625,Manoj Menon
BR0554,Salem Branch 554,Salem,Tamil Nadu,728613,Hub,976,Arun Naidu
BR0555,Bengaluru Branch 555,Bengaluru,Karnataka,731001,Hub,279,Swetha Sinha
BR0556,Delhi Branch 556,Delhi,Delhi,631019,Regional,1162,Harini Iyer
BR0557,Hyderabad Branch 557,Hyderabad,Telangana,725873,Local,938,Suresh Kumar
BR0558,Hyderabad Branch 558,Hyderabad,Telangana,861499,Local,611,Suresh Gupta
BR0559,Vijayawada Branch 559,Vijayawada,Andhra Pradesh,723372,Local,1129,Vijay Kapoor
BR0560,Trichy Branch 560,Trichy,Tamil Nadu,862828,Local,651,Swetha Das
BR0561,Bengaluru Branch 561,Bengaluru,Karnataka,765816,Regional,863,Vivek Patel
BR0562,Ahmedabad Branch 562,Ahmedabad,Gujarat,706214,Local,840,Pooja Kapoor
BR0563,Jaipur Branch 563,Jaipur,Rajasthan,833381,Local,1116,Kavya Sharma
BR0564,Pune Branch 564,Pune,Maharashtra,804006,Local,572,Harini Kapoor
BR0565,Kochi Branch 565,Kochi,Kerala,650183,Local,565,Ajay Naidu
BR0566,Salem Branch 566,Salem,Tamil Nadu,784576,Regional,401,Ajay Sinha
BR0567,Pune Branch 567,Pune,Maharashtra,706024,Regional,795,Pooja Menon
BR0568,Kolkata Branch 568,Kolkata,West Bengal,673962,Local,817,Karthik Sharma
BR0569,Coimbatore Branch 569,Coimbatore,Tamil Nadu,873257,Hub,1096,Ananya Singh
BR0570,Coimbatore Branch 570,Coimbatore,Tamil Nadu,666029,Hub,558,Arun Bose
BR0571,Kochi Branch 571,Kochi,Kerala,808083,Regional,189,Sneha Naidu
BR0572,Ahmedabad Branch 572,Ahmedabad,Gujarat,716703,Regional,215,Vijay Reddy
BR0573,Hyderabad Branch 573,Hyderabad,Telangana,656687,Regional,774,Karthik Iyer
BR0574,Delhi Branch 574,Delhi,Delhi,645285,Local,499,Arun Sharma
BR0575,Vijayawada Branch 575,Vijayawada,Andhra Pradesh,706841,Regional,209,Meena Sharma
BR0576,Kochi Branch 576,Kochi,Kerala,736959,Local,299,Harini Mishra
BR0577,Pune Branch 577,Pune,Maharashtra,673993,Regional,891,Karthik Menon
BR0578,Mumbai Branch 578,Mumbai,Maharashtra,791992,Regional,691,Divya Kumar
BR0579,Trichy Branch 579,Trichy,Tamil Nadu,629416,Regional,1086,Divya Bose
BR0580,Delhi Branch 580,Delhi,Delhi,749129,Local,862,Nithya Naidu
BR0581,Mumbai Branch 581,Mumbai,Maharashtra,685568,Regional,172,Meena Sinha
BR0582,Ahmedabad Branch 582,Ahmedabad,Gujarat,622773,Local,977,Priya Iyer
BR0583,Coimbatore Branch 583,Coimbatore,Tamil Nadu,641389,Local,816,Priya Kapoor
BR0584,Madurai Branch 584,Madurai,Tamil Nadu,652315,Regional,534,Rahul Rao
BR0585,Chennai Branch 585,Chennai,Tamil Nadu,826537,Hub,691,Suresh Bose
BR0586,Kochi Branch 586,Kochi,Kerala,674182,Hub,214,Nithya Mishra
BR0587,Chennai Branch 587,Chennai,Tamil Nadu,887069,Local,124,Harini Gupta
BR0588,Mumbai Branch 588,Mumbai,Maharashtra,648222,Local,276,Suresh Sinha
BR0589,Delhi Branch 589,Delhi,Delhi,836010,Local,392,Suresh Mishra
BR0590,Coimbatore Branch 590,Coimbatore,Tamil Nadu,776814,Regional,1126,Dinesh Sinha
BR0591,Vijayawada Branch 591,Vijayawada,Andhra Pradesh,681020,Local,414,Ananya Joshi
BR0592,Vijayawada Branch 592,Vijayawada,Andhra Pradesh,879110,Hub,793,Priya Naidu
BR0593,Kochi Branch 593,Kochi,Kerala,766503,Regional,650,Rohit Gupta
BR0594,Kochi Branch 594,Kochi,Kerala,818345,Local,162,Manoj Iyer
BR0595,Chennai Branch 595,Chennai,Tamil Nadu,762880,Regional,202,Rohit Bose
BR0596,Hyderabad Branch 596,Hyderabad,Telangana,615967,Local,258,Kavya Kumar
BR0597,Kochi Branch 597,Kochi,Kerala,604259,Regional,660,Manoj Mishra
BR0598,Mumbai Branch 598,Mumbai,Maharashtra,869068,Hub,833,Karthik Bose
BR0599,Trichy Branch 599,Trichy,Tamil Nadu,823536,Hub,458,Vivek Singh
BR0600,Bengaluru Branch 600,Bengaluru,Karnataka,708863,Local,799,Vivek Mehta
BR0601,Jaipur Branch 601,Jaipur,Rajasthan,625606,Local,864,Priya Das
BR0602,Madurai Branch 602,Madurai,Tamil Nadu,843546,Local,976,Sneha Nair
BR0603,Hyderabad Branch 603,Hyderabad,Telangana,632869,Local,589,Pooja Iyer
BR0604,Vijayawada Branch 604,Vijayawada,Andhra Pradesh,675112,Local,291,Swetha Kapoor
BR0605,Mumbai Branch 605,Mumbai,Maharashtra,646211,Regional,343,Suresh Sharma
BR0606,Vijayawada Branch 606,Vijayawada,Andhra Pradesh,856386,Hub,1093,Karthik Pillai
BR0607,Mumbai Branch 607,Mumbai,Maharashtra,618131,Local,1033,Rohit Sharma
BR0608,Chennai Branch 608,Chennai,Tamil Nadu,696551,Local,682,Ananya Pillai
BR0609,Pune Branch 609,Pune,Maharashtra,751948,Local,832,Divya Singh
BR0610,Pune Branch 610,Pune,Maharashtra,793981,Regional,880,Divya Nair
BR0611,Bengaluru Branch 611,Bengaluru,Karnataka,680164,Local,893,Ajay Iyer
BR0612,Vijayawada Branch 612,Vijayawada,Andhra Pradesh,624042,Regional,1102,Harini Sinha
BR0613,Chennai Branch 613,Chennai,Tamil Nadu,871625,Hub,1005,Dinesh Gupta
BR0614,Pune Branch 614,Pune,Maharashtra,654013,Local,832,Sneha Singh
BR0615,Pune Branch 615,Pune,Maharashtra,866315,Local,190,Rahul Kapoor
BR0616,Kolkata Branch 616,Kolkata,West Bengal,833525,Regional,667,Sneha Pillai
BR0617,Salem Branch 617,Salem,Tamil Nadu,632806,Local,487,Rahul Mehta
BR0618,Trichy Branch 618,Trichy,Tamil Nadu,775910,Regional,1119,Priya Bose
BR0619,Trichy Branch 619,Trichy,Tamil Nadu,774497,Regional,535,Manoj Gupta
BR0620,Bengaluru Branch 620,Bengaluru,Karnataka,604807,Local,1015,Ananya Verma
BR0621,Ahmedabad Branch 621,Ahmedabad,Gujarat,768684,Regional,146,Divya Patel
BR0622,Jaipur Branch 622,Jaipur,Rajasthan,722453,Local,1069,Suresh Joshi
BR0623,Kochi Branch 623,Kochi,Kerala,616663,Local,406,Rohit Pillai
BR0624,Ahmedabad Branch 624,Ahmedabad,Gujarat,649606,Local,213,Kavya Menon
BR0625,Coimbatore Branch 625,Coimbatore,Tamil Nadu,686624,Local,1181,Ananya Nair
BR0626,Pune Branch 626,Pune,Maharashtra,751921,Regional,143,Rohit Reddy
BR0627,Pune Branch 627,Pune,Maharashtra,780525,Hub,453,Karthik Mehta
BR0628,Vijayawada Branch 628,Vijayawada,Andhra Pradesh,707213,Local,1106,Ananya Sharma
BR0629,Madurai Branch 629,Madurai,Tamil Nadu,606043,Regional,1135,Manoj Nair
BR0630,Vijayawada Branch 630,Vijayawada,Andhra Pradesh,724256,Local,493,Suresh Kapoor
BR0631,Bengaluru Branch 631,Bengaluru,Karnataka,829571,Hub,816,Swetha Nair
BR0632,Trichy Branch 632,Trichy,Tamil Nadu,803002,Local,859,Swetha Naidu
BR0633,Vijayawada Branch 633,Vijayawada,Andhra Pradesh,850114,Regional,329,Nithya Das
BR0634,Salem Branch 634,Salem,Tamil Nadu,659324,Regional,455,Karthik Kumar
BR0635,Bengaluru Branch 635,Bengaluru,Karnataka,679298,Local,523,Sneha Singh
BR0636,Pune Branch 636,Pune,Maharashtra,745467,Regional,599,Pooja Pillai
BR0637,Chennai Branch 637,Chennai,Tamil Nadu,876028,Local,119,Swetha Sinha
BR0638,Salem Branch 638,Salem,Tamil Nadu,880086,Local,314,Divya Menon
BR0639,Pune Branch 639,Pune,Maharashtra,787754,Hub,843,Vijay Nair
BR0640,Pune Branch 640,Pune,Maharashtra,828270,Local,593,Manoj Reddy
BR0641,Coimbatore Branch 641,Coimbatore,Tamil Nadu,701429,Regional,217,Suresh Menon
BR0642,Delhi Branch 642,Delhi,Delhi,664049,Local,660,Karthik Nair
BR0643,Salem Branch 643,Salem,Tamil Nadu,787344,Local,362,Meena Joshi
BR0644,Delhi Branch 644,Delhi,Delhi,674226,Regional,435,Rahul Rao
BR0645,Pune Branch 645,Pune,Maharashtra,835675,Regional,621,Vijay Bose
BR0646,Pune Branch 646,Pune,Maharashtra,672683,Local,974,Suresh Sinha
BR0647,Coimbatore Branch 647,Coimbatore,Tamil Nadu,607915,Local,1116,Vivek Iyer
BR0648,Ahmedabad Branch 648,Ahmedabad,Gujarat,662954,Local,303,Divya Das
BR0649,Chennai Branch 649,Chennai,Tamil Nadu,815838,Hub,1083,Dinesh Iyer
BR0650,Madurai Branch 650,Madurai,Tamil Nadu,665130,Local,754,Ananya Kapoor
BR0651,Delhi Branch 651,Delhi,Delhi,877536,Regional,955,Swetha Verma
BR0652,Madurai Branch 652,Madurai,Tamil Nadu,690007,Local,315,Arun Das
BR0653,Bengaluru Branch 653,Bengaluru,Karnataka,718052,Hub,333,Rohit Joshi
BR0654,Hyderabad Branch 654,Hyderabad,Telangana,840138,Regional,501,Arun Reddy
BR0655,Chennai Branch 655,Chennai,Tamil Nadu,701691,Local,584,Arun Mishra
BR0656,Pune Branch 656,Pune,Maharashtra,891430,Regional,489,Vijay Joshi
BR0657,Bengaluru Branch 657,Bengaluru,Karnataka,694838,Local,272,Vijay Pillai
BR0658,Salem Branch 658,Salem,Tamil Nadu,725597,Local,892,Rahul Singh
BR0659,Chennai Branch 659,Chennai,Tamil Nadu,636107,Local,606,Rahul Kapoor
BR0660,Madurai Branch 660,Madurai,Tamil Nadu,722866,Regional,243,Kavya Mishra
BR0661,Salem Branch 661,Salem,Tamil Nadu,826726,Hub,346,Sneha Naidu
BR0662,Madurai Branch 662,Madurai,Tamil Nadu,788661,Local,640,Vijay Mehta
BR0663,Delhi Branch 663,Delhi,Delhi,721947,Regional,419,Dinesh Sinha
BR0664,Salem Branch 664,Salem,Tamil Nadu,716148,Regional,784,Kavya Sinha
BR0665,Salem Branch 665,Salem,Tamil Nadu,803393,Local,333,Vijay Joshi
BR0666,Coimbatore Branch 666,Coimbatore,Tamil Nadu,697769,Local,661,Ananya Sinha
BR0667,Jaipur Branch 667,Jaipur,Rajasthan,686030,Hub,597,Harini Rao
BR0668,Vijayawada Branch 668,Vijayawada,Andhra Pradesh,607043,Local,766,Priya Menon
BR0669,Salem Branch 669,Salem,Tamil Nadu,704734,Regional,711,Ajay Reddy
BR0670,Vijayawada Branch 670,Vijayawada,Andhra Pradesh,854623,Local,691,Harini Das
BR0671,Kochi Branch 671,Kochi,Kerala,666222,Regional,640,Ajay Singh
BR0672,Madurai Branch 672,Madurai,Tamil Nadu,834404,Regional,161,Dinesh Nair
BR0673,Vijayawada Branch 673,Vijayawada,Andhra Pradesh,651127,Local,1194,Vivek Iyer
BR0674,Pune Branch 674,Pune,Maharashtra,656747,Local,1043,Manoj Naidu
BR0675,Vijayawada Branch 675,Vijayawada,Andhra Pradesh,723892,Regional,744,Vijay Gupta
BR0676,Bengaluru Branch 676,Bengaluru,Karnataka,675113,Local,216,Ananya Mishra
BR0677,Vijayawada Branch 677,Vijayawada,Andhra Pradesh,834841,Regional,609,Ananya Singh
BR0678,Vijayawada Branch 678,Vijayawada,Andhra Pradesh,703420,Local,654,Priya Nair
BR0679,Mumbai Branch 679,Mumbai,Maharashtra,754866,Local,1088,Dinesh Kumar
BR0680,Hyderabad Branch 680,Hyderabad,Telangana,791543,Local,941,Kavya Naidu
BR0681,Trichy Branch 681,Trichy,Tamil Nadu,616951,Regional,649,Kavya Rao
BR0682,Kolkata Branch 682,Kolkata,West Bengal,628494,Regional,874,Karthik Kumar
BR0683,Trichy Branch 683,Trichy,Tamil Nadu,722584,Regional,436,Sneha Menon
BR0684,Trichy Branch 684,Trichy,Tamil Nadu,853058,Regional,283,Arun Sinha
BR0685,Trichy Branch 685,Trichy,Tamil Nadu,660915,Regional,1116,Rahul Gupta
BR0686,Coimbatore Branch 686,Coimbatore,Tamil Nadu,729660,Regional,379,Nithya Reddy
BR0687,Jaipur Branch 687,Jaipur,Rajasthan,849905,Local,902,Suresh Nair
BR0688,Pune Branch 688,Pune,Maharashtra,762112,Hub,1165,Divya Iyer
BR0689,Bengaluru Branch 689,Bengaluru,Karnataka,604349,Local,615,Swetha Pillai
BR0690,Kochi Branch 690,Kochi,Kerala,866071,Hub,1091,Swetha Patel
BR0691,Madurai Branch 691,Madurai,Tamil Nadu,755016,Local,218,Meena Pillai
BR0692,Ahmedabad Branch 692,Ahmedabad,Gujarat,693253,Local,891,Divya Das
BR0693,Chennai Branch 693,Chennai,Tamil Nadu,808314,Regional,938,Nithya Menon
BR0694,Pune Branch 694,Pune,Maharashtra,848638,Local,533,Ajay Menon
BR0695,Kochi Branch 695,Kochi,Kerala,601401,Local,767,Sneha Sinha
BR0696,Kochi Branch 696,Kochi,Kerala,731024,Hub,428,Pooja Sinha
BR0697,Hyderabad Branch 697,Hyderabad,Telangana,852091,Local,202,Harini Reddy
BR0698,Coimbatore Branch 698,Coimbatore,Tamil Nadu,606256,Hub,970,Rohit Bose
BR0699,Coimbatore Branch 699,Coimbatore,Tamil Nadu,728184,Hub,1168,Sneha Gupta
BR0700,Jaipur Branch 700,Jaipur,Rajasthan,899301,Local,444,Rahul Das
BR0701,Kochi Branch 701,Kochi,Kerala,641916,Hub,509,Arun Pillai
BR0702,Kochi Branch 702,Kochi,Kerala,692521,Hub,148,Vivek Naidu
BR0703,Chennai Branch 703,Chennai,Tamil Nadu,858550,Local,218,Meena Naidu
BR0704,Mumbai Branch 704,Mumbai,Maharashtra,763838,Local,951,Rohit Nair
BR0705,Kochi Branch 705,Kochi,Kerala,634589,Local,567,Nithya Sharma
BR0706,Vijayawada Branch 706,Vijayawada,Andhra Pradesh,624291,Local,146,Ajay Kapoor
BR0707,Trichy Branch 707,Trichy,Tamil Nadu,784969,Local,100,Ananya Nair
BR0708,Vijayawada Branch 708,Vijayawada,Andhra Pradesh,631700,Hub,260,Divya Bose
BR0709,Coimbatore Branch 709,Coimbatore,Tamil Nadu,714116,Local,723,Harini Rao
BR0710,Madurai Branch 710,Madurai,Tamil Nadu,857195,Regional,122,Suresh Mishra
BR0711,Madurai Branch 711,Madurai,Tamil Nadu,617764,Local,575,Ananya Naidu
BR0712,Bengaluru Branch 712,Bengaluru,Karnataka,793996,Local,864,Vivek Mishra
BR0713,Madurai Branch 713,Madurai,Tamil Nadu,689959,Local,598,Pooja Kapoor
BR0714,Coimbatore Branch 714,Coimbatore,Tamil Nadu,735420,Local,586,Rahul Reddy
BR0715,Salem Branch 715,Salem,Tamil Nadu,625608,Local,478,Ananya Kumar
BR0716,Ahmedabad Branch 716,Ahmedabad,Gujarat,629258,Local,874,Swetha Das
BR0717,Salem Branch 717,Salem,Tamil Nadu,814336,Local,988,Pooja Kapoor
BR0718,Jaipur Branch 718,Jaipur,Rajasthan,752727,Local,791,Pooja Pillai
BR0719,Ahmedabad Branch 719,Ahmedabad,Gujarat,813597,Hub,611,Priya Verma
BR0720,Madurai Branch 720,Madurai,Tamil Nadu,885048,Local,113,Ananya Gupta
BR0721,Madurai Branch 721,Madurai,Tamil Nadu,819576,Hub,343,Priya Reddy
BR0722,Hyderabad Branch 722,Hyderabad,Telangana,731664,Local,1127,Manoj Naidu
BR0723,Pune Branch 723,Pune,Maharashtra,624423,Hub,313,Rohit Iyer
BR0724,Vijayawada Branch 724,Vijayawada,Andhra Pradesh,663216,Local,148,Nithya Bose
BR0725,Jaipur Branch 725,Jaipur,Rajasthan,655316,Regional,977,Arun Kapoor
BR0726,Salem Branch 726,Salem,Tamil Nadu,685875,Hub,280,Rahul Menon
BR0727,Hyderabad Branch 727,Hyderabad,Telangana,647049,Local,771,Vivek Patel
BR0728,Delhi Branch 728,Delhi,Delhi,770620,Hub,969,Arun Joshi
BR0729,Trichy Branch 729,Trichy,Tamil Nadu,714504,Regional,316,Vivek Menon
BR0730,Jaipur Branch 730,Jaipur,Rajasthan,825705,Local,862,Rahul Sinha
BR0731,Pune Branch 731,Pune,Maharashtra,798885,Regional,724,Dinesh Iyer
BR0732,Bengaluru Branch 732,Bengaluru,Karnataka,627221,Local,289,Meena Bose
BR0733,Hyderabad Branch 733,Hyderabad,Telangana,792490,Local,101,Harini Sinha
BR0734,Kolkata Branch 734,Kolkata,West Bengal,837472,Local,559,Divya Joshi
BR0735,Trichy Branch 735,Trichy,Tamil Nadu,770917,Hub,731,Divya Joshi
BR0736,Trichy Branch 736,Trichy,Tamil Nadu,699182,Hub,856,Kavya Joshi
BR0737,Kochi Branch 737,Kochi,Kerala,683997,Local,883,Manoj Pillai
BR0738,Pune Branch 738,Pune,Maharashtra,647239,Regional,230,Rohit Kapoor
BR0739,Hyderabad Branch 739,Hyderabad,Telangana,851432,Regional,629,Ananya Verma
BR0740,Mumbai Branch 740,Mumbai,Maharashtra,731173,Regional,331,Ananya Joshi
BR0741,Delhi Branch 741,Delhi,Delhi,739640,Local,515,Rahul Iyer
BR0742,Coimbatore Branch 742,Coimbatore,Tamil Nadu,665428,Local,661,Ajay Mishra
BR0743,Kochi Branch 743,Kochi,Kerala,734455,Hub,276,Divya Gupta
BR0744,Kolkata Branch 744,Kolkata,West Bengal,660856,Regional,1195,Divya Verma
BR0745,Kochi Branch 745,Kochi,Kerala,840309,Local,224,Suresh Mehta
BR0746,Hyderabad Branch 746,Hyderabad,Telangana,803901,Hub,482,Ajay Singh
BR0747,Bengaluru Branch 747,Bengaluru,Karnataka,692065,Local,1128,Ajay Rao
BR0748,Hyderabad Branch 748,Hyderabad,Telangana,748502,Regional,284,Nithya Verma
BR0749,Pune Branch 749,Pune,Maharashtra,618482,Regional,183,Ajay Das
BR0750,Ahmedabad Branch 750,Ahmedabad,Gujarat,785046,Regional,1039,Vijay Gupta
BR0751,Kolkata Branch 751,Kolkata,West Bengal,819202,Regional,764,Harini Reddy
BR0752,Ahmedabad Branch 752,Ahmedabad,Gujarat,757663,Local,809,Karthik Pillai
BR0753,Coimbatore Branch 753,Coimbatore,Tamil Nadu,664642,Local,831,Vijay Rao
BR0754,Delhi Branch 754,Delhi,Delhi,700654,Local,1146,Harini Naidu
BR0755,Vijayawada Branch 755,Vijayawada,Andhra Pradesh,813376,Local,1083,Vijay Joshi
BR0756,Jaipur Branch 756,Jaipur,Rajasthan,892591,Hub,1005,Kavya Iyer
BR0757,Bengaluru Branch 757,Bengaluru,Karnataka,864730,Local,749,Karthik Patel
BR0758,Salem Branch 758,Salem,Tamil Nadu,813695,Local,1196,Ajay Gupta
BR0759,Bengaluru Branch 759,Bengaluru,Karnataka,733169,Hub,638,Meena Rao
BR0760,Trichy Branch 760,Trichy,Tamil Nadu,860687,Hub,262,Sneha Mishra
BR0761,Salem Branch 761,Salem,Tamil Nadu,715280,Regional,161,Meena Mehta
BR0762,Pune Branch 762,Pune,Maharashtra,800713,Hub,501,Priya Sharma
BR0763,Salem Branch 763,Salem,Tamil Nadu,856149,Local,362,Ananya Nair
BR0764,Ahmedabad Branch 764,Ahmedabad,Gujarat,650613,Local,298,Harini Singh
BR0765,Pune Branch 765,Pune,Maharashtra,829236,Local,877,Divya Mishra
BR0766,Chennai Branch 766,Chennai,Tamil Nadu,760041,Regional,126,Harini Patel
BR0767,Chennai Branch 767,Chennai,Tamil Nadu,639681,Regional,1104,Suresh Patel
BR0768,Madurai Branch 768,Madurai,Tamil Nadu,894751,Regional,1071,Vijay Bose
BR0769,Ahmedabad Branch 769,Ahmedabad,Gujarat,819840,Local,915,Suresh Kumar
BR0770,Vijayawada Branch 770,Vijayawada,Andhra Pradesh,885573,Regional,422,Rohit Iyer
BR0771,Kolkata Branch 771,Kolkata,West Bengal,863415,Regional,444,Harini Gupta
BR0772,Coimbatore Branch 772,Coimbatore,Tamil Nadu,852927,Local,938,Priya Menon
BR0773,Kochi Branch 773,Kochi,Kerala,633050,Regional,859,Vijay Mehta
BR0774,Jaipur Branch 774,Jaipur,Rajasthan,827542,Hub,110,Kavya Patel
BR0775,Pune Branch 775,Pune,Maharashtra,732902,Hub,534,Karthik Gupta
BR0776,Hyderabad Branch 776,Hyderabad,Telangana,723433,Regional,1155,Suresh Verma
BR0777,Jaipur Branch 777,Jaipur,Rajasthan,898652,Local,939,Vijay Menon
BR0778,Hyderabad Branch 778,Hyderabad,Telangana,737349,Regional,247,Kavya Mishra
BR0779,Kochi Branch 779,Kochi,Kerala,783189,Hub,368,Arun Mishra
BR0780,Hyderabad Branch 780,Hyderabad,Telangana,622001,Regional,814,Karthik Menon
BR0781,Chennai Branch 781,Chennai,Tamil Nadu,726348,Hub,335,Kavya Reddy
BR0782,Salem Branch 782,Salem,Tamil Nadu,811846,Local,742,Pooja Menon
BR0783,Salem Branch 783,Salem,Tamil Nadu,747357,Regional,1010,Harini Verma
BR0784,Hyderabad Branch 784,Hyderabad,Telangana,701112,Hub,863,Meena Menon
BR0785,Jaipur Branch 785,Jaipur,Rajasthan,602920,Local,351,Suresh Rao
BR0786,Bengaluru Branch 786,Bengaluru,Karnataka,757945,Regional,667,Rohit Verma
BR0787,Coimbatore Branch 787,Coimbatore,Tamil Nadu,802365,Local,991,Priya Mishra
BR0788,Trichy Branch 788,Trichy,Tamil Nadu,823641,Hub,860,Rohit Sinha
BR0789,Ahmedabad Branch 789,Ahmedabad,Gujarat,809205,Local,348,Ajay Bose
BR0790,Trichy Branch 790,Trichy,Tamil Nadu,619960,Local,913,Ajay Das
BR0791,Delhi Branch 791,Delhi,Delhi,881103,Local,472,Kavya Naidu
BR0792,Pune Branch 792,Pune,Maharashtra,800373,Local,275,Meena Sharma
BR0793,Chennai Branch 793,Chennai,Tamil Nadu,774280,Regional,964,Vivek Mehta
BR0794,Bengaluru Branch 794,Bengaluru,Karnataka,615151,Local,538,Sneha Patel
BR0795,Bengaluru Branch 795,Bengaluru,Karnataka,650251,Regional,153,Suresh Iyer
BR0796,Kolkata Branch 796,Kolkata,West Bengal,745344,Regional,420,Ajay Bose
BR0797,Vijayawada Branch 797,Vijayawada,Andhra Pradesh,875727,Hub,918,Meena Joshi
BR0798,Kochi Branch 798,Kochi,Kerala,809941,Regional,1027,Suresh Bose
BR0799,Kolkata Branch 799,Kolkata,West Bengal,796806,Local,847,Sneha Kumar
BR0800,Delhi Branch 800,Delhi,Delhi,859225,Regional,995,Divya Kapoor
BR0801,Ahmedabad Branch 801,Ahmedabad,Gujarat,724972,Local,503,Manoj Menon
BR0802,Coimbatore Branch 802,Coimbatore,Tamil Nadu,607099,Regional,446,Priya Naidu
BR0803,Mumbai Branch 803,Mumbai,Maharashtra,753586,Local,775,Sneha Sharma
BR0804,Madurai Branch 804,Madurai,Tamil Nadu,708065,Local,588,Swetha Mishra
BR0805,Coimbatore Branch 805,Coimbatore,Tamil Nadu,609063,Local,899,Sneha Verma
BR0806,Hyderabad Branch 806,Hyderabad,Telangana,666046,Local,458,Harini Das
BR0807,Hyderabad Branch 807,Hyderabad,Telangana,694504,Local,1180,Rahul Iyer
BR0808,Kochi Branch 808,Kochi,Kerala,762419,Hub,1041,Manoj Kapoor
BR0809,Kochi Branch 809,Kochi,Kerala,796454,Hub,477,Vijay Mishra
BR0810,Madurai Branch 810,Madurai,Tamil Nadu,637440,Local,1030,Harini Mishra
BR0811,Madurai Branch 811,Madurai,Tamil Nadu,736083,Local,178,Rohit Das
BR0812,Jaipur Branch 812,Jaipur,Rajasthan,863129,Regional,1069,Suresh Sinha
BR0813,Salem Branch 813,Salem,Tamil Nadu,895708,Regional,407,Rohit Sharma
BR0814,Pune Branch 814,Pune,Maharashtra,716080,Regional,1076,Priya Reddy
BR0815,Trichy Branch 815,Trichy,Tamil Nadu,705898,Regional,790,Sneha Gupta
BR0816,Ahmedabad Branch 816,Ahmedabad,Gujarat,730258,Local,322,Meena Joshi
BR0817,Ahmedabad Branch 817,Ahmedabad,Gujarat,818710,Regional,755,Dinesh Sharma
BR0818,Chennai Branch 818,Chennai,Tamil Nadu,881522,Local,263,Harini Mishra
BR0819,Hyderabad Branch 819,Hyderabad,Telangana,768412,Local,750,Arun Verma
BR0820,Salem Branch 820,Salem,Tamil Nadu,874736,Hub,411,Swetha Bose
BR0821,Pune Branch 821,Pune,Maharashtra,888953,Hub,269,Vijay Naidu
BR0822,Mumbai Branch 822,Mumbai,Maharashtra,871774,Regional,146,Nithya Gupta
BR0823,Mumbai Branch 823,Mumbai,Maharashtra,657746,Local,105,Manoj Pillai
BR0824,Chennai Branch 824,Chennai,Tamil Nadu,715566,Regional,1003,Pooja Mishra
BR0825,Vijayawada Branch 825,Vijayawada,Andhra Pradesh,619539,Hub,1194,Manoj Singh
BR0826,Delhi Branch 826,Delhi,Delhi,662786,Regional,856,Nithya Singh
BR0827,Kochi Branch 827,Kochi,Kerala,887627,Hub,1011,Rahul Singh
BR0828,Trichy Branch 828,Trichy,Tamil Nadu,817434,Regional,620,Sneha Singh
BR0829,Salem Branch 829,Salem,Tamil Nadu,601096,Regional,942,Karthik Nair
BR0830,Mumbai Branch 830,Mumbai,Maharashtra,644483,Hub,662,Swetha Verma
BR0831,Chennai Branch 831,Chennai,Tamil Nadu,896719,Local,426,Pooja Reddy
BR0832,Trichy Branch 832,Trichy,Tamil Nadu,720685,Regional,982,Vijay Menon
BR0833,Ahmedabad Branch 833,Ahmedabad,Gujarat,650829,Local,843,Manoj Patel
BR0834,Delhi Branch 834,Delhi,Delhi,673936,Local,1128,Rohit Menon
BR0835,Pune Branch 835,Pune,Maharashtra,662497,Local,1129,Meena Reddy
BR0836,Pune Branch 836,Pune,Maharashtra,605502,Hub,142,Ananya Gupta
BR0837,Bengaluru Branch 837,Bengaluru,Karnataka,724290,Regional,960,Harini Rao
BR0838,Chennai Branch 838,Chennai,Tamil Nadu,836653,Local,995,Kavya Menon
BR0839,Kolkata Branch 839,Kolkata,West Bengal,760733,Local,230,Sneha Joshi
BR0840,Pune Branch 840,Pune,Maharashtra,872400,Hub,1148,Vijay Singh
BR0841,Hyderabad Branch 841,Hyderabad,Telangana,787406,Hub,1007,Rahul Iyer
BR0842,Ahmedabad Branch 842,Ahmedabad,Gujarat,725671,Local,676,Swetha Patel
BR0843,Delhi Branch 843,Delhi,Delhi,886966,Hub,359,Vijay Rao
BR0844,Hyderabad Branch 844,Hyderabad,Telangana,730866,Local,535,Sneha Pillai
BR0845,Delhi Branch 845,Delhi,Delhi,689989,Local,482,Swetha Das
BR0846,Delhi Branch 846,Delhi,Delhi,651755,Regional,809,Kavya Reddy
BR0847,Ahmedabad Branch 847,Ahmedabad,Gujarat,752624,Local,627,Divya Pillai
BR0848,Madurai Branch 848,Madurai,Tamil Nadu,614016,Regional,814,Pooja Iyer
BR0849,Coimbatore Branch 849,Coimbatore,Tamil Nadu,685402,Local,969,Suresh Mehta
BR0850,Chennai Branch 850,Chennai,Tamil Nadu,860810,Regional,685,Ajay Kapoor
BR0851,Kolkata Branch 851,Kolkata,West Bengal,814470,Hub,674,Pooja Sinha
BR0852,Salem Branch 852,Salem,Tamil Nadu,733570,Local,240,Ajay Patel
BR0853,Madurai Branch 853,Madurai,Tamil Nadu,605851,Hub,324,Rahul Reddy
BR0854,Bengaluru Branch 854,Bengaluru,Karnataka,828151,Local,260,Vivek Naidu
BR0855,Madurai Branch 855,Madurai,Tamil Nadu,700866,Regional,1185,Rahul Patel
BR0856,Delhi Branch 856,Delhi,Delhi,815939,Hub,1034,Rahul Sinha
BR0857,Hyderabad Branch 857,Hyderabad,Telangana,825293,Regional,496,Divya Bose
BR0858,Coimbatore Branch 858,Coimbatore,Tamil Nadu,812897,Local,115,Rahul Gupta
BR0859,Kolkata Branch 859,Kolkata,West Bengal,859324,Regional,328,Pooja Sharma
BR0860,Kochi Branch 860,Kochi,Kerala,699220,Local,537,Arun Das
BR0861,Coimbatore Branch 861,Coimbatore,Tamil Nadu,691005,Hub,513,Kavya Naidu
BR0862,Coimbatore Branch 862,Coimbatore,Tamil Nadu,622756,Regional,1034,Swetha Sinha
BR0863,Kolkata Branch 863,Kolkata,West Bengal,869458,Local,708,Suresh Sinha
BR0864,Chennai Branch 864,Chennai,Tamil Nadu,727193,Hub,937,Sneha Kumar
BR0865,Jaipur Branch 865,Jaipur,Rajasthan,676525,Regional,751,Rohit Kapoor
BR0866,Trichy Branch 866,Trichy,Tamil Nadu,628966,Local,229,Pooja Iyer
BR0867,Vijayawada Branch 867,Vijayawada,Andhra Pradesh,881344,Local,1028,Dinesh Mehta
BR0868,Trichy Branch 868,Trichy,Tamil Nadu,818278,Local,754,Divya Naidu
BR0869,Trichy Branch 869,Trichy,Tamil Nadu,777295,Local,948,Swetha Verma
BR0870,Coimbatore Branch 870,Coimbatore,Tamil Nadu,617134,Local,791,Pooja Mishra
BR0871,Pune Branch 871,Pune,Maharashtra,883328,Local,577,Ananya Das
BR0872,Jaipur Branch 872,Jaipur,Rajasthan,705760,Local,1161,Kavya Gupta
BR0873,Bengaluru Branch 873,Bengaluru,Karnataka,619400,Local,1075,Ajay Das
BR0874,Bengaluru Branch 874,Bengaluru,Karnataka,742891,Hub,948,Swetha Joshi
BR0875,Bengaluru Branch 875,Bengaluru,Karnataka,641229,Local,618,Ananya Kumar
BR0876,Madurai Branch 876,Madurai,Tamil Nadu,799637,Local,1000,Meena Reddy
BR0877,Ahmedabad Branch 877,Ahmedabad,Gujarat,852209,Regional,164,Suresh Nair
BR0878,Pune Branch 878,Pune,Maharashtra,708632,Local,551,Meena Verma
BR0879,Hyderabad Branch 879,Hyderabad,Telangana,808008,Regional,952,Sneha Reddy
BR0880,Vijayawada Branch 880,Vijayawada,Andhra Pradesh,824156,Local,269,Ananya Sharma
BR0881,Delhi Branch 881,Delhi,Delhi,789139,Local,837,Karthik Nair
BR0882,Madurai Branch 882,Madurai,Tamil Nadu,715127,Hub,330,Priya Menon
BR0883,Salem Branch 883,Salem,Tamil Nadu,615370,Local,1061,Nithya Iyer
BR0884,Madurai Branch 884,Madurai,Tamil Nadu,878843,Hub,105,Harini Das
BR0885,Madurai Branch 885,Madurai,Tamil Nadu,715280,Regional,363,Harini Sinha
BR0886,Salem Branch 886,Salem,Tamil Nadu,777620,Regional,1030,Vijay Singh
BR0887,Trichy Branch 887,Trichy,Tamil Nadu,763440,Regional,152,Dinesh Gupta
BR0888,Ahmedabad Branch 888,Ahmedabad,Gujarat,776323,Local,118,Vijay Bose
BR0889,Salem Branch 889,Salem,Tamil Nadu,785758,Local,364,Rohit Reddy
BR0890,Mumbai Branch 890,Mumbai,Maharashtra,788273,Regional,905,Divya Kumar
BR0891,Pune Branch 891,Pune,Maharashtra,749366,Hub,259,Arun Iyer
BR0892,Kochi Branch 892,Kochi,Kerala,722716,Local,1146,Swetha Singh
BR0893,Ahmedabad Branch 893,Ahmedabad,Gujarat,743361,Local,1041,Pooja Kapoor
BR0894,Chennai Branch 894,Chennai,Tamil Nadu,859995,Local,484,Dinesh Nair
BR0895,Salem Branch 895,Salem,Tamil Nadu,803383,Hub,1130,Vivek Sinha
BR0896,Trichy Branch 896,Trichy,Tamil Nadu,894654,Local,974,Rohit Nair
BR0897,Delhi Branch 897,Delhi,Delhi,727266,Regional,979,Arun Joshi
BR0898,Bengaluru Branch 898,Bengaluru,Karnataka,792747,Regional,635,Ananya Sharma
BR0899,Kolkata Branch 899,Kolkata,West Bengal,625830,Local,229,Meena Iyer
BR0900,Vijayawada Branch 900,Vijayawada,Andhra Pradesh,860537,Regional,349,Rahul Iyer
BR0901,Mumbai Branch 901,Mumbai,Maharashtra,871126,Local,1013,Suresh Sinha
BR0902,Vijayawada Branch 902,Vijayawada,Andhra Pradesh,767394,Local,717,Harini Sharma
BR0903,Mumbai Branch 903,Mumbai,Maharashtra,761453,Regional,455,Pooja Sinha
BR0904,Madurai Branch 904,Madurai,Tamil Nadu,635349,Local,411,Sneha Pillai
BR0905,Jaipur Branch 905,Jaipur,Rajasthan,822716,Local,131,Kavya Singh
BR0906,Chennai Branch 906,Chennai,Tamil Nadu,895317,Hub,937,Kavya Gupta
BR0907,Delhi Branch 907,Delhi,Delhi,870289,Local,192,Rohit Kumar
BR0908,Bengaluru Branch 908,Bengaluru,Karnataka,881373,Local,990,Swetha Reddy
BR0909,Delhi Branch 909,Delhi,Delhi,667873,Regional,133,Kavya Patel
BR0910,Kolkata Branch 910,Kolkata,West Bengal,771687,Local,951,Arun Nair
BR0911,Hyderabad Branch 911,Hyderabad,Telangana,614014,Regional,1070,Swetha Verma
BR0912,Mumbai Branch 912,Mumbai,Maharashtra,761069,Regional,708,Harini Bose
BR0913,Bengaluru Branch 913,Bengaluru,Karnataka,630081,Local,607,Harini Nair
BR0914,Kolkata Branch 914,Kolkata,West Bengal,783819,Hub,412,Manoj Singh
BR0915,Madurai Branch 915,Madurai,Tamil Nadu,675254,Local,1043,Meena Reddy
BR0916,Pune Branch 916,Pune,Maharashtra,844694,Local,131,Priya Singh
BR0917,Salem Branch 917,Salem,Tamil Nadu,810169,Local,736,Swetha Kumar
BR0918,Pune Branch 918,Pune,Maharashtra,890411,Local,719,Arun Bose
BR0919,Madurai Branch 919,Madurai,Tamil Nadu,702346,Local,822,Ajay Mishra
BR0920,Coimbatore Branch 920,Coimbatore,Tamil Nadu,644123,Local,1099,Suresh Kapoor
BR0921,Chennai Branch 921,Chennai,Tamil Nadu,690865,Local,101,Divya Menon
BR0922,Bengaluru Branch 922,Bengaluru,Karnataka,731788,Local,1110,Pooja Nair
BR0923,Kolkata Branch 923,Kolkata,West Bengal,821132,Regional,1182,Vijay Menon
BR0924,Hyderabad Branch 924,Hyderabad,Telangana,638037,Local,195,Swetha Nair
BR0925,Delhi Branch 925,Delhi,Delhi,723355,Hub,604,Ananya Menon
BR0926,Chennai Branch 926,Chennai,Tamil Nadu,783046,Local,310,Swetha Sinha
BR0927,Coimbatore Branch 927,Coimbatore,Tamil Nadu,822836,Regional,882,Rahul Joshi
BR0928,Bengaluru Branch 928,Bengaluru,Karnataka,655304,Regional,1092,Nithya Mishra
BR0929,Chennai Branch 929,Chennai,Tamil Nadu,747106,Hub,1152,Arun Iyer
BR0930,Bengaluru Branch 930,Bengaluru,Karnataka,808561,Regional,211,Meena Mishra
BR0931,Coimbatore Branch 931,Coimbatore,Tamil Nadu,708584,Regional,402,Dinesh Nair
BR0932,Jaipur Branch 932,Jaipur,Rajasthan,717789,Local,796,Vivek Rao
BR0933,Trichy Branch 933,Trichy,Tamil Nadu,760683,Regional,960,Meena Das
BR0934,Ahmedabad Branch 934,Ahmedabad,Gujarat,819658,Local,354,Rohit Gupta
BR0935,Pune Branch 935,Pune,Maharashtra,642583,Hub,1026,Divya Sinha
BR0936,Kochi Branch 936,Kochi,Kerala,682006,Regional,441,Vijay Das
BR0937,Madurai Branch 937,Madurai,Tamil Nadu,715999,Local,855,Priya Sinha
BR0938,Kochi Branch 938,Kochi,Kerala,647648,Regional,357,Dinesh Sinha
BR0939,Hyderabad Branch 939,Hyderabad,Telangana,609133,Hub,1183,Harini Bose
BR0940,Coimbatore Branch 940,Coimbatore,Tamil Nadu,748493,Local,1081,Ananya Mehta
BR0941,Mumbai Branch 941,Mumbai,Maharashtra,683321,Hub,328,Sneha Verma
BR0942,Kolkata Branch 942,Kolkata,West Bengal,636249,Hub,531,Karthik Mishra
BR0943,Trichy Branch 943,Trichy,Tamil Nadu,653973,Regional,217,Kavya Kapoor
BR0944,Trichy Branch 944,Trichy,Tamil Nadu,660356,Hub,999,Priya Singh
BR0945,Coimbatore Branch 945,Coimbatore,Tamil Nadu,834090,Hub,125,Divya Menon
BR0946,Hyderabad Branch 946,Hyderabad,Telangana,857856,Local,439,Manoj Nair
BR0947,Hyderabad Branch 947,Hyderabad,Telangana,797333,Hub,270,Meena Mehta
BR0948,Chennai Branch 948,Chennai,Tamil Nadu,895100,Hub,631,Pooja Joshi
BR0949,Coimbatore Branch 949,Coimbatore,Tamil Nadu,819370,Local,448,Swetha Iyer
BR0950,Vijayawada Branch 950,Vijayawada,Andhra Pradesh,663349,Regional,476,Divya Nair
BR0951,Bengaluru Branch 951,Bengaluru,Karnataka,635541,Hub,250,Swetha Reddy
BR0952,Kolkata Branch 952,Kolkata,West Bengal,730189,Local,928,Ajay Rao
BR0953,Vijayawada Branch 953,Vijayawada,Andhra Pradesh,619324,Hub,329,Divya Verma
BR0954,Salem Branch 954,Salem,Tamil Nadu,797747,Regional,435,Meena Nair
BR0955,Kolkata Branch 955,Kolkata,West Bengal,869356,Local,374,Karthik Mehta
BR0956,Ahmedabad Branch 956,Ahmedabad,Gujarat,820633,Local,814,Vijay Menon
BR0957,Kolkata Branch 957,Kolkata,West Bengal,849141,Regional,997,Harini Pillai
BR0958,Mumbai Branch 958,Mumbai,Maharashtra,647004,Local,356,Ajay Mishra
BR0959,Kolkata Branch 959,Kolkata,West Bengal,847106,Hub,780,Manoj Nair
BR0960,Trichy Branch 960,Trichy,Tamil Nadu,894293,Regional,1131,Ananya Rao
BR0961,Vijayawada Branch 961,Vijayawada,Andhra Pradesh,715832,Regional,435,Dinesh Mishra
BR0962,Ahmedabad Branch 962,Ahmedabad,Gujarat,791799,Regional,1163,Rahul Singh
BR0963,Vijayawada Branch 963,Vijayawada,Andhra Pradesh,846402,Regional,1034,Priya Das
BR0964,Salem Branch 964,Salem,Tamil Nadu,666142,Local,1079,Priya Singh
BR0965,Vijayawada Branch 965,Vijayawada,Andhra Pradesh,746497,Local,986,Priya Singh
BR0966,Coimbatore Branch 966,Coimbatore,Tamil Nadu,683149,Local,429,Rohit Sharma
BR0967,Madurai Branch 967,Madurai,Tamil Nadu,633667,Hub,342,Harini Mehta
BR0968,Kolkata Branch 968,Kolkata,West Bengal,628859,Local,264,Arun Reddy
BR0969,Delhi Branch 969,Delhi,Delhi,627641,Local,1058,Pooja Singh
BR0970,Pune Branch 970,Pune,Maharashtra,848511,Hub,579,Vijay Iyer
BR0971,Vijayawada Branch 971,Vijayawada,Andhra Pradesh,616474,Regional,382,Rohit Iyer
BR0972,Trichy Branch 972,Trichy,Tamil Nadu,860853,Hub,1034,Priya Nair
BR0973,Vijayawada Branch 973,Vijayawada,Andhra Pradesh,781213,Regional,873,Vivek Das
BR0974,Trichy Branch 974,Trichy,Tamil Nadu,860508,Hub,308,Rahul Gupta
BR0975,Kolkata Branch 975,Kolkata,West Bengal,736636,Local,677,Meena Singh
BR0976,Trichy Branch 976,Trichy,Tamil Nadu,611404,Hub,580,Kavya Joshi
BR0977,Bengaluru Branch 977,Bengaluru,Karnataka,888210,Hub,1103,Karthik Naidu
BR0978,Pune Branch 978,Pune,Maharashtra,807970,Local,463,Pooja Menon
BR0979,Jaipur Branch 979,Jaipur,Rajasthan,867574,Local,522,Karthik Patel
BR0980,Coimbatore Branch 980,Coimbatore,Tamil Nadu,609283,Local,312,Priya Kumar
BR0981,Delhi Branch 981,Delhi,Delhi,655352,Regional,998,Pooja Joshi
BR0982,Delhi Branch 982,Delhi,Delhi,739415,Local,620,Rahul Mishra
BR0983,Chennai Branch 983,Chennai,Tamil Nadu,745726,Hub,1039,Swetha Gupta
BR0984,Bengaluru Branch 984,Bengaluru,Karnataka,795725,Regional,118,Dinesh Patel
BR0985,Hyderabad Branch 985,Hyderabad,Telangana,605435,Local,629,Harini Sharma
BR0986,Kolkata Branch 986,Kolkata,West Bengal,868605,Local,336,Sneha Singh
BR0987,Kochi Branch 987,Kochi,Kerala,815564,Regional,203,Ajay Das
BR0988,Trichy Branch 988,Trichy,Tamil Nadu,702206,Local,1036,Vivek Kumar
BR0989,Delhi Branch 989,Delhi,Delhi,627141,Local,336,Pooja Kapoor
BR0990,Pune Branch 990,Pune,Maharashtra,616214,Local,660,Vijay Joshi
BR0991,Madurai Branch 991,Madurai,Tamil Nadu,656690,Hub,696,Manoj Sharma
BR0992,Trichy Branch 992,Trichy,Tamil Nadu,890473,Local,137,Ajay Sharma
BR0993,Kolkata Branch 993,Kolkata,West Bengal,723547,Regional,1042,Suresh Pillai
BR0994,Madurai Branch 994,Madurai,Tamil Nadu,691277,Regional,490,Rohit Naidu
BR0995,Salem Branch 995,Salem,Tamil Nadu,663824,Regional,860,Ananya Mehta
BR0996,Salem Branch 996,Salem,Tamil Nadu,867098,Local,716,Vivek Nair
BR0997,Hyderabad Branch 997,Hyderabad,Telangana,870985,Local,516,Ajay Das
BR0998,Salem Branch 998,Salem,Tamil Nadu,711392,Regional,1084,Arun Rao
BR0999,Coimbatore Branch 999,Coimbatore,Tamil Nadu,805860,Local,1147,Swetha Mehta
BR1000,Kochi Branch 1000,Kochi,Kerala,684111,Hub,426,Manoj Das
BR1001,Madurai Branch 1001,Madurai,Tamil Nadu,858697,Hub,683,Rahul Gupta
BR1002,Bengaluru Branch 1002,Bengaluru,Karnataka,609720,Local,729,Priya Sharma
BR1003,Mumbai Branch 1003,Mumbai,Maharashtra,868294,Hub,498,Pooja Mehta
BR1004,Bengaluru Branch 1004,Bengaluru,Karnataka,825864,Hub,255,Rohit Kumar
BR1005,Jaipur Branch 1005,Jaipur,Rajasthan,787041,Local,376,Kavya Reddy
BR1006,Kolkata Branch 1006,Kolkata,West Bengal,732974,Local,1103,Suresh Reddy
BR1007,Ahmedabad Branch 1007,Ahmedabad,Gujarat,749860,Hub,1150,Harini Iyer
BR1008,Mumbai Branch 1008,Mumbai,Maharashtra,670692,Hub,1042,Ajay Kumar
BR1009,Ahmedabad Branch 1009,Ahmedabad,Gujarat,690637,Hub,736,Pooja Naidu
BR1010,Kochi Branch 1010,Kochi,Kerala,612203,Hub,973,Suresh Sharma
BR1011,Delhi Branch 1011,Delhi,Delhi,864166,Hub,1009,Arun Joshi
BR1012,Coimbatore Branch 1012,Coimbatore,Tamil Nadu,838907,Local,120,Manoj Mishra
BR1013,Vijayawada Branch 1013,Vijayawada,Andhra Pradesh,708655,Hub,206,Manoj Menon
BR1014,Ahmedabad Branch 1014,Ahmedabad,Gujarat,742452,Local,815,Manoj Joshi
BR1015,Jaipur Branch 1015,Jaipur,Rajasthan,722869,Local,639,Sneha Singh
BR1016,Delhi Branch 1016,Delhi,Delhi,818779,Local,1032,Ananya Mishra
BR1017,Mumbai Branch 1017,Mumbai,Maharashtra,609934,Hub,166,Ananya Iyer
BR1018,Delhi Branch 1018,Delhi,Delhi,891126,Local,735,Nithya Pillai
BR1019,Chennai Branch 1019,Chennai,Tamil Nadu,743454,Local,341,Divya Gupta
BR1020,Vijayawada Branch 1020,Vijayawada,Andhra Pradesh,738432,Regional,1105,Karthik Joshi
BR1021,Delhi Branch 1021,Delhi,Delhi,656098,Regional,495,Nithya Rao
BR1022,Salem Branch 1022,Salem,Tamil Nadu,754903,Regional,319,Vivek Das
BR1023,Vijayawada Branch 1023,Vijayawada,Andhra Pradesh,844272,Local,790,Priya Verma
BR1024,Vijayawada Branch 1024,Vijayawada,Andhra Pradesh,646135,Regional,518,Pooja Das
BR1025,Ahmedabad Branch 1025,Ahmedabad,Gujarat,776145,Local,458,Arun Mehta
BR1026,Trichy Branch 1026,Trichy,Tamil Nadu,691471,Local,600,Dinesh Kapoor
BR1027,Jaipur Branch 1027,Jaipur,Rajasthan,807934,Regional,1142,Ajay Pillai
BR1028,Salem Branch 1028,Salem,Tamil Nadu,896509,Local,880,Ajay Patel
BR1029,Coimbatore Branch 1029,Coimbatore,Tamil Nadu,823165,Hub,886,Pooja Rao
BR1030,Mumbai Branch 1030,Mumbai,Maharashtra,851207,Local,775,Dinesh Das
BR1031,Madurai Branch 1031,Madurai,Tamil Nadu,859200,Local,313,Divya Mishra
BR1032,Delhi Branch 1032,Delhi,Delhi,611764,Local,591,Dinesh Joshi
BR1033,Delhi Branch 1033,Delhi,Delhi,824244,Hub,321,Rahul Iyer
BR1034,Mumbai Branch 1034,Mumbai,Maharashtra,899267,Local,368,Divya Reddy
BR1035,Coimbatore Branch 1035,Coimbatore,Tamil Nadu,642608,Regional,842,Vijay Verma
BR1036,Pune Branch 1036,Pune,Maharashtra,805667,Regional,143,Sneha Das
BR1037,Kochi Branch 1037,Kochi,Kerala,829352,Regional,1075,Karthik Mishra
BR1038,Chennai Branch 1038,Chennai,Tamil Nadu,627034,Hub,260,Rohit Mehta
BR1039,Kolkata Branch 1039,Kolkata,West Bengal,713037,Regional,847,Dinesh Reddy
BR1040,Coimbatore Branch 1040,Coimbatore,Tamil Nadu,701091,Regional,407,Dinesh Sinha
BR1041,Delhi Branch 1041,Delhi,Delhi,660040,Regional,216,Arun Iyer
BR1042,Kolkata Branch 1042,Kolkata,West Bengal,795530,Local,438,Ajay Gupta
BR1043,Kochi Branch 1043,Kochi,Kerala,705250,Regional,987,Rohit Menon
BR1044,Kolkata Branch 1044,Kolkata,West Bengal,602760,Regional,766,Harini Naidu
BR1045,Mumbai Branch 1045,Mumbai,Maharashtra,808690,Regional,1053,Priya Das
BR1046,Ahmedabad Branch 1046,Ahmedabad,Gujarat,842779,Local,1039,Swetha Sinha
BR1047,Mumbai Branch 1047,Mumbai,Maharashtra,675450,Local,1128,Priya Pillai
BR1048,Ahmedabad Branch 1048,Ahmedabad,Gujarat,885041,Local,170,Manoj Pillai
BR1049,Kochi Branch 1049,Kochi,Kerala,870794,Local,203,Harini Pillai
BR1050,Vijayawada Branch 1050,Vijayawada,Andhra Pradesh,687233,Hub,155,Ajay Sinha
BR1051,Chennai Branch 1051,Chennai,Tamil Nadu,820438,Local,1118,Vivek Sinha
BR1052,Bengaluru Branch 1052,Bengaluru,Karnataka,639971,Regional,923,Dinesh Sinha
BR1053,Hyderabad Branch 1053,Hyderabad,Telangana,836165,Regional,595,Vivek Menon
BR1054,Pune Branch 1054,Pune,Maharashtra,650249,Local,133,Pooja Rao
BR1055,Vijayawada Branch 1055,Vijayawada,Andhra Pradesh,763150,Regional,152,Priya Joshi
BR1056,Trichy Branch 1056,Trichy,Tamil Nadu,892008,Local,1126,Arun Das
BR1057,Madurai Branch 1057,Madurai,Tamil Nadu,685332,Local,429,Sneha Naidu
BR1058,Pune Branch 1058,Pune,Maharashtra,797306,Hub,904,Dinesh Sharma
BR1059,Jaipur Branch 1059,Jaipur,Rajasthan,685976,Hub,248,Swetha Sinha
BR1060,Delhi Branch 1060,Delhi,Delhi,771072,Regional,232,Vivek Bose
BR1061,Ahmedabad Branch 1061,Ahmedabad,Gujarat,694304,Hub,358,Ajay Iyer
BR1062,Kolkata Branch 1062,Kolkata,West Bengal,644578,Hub,1089,Swetha Iyer
BR1063,Mumbai Branch 1063,Mumbai,Maharashtra,606595,Local,815,Pooja Reddy
BR1064,Coimbatore Branch 1064,Coimbatore,Tamil Nadu,606378,Local,1184,Karthik Kumar
BR1065,Salem Branch 1065,Salem,Tamil Nadu,851880,Local,1030,Divya Nair
BR1066,Delhi Branch 1066,Delhi,Delhi,879321,Local,771,Karthik Nair
BR1067,Salem Branch 1067,Salem,Tamil Nadu,757724,Hub,246,Arun Verma
BR1068,Chennai Branch 1068,Chennai,Tamil Nadu,726424,Local,941,Suresh Bose
BR1069,Delhi Branch 1069,Delhi,Delhi,863626,Hub,924,Arun Reddy
BR1070,Bengaluru Branch 1070,Bengaluru,Karnataka,608934,Regional,595,Vijay Verma
BR1071,Mumbai Branch 1071,Mumbai,Maharashtra,858952,Regional,722,Manoj Joshi
BR1072,Salem Branch 1072,Salem,Tamil Nadu,815026,Local,701,Vijay Pillai
BR1073,Mumbai Branch 1073,Mumbai,Maharashtra,699750,Hub,1043,Priya Sharma
BR1074,Trichy Branch 1074,Trichy,Tamil Nadu,657719,Hub,230,Harini Bose
BR1075,Jaipur Branch 1075,Jaipur,Rajasthan,605769,Local,822,Kavya Singh
BR1076,Trichy Branch 1076,Trichy,Tamil Nadu,600606,Local,864,Rohit Verma
BR1077,Pune Branch 1077,Pune,Maharashtra,651266,Regional,776,Priya Das
BR1078,Trichy Branch 1078,Trichy,Tamil Nadu,799185,Hub,671,Nithya Gupta
BR1079,Kochi Branch 1079,Kochi,Kerala,867885,Local,197,Divya Rao
BR1080,Bengaluru Branch 1080,Bengaluru,Karnataka,785735,Hub,653,Karthik Mishra
BR1081,Delhi Branch 1081,Delhi,Delhi,649430,Local,524,Karthik Menon
BR1082,Salem Branch 1082,Salem,Tamil Nadu,880586,Hub,684,Karthik Pillai
BR1083,Hyderabad Branch 1083,Hyderabad,Telangana,830541,Local,638,Swetha Joshi
BR1084,Madurai Branch 1084,Madurai,Tamil Nadu,710378,Local,273,Ananya Verma
BR1085,Vijayawada Branch 1085,Vijayawada,Andhra Pradesh,825308,Local,884,Harini Sinha
BR1086,Delhi Branch 1086,Delhi,Delhi,736379,Regional,861,Karthik Singh
BR1087,Hyderabad Branch 1087,Hyderabad,Telangana,681675,Hub,862,Divya Kapoor
BR1088,Hyderabad Branch 1088,Hyderabad,Telangana,678673,Local,1052,Swetha Reddy
BR1089,Pune Branch 1089,Pune,Maharashtra,698565,Regional,584,Rohit Verma
BR1090,Delhi Branch 1090,Delhi,Delhi,631813,Local,684,Rohit Pillai
BR1091,Mumbai Branch 1091,Mumbai,Maharashtra,628710,Local,881,Ajay Patel
BR1092,Kochi Branch 1092,Kochi,Kerala,714655,Regional,875,Rahul Naidu
BR1093,Pune Branch 1093,Pune,Maharashtra,849579,Local,943,Ajay Verma
BR1094,Hyderabad Branch 1094,Hyderabad,Telangana,883091,Regional,678,Sneha Sinha
BR1095,Trichy Branch 1095,Trichy,Tamil Nadu,622592,Local,870,Rohit Mehta
BR1096,Jaipur Branch 1096,Jaipur,Rajasthan,609396,Local,529,Kavya Mehta
BR1097,Mumbai Branch 1097,Mumbai,Maharashtra,615014,Local,231,Vivek Sharma
BR1098,Coimbatore Branch 1098,Coimbatore,Tamil Nadu,651165,Local,1052,Ananya Rao
BR1099,Coimbatore Branch 1099,Coimbatore,Tamil Nadu,655395,Local,486,Kavya Sharma
BR1100,Chennai Branch 1100,Chennai,Tamil Nadu,624880,Local,747,Ananya Verma
BR1101,Mumbai Branch 1101,Mumbai,Maharashtra,743293,Regional,713,Priya Reddy
BR1102,Bengaluru Branch 1102,Bengaluru,Karnataka,611811,Local,471,Karthik Sinha
BR1103,Mumbai Branch 1103,Mumbai,Maharashtra,662387,Hub,913,Vijay Menon
BR1104,Pune Branch 1104,Pune,Maharashtra,633935,Hub,386,Swetha Gupta
BR1105,Chennai Branch 1105,Chennai,Tamil Nadu,886413,Hub,646,Manoj Gupta
BR1106,Kochi Branch 1106,Kochi,Kerala,867993,Regional,1041,Vijay Reddy
BR1107,Pune Branch 1107,Pune,Maharashtra,641305,Local,251,Nithya Bose
BR1108,Kolkata Branch 1108,Kolkata,West Bengal,830120,Local,676,Nithya Kumar
BR1109,Pune Branch 1109,Pune,Maharashtra,855574,Local,320,Vijay Iyer
BR1110,Kolkata Branch 1110,Kolkata,West Bengal,687721,Hub,957,Divya Mishra
BR1111,Jaipur Branch 1111,Jaipur,Rajasthan,790339,Local,719,Divya Rao
BR1112,Madurai Branch 1112,Madurai,Tamil Nadu,764989,Regional,955,Harini Patel
BR1113,Jaipur Branch 1113,Jaipur,Rajasthan,856841,Hub,785,Meena Bose
BR1114,Coimbatore Branch 1114,Coimbatore,Tamil Nadu,713048,Local,866,Suresh Sharma
BR1115,Chennai Branch 1115,Chennai,Tamil Nadu,646316,Hub,157,Arun Menon
BR1116,Ahmedabad Branch 1116,Ahmedabad,Gujarat,844704,Regional,1149,Sneha Das
BR1117,Vijayawada Branch 1117,Vijayawada,Andhra Pradesh,801321,Regional,585,Sneha Sharma
BR1118,Trichy Branch 1118,Trichy,Tamil Nadu,617160,Local,341,Divya Patel
BR1119,Trichy Branch 1119,Trichy,Tamil Nadu,724550,Local,942,Kavya Reddy
BR1120,Bengaluru Branch 1120,Bengaluru,Karnataka,615881,Regional,320,Dinesh Nair
BR1121,Delhi Branch 1121,Delhi,Delhi,770048,Hub,812,Ajay Singh
BR1122,Pune Branch 1122,Pune,Maharashtra,872344,Hub,326,Nithya Singh
BR1123,Chennai Branch 1123,Chennai,Tamil Nadu,697970,Hub,668,Swetha Nair
BR1124,Ahmedabad Branch 1124,Ahmedabad,Gujarat,608799,Local,684,Ajay Patel
BR1125,Bengaluru Branch 1125,Bengaluru,Karnataka,628280,Local,866,Manoj Kumar
BR1126,Hyderabad Branch 1126,Hyderabad,Telangana,829806,Local,875,Suresh Naidu
BR1127,Trichy Branch 1127,Trichy,Tamil Nadu,660717,Local,702,Karthik Mishra
BR1128,Pune Branch 1128,Pune,Maharashtra,641965,Local,389,Karthik Gupta
BR1129,Kolkata Branch 1129,Kolkata,West Bengal,728246,Local,598,Dinesh Bose
BR1130,Delhi Branch 1130,Delhi,Delhi,798221,Local,851,Manoj Mishra
BR1131,Hyderabad Branch 1131,Hyderabad,Telangana,774395,Local,936,Vivek Sinha
BR1132,Delhi Branch 1132,Delhi,Delhi,823385,Regional,621,Kavya Joshi
BR1133,Mumbai Branch 1133,Mumbai,Maharashtra,790604,Regional,1145,Ananya Menon
BR1134,Hyderabad Branch 1134,Hyderabad,Telangana,757269,Local,1007,Rohit Verma
BR1135,Mumbai Branch 1135,Mumbai,Maharashtra,669848,Local,361,Ananya Reddy
BR1136,Salem Branch 1136,Salem,Tamil Nadu,686386,Local,209,Nithya Singh
BR1137,Coimbatore Branch 1137,Coimbatore,Tamil Nadu,795877,Local,600,Meena Iyer
BR1138,Chennai Branch 1138,Chennai,Tamil Nadu,618673,Local,1074,Karthik Nair
BR1139,Hyderabad Branch 1139,Hyderabad,Telangana,757207,Hub,112,Meena Kapoor
BR1140,Trichy Branch 1140,Trichy,Tamil Nadu,815085,Regional,162,Ajay Pillai
BR1141,Vijayawada Branch 1141,Vijayawada,Andhra Pradesh,886282,Local,1147,Vijay Bose
BR1142,Kochi Branch 1142,Kochi,Kerala,714595,Local,439,Sneha Singh
BR1143,Coimbatore Branch 1143,Coimbatore,Tamil Nadu,614209,Regional,1142,Sneha Bose
BR1144,Kochi Branch 1144,Kochi,Kerala,841193,Local,841,Dinesh Reddy
BR1145,Ahmedabad Branch 1145,Ahmedabad,Gujarat,815127,Regional,187,Suresh Mishra
BR1146,Trichy Branch 1146,Trichy,Tamil Nadu,787399,Regional,680,Vivek Kumar
BR1147,Madurai Branch 1147,Madurai,Tamil Nadu,622711,Regional,191,Ananya Nair
BR1148,Hyderabad Branch 1148,Hyderabad,Telangana,770382,Local,244,Meena Kumar
BR1149,Madurai Branch 1149,Madurai,Tamil Nadu,868388,Local,274,Nithya Reddy
BR1150,Trichy Branch 1150,Trichy,Tamil Nadu,649908,Regional,559,Nithya Naidu
BR1151,Vijayawada Branch 1151,Vijayawada,Andhra Pradesh,716968,Local,802,Sneha Kapoor
BR1152,Salem Branch 1152,Salem,Tamil Nadu,746779,Local,234,Harini Reddy
BR1153,Trichy Branch 1153,Trichy,Tamil Nadu,649392,Local,640,Suresh Gupta
BR1154,Mumbai Branch 1154,Mumbai,Maharashtra,766128,Local,336,Manoj Kapoor
BR1155,Kochi Branch 1155,Kochi,Kerala,717276,Local,871,Rohit Mishra
BR1156,Mumbai Branch 1156,Mumbai,Maharashtra,699614,Local,1164,Sneha Singh
BR1157,Jaipur Branch 1157,Jaipur,Rajasthan,819471,Regional,345,Karthik Menon
BR1158,Jaipur Branch 1158,Jaipur,Rajasthan,744950,Regional,927,Karthik Iyer
BR1159,Kochi Branch 1159,Kochi,Kerala,772757,Hub,558,Ananya Pillai
BR1160,Vijayawada Branch 1160,Vijayawada,Andhra Pradesh,889138,Local,1064,Ananya Pillai
BR1161,Jaipur Branch 1161,Jaipur,Rajasthan,755723,Hub,723,Karthik Reddy
BR1162,Kolkata Branch 1162,Kolkata,West Bengal,864615,Regional,303,Ananya Naidu
BR1163,Jaipur Branch 1163,Jaipur,Rajasthan,746243,Regional,157,Priya Pillai
BR1164,Delhi Branch 1164,Delhi,Delhi,686761,Regional,784,Harini Sharma
BR1165,Trichy Branch 1165,Trichy,Tamil Nadu,639183,Regional,688,Ajay Mishra
BR1166,Ahmedabad Branch 1166,Ahmedabad,Gujarat,776098,Local,147,Rohit Bose
BR1167,Vijayawada Branch 1167,Vijayawada,Andhra Pradesh,788548,Local,890,Rohit Mehta
BR1168,Hyderabad Branch 1168,Hyderabad,Telangana,822306,Local,644,Rahul Iyer
BR1169,Coimbatore Branch 1169,Coimbatore,Tamil Nadu,743462,Local,279,Kavya Iyer
BR1170,Kochi Branch 1170,Kochi,Kerala,820588,Local,127,Nithya Mehta
BR1171,Ahmedabad Branch 1171,Ahmedabad,Gujarat,855143,Regional,999,Vijay Joshi
BR1172,Ahmedabad Branch 1172,Ahmedabad,Gujarat,814121,Local,319,Vivek Mehta
BR1173,Pune Branch 1173,Pune,Maharashtra,843654,Regional,493,Meena Bose
BR1174,Bengaluru Branch 1174,Bengaluru,Karnataka,724453,Local,919,Pooja Mehta
BR1175,Trichy Branch 1175,Trichy,Tamil Nadu,784955,Hub,811,Karthik Gupta
BR1176,Ahmedabad Branch 1176,Ahmedabad,Gujarat,686940,Local,805,Nithya Verma
BR1177,Hyderabad Branch 1177,Hyderabad,Telangana,816330,Local,693,Rohit Nair
BR1178,Kolkata Branch 1178,Kolkata,West Bengal,726747,Local,165,Nithya Bose
BR1179,Trichy Branch 1179,Trichy,Tamil Nadu,602900,Hub,1145,Meena Iyer
BR1180,Madurai Branch 1180,Madurai,Tamil Nadu,782533,Local,371,Dinesh Nair
BR1181,Chennai Branch 1181,Chennai,Tamil Nadu,775565,Local,1172,Divya Menon
BR1182,Kochi Branch 1182,Kochi,Kerala,635517,Hub,674,Rahul Mishra
BR1183,Delhi Branch 1183,Delhi,Delhi,769345,Local,1035,Harini Patel
BR1184,Salem Branch 1184,Salem,Tamil Nadu,613587,Local,411,Vivek Menon
BR1185,Ahmedabad Branch 1185,Ahmedabad,Gujarat,611223,Local,975,Karthik Naidu
BR1186,Madurai Branch 1186,Madurai,Tamil Nadu,696128,Regional,944,Meena Mishra
BR1187,Kolkata Branch 1187,Kolkata,West Bengal,626288,Hub,1160,Divya Kapoor
BR1188,Hyderabad Branch 1188,Hyderabad,Telangana,858097,Regional,1007,Arun Reddy
BR1189,Kolkata Branch 1189,Kolkata,West Bengal,729909,Local,818,Vivek Iyer
BR1190,Kochi Branch 1190,Kochi,Kerala,824222,Local,453,Nithya Rao
BR1191,Bengaluru Branch 1191,Bengaluru,Karnataka,750858,Local,463,Sneha Kumar
BR1192,Trichy Branch 1192,Trichy,Tamil Nadu,702406,Local,685,Dinesh Pillai
BR1193,Bengaluru Branch 1193,Bengaluru,Karnataka,656908,Local,302,Priya Naidu
BR1194,Chennai Branch 1194,Chennai,Tamil Nadu,830604,Local,1044,Manoj Gupta
BR1195,Vijayawada Branch 1195,Vijayawada,Andhra Pradesh,811838,Hub,608,Swetha Mishra
BR1196,Hyderabad Branch 1196,Hyderabad,Telangana,857572,Regional,714,Dinesh Rao
BR1197,Chennai Branch 1197,Chennai,Tamil Nadu,846691,Local,274,Suresh Gupta
BR1198,Coimbatore Branch 1198,Coimbatore,Tamil Nadu,741593,Local,1045,Ananya Sinha
BR1199,Jaipur Branch 1199,Jaipur,Rajasthan,632433,Regional,1051,Kavya Rao
BR1200,Salem Branch 1200,Salem,Tamil Nadu,625655,Hub,464,Vijay Kumar
BR1201,Coimbatore Branch 1201,Coimbatore,Tamil Nadu,719977,Regional,1033,Rohit Nair
BR1202,Mumbai Branch 1202,Mumbai,Maharashtra,693497,Local,365,Arun Kapoor
BR1203,Vijayawada Branch 1203,Vijayawada,Andhra Pradesh,742814,Local,274,Manoj Patel
BR1204,Chennai Branch 1204,Chennai,Tamil Nadu,715527,Hub,1082,Arun Joshi
BR1205,Bengaluru Branch 1205,Bengaluru,Karnataka,827376,Hub,607,Harini Kapoor
BR1206,Bengaluru Branch 1206,Bengaluru,Karnataka,734760,Local,350,Kavya Mehta
BR1207,Bengaluru Branch 1207,Bengaluru,Karnataka,633795,Regional,618,Divya Pillai
BR1208,Madurai Branch 1208,Madurai,Tamil Nadu,824853,Hub,585,Manoj Sharma
BR1209,Kolkata Branch 1209,Kolkata,West Bengal,750292,Hub,296,Meena Kumar
BR1210,Madurai Branch 1210,Madurai,Tamil Nadu,852233,Regional,1102,Ajay Verma
BR1211,Trichy Branch 1211,Trichy,Tamil Nadu,610770,Local,1121,Vivek Menon
BR1212,Trichy Branch 1212,Trichy,Tamil Nadu,619553,Local,354,Priya Pillai
BR1213,Bengaluru Branch 1213,Bengaluru,Karnataka,651187,Local,967,Harini Menon
BR1214,Pune Branch 1214,Pune,Maharashtra,785410,Local,280,Priya Joshi
BR1215,Chennai Branch 1215,Chennai,Tamil Nadu,654303,Hub,248,Meena Mehta
BR1216,Bengaluru Branch 1216,Bengaluru,Karnataka,867222,Local,713,Pooja Pillai
BR1217,Mumbai Branch 1217,Mumbai,Maharashtra,748233,Local,648,Kavya Rao
BR1218,Trichy Branch 1218,Trichy,Tamil Nadu,624724,Regional,1172,Kavya Verma
BR1219,Vijayawada Branch 1219,Vijayawada,Andhra Pradesh,616020,Local,1162,Dinesh Mehta
BR1220,Chennai Branch 1220,Chennai,Tamil Nadu,641007,Regional,654,Pooja Menon
BR1221,Kochi Branch 1221,Kochi,Kerala,658612,Local,1121,Meena Kapoor
BR1222,Coimbatore Branch 1222,Coimbatore,Tamil Nadu,790035,Local,325,Priya Kapoor
BR1223,Vijayawada Branch 1223,Vijayawada,Andhra Pradesh,835876,Local,537,Arun Bose
BR1224,Delhi Branch 1224,Delhi,Delhi,729678,Local,131,Meena Pillai
BR1225,Ahmedabad Branch 1225,Ahmedabad,Gujarat,667201,Local,101,Vivek Reddy
BR1226,Ahmedabad Branch 1226,Ahmedabad,Gujarat,737669,Local,402,Manoj Joshi
BR1227,Vijayawada Branch 1227,Vijayawada,Andhra Pradesh,874377,Local,586,Arun Sinha
BR1228,Chennai Branch 1228,Chennai,Tamil Nadu,835697,Hub,710,Priya Patel
BR1229,Madurai Branch 1229,Madurai,Tamil Nadu,698190,Regional,489,Suresh Kumar
BR1230,Vijayawada Branch 1230,Vijayawada,Andhra Pradesh,618407,Hub,829,Sneha Bose
BR1231,Chennai Branch 1231,Chennai,Tamil Nadu,721898,Regional,833,Vivek Rao
BR1232,Salem Branch 1232,Salem,Tamil Nadu,820284,Regional,611,Kavya Menon
BR1233,Vijayawada Branch 1233,Vijayawada,Andhra Pradesh,871524,Local,909,Karthik Menon
BR1234,Mumbai Branch 1234,Mumbai,Maharashtra,865198,Local,1089,Karthik Reddy
BR1235,Pune Branch 1235,Pune,Maharashtra,691389,Local,683,Ajay Gupta
BR1236,Jaipur Branch 1236,Jaipur,Rajasthan,752311,Regional,749,Divya Iyer
BR1237,Salem Branch 1237,Salem,Tamil Nadu,619339,Local,839,Rahul Singh
BR1238,Madurai Branch 1238,Madurai,Tamil Nadu,795082,Local,602,Ananya Rao
BR1239,Jaipur Branch 1239,Jaipur,Rajasthan,608456,Regional,430,Arun Pillai
BR1240,Kochi Branch 1240,Kochi,Kerala,727743,Local,491,Ajay Iyer
BR1241,Vijayawada Branch 1241,Vijayawada,Andhra Pradesh,887950,Regional,868,Swetha Iyer
BR1242,Bengaluru Branch 1242,Bengaluru,Karnataka,777368,Local,808,Suresh Patel
BR1243,Vijayawada Branch 1243,Vijayawada,Andhra Pradesh,717705,Hub,550,Ananya Nair
BR1244,Kochi Branch 1244,Kochi,Kerala,686054,Local,382,Ananya Patel
BR1245,Madurai Branch 1245,Madurai,Tamil Nadu,621145,Local,464,Meena Kapoor
BR1246,Kochi Branch 1246,Kochi,Kerala,778150,Local,288,Suresh Sinha
BR1247,Ahmedabad Branch 1247,Ahmedabad,Gujarat,858270,Local,224,Arun Rao
BR1248,Chennai Branch 1248,Chennai,Tamil Nadu,761110,Local,1039,Manoj Verma
BR1249,Mumbai Branch 1249,Mumbai,Maharashtra,883394,Regional,586,Arun Nair
BR1250,Salem Branch 1250,Salem,Tamil Nadu,715161,Hub,1035,Nithya Rao
BR1251,Kolkata Branch 1251,Kolkata,West Bengal,893221,Regional,1006,Kavya Das
BR1252,Mumbai Branch 1252,Mumbai,Maharashtra,670211,Hub,976,Karthik Mishra
BR1253,Coimbatore Branch 1253,Coimbatore,Tamil Nadu,637099,Local,750,Priya Sharma
BR1254,Kolkata Branch 1254,Kolkata,West Bengal,844314,Local,713,Harini Mehta
BR1255,Delhi Branch 1255,Delhi,Delhi,651294,Regional,507,Meena Iyer
BR1256,Pune Branch 1256,Pune,Maharashtra,660231,Local,600,Arun Iyer
BR1257,Trichy Branch 1257,Trichy,Tamil Nadu,737405,Regional,907,Ananya Verma
BR1258,Hyderabad Branch 1258,Hyderabad,Telangana,665502,Hub,457,Nithya Gupta
BR1259,Coimbatore Branch 1259,Coimbatore,Tamil Nadu,620496,Local,372,Ananya Rao
BR1260,Mumbai Branch 1260,Mumbai,Maharashtra,624940,Regional,966,Rahul Patel
BR1261,Coimbatore Branch 1261,Coimbatore,Tamil Nadu,622702,Hub,609,Rahul Nair
BR1262,Chennai Branch 1262,Chennai,Tamil Nadu,857994,Local,1135,Arun Joshi
BR1263,Salem Branch 1263,Salem,Tamil Nadu,802108,Local,368,Ananya Verma
BR1264,Jaipur Branch 1264,Jaipur,Rajasthan,791264,Local,193,Divya Naidu
BR1265,Bengaluru Branch 1265,Bengaluru,Karnataka,760279,Regional,205,Sneha Menon
BR1266,Ahmedabad Branch 1266,Ahmedabad,Gujarat,754129,Regional,335,Ajay Patel
BR1267,Bengaluru Branch 1267,Bengaluru,Karnataka,643130,Local,159,Rohit Menon
BR1268,Kochi Branch 1268,Kochi,Kerala,735396,Local,795,Ajay Bose
BR1269,Delhi Branch 1269,Delhi,Delhi,845974,Local,1047,Divya Gupta
BR1270,Pune Branch 1270,Pune,Maharashtra,855265,Local,844,Priya Naidu
BR1271,Jaipur Branch 1271,Jaipur,Rajasthan,750677,Local,186,Priya Reddy
BR1272,Trichy Branch 1272,Trichy,Tamil Nadu,659800,Local,847,Pooja Bose
BR1273,Trichy Branch 1273,Trichy,Tamil Nadu,686548,Regional,748,Karthik Gupta
BR1274,Jaipur Branch 1274,Jaipur,Rajasthan,865585,Local,476,Pooja Reddy
BR1275,Kolkata Branch 1275,Kolkata,West Bengal,867297,Local,486,Vijay Rao
BR1276,Bengaluru Branch 1276,Bengaluru,Karnataka,724447,Regional,162,Rahul Das
BR1277,Madurai Branch 1277,Madurai,Tamil Nadu,629346,Local,329,Divya Mehta
BR1278,Bengaluru Branch 1278,Bengaluru,Karnataka,721706,Regional,474,Sneha Verma
BR1279,Chennai Branch 1279,Chennai,Tamil Nadu,871646,Local,337,Sneha Pillai
BR1280,Ahmedabad Branch 1280,Ahmedabad,Gujarat,833989,Regional,960,Suresh Menon
BR1281,Bengaluru Branch 1281,Bengaluru,Karnataka,752279,Local,346,Priya Reddy
BR1282,Salem Branch 1282,Salem,Tamil Nadu,725045,Regional,485,Dinesh Mehta
BR1283,Hyderabad Branch 1283,Hyderabad,Telangana,778943,Local,1161,Rohit Sharma
BR1284,Vijayawada Branch 1284,Vijayawada,Andhra Pradesh,768205,Regional,618,Ananya Rao
BR1285,Vijayawada Branch 1285,Vijayawada,Andhra Pradesh,647100,Local,459,Divya Singh
BR1286,Ahmedabad Branch 1286,Ahmedabad,Gujarat,780942,Hub,136,Arun Gupta
BR1287,Delhi Branch 1287,Delhi,Delhi,723601,Regional,508,Suresh Nair
BR1288,Kolkata Branch 1288,Kolkata,West Bengal,824419,Hub,943,Swetha Das
BR1289,Salem Branch 1289,Salem,Tamil Nadu,603858,Local,923,Vivek Menon
BR1290,Delhi Branch 1290,Delhi,Delhi,897100,Local,653,Nithya Sharma
BR1291,Chennai Branch 1291,Chennai,Tamil Nadu,807070,Local,1117,Meena Naidu
BR1292,Vijayawada Branch 1292,Vijayawada,Andhra Pradesh,862925,Hub,148,Vivek Kapoor
BR1293,Madurai Branch 1293,Madurai,Tamil Nadu,760636,Regional,1194,Priya Mehta
BR1294,Kochi Branch 1294,Kochi,Kerala,729612,Local,345,Rahul Singh
BR1295,Coimbatore Branch 1295,Coimbatore,Tamil Nadu,617014,Local,101,Vijay Verma
BR1296,Kochi Branch 1296,Kochi,Kerala,605665,Hub,1114,Dinesh Verma
BR1297,Bengaluru Branch 1297,Bengaluru,Karnataka,836998,Regional,934,Vijay Pillai
BR1298,Chennai Branch 1298,Chennai,Tamil Nadu,885763,Local,161,Swetha Naidu
BR1299,Kolkata Branch 1299,Kolkata,West Bengal,840646,Hub,979,Rahul Sharma
BR1300,Hyderabad Branch 1300,Hyderabad,Telangana,698084,Local,638,Suresh Mishra
BR1301,Hyderabad Branch 1301,Hyderabad,Telangana,676855,Local,441,Vijay Joshi
BR1302,Vijayawada Branch 1302,Vijayawada,Andhra Pradesh,815423,Regional,166,Divya Reddy
BR1303,Salem Branch 1303,Salem,Tamil Nadu,644103,Local,980,Kavya Nair
BR1304,Trichy Branch 1304,Trichy,Tamil Nadu,690592,Local,825,Suresh Das
BR1305,Madurai Branch 1305,Madurai,Tamil Nadu,879089,Regional,938,Rohit Singh
BR1306,Ahmedabad Branch 1306,Ahmedabad,Gujarat,664934,Regional,156,Vijay Singh
BR1307,Bengaluru Branch 1307,Bengaluru,Karnataka,793928,Local,292,Kavya Sinha
BR1308,Ahmedabad Branch 1308,Ahmedabad,Gujarat,876948,Hub,725,Vivek Das
BR1309,Jaipur Branch 1309,Jaipur,Rajasthan,807560,Local,202,Suresh Mishra
BR1310,Pune Branch 1310,Pune,Maharashtra,828174,Local,766,Karthik Bose
BR1311,Mumbai Branch 1311,Mumbai,Maharashtra,743481,Local,685,Divya Gupta
BR1312,Ahmedabad Branch 1312,Ahmedabad,Gujarat,634230,Regional,453,Arun Mehta
BR1313,Chennai Branch 1313,Chennai,Tamil Nadu,842415,Local,274,Karthik Sinha
BR1314,Delhi Branch 1314,Delhi,Delhi,891605,Local,113,Kavya Kapoor
BR1315,Delhi Branch 1315,Delhi,Delhi,629797,Regional,997,Vijay Reddy
BR1316,Salem Branch 1316,Salem,Tamil Nadu,606826,Hub,778,Priya Verma
BR1317,Chennai Branch 1317,Chennai,Tamil Nadu,640823,Regional,666,Suresh Singh
BR1318,Kolkata Branch 1318,Kolkata,West Bengal,778076,Local,1149,Karthik Iyer
BR1319,Delhi Branch 1319,Delhi,Delhi,843496,Local,143,Suresh Bose
BR1320,Ahmedabad Branch 1320,Ahmedabad,Gujarat,825933,Local,137,Meena Rao
BR1321,Ahmedabad Branch 1321,Ahmedabad,Gujarat,819780,Local,947,Sneha Joshi
BR1322,Mumbai Branch 1322,Mumbai,Maharashtra,639232,Local,623,Ananya Gupta
BR1323,Kolkata Branch 1323,Kolkata,West Bengal,875280,Hub,589,Suresh Bose
BR1324,Hyderabad Branch 1324,Hyderabad,Telangana,811642,Local,892,Harini Naidu
BR1325,Trichy Branch 1325,Trichy,Tamil Nadu,790295,Local,750,Sneha Mehta
BR1326,Salem Branch 1326,Salem,Tamil Nadu,629839,Local,757,Swetha Singh
BR1327,Delhi Branch 1327,Delhi,Delhi,655133,Local,438,Swetha Gupta
BR1328,Delhi Branch 1328,Delhi,Delhi,745764,Local,698,Kavya Menon
BR1329,Vijayawada Branch 1329,Vijayawada,Andhra Pradesh,709439,Local,975,Rahul Pillai
BR1330,Jaipur Branch 1330,Jaipur,Rajasthan,609807,Regional,876,Swetha Bose
BR1331,Trichy Branch 1331,Trichy,Tamil Nadu,893733,Local,855,Karthik Gupta
BR1332,Delhi Branch 1332,Delhi,Delhi,738595,Local,658,Meena Rao
BR1333,Vijayawada Branch 1333,Vijayawada,Andhra Pradesh,650215,Local,1045,Harini Sinha
BR1334,Hyderabad Branch 1334,Hyderabad,Telangana,697829,Local,419,Ajay Menon
BR1335,Vijayawada Branch 1335,Vijayawada,Andhra Pradesh,856425,Hub,402,Kavya Joshi
BR1336,Trichy Branch 1336,Trichy,Tamil Nadu,737007,Regional,1198,Vijay Verma
BR1337,Pune Branch 1337,Pune,Maharashtra,834799,Hub,404,Ananya Patel
BR1338,Jaipur Branch 1338,Jaipur,Rajasthan,690979,Regional,129,Nithya Patel
BR1339,Chennai Branch 1339,Chennai,Tamil Nadu,803863,Local,107,Priya Das
BR1340,Delhi Branch 1340,Delhi,Delhi,801465,Local,107,Karthik Sharma
BR1341,Kolkata Branch 1341,Kolkata,West Bengal,685450,Local,622,Swetha Mehta
BR1342,Pune Branch 1342,Pune,Maharashtra,783135,Hub,355,Nithya Verma
BR1343,Pune Branch 1343,Pune,Maharashtra,777559,Regional,332,Swetha Mehta
BR1344,Jaipur Branch 1344,Jaipur,Rajasthan,780828,Local,476,Pooja Menon
BR1345,Delhi Branch 1345,Delhi,Delhi,646509,Local,797,Ananya Sharma
BR1346,Kolkata Branch 1346,Kolkata,West Bengal,855695,Local,732,Vijay Mishra
BR1347,Mumbai Branch 1347,Mumbai,Maharashtra,775336,Local,778,Meena Das
BR1348,Kolkata Branch 1348,Kolkata,West Bengal,830196,Local,755,Arun Rao
BR1349,Vijayawada Branch 1349,Vijayawada,Andhra Pradesh,741736,Regional,938,Vijay Rao
BR1350,Vijayawada Branch 1350,Vijayawada,Andhra Pradesh,611663,Local,529,Rohit Sinha
BR1351,Pune Branch 1351,Pune,Maharashtra,680753,Regional,1145,Vijay Bose
BR1352,Kolkata Branch 1352,Kolkata,West Bengal,799621,Hub,610,Priya Singh
BR1353,Chennai Branch 1353,Chennai,Tamil Nadu,848716,Hub,112,Swetha Iyer
BR1354,Trichy Branch 1354,Trichy,Tamil Nadu,849209,Regional,1093,Divya Verma
BR1355,Kochi Branch 1355,Kochi,Kerala,704723,Hub,1024,Nithya Mehta
BR1356,Bengaluru Branch 1356,Bengaluru,Karnataka,756250,Local,1042,Kavya Sharma
BR1357,Bengaluru Branch 1357,Bengaluru,Karnataka,748766,Regional,1113,Ananya Gupta
BR1358,Vijayawada Branch 1358,Vijayawada,Andhra Pradesh,830748,Local,366,Kavya Naidu
BR1359,Kolkata Branch 1359,Kolkata,West Bengal,617397,Local,1174,Priya Menon
BR1360,Madurai Branch 1360,Madurai,Tamil Nadu,795316,Local,402,Meena Sharma
BR1361,Kolkata Branch 1361,Kolkata,West Bengal,888575,Local,103,Dinesh Kapoor
BR1362,Kochi Branch 1362,Kochi,Kerala,866190,Local,130,Ananya Sinha
BR1363,Delhi Branch 1363,Delhi,Delhi,798232,Regional,301,Harini Sinha
BR1364,Hyderabad Branch 1364,Hyderabad,Telangana,724020,Local,641,Nithya Kapoor
BR1365,Pune Branch 1365,Pune,Maharashtra,788857,Local,256,Ajay Pillai
BR1366,Trichy Branch 1366,Trichy,Tamil Nadu,879896,Local,1166,Vivek Kapoor
BR1367,Bengaluru Branch 1367,Bengaluru,Karnataka,862731,Local,505,Ananya Pillai
BR1368,Madurai Branch 1368,Madurai,Tamil Nadu,715067,Local,787,Nithya Nair
BR1369,Delhi Branch 1369,Delhi,Delhi,643402,Local,842,Manoj Rao
BR1370,Madurai Branch 1370,Madurai,Tamil Nadu,833323,Local,531,Ananya Sinha
BR1371,Madurai Branch 1371,Madurai,Tamil Nadu,718036,Local,1052,Ajay Pillai
BR1372,Kochi Branch 1372,Kochi,Kerala,858752,Regional,249,Ananya Sinha
BR1373,Kolkata Branch 1373,Kolkata,West Bengal,821142,Local,1022,Meena Nair
BR1374,Ahmedabad Branch 1374,Ahmedabad,Gujarat,690211,Local,418,Sneha Joshi
BR1375,Vijayawada Branch 1375,Vijayawada,Andhra Pradesh,615219,Regional,957,Swetha Rao
BR1376,Vijayawada Branch 1376,Vijayawada,Andhra Pradesh,741724,Local,586,Suresh Bose
BR1377,Pune Branch 1377,Pune,Maharashtra,723294,Hub,1076,Divya Iyer
BR1378,Mumbai Branch 1378,Mumbai,Maharashtra,659718,Regional,102,Vivek Sharma
BR1379,Chennai Branch 1379,Chennai,Tamil Nadu,659130,Regional,1035,Vijay Menon
BR1380,Vijayawada Branch 1380,Vijayawada,Andhra Pradesh,678247,Local,438,Dinesh Mishra
BR1381,Madurai Branch 1381,Madurai,Tamil Nadu,729675,Hub,1098,Ajay Mishra
BR1382,Delhi Branch 1382,Delhi,Delhi,662117,Hub,863,Ananya Nair
BR1383,Ahmedabad Branch 1383,Ahmedabad,Gujarat,710080,Local,1010,Swetha Reddy
BR1384,Vijayawada Branch 1384,Vijayawada,Andhra Pradesh,842380,Regional,406,Vivek Gupta
BR1385,Bengaluru Branch 1385,Bengaluru,Karnataka,843613,Regional,1000,Manoj Menon
BR1386,Kochi Branch 1386,Kochi,Kerala,680482,Local,123,Pooja Naidu
BR1387,Kolkata Branch 1387,Kolkata,West Bengal,747794,Regional,1125,Suresh Nair
BR1388,Kochi Branch 1388,Kochi,Kerala,800950,Local,1107,Nithya Kumar
BR1389,Delhi Branch 1389,Delhi,Delhi,619815,Regional,303,Manoj Joshi
BR1390,Jaipur Branch 1390,Jaipur,Rajasthan,848026,Local,136,Divya Naidu
BR1391,Mumbai Branch 1391,Mumbai,Maharashtra,892452,Local,729,Divya Mehta
BR1392,Delhi Branch 1392,Delhi,Delhi,866813,Local,1052,Vijay Gupta
BR1393,Jaipur Branch 1393,Jaipur,Rajasthan,628200,Regional,952,Nithya Menon
BR1394,Salem Branch 1394,Salem,Tamil Nadu,687611,Regional,733,Kavya Patel
BR1395,Delhi Branch 1395,Delhi,Delhi,850830,Local,843,Rohit Gupta
BR1396,Pune Branch 1396,Pune,Maharashtra,826221,Local,518,Rohit Kumar
BR1397,Chennai Branch 1397,Chennai,Tamil Nadu,695455,Local,984,Swetha Patel
BR1398,Hyderabad Branch 1398,Hyderabad,Telangana,813200,Regional,427,Nithya Singh
BR1399,Kolkata Branch 1399,Kolkata,West Bengal,830570,Local,1130,Vijay Menon
BR1400,Bengaluru Branch 1400,Bengaluru,Karnataka,794763,Regional,614,Vijay Patel
BR1401,Trichy Branch 1401,Trichy,Tamil Nadu,781414,Regional,103,Harini Rao
BR1402,Trichy Branch 1402,Trichy,Tamil Nadu,850425,Local,827,Kavya Sharma
BR1403,Chennai Branch 1403,Chennai,Tamil Nadu,689484,Local,875,Suresh Kumar
BR1404,Coimbatore Branch 1404,Coimbatore,Tamil Nadu,747882,Regional,144,Pooja Patel
BR1405,Kolkata Branch 1405,Kolkata,West Bengal,615807,Regional,304,Ajay Pillai
BR1406,Delhi Branch 1406,Delhi,Delhi,726458,Regional,1015,Arun Bose
BR1407,Trichy Branch 1407,Trichy,Tamil Nadu,605030,Local,349,Vivek Reddy
BR1408,Pune Branch 1408,Pune,Maharashtra,867209,Local,785,Vivek Kapoor
BR1409,Delhi Branch 1409,Delhi,Delhi,698873,Regional,1192,Swetha Mehta
BR1410,Chennai Branch 1410,Chennai,Tamil Nadu,649383,Local,390,Nithya Sinha
BR1411,Kochi Branch 1411,Kochi,Kerala,764835,Regional,754,Manoj Kumar
BR1412,Madurai Branch 1412,Madurai,Tamil Nadu,730292,Regional,431,Nithya Nair
BR1413,Vijayawada Branch 1413,Vijayawada,Andhra Pradesh,839225,Hub,529,Arun Patel
BR1414,Chennai Branch 1414,Chennai,Tamil Nadu,729946,Hub,859,Suresh Sinha
BR1415,Mumbai Branch 1415,Mumbai,Maharashtra,651778,Hub,839,Nithya Patel
BR1416,Vijayawada Branch 1416,Vijayawada,Andhra Pradesh,794584,Regional,477,Priya Kapoor
BR1417,Jaipur Branch 1417,Jaipur,Rajasthan,810894,Local,946,Vivek Nair
BR1418,Hyderabad Branch 1418,Hyderabad,Telangana,606042,Hub,305,Ajay Singh
BR1419,Mumbai Branch 1419,Mumbai,Maharashtra,895498,Hub,1145,Divya Sharma
BR1420,Chennai Branch 1420,Chennai,Tamil Nadu,600422,Hub,102,Ajay Singh
BR1421,Trichy Branch 1421,Trichy,Tamil Nadu,642274,Regional,898,Ajay Bose
BR1422,Mumbai Branch 1422,Mumbai,Maharashtra,683234,Hub,1136,Kavya Joshi
BR1423,Mumbai Branch 1423,Mumbai,Maharashtra,662483,Hub,613,Arun Patel
BR1424,Hyderabad Branch 1424,Hyderabad,Telangana,751299,Local,1073,Rahul Verma
BR1425,Coimbatore Branch 1425,Coimbatore,Tamil Nadu,745012,Local,874,Ananya Kumar
BR1426,Kolkata Branch 1426,Kolkata,West Bengal,885050,Local,896,Manoj Kapoor
BR1427,Madurai Branch 1427,Madurai,Tamil Nadu,675467,Local,999,Rohit Iyer
BR1428,Bengaluru Branch 1428,Bengaluru,Karnataka,765507,Local,955,Rahul Nair
BR1429,Trichy Branch 1429,Trichy,Tamil Nadu,727104,Local,1016,Rahul Iyer
BR1430,Hyderabad Branch 1430,Hyderabad,Telangana,869102,Local,784,Kavya Patel
BR1431,Delhi Branch 1431,Delhi,Delhi,663426,Local,1023,Arun Patel
BR1432,Bengaluru Branch 1432,Bengaluru,Karnataka,870851,Local,363,Pooja Sinha
BR1433,Jaipur Branch 1433,Jaipur,Rajasthan,792929,Hub,653,Rahul Iyer
BR1434,Kochi Branch 1434,Kochi,Kerala,888138,Regional,593,Vijay Rao
BR1435,Kochi Branch 1435,Kochi,Kerala,654325,Hub,544,Kavya Bose
BR1436,Bengaluru Branch 1436,Bengaluru,Karnataka,856678,Local,951,Rohit Sinha
BR1437,Trichy Branch 1437,Trichy,Tamil Nadu,839765,Regional,966,Suresh Mehta
BR1438,Bengaluru Branch 1438,Bengaluru,Karnataka,651167,Local,908,Arun Patel
BR1439,Kochi Branch 1439,Kochi,Kerala,613907,Regional,559,Vijay Kumar
BR1440,Bengaluru Branch 1440,Bengaluru,Karnataka,889636,Regional,771,Vivek Mehta
BR1441,Jaipur Branch 1441,Jaipur,Rajasthan,850579,Regional,834,Ananya Mishra
BR1442,Pune Branch 1442,Pune,Maharashtra,810286,Local,1060,Priya Singh
BR1443,Kochi Branch 1443,Kochi,Kerala,629536,Local,680,Vijay Nair
BR1444,Ahmedabad Branch 1444,Ahmedabad,Gujarat,789235,Regional,815,Ananya Das
BR1445,Chennai Branch 1445,Chennai,Tamil Nadu,831066,Local,307,Suresh Das
BR1446,Kolkata Branch 1446,Kolkata,West Bengal,769523,Regional,260,Ananya Gupta
BR1447,Chennai Branch 1447,Chennai,Tamil Nadu,806273,Local,765,Kavya Sharma
BR1448,Chennai Branch 1448,Chennai,Tamil Nadu,669795,Local,998,Vivek Mishra
BR1449,Pune Branch 1449,Pune,Maharashtra,661906,Local,188,Dinesh Mehta
BR1450,Kolkata Branch 1450,Kolkata,West Bengal,817600,Local,439,Pooja Iyer
BR1451,Hyderabad Branch 1451,Hyderabad,Telangana,871507,Regional,1170,Harini Kumar
BR1452,Kolkata Branch 1452,Kolkata,West Bengal,745328,Hub,270,Meena Nair
BR1453,Madurai Branch 1453,Madurai,Tamil Nadu,840796,Local,516,Meena Bose
BR1454,Salem Branch 1454,Salem,Tamil Nadu,889283,Hub,616,Vijay Naidu
BR1455,Mumbai Branch 1455,Mumbai,Maharashtra,742848,Regional,871,Sneha Verma
BR1456,Vijayawada Branch 1456,Vijayawada,Andhra Pradesh,726221,Hub,669,Sneha Menon
BR1457,Pune Branch 1457,Pune,Maharashtra,606951,Regional,535,Meena Joshi
BR1458,Ahmedabad Branch 1458,Ahmedabad,Gujarat,712920,Local,299,Dinesh Mehta
BR1459,Coimbatore Branch 1459,Coimbatore,Tamil Nadu,659869,Regional,533,Pooja Singh
BR1460,Madurai Branch 1460,Madurai,Tamil Nadu,855095,Local,478,Harini Patel
BR1461,Pune Branch 1461,Pune,Maharashtra,611827,Local,929,Vijay Joshi
BR1462,Kochi Branch 1462,Kochi,Kerala,784794,Local,989,Nithya Rao
BR1463,Pune Branch 1463,Pune,Maharashtra,712852,Regional,915,Rohit Das
BR1464,Bengaluru Branch 1464,Bengaluru,Karnataka,801432,Hub,276,Meena Kapoor
BR1465,Madurai Branch 1465,Madurai,Tamil Nadu,829964,Local,893,Swetha Verma
BR1466,Jaipur Branch 1466,Jaipur,Rajasthan,616367,Local,989,Ajay Bose
BR1467,Delhi Branch 1467,Delhi,Delhi,714380,Local,986,Rahul Rao
BR1468,Pune Branch 1468,Pune,Maharashtra,846950,Regional,509,Pooja Mehta
BR1469,Pune Branch 1469,Pune,Maharashtra,803524,Local,797,Pooja Menon
BR1470,Mumbai Branch 1470,Mumbai,Maharashtra,874641,Local,105,Swetha Sharma
BR1471,Chennai Branch 1471,Chennai,Tamil Nadu,632805,Local,1173,Nithya Iyer
BR1472,Delhi Branch 1472,Delhi,Delhi,871494,Local,916,Sneha Kapoor
BR1473,Chennai Branch 1473,Chennai,Tamil Nadu,664136,Local,541,Arun Pillai
BR1474,Trichy Branch 1474,Trichy,Tamil Nadu,885844,Local,145,Rahul Naidu
BR1475,Bengaluru Branch 1475,Bengaluru,Karnataka,757069,Hub,316,Swetha Pillai
BR1476,Kolkata Branch 1476,Kolkata,West Bengal,857276,Local,445,Swetha Kumar
BR1477,Jaipur Branch 1477,Jaipur,Rajasthan,870843,Local,707,Nithya Mehta
BR1478,Chennai Branch 1478,Chennai,Tamil Nadu,626191,Hub,124,Harini Das
BR1479,Coimbatore Branch 1479,Coimbatore,Tamil Nadu,645886,Regional,1186,Divya Mehta
BR1480,Coimbatore Branch 1480,Coimbatore,Tamil Nadu,863117,Local,438,Arun Nair
BR1481,Kolkata Branch 1481,Kolkata,West Bengal,810287,Local,421,Nithya Reddy
BR1482,Kolkata Branch 1482,Kolkata,West Bengal,821634,Local,262,Manoj Mishra
BR1483,Chennai Branch 1483,Chennai,Tamil Nadu,678458,Local,435,Karthik Pillai
BR1484,Jaipur Branch 1484,Jaipur,Rajasthan,698516,Hub,563,Divya Bose
BR1485,Hyderabad Branch 1485,Hyderabad,Telangana,632007,Local,506,Meena Rao
BR1486,Madurai Branch 1486,Madurai,Tamil Nadu,655573,Local,436,Dinesh Sharma
BR1487,Pune Branch 1487,Pune,Maharashtra,691177,Regional,196,Divya Gupta
BR1488,Pune Branch 1488,Pune,Maharashtra,617831,Hub,904,Ananya Sinha
BR1489,Kolkata Branch 1489,Kolkata,West Bengal,717705,Hub,455,Swetha Sharma
BR1490,Salem Branch 1490,Salem,Tamil Nadu,814525,Hub,1186,Vijay Mishra
BR1491,Trichy Branch 1491,Trichy,Tamil Nadu,783178,Local,539,Ajay Das
BR1492,Coimbatore Branch 1492,Coimbatore,Tamil Nadu,664031,Hub,418,Suresh Das
BR1493,Delhi Branch 1493,Delhi,Delhi,864552,Regional,886,Vivek Reddy
BR1494,Pune Branch 1494,Pune,Maharashtra,865450,Regional,1016,Manoj Gupta
BR1495,Chennai Branch 1495,Chennai,Tamil Nadu,631654,Local,182,Karthik Sharma
BR1496,Trichy Branch 1496,Trichy,Tamil Nadu,886594,Hub,204,Rahul Sinha
BR1497,Trichy Branch 1497,Trichy,Tamil Nadu,765197,Hub,278,Harini Mishra
BR1498,Trichy Branch 1498,Trichy,Tamil Nadu,827997,Regional,867,Rohit Das
BR1499,Jaipur Branch 1499,Jaipur,Rajasthan,837036,Regional,437,Swetha Verma
BR1500,Madurai Branch 1500,Madurai,Tamil Nadu,749710,Regional,305,Kavya Menon
BR1501,Delhi Branch 1501,Delhi,Delhi,677726,Local,309,Rohit Sharma
BR1502,Hyderabad Branch 1502,Hyderabad,Telangana,879651,Hub,840,Suresh Menon
BR1503,Kochi Branch 1503,Kochi,Kerala,819510,Hub,959,Divya Iyer
BR1504,Kochi Branch 1504,Kochi,Kerala,748966,Regional,733,Vijay Rao
BR1505,Trichy Branch 1505,Trichy,Tamil Nadu,810834,Local,452,Suresh Verma
BR1506,Vijayawada Branch 1506,Vijayawada,Andhra Pradesh,827720,Hub,746,Vijay Reddy
BR1507,Kochi Branch 1507,Kochi,Kerala,633762,Local,702,Arun Bose
BR1508,Kolkata Branch 1508,Kolkata,West Bengal,711972,Local,260,Nithya Mishra
BR1509,Mumbai Branch 1509,Mumbai,Maharashtra,811699,Regional,1007,Ajay Verma
BR1510,Jaipur Branch 1510,Jaipur,Rajasthan,754186,Local,242,Karthik Reddy
BR1511,Hyderabad Branch 1511,Hyderabad,Telangana,676090,Local,1101,Rohit Bose
BR1512,Kochi Branch 1512,Kochi,Kerala,671065,Local,765,Rohit Mishra
BR1513,Kolkata Branch 1513,Kolkata,West Bengal,690888,Local,912,Rohit Singh
BR1514,Delhi Branch 1514,Delhi,Delhi,808251,Local,745,Rohit Das
BR1515,Ahmedabad Branch 1515,Ahmedabad,Gujarat,660087,Hub,198,Nithya Iyer
BR1516,Salem Branch 1516,Salem,Tamil Nadu,647615,Local,315,Pooja Menon
BR1517,Mumbai Branch 1517,Mumbai,Maharashtra,760666,Local,837,Rahul Rao
BR1518,Ahmedabad Branch 1518,Ahmedabad,Gujarat,899033,Regional,537,Rahul Naidu
BR1519,Trichy Branch 1519,Trichy,Tamil Nadu,610569,Local,571,Dinesh Kumar
BR1520,Coimbatore Branch 1520,Coimbatore,Tamil Nadu,822746,Hub,502,Dinesh Pillai
BR1521,Bengaluru Branch 1521,Bengaluru,Karnataka,734092,Local,112,Dinesh Nair
BR1522,Delhi Branch 1522,Delhi,Delhi,834074,Local,412,Arun Bose
BR1523,Hyderabad Branch 1523,Hyderabad,Telangana,865089,Local,334,Divya Verma
BR1524,Vijayawada Branch 1524,Vijayawada,Andhra Pradesh,887262,Local,342,Sneha Menon
BR1525,Coimbatore Branch 1525,Coimbatore,Tamil Nadu,790990,Local,440,Nithya Iyer
BR1526,Salem Branch 1526,Salem,Tamil Nadu,863298,Regional,284,Ananya Mishra
BR1527,Coimbatore Branch 1527,Coimbatore,Tamil Nadu,828483,Local,785,Manoj Kumar
BR1528,Salem Branch 1528,Salem,Tamil Nadu,642707,Hub,879,Manoj Kapoor
BR1529,Salem Branch 1529,Salem,Tamil Nadu,683093,Regional,420,Rohit Bose
BR1530,Chennai Branch 1530,Chennai,Tamil Nadu,794541,Local,226,Rahul Menon
BR1531,Bengaluru Branch 1531,Bengaluru,Karnataka,658644,Regional,999,Manoj Bose
BR1532,Mumbai Branch 1532,Mumbai,Maharashtra,751189,Hub,1072,Arun Naidu
BR1533,Chennai Branch 1533,Chennai,Tamil Nadu,636036,Local,314,Vivek Nair
BR1534,Hyderabad Branch 1534,Hyderabad,Telangana,686425,Regional,639,Divya Singh
BR1535,Mumbai Branch 1535,Mumbai,Maharashtra,891699,Regional,1173,Kavya Sharma
BR1536,Trichy Branch 1536,Trichy,Tamil Nadu,851516,Local,367,Karthik Reddy
BR1537,Hyderabad Branch 1537,Hyderabad,Telangana,601223,Local,182,Priya Nair
BR1538,Pune Branch 1538,Pune,Maharashtra,735713,Regional,343,Priya Singh
BR1539,Salem Branch 1539,Salem,Tamil Nadu,780826,Local,324,Pooja Reddy
BR1540,Kochi Branch 1540,Kochi,Kerala,611087,Local,1089,Meena Mishra
BR1541,Trichy Branch 1541,Trichy,Tamil Nadu,880340,Local,210,Rahul Mishra
BR1542,Kolkata Branch 1542,Kolkata,West Bengal,835207,Local,489,Suresh Gupta
BR1543,Coimbatore Branch 1543,Coimbatore,Tamil Nadu,609965,Hub,423,Suresh Singh
BR1544,Coimbatore Branch 1544,Coimbatore,Tamil Nadu,812993,Regional,687,Vijay Reddy
BR1545,Salem Branch 1545,Salem,Tamil Nadu,784869,Local,122,Nithya Nair
BR1546,Bengaluru Branch 1546,Bengaluru,Karnataka,646024,Regional,255,Sneha Mishra
BR1547,Chennai Branch 1547,Chennai,Tamil Nadu,696847,Local,831,Pooja Singh
BR1548,Jaipur Branch 1548,Jaipur,Rajasthan,713686,Regional,197,Swetha Nair
BR1549,Ahmedabad Branch 1549,Ahmedabad,Gujarat,679627,Local,403,Dinesh Mishra
BR1550,Delhi Branch 1550,Delhi,Delhi,670728,Hub,261,Vivek Reddy
BR1551,Chennai Branch 1551,Chennai,Tamil Nadu,702921,Regional,703,Meena Patel
BR1552,Delhi Branch 1552,Delhi,Delhi,887629,Local,773,Ajay Naidu
BR1553,Jaipur Branch 1553,Jaipur,Rajasthan,634755,Local,1180,Swetha Patel
BR1554,Kolkata Branch 1554,Kolkata,West Bengal,855790,Local,844,Rahul Mehta
BR1555,Madurai Branch 1555,Madurai,Tamil Nadu,759290,Hub,640,Karthik Sharma
BR1556,Trichy Branch 1556,Trichy,Tamil Nadu,642783,Local,957,Vijay Rao
BR1557,Vijayawada Branch 1557,Vijayawada,Andhra Pradesh,822516,Local,735,Rahul Das
BR1558,Trichy Branch 1558,Trichy,Tamil Nadu,645307,Hub,535,Ananya Patel
BR1559,Chennai Branch 1559,Chennai,Tamil Nadu,839195,Regional,453,Swetha Pillai
BR1560,Kolkata Branch 1560,Kolkata,West Bengal,748684,Local,960,Suresh Iyer
BR1561,Mumbai Branch 1561,Mumbai,Maharashtra,864200,Regional,769,Pooja Naidu
BR1562,Madurai Branch 1562,Madurai,Tamil Nadu,777897,Local,442,Ananya Gupta
BR1563,Salem Branch 1563,Salem,Tamil Nadu,665298,Regional,960,Kavya Iyer
BR1564,Mumbai Branch 1564,Mumbai,Maharashtra,700875,Local,183,Meena Menon
BR1565,Bengaluru Branch 1565,Bengaluru,Karnataka,784706,Regional,948,Dinesh Iyer
BR1566,Chennai Branch 1566,Chennai,Tamil Nadu,673013,Local,509,Vijay Singh
BR1567,Kolkata Branch 1567,Kolkata,West Bengal,657038,Regional,1162,Ananya Sharma
BR1568,Kochi Branch 1568,Kochi,Kerala,621495,Regional,132,Rahul Singh
BR1569,Kolkata Branch 1569,Kolkata,West Bengal,795811,Regional,888,Divya Rao
BR1570,Hyderabad Branch 1570,Hyderabad,Telangana,708388,Hub,483,Divya Verma
BR1571,Pune Branch 1571,Pune,Maharashtra,801740,Hub,314,Meena Iyer
BR1572,Trichy Branch 1572,Trichy,Tamil Nadu,748730,Regional,957,Vijay Pillai
BR1573,Kochi Branch 1573,Kochi,Kerala,705849,Hub,496,Harini Patel
BR1574,Ahmedabad Branch 1574,Ahmedabad,Gujarat,669247,Hub,925,Priya Pillai
BR1575,Kochi Branch 1575,Kochi,Kerala,722917,Local,783,Ajay Verma
BR1576,Kolkata Branch 1576,Kolkata,West Bengal,635848,Regional,306,Nithya Verma
BR1577,Coimbatore Branch 1577,Coimbatore,Tamil Nadu,811109,Regional,670,Vivek Joshi
BR1578,Ahmedabad Branch 1578,Ahmedabad,Gujarat,792632,Regional,528,Rahul Pillai
BR1579,Kochi Branch 1579,Kochi,Kerala,726689,Local,651,Harini Sinha
BR1580,Madurai Branch 1580,Madurai,Tamil Nadu,831796,Local,181,Sneha Pillai
BR1581,Trichy Branch 1581,Trichy,Tamil Nadu,716969,Regional,212,Kavya Sharma
BR1582,Trichy Branch 1582,Trichy,Tamil Nadu,690850,Regional,700,Vijay Mehta
BR1583,Chennai Branch 1583,Chennai,Tamil Nadu,810340,Local,571,Ajay Joshi
BR1584,Madurai Branch 1584,Madurai,Tamil Nadu,702852,Local,315,Ananya Bose
BR1585,Delhi Branch 1585,Delhi,Delhi,679120,Local,369,Divya Patel
BR1586,Delhi Branch 1586,Delhi,Delhi,793822,Hub,1000,Harini Sharma
BR1587,Ahmedabad Branch 1587,Ahmedabad,Gujarat,822247,Local,915,Rahul Gupta
BR1588,Kolkata Branch 1588,Kolkata,West Bengal,826860,Hub,924,Suresh Menon
BR1589,Madurai Branch 1589,Madurai,Tamil Nadu,764212,Local,671,Suresh Mehta
BR1590,Kolkata Branch 1590,Kolkata,West Bengal,840165,Regional,436,Karthik Kumar
BR1591,Kolkata Branch 1591,Kolkata,West Bengal,654528,Regional,857,Harini Pillai
BR1592,Salem Branch 1592,Salem,Tamil Nadu,782748,Local,398,Karthik Singh
BR1593,Kochi Branch 1593,Kochi,Kerala,819347,Local,693,Rahul Kapoor
BR1594,Hyderabad Branch 1594,Hyderabad,Telangana,736723,Local,958,Rahul Kapoor
BR1595,Trichy Branch 1595,Trichy,Tamil Nadu,778788,Hub,163,Meena Patel
BR1596,Madurai Branch 1596,Madurai,Tamil Nadu,863563,Local,869,Vijay Kapoor
BR1597,Mumbai Branch 1597,Mumbai,Maharashtra,665171,Local,729,Dinesh Menon
BR1598,Delhi Branch 1598,Delhi,Delhi,809477,Hub,931,Rohit Gupta
BR1599,Jaipur Branch 1599,Jaipur,Rajasthan,767042,Regional,427,Arun Kapoor
BR1600,Kolkata Branch 1600,Kolkata,West Bengal,851929,Local,952,Ajay Singh
BR1601,Kochi Branch 1601,Kochi,Kerala,625203,Regional,635,Meena Singh
BR1602,Jaipur Branch 1602,Jaipur,Rajasthan,646353,Local,713,Divya Mehta
BR1603,Kochi Branch 1603,Kochi,Kerala,866452,Local,517,Priya Nair
BR1604,Madurai Branch 1604,Madurai,Tamil Nadu,815954,Local,411,Rahul Gupta
BR1605,Jaipur Branch 1605,Jaipur,Rajasthan,831023,Local,469,Swetha Reddy
BR1606,Jaipur Branch 1606,Jaipur,Rajasthan,684556,Regional,104,Harini Mishra
BR1607,Trichy Branch 1607,Trichy,Tamil Nadu,667880,Regional,208,Ajay Sharma
BR1608,Kochi Branch 1608,Kochi,Kerala,804793,Regional,282,Pooja Das
BR1609,Hyderabad Branch 1609,Hyderabad,Telangana,658354,Hub,939,Vivek Joshi
BR1610,Ahmedabad Branch 1610,Ahmedabad,Gujarat,729451,Regional,663,Arun Sharma
BR1611,Salem Branch 1611,Salem,Tamil Nadu,812138,Local,743,Ananya Joshi
BR1612,Bengaluru Branch 1612,Bengaluru,Karnataka,884527,Local,283,Kavya Verma
BR1613,Bengaluru Branch 1613,Bengaluru,Karnataka,718429,Local,569,Arun Reddy
BR1614,Bengaluru Branch 1614,Bengaluru,Karnataka,670513,Hub,277,Suresh Bose
BR1615,Madurai Branch 1615,Madurai,Tamil Nadu,786294,Local,385,Priya Patel
BR1616,Coimbatore Branch 1616,Coimbatore,Tamil Nadu,720787,Local,222,Suresh Rao
BR1617,Madurai Branch 1617,Madurai,Tamil Nadu,750341,Regional,187,Karthik Singh
BR1618,Madurai Branch 1618,Madurai,Tamil Nadu,831986,Regional,636,Meena Kumar
BR1619,Chennai Branch 1619,Chennai,Tamil Nadu,715413,Local,641,Ajay Singh
BR1620,Trichy Branch 1620,Trichy,Tamil Nadu,815404,Regional,778,Ajay Gupta
BR1621,Trichy Branch 1621,Trichy,Tamil Nadu,773348,Local,991,Vivek Joshi
BR1622,Vijayawada Branch 1622,Vijayawada,Andhra Pradesh,883377,Local,519,Ananya Reddy
BR1623,Madurai Branch 1623,Madurai,Tamil Nadu,740819,Regional,791,Priya Sharma
BR1624,Chennai Branch 1624,Chennai,Tamil Nadu,797034,Regional,616,Sneha Patel
BR1625,Pune Branch 1625,Pune,Maharashtra,738170,Hub,813,Harini Gupta
BR1626,Mumbai Branch 1626,Mumbai,Maharashtra,630409,Local,753,Vivek Rao
BR1627,Coimbatore Branch 1627,Coimbatore,Tamil Nadu,738571,Local,1015,Karthik Pillai
BR1628,Pune Branch 1628,Pune,Maharashtra,804142,Local,199,Meena Gupta
BR1629,Kochi Branch 1629,Kochi,Kerala,728082,Local,1111,Priya Mishra
BR1630,Madurai Branch 1630,Madurai,Tamil Nadu,717536,Local,268,Pooja Rao
BR1631,Chennai Branch 1631,Chennai,Tamil Nadu,736940,Regional,424,Pooja Kumar
BR1632,Coimbatore Branch 1632,Coimbatore,Tamil Nadu,612141,Local,869,Priya Nair
BR1633,Delhi Branch 1633,Delhi,Delhi,867483,Local,1007,Kavya Sinha
BR1634,Chennai Branch 1634,Chennai,Tamil Nadu,768661,Regional,127,Sneha Sharma
BR1635,Jaipur Branch 1635,Jaipur,Rajasthan,879243,Local,143,Nithya Bose
BR1636,Bengaluru Branch 1636,Bengaluru,Karnataka,769772,Local,752,Meena Iyer
BR1637,Mumbai Branch 1637,Mumbai,Maharashtra,744626,Hub,910,Pooja Nair
BR1638,Vijayawada Branch 1638,Vijayawada,Andhra Pradesh,879731,Local,410,Vivek Joshi
BR1639,Ahmedabad Branch 1639,Ahmedabad,Gujarat,813084,Local,931,Manoj Sinha
BR1640,Pune Branch 1640,Pune,Maharashtra,847284,Local,396,Swetha Mehta
BR1641,Ahmedabad Branch 1641,Ahmedabad,Gujarat,646586,Regional,1167,Rahul Verma
BR1642,Chennai Branch 1642,Chennai,Tamil Nadu,662064,Local,110,Sneha Verma
BR1643,Trichy Branch 1643,Trichy,Tamil Nadu,751436,Hub,886,Suresh Rao
BR1644,Kolkata Branch 1644,Kolkata,West Bengal,861441,Local,480,Dinesh Naidu
BR1645,Jaipur Branch 1645,Jaipur,Rajasthan,684161,Hub,1022,Priya Joshi
BR1646,Mumbai Branch 1646,Mumbai,Maharashtra,843149,Regional,604,Swetha Singh
BR1647,Ahmedabad Branch 1647,Ahmedabad,Gujarat,805670,Local,298,Nithya Mishra
BR1648,Ahmedabad Branch 1648,Ahmedabad,Gujarat,889487,Local,1137,Vijay Naidu
BR1649,Ahmedabad Branch 1649,Ahmedabad,Gujarat,859528,Local,576,Priya Bose
BR1650,Chennai Branch 1650,Chennai,Tamil Nadu,633743,Regional,675,Sneha Gupta
BR1651,Kochi Branch 1651,Kochi,Kerala,802980,Local,831,Kavya Joshi
BR1652,Delhi Branch 1652,Delhi,Delhi,890859,Regional,763,Meena Mishra
BR1653,Madurai Branch 1653,Madurai,Tamil Nadu,668095,Hub,194,Ananya Sharma
BR1654,Madurai Branch 1654,Madurai,Tamil Nadu,872846,Local,367,Dinesh Naidu
BR1655,Salem Branch 1655,Salem,Tamil Nadu,692446,Regional,292,Vivek Rao
BR1656,Mumbai Branch 1656,Mumbai,Maharashtra,724789,Hub,543,Ananya Joshi
BR1657,Kolkata Branch 1657,Kolkata,West Bengal,885779,Local,1181,Rohit Verma
BR1658,Trichy Branch 1658,Trichy,Tamil Nadu,847676,Local,1088,Nithya Verma
BR1659,Chennai Branch 1659,Chennai,Tamil Nadu,840549,Local,193,Ajay Sinha
BR1660,Trichy Branch 1660,Trichy,Tamil Nadu,863385,Local,397,Vijay Naidu
BR1661,Jaipur Branch 1661,Jaipur,Rajasthan,844762,Hub,612,Rahul Mehta
BR1662,Madurai Branch 1662,Madurai,Tamil Nadu,865467,Hub,1008,Harini Nair
BR1663,Ahmedabad Branch 1663,Ahmedabad,Gujarat,801361,Local,305,Rahul Nair
BR1664,Chennai Branch 1664,Chennai,Tamil Nadu,786688,Hub,323,Sneha Mishra
BR1665,Ahmedabad Branch 1665,Ahmedabad,Gujarat,707230,Local,137,Arun Mishra
BR1666,Madurai Branch 1666,Madurai,Tamil Nadu,786779,Regional,547,Suresh Rao
BR1667,Delhi Branch 1667,Delhi,Delhi,729483,Local,943,Meena Gupta
BR1668,Trichy Branch 1668,Trichy,Tamil Nadu,795908,Regional,919,Swetha Mehta
BR1669,Salem Branch 1669,Salem,Tamil Nadu,741761,Hub,1106,Nithya Mehta
BR1670,Kolkata Branch 1670,Kolkata,West Bengal,864699,Local,210,Karthik Das
BR1671,Mumbai Branch 1671,Mumbai,Maharashtra,640212,Regional,351,Divya Naidu
BR1672,Madurai Branch 1672,Madurai,Tamil Nadu,800011,Local,591,Vijay Nair
BR1673,Kochi Branch 1673,Kochi,Kerala,882811,Local,695,Ajay Pillai
BR1674,Delhi Branch 1674,Delhi,Delhi,769497,Local,463,Nithya Pillai
BR1675,Kochi Branch 1675,Kochi,Kerala,634297,Regional,611,Nithya Joshi
BR1676,Delhi Branch 1676,Delhi,Delhi,895763,Local,766,Harini Singh
BR1677,Kochi Branch 1677,Kochi,Kerala,875777,Local,197,Rohit Mishra
BR1678,Ahmedabad Branch 1678,Ahmedabad,Gujarat,735747,Local,1120,Manoj Kumar
BR1679,Trichy Branch 1679,Trichy,Tamil Nadu,726504,Local,697,Arun Singh
BR1680,Delhi Branch 1680,Delhi,Delhi,816288,Local,358,Harini Das
BR1681,Mumbai Branch 1681,Mumbai,Maharashtra,751983,Local,180,Vijay Mishra
BR1682,Jaipur Branch 1682,Jaipur,Rajasthan,773412,Regional,958,Harini Mishra
BR1683,Kolkata Branch 1683,Kolkata,West Bengal,873835,Local,458,Priya Verma
BR1684,Ahmedabad Branch 1684,Ahmedabad,Gujarat,651422,Hub,567,Swetha Reddy
BR1685,Bengaluru Branch 1685,Bengaluru,Karnataka,607271,Local,465,Rohit Rao
BR1686,Bengaluru Branch 1686,Bengaluru,Karnataka,614654,Regional,803,Ananya Menon
BR1687,Jaipur Branch 1687,Jaipur,Rajasthan,750264,Regional,142,Kavya Das
BR1688,Salem Branch 1688,Salem,Tamil Nadu,855752,Local,334,Harini Bose
BR1689,Salem Branch 1689,Salem,Tamil Nadu,636377,Regional,574,Kavya Mehta
BR1690,Delhi Branch 1690,Delhi,Delhi,788058,Regional,994,Manoj Naidu
BR1691,Madurai Branch 1691,Madurai,Tamil Nadu,892059,Local,1056,Karthik Kapoor
BR1692,Hyderabad Branch 1692,Hyderabad,Telangana,705910,Local,493,Ananya Kapoor
BR1693,Kolkata Branch 1693,Kolkata,West Bengal,741267,Hub,1026,Rohit Verma
BR1694,Madurai Branch 1694,Madurai,Tamil Nadu,885399,Regional,109,Ajay Rao
BR1695,Vijayawada Branch 1695,Vijayawada,Andhra Pradesh,689257,Regional,429,Suresh Iyer
BR1696,Kochi Branch 1696,Kochi,Kerala,785936,Regional,580,Divya Kapoor
BR1697,Madurai Branch 1697,Madurai,Tamil Nadu,651272,Local,629,Kavya Bose
BR1698,Hyderabad Branch 1698,Hyderabad,Telangana,785310,Hub,1047,Meena Pillai
BR1699,Chennai Branch 1699,Chennai,Tamil Nadu,838024,Regional,1023,Kavya Mishra
BR1700,Bengaluru Branch 1700,Bengaluru,Karnataka,791563,Local,842,Ajay Bose
BR1701,Vijayawada Branch 1701,Vijayawada,Andhra Pradesh,728263,Local,1059,Meena Das
BR1702,Salem Branch 1702,Salem,Tamil Nadu,612898,Local,369,Harini Mishra
BR1703,Coimbatore Branch 1703,Coimbatore,Tamil Nadu,892658,Hub,363,Vijay Reddy
BR1704,Kolkata Branch 1704,Kolkata,West Bengal,633707,Local,577,Rohit Joshi
BR1705,Chennai Branch 1705,Chennai,Tamil Nadu,828218,Local,455,Ajay Sharma
BR1706,Hyderabad Branch 1706,Hyderabad,Telangana,823750,Local,301,Ajay Sharma
BR1707,Coimbatore Branch 1707,Coimbatore,Tamil Nadu,638509,Regional,236,Vivek Verma
BR1708,Kolkata Branch 1708,Kolkata,West Bengal,849170,Local,1170,Meena Singh
BR1709,Pune Branch 1709,Pune,Maharashtra,848127,Local,162,Divya Singh
BR1710,Hyderabad Branch 1710,Hyderabad,Telangana,623800,Local,1035,Priya Sinha
BR1711,Kolkata Branch 1711,Kolkata,West Bengal,803670,Local,176,Swetha Mishra
BR1712,Pune Branch 1712,Pune,Maharashtra,720579,Regional,953,Meena Verma
BR1713,Chennai Branch 1713,Chennai,Tamil Nadu,652055,Regional,732,Divya Mehta
BR1714,Pune Branch 1714,Pune,Maharashtra,683139,Local,112,Kavya Kapoor
BR1715,Hyderabad Branch 1715,Hyderabad,Telangana,700217,Regional,489,Rahul Menon
BR1716,Bengaluru Branch 1716,Bengaluru,Karnataka,714417,Regional,768,Suresh Mishra
BR1717,Jaipur Branch 1717,Jaipur,Rajasthan,719325,Hub,567,Karthik Iyer
BR1718,Hyderabad Branch 1718,Hyderabad,Telangana,824866,Local,803,Arun Verma
BR1719,Trichy Branch 1719,Trichy,Tamil Nadu,729900,Local,440,Pooja Reddy
BR1720,Mumbai Branch 1720,Mumbai,Maharashtra,632733,Regional,1178,Harini Menon
BR1721,Ahmedabad Branch 1721,Ahmedabad,Gujarat,798326,Local,410,Vivek Pillai
BR1722,Jaipur Branch 1722,Jaipur,Rajasthan,816167,Hub,287,Sneha Kumar
BR1723,Jaipur Branch 1723,Jaipur,Rajasthan,732501,Local,780,Sneha Joshi
BR1724,Chennai Branch 1724,Chennai,Tamil Nadu,821931,Regional,1129,Suresh Kapoor
BR1725,Mumbai Branch 1725,Mumbai,Maharashtra,804178,Local,713,Harini Kapoor
BR1726,Madurai Branch 1726,Madurai,Tamil Nadu,774822,Regional,379,Kavya Mishra
BR1727,Chennai Branch 1727,Chennai,Tamil Nadu,734179,Regional,150,Rohit Joshi
BR1728,Salem Branch 1728,Salem,Tamil Nadu,729616,Regional,884,Ananya Rao
BR1729,Kolkata Branch 1729,Kolkata,West Bengal,631064,Hub,694,Arun Das
BR1730,Coimbatore Branch 1730,Coimbatore,Tamil Nadu,804421,Local,1082,Priya Joshi
BR1731,Madurai Branch 1731,Madurai,Tamil Nadu,857545,Hub,446,Ajay Kumar
BR1732,Kolkata Branch 1732,Kolkata,West Bengal,780612,Regional,216,Arun Reddy
BR1733,Jaipur Branch 1733,Jaipur,Rajasthan,855741,Regional,174,Pooja Mehta
BR1734,Madurai Branch 1734,Madurai,Tamil Nadu,674273,Regional,573,Ajay Sinha
BR1735,Trichy Branch 1735,Trichy,Tamil Nadu,832283,Local,270,Rahul Pillai
BR1736,Jaipur Branch 1736,Jaipur,Rajasthan,602966,Regional,825,Priya Reddy
BR1737,Ahmedabad Branch 1737,Ahmedabad,Gujarat,799355,Regional,822,Harini Mishra
BR1738,Hyderabad Branch 1738,Hyderabad,Telangana,653829,Hub,1118,Swetha Singh
BR1739,Chennai Branch 1739,Chennai,Tamil Nadu,715850,Hub,339,Divya Sharma
BR1740,Bengaluru Branch 1740,Bengaluru,Karnataka,686147,Regional,920,Priya Mehta
BR1741,Ahmedabad Branch 1741,Ahmedabad,Gujarat,828751,Local,907,Ananya Bose
BR1742,Vijayawada Branch 1742,Vijayawada,Andhra Pradesh,824507,Hub,175,Priya Naidu
BR1743,Trichy Branch 1743,Trichy,Tamil Nadu,790075,Local,835,Sneha Sharma
BR1744,Jaipur Branch 1744,Jaipur,Rajasthan,616805,Local,741,Rohit Reddy
BR1745,Chennai Branch 1745,Chennai,Tamil Nadu,855761,Regional,937,Sneha Das
BR1746,Bengaluru Branch 1746,Bengaluru,Karnataka,792404,Local,359,Arun Bose
BR1747,Madurai Branch 1747,Madurai,Tamil Nadu,884403,Local,416,Meena Naidu
BR1748,Pune Branch 1748,Pune,Maharashtra,862020,Local,816,Swetha Bose
BR1749,Mumbai Branch 1749,Mumbai,Maharashtra,825250,Local,803,Arun Pillai
BR1750,Bengaluru Branch 1750,Bengaluru,Karnataka,759839,Regional,647,Pooja Gupta
BR1751,Hyderabad Branch 1751,Hyderabad,Telangana,780132,Regional,265,Sneha Mishra
BR1752,Vijayawada Branch 1752,Vijayawada,Andhra Pradesh,650083,Local,437,Pooja Singh
BR1753,Madurai Branch 1753,Madurai,Tamil Nadu,666193,Hub,915,Divya Naidu
BR1754,Ahmedabad Branch 1754,Ahmedabad,Gujarat,786654,Regional,513,Dinesh Kumar
BR1755,Jaipur Branch 1755,Jaipur,Rajasthan,783092,Local,802,Rahul Das
BR1756,Jaipur Branch 1756,Jaipur,Rajasthan,605015,Local,1148,Ajay Naidu
BR1757,Ahmedabad Branch 1757,Ahmedabad,Gujarat,823269,Regional,871,Arun Joshi
BR1758,Hyderabad Branch 1758,Hyderabad,Telangana,635259,Regional,731,Meena Bose
BR1759,Coimbatore Branch 1759,Coimbatore,Tamil Nadu,873444,Regional,589,Rohit Sharma
BR1760,Kochi Branch 1760,Kochi,Kerala,626010,Regional,824,Divya Patel
BR1761,Chennai Branch 1761,Chennai,Tamil Nadu,794543,Local,548,Harini Sharma
BR1762,Kochi Branch 1762,Kochi,Kerala,849499,Local,428,Ananya Bose
BR1763,Vijayawada Branch 1763,Vijayawada,Andhra Pradesh,729741,Local,676,Divya Pillai
BR1764,Pune Branch 1764,Pune,Maharashtra,801652,Hub,466,Pooja Sinha
BR1765,Bengaluru Branch 1765,Bengaluru,Karnataka,655778,Local,1055,Meena Naidu
BR1766,Mumbai Branch 1766,Mumbai,Maharashtra,745697,Local,1054,Nithya Naidu
BR1767,Bengaluru Branch 1767,Bengaluru,Karnataka,704302,Local,508,Nithya Patel
BR1768,Hyderabad Branch 1768,Hyderabad,Telangana,819226,Local,149,Nithya Sharma
BR1769,Pune Branch 1769,Pune,Maharashtra,835732,Local,282,Priya Patel
BR1770,Bengaluru Branch 1770,Bengaluru,Karnataka,691208,Local,493,Priya Reddy
BR1771,Madurai Branch 1771,Madurai,Tamil Nadu,831365,Hub,1089,Ananya Kumar
BR1772,Coimbatore Branch 1772,Coimbatore,Tamil Nadu,706786,Local,976,Rahul Bose
BR1773,Pune Branch 1773,Pune,Maharashtra,757127,Local,285,Vivek Gupta
BR1774,Salem Branch 1774,Salem,Tamil Nadu,846232,Local,188,Dinesh Singh
BR1775,Chennai Branch 1775,Chennai,Tamil Nadu,774002,Local,1114,Arun Sharma
BR1776,Pune Branch 1776,Pune,Maharashtra,678193,Local,185,Meena Patel
BR1777,Mumbai Branch 1777,Mumbai,Maharashtra,730374,Local,219,Manoj Verma
BR1778,Vijayawada Branch 1778,Vijayawada,Andhra Pradesh,600410,Hub,187,Priya Joshi
BR1779,Ahmedabad Branch 1779,Ahmedabad,Gujarat,702264,Local,1179,Ananya Pillai
BR1780,Jaipur Branch 1780,Jaipur,Rajasthan,669111,Local,1011,Manoj Gupta
BR1781,Madurai Branch 1781,Madurai,Tamil Nadu,877529,Local,460,Arun Sharma
BR1782,Bengaluru Branch 1782,Bengaluru,Karnataka,755809,Regional,807,Meena Nair
BR1783,Kolkata Branch 1783,Kolkata,West Bengal,714085,Local,634,Suresh Naidu
BR1784,Bengaluru Branch 1784,Bengaluru,Karnataka,685399,Local,694,Meena Sharma
BR1785,Jaipur Branch 1785,Jaipur,Rajasthan,759075,Local,795,Nithya Nair
BR1786,Jaipur Branch 1786,Jaipur,Rajasthan,677046,Local,834,Ajay Sharma
BR1787,Salem Branch 1787,Salem,Tamil Nadu,835608,Local,1070,Sneha Kumar
BR1788,Kochi Branch 1788,Kochi,Kerala,620919,Local,152,Suresh Nair
BR1789,Hyderabad Branch 1789,Hyderabad,Telangana,785996,Hub,502,Vijay Sinha
BR1790,Ahmedabad Branch 1790,Ahmedabad,Gujarat,623808,Local,972,Harini Verma
BR1791,Hyderabad Branch 1791,Hyderabad,Telangana,662740,Local,921,Swetha Rao
BR1792,Trichy Branch 1792,Trichy,Tamil Nadu,714322,Hub,737,Priya Sinha
BR1793,Coimbatore Branch 1793,Coimbatore,Tamil Nadu,788662,Regional,976,Priya Sharma
BR1794,Bengaluru Branch 1794,Bengaluru,Karnataka,656802,Local,812,Nithya Nair
BR1795,Chennai Branch 1795,Chennai,Tamil Nadu,843440,Hub,151,Arun Rao
BR1796,Delhi Branch 1796,Delhi,Delhi,854432,Hub,501,Kavya Kumar
BR1797,Delhi Branch 1797,Delhi,Delhi,664386,Local,718,Arun Rao
BR1798,Salem Branch 1798,Salem,Tamil Nadu,789750,Local,763,Pooja Mehta
BR1799,Vijayawada Branch 1799,Vijayawada,Andhra Pradesh,651720,Hub,1001,Arun Iyer
BR1800,Chennai Branch 1800,Chennai,Tamil Nadu,704353,Local,322,Pooja Iyer
BR1801,Pune Branch 1801,Pune,Maharashtra,729454,Local,766,Karthik Kapoor
BR1802,Madurai Branch 1802,Madurai,Tamil Nadu,677994,Local,273,Manoj Reddy
BR1803,Trichy Branch 1803,Trichy,Tamil Nadu,871094,Regional,446,Rahul Nair
BR1804,Salem Branch 1804,Salem,Tamil Nadu,747072,Regional,284,Nithya Mehta
BR1805,Trichy Branch 1805,Trichy,Tamil Nadu,643071,Regional,495,Nithya Kapoor
BR1806,Pune Branch 1806,Pune,Maharashtra,623669,Local,412,Kavya Rao
BR1807,Kochi Branch 1807,Kochi,Kerala,731818,Local,1194,Sneha Sharma
BR1808,Kolkata Branch 1808,Kolkata,West Bengal,724397,Hub,809,Sneha Rao
BR1809,Delhi Branch 1809,Delhi,Delhi,886684,Regional,664,Suresh Kumar
BR1810,Salem Branch 1810,Salem,Tamil Nadu,869005,Regional,561,Kavya Iyer
BR1811,Trichy Branch 1811,Trichy,Tamil Nadu,790040,Local,971,Ajay Pillai
BR1812,Mumbai Branch 1812,Mumbai,Maharashtra,607036,Local,920,Ajay Sharma
BR1813,Jaipur Branch 1813,Jaipur,Rajasthan,821894,Local,214,Rohit Das
BR1814,Kochi Branch 1814,Kochi,Kerala,710084,Hub,963,Ananya Pillai
BR1815,Bengaluru Branch 1815,Bengaluru,Karnataka,858666,Local,482,Vijay Menon
BR1816,Trichy Branch 1816,Trichy,Tamil Nadu,771627,Local,210,Rohit Singh
BR1817,Jaipur Branch 1817,Jaipur,Rajasthan,879266,Local,778,Arun Gupta
BR1818,Pune Branch 1818,Pune,Maharashtra,709048,Regional,712,Suresh Rao
BR1819,Kochi Branch 1819,Kochi,Kerala,815194,Local,531,Vijay Naidu
BR1820,Kochi Branch 1820,Kochi,Kerala,704672,Regional,889,Rahul Das
BR1821,Ahmedabad Branch 1821,Ahmedabad,Gujarat,694806,Hub,451,Pooja Mehta
BR1822,Ahmedabad Branch 1822,Ahmedabad,Gujarat,695785,Regional,222,Ananya Pillai
BR1823,Trichy Branch 1823,Trichy,Tamil Nadu,779022,Hub,800,Ajay Rao
BR1824,Jaipur Branch 1824,Jaipur,Rajasthan,764524,Regional,947,Meena Sharma
BR1825,Madurai Branch 1825,Madurai,Tamil Nadu,826976,Local,1061,Sneha Kapoor
BR1826,Jaipur Branch 1826,Jaipur,Rajasthan,785974,Regional,436,Vijay Mehta
BR1827,Hyderabad Branch 1827,Hyderabad,Telangana,725100,Regional,870,Ananya Das
BR1828,Hyderabad Branch 1828,Hyderabad,Telangana,696588,Regional,378,Arun Singh
BR1829,Jaipur Branch 1829,Jaipur,Rajasthan,794626,Local,968,Swetha Joshi
BR1830,Kochi Branch 1830,Kochi,Kerala,828622,Hub,208,Swetha Patel
BR1831,Salem Branch 1831,Salem,Tamil Nadu,767825,Local,939,Swetha Menon
BR1832,Kolkata Branch 1832,Kolkata,West Bengal,898328,Regional,679,Dinesh Sharma
BR1833,Ahmedabad Branch 1833,Ahmedabad,Gujarat,769950,Regional,426,Nithya Naidu
BR1834,Trichy Branch 1834,Trichy,Tamil Nadu,705137,Local,747,Vijay Bose
BR1835,Bengaluru Branch 1835,Bengaluru,Karnataka,692002,Hub,161,Meena Iyer
BR1836,Coimbatore Branch 1836,Coimbatore,Tamil Nadu,891445,Local,270,Nithya Nair
BR1837,Vijayawada Branch 1837,Vijayawada,Andhra Pradesh,687176,Local,1198,Meena Gupta
BR1838,Kolkata Branch 1838,Kolkata,West Bengal,695210,Local,220,Dinesh Gupta
BR1839,Coimbatore Branch 1839,Coimbatore,Tamil Nadu,639243,Regional,583,Rahul Nair
BR1840,Trichy Branch 1840,Trichy,Tamil Nadu,814560,Local,362,Nithya Reddy
BR1841,Delhi Branch 1841,Delhi,Delhi,803019,Local,237,Harini Joshi
BR1842,Pune Branch 1842,Pune,Maharashtra,707290,Regional,615,Nithya Kapoor
BR1843,Salem Branch 1843,Salem,Tamil Nadu,645495,Regional,300,Vivek Sinha
BR1844,Mumbai Branch 1844,Mumbai,Maharashtra,690663,Hub,201,Suresh Menon
BR1845,Ahmedabad Branch 1845,Ahmedabad,Gujarat,839134,Regional,1108,Suresh Naidu
BR1846,Coimbatore Branch 1846,Coimbatore,Tamil Nadu,666214,Local,118,Vivek Patel
BR1847,Ahmedabad Branch 1847,Ahmedabad,Gujarat,786675,Local,465,Rahul Kumar
BR1848,Bengaluru Branch 1848,Bengaluru,Karnataka,805262,Regional,740,Vivek Joshi
BR1849,Vijayawada Branch 1849,Vijayawada,Andhra Pradesh,843236,Hub,980,Vivek Sinha
BR1850,Delhi Branch 1850,Delhi,Delhi,845087,Hub,1048,Swetha Rao
BR1851,Ahmedabad Branch 1851,Ahmedabad,Gujarat,839091,Regional,248,Swetha Gupta
BR1852,Kochi Branch 1852,Kochi,Kerala,732307,Regional,596,Swetha Reddy
BR1853,Ahmedabad Branch 1853,Ahmedabad,Gujarat,612405,Regional,849,Manoj Mehta
BR1854,Trichy Branch 1854,Trichy,Tamil Nadu,678387,Regional,106,Rohit Kapoor
BR1855,Delhi Branch 1855,Delhi,Delhi,639884,Local,432,Rahul Verma
BR1856,Pune Branch 1856,Pune,Maharashtra,656667,Local,1146,Rahul Singh
BR1857,Bengaluru Branch 1857,Bengaluru,Karnataka,608316,Local,1081,Meena Iyer
BR1858,Pune Branch 1858,Pune,Maharashtra,821012,Local,189,Harini Patel
BR1859,Vijayawada Branch 1859,Vijayawada,Andhra Pradesh,809052,Hub,682,Karthik Sharma
BR1860,Hyderabad Branch 1860,Hyderabad,Telangana,672912,Local,1189,Sneha Naidu
BR1861,Kolkata Branch 1861,Kolkata,West Bengal,629444,Hub,152,Meena Das
BR1862,Kolkata Branch 1862,Kolkata,West Bengal,744661,Local,502,Pooja Sharma
BR1863,Coimbatore Branch 1863,Coimbatore,Tamil Nadu,669467,Hub,803,Pooja Mishra
BR1864,Salem Branch 1864,Salem,Tamil Nadu,734849,Hub,241,Ajay Rao
BR1865,Kochi Branch 1865,Kochi,Kerala,751946,Regional,1148,Rohit Das
BR1866,Ahmedabad Branch 1866,Ahmedabad,Gujarat,815090,Hub,861,Karthik Bose
BR1867,Trichy Branch 1867,Trichy,Tamil Nadu,691914,Regional,132,Sneha Gupta
BR1868,Salem Branch 1868,Salem,Tamil Nadu,620058,Regional,787,Dinesh Das
BR1869,Ahmedabad Branch 1869,Ahmedabad,Gujarat,608358,Local,975,Dinesh Pillai
BR1870,Madurai Branch 1870,Madurai,Tamil Nadu,848262,Regional,248,Suresh Rao
BR1871,Chennai Branch 1871,Chennai,Tamil Nadu,853977,Regional,926,Pooja Joshi
BR1872,Mumbai Branch 1872,Mumbai,Maharashtra,833305,Local,625,Meena Menon
BR1873,Delhi Branch 1873,Delhi,Delhi,749814,Regional,1058,Harini Rao
BR1874,Kolkata Branch 1874,Kolkata,West Bengal,628684,Local,665,Priya Kumar
BR1875,Salem Branch 1875,Salem,Tamil Nadu,731649,Local,784,Divya Bose
BR1876,Pune Branch 1876,Pune,Maharashtra,791299,Local,1045,Suresh Rao
BR1877,Delhi Branch 1877,Delhi,Delhi,809813,Regional,740,Dinesh Sinha
BR1878,Chennai Branch 1878,Chennai,Tamil Nadu,771141,Regional,607,Karthik Menon
BR1879,Ahmedabad Branch 1879,Ahmedabad,Gujarat,601299,Local,229,Sneha Singh
BR1880,Salem Branch 1880,Salem,Tamil Nadu,623377,Hub,1195,Arun Singh
BR1881,Pune Branch 1881,Pune,Maharashtra,638600,Hub,866,Rahul Patel
BR1882,Bengaluru Branch 1882,Bengaluru,Karnataka,612901,Regional,752,Nithya Iyer
BR1883,Vijayawada Branch 1883,Vijayawada,Andhra Pradesh,667800,Local,1097,Arun Gupta
BR1884,Ahmedabad Branch 1884,Ahmedabad,Gujarat,767704,Hub,502,Sneha Sharma
BR1885,Salem Branch 1885,Salem,Tamil Nadu,869545,Local,613,Ajay Kumar
BR1886,Bengaluru Branch 1886,Bengaluru,Karnataka,628821,Regional,578,Divya Menon
BR1887,Chennai Branch 1887,Chennai,Tamil Nadu,885009,Local,1133,Vivek Patel
BR1888,Trichy Branch 1888,Trichy,Tamil Nadu,636296,Regional,570,Sneha Sharma
BR1889,Madurai Branch 1889,Madurai,Tamil Nadu,736671,Hub,897,Harini Patel
BR1890,Mumbai Branch 1890,Mumbai,Maharashtra,770491,Regional,835,Rohit Kapoor
BR1891,Mumbai Branch 1891,Mumbai,Maharashtra,808147,Regional,1188,Vijay Reddy
BR1892,Madurai Branch 1892,Madurai,Tamil Nadu,635787,Hub,208,Meena Rao
BR1893,Pune Branch 1893,Pune,Maharashtra,871541,Regional,399,Arun Bose
BR1894,Mumbai Branch 1894,Mumbai,Maharashtra,631726,Local,1165,Sneha Bose
BR1895,Kolkata Branch 1895,Kolkata,West Bengal,729458,Local,722,Harini Kapoor
BR1896,Jaipur Branch 1896,Jaipur,Rajasthan,705623,Local,513,Rahul Mishra
BR1897,Jaipur Branch 1897,Jaipur,Rajasthan,753372,Local,1032,Divya Kapoor
BR1898,Pune Branch 1898,Pune,Maharashtra,643212,Local,127,Nithya Pillai
BR1899,Coimbatore Branch 1899,Coimbatore,Tamil Nadu,781198,Regional,662,Meena Mehta
BR1900,Hyderabad Branch 1900,Hyderabad,Telangana,850005,Local,312,Divya Naidu
BR1901,Ahmedabad Branch 1901,Ahmedabad,Gujarat,653161,Local,880,Ananya Menon
BR1902,Coimbatore Branch 1902,Coimbatore,Tamil Nadu,638766,Local,253,Ananya Kapoor
BR1903,Vijayawada Branch 1903,Vijayawada,Andhra Pradesh,648344,Local,971,Ananya Menon
BR1904,Salem Branch 1904,Salem,Tamil Nadu,788110,Local,257,Rahul Sinha
BR1905,Delhi Branch 1905,Delhi,Delhi,897428,Local,1019,Nithya Kapoor
BR1906,Ahmedabad Branch 1906,Ahmedabad,Gujarat,672284,Local,393,Nithya Kapoor
BR1907,Jaipur Branch 1907,Jaipur,Rajasthan,860562,Local,552,Nithya Nair
BR1908,Madurai Branch 1908,Madurai,Tamil Nadu,696707,Regional,883,Rohit Sharma
BR1909,Delhi Branch 1909,Delhi,Delhi,880469,Local,721,Harini Patel
BR1910,Mumbai Branch 1910,Mumbai,Maharashtra,738083,Local,333,Kavya Naidu
BR1911,Bengaluru Branch 1911,Bengaluru,Karnataka,838589,Regional,922,Pooja Nair
BR1912,Salem Branch 1912,Salem,Tamil Nadu,620276,Regional,276,Kavya Menon
BR1913,Hyderabad Branch 1913,Hyderabad,Telangana,758206,Local,738,Rahul Das
BR1914,Kolkata Branch 1914,Kolkata,West Bengal,839157,Hub,691,Karthik Rao
BR1915,Trichy Branch 1915,Trichy,Tamil Nadu,888597,Regional,151,Dinesh Iyer
BR1916,Pune Branch 1916,Pune,Maharashtra,603664,Regional,916,Rohit Bose
BR1917,Kolkata Branch 1917,Kolkata,West Bengal,661240,Local,429,Harini Rao
BR1918,Kolkata Branch 1918,Kolkata,West Bengal,736154,Regional,884,Kavya Kapoor
BR1919,Delhi Branch 1919,Delhi,Delhi,681767,Local,921,Vivek Sinha
BR1920,Vijayawada Branch 1920,Vijayawada,Andhra Pradesh,689595,Local,395,Rohit Patel
BR1921,Bengaluru Branch 1921,Bengaluru,Karnataka,775447,Regional,898,Suresh Reddy
BR1922,Pune Branch 1922,Pune,Maharashtra,764802,Hub,445,Rohit Patel
BR1923,Vijayawada Branch 1923,Vijayawada,Andhra Pradesh,833718,Local,253,Rohit Patel
BR1924,Salem Branch 1924,Salem,Tamil Nadu,840417,Local,331,Dinesh Singh
BR1925,Vijayawada Branch 1925,Vijayawada,Andhra Pradesh,619966,Hub,431,Ajay Mehta
BR1926,Trichy Branch 1926,Trichy,Tamil Nadu,743791,Local,478,Priya Bose
BR1927,Delhi Branch 1927,Delhi,Delhi,790906,Local,667,Arun Patel
BR1928,Coimbatore Branch 1928,Coimbatore,Tamil Nadu,714408,Local,129,Pooja Reddy
BR1929,Chennai Branch 1929,Chennai,Tamil Nadu,842943,Regional,597,Divya Iyer
BR1930,Kochi Branch 1930,Kochi,Kerala,894483,Regional,593,Divya Kumar
BR1931,Kochi Branch 1931,Kochi,Kerala,667849,Local,663,Dinesh Sharma
BR1932,Kochi Branch 1932,Kochi,Kerala,754115,Regional,839,Sneha Reddy
BR1933,Trichy Branch 1933,Trichy,Tamil Nadu,668029,Hub,793,Harini Kapoor
BR1934,Kolkata Branch 1934,Kolkata,West Bengal,733343,Hub,770,Rohit Kumar
BR1935,Vijayawada Branch 1935,Vijayawada,Andhra Pradesh,762554,Local,803,Priya Kapoor
BR1936,Ahmedabad Branch 1936,Ahmedabad,Gujarat,860288,Regional,277,Dinesh Bose
BR1937,Pune Branch 1937,Pune,Maharashtra,673144,Hub,511,Rohit Iyer
BR1938,Ahmedabad Branch 1938,Ahmedabad,Gujarat,793319,Local,835,Harini Gupta
BR1939,Ahmedabad Branch 1939,Ahmedabad,Gujarat,870605,Regional,771,Harini Mishra
BR1940,Kolkata Branch 1940,Kolkata,West Bengal,689129,Regional,1093,Ajay Patel
BR1941,Vijayawada Branch 1941,Vijayawada,Andhra Pradesh,753641,Local,902,Priya Bose
BR1942,Hyderabad Branch 1942,Hyderabad,Telangana,644363,Regional,1098,Suresh Patel
BR1943,Mumbai Branch 1943,Mumbai,Maharashtra,846193,Local,544,Vivek Patel
BR1944,Bengaluru Branch 1944,Bengaluru,Karnataka,624001,Hub,440,Dinesh Singh
BR1945,Kochi Branch 1945,Kochi,Kerala,704439,Hub,899,Vijay Rao
BR1946,Delhi Branch 1946,Delhi,Delhi,819459,Local,1131,Karthik Joshi
BR1947,Pune Branch 1947,Pune,Maharashtra,719684,Local,634,Swetha Pillai
BR1948,Vijayawada Branch 1948,Vijayawada,Andhra Pradesh,670750,Regional,1081,Kavya Menon
BR1949,Chennai Branch 1949,Chennai,Tamil Nadu,770848,Local,834,Manoj Reddy
BR1950,Vijayawada Branch 1950,Vijayawada,Andhra Pradesh,873265,Hub,1049,Suresh Patel
BR1951,Chennai Branch 1951,Chennai,Tamil Nadu,745748,Regional,647,Sneha Kapoor
BR1952,Coimbatore Branch 1952,Coimbatore,Tamil Nadu,844132,Hub,411,Kavya Patel
BR1953,Vijayawada Branch 1953,Vijayawada,Andhra Pradesh,694776,Local,1068,Priya Patel
BR1954,Coimbatore Branch 1954,Coimbatore,Tamil Nadu,630980,Regional,326,Ajay Kapoor
BR1955,Delhi Branch 1955,Delhi,Delhi,680604,Regional,1182,Rohit Mehta
BR1956,Salem Branch 1956,Salem,Tamil Nadu,696936,Local,868,Nithya Kapoor
BR1957,Madurai Branch 1957,Madurai,Tamil Nadu,690795,Hub,820,Divya Singh
BR1958,Chennai Branch 1958,Chennai,Tamil Nadu,865203,Regional,348,Arun Menon
BR1959,Vijayawada Branch 1959,Vijayawada,Andhra Pradesh,863994,Hub,360,Ajay Sharma
BR1960,Trichy Branch 1960,Trichy,Tamil Nadu,829182,Local,157,Vijay Reddy
BR1961,Vijayawada Branch 1961,Vijayawada,Andhra Pradesh,624201,Regional,1180,Arun Iyer
BR1962,Coimbatore Branch 1962,Coimbatore,Tamil Nadu,887616,Local,172,Vivek Das
BR1963,Bengaluru Branch 1963,Bengaluru,Karnataka,695140,Hub,952,Swetha Sinha
BR1964,Coimbatore Branch 1964,Coimbatore,Tamil Nadu,887201,Hub,633,Ananya Kapoor
BR1965,Hyderabad Branch 1965,Hyderabad,Telangana,735110,Local,152,Harini Nair
BR1966,Delhi Branch 1966,Delhi,Delhi,679299,Local,668,Divya Kapoor
BR1967,Kolkata Branch 1967,Kolkata,West Bengal,813283,Regional,993,Ajay Singh
BR1968,Hyderabad Branch 1968,Hyderabad,Telangana,770785,Local,202,Swetha Joshi
BR1969,Ahmedabad Branch 1969,Ahmedabad,Gujarat,643655,Regional,918,Nithya Rao
BR1970,Bengaluru Branch 1970,Bengaluru,Karnataka,610167,Local,1017,Kavya Rao
BR1971,Vijayawada Branch 1971,Vijayawada,Andhra Pradesh,662841,Local,469,Arun Rao
BR1972,Chennai Branch 1972,Chennai,Tamil Nadu,851075,Hub,746,Karthik Kumar
BR1973,Ahmedabad Branch 1973,Ahmedabad,Gujarat,641337,Local,931,Priya Sinha
BR1974,Pune Branch 1974,Pune,Maharashtra,859090,Regional,1149,Divya Kumar
BR1975,Chennai Branch 1975,Chennai,Tamil Nadu,633027,Hub,124,Rahul Kumar
BR1976,Chennai Branch 1976,Chennai,Tamil Nadu,733492,Regional,936,Harini Patel
BR1977,Pune Branch 1977,Pune,Maharashtra,663166,Local,1027,Divya Verma
BR1978,Hyderabad Branch 1978,Hyderabad,Telangana,691943,Regional,551,Karthik Kapoor
BR1979,Trichy Branch 1979,Trichy,Tamil Nadu,779163,Local,806,Arun Patel
BR1980,Hyderabad Branch 1980,Hyderabad,Telangana,623360,Local,994,Kavya Das
BR1981,Salem Branch 1981,Salem,Tamil Nadu,775049,Local,782,Rohit Pillai
BR1982,Kolkata Branch 1982,Kolkata,West Bengal,795153,Local,785,Suresh Reddy
BR1983,Vijayawada Branch 1983,Vijayawada,Andhra Pradesh,720892,Regional,389,Vijay Iyer
BR1984,Hyderabad Branch 1984,Hyderabad,Telangana,651305,Local,679,Pooja Pillai
BR1985,Bengaluru Branch 1985,Bengaluru,Karnataka,757098,Regional,238,Suresh Kapoor
BR1986,Hyderabad Branch 1986,Hyderabad,Telangana,671423,Local,597,Manoj Naidu
BR1987,Vijayawada Branch 1987,Vijayawada,Andhra Pradesh,864459,Hub,940,Manoj Pillai
BR1988,Salem Branch 1988,Salem,Tamil Nadu,727932,Regional,1148,Ajay Sinha
BR1989,Mumbai Branch 1989,Mumbai,Maharashtra,732630,Hub,505,Pooja Kapoor
BR1990,Madurai Branch 1990,Madurai,Tamil Nadu,697386,Regional,545,Arun Kapoor
BR1991,Vijayawada Branch 1991,Vijayawada,Andhra Pradesh,700021,Hub,776,Ajay Singh
BR1992,Kochi Branch 1992,Kochi,Kerala,726348,Local,1005,Kavya Pillai
BR1993,Bengaluru Branch 1993,Bengaluru,Karnataka,707669,Local,919,Harini Verma
BR1994,Ahmedabad Branch 1994,Ahmedabad,Gujarat,870159,Local,579,Dinesh Naidu
BR1995,Delhi Branch 1995,Delhi,Delhi,891341,Hub,383,Vivek Iyer
BR1996,Pune Branch 1996,Pune,Maharashtra,758560,Regional,742,Suresh Sinha
BR1997,Delhi Branch 1997,Delhi,Delhi,806308,Local,196,Meena Joshi
BR1998,Pune Branch 1998,Pune,Maharashtra,757613,Hub,552,Dinesh Kapoor
BR1999,Delhi Branch 1999,Delhi,Delhi,676864,Local,492,Vivek Sinha
BR2000,Kochi Branch 2000,Kochi,Kerala,745519,Regional,485,Divya Patel
BR2001,Mumbai Branch 2001,Mumbai,Maharashtra,812056,Local,264,Suresh Iyer
BR2002,Coimbatore Branch 2002,Coimbatore,Tamil Nadu,881728,Regional,630,Kavya Kumar
BR2003,Kochi Branch 2003,Kochi,Kerala,635110,Hub,894,Sneha Reddy
BR2004,Madurai Branch 2004,Madurai,Tamil Nadu,875605,Local,549,Kavya Pillai
BR2005,Trichy Branch 2005,Trichy,Tamil Nadu,881927,Regional,613,Ananya Sinha
BR2006,Kolkata Branch 2006,Kolkata,West Bengal,699450,Local,504,Kavya Nair
BR2007,Ahmedabad Branch 2007,Ahmedabad,Gujarat,878912,Hub,621,Vijay Patel
BR2008,Ahmedabad Branch 2008,Ahmedabad,Gujarat,744831,Local,1053,Vijay Mehta
BR2009,Ahmedabad Branch 2009,Ahmedabad,Gujarat,691079,Regional,717,Sneha Kapoor
BR2010,Salem Branch 2010,Salem,Tamil Nadu,760586,Local,116,Priya Naidu
BR2011,Kochi Branch 2011,Kochi,Kerala,829059,Local,303,Vivek Patel
BR2012,Chennai Branch 2012,Chennai,Tamil Nadu,663057,Local,1130,Arun Naidu
BR2013,Pune Branch 2013,Pune,Maharashtra,707115,Local,1133,Karthik Menon
BR2014,Kolkata Branch 2014,Kolkata,West Bengal,781244,Local,883,Rohit Bose
BR2015,Vijayawada Branch 2015,Vijayawada,Andhra Pradesh,669581,Local,112,Vivek Joshi
BR2016,Pune Branch 2016,Pune,Maharashtra,878734,Hub,288,Divya Gupta
BR2017,Pune Branch 2017,Pune,Maharashtra,874129,Local,243,Arun Das
BR2018,Kochi Branch 2018,Kochi,Kerala,690751,Hub,385,Kavya Naidu
BR2019,Pune Branch 2019,Pune,Maharashtra,878592,Regional,427,Sneha Bose
BR2020,Pune Branch 2020,Pune,Maharashtra,619561,Local,794,Nithya Nair
BR2021,Jaipur Branch 2021,Jaipur,Rajasthan,857644,Local,980,Rahul Menon
BR2022,Salem Branch 2022,Salem,Tamil Nadu,702110,Regional,535,Arun Reddy
BR2023,Pune Branch 2023,Pune,Maharashtra,604324,Local,1090,Vijay Pillai
BR2024,Chennai Branch 2024,Chennai,Tamil Nadu,686718,Local,430,Swetha Singh
BR2025,Kochi Branch 2025,Kochi,Kerala,866168,Local,1171,Vijay Menon
BR2026,Delhi Branch 2026,Delhi,Delhi,616779,Local,874,Ananya Menon
BR2027,Salem Branch 2027,Salem,Tamil Nadu,855189,Regional,1049,Harini Singh
BR2028,Salem Branch 2028,Salem,Tamil Nadu,774813,Local,1155,Kavya Rao
BR2029,Kochi Branch 2029,Kochi,Kerala,798468,Regional,417,Priya Iyer
BR2030,Jaipur Branch 2030,Jaipur,Rajasthan,777826,Local,1077,Pooja Naidu
BR2031,Delhi Branch 2031,Delhi,Delhi,737514,Local,288,Nithya Pillai
BR2032,Coimbatore Branch 2032,Coimbatore,Tamil Nadu,879549,Local,944,Dinesh Sinha
BR2033,Ahmedabad Branch 2033,Ahmedabad,Gujarat,713342,Local,539,Suresh Joshi
BR2034,Pune Branch 2034,Pune,Maharashtra,607748,Regional,133,Meena Nair
BR2035,Bengaluru Branch 2035,Bengaluru,Karnataka,744644,Local,217,Arun Sinha
BR2036,Jaipur Branch 2036,Jaipur,Rajasthan,696382,Local,123,Ananya Bose
BR2037,Kolkata Branch 2037,Kolkata,West Bengal,611150,Regional,878,Swetha Naidu
BR2038,Ahmedabad Branch 2038,Ahmedabad,Gujarat,872555,Hub,1087,Vivek Menon
BR2039,Chennai Branch 2039,Chennai,Tamil Nadu,770900,Local,228,Karthik Kumar
BR2040,Pune Branch 2040,Pune,Maharashtra,888769,Local,311,Arun Kumar
BR2041,Kochi Branch 2041,Kochi,Kerala,622225,Local,552,Dinesh Nair
BR2042,Pune Branch 2042,Pune,Maharashtra,686600,Local,260,Vivek Joshi
BR2043,Kochi Branch 2043,Kochi,Kerala,743317,Regional,1187,Rohit Mishra
BR2044,Hyderabad Branch 2044,Hyderabad,Telangana,679892,Regional,1132,Sneha Nair
BR2045,Bengaluru Branch 2045,Bengaluru,Karnataka,623001,Local,131,Nithya Gupta
BR2046,Salem Branch 2046,Salem,Tamil Nadu,688021,Local,720,Rahul Gupta
BR2047,Mumbai Branch 2047,Mumbai,Maharashtra,839757,Regional,1001,Divya Reddy
BR2048,Kolkata Branch 2048,Kolkata,West Bengal,845625,Local,344,Rahul Verma
BR2049,Trichy Branch 2049,Trichy,Tamil Nadu,696306,Local,355,Swetha Gupta
BR2050,Hyderabad Branch 2050,Hyderabad,Telangana,817578,Local,843,Karthik Menon
BR2051,Jaipur Branch 2051,Jaipur,Rajasthan,748812,Local,202,Pooja Bose
BR2052,Ahmedabad Branch 2052,Ahmedabad,Gujarat,772027,Local,1084,Vivek Joshi
BR2053,Vijayawada Branch 2053,Vijayawada,Andhra Pradesh,641230,Hub,636,Ananya Singh
BR2054,Delhi Branch 2054,Delhi,Delhi,850001,Local,719,Sneha Sinha
BR2055,Kolkata Branch 2055,Kolkata,West Bengal,772621,Regional,126,Arun Menon
BR2056,Jaipur Branch 2056,Jaipur,Rajasthan,805175,Local,750,Rahul Mishra
BR2057,Vijayawada Branch 2057,Vijayawada,Andhra Pradesh,717761,Hub,233,Suresh Iyer
BR2058,Bengaluru Branch 2058,Bengaluru,Karnataka,872922,Local,392,Priya Rao
BR2059,Hyderabad Branch 2059,Hyderabad,Telangana,714159,Local,827,Manoj Naidu
BR2060,Madurai Branch 2060,Madurai,Tamil Nadu,719982,Hub,814,Manoj Kapoor
BR2061,Chennai Branch 2061,Chennai,Tamil Nadu,693218,Local,205,Meena Mehta
BR2062,Coimbatore Branch 2062,Coimbatore,Tamil Nadu,825598,Hub,576,Suresh Nair
BR2063,Chennai Branch 2063,Chennai,Tamil Nadu,637449,Hub,1067,Arun Bose
BR2064,Hyderabad Branch 2064,Hyderabad,Telangana,643571,Local,987,Rahul Pillai
BR2065,Delhi Branch 2065,Delhi,Delhi,700055,Local,1133,Ananya Singh
BR2066,Salem Branch 2066,Salem,Tamil Nadu,874743,Hub,826,Vijay Pillai
BR2067,Coimbatore Branch 2067,Coimbatore,Tamil Nadu,717660,Local,245,Suresh Naidu
BR2068,Kolkata Branch 2068,Kolkata,West Bengal,645245,Local,985,Divya Gupta
BR2069,Hyderabad Branch 2069,Hyderabad,Telangana,801351,Hub,834,Suresh Rao
BR2070,Kochi Branch 2070,Kochi,Kerala,675243,Local,589,Nithya Mishra
BR2071,Delhi Branch 2071,Delhi,Delhi,800450,Regional,823,Ajay Kumar
BR2072,Chennai Branch 2072,Chennai,Tamil Nadu,705948,Regional,147,Rohit Das
BR2073,Coimbatore Branch 2073,Coimbatore,Tamil Nadu,883596,Local,202,Swetha Patel
BR2074,Madurai Branch 2074,Madurai,Tamil Nadu,716655,Local,1082,Rahul Sharma
BR2075,Madurai Branch 2075,Madurai,Tamil Nadu,644605,Local,210,Ananya Rao
BR2076,Ahmedabad Branch 2076,Ahmedabad,Gujarat,887080,Local,421,Vivek Sinha
BR2077,Mumbai Branch 2077,Mumbai,Maharashtra,663656,Local,862,Manoj Gupta
BR2078,Mumbai Branch 2078,Mumbai,Maharashtra,883161,Regional,1109,Arun Reddy
BR2079,Kolkata Branch 2079,Kolkata,West Bengal,665584,Local,1040,Nithya Iyer
BR2080,Kolkata Branch 2080,Kolkata,West Bengal,740720,Regional,1036,Rahul Naidu
BR2081,Salem Branch 2081,Salem,Tamil Nadu,848509,Regional,442,Arun Singh
BR2082,Delhi Branch 2082,Delhi,Delhi,770889,Local,731,Pooja Reddy
BR2083,Kolkata Branch 2083,Kolkata,West Bengal,722251,Local,383,Vijay Nair
BR2084,Ahmedabad Branch 2084,Ahmedabad,Gujarat,709627,Regional,875,Meena Kumar
BR2085,Chennai Branch 2085,Chennai,Tamil Nadu,777089,Local,836,Dinesh Mishra
BR2086,Madurai Branch 2086,Madurai,Tamil Nadu,821067,Local,865,Ananya Pillai
BR2087,Ahmedabad Branch 2087,Ahmedabad,Gujarat,887801,Hub,979,Sneha Kapoor
BR2088,Jaipur Branch 2088,Jaipur,Rajasthan,719234,Local,795,Meena Pillai
BR2089,Delhi Branch 2089,Delhi,Delhi,771886,Local,904,Dinesh Das
BR2090,Coimbatore Branch 2090,Coimbatore,Tamil Nadu,763096,Local,1014,Ajay Naidu
BR2091,Vijayawada Branch 2091,Vijayawada,Andhra Pradesh,757352,Local,542,Pooja Sinha
BR2092,Jaipur Branch 2092,Jaipur,Rajasthan,614070,Regional,347,Rohit Pillai
BR2093,Pune Branch 2093,Pune,Maharashtra,811910,Local,1030,Divya Mehta
BR2094,Kochi Branch 2094,Kochi,Kerala,667074,Regional,217,Ananya Rao
BR2095,Kolkata Branch 2095,Kolkata,West Bengal,859471,Hub,191,Divya Rao
BR2096,Hyderabad Branch 2096,Hyderabad,Telangana,780016,Local,947,Ananya Das
BR2097,Trichy Branch 2097,Trichy,Tamil Nadu,856182,Local,1083,Manoj Reddy
BR2098,Chennai Branch 2098,Chennai,Tamil Nadu,789742,Local,1198,Meena Sharma
BR2099,Kolkata Branch 2099,Kolkata,West Bengal,796537,Hub,178,Kavya Naidu
BR2100,Pune Branch 2100,Pune,Maharashtra,698487,Regional,794,Vijay Bose
BR2101,Chennai Branch 2101,Chennai,Tamil Nadu,726366,Regional,812,Vijay Kumar
BR2102,Madurai Branch 2102,Madurai,Tamil Nadu,665692,Local,304,Meena Sharma
BR2103,Madurai Branch 2103,Madurai,Tamil Nadu,687732,Local,917,Pooja Rao
BR2104,Delhi Branch 2104,Delhi,Delhi,858985,Local,640,Karthik Joshi
BR2105,Salem Branch 2105,Salem,Tamil Nadu,724273,Local,925,Ananya Nair
BR2106,Madurai Branch 2106,Madurai,Tamil Nadu,680110,Local,122,Meena Verma
BR2107,Kolkata Branch 2107,Kolkata,West Bengal,607978,Local,232,Priya Iyer
BR2108,Coimbatore Branch 2108,Coimbatore,Tamil Nadu,752877,Local,158,Vivek Gupta
BR2109,Salem Branch 2109,Salem,Tamil Nadu,846618,Local,872,Priya Pillai
BR2110,Bengaluru Branch 2110,Bengaluru,Karnataka,628854,Local,541,Dinesh Iyer
BR2111,Bengaluru Branch 2111,Bengaluru,Karnataka,761683,Hub,381,Pooja Das
BR2112,Mumbai Branch 2112,Mumbai,Maharashtra,867419,Local,1054,Karthik Patel
BR2113,Chennai Branch 2113,Chennai,Tamil Nadu,670395,Regional,720,Divya Iyer
BR2114,Coimbatore Branch 2114,Coimbatore,Tamil Nadu,637447,Local,655,Nithya Sharma
BR2115,Pune Branch 2115,Pune,Maharashtra,795447,Local,815,Meena Sinha
BR2116,Kochi Branch 2116,Kochi,Kerala,884568,Local,205,Manoj Reddy
BR2117,Ahmedabad Branch 2117,Ahmedabad,Gujarat,615964,Regional,318,Manoj Mehta
BR2118,Kolkata Branch 2118,Kolkata,West Bengal,601700,Hub,1021,Dinesh Bose
BR2119,Vijayawada Branch 2119,Vijayawada,Andhra Pradesh,730015,Hub,655,Priya Iyer
BR2120,Kochi Branch 2120,Kochi,Kerala,725144,Local,828,Kavya Kumar
BR2121,Bengaluru Branch 2121,Bengaluru,Karnataka,887434,Regional,404,Vijay Das
BR2122,Pune Branch 2122,Pune,Maharashtra,651238,Local,190,Meena Patel
BR2123,Madurai Branch 2123,Madurai,Tamil Nadu,722117,Local,595,Sneha Joshi
BR2124,Madurai Branch 2124,Madurai,Tamil Nadu,683318,Regional,796,Harini Das
BR2125,Bengaluru Branch 2125,Bengaluru,Karnataka,713033,Local,233,Swetha Iyer
BR2126,Ahmedabad Branch 2126,Ahmedabad,Gujarat,633459,Regional,506,Sneha Sharma
BR2127,Salem Branch 2127,Salem,Tamil Nadu,607899,Regional,437,Karthik Bose
BR2128,Bengaluru Branch 2128,Bengaluru,Karnataka,697784,Local,1121,Meena Kapoor
BR2129,Pune Branch 2129,Pune,Maharashtra,718699,Local,1189,Meena Sharma
BR2130,Hyderabad Branch 2130,Hyderabad,Telangana,767420,Hub,400,Divya Sharma
BR2131,Jaipur Branch 2131,Jaipur,Rajasthan,840396,Local,615,Priya Joshi
BR2132,Chennai Branch 2132,Chennai,Tamil Nadu,785617,Local,196,Ananya Nair
BR2133,Salem Branch 2133,Salem,Tamil Nadu,674504,Hub,1052,Nithya Kapoor
BR2134,Jaipur Branch 2134,Jaipur,Rajasthan,719255,Regional,335,Vijay Kumar
BR2135,Vijayawada Branch 2135,Vijayawada,Andhra Pradesh,731113,Local,236,Arun Naidu
BR2136,Chennai Branch 2136,Chennai,Tamil Nadu,716933,Local,1171,Sneha Bose
BR2137,Pune Branch 2137,Pune,Maharashtra,657643,Local,599,Kavya Kumar
BR2138,Hyderabad Branch 2138,Hyderabad,Telangana,776337,Regional,294,Kavya Kapoor
BR2139,Madurai Branch 2139,Madurai,Tamil Nadu,851823,Local,373,Swetha Sharma
BR2140,Jaipur Branch 2140,Jaipur,Rajasthan,797487,Local,601,Swetha Menon
BR2141,Kochi Branch 2141,Kochi,Kerala,892528,Hub,1103,Meena Reddy
BR2142,Hyderabad Branch 2142,Hyderabad,Telangana,675539,Local,420,Priya Bose
BR2143,Hyderabad Branch 2143,Hyderabad,Telangana,723669,Local,1019,Vijay Reddy
BR2144,Hyderabad Branch 2144,Hyderabad,Telangana,845096,Local,280,Arun Singh
BR2145,Ahmedabad Branch 2145,Ahmedabad,Gujarat,785598,Hub,525,Manoj Joshi
BR2146,Chennai Branch 2146,Chennai,Tamil Nadu,651748,Regional,920,Kavya Joshi
BR2147,Hyderabad Branch 2147,Hyderabad,Telangana,706826,Local,1099,Dinesh Bose
BR2148,Pune Branch 2148,Pune,Maharashtra,709551,Local,673,Suresh Sinha
BR2149,Coimbatore Branch 2149,Coimbatore,Tamil Nadu,610728,Local,1094,Swetha Kumar
BR2150,Kolkata Branch 2150,Kolkata,West Bengal,773052,Regional,239,Ananya Rao
BR2151,Kochi Branch 2151,Kochi,Kerala,677237,Hub,148,Rahul Das
BR2152,Jaipur Branch 2152,Jaipur,Rajasthan,809919,Local,596,Rohit Sinha
BR2153,Jaipur Branch 2153,Jaipur,Rajasthan,776562,Local,423,Vijay Iyer
BR2154,Salem Branch 2154,Salem,Tamil Nadu,728559,Local,1018,Vijay Bose
BR2155,Mumbai Branch 2155,Mumbai,Maharashtra,798436,Local,450,Vijay Iyer
BR2156,Mumbai Branch 2156,Mumbai,Maharashtra,772652,Local,377,Kavya Nair
BR2157,Vijayawada Branch 2157,Vijayawada,Andhra Pradesh,862833,Regional,664,Rahul Das
BR2158,Kochi Branch 2158,Kochi,Kerala,741377,Local,253,Harini Sinha
BR2159,Mumbai Branch 2159,Mumbai,Maharashtra,612863,Hub,524,Vijay Reddy
BR2160,Coimbatore Branch 2160,Coimbatore,Tamil Nadu,846580,Local,1196,Sneha Reddy
BR2161,Coimbatore Branch 2161,Coimbatore,Tamil Nadu,700965,Local,401,Suresh Joshi
BR2162,Bengaluru Branch 2162,Bengaluru,Karnataka,893414,Regional,1181,Nithya Mehta
BR2163,Vijayawada Branch 2163,Vijayawada,Andhra Pradesh,697565,Hub,640,Arun Menon
BR2164,Kolkata Branch 2164,Kolkata,West Bengal,802271,Regional,1013,Priya Joshi
BR2165,Kochi Branch 2165,Kochi,Kerala,830331,Hub,770,Manoj Naidu
BR2166,Salem Branch 2166,Salem,Tamil Nadu,835830,Regional,108,Rahul Singh
BR2167,Ahmedabad Branch 2167,Ahmedabad,Gujarat,814240,Local,579,Sneha Joshi
BR2168,Kochi Branch 2168,Kochi,Kerala,609466,Hub,875,Nithya Rao
BR2169,Pune Branch 2169,Pune,Maharashtra,764538,Local,167,Vivek Reddy
BR2170,Bengaluru Branch 2170,Bengaluru,Karnataka,733139,Hub,401,Harini Gupta
BR2171,Jaipur Branch 2171,Jaipur,Rajasthan,768515,Local,372,Karthik Sinha
BR2172,Hyderabad Branch 2172,Hyderabad,Telangana,761518,Local,632,Manoj Mishra
BR2173,Salem Branch 2173,Salem,Tamil Nadu,767654,Regional,659,Divya Das
BR2174,Kolkata Branch 2174,Kolkata,West Bengal,699355,Local,863,Karthik Rao
BR2175,Delhi Branch 2175,Delhi,Delhi,897065,Local,616,Kavya Patel
BR2176,Delhi Branch 2176,Delhi,Delhi,771530,Local,577,Arun Pillai
BR2177,Kochi Branch 2177,Kochi,Kerala,774864,Hub,617,Rohit Mehta
BR2178,Kolkata Branch 2178,Kolkata,West Bengal,757999,Regional,841,Kavya Mehta
BR2179,Delhi Branch 2179,Delhi,Delhi,654940,Local,1067,Ajay Joshi
BR2180,Salem Branch 2180,Salem,Tamil Nadu,676877,Local,1043,Vivek Sinha
BR2181,Bengaluru Branch 2181,Bengaluru,Karnataka,832466,Local,145,Vivek Sinha
BR2182,Coimbatore Branch 2182,Coimbatore,Tamil Nadu,652794,Local,1123,Vijay Nair
BR2183,Kolkata Branch 2183,Kolkata,West Bengal,600174,Local,723,Sneha Iyer
BR2184,Delhi Branch 2184,Delhi,Delhi,806225,Local,546,Dinesh Rao
BR2185,Pune Branch 2185,Pune,Maharashtra,705559,Hub,742,Suresh Patel
BR2186,Salem Branch 2186,Salem,Tamil Nadu,816896,Local,770,Karthik Patel
BR2187,Delhi Branch 2187,Delhi,Delhi,804119,Local,478,Sneha Naidu
BR2188,Ahmedabad Branch 2188,Ahmedabad,Gujarat,614390,Hub,714,Pooja Das
BR2189,Hyderabad Branch 2189,Hyderabad,Telangana,858126,Regional,746,Dinesh Naidu
BR2190,Bengaluru Branch 2190,Bengaluru,Karnataka,605836,Regional,115,Pooja Das
BR2191,Madurai Branch 2191,Madurai,Tamil Nadu,889207,Local,703,Meena Rao
BR2192,Chennai Branch 2192,Chennai,Tamil Nadu,748238,Local,754,Pooja Mishra
BR2193,Bengaluru Branch 2193,Bengaluru,Karnataka,816561,Local,874,Meena Singh
BR2194,Salem Branch 2194,Salem,Tamil Nadu,893414,Local,454,Meena Kapoor
BR2195,Trichy Branch 2195,Trichy,Tamil Nadu,743034,Regional,578,Vivek Naidu
BR2196,Trichy Branch 2196,Trichy,Tamil Nadu,848044,Local,709,Suresh Kapoor
BR2197,Chennai Branch 2197,Chennai,Tamil Nadu,715121,Regional,484,Nithya Pillai
BR2198,Coimbatore Branch 2198,Coimbatore,Tamil Nadu,801554,Local,817,Ananya Mehta
BR2199,Mumbai Branch 2199,Mumbai,Maharashtra,695728,Regional,630,Arun Naidu
BR2200,Delhi Branch 2200,Delhi,Delhi,851466,Hub,291,Vijay Sinha
BR2201,Salem Branch 2201,Salem,Tamil Nadu,634628,Regional,741,Manoj Menon
BR2202,Pune Branch 2202,Pune,Maharashtra,658695,Regional,122,Rohit Singh
BR2203,Coimbatore Branch 2203,Coimbatore,Tamil Nadu,603920,Local,795,Harini Naidu
BR2204,Trichy Branch 2204,Trichy,Tamil Nadu,704695,Local,948,Rahul Sinha
BR2205,Kolkata Branch 2205,Kolkata,West Bengal,895461,Hub,258,Rahul Das
BR2206,Chennai Branch 2206,Chennai,Tamil Nadu,862311,Local,1114,Vijay Kumar
BR2207,Coimbatore Branch 2207,Coimbatore,Tamil Nadu,618785,Regional,367,Swetha Mishra
BR2208,Mumbai Branch 2208,Mumbai,Maharashtra,762495,Local,732,Karthik Rao
BR2209,Kolkata Branch 2209,Kolkata,West Bengal,799779,Local,774,Nithya Bose
BR2210,Hyderabad Branch 2210,Hyderabad,Telangana,642608,Local,1127,Pooja Reddy
BR2211,Vijayawada Branch 2211,Vijayawada,Andhra Pradesh,727329,Hub,895,Karthik Kumar
BR2212,Bengaluru Branch 2212,Bengaluru,Karnataka,898314,Local,1128,Suresh Rao
BR2213,Chennai Branch 2213,Chennai,Tamil Nadu,746366,Local,1104,Arun Sinha
BR2214,Trichy Branch 2214,Trichy,Tamil Nadu,695730,Regional,1140,Meena Joshi
BR2215,Pune Branch 2215,Pune,Maharashtra,802781,Regional,311,Vijay Das
BR2216,Vijayawada Branch 2216,Vijayawada,Andhra Pradesh,842403,Local,277,Ajay Bose
BR2217,Salem Branch 2217,Salem,Tamil Nadu,600543,Local,273,Karthik Das
BR2218,Ahmedabad Branch 2218,Ahmedabad,Gujarat,892391,Hub,854,Swetha Rao
BR2219,Hyderabad Branch 2219,Hyderabad,Telangana,853903,Local,722,Suresh Mehta
BR2220,Salem Branch 2220,Salem,Tamil Nadu,644545,Local,743,Nithya Sharma
BR2221,Hyderabad Branch 2221,Hyderabad,Telangana,849299,Regional,130,Vivek Sinha
BR2222,Coimbatore Branch 2222,Coimbatore,Tamil Nadu,890395,Hub,103,Vijay Kumar
BR2223,Chennai Branch 2223,Chennai,Tamil Nadu,786567,Local,990,Pooja Verma
BR2224,Jaipur Branch 2224,Jaipur,Rajasthan,700065,Regional,117,Nithya Mehta
BR2225,Bengaluru Branch 2225,Bengaluru,Karnataka,675958,Hub,1118,Arun Mishra
BR2226,Chennai Branch 2226,Chennai,Tamil Nadu,849706,Local,331,Vivek Verma
BR2227,Kolkata Branch 2227,Kolkata,West Bengal,811075,Local,147,Manoj Rao
BR2228,Mumbai Branch 2228,Mumbai,Maharashtra,664337,Regional,162,Rahul Verma
BR2229,Hyderabad Branch 2229,Hyderabad,Telangana,868455,Local,369,Ajay Sharma
BR2230,Hyderabad Branch 2230,Hyderabad,Telangana,816696,Hub,388,Vivek Sharma
BR2231,Trichy Branch 2231,Trichy,Tamil Nadu,803868,Regional,269,Vijay Rao
BR2232,Salem Branch 2232,Salem,Tamil Nadu,618619,Hub,995,Nithya Joshi
BR2233,Hyderabad Branch 2233,Hyderabad,Telangana,781838,Hub,723,Ananya Das
BR2234,Bengaluru Branch 2234,Bengaluru,Karnataka,616942,Local,198,Karthik Mehta
BR2235,Pune Branch 2235,Pune,Maharashtra,777671,Local,982,Sneha Das
BR2236,Chennai Branch 2236,Chennai,Tamil Nadu,745066,Regional,782,Divya Joshi
BR2237,Pune Branch 2237,Pune,Maharashtra,890931,Local,796,Divya Iyer
BR2238,Trichy Branch 2238,Trichy,Tamil Nadu,640199,Regional,242,Rohit Kapoor
BR2239,Ahmedabad Branch 2239,Ahmedabad,Gujarat,838936,Local,405,Priya Patel
BR2240,Coimbatore Branch 2240,Coimbatore,Tamil Nadu,813850,Regional,471,Ananya Naidu
BR2241,Kolkata Branch 2241,Kolkata,West Bengal,858287,Hub,674,Karthik Rao
BR2242,Vijayawada Branch 2242,Vijayawada,Andhra Pradesh,880885,Hub,681,Sneha Patel
BR2243,Ahmedabad Branch 2243,Ahmedabad,Gujarat,778010,Hub,492,Nithya Joshi
BR2244,Ahmedabad Branch 2244,Ahmedabad,Gujarat,810960,Regional,100,Ajay Kumar
BR2245,Salem Branch 2245,Salem,Tamil Nadu,784290,Hub,827,Vivek Iyer
BR2246,Vijayawada Branch 2246,Vijayawada,Andhra Pradesh,629378,Local,469,Priya Iyer
BR2247,Hyderabad Branch 2247,Hyderabad,Telangana,890160,Local,1159,Manoj Kumar
BR2248,Jaipur Branch 2248,Jaipur,Rajasthan,653540,Regional,341,Ananya Pillai
BR2249,Kochi Branch 2249,Kochi,Kerala,723627,Regional,1077,Vivek Bose
BR2250,Madurai Branch 2250,Madurai,Tamil Nadu,688856,Local,1062,Ajay Mishra
BR2251,Salem Branch 2251,Salem,Tamil Nadu,714929,Local,589,Priya Menon
BR2252,Trichy Branch 2252,Trichy,Tamil Nadu,613637,Hub,864,Vijay Patel
BR2253,Jaipur Branch 2253,Jaipur,Rajasthan,681271,Local,1067,Harini Gupta
BR2254,Kolkata Branch 2254,Kolkata,West Bengal,686941,Regional,221,Ajay Sharma
BR2255,Chennai Branch 2255,Chennai,Tamil Nadu,804521,Local,693,Karthik Patel
BR2256,Delhi Branch 2256,Delhi,Delhi,691065,Regional,1096,Ajay Reddy
BR2257,Mumbai Branch 2257,Mumbai,Maharashtra,646729,Hub,1199,Rohit Kapoor
BR2258,Delhi Branch 2258,Delhi,Delhi,695696,Regional,432,Priya Verma
BR2259,Ahmedabad Branch 2259,Ahmedabad,Gujarat,733647,Hub,1009,Vivek Bose
BR2260,Vijayawada Branch 2260,Vijayawada,Andhra Pradesh,726096,Regional,813,Rahul Mishra
BR2261,Hyderabad Branch 2261,Hyderabad,Telangana,639716,Local,185,Arun Bose
BR2262,Pune Branch 2262,Pune,Maharashtra,639670,Local,876,Sneha Pillai
BR2263,Hyderabad Branch 2263,Hyderabad,Telangana,846837,Local,469,Vivek Patel
BR2264,Kolkata Branch 2264,Kolkata,West Bengal,731407,Hub,436,Ananya Mehta
BR2265,Vijayawada Branch 2265,Vijayawada,Andhra Pradesh,744259,Hub,680,Ajay Sharma
BR2266,Pune Branch 2266,Pune,Maharashtra,793171,Local,1029,Arun Kapoor
BR2267,Mumbai Branch 2267,Mumbai,Maharashtra,646633,Regional,1188,Sneha Iyer
BR2268,Vijayawada Branch 2268,Vijayawada,Andhra Pradesh,753893,Local,1035,Sneha Sinha
BR2269,Trichy Branch 2269,Trichy,Tamil Nadu,857264,Local,491,Arun Joshi
BR2270,Kolkata Branch 2270,Kolkata,West Bengal,776571,Hub,105,Sneha Kapoor
BR2271,Kolkata Branch 2271,Kolkata,West Bengal,769096,Local,537,Kavya Menon
BR2272,Trichy Branch 2272,Trichy,Tamil Nadu,827928,Local,245,Dinesh Patel
BR2273,Madurai Branch 2273,Madurai,Tamil Nadu,833230,Local,1114,Vivek Mishra
BR2274,Vijayawada Branch 2274,Vijayawada,Andhra Pradesh,814717,Local,261,Ananya Nair
BR2275,Hyderabad Branch 2275,Hyderabad,Telangana,600912,Regional,662,Meena Mishra
BR2276,Salem Branch 2276,Salem,Tamil Nadu,695977,Local,1117,Priya Kumar
BR2277,Salem Branch 2277,Salem,Tamil Nadu,778956,Local,619,Pooja Bose
BR2278,Trichy Branch 2278,Trichy,Tamil Nadu,805136,Local,513,Ajay Kumar
BR2279,Coimbatore Branch 2279,Coimbatore,Tamil Nadu,657340,Local,925,Sneha Singh
BR2280,Kolkata Branch 2280,Kolkata,West Bengal,810756,Hub,991,Priya Nair
BR2281,Madurai Branch 2281,Madurai,Tamil Nadu,809315,Regional,416,Nithya Kumar
BR2282,Bengaluru Branch 2282,Bengaluru,Karnataka,775913,Local,562,Meena Reddy
BR2283,Delhi Branch 2283,Delhi,Delhi,833709,Regional,1121,Divya Rao
BR2284,Pune Branch 2284,Pune,Maharashtra,782240,Regional,298,Suresh Reddy
BR2285,Hyderabad Branch 2285,Hyderabad,Telangana,809402,Regional,1199,Divya Bose
BR2286,Kolkata Branch 2286,Kolkata,West Bengal,829775,Hub,519,Manoj Nair
BR2287,Vijayawada Branch 2287,Vijayawada,Andhra Pradesh,709155,Hub,969,Divya Das
BR2288,Pune Branch 2288,Pune,Maharashtra,677123,Regional,502,Meena Rao
BR2289,Delhi Branch 2289,Delhi,Delhi,882626,Regional,117,Dinesh Menon
BR2290,Mumbai Branch 2290,Mumbai,Maharashtra,615994,Local,468,Manoj Rao
BR2291,Kolkata Branch 2291,Kolkata,West Bengal,894928,Local,759,Nithya Sharma
BR2292,Jaipur Branch 2292,Jaipur,Rajasthan,637143,Local,613,Rahul Kapoor
BR2293,Jaipur Branch 2293,Jaipur,Rajasthan,654623,Regional,129,Rohit Naidu
BR2294,Kolkata Branch 2294,Kolkata,West Bengal,704818,Local,534,Swetha Sinha
BR2295,Pune Branch 2295,Pune,Maharashtra,744323,Local,146,Suresh Rao
BR2296,Vijayawada Branch 2296,Vijayawada,Andhra Pradesh,660279,Hub,398,Kavya Das
BR2297,Kolkata Branch 2297,Kolkata,West Bengal,723258,Regional,486,Swetha Das
BR2298,Kolkata Branch 2298,Kolkata,West Bengal,893072,Local,978,Ananya Reddy
BR2299,Trichy Branch 2299,Trichy,Tamil Nadu,609572,Local,812,Pooja Joshi
BR2300,Jaipur Branch 2300,Jaipur,Rajasthan,786140,Local,555,Pooja Kapoor
BR2301,Coimbatore Branch 2301,Coimbatore,Tamil Nadu,860274,Regional,261,Swetha Das
BR2302,Ahmedabad Branch 2302,Ahmedabad,Gujarat,723634,Local,850,Arun Reddy
BR2303,Salem Branch 2303,Salem,Tamil Nadu,634076,Regional,715,Swetha Sharma
BR2304,Chennai Branch 2304,Chennai,Tamil Nadu,609851,Hub,438,Divya Reddy
BR2305,Mumbai Branch 2305,Mumbai,Maharashtra,670069,Regional,1160,Sneha Mishra
BR2306,Salem Branch 2306,Salem,Tamil Nadu,834151,Hub,158,Rahul Sinha
BR2307,Chennai Branch 2307,Chennai,Tamil Nadu,698358,Local,975,Vijay Bose
BR2308,Hyderabad Branch 2308,Hyderabad,Telangana,687416,Local,460,Swetha Rao
BR2309,Coimbatore Branch 2309,Coimbatore,Tamil Nadu,833019,Local,885,Arun Gupta
BR2310,Jaipur Branch 2310,Jaipur,Rajasthan,662724,Local,124,Divya Das
BR2311,Kochi Branch 2311,Kochi,Kerala,747536,Local,552,Ajay Das
BR2312,Kolkata Branch 2312,Kolkata,West Bengal,665465,Local,124,Pooja Sinha
BR2313,Hyderabad Branch 2313,Hyderabad,Telangana,893948,Local,347,Rohit Verma
BR2314,Mumbai Branch 2314,Mumbai,Maharashtra,758767,Local,1174,Rahul Kumar
BR2315,Bengaluru Branch 2315,Bengaluru,Karnataka,753421,Local,1048,Harini Kapoor
BR2316,Bengaluru Branch 2316,Bengaluru,Karnataka,811658,Regional,276,Rohit Das
BR2317,Pune Branch 2317,Pune,Maharashtra,656356,Hub,224,Ajay Mehta
BR2318,Jaipur Branch 2318,Jaipur,Rajasthan,780510,Regional,265,Karthik Pillai
BR2319,Bengaluru Branch 2319,Bengaluru,Karnataka,857391,Local,225,Nithya Bose
BR2320,Salem Branch 2320,Salem,Tamil Nadu,675305,Local,981,Manoj Bose
BR2321,Kolkata Branch 2321,Kolkata,West Bengal,756592,Local,169,Swetha Mishra
BR2322,Chennai Branch 2322,Chennai,Tamil Nadu,689884,Hub,622,Sneha Kapoor
BR2323,Madurai Branch 2323,Madurai,Tamil Nadu,706271,Hub,771,Vivek Iyer
BR2324,Vijayawada Branch 2324,Vijayawada,Andhra Pradesh,847737,Local,1181,Manoj Kumar
BR2325,Trichy Branch 2325,Trichy,Tamil Nadu,749675,Regional,952,Ajay Nair
BR2326,Chennai Branch 2326,Chennai,Tamil Nadu,740785,Local,1033,Dinesh Iyer
BR2327,Salem Branch 2327,Salem,Tamil Nadu,864129,Local,284,Rohit Singh
BR2328,Chennai Branch 2328,Chennai,Tamil Nadu,675479,Local,1194,Karthik Joshi
BR2329,Ahmedabad Branch 2329,Ahmedabad,Gujarat,734796,Local,422,Divya Singh
BR2330,Madurai Branch 2330,Madurai,Tamil Nadu,672137,Regional,114,Divya Bose
BR2331,Kolkata Branch 2331,Kolkata,West Bengal,732533,Local,951,Ajay Menon
BR2332,Ahmedabad Branch 2332,Ahmedabad,Gujarat,817566,Regional,541,Nithya Kapoor
BR2333,Vijayawada Branch 2333,Vijayawada,Andhra Pradesh,863353,Local,1181,Meena Joshi
BR2334,Trichy Branch 2334,Trichy,Tamil Nadu,800404,Hub,498,Divya Kapoor
BR2335,Kochi Branch 2335,Kochi,Kerala,893136,Local,799,Vijay Naidu
BR2336,Mumbai Branch 2336,Mumbai,Maharashtra,629795,Local,870,Ajay Sharma
BR2337,Hyderabad Branch 2337,Hyderabad,Telangana,667204,Local,676,Pooja Mishra
BR2338,Kochi Branch 2338,Kochi,Kerala,656892,Regional,1015,Manoj Patel
BR2339,Pune Branch 2339,Pune,Maharashtra,660188,Local,1134,Pooja Rao
BR2340,Bengaluru Branch 2340,Bengaluru,Karnataka,711213,Regional,290,Karthik Sharma
BR2341,Delhi Branch 2341,Delhi,Delhi,885068,Regional,950,Suresh Gupta
BR2342,Delhi Branch 2342,Delhi,Delhi,855384,Regional,159,Nithya Bose
BR2343,Kochi Branch 2343,Kochi,Kerala,852764,Local,255,Divya Pillai
BR2344,Chennai Branch 2344,Chennai,Tamil Nadu,806721,Hub,1118,Pooja Sharma
BR2345,Kochi Branch 2345,Kochi,Kerala,723810,Regional,568,Ananya Kumar
BR2346,Trichy Branch 2346,Trichy,Tamil Nadu,672214,Local,1028,Karthik Gupta
BR2347,Madurai Branch 2347,Madurai,Tamil Nadu,685333,Regional,414,Swetha Iyer
BR2348,Chennai Branch 2348,Chennai,Tamil Nadu,656859,Hub,1169,Vijay Kapoor
BR2349,Delhi Branch 2349,Delhi,Delhi,827372,Local,867,Manoj Singh
BR2350,Kolkata Branch 2350,Kolkata,West Bengal,698670,Local,231,Rohit Mishra
BR2351,Coimbatore Branch 2351,Coimbatore,Tamil Nadu,868056,Local,510,Rohit Joshi
BR2352,Bengaluru Branch 2352,Bengaluru,Karnataka,667758,Regional,235,Pooja Kapoor
BR2353,Salem Branch 2353,Salem,Tamil Nadu,780497,Regional,716,Ajay Rao
BR2354,Coimbatore Branch 2354,Coimbatore,Tamil Nadu,810693,Regional,913,Kavya Verma
BR2355,Salem Branch 2355,Salem,Tamil Nadu,767462,Hub,1003,Meena Sharma
BR2356,Trichy Branch 2356,Trichy,Tamil Nadu,833019,Hub,125,Vijay Gupta
BR2357,Ahmedabad Branch 2357,Ahmedabad,Gujarat,630619,Local,612,Priya Menon
BR2358,Vijayawada Branch 2358,Vijayawada,Andhra Pradesh,877686,Hub,590,Divya Kapoor
BR2359,Bengaluru Branch 2359,Bengaluru,Karnataka,748058,Hub,1092,Meena Gupta
BR2360,Bengaluru Branch 2360,Bengaluru,Karnataka,674340,Hub,865,Rohit Nair
BR2361,Madurai Branch 2361,Madurai,Tamil Nadu,656631,Regional,567,Kavya Nair
BR2362,Kolkata Branch 2362,Kolkata,West Bengal,850022,Regional,821,Pooja Naidu
BR2363,Coimbatore Branch 2363,Coimbatore,Tamil Nadu,668464,Hub,1162,Pooja Pillai
BR2364,Chennai Branch 2364,Chennai,Tamil Nadu,815101,Hub,1004,Nithya Joshi
BR2365,Trichy Branch 2365,Trichy,Tamil Nadu,896877,Local,126,Rahul Joshi
BR2366,Delhi Branch 2366,Delhi,Delhi,756672,Local,297,Karthik Sharma
BR2367,Chennai Branch 2367,Chennai,Tamil Nadu,831458,Local,1015,Meena Pillai
BR2368,Pune Branch 2368,Pune,Maharashtra,660289,Regional,1097,Rahul Reddy
BR2369,Bengaluru Branch 2369,Bengaluru,Karnataka,671818,Regional,841,Nithya Singh
BR2370,Vijayawada Branch 2370,Vijayawada,Andhra Pradesh,602076,Local,121,Vivek Iyer
BR2371,Madurai Branch 2371,Madurai,Tamil Nadu,792286,Regional,1196,Sneha Naidu
BR2372,Hyderabad Branch 2372,Hyderabad,Telangana,757471,Local,540,Swetha Kapoor
BR2373,Trichy Branch 2373,Trichy,Tamil Nadu,775211,Local,491,Sneha Singh
BR2374,Kolkata Branch 2374,Kolkata,West Bengal,896169,Local,100,Kavya Mishra
BR2375,Vijayawada Branch 2375,Vijayawada,Andhra Pradesh,657540,Regional,537,Karthik Sharma
BR2376,Bengaluru Branch 2376,Bengaluru,Karnataka,725937,Regional,1007,Priya Kapoor
BR2377,Trichy Branch 2377,Trichy,Tamil Nadu,735370,Local,307,Ananya Kapoor
BR2378,Mumbai Branch 2378,Mumbai,Maharashtra,698345,Local,113,Rahul Sharma
BR2379,Trichy Branch 2379,Trichy,Tamil Nadu,711680,Local,343,Sneha Mishra
BR2380,Hyderabad Branch 2380,Hyderabad,Telangana,821866,Regional,207,Divya Gupta
BR2381,Chennai Branch 2381,Chennai,Tamil Nadu,733932,Local,224,Dinesh Pillai
BR2382,Trichy Branch 2382,Trichy,Tamil Nadu,700342,Local,511,Harini Kapoor
BR2383,Delhi Branch 2383,Delhi,Delhi,634443,Local,1072,Harini Kapoor
BR2384,Pune Branch 2384,Pune,Maharashtra,780588,Regional,336,Nithya Singh
BR2385,Delhi Branch 2385,Delhi,Delhi,799127,Local,859,Meena Das
BR2386,Ahmedabad Branch 2386,Ahmedabad,Gujarat,608692,Local,754,Vijay Sinha
BR2387,Chennai Branch 2387,Chennai,Tamil Nadu,832430,Local,308,Manoj Iyer
BR2388,Salem Branch 2388,Salem,Tamil Nadu,880999,Local,1146,Rahul Menon
BR2389,Coimbatore Branch 2389,Coimbatore,Tamil Nadu,711804,Local,109,Ananya Naidu
BR2390,Mumbai Branch 2390,Mumbai,Maharashtra,689948,Local,867,Vijay Kumar
BR2391,Kolkata Branch 2391,Kolkata,West Bengal,661209,Hub,1058,Ananya Kumar
BR2392,Coimbatore Branch 2392,Coimbatore,Tamil Nadu,681436,Regional,865,Vivek Patel
BR2393,Hyderabad Branch 2393,Hyderabad,Telangana,680275,Hub,389,Meena Iyer
BR2394,Ahmedabad Branch 2394,Ahmedabad,Gujarat,811438,Regional,179,Suresh Mehta
BR2395,Mumbai Branch 2395,Mumbai,Maharashtra,622227,Local,505,Rohit Joshi
BR2396,Madurai Branch 2396,Madurai,Tamil Nadu,863402,Regional,518,Nithya Rao
BR2397,Vijayawada Branch 2397,Vijayawada,Andhra Pradesh,606636,Hub,122,Manoj Nair
BR2398,Kochi Branch 2398,Kochi,Kerala,865117,Regional,808,Pooja Kapoor
BR2399,Madurai Branch 2399,Madurai,Tamil Nadu,670578,Hub,346,Ajay Mishra
BR2400,Kolkata Branch 2400,Kolkata,West Bengal,695544,Local,864,Swetha Gupta
BR2401,Hyderabad Branch 2401,Hyderabad,Telangana,653138,Local,585,Priya Reddy
BR2402,Ahmedabad Branch 2402,Ahmedabad,Gujarat,843825,Local,1142,Vijay Patel
BR2403,Salem Branch 2403,Salem,Tamil Nadu,601525,Hub,886,Karthik Patel
BR2404,Mumbai Branch 2404,Mumbai,Maharashtra,645182,Hub,978,Ajay Sharma
BR2405,Kolkata Branch 2405,Kolkata,West Bengal,630802,Local,1096,Priya Sinha
BR2406,Jaipur Branch 2406,Jaipur,Rajasthan,755900,Hub,698,Ananya Mehta
BR2407,Delhi Branch 2407,Delhi,Delhi,862526,Local,495,Suresh Nair
BR2408,Delhi Branch 2408,Delhi,Delhi,732877,Local,1136,Priya Pillai
BR2409,Salem Branch 2409,Salem,Tamil Nadu,749444,Regional,441,Nithya Mishra
BR2410,Mumbai Branch 2410,Mumbai,Maharashtra,708996,Local,806,Sneha Iyer
BR2411,Trichy Branch 2411,Trichy,Tamil Nadu,799251,Regional,687,Nithya Singh
BR2412,Coimbatore Branch 2412,Coimbatore,Tamil Nadu,780248,Local,1146,Nithya Iyer
BR2413,Madurai Branch 2413,Madurai,Tamil Nadu,731425,Regional,1120,Kavya Joshi
BR2414,Trichy Branch 2414,Trichy,Tamil Nadu,753673,Regional,925,Kavya Mehta
BR2415,Kolkata Branch 2415,Kolkata,West Bengal,784313,Local,294,Swetha Verma
BR2416,Coimbatore Branch 2416,Coimbatore,Tamil Nadu,661955,Hub,810,Rohit Naidu
BR2417,Trichy Branch 2417,Trichy,Tamil Nadu,666307,Local,1112,Vivek Rao
BR2418,Bengaluru Branch 2418,Bengaluru,Karnataka,760798,Local,609,Ajay Pillai
BR2419,Mumbai Branch 2419,Mumbai,Maharashtra,719442,Hub,935,Kavya Menon
BR2420,Hyderabad Branch 2420,Hyderabad,Telangana,631659,Hub,1093,Rahul Menon
BR2421,Delhi Branch 2421,Delhi,Delhi,646537,Hub,826,Swetha Menon
BR2422,Bengaluru Branch 2422,Bengaluru,Karnataka,742146,Hub,1131,Ananya Patel
BR2423,Kolkata Branch 2423,Kolkata,West Bengal,691163,Regional,315,Harini Sinha
BR2424,Coimbatore Branch 2424,Coimbatore,Tamil Nadu,785700,Local,383,Manoj Iyer
BR2425,Mumbai Branch 2425,Mumbai,Maharashtra,879150,Hub,538,Harini Menon
BR2426,Coimbatore Branch 2426,Coimbatore,Tamil Nadu,789210,Hub,422,Priya Kumar
BR2427,Coimbatore Branch 2427,Coimbatore,Tamil Nadu,755183,Regional,856,Pooja Menon
BR2428,Hyderabad Branch 2428,Hyderabad,Telangana,829267,Local,814,Rahul Singh
BR2429,Chennai Branch 2429,Chennai,Tamil Nadu,760361,Local,512,Arun Verma
BR2430,Salem Branch 2430,Salem,Tamil Nadu,697429,Local,316,Ajay Das
BR2431,Hyderabad Branch 2431,Hyderabad,Telangana,880469,Regional,1032,Dinesh Iyer
BR2432,Trichy Branch 2432,Trichy,Tamil Nadu,746992,Hub,776,Kavya Naidu
BR2433,Vijayawada Branch 2433,Vijayawada,Andhra Pradesh,633975,Regional,981,Ananya Pillai
BR2434,Kochi Branch 2434,Kochi,Kerala,689758,Regional,952,Ajay Joshi
BR2435,Ahmedabad Branch 2435,Ahmedabad,Gujarat,893930,Local,1152,Rahul Das
BR2436,Vijayawada Branch 2436,Vijayawada,Andhra Pradesh,813157,Local,600,Sneha Mehta
BR2437,Jaipur Branch 2437,Jaipur,Rajasthan,606953,Regional,1172,Suresh Nair
BR2438,Chennai Branch 2438,Chennai,Tamil Nadu,710254,Local,1125,Vivek Singh
BR2439,Kochi Branch 2439,Kochi,Kerala,840734,Local,809,Divya Sharma
BR2440,Ahmedabad Branch 2440,Ahmedabad,Gujarat,744598,Local,700,Suresh Das
BR2441,Bengaluru Branch 2441,Bengaluru,Karnataka,748668,Regional,169,Dinesh Iyer
BR2442,Coimbatore Branch 2442,Coimbatore,Tamil Nadu,701464,Hub,804,Swetha Reddy
BR2443,Mumbai Branch 2443,Mumbai,Maharashtra,888202,Hub,145,Dinesh Kapoor
BR2444,Ahmedabad Branch 2444,Ahmedabad,Gujarat,601496,Regional,1186,Vijay Joshi
BR2445,Jaipur Branch 2445,Jaipur,Rajasthan,790209,Regional,837,Kavya Rao
BR2446,Madurai Branch 2446,Madurai,Tamil Nadu,681656,Local,1016,Vijay Mehta
BR2447,Kolkata Branch 2447,Kolkata,West Bengal,760822,Regional,591,Swetha Patel
BR2448,Hyderabad Branch 2448,Hyderabad,Telangana,640453,Local,596,Dinesh Pillai
BR2449,Ahmedabad Branch 2449,Ahmedabad,Gujarat,892767,Local,1150,Manoj Rao
BR2450,Chennai Branch 2450,Chennai,Tamil Nadu,656357,Regional,967,Ananya Rao
BR2451,Vijayawada Branch 2451,Vijayawada,Andhra Pradesh,747819,Regional,323,Ananya Patel
BR2452,Jaipur Branch 2452,Jaipur,Rajasthan,875390,Local,1181,Rohit Gupta
BR2453,Chennai Branch 2453,Chennai,Tamil Nadu,715446,Local,912,Suresh Kapoor
BR2454,Ahmedabad Branch 2454,Ahmedabad,Gujarat,775584,Local,820,Divya Sharma
BR2455,Chennai Branch 2455,Chennai,Tamil Nadu,889712,Local,753,Pooja Sharma
BR2456,Trichy Branch 2456,Trichy,Tamil Nadu,771732,Local,628,Harini Iyer
BR2457,Hyderabad Branch 2457,Hyderabad,Telangana,755102,Local,1024,Rohit Sharma
BR2458,Pune Branch 2458,Pune,Maharashtra,717440,Hub,595,Rohit Gupta
BR2459,Coimbatore Branch 2459,Coimbatore,Tamil Nadu,601792,Local,851,Divya Nair
BR2460,Coimbatore Branch 2460,Coimbatore,Tamil Nadu,820115,Local,1161,Sneha Kapoor
BR2461,Bengaluru Branch 2461,Bengaluru,Karnataka,777812,Regional,157,Vivek Pillai
BR2462,Madurai Branch 2462,Madurai,Tamil Nadu,864534,Regional,628,Karthik Das
BR2463,Madurai Branch 2463,Madurai,Tamil Nadu,785611,Local,731,Manoj Naidu
BR2464,Kolkata Branch 2464,Kolkata,West Bengal,837431,Local,634,Priya Rao
BR2465,Kochi Branch 2465,Kochi,Kerala,764131,Hub,581,Priya Joshi
BR2466,Trichy Branch 2466,Trichy,Tamil Nadu,723052,Local,821,Kavya Singh
BR2467,Pune Branch 2467,Pune,Maharashtra,875895,Local,312,Dinesh Das
BR2468,Pune Branch 2468,Pune,Maharashtra,729173,Local,247,Ajay Mishra
BR2469,Coimbatore Branch 2469,Coimbatore,Tamil Nadu,722804,Local,559,Karthik Kumar
BR2470,Vijayawada Branch 2470,Vijayawada,Andhra Pradesh,848927,Local,359,Suresh Mehta
BR2471,Coimbatore Branch 2471,Coimbatore,Tamil Nadu,759625,Hub,172,Manoj Pillai
BR2472,Pune Branch 2472,Pune,Maharashtra,762490,Regional,430,Meena Bose
BR2473,Delhi Branch 2473,Delhi,Delhi,741569,Regional,148,Vijay Sharma
BR2474,Delhi Branch 2474,Delhi,Delhi,703312,Hub,893,Karthik Patel
BR2475,Delhi Branch 2475,Delhi,Delhi,858738,Regional,604,Vivek Gupta
BR2476,Pune Branch 2476,Pune,Maharashtra,862488,Hub,131,Arun Bose
BR2477,Madurai Branch 2477,Madurai,Tamil Nadu,615899,Local,639,Suresh Kapoor
BR2478,Ahmedabad Branch 2478,Ahmedabad,Gujarat,714717,Regional,918,Harini Naidu
BR2479,Chennai Branch 2479,Chennai,Tamil Nadu,806953,Local,779,Karthik Sinha
BR2480,Vijayawada Branch 2480,Vijayawada,Andhra Pradesh,689157,Regional,136,Meena Das
BR2481,Trichy Branch 2481,Trichy,Tamil Nadu,786036,Hub,845,Priya Nair
BR2482,Hyderabad Branch 2482,Hyderabad,Telangana,628774,Hub,1106,Divya Naidu
BR2483,Kolkata Branch 2483,Kolkata,West Bengal,605784,Regional,156,Sneha Kumar
BR2484,Jaipur Branch 2484,Jaipur,Rajasthan,823784,Hub,435,Suresh Kapoor
BR2485,Madurai Branch 2485,Madurai,Tamil Nadu,881889,Regional,595,Ananya Verma
BR2486,Bengaluru Branch 2486,Bengaluru,Karnataka,816753,Local,683,Rohit Das
BR2487,Jaipur Branch 2487,Jaipur,Rajasthan,808023,Regional,294,Sneha Sinha
BR2488,Salem Branch 2488,Salem,Tamil Nadu,837525,Regional,102,Dinesh Kapoor
BR2489,Jaipur Branch 2489,Jaipur,Rajasthan,723158,Hub,301,Swetha Kumar
BR2490,Ahmedabad Branch 2490,Ahmedabad,Gujarat,653229,Local,306,Rohit Joshi
BR2491,Mumbai Branch 2491,Mumbai,Maharashtra,887348,Hub,662,Kavya Sinha
BR2492,Coimbatore Branch 2492,Coimbatore,Tamil Nadu,789587,Regional,849,Karthik Gupta
BR2493,Pune Branch 2493,Pune,Maharashtra,629037,Regional,1006,Swetha Menon
BR2494,Kochi Branch 2494,Kochi,Kerala,802420,Local,315,Divya Mishra
BR2495,Salem Branch 2495,Salem,Tamil Nadu,677090,Regional,691,Nithya Joshi
BR2496,Coimbatore Branch 2496,Coimbatore,Tamil Nadu,865546,Regional,1031,Karthik Pillai
BR2497,Kochi Branch 2497,Kochi,Kerala,749899,Local,1144,Sneha Verma
BR2498,Salem Branch 2498,Salem,Tamil Nadu,797163,Local,321,Suresh Sinha
BR2499,Bengaluru Branch 2499,Bengaluru,Karnataka,683083,Hub,973,Ananya Singh
BR2500,Kochi Branch 2500,Kochi,Kerala,641376,Regional,853,Ajay Nair
BR2501,Coimbatore Branch 2501,Coimbatore,Tamil Nadu,611185,Local,545,Dinesh Singh
BR2502,Delhi Branch 2502,Delhi,Delhi,875963,Regional,478,Arun Das
BR2503,Pune Branch 2503,Pune,Maharashtra,814998,Regional,494,Kavya Verma
BR2504,Jaipur Branch 2504,Jaipur,Rajasthan,791161,Hub,742,Harini Gupta
BR2505,Bengaluru Branch 2505,Bengaluru,Karnataka,743937,Local,540,Manoj Mehta
BR2506,Kolkata Branch 2506,Kolkata,West Bengal,766704,Hub,313,Kavya Verma
BR2507,Chennai Branch 2507,Chennai,Tamil Nadu,839399,Hub,227,Manoj Rao
BR2508,Ahmedabad Branch 2508,Ahmedabad,Gujarat,735382,Regional,611,Ajay Mehta
BR2509,Delhi Branch 2509,Delhi,Delhi,738720,Regional,805,Arun Patel
BR2510,Hyderabad Branch 2510,Hyderabad,Telangana,661593,Local,1007,Divya Das
BR2511,Delhi Branch 2511,Delhi,Delhi,787240,Hub,1168,Divya Reddy
BR2512,Chennai Branch 2512,Chennai,Tamil Nadu,645997,Regional,156,Vivek Iyer
BR2513,Chennai Branch 2513,Chennai,Tamil Nadu,826717,Regional,485,Sneha Reddy
BR2514,Bengaluru Branch 2514,Bengaluru,Karnataka,603872,Local,616,Meena Naidu
BR2515,Trichy Branch 2515,Trichy,Tamil Nadu,810043,Regional,1142,Priya Nair
BR2516,Vijayawada Branch 2516,Vijayawada,Andhra Pradesh,803358,Local,1154,Dinesh Joshi
BR2517,Kolkata Branch 2517,Kolkata,West Bengal,847378,Regional,1039,Ananya Gupta
BR2518,Kochi Branch 2518,Kochi,Kerala,765484,Local,567,Swetha Gupta
BR2519,Ahmedabad Branch 2519,Ahmedabad,Gujarat,791216,Regional,973,Ajay Menon
BR2520,Kochi Branch 2520,Kochi,Kerala,675532,Regional,495,Manoj Singh
BR2521,Mumbai Branch 2521,Mumbai,Maharashtra,699258,Local,518,Rahul Nair
BR2522,Mumbai Branch 2522,Mumbai,Maharashtra,824499,Regional,1053,Pooja Reddy
BR2523,Mumbai Branch 2523,Mumbai,Maharashtra,826068,Local,736,Swetha Kumar
BR2524,Pune Branch 2524,Pune,Maharashtra,818418,Regional,971,Dinesh Menon
BR2525,Vijayawada Branch 2525,Vijayawada,Andhra Pradesh,691295,Local,636,Rahul Gupta
BR2526,Bengaluru Branch 2526,Bengaluru,Karnataka,821647,Regional,848,Karthik Reddy
BR2527,Salem Branch 2527,Salem,Tamil Nadu,724373,Hub,825,Nithya Kapoor
BR2528,Kolkata Branch 2528,Kolkata,West Bengal,822234,Regional,368,Divya Gupta
BR2529,Hyderabad Branch 2529,Hyderabad,Telangana,791654,Hub,430,Priya Nair
BR2530,Salem Branch 2530,Salem,Tamil Nadu,873774,Regional,1047,Manoj Iyer
BR2531,Hyderabad Branch 2531,Hyderabad,Telangana,866679,Regional,390,Sneha Mehta
BR2532,Salem Branch 2532,Salem,Tamil Nadu,884769,Local,914,Vivek Patel
BR2533,Jaipur Branch 2533,Jaipur,Rajasthan,734611,Local,334,Swetha Pillai
BR2534,Vijayawada Branch 2534,Vijayawada,Andhra Pradesh,626745,Regional,405,Ananya Menon
BR2535,Bengaluru Branch 2535,Bengaluru,Karnataka,885097,Local,186,Suresh Kumar
BR2536,Delhi Branch 2536,Delhi,Delhi,626461,Hub,907,Meena Pillai
BR2537,Mumbai Branch 2537,Mumbai,Maharashtra,663492,Local,809,Divya Rao
BR2538,Mumbai Branch 2538,Mumbai,Maharashtra,877503,Regional,832,Arun Verma
BR2539,Vijayawada Branch 2539,Vijayawada,Andhra Pradesh,668403,Hub,1183,Pooja Nair
BR2540,Coimbatore Branch 2540,Coimbatore,Tamil Nadu,768119,Local,925,Kavya Verma
BR2541,Kochi Branch 2541,Kochi,Kerala,795691,Regional,1125,Suresh Bose
BR2542,Vijayawada Branch 2542,Vijayawada,Andhra Pradesh,717235,Local,516,Divya Naidu
BR2543,Bengaluru Branch 2543,Bengaluru,Karnataka,890239,Local,1022,Divya Iyer
BR2544,Kolkata Branch 2544,Kolkata,West Bengal,726129,Local,1051,Manoj Bose
BR2545,Bengaluru Branch 2545,Bengaluru,Karnataka,716806,Local,467,Ananya Sinha
BR2546,Delhi Branch 2546,Delhi,Delhi,680453,Regional,1148,Kavya Singh
BR2547,Jaipur Branch 2547,Jaipur,Rajasthan,821307,Local,232,Swetha Nair
BR2548,Pune Branch 2548,Pune,Maharashtra,678739,Regional,161,Priya Sharma
BR2549,Coimbatore Branch 2549,Coimbatore,Tamil Nadu,899466,Local,551,Ajay Singh
BR2550,Delhi Branch 2550,Delhi,Delhi,614519,Regional,820,Vijay Verma
BR2551,Kochi Branch 2551,Kochi,Kerala,750016,Regional,204,Suresh Patel
BR2552,Kolkata Branch 2552,Kolkata,West Bengal,877512,Local,702,Suresh Rao
BR2553,Delhi Branch 2553,Delhi,Delhi,769913,Local,775,Divya Das
BR2554,Coimbatore Branch 2554,Coimbatore,Tamil Nadu,715784,Local,493,Meena Reddy
BR2555,Bengaluru Branch 2555,Bengaluru,Karnataka,758420,Regional,844,Swetha Reddy
BR2556,Kochi Branch 2556,Kochi,Kerala,868039,Hub,697,Kavya Bose
BR2557,Kolkata Branch 2557,Kolkata,West Bengal,882670,Local,147,Pooja Singh
BR2558,Pune Branch 2558,Pune,Maharashtra,697430,Regional,287,Swetha Joshi
BR2559,Ahmedabad Branch 2559,Ahmedabad,Gujarat,834065,Local,1108,Rahul Verma
BR2560,Kochi Branch 2560,Kochi,Kerala,702882,Local,613,Harini Naidu
BR2561,Jaipur Branch 2561,Jaipur,Rajasthan,818521,Local,890,Vijay Naidu
BR2562,Vijayawada Branch 2562,Vijayawada,Andhra Pradesh,624256,Local,1174,Dinesh Verma
BR2563,Madurai Branch 2563,Madurai,Tamil Nadu,872621,Local,325,Vijay Sharma
BR2564,Vijayawada Branch 2564,Vijayawada,Andhra Pradesh,881567,Hub,1023,Pooja Singh
BR2565,Salem Branch 2565,Salem,Tamil Nadu,655983,Local,727,Vivek Menon
BR2566,Madurai Branch 2566,Madurai,Tamil Nadu,657408,Hub,868,Sneha Nair
BR2567,Coimbatore Branch 2567,Coimbatore,Tamil Nadu,889047,Hub,1122,Priya Singh
BR2568,Coimbatore Branch 2568,Coimbatore,Tamil Nadu,646717,Local,1100,Vivek Joshi
BR2569,Ahmedabad Branch 2569,Ahmedabad,Gujarat,781899,Local,1166,Rohit Iyer
BR2570,Mumbai Branch 2570,Mumbai,Maharashtra,861718,Local,555,Manoj Reddy
BR2571,Kochi Branch 2571,Kochi,Kerala,856431,Regional,1081,Nithya Iyer
BR2572,Coimbatore Branch 2572,Coimbatore,Tamil Nadu,854457,Local,992,Priya Mishra
BR2573,Bengaluru Branch 2573,Bengaluru,Karnataka,601592,Local,337,Dinesh Naidu
BR2574,Salem Branch 2574,Salem,Tamil Nadu,866489,Local,861,Ajay Verma
BR2575,Pune Branch 2575,Pune,Maharashtra,737029,Regional,253,Arun Patel
BR2576,Mumbai Branch 2576,Mumbai,Maharashtra,750309,Local,841,Meena Das
BR2577,Pune Branch 2577,Pune,Maharashtra,619193,Local,751,Ajay Naidu
BR2578,Pune Branch 2578,Pune,Maharashtra,656714,Local,751,Rahul Patel
BR2579,Pune Branch 2579,Pune,Maharashtra,703864,Hub,1152,Swetha Patel
BR2580,Kolkata Branch 2580,Kolkata,West Bengal,635542,Hub,972,Kavya Sharma
BR2581,Chennai Branch 2581,Chennai,Tamil Nadu,881758,Hub,1184,Divya Mishra
BR2582,Jaipur Branch 2582,Jaipur,Rajasthan,668702,Regional,140,Dinesh Gupta
BR2583,Bengaluru Branch 2583,Bengaluru,Karnataka,818902,Regional,759,Pooja Mishra
BR2584,Kolkata Branch 2584,Kolkata,West Bengal,677798,Local,858,Divya Kapoor
BR2585,Chennai Branch 2585,Chennai,Tamil Nadu,718199,Local,394,Nithya Verma
BR2586,Madurai Branch 2586,Madurai,Tamil Nadu,878694,Regional,357,Manoj Verma
BR2587,Kochi Branch 2587,Kochi,Kerala,711672,Regional,829,Kavya Verma
BR2588,Hyderabad Branch 2588,Hyderabad,Telangana,832903,Regional,1119,Karthik Menon
BR2589,Salem Branch 2589,Salem,Tamil Nadu,611634,Hub,386,Pooja Patel
BR2590,Delhi Branch 2590,Delhi,Delhi,822586,Local,341,Rahul Kumar
BR2591,Mumbai Branch 2591,Mumbai,Maharashtra,697102,Regional,304,Vijay Das
BR2592,Hyderabad Branch 2592,Hyderabad,Telangana,720203,Local,755,Manoj Bose
BR2593,Coimbatore Branch 2593,Coimbatore,Tamil Nadu,830791,Regional,378,Pooja Sinha
BR2594,Jaipur Branch 2594,Jaipur,Rajasthan,675104,Local,494,Swetha Mishra
BR2595,Bengaluru Branch 2595,Bengaluru,Karnataka,717842,Local,571,Kavya Menon
BR2596,Jaipur Branch 2596,Jaipur,Rajasthan,676788,Regional,1069,Priya Patel
BR2597,Hyderabad Branch 2597,Hyderabad,Telangana,665026,Local,1116,Arun Rao
BR2598,Coimbatore Branch 2598,Coimbatore,Tamil Nadu,842219,Hub,1135,Ananya Bose
BR2599,Hyderabad Branch 2599,Hyderabad,Telangana,839764,Regional,156,Ananya Mehta
BR2600,Coimbatore Branch 2600,Coimbatore,Tamil Nadu,892566,Local,563,Vivek Singh
BR2601,Kolkata Branch 2601,Kolkata,West Bengal,847589,Local,1061,Ananya Verma
BR2602,Bengaluru Branch 2602,Bengaluru,Karnataka,821282,Local,701,Rahul Kapoor
BR2603,Chennai Branch 2603,Chennai,Tamil Nadu,707822,Regional,615,Vijay Naidu
BR2604,Chennai Branch 2604,Chennai,Tamil Nadu,640807,Hub,832,Sneha Rao
BR2605,Bengaluru Branch 2605,Bengaluru,Karnataka,760498,Hub,755,Rahul Sharma
BR2606,Kolkata Branch 2606,Kolkata,West Bengal,734528,Regional,121,Meena Iyer
BR2607,Madurai Branch 2607,Madurai,Tamil Nadu,886032,Regional,803,Karthik Pillai
BR2608,Kolkata Branch 2608,Kolkata,West Bengal,619022,Local,425,Priya Menon
BR2609,Hyderabad Branch 2609,Hyderabad,Telangana,765865,Local,1006,Suresh Das
BR2610,Coimbatore Branch 2610,Coimbatore,Tamil Nadu,734054,Local,525,Kavya Singh
BR2611,Coimbatore Branch 2611,Coimbatore,Tamil Nadu,898014,Local,829,Ajay Sinha
BR2612,Madurai Branch 2612,Madurai,Tamil Nadu,869159,Regional,138,Swetha Patel
BR2613,Salem Branch 2613,Salem,Tamil Nadu,762185,Regional,1042,Rahul Nair
BR2614,Kochi Branch 2614,Kochi,Kerala,671221,Regional,129,Manoj Reddy
BR2615,Jaipur Branch 2615,Jaipur,Rajasthan,735047,Regional,260,Pooja Iyer
BR2616,Madurai Branch 2616,Madurai,Tamil Nadu,705420,Local,715,Manoj Gupta
BR2617,Kochi Branch 2617,Kochi,Kerala,752500,Local,408,Kavya Verma
BR2618,Ahmedabad Branch 2618,Ahmedabad,Gujarat,781324,Local,233,Ananya Rao
BR2619,Madurai Branch 2619,Madurai,Tamil Nadu,827602,Hub,665,Nithya Verma
BR2620,Mumbai Branch 2620,Mumbai,Maharashtra,670181,Local,135,Meena Das
BR2621,Trichy Branch 2621,Trichy,Tamil Nadu,609863,Regional,930,Rahul Joshi
BR2622,Mumbai Branch 2622,Mumbai,Maharashtra,638973,Local,179,Pooja Joshi
BR2623,Salem Branch 2623,Salem,Tamil Nadu,674241,Local,883,Ajay Naidu
BR2624,Bengaluru Branch 2624,Bengaluru,Karnataka,654150,Regional,536,Swetha Das
BR2625,Vijayawada Branch 2625,Vijayawada,Andhra Pradesh,721179,Hub,1086,Arun Mehta
BR2626,Coimbatore Branch 2626,Coimbatore,Tamil Nadu,853370,Local,504,Rohit Menon
BR2627,Bengaluru Branch 2627,Bengaluru,Karnataka,888520,Local,364,Rohit Verma
BR2628,Hyderabad Branch 2628,Hyderabad,Telangana,698254,Regional,332,Meena Das
BR2629,Madurai Branch 2629,Madurai,Tamil Nadu,647503,Local,546,Ananya Mishra
BR2630,Bengaluru Branch 2630,Bengaluru,Karnataka,677831,Local,526,Karthik Menon
BR2631,Chennai Branch 2631,Chennai,Tamil Nadu,809825,Regional,1067,Meena Pillai
BR2632,Pune Branch 2632,Pune,Maharashtra,620393,Hub,1151,Vivek Sharma
BR2633,Kolkata Branch 2633,Kolkata,West Bengal,733049,Regional,1078,Pooja Menon
BR2634,Mumbai Branch 2634,Mumbai,Maharashtra,724039,Hub,128,Vivek Naidu
BR2635,Vijayawada Branch 2635,Vijayawada,Andhra Pradesh,796601,Hub,476,Meena Kapoor
BR2636,Mumbai Branch 2636,Mumbai,Maharashtra,622855,Hub,132,Vivek Sharma
BR2637,Salem Branch 2637,Salem,Tamil Nadu,626034,Hub,1108,Nithya Pillai
BR2638,Hyderabad Branch 2638,Hyderabad,Telangana,846414,Regional,1059,Meena Rao
BR2639,Delhi Branch 2639,Delhi,Delhi,621878,Local,719,Dinesh Reddy
BR2640,Kochi Branch 2640,Kochi,Kerala,674211,Local,999,Divya Sharma
BR2641,Jaipur Branch 2641,Jaipur,Rajasthan,650813,Regional,600,Arun Joshi
BR2642,Coimbatore Branch 2642,Coimbatore,Tamil Nadu,610731,Local,998,Sneha Patel
BR2643,Salem Branch 2643,Salem,Tamil Nadu,709889,Hub,956,Priya Menon
BR2644,Jaipur Branch 2644,Jaipur,Rajasthan,805212,Local,802,Divya Rao
BR2645,Ahmedabad Branch 2645,Ahmedabad,Gujarat,715042,Local,707,Karthik Joshi
BR2646,Salem Branch 2646,Salem,Tamil Nadu,820092,Regional,668,Karthik Naidu
BR2647,Bengaluru Branch 2647,Bengaluru,Karnataka,636849,Local,829,Arun Joshi
BR2648,Delhi Branch 2648,Delhi,Delhi,791966,Local,383,Manoj Verma
BR2649,Coimbatore Branch 2649,Coimbatore,Tamil Nadu,733046,Regional,779,Nithya Bose
BR2650,Chennai Branch 2650,Chennai,Tamil Nadu,814016,Local,1018,Kavya Bose
BR2651,Mumbai Branch 2651,Mumbai,Maharashtra,851921,Local,235,Priya Kapoor
BR2652,Chennai Branch 2652,Chennai,Tamil Nadu,757067,Local,752,Dinesh Nair
BR2653,Ahmedabad Branch 2653,Ahmedabad,Gujarat,719140,Hub,988,Kavya Mishra
BR2654,Mumbai Branch 2654,Mumbai,Maharashtra,601056,Local,1133,Swetha Nair
BR2655,Ahmedabad Branch 2655,Ahmedabad,Gujarat,791353,Local,396,Vijay Kumar
BR2656,Salem Branch 2656,Salem,Tamil Nadu,724790,Local,806,Karthik Bose
BR2657,Madurai Branch 2657,Madurai,Tamil Nadu,877090,Regional,429,Pooja Mehta
BR2658,Delhi Branch 2658,Delhi,Delhi,783045,Hub,547,Ananya Bose
BR2659,Delhi Branch 2659,Delhi,Delhi,730652,Hub,114,Ananya Iyer
BR2660,Pune Branch 2660,Pune,Maharashtra,883420,Regional,315,Vijay Kapoor
BR2661,Ahmedabad Branch 2661,Ahmedabad,Gujarat,829718,Regional,429,Suresh Mishra
BR2662,Hyderabad Branch 2662,Hyderabad,Telangana,879838,Hub,663,Manoj Rao
BR2663,Ahmedabad Branch 2663,Ahmedabad,Gujarat,731042,Local,1182,Manoj Naidu
BR2664,Bengaluru Branch 2664,Bengaluru,Karnataka,868848,Local,275,Arun Joshi
BR2665,Madurai Branch 2665,Madurai,Tamil Nadu,748033,Local,394,Meena Menon
BR2666,Madurai Branch 2666,Madurai,Tamil Nadu,719005,Local,406,Karthik Reddy
BR2667,Kolkata Branch 2667,Kolkata,West Bengal,880723,Local,460,Karthik Iyer
BR2668,Bengaluru Branch 2668,Bengaluru,Karnataka,861097,Hub,1189,Karthik Pillai
BR2669,Mumbai Branch 2669,Mumbai,Maharashtra,789620,Local,669,Meena Kapoor
BR2670,Salem Branch 2670,Salem,Tamil Nadu,884158,Local,738,Ajay Rao
BR2671,Coimbatore Branch 2671,Coimbatore,Tamil Nadu,777501,Regional,615,Sneha Kapoor
BR2672,Trichy Branch 2672,Trichy,Tamil Nadu,655649,Regional,334,Karthik Reddy
BR2673,Delhi Branch 2673,Delhi,Delhi,725009,Regional,532,Pooja Sharma
BR2674,Pune Branch 2674,Pune,Maharashtra,762497,Local,486,Vivek Patel
BR2675,Salem Branch 2675,Salem,Tamil Nadu,695355,Hub,1155,Ajay Mehta
BR2676,Trichy Branch 2676,Trichy,Tamil Nadu,698898,Local,1117,Dinesh Gupta
BR2677,Bengaluru Branch 2677,Bengaluru,Karnataka,610720,Regional,325,Priya Menon
BR2678,Chennai Branch 2678,Chennai,Tamil Nadu,757111,Local,243,Kavya Joshi
BR2679,Chennai Branch 2679,Chennai,Tamil Nadu,893591,Local,117,Sneha Singh
BR2680,Chennai Branch 2680,Chennai,Tamil Nadu,776092,Local,831,Kavya Pillai
BR2681,Vijayawada Branch 2681,Vijayawada,Andhra Pradesh,837383,Local,845,Dinesh Das
BR2682,Salem Branch 2682,Salem,Tamil Nadu,740857,Hub,846,Vijay Singh
BR2683,Delhi Branch 2683,Delhi,Delhi,735956,Local,461,Ajay Reddy
BR2684,Mumbai Branch 2684,Mumbai,Maharashtra,628329,Local,420,Harini Bose
BR2685,Salem Branch 2685,Salem,Tamil Nadu,859527,Local,691,Meena Iyer
BR2686,Madurai Branch 2686,Madurai,Tamil Nadu,684763,Local,172,Vivek Gupta
BR2687,Madurai Branch 2687,Madurai,Tamil Nadu,839601,Regional,948,Harini Rao
BR2688,Hyderabad Branch 2688,Hyderabad,Telangana,761245,Local,199,Swetha Kumar
BR2689,Delhi Branch 2689,Delhi,Delhi,621361,Regional,355,Rohit Rao
BR2690,Delhi Branch 2690,Delhi,Delhi,798809,Regional,962,Vivek Singh
BR2691,Trichy Branch 2691,Trichy,Tamil Nadu,761550,Local,261,Ananya Kumar
BR2692,Trichy Branch 2692,Trichy,Tamil Nadu,711964,Regional,392,Arun Kumar
BR2693,Chennai Branch 2693,Chennai,Tamil Nadu,858760,Local,261,Sneha Gupta
BR2694,Vijayawada Branch 2694,Vijayawada,Andhra Pradesh,648298,Local,968,Pooja Iyer
BR2695,Madurai Branch 2695,Madurai,Tamil Nadu,671627,Local,322,Meena Bose
BR2696,Mumbai Branch 2696,Mumbai,Maharashtra,781885,Local,406,Suresh Sinha
BR2697,Delhi Branch 2697,Delhi,Delhi,669499,Local,113,Nithya Joshi
BR2698,Trichy Branch 2698,Trichy,Tamil Nadu,696031,Local,670,Arun Patel
BR2699,Kochi Branch 2699,Kochi,Kerala,705826,Local,326,Vivek Verma
BR2700,Coimbatore Branch 2700,Coimbatore,Tamil Nadu,721082,Local,244,Vijay Bose
BR2701,Chennai Branch 2701,Chennai,Tamil Nadu,642363,Regional,756,Nithya Menon
BR2702,Coimbatore Branch 2702,Coimbatore,Tamil Nadu,803492,Local,885,Vijay Nair
BR2703,Delhi Branch 2703,Delhi,Delhi,771153,Local,922,Pooja Pillai
BR2704,Chennai Branch 2704,Chennai,Tamil Nadu,706330,Local,582,Sneha Nair
BR2705,Kochi Branch 2705,Kochi,Kerala,746921,Local,532,Swetha Naidu
BR2706,Kochi Branch 2706,Kochi,Kerala,826746,Local,341,Dinesh Mehta
BR2707,Madurai Branch 2707,Madurai,Tamil Nadu,613993,Regional,1018,Nithya Rao
BR2708,Jaipur Branch 2708,Jaipur,Rajasthan,750787,Local,715,Pooja Menon
BR2709,Madurai Branch 2709,Madurai,Tamil Nadu,828700,Local,376,Rohit Verma
BR2710,Trichy Branch 2710,Trichy,Tamil Nadu,869122,Regional,785,Rohit Bose
BR2711,Ahmedabad Branch 2711,Ahmedabad,Gujarat,790766,Local,199,Pooja Sharma
BR2712,Coimbatore Branch 2712,Coimbatore,Tamil Nadu,743848,Local,621,Karthik Kapoor
BR2713,Ahmedabad Branch 2713,Ahmedabad,Gujarat,833202,Regional,1176,Karthik Nair
BR2714,Kolkata Branch 2714,Kolkata,West Bengal,825764,Regional,746,Dinesh Patel
BR2715,Chennai Branch 2715,Chennai,Tamil Nadu,612936,Local,154,Meena Reddy
BR2716,Salem Branch 2716,Salem,Tamil Nadu,854503,Hub,855,Priya Kapoor
BR2717,Chennai Branch 2717,Chennai,Tamil Nadu,651097,Regional,676,Swetha Rao
BR2718,Coimbatore Branch 2718,Coimbatore,Tamil Nadu,778639,Regional,1144,Vivek Mishra
BR2719,Jaipur Branch 2719,Jaipur,Rajasthan,755951,Local,874,Rohit Sharma
BR2720,Trichy Branch 2720,Trichy,Tamil Nadu,716804,Local,935,Meena Singh
BR2721,Coimbatore Branch 2721,Coimbatore,Tamil Nadu,668183,Regional,458,Arun Gupta
BR2722,Chennai Branch 2722,Chennai,Tamil Nadu,699134,Local,242,Pooja Gupta
BR2723,Coimbatore Branch 2723,Coimbatore,Tamil Nadu,865255,Local,709,Ajay Mishra
BR2724,Coimbatore Branch 2724,Coimbatore,Tamil Nadu,763328,Local,1125,Arun Rao
BR2725,Kochi Branch 2725,Kochi,Kerala,736440,Hub,456,Swetha Gupta
BR2726,Vijayawada Branch 2726,Vijayawada,Andhra Pradesh,630074,Local,742,Rahul Singh
BR2727,Trichy Branch 2727,Trichy,Tamil Nadu,626759,Regional,551,Suresh Nair
BR2728,Trichy Branch 2728,Trichy,Tamil Nadu,670582,Local,146,Rohit Iyer
BR2729,Jaipur Branch 2729,Jaipur,Rajasthan,834619,Hub,852,Priya Verma
BR2730,Ahmedabad Branch 2730,Ahmedabad,Gujarat,651795,Local,526,Ananya Joshi
BR2731,Kochi Branch 2731,Kochi,Kerala,753813,Regional,967,Priya Pillai
BR2732,Hyderabad Branch 2732,Hyderabad,Telangana,666323,Local,999,Arun Sinha
BR2733,Chennai Branch 2733,Chennai,Tamil Nadu,831926,Hub,950,Priya Singh
BR2734,Hyderabad Branch 2734,Hyderabad,Telangana,851155,Local,965,Dinesh Kapoor
BR2735,Coimbatore Branch 2735,Coimbatore,Tamil Nadu,851116,Local,947,Meena Joshi
BR2736,Ahmedabad Branch 2736,Ahmedabad,Gujarat,661611,Hub,791,Dinesh Das
BR2737,Coimbatore Branch 2737,Coimbatore,Tamil Nadu,638541,Local,1040,Meena Das
BR2738,Kochi Branch 2738,Kochi,Kerala,621601,Hub,587,Dinesh Rao
BR2739,Vijayawada Branch 2739,Vijayawada,Andhra Pradesh,647928,Local,771,Rohit Joshi
BR2740,Kolkata Branch 2740,Kolkata,West Bengal,651221,Regional,869,Arun Verma
BR2741,Bengaluru Branch 2741,Bengaluru,Karnataka,766178,Local,628,Meena Naidu
BR2742,Jaipur Branch 2742,Jaipur,Rajasthan,601817,Regional,271,Divya Gupta
BR2743,Pune Branch 2743,Pune,Maharashtra,872491,Regional,665,Suresh Bose
BR2744,Trichy Branch 2744,Trichy,Tamil Nadu,798419,Hub,624,Suresh Kumar
BR2745,Coimbatore Branch 2745,Coimbatore,Tamil Nadu,720738,Local,1063,Sneha Joshi
BR2746,Jaipur Branch 2746,Jaipur,Rajasthan,835806,Local,857,Suresh Patel
BR2747,Hyderabad Branch 2747,Hyderabad,Telangana,621101,Local,549,Arun Mishra
BR2748,Delhi Branch 2748,Delhi,Delhi,712166,Local,882,Suresh Mishra
BR2749,Bengaluru Branch 2749,Bengaluru,Karnataka,774863,Local,161,Meena Sharma
BR2750,Coimbatore Branch 2750,Coimbatore,Tamil Nadu,693515,Local,763,Vijay Pillai
BR2751,Madurai Branch 2751,Madurai,Tamil Nadu,666264,Hub,1193,Swetha Bose
BR2752,Chennai Branch 2752,Chennai,Tamil Nadu,697084,Local,596,Harini Patel
BR2753,Mumbai Branch 2753,Mumbai,Maharashtra,743699,Hub,938,Rohit Sinha
BR2754,Delhi Branch 2754,Delhi,Delhi,821405,Local,307,Dinesh Iyer
BR2755,Ahmedabad Branch 2755,Ahmedabad,Gujarat,899790,Local,555,Ananya Das
BR2756,Bengaluru Branch 2756,Bengaluru,Karnataka,807697,Regional,572,Karthik Gupta
BR2757,Delhi Branch 2757,Delhi,Delhi,874184,Hub,768,Kavya Verma
BR2758,Salem Branch 2758,Salem,Tamil Nadu,800781,Regional,153,Pooja Bose
BR2759,Kolkata Branch 2759,Kolkata,West Bengal,799261,Local,988,Vivek Kumar
BR2760,Delhi Branch 2760,Delhi,Delhi,677679,Local,314,Vivek Sinha
BR2761,Trichy Branch 2761,Trichy,Tamil Nadu,760336,Local,110,Sneha Rao
BR2762,Trichy Branch 2762,Trichy,Tamil Nadu,663538,Local,553,Manoj Verma
BR2763,Salem Branch 2763,Salem,Tamil Nadu,860844,Hub,510,Priya Bose
BR2764,Coimbatore Branch 2764,Coimbatore,Tamil Nadu,789783,Regional,830,Vivek Verma
BR2765,Pune Branch 2765,Pune,Maharashtra,697252,Regional,683,Vivek Joshi
BR2766,Hyderabad Branch 2766,Hyderabad,Telangana,830781,Hub,208,Kavya Naidu
BR2767,Bengaluru Branch 2767,Bengaluru,Karnataka,625534,Regional,126,Pooja Nair
BR2768,Bengaluru Branch 2768,Bengaluru,Karnataka,741633,Hub,448,Manoj Menon
BR2769,Bengaluru Branch 2769,Bengaluru,Karnataka,838436,Local,1105,Rohit Reddy
BR2770,Trichy Branch 2770,Trichy,Tamil Nadu,782161,Hub,616,Rohit Kumar
BR2771,Kochi Branch 2771,Kochi,Kerala,633509,Regional,1111,Pooja Mishra
BR2772,Vijayawada Branch 2772,Vijayawada,Andhra Pradesh,871643,Local,324,Divya Pillai
BR2773,Pune Branch 2773,Pune,Maharashtra,636185,Regional,449,Pooja Mishra
BR2774,Trichy Branch 2774,Trichy,Tamil Nadu,798366,Hub,745,Pooja Nair
BR2775,Mumbai Branch 2775,Mumbai,Maharashtra,634025,Regional,429,Swetha Mehta
BR2776,Ahmedabad Branch 2776,Ahmedabad,Gujarat,681689,Local,1056,Arun Gupta
BR2777,Bengaluru Branch 2777,Bengaluru,Karnataka,814368,Local,182,Harini Iyer
BR2778,Pune Branch 2778,Pune,Maharashtra,854668,Local,366,Ajay Das
BR2779,Kolkata Branch 2779,Kolkata,West Bengal,706929,Hub,1180,Swetha Joshi
BR2780,Pune Branch 2780,Pune,Maharashtra,627962,Regional,898,Rohit Gupta
BR2781,Salem Branch 2781,Salem,Tamil Nadu,824234,Regional,286,Sneha Gupta
BR2782,Coimbatore Branch 2782,Coimbatore,Tamil Nadu,855970,Regional,578,Vivek Mishra
BR2783,Kochi Branch 2783,Kochi,Kerala,811324,Local,785,Divya Sinha
BR2784,Delhi Branch 2784,Delhi,Delhi,755905,Local,497,Arun Rao
BR2785,Jaipur Branch 2785,Jaipur,Rajasthan,706421,Hub,962,Karthik Pillai
BR2786,Madurai Branch 2786,Madurai,Tamil Nadu,619221,Local,620,Vivek Rao
BR2787,Trichy Branch 2787,Trichy,Tamil Nadu,618689,Hub,212,Vijay Nair
BR2788,Pune Branch 2788,Pune,Maharashtra,823391,Regional,221,Kavya Reddy
BR2789,Coimbatore Branch 2789,Coimbatore,Tamil Nadu,836349,Regional,485,Meena Pillai
BR2790,Ahmedabad Branch 2790,Ahmedabad,Gujarat,811927,Local,883,Ananya Pillai
BR2791,Delhi Branch 2791,Delhi,Delhi,628875,Hub,1018,Swetha Patel
BR2792,Kolkata Branch 2792,Kolkata,West Bengal,637552,Local,481,Vivek Kapoor
BR2793,Kochi Branch 2793,Kochi,Kerala,890898,Hub,255,Vijay Sharma
BR2794,Coimbatore Branch 2794,Coimbatore,Tamil Nadu,806270,Regional,1166,Vivek Das
BR2795,Mumbai Branch 2795,Mumbai,Maharashtra,732121,Regional,480,Vijay Rao
BR2796,Mumbai Branch 2796,Mumbai,Maharashtra,795490,Hub,488,Karthik Singh
BR2797,Salem Branch 2797,Salem,Tamil Nadu,687836,Local,1146,Dinesh Das
BR2798,Delhi Branch 2798,Delhi,Delhi,679620,Local,886,Nithya Rao
BR2799,Bengaluru Branch 2799,Bengaluru,Karnataka,893751,Regional,327,Vijay Reddy
BR2800,Madurai Branch 2800,Madurai,Tamil Nadu,746581,Local,687,Meena Joshi
BR2801,Kochi Branch 2801,Kochi,Kerala,743381,Regional,813,Meena Joshi
BR2802,Coimbatore Branch 2802,Coimbatore,Tamil Nadu,795557,Local,730,Rahul Verma
BR2803,Bengaluru Branch 2803,Bengaluru,Karnataka,837150,Local,863,Ananya Gupta
BR2804,Kochi Branch 2804,Kochi,Kerala,642132,Hub,733,Rohit Reddy
BR2805,Kochi Branch 2805,Kochi,Kerala,734057,Local,273,Kavya Mishra
BR2806,Ahmedabad Branch 2806,Ahmedabad,Gujarat,740000,Hub,1178,Rohit Das
BR2807,Chennai Branch 2807,Chennai,Tamil Nadu,706421,Hub,486,Rohit Joshi
BR2808,Trichy Branch 2808,Trichy,Tamil Nadu,893504,Local,779,Suresh Rao
BR2809,Mumbai Branch 2809,Mumbai,Maharashtra,891262,Hub,442,Harini Das
BR2810,Ahmedabad Branch 2810,Ahmedabad,Gujarat,645924,Hub,839,Meena Rao
BR2811,Salem Branch 2811,Salem,Tamil Nadu,716037,Regional,432,Ananya Menon
BR2812,Mumbai Branch 2812,Mumbai,Maharashtra,852104,Local,805,Manoj Naidu
BR2813,Ahmedabad Branch 2813,Ahmedabad,Gujarat,671631,Hub,552,Meena Sinha
BR2814,Bengaluru Branch 2814,Bengaluru,Karnataka,802541,Regional,178,Pooja Singh
BR2815,Pune Branch 2815,Pune,Maharashtra,680239,Regional,107,Rohit Rao
BR2816,Kochi Branch 2816,Kochi,Kerala,643229,Regional,666,Priya Naidu
BR2817,Hyderabad Branch 2817,Hyderabad,Telangana,731251,Local,648,Divya Naidu
BR2818,Hyderabad Branch 2818,Hyderabad,Telangana,781724,Regional,811,Ananya Gupta
BR2819,Kochi Branch 2819,Kochi,Kerala,790414,Local,369,Rahul Sinha
BR2820,Trichy Branch 2820,Trichy,Tamil Nadu,670049,Local,531,Manoj Naidu
BR2821,Vijayawada Branch 2821,Vijayawada,Andhra Pradesh,840226,Regional,700,Rohit Bose
BR2822,Kochi Branch 2822,Kochi,Kerala,782395,Regional,325,Divya Rao
BR2823,Hyderabad Branch 2823,Hyderabad,Telangana,618717,Local,434,Vijay Iyer
BR2824,Mumbai Branch 2824,Mumbai,Maharashtra,603990,Local,221,Nithya Mishra
BR2825,Salem Branch 2825,Salem,Tamil Nadu,892592,Local,575,Vijay Singh
BR2826,Pune Branch 2826,Pune,Maharashtra,805062,Local,885,Manoj Reddy
BR2827,Mumbai Branch 2827,Mumbai,Maharashtra,861800,Local,336,Karthik Mishra
BR2828,Madurai Branch 2828,Madurai,Tamil Nadu,839063,Local,878,Vivek Reddy
BR2829,Mumbai Branch 2829,Mumbai,Maharashtra,698636,Local,481,Meena Das
BR2830,Salem Branch 2830,Salem,Tamil Nadu,811909,Hub,488,Divya Iyer
BR2831,Kolkata Branch 2831,Kolkata,West Bengal,604543,Local,793,Pooja Kapoor
BR2832,Trichy Branch 2832,Trichy,Tamil Nadu,810136,Regional,560,Suresh Nair
BR2833,Salem Branch 2833,Salem,Tamil Nadu,608125,Regional,209,Priya Nair
BR2834,Pune Branch 2834,Pune,Maharashtra,795427,Regional,313,Sneha Naidu
BR2835,Trichy Branch 2835,Trichy,Tamil Nadu,730730,Regional,562,Swetha Kumar
BR2836,Madurai Branch 2836,Madurai,Tamil Nadu,672120,Regional,684,Swetha Verma
BR2837,Madurai Branch 2837,Madurai,Tamil Nadu,612488,Regional,614,Manoj Das
BR2838,Jaipur Branch 2838,Jaipur,Rajasthan,875100,Regional,101,Harini Patel
BR2839,Jaipur Branch 2839,Jaipur,Rajasthan,655575,Hub,309,Meena Bose
BR2840,Jaipur Branch 2840,Jaipur,Rajasthan,846919,Local,923,Swetha Kumar
BR2841,Coimbatore Branch 2841,Coimbatore,Tamil Nadu,796902,Regional,157,Divya Naidu
BR2842,Delhi Branch 2842,Delhi,Delhi,824109,Local,583,Rahul Bose
BR2843,Jaipur Branch 2843,Jaipur,Rajasthan,835193,Local,1047,Pooja Bose
BR2844,Kochi Branch 2844,Kochi,Kerala,825365,Local,584,Kavya Rao
BR2845,Salem Branch 2845,Salem,Tamil Nadu,794950,Regional,170,Swetha Gupta
BR2846,Delhi Branch 2846,Delhi,Delhi,788827,Local,1168,Harini Gupta
BR2847,Kochi Branch 2847,Kochi,Kerala,797117,Hub,755,Harini Verma
BR2848,Vijayawada Branch 2848,Vijayawada,Andhra Pradesh,628532,Local,641,Swetha Sharma
BR2849,Bengaluru Branch 2849,Bengaluru,Karnataka,775322,Regional,885,Ananya Singh
BR2850,Kolkata Branch 2850,Kolkata,West Bengal,825898,Local,1095,Nithya Joshi
BR2851,Madurai Branch 2851,Madurai,Tamil Nadu,818169,Local,575,Rohit Pillai
BR2852,Vijayawada Branch 2852,Vijayawada,Andhra Pradesh,703184,Local,671,Meena Iyer
BR2853,Madurai Branch 2853,Madurai,Tamil Nadu,748850,Local,846,Ananya Sinha
BR2854,Bengaluru Branch 2854,Bengaluru,Karnataka,872955,Regional,691,Ananya Bose
BR2855,Madurai Branch 2855,Madurai,Tamil Nadu,720220,Local,748,Suresh Nair
BR2856,Kolkata Branch 2856,Kolkata,West Bengal,793283,Regional,565,Arun Patel
BR2857,Pune Branch 2857,Pune,Maharashtra,626553,Regional,324,Pooja Singh
BR2858,Pune Branch 2858,Pune,Maharashtra,860289,Regional,341,Rahul Kapoor
BR2859,Delhi Branch 2859,Delhi,Delhi,629813,Regional,1068,Arun Kumar
BR2860,Jaipur Branch 2860,Jaipur,Rajasthan,779553,Regional,657,Meena Verma
BR2861,Coimbatore Branch 2861,Coimbatore,Tamil Nadu,787838,Local,783,Rahul Joshi
BR2862,Bengaluru Branch 2862,Bengaluru,Karnataka,669395,Local,591,Sneha Kapoor
BR2863,Hyderabad Branch 2863,Hyderabad,Telangana,816100,Hub,552,Meena Reddy
BR2864,Trichy Branch 2864,Trichy,Tamil Nadu,653872,Hub,634,Arun Pillai
BR2865,Kolkata Branch 2865,Kolkata,West Bengal,666277,Local,598,Nithya Verma
BR2866,Hyderabad Branch 2866,Hyderabad,Telangana,659682,Local,901,Meena Rao
BR2867,Chennai Branch 2867,Chennai,Tamil Nadu,632439,Hub,841,Vivek Mishra
BR2868,Delhi Branch 2868,Delhi,Delhi,760510,Local,808,Meena Kumar
BR2869,Kolkata Branch 2869,Kolkata,West Bengal,634203,Local,292,Harini Sharma
BR2870,Madurai Branch 2870,Madurai,Tamil Nadu,769383,Hub,253,Priya Sharma
BR2871,Chennai Branch 2871,Chennai,Tamil Nadu,648367,Regional,565,Priya Das
BR2872,Salem Branch 2872,Salem,Tamil Nadu,658355,Local,666,Swetha Joshi
BR2873,Madurai Branch 2873,Madurai,Tamil Nadu,810263,Hub,866,Manoj Das
BR2874,Trichy Branch 2874,Trichy,Tamil Nadu,838889,Local,1138,Meena Mishra
BR2875,Kolkata Branch 2875,Kolkata,West Bengal,779480,Local,178,Dinesh Naidu
BR2876,Coimbatore Branch 2876,Coimbatore,Tamil Nadu,683360,Hub,110,Vijay Sinha
BR2877,Hyderabad Branch 2877,Hyderabad,Telangana,655091,Hub,669,Meena Bose
BR2878,Pune Branch 2878,Pune,Maharashtra,694241,Local,1104,Swetha Rao
BR2879,Vijayawada Branch 2879,Vijayawada,Andhra Pradesh,731281,Local,338,Meena Verma
BR2880,Hyderabad Branch 2880,Hyderabad,Telangana,893466,Hub,909,Vijay Pillai
BR2881,Kolkata Branch 2881,Kolkata,West Bengal,744978,Local,948,Karthik Kapoor
BR2882,Bengaluru Branch 2882,Bengaluru,Karnataka,731320,Local,296,Karthik Patel
BR2883,Delhi Branch 2883,Delhi,Delhi,693562,Regional,260,Rahul Nair
BR2884,Trichy Branch 2884,Trichy,Tamil Nadu,635663,Local,598,Arun Sinha
BR2885,Bengaluru Branch 2885,Bengaluru,Karnataka,611967,Hub,271,Arun Reddy
BR2886,Madurai Branch 2886,Madurai,Tamil Nadu,830166,Regional,956,Harini Nair
BR2887,Vijayawada Branch 2887,Vijayawada,Andhra Pradesh,792530,Local,325,Kavya Patel
BR2888,Delhi Branch 2888,Delhi,Delhi,880275,Regional,1074,Priya Pillai
BR2889,Pune Branch 2889,Pune,Maharashtra,782786,Regional,131,Harini Singh
BR2890,Delhi Branch 2890,Delhi,Delhi,797726,Local,394,Harini Naidu
BR2891,Jaipur Branch 2891,Jaipur,Rajasthan,881498,Local,825,Suresh Kapoor
BR2892,Kochi Branch 2892,Kochi,Kerala,805841,Local,685,Vijay Kapoor
BR2893,Delhi Branch 2893,Delhi,Delhi,606321,Local,683,Kavya Bose
BR2894,Delhi Branch 2894,Delhi,Delhi,649450,Local,832,Meena Reddy
BR2895,Vijayawada Branch 2895,Vijayawada,Andhra Pradesh,773030,Local,433,Kavya Nair
BR2896,Trichy Branch 2896,Trichy,Tamil Nadu,873181,Regional,1025,Meena Bose
BR2897,Delhi Branch 2897,Delhi,Delhi,745771,Local,836,Rahul Bose
BR2898,Madurai Branch 2898,Madurai,Tamil Nadu,880844,Hub,461,Kavya Das
BR2899,Kolkata Branch 2899,Kolkata,West Bengal,719284,Local,1029,Vijay Mehta
BR2900,Salem Branch 2900,Salem,Tamil Nadu,689628,Local,1034,Harini Kapoor
BR2901,Chennai Branch 2901,Chennai,Tamil Nadu,734631,Local,1172,Nithya Rao
BR2902,Trichy Branch 2902,Trichy,Tamil Nadu,772946,Local,589,Dinesh Verma
BR2903,Madurai Branch 2903,Madurai,Tamil Nadu,809113,Local,232,Suresh Kumar
BR2904,Delhi Branch 2904,Delhi,Delhi,783653,Regional,972,Suresh Das
BR2905,Trichy Branch 2905,Trichy,Tamil Nadu,602594,Local,398,Harini Singh
BR2906,Vijayawada Branch 2906,Vijayawada,Andhra Pradesh,848531,Regional,658,Ananya Gupta
BR2907,Coimbatore Branch 2907,Coimbatore,Tamil Nadu,605818,Local,1142,Dinesh Singh
BR2908,Ahmedabad Branch 2908,Ahmedabad,Gujarat,779612,Local,293,Sneha Rao
BR2909,Hyderabad Branch 2909,Hyderabad,Telangana,605064,Local,497,Suresh Verma
BR2910,Hyderabad Branch 2910,Hyderabad,Telangana,809680,Hub,535,Swetha Kapoor
BR2911,Jaipur Branch 2911,Jaipur,Rajasthan,843137,Regional,703,Rohit Pillai
BR2912,Ahmedabad Branch 2912,Ahmedabad,Gujarat,642681,Local,487,Manoj Rao
BR2913,Kochi Branch 2913,Kochi,Kerala,837471,Hub,742,Ajay Sharma
BR2914,Madurai Branch 2914,Madurai,Tamil Nadu,638939,Regional,434,Manoj Sinha
BR2915,Kochi Branch 2915,Kochi,Kerala,848944,Hub,467,Sneha Sharma
BR2916,Madurai Branch 2916,Madurai,Tamil Nadu,806316,Local,661,Arun Iyer
BR2917,Pune Branch 2917,Pune,Maharashtra,771825,Local,1078,Nithya Sinha
BR2918,Pune Branch 2918,Pune,Maharashtra,677338,Local,837,Ananya Mishra
BR2919,Hyderabad Branch 2919,Hyderabad,Telangana,899655,Regional,608,Vivek Das
BR2920,Kolkata Branch 2920,Kolkata,West Bengal,718541,Regional,795,Priya Mehta
BR2921,Kolkata Branch 2921,Kolkata,West Bengal,655818,Hub,627,Manoj Kapoor
BR2922,Hyderabad Branch 2922,Hyderabad,Telangana,746731,Local,199,Sneha Reddy
BR2923,Coimbatore Branch 2923,Coimbatore,Tamil Nadu,658478,Local,377,Dinesh Kumar
BR2924,Delhi Branch 2924,Delhi,Delhi,798111,Hub,527,Sneha Iyer
BR2925,Hyderabad Branch 2925,Hyderabad,Telangana,793136,Hub,428,Ananya Joshi
BR2926,Delhi Branch 2926,Delhi,Delhi,831013,Regional,1123,Harini Mehta
BR2927,Chennai Branch 2927,Chennai,Tamil Nadu,831186,Local,863,Ajay Bose
BR2928,Delhi Branch 2928,Delhi,Delhi,870603,Local,791,Ajay Kumar
BR2929,Kolkata Branch 2929,Kolkata,West Bengal,686794,Local,132,Meena Sinha
BR2930,Mumbai Branch 2930,Mumbai,Maharashtra,722165,Local,219,Manoj Mehta
BR2931,Vijayawada Branch 2931,Vijayawada,Andhra Pradesh,788470,Hub,485,Meena Kapoor
BR2932,Mumbai Branch 2932,Mumbai,Maharashtra,697945,Local,113,Priya Menon
BR2933,Hyderabad Branch 2933,Hyderabad,Telangana,817600,Hub,712,Harini Reddy
BR2934,Pune Branch 2934,Pune,Maharashtra,887521,Regional,836,Rahul Menon
BR2935,Kochi Branch 2935,Kochi,Kerala,751877,Regional,420,Dinesh Mehta
BR2936,Jaipur Branch 2936,Jaipur,Rajasthan,776224,Regional,185,Kavya Verma
BR2937,Salem Branch 2937,Salem,Tamil Nadu,700331,Regional,641,Sneha Verma
BR2938,Chennai Branch 2938,Chennai,Tamil Nadu,723054,Local,1187,Harini Reddy
BR2939,Delhi Branch 2939,Delhi,Delhi,760088,Hub,179,Rahul Patel
BR2940,Bengaluru Branch 2940,Bengaluru,Karnataka,753805,Local,493,Rohit Kumar
BR2941,Mumbai Branch 2941,Mumbai,Maharashtra,818859,Local,766,Ananya Verma
BR2942,Ahmedabad Branch 2942,Ahmedabad,Gujarat,854662,Regional,977,Vijay Sinha
BR2943,Delhi Branch 2943,Delhi,Delhi,869619,Hub,310,Pooja Menon
BR2944,Salem Branch 2944,Salem,Tamil Nadu,765655,Local,502,Kavya Gupta
BR2945,Salem Branch 2945,Salem,Tamil Nadu,659058,Local,366,Dinesh Iyer
BR2946,Delhi Branch 2946,Delhi,Delhi,726157,Regional,1175,Rahul Naidu
BR2947,Kochi Branch 2947,Kochi,Kerala,678044,Local,737,Sneha Mehta
BR2948,Trichy Branch 2948,Trichy,Tamil Nadu,738220,Local,131,Ajay Nair
BR2949,Kolkata Branch 2949,Kolkata,West Bengal,866381,Local,1120,Dinesh Naidu
BR2950,Chennai Branch 2950,Chennai,Tamil Nadu,712560,Local,567,Kavya Gupta
BR2951,Kochi Branch 2951,Kochi,Kerala,754569,Regional,391,Manoj Mehta
BR2952,Delhi Branch 2952,Delhi,Delhi,791206,Regional,699,Swetha Pillai
BR2953,Madurai Branch 2953,Madurai,Tamil Nadu,746298,Hub,270,Sneha Das
BR2954,Coimbatore Branch 2954,Coimbatore,Tamil Nadu,659294,Hub,467,Suresh Joshi
BR2955,Coimbatore Branch 2955,Coimbatore,Tamil Nadu,793144,Local,407,Manoj Mehta
BR2956,Salem Branch 2956,Salem,Tamil Nadu,765049,Local,167,Swetha Bose
BR2957,Ahmedabad Branch 2957,Ahmedabad,Gujarat,613529,Local,275,Pooja Singh
BR2958,Delhi Branch 2958,Delhi,Delhi,711647,Regional,982,Manoj Das
BR2959,Mumbai Branch 2959,Mumbai,Maharashtra,612567,Regional,1019,Harini Nair
BR2960,Chennai Branch 2960,Chennai,Tamil Nadu,602996,Local,991,Divya Kumar
BR2961,Pune Branch 2961,Pune,Maharashtra,804251,Regional,211,Priya Joshi
BR2962,Jaipur Branch 2962,Jaipur,Rajasthan,601907,Regional,454,Priya Iyer
BR2963,Pune Branch 2963,Pune,Maharashtra,857846,Local,290,Vijay Reddy
BR2964,Ahmedabad Branch 2964,Ahmedabad,Gujarat,650863,Local,361,Swetha Bose
BR2965,Kolkata Branch 2965,Kolkata,West Bengal,709745,Local,715,Manoj Rao
BR2966,Chennai Branch 2966,Chennai,Tamil Nadu,735252,Regional,787,Divya Das
BR2967,Jaipur Branch 2967,Jaipur,Rajasthan,831516,Local,1171,Priya Rao
BR2968,Salem Branch 2968,Salem,Tamil Nadu,649160,Local,1024,Sneha Naidu
BR2969,Delhi Branch 2969,Delhi,Delhi,644694,Regional,219,Arun Naidu
BR2970,Vijayawada Branch 2970,Vijayawada,Andhra Pradesh,669182,Local,1036,Arun Joshi
BR2971,Kolkata Branch 2971,Kolkata,West Bengal,820323,Hub,483,Karthik Joshi
BR2972,Chennai Branch 2972,Chennai,Tamil Nadu,871991,Local,428,Swetha Sharma
BR2973,Vijayawada Branch 2973,Vijayawada,Andhra Pradesh,674207,Local,971,Rahul Reddy
BR2974,Hyderabad Branch 2974,Hyderabad,Telangana,677426,Regional,864,Ajay Kapoor
BR2975,Trichy Branch 2975,Trichy,Tamil Nadu,725165,Local,872,Rohit Patel
BR2976,Madurai Branch 2976,Madurai,Tamil Nadu,853189,Regional,184,Vivek Singh
BR2977,Jaipur Branch 2977,Jaipur,Rajasthan,754582,Local,116,Manoj Mehta
BR2978,Coimbatore Branch 2978,Coimbatore,Tamil Nadu,621109,Local,483,Ajay Gupta
BR2979,Jaipur Branch 2979,Jaipur,Rajasthan,845139,Local,181,Divya Patel
BR2980,Ahmedabad Branch 2980,Ahmedabad,Gujarat,861088,Local,895,Swetha Kumar
BR2981,Trichy Branch 2981,Trichy,Tamil Nadu,773205,Hub,205,Divya Rao
BR2982,Delhi Branch 2982,Delhi,Delhi,834853,Regional,988,Manoj Das
BR2983,Coimbatore Branch 2983,Coimbatore,Tamil Nadu,738291,Local,246,Suresh Kumar
BR2984,Kochi Branch 2984,Kochi,Kerala,839670,Local,1131,Priya Pillai
BR2985,Bengaluru Branch 2985,Bengaluru,Karnataka,728139,Local,373,Manoj Pillai
BR2986,Jaipur Branch 2986,Jaipur,Rajasthan,837505,Regional,610,Swetha Verma
BR2987,Jaipur Branch 2987,Jaipur,Rajasthan,888602,Local,834,Nithya Verma
BR2988,Kochi Branch 2988,Kochi,Kerala,704794,Local,137,Priya Bose
BR2989,Kolkata Branch 2989,Kolkata,West Bengal,838009,Local,670,Dinesh Kumar
BR2990,Bengaluru Branch 2990,Bengaluru,Karnataka,888376,Local,759,Priya Verma
BR2991,Hyderabad Branch 2991,Hyderabad,Telangana,835499,Regional,181,Ananya Nair
BR2992,Bengaluru Branch 2992,Bengaluru,Karnataka,766610,Regional,980,Manoj Iyer
BR2993,Salem Branch 2993,Salem,Tamil Nadu,796065,Hub,948,Priya Joshi
BR2994,Pune Branch 2994,Pune,Maharashtra,671908,Hub,886,Divya Sinha
BR2995,Jaipur Branch 2995,Jaipur,Rajasthan,783269,Regional,864,Ananya Reddy
BR2996,Trichy Branch 2996,Trichy,Tamil Nadu,709154,Local,382,Rohit Menon
BR2997,Pune Branch 2997,Pune,Maharashtra,875222,Local,351,Ananya Singh
BR2998,Delhi Branch 2998,Delhi,Delhi,772428,Local,1105,Karthik Mishra
BR2999,Vijayawada Branch 2999,Vijayawada,Andhra Pradesh,813820,Local,807,Kavya Pillai
BR3000,Delhi Branch 3000,Delhi,Delhi,771669,Hub,1019,Manoj Joshi
BR3001,Vijayawada Branch 3001,Vijayawada,Andhra Pradesh,611783,Hub,954,Arun Joshi
BR3002,Kolkata Branch 3002,Kolkata,West Bengal,815997,Regional,135,Pooja Joshi
BR3003,Ahmedabad Branch 3003,Ahmedabad,Gujarat,752117,Local,1059,Rohit Sinha
BR3004,Coimbatore Branch 3004,Coimbatore,Tamil Nadu,813784,Hub,1001,Pooja Kapoor
BR3005,Mumbai Branch 3005,Mumbai,Maharashtra,715191,Local,1199,Kavya Das
BR3006,Madurai Branch 3006,Madurai,Tamil Nadu,891597,Hub,611,Arun Joshi
BR3007,Hyderabad Branch 3007,Hyderabad,Telangana,818719,Hub,857,Dinesh Joshi
BR3008,Pune Branch 3008,Pune,Maharashtra,844040,Regional,377,Rahul Kumar
BR3009,Vijayawada Branch 3009,Vijayawada,Andhra Pradesh,782273,Local,430,Nithya Kumar
BR3010,Vijayawada Branch 3010,Vijayawada,Andhra Pradesh,769320,Local,459,Vijay Iyer
BR3011,Hyderabad Branch 3011,Hyderabad,Telangana,651827,Local,970,Suresh Naidu
BR3012,Vijayawada Branch 3012,Vijayawada,Andhra Pradesh,742673,Local,201,Kavya Das
BR3013,Bengaluru Branch 3013,Bengaluru,Karnataka,755177,Hub,476,Meena Sinha
BR3014,Kochi Branch 3014,Kochi,Kerala,790651,Local,688,Rohit Gupta
BR3015,Salem Branch 3015,Salem,Tamil Nadu,843981,Regional,873,Vijay Joshi
BR3016,Pune Branch 3016,Pune,Maharashtra,619995,Hub,921,Ajay Singh
BR3017,Madurai Branch 3017,Madurai,Tamil Nadu,808845,Local,101,Manoj Mishra
BR3018,Delhi Branch 3018,Delhi,Delhi,874984,Regional,227,Rohit Sharma
BR3019,Mumbai Branch 3019,Mumbai,Maharashtra,715931,Regional,1042,Ananya Gupta
BR3020,Kolkata Branch 3020,Kolkata,West Bengal,699744,Hub,451,Meena Iyer
BR3021,Trichy Branch 3021,Trichy,Tamil Nadu,857790,Local,141,Pooja Reddy
BR3022,Pune Branch 3022,Pune,Maharashtra,609402,Local,358,Vijay Joshi
BR3023,Kochi Branch 3023,Kochi,Kerala,696844,Regional,136,Rohit Menon
BR3024,Kolkata Branch 3024,Kolkata,West Bengal,809232,Local,121,Priya Pillai
BR3025,Jaipur Branch 3025,Jaipur,Rajasthan,620258,Local,458,Kavya Verma
BR3026,Bengaluru Branch 3026,Bengaluru,Karnataka,770288,Local,929,Rahul Pillai
BR3027,Bengaluru Branch 3027,Bengaluru,Karnataka,844626,Local,405,Dinesh Joshi
BR3028,Madurai Branch 3028,Madurai,Tamil Nadu,811793,Regional,113,Rahul Joshi
BR3029,Vijayawada Branch 3029,Vijayawada,Andhra Pradesh,804783,Regional,147,Vijay Gupta
BR3030,Vijayawada Branch 3030,Vijayawada,Andhra Pradesh,650688,Regional,915,Manoj Naidu
BR3031,Mumbai Branch 3031,Mumbai,Maharashtra,853703,Local,259,Harini Verma
BR3032,Chennai Branch 3032,Chennai,Tamil Nadu,670604,Local,284,Vijay Mehta
BR3033,Madurai Branch 3033,Madurai,Tamil Nadu,724725,Regional,566,Dinesh Gupta
BR3034,Vijayawada Branch 3034,Vijayawada,Andhra Pradesh,787378,Local,882,Priya Reddy
BR3035,Chennai Branch 3035,Chennai,Tamil Nadu,793477,Local,730,Rahul Pillai
BR3036,Ahmedabad Branch 3036,Ahmedabad,Gujarat,832960,Local,834,Swetha Mehta
BR3037,Vijayawada Branch 3037,Vijayawada,Andhra Pradesh,867253,Hub,657,Vivek Sharma
BR3038,Salem Branch 3038,Salem,Tamil Nadu,779814,Local,426,Vijay Iyer
BR3039,Bengaluru Branch 3039,Bengaluru,Karnataka,868760,Regional,165,Rohit Reddy
BR3040,Madurai Branch 3040,Madurai,Tamil Nadu,727665,Hub,412,Dinesh Menon
BR3041,Salem Branch 3041,Salem,Tamil Nadu,884987,Local,389,Dinesh Naidu
BR3042,Hyderabad Branch 3042,Hyderabad,Telangana,826189,Regional,326,Pooja Verma
BR3043,Salem Branch 3043,Salem,Tamil Nadu,861038,Local,1060,Rohit Patel
BR3044,Chennai Branch 3044,Chennai,Tamil Nadu,674568,Hub,274,Manoj Menon
BR3045,Hyderabad Branch 3045,Hyderabad,Telangana,602415,Local,1188,Swetha Nair
BR3046,Madurai Branch 3046,Madurai,Tamil Nadu,801035,Local,946,Karthik Rao
BR3047,Kochi Branch 3047,Kochi,Kerala,887117,Regional,861,Pooja Gupta
BR3048,Bengaluru Branch 3048,Bengaluru,Karnataka,854337,Local,369,Rohit Kumar
BR3049,Pune Branch 3049,Pune,Maharashtra,605698,Hub,281,Kavya Patel
BR3050,Chennai Branch 3050,Chennai,Tamil Nadu,898495,Local,1005,Harini Naidu
BR3051,Trichy Branch 3051,Trichy,Tamil Nadu,612171,Hub,934,Divya Nair
BR3052,Chennai Branch 3052,Chennai,Tamil Nadu,889326,Regional,439,Vijay Iyer
BR3053,Ahmedabad Branch 3053,Ahmedabad,Gujarat,868696,Local,995,Harini Iyer
BR3054,Kochi Branch 3054,Kochi,Kerala,756592,Hub,986,Kavya Kapoor
BR3055,Kolkata Branch 3055,Kolkata,West Bengal,605086,Local,958,Vijay Nair
BR3056,Trichy Branch 3056,Trichy,Tamil Nadu,626362,Hub,852,Arun Naidu
BR3057,Trichy Branch 3057,Trichy,Tamil Nadu,690959,Local,1134,Priya Verma
BR3058,Hyderabad Branch 3058,Hyderabad,Telangana,859108,Regional,998,Meena Bose
BR3059,Vijayawada Branch 3059,Vijayawada,Andhra Pradesh,675210,Regional,1083,Suresh Sinha
BR3060,Chennai Branch 3060,Chennai,Tamil Nadu,861249,Regional,266,Kavya Rao
BR3061,Chennai Branch 3061,Chennai,Tamil Nadu,818631,Regional,1133,Karthik Nair
BR3062,Jaipur Branch 3062,Jaipur,Rajasthan,750572,Local,662,Ajay Kapoor
BR3063,Salem Branch 3063,Salem,Tamil Nadu,863531,Local,427,Ajay Kapoor
BR3064,Vijayawada Branch 3064,Vijayawada,Andhra Pradesh,729899,Local,1170,Vijay Mishra
BR3065,Salem Branch 3065,Salem,Tamil Nadu,811441,Hub,920,Pooja Joshi
BR3066,Pune Branch 3066,Pune,Maharashtra,675934,Regional,498,Kavya Kumar
BR3067,Hyderabad Branch 3067,Hyderabad,Telangana,871617,Local,536,Divya Das
BR3068,Salem Branch 3068,Salem,Tamil Nadu,765439,Local,909,Vivek Patel
BR3069,Mumbai Branch 3069,Mumbai,Maharashtra,876751,Local,896,Divya Sinha
BR3070,Delhi Branch 3070,Delhi,Delhi,853239,Regional,1170,Karthik Verma
BR3071,Bengaluru Branch 3071,Bengaluru,Karnataka,866004,Local,830,Vivek Das
BR3072,Kolkata Branch 3072,Kolkata,West Bengal,729369,Hub,897,Pooja Iyer
BR3073,Pune Branch 3073,Pune,Maharashtra,621682,Local,734,Vijay Rao
BR3074,Coimbatore Branch 3074,Coimbatore,Tamil Nadu,749621,Local,625,Ajay Pillai
BR3075,Mumbai Branch 3075,Mumbai,Maharashtra,814692,Local,588,Divya Verma
BR3076,Ahmedabad Branch 3076,Ahmedabad,Gujarat,791485,Hub,604,Harini Rao
BR3077,Kochi Branch 3077,Kochi,Kerala,765619,Local,849,Vivek Pillai
BR3078,Coimbatore Branch 3078,Coimbatore,Tamil Nadu,877669,Local,973,Ajay Pillai
BR3079,Mumbai Branch 3079,Mumbai,Maharashtra,792119,Hub,655,Vijay Menon
BR3080,Salem Branch 3080,Salem,Tamil Nadu,639067,Local,508,Kavya Mehta
BR3081,Ahmedabad Branch 3081,Ahmedabad,Gujarat,654931,Local,338,Rohit Iyer
BR3082,Ahmedabad Branch 3082,Ahmedabad,Gujarat,762387,Regional,416,Rohit Iyer
BR3083,Pune Branch 3083,Pune,Maharashtra,839102,Regional,869,Nithya Nair
BR3084,Hyderabad Branch 3084,Hyderabad,Telangana,721142,Hub,1076,Rohit Verma
BR3085,Salem Branch 3085,Salem,Tamil Nadu,886707,Local,178,Vijay Nair
BR3086,Mumbai Branch 3086,Mumbai,Maharashtra,624289,Local,574,Vijay Kapoor
BR3087,Madurai Branch 3087,Madurai,Tamil Nadu,610474,Local,429,Manoj Gupta
BR3088,Pune Branch 3088,Pune,Maharashtra,832799,Hub,609,Vijay Singh
BR3089,Jaipur Branch 3089,Jaipur,Rajasthan,726543,Local,876,Arun Kumar
BR3090,Mumbai Branch 3090,Mumbai,Maharashtra,837860,Hub,1019,Nithya Rao
BR3091,Mumbai Branch 3091,Mumbai,Maharashtra,697726,Local,1060,Arun Das
BR3092,Kolkata Branch 3092,Kolkata,West Bengal,855903,Local,265,Ajay Rao
BR3093,Bengaluru Branch 3093,Bengaluru,Karnataka,766668,Local,1000,Vivek Gupta
BR3094,Mumbai Branch 3094,Mumbai,Maharashtra,762041,Regional,1191,Ananya Das
BR3095,Hyderabad Branch 3095,Hyderabad,Telangana,821365,Hub,336,Ajay Mehta
BR3096,Kolkata Branch 3096,Kolkata,West Bengal,785405,Local,570,Ananya Menon
BR3097,Mumbai Branch 3097,Mumbai,Maharashtra,691283,Local,1185,Priya Pillai
BR3098,Coimbatore Branch 3098,Coimbatore,Tamil Nadu,894519,Regional,234,Harini Sinha
BR3099,Pune Branch 3099,Pune,Maharashtra,868041,Hub,1046,Nithya Patel
BR3100,Madurai Branch 3100,Madurai,Tamil Nadu,892406,Regional,259,Arun Patel
BR3101,Madurai Branch 3101,Madurai,Tamil Nadu,717033,Local,718,Ajay Das
BR3102,Hyderabad Branch 3102,Hyderabad,Telangana,727538,Local,941,Manoj Bose
BR3103,Madurai Branch 3103,Madurai,Tamil Nadu,885723,Local,854,Pooja Verma
BR3104,Mumbai Branch 3104,Mumbai,Maharashtra,800112,Hub,854,Dinesh Bose
BR3105,Madurai Branch 3105,Madurai,Tamil Nadu,825135,Local,654,Vivek Rao
BR3106,Kochi Branch 3106,Kochi,Kerala,771936,Hub,514,Pooja Sharma
BR3107,Ahmedabad Branch 3107,Ahmedabad,Gujarat,673166,Hub,1146,Meena Verma
BR3108,Bengaluru Branch 3108,Bengaluru,Karnataka,688070,Regional,939,Swetha Sinha
BR3109,Pune Branch 3109,Pune,Maharashtra,668595,Hub,755,Ananya Sharma
BR3110,Delhi Branch 3110,Delhi,Delhi,817618,Local,876,Karthik Naidu
BR3111,Hyderabad Branch 3111,Hyderabad,Telangana,713972,Regional,1078,Suresh Joshi
BR3112,Bengaluru Branch 3112,Bengaluru,Karnataka,691792,Local,650,Harini Mehta
BR3113,Chennai Branch 3113,Chennai,Tamil Nadu,760696,Local,399,Meena Bose
BR3114,Salem Branch 3114,Salem,Tamil Nadu,728195,Local,687,Harini Bose
BR3115,Kolkata Branch 3115,Kolkata,West Bengal,805030,Local,1068,Harini Kapoor
BR3116,Mumbai Branch 3116,Mumbai,Maharashtra,691838,Local,147,Pooja Naidu
BR3117,Coimbatore Branch 3117,Coimbatore,Tamil Nadu,840977,Regional,304,Ajay Kapoor
BR3118,Coimbatore Branch 3118,Coimbatore,Tamil Nadu,752244,Hub,710,Suresh Verma
BR3119,Coimbatore Branch 3119,Coimbatore,Tamil Nadu,858181,Local,521,Manoj Pillai
BR3120,Bengaluru Branch 3120,Bengaluru,Karnataka,745104,Regional,1073,Rahul Rao
BR3121,Jaipur Branch 3121,Jaipur,Rajasthan,798289,Regional,419,Meena Verma
BR3122,Pune Branch 3122,Pune,Maharashtra,753759,Hub,1047,Rohit Iyer
BR3123,Coimbatore Branch 3123,Coimbatore,Tamil Nadu,715984,Regional,189,Priya Joshi
BR3124,Trichy Branch 3124,Trichy,Tamil Nadu,659925,Local,649,Suresh Rao
BR3125,Bengaluru Branch 3125,Bengaluru,Karnataka,745703,Local,210,Divya Pillai
BR3126,Bengaluru Branch 3126,Bengaluru,Karnataka,850677,Local,783,Pooja Menon
BR3127,Chennai Branch 3127,Chennai,Tamil Nadu,601824,Regional,1131,Priya Pillai
BR3128,Delhi Branch 3128,Delhi,Delhi,842752,Regional,122,Swetha Joshi
BR3129,Ahmedabad Branch 3129,Ahmedabad,Gujarat,763745,Local,670,Vijay Naidu
BR3130,Ahmedabad Branch 3130,Ahmedabad,Gujarat,853542,Local,540,Arun Patel
BR3131,Pune Branch 3131,Pune,Maharashtra,788198,Hub,1181,Meena Pillai
BR3132,Vijayawada Branch 3132,Vijayawada,Andhra Pradesh,615607,Local,1111,Pooja Singh
BR3133,Jaipur Branch 3133,Jaipur,Rajasthan,784266,Regional,786,Harini Patel
BR3134,Chennai Branch 3134,Chennai,Tamil Nadu,725243,Hub,561,Vijay Patel
BR3135,Salem Branch 3135,Salem,Tamil Nadu,867555,Regional,728,Divya Reddy
BR3136,Coimbatore Branch 3136,Coimbatore,Tamil Nadu,847030,Local,851,Vivek Reddy
BR3137,Coimbatore Branch 3137,Coimbatore,Tamil Nadu,785861,Local,765,Karthik Das
BR3138,Pune Branch 3138,Pune,Maharashtra,813840,Hub,407,Pooja Joshi
BR3139,Salem Branch 3139,Salem,Tamil Nadu,735957,Local,520,Vijay Kapoor
BR3140,Vijayawada Branch 3140,Vijayawada,Andhra Pradesh,880890,Regional,402,Priya Mishra
BR3141,Hyderabad Branch 3141,Hyderabad,Telangana,682418,Regional,811,Swetha Sinha
BR3142,Coimbatore Branch 3142,Coimbatore,Tamil Nadu,634937,Regional,625,Swetha Pillai
BR3143,Hyderabad Branch 3143,Hyderabad,Telangana,869278,Local,146,Vijay Sharma
BR3144,Jaipur Branch 3144,Jaipur,Rajasthan,695409,Hub,859,Suresh Kapoor
BR3145,Mumbai Branch 3145,Mumbai,Maharashtra,822706,Regional,705,Meena Iyer
BR3146,Salem Branch 3146,Salem,Tamil Nadu,628833,Regional,598,Priya Verma
BR3147,Ahmedabad Branch 3147,Ahmedabad,Gujarat,699271,Local,205,Manoj Iyer
BR3148,Kolkata Branch 3148,Kolkata,West Bengal,789490,Local,839,Swetha Bose
BR3149,Kolkata Branch 3149,Kolkata,West Bengal,845312,Local,1006,Divya Singh
BR3150,Mumbai Branch 3150,Mumbai,Maharashtra,617277,Local,869,Ananya Singh
BR3151,Madurai Branch 3151,Madurai,Tamil Nadu,642209,Hub,257,Manoj Kapoor
BR3152,Delhi Branch 3152,Delhi,Delhi,760334,Local,470,Meena Kumar
BR3153,Coimbatore Branch 3153,Coimbatore,Tamil Nadu,629740,Regional,891,Swetha Pillai
BR3154,Kolkata Branch 3154,Kolkata,West Bengal,833959,Hub,344,Meena Bose
BR3155,Mumbai Branch 3155,Mumbai,Maharashtra,675560,Local,216,Ananya Sinha
BR3156,Kochi Branch 3156,Kochi,Kerala,724381,Local,169,Suresh Das
BR3157,Bengaluru Branch 3157,Bengaluru,Karnataka,732840,Hub,977,Arun Sharma
BR3158,Salem Branch 3158,Salem,Tamil Nadu,830181,Local,1198,Manoj Kapoor
BR3159,Jaipur Branch 3159,Jaipur,Rajasthan,741257,Local,234,Dinesh Menon
BR3160,Bengaluru Branch 3160,Bengaluru,Karnataka,886394,Regional,836,Divya Rao
BR3161,Ahmedabad Branch 3161,Ahmedabad,Gujarat,817771,Regional,989,Meena Kapoor
BR3162,Coimbatore Branch 3162,Coimbatore,Tamil Nadu,713249,Regional,237,Vijay Rao
BR3163,Coimbatore Branch 3163,Coimbatore,Tamil Nadu,827878,Local,812,Suresh Sinha
BR3164,Kochi Branch 3164,Kochi,Kerala,897224,Local,339,Arun Bose
BR3165,Chennai Branch 3165,Chennai,Tamil Nadu,710882,Local,636,Harini Menon
BR3166,Jaipur Branch 3166,Jaipur,Rajasthan,674257,Local,316,Swetha Kumar
BR3167,Chennai Branch 3167,Chennai,Tamil Nadu,663582,Local,980,Sneha Kumar
BR3168,Mumbai Branch 3168,Mumbai,Maharashtra,880914,Local,1135,Rahul Joshi
BR3169,Chennai Branch 3169,Chennai,Tamil Nadu,683565,Hub,606,Kavya Mishra
BR3170,Trichy Branch 3170,Trichy,Tamil Nadu,765433,Local,517,Manoj Bose
BR3171,Chennai Branch 3171,Chennai,Tamil Nadu,779261,Local,486,Ajay Singh
BR3172,Trichy Branch 3172,Trichy,Tamil Nadu,841177,Local,1022,Vivek Rao
BR3173,Salem Branch 3173,Salem,Tamil Nadu,654703,Local,694,Manoj Gupta
BR3174,Vijayawada Branch 3174,Vijayawada,Andhra Pradesh,885481,Regional,939,Harini Nair
BR3175,Pune Branch 3175,Pune,Maharashtra,873360,Hub,135,Karthik Singh
BR3176,Chennai Branch 3176,Chennai,Tamil Nadu,753905,Regional,928,Divya Naidu
BR3177,Trichy Branch 3177,Trichy,Tamil Nadu,627397,Local,810,Nithya Singh
BR3178,Kochi Branch 3178,Kochi,Kerala,763296,Hub,781,Manoj Sinha
BR3179,Delhi Branch 3179,Delhi,Delhi,719563,Local,347,Vivek Iyer
BR3180,Vijayawada Branch 3180,Vijayawada,Andhra Pradesh,765928,Local,420,Vivek Singh
BR3181,Mumbai Branch 3181,Mumbai,Maharashtra,711068,Hub,822,Ananya Verma
BR3182,Trichy Branch 3182,Trichy,Tamil Nadu,789554,Local,881,Swetha Naidu
BR3183,Jaipur Branch 3183,Jaipur,Rajasthan,674407,Hub,726,Swetha Kumar
BR3184,Salem Branch 3184,Salem,Tamil Nadu,711430,Hub,422,Ananya Pillai
BR3185,Salem Branch 3185,Salem,Tamil Nadu,820782,Hub,1029,Sneha Sharma
BR3186,Pune Branch 3186,Pune,Maharashtra,727508,Local,1003,Priya Sharma
BR3187,Ahmedabad Branch 3187,Ahmedabad,Gujarat,697241,Local,160,Suresh Das
BR3188,Madurai Branch 3188,Madurai,Tamil Nadu,708620,Local,1034,Manoj Verma
BR3189,Bengaluru Branch 3189,Bengaluru,Karnataka,667849,Regional,1121,Ananya Kumar
BR3190,Hyderabad Branch 3190,Hyderabad,Telangana,786683,Hub,1018,Meena Nair
BR3191,Jaipur Branch 3191,Jaipur,Rajasthan,837059,Local,427,Pooja Mehta
BR3192,Hyderabad Branch 3192,Hyderabad,Telangana,646048,Hub,994,Sneha Kumar
BR3193,Salem Branch 3193,Salem,Tamil Nadu,627909,Local,267,Suresh Joshi
BR3194,Madurai Branch 3194,Madurai,Tamil Nadu,624483,Regional,457,Ajay Rao
BR3195,Hyderabad Branch 3195,Hyderabad,Telangana,716713,Regional,1182,Rahul Sharma
BR3196,Trichy Branch 3196,Trichy,Tamil Nadu,820870,Regional,967,Arun Nair
BR3197,Pune Branch 3197,Pune,Maharashtra,612370,Local,782,Harini Menon
BR3198,Delhi Branch 3198,Delhi,Delhi,601661,Regional,183,Priya Singh
BR3199,Delhi Branch 3199,Delhi,Delhi,626198,Regional,347,Pooja Das
BR3200,Delhi Branch 3200,Delhi,Delhi,721130,Local,925,Kavya Iyer
BR3201,Chennai Branch 3201,Chennai,Tamil Nadu,880107,Regional,1121,Harini Patel
BR3202,Delhi Branch 3202,Delhi,Delhi,819022,Local,1031,Arun Mishra
BR3203,Chennai Branch 3203,Chennai,Tamil Nadu,665817,Regional,1068,Dinesh Bose
BR3204,Delhi Branch 3204,Delhi,Delhi,815508,Hub,580,Rohit Iyer
BR3205,Jaipur Branch 3205,Jaipur,Rajasthan,629202,Local,745,Ananya Reddy
BR3206,Trichy Branch 3206,Trichy,Tamil Nadu,700760,Hub,292,Kavya Mishra
BR3207,Vijayawada Branch 3207,Vijayawada,Andhra Pradesh,846529,Regional,537,Nithya Reddy
BR3208,Delhi Branch 3208,Delhi,Delhi,816079,Hub,599,Vijay Sharma
BR3209,Hyderabad Branch 3209,Hyderabad,Telangana,729718,Local,251,Rahul Rao
BR3210,Hyderabad Branch 3210,Hyderabad,Telangana,775284,Regional,768,Karthik Verma
BR3211,Delhi Branch 3211,Delhi,Delhi,713774,Local,368,Swetha Joshi
BR3212,Bengaluru Branch 3212,Bengaluru,Karnataka,696160,Local,674,Arun Kumar
BR3213,Vijayawada Branch 3213,Vijayawada,Andhra Pradesh,728307,Local,256,Arun Nair
BR3214,Kochi Branch 3214,Kochi,Kerala,786158,Local,286,Rohit Kumar
BR3215,Pune Branch 3215,Pune,Maharashtra,861985,Local,416,Vivek Verma
BR3216,Trichy Branch 3216,Trichy,Tamil Nadu,655914,Local,699,Ananya Menon
BR3217,Hyderabad Branch 3217,Hyderabad,Telangana,894926,Hub,1086,Swetha Naidu
BR3218,Pune Branch 3218,Pune,Maharashtra,632017,Local,183,Harini Iyer
BR3219,Ahmedabad Branch 3219,Ahmedabad,Gujarat,697184,Regional,295,Priya Nair
BR3220,Jaipur Branch 3220,Jaipur,Rajasthan,660011,Hub,477,Sneha Bose
BR3221,Hyderabad Branch 3221,Hyderabad,Telangana,873119,Local,217,Vivek Rao
BR3222,Bengaluru Branch 3222,Bengaluru,Karnataka,613068,Local,125,Karthik Menon
BR3223,Mumbai Branch 3223,Mumbai,Maharashtra,894625,Local,338,Priya Patel
BR3224,Pune Branch 3224,Pune,Maharashtra,802115,Local,481,Dinesh Patel
BR3225,Delhi Branch 3225,Delhi,Delhi,863243,Regional,892,Divya Iyer
BR3226,Jaipur Branch 3226,Jaipur,Rajasthan,739189,Regional,1141,Harini Verma
BR3227,Jaipur Branch 3227,Jaipur,Rajasthan,875499,Local,763,Suresh Singh
BR3228,Ahmedabad Branch 3228,Ahmedabad,Gujarat,881733,Local,601,Ananya Kumar
BR3229,Ahmedabad Branch 3229,Ahmedabad,Gujarat,608623,Hub,719,Karthik Kapoor
BR3230,Ahmedabad Branch 3230,Ahmedabad,Gujarat,892920,Hub,875,Priya Kumar
BR3231,Vijayawada Branch 3231,Vijayawada,Andhra Pradesh,746147,Hub,316,Dinesh Mehta
BR3232,Bengaluru Branch 3232,Bengaluru,Karnataka,831888,Local,1094,Suresh Iyer
BR3233,Jaipur Branch 3233,Jaipur,Rajasthan,689936,Hub,123,Sneha Reddy
BR3234,Ahmedabad Branch 3234,Ahmedabad,Gujarat,600580,Regional,1099,Manoj Kapoor
BR3235,Hyderabad Branch 3235,Hyderabad,Telangana,661690,Local,472,Meena Menon
BR3236,Hyderabad Branch 3236,Hyderabad,Telangana,803744,Hub,713,Rohit Sinha
BR3237,Delhi Branch 3237,Delhi,Delhi,760347,Regional,429,Ajay Das
BR3238,Chennai Branch 3238,Chennai,Tamil Nadu,671706,Local,1035,Suresh Nair
BR3239,Kolkata Branch 3239,Kolkata,West Bengal,823951,Local,516,Karthik Patel
BR3240,Jaipur Branch 3240,Jaipur,Rajasthan,755388,Regional,522,Pooja Joshi
BR3241,Coimbatore Branch 3241,Coimbatore,Tamil Nadu,806434,Local,705,Swetha Sinha
BR3242,Kolkata Branch 3242,Kolkata,West Bengal,783706,Regional,1160,Kavya Joshi
BR3243,Mumbai Branch 3243,Mumbai,Maharashtra,615184,Local,799,Rahul Patel
BR3244,Kolkata Branch 3244,Kolkata,West Bengal,614880,Regional,212,Priya Nair
BR3245,Chennai Branch 3245,Chennai,Tamil Nadu,857301,Local,641,Priya Reddy
BR3246,Jaipur Branch 3246,Jaipur,Rajasthan,743149,Regional,1040,Ajay Gupta
BR3247,Vijayawada Branch 3247,Vijayawada,Andhra Pradesh,734583,Regional,117,Vijay Nair
BR3248,Jaipur Branch 3248,Jaipur,Rajasthan,789948,Local,261,Suresh Nair
BR3249,Coimbatore Branch 3249,Coimbatore,Tamil Nadu,633383,Local,258,Divya Singh
BR3250,Ahmedabad Branch 3250,Ahmedabad,Gujarat,763003,Local,1133,Meena Kapoor
BR3251,Trichy Branch 3251,Trichy,Tamil Nadu,859910,Local,972,Vivek Pillai
BR3252,Vijayawada Branch 3252,Vijayawada,Andhra Pradesh,672741,Regional,1138,Dinesh Menon
BR3253,Trichy Branch 3253,Trichy,Tamil Nadu,775519,Local,664,Priya Bose
BR3254,Hyderabad Branch 3254,Hyderabad,Telangana,621947,Local,798,Harini Iyer
BR3255,Madurai Branch 3255,Madurai,Tamil Nadu,805860,Hub,1178,Manoj Patel
BR3256,Chennai Branch 3256,Chennai,Tamil Nadu,775050,Local,545,Divya Gupta
BR3257,Delhi Branch 3257,Delhi,Delhi,773805,Local,989,Vijay Mehta
BR3258,Chennai Branch 3258,Chennai,Tamil Nadu,605635,Local,490,Ananya Das
BR3259,Coimbatore Branch 3259,Coimbatore,Tamil Nadu,806795,Local,238,Priya Bose
BR3260,Ahmedabad Branch 3260,Ahmedabad,Gujarat,888387,Local,983,Rohit Mehta
BR3261,Hyderabad Branch 3261,Hyderabad,Telangana,687260,Local,861,Meena Joshi
BR3262,Mumbai Branch 3262,Mumbai,Maharashtra,721787,Hub,224,Manoj Verma
BR3263,Kochi Branch 3263,Kochi,Kerala,869193,Local,318,Rohit Pillai
BR3264,Delhi Branch 3264,Delhi,Delhi,692829,Regional,380,Meena Naidu
BR3265,Mumbai Branch 3265,Mumbai,Maharashtra,707018,Hub,539,Manoj Nair
BR3266,Ahmedabad Branch 3266,Ahmedabad,Gujarat,666459,Regional,201,Nithya Joshi
BR3267,Coimbatore Branch 3267,Coimbatore,Tamil Nadu,890751,Local,1163,Priya Bose
BR3268,Madurai Branch 3268,Madurai,Tamil Nadu,791072,Hub,570,Manoj Reddy
BR3269,Pune Branch 3269,Pune,Maharashtra,891474,Hub,533,Arun Reddy
BR3270,Chennai Branch 3270,Chennai,Tamil Nadu,770326,Local,110,Arun Menon
BR3271,Coimbatore Branch 3271,Coimbatore,Tamil Nadu,837201,Regional,231,Harini Das
BR3272,Ahmedabad Branch 3272,Ahmedabad,Gujarat,686682,Local,583,Pooja Verma
BR3273,Jaipur Branch 3273,Jaipur,Rajasthan,638124,Regional,514,Dinesh Mishra
BR3274,Vijayawada Branch 3274,Vijayawada,Andhra Pradesh,612184,Regional,921,Divya Naidu
BR3275,Bengaluru Branch 3275,Bengaluru,Karnataka,863609,Hub,667,Vivek Iyer
BR3276,Delhi Branch 3276,Delhi,Delhi,726073,Local,961,Manoj Mishra
BR3277,Delhi Branch 3277,Delhi,Delhi,745656,Regional,454,Vivek Das
BR3278,Salem Branch 3278,Salem,Tamil Nadu,700339,Regional,360,Ananya Nair
BR3279,Kolkata Branch 3279,Kolkata,West Bengal,601427,Regional,691,Karthik Iyer
BR3280,Kochi Branch 3280,Kochi,Kerala,765440,Local,1110,Meena Kapoor
BR3281,Madurai Branch 3281,Madurai,Tamil Nadu,782059,Hub,679,Vijay Singh
BR3282,Chennai Branch 3282,Chennai,Tamil Nadu,746220,Local,1127,Suresh Reddy
BR3283,Trichy Branch 3283,Trichy,Tamil Nadu,776793,Hub,440,Vivek Gupta
BR3284,Jaipur Branch 3284,Jaipur,Rajasthan,609233,Regional,1069,Karthik Naidu
BR3285,Kochi Branch 3285,Kochi,Kerala,681959,Regional,194,Vijay Singh
BR3286,Coimbatore Branch 3286,Coimbatore,Tamil Nadu,627289,Regional,115,Arun Bose
BR3287,Salem Branch 3287,Salem,Tamil Nadu,821223,Regional,425,Kavya Kapoor
BR3288,Pune Branch 3288,Pune,Maharashtra,686978,Local,974,Swetha Kapoor
BR3289,Jaipur Branch 3289,Jaipur,Rajasthan,762101,Local,770,Priya Joshi
BR3290,Delhi Branch 3290,Delhi,Delhi,807210,Local,193,Kavya Singh
BR3291,Coimbatore Branch 3291,Coimbatore,Tamil Nadu,801166,Regional,1096,Ananya Joshi
BR3292,Coimbatore Branch 3292,Coimbatore,Tamil Nadu,619138,Local,435,Rahul Mehta
BR3293,Kochi Branch 3293,Kochi,Kerala,736442,Local,911,Karthik Joshi
BR3294,Salem Branch 3294,Salem,Tamil Nadu,764022,Local,263,Vivek Mishra
BR3295,Kolkata Branch 3295,Kolkata,West Bengal,685162,Hub,993,Pooja Mehta
BR3296,Kolkata Branch 3296,Kolkata,West Bengal,625553,Local,511,Pooja Bose
BR3297,Kochi Branch 3297,Kochi,Kerala,856307,Local,467,Arun Mishra
BR3298,Kochi Branch 3298,Kochi,Kerala,684844,Local,418,Priya Rao
BR3299,Chennai Branch 3299,Chennai,Tamil Nadu,814438,Local,588,Dinesh Iyer
BR3300,Coimbatore Branch 3300,Coimbatore,Tamil Nadu,745263,Local,649,Meena Reddy
BR3301,Hyderabad Branch 3301,Hyderabad,Telangana,739644,Local,995,Rahul Sharma
BR3302,Pune Branch 3302,Pune,Maharashtra,814848,Local,286,Dinesh Reddy
BR3303,Mumbai Branch 3303,Mumbai,Maharashtra,828119,Local,124,Meena Sinha
BR3304,Trichy Branch 3304,Trichy,Tamil Nadu,858552,Local,241,Nithya Sharma
BR3305,Hyderabad Branch 3305,Hyderabad,Telangana,776912,Local,527,Ananya Pillai
BR3306,Trichy Branch 3306,Trichy,Tamil Nadu,805356,Local,124,Sneha Reddy
BR3307,Pune Branch 3307,Pune,Maharashtra,850428,Hub,576,Rohit Kapoor
BR3308,Hyderabad Branch 3308,Hyderabad,Telangana,755309,Hub,946,Swetha Singh
BR3309,Madurai Branch 3309,Madurai,Tamil Nadu,889036,Local,1146,Arun Singh
BR3310,Salem Branch 3310,Salem,Tamil Nadu,693578,Regional,221,Rahul Joshi
BR3311,Jaipur Branch 3311,Jaipur,Rajasthan,602498,Regional,1082,Vivek Kumar
BR3312,Madurai Branch 3312,Madurai,Tamil Nadu,797349,Regional,116,Pooja Sharma
BR3313,Jaipur Branch 3313,Jaipur,Rajasthan,891581,Regional,101,Sneha Kumar
BR3314,Delhi Branch 3314,Delhi,Delhi,886830,Local,366,Manoj Mehta
BR3315,Hyderabad Branch 3315,Hyderabad,Telangana,815255,Local,350,Arun Bose
BR3316,Pune Branch 3316,Pune,Maharashtra,662892,Regional,376,Rohit Sharma
BR3317,Salem Branch 3317,Salem,Tamil Nadu,666496,Local,1129,Vijay Das
BR3318,Coimbatore Branch 3318,Coimbatore,Tamil Nadu,877822,Local,323,Arun Rao
BR3319,Madurai Branch 3319,Madurai,Tamil Nadu,728399,Local,1040,Nithya Mehta
BR3320,Hyderabad Branch 3320,Hyderabad,Telangana,710858,Regional,1154,Vijay Das
BR3321,Pune Branch 3321,Pune,Maharashtra,801600,Local,572,Manoj Verma
BR3322,Jaipur Branch 3322,Jaipur,Rajasthan,801303,Regional,613,Dinesh Das
BR3323,Ahmedabad Branch 3323,Ahmedabad,Gujarat,787282,Regional,264,Dinesh Verma
BR3324,Vijayawada Branch 3324,Vijayawada,Andhra Pradesh,843207,Local,399,Divya Gupta
BR3325,Ahmedabad Branch 3325,Ahmedabad,Gujarat,735835,Local,1074,Suresh Pillai
BR3326,Jaipur Branch 3326,Jaipur,Rajasthan,839497,Local,553,Priya Patel
BR3327,Bengaluru Branch 3327,Bengaluru,Karnataka,880596,Local,738,Arun Kumar
BR3328,Bengaluru Branch 3328,Bengaluru,Karnataka,612028,Regional,580,Ananya Naidu
BR3329,Bengaluru Branch 3329,Bengaluru,Karnataka,739221,Regional,174,Swetha Kumar
BR3330,Kochi Branch 3330,Kochi,Kerala,838940,Hub,408,Dinesh Kumar
BR3331,Delhi Branch 3331,Delhi,Delhi,820349,Hub,175,Meena Joshi
BR3332,Hyderabad Branch 3332,Hyderabad,Telangana,774147,Hub,486,Dinesh Kapoor
BR3333,Trichy Branch 3333,Trichy,Tamil Nadu,737581,Local,1056,Divya Iyer
BR3334,Pune Branch 3334,Pune,Maharashtra,742225,Hub,846,Suresh Das
BR3335,Coimbatore Branch 3335,Coimbatore,Tamil Nadu,726051,Local,1178,Nithya Verma
BR3336,Pune Branch 3336,Pune,Maharashtra,694869,Local,559,Suresh Joshi
BR3337,Bengaluru Branch 3337,Bengaluru,Karnataka,814985,Regional,760,Meena Kapoor
BR3338,Delhi Branch 3338,Delhi,Delhi,746385,Regional,412,Divya Menon
BR3339,Bengaluru Branch 3339,Bengaluru,Karnataka,898144,Regional,368,Sneha Kumar
BR3340,Jaipur Branch 3340,Jaipur,Rajasthan,713456,Local,254,Rohit Singh
BR3341,Coimbatore Branch 3341,Coimbatore,Tamil Nadu,645084,Local,579,Arun Menon
BR3342,Bengaluru Branch 3342,Bengaluru,Karnataka,881042,Regional,1197,Harini Nair
BR3343,Kolkata Branch 3343,Kolkata,West Bengal,747132,Regional,1198,Karthik Iyer
BR3344,Ahmedabad Branch 3344,Ahmedabad,Gujarat,880390,Local,127,Priya Rao
BR3345,Mumbai Branch 3345,Mumbai,Maharashtra,818938,Local,961,Sneha Rao
BR3346,Mumbai Branch 3346,Mumbai,Maharashtra,756870,Local,218,Vivek Joshi
BR3347,Vijayawada Branch 3347,Vijayawada,Andhra Pradesh,744821,Local,1150,Vivek Kumar
BR3348,Ahmedabad Branch 3348,Ahmedabad,Gujarat,667850,Local,249,Vivek Sinha
BR3349,Coimbatore Branch 3349,Coimbatore,Tamil Nadu,803745,Regional,781,Suresh Patel
BR3350,Mumbai Branch 3350,Mumbai,Maharashtra,708454,Local,861,Arun Singh
BR3351,Coimbatore Branch 3351,Coimbatore,Tamil Nadu,774337,Regional,282,Priya Bose
BR3352,Madurai Branch 3352,Madurai,Tamil Nadu,830736,Local,1194,Dinesh Bose
BR3353,Coimbatore Branch 3353,Coimbatore,Tamil Nadu,695066,Local,282,Kavya Das
BR3354,Mumbai Branch 3354,Mumbai,Maharashtra,673420,Regional,272,Ananya Bose
BR3355,Pune Branch 3355,Pune,Maharashtra,641033,Regional,641,Rohit Pillai
BR3356,Delhi Branch 3356,Delhi,Delhi,637889,Regional,454,Kavya Mehta
BR3357,Vijayawada Branch 3357,Vijayawada,Andhra Pradesh,871519,Hub,253,Vivek Singh
BR3358,Madurai Branch 3358,Madurai,Tamil Nadu,789656,Local,700,Divya Patel
BR3359,Jaipur Branch 3359,Jaipur,Rajasthan,733315,Local,484,Karthik Nair
BR3360,Pune Branch 3360,Pune,Maharashtra,890104,Regional,832,Vivek Kapoor
BR3361,Ahmedabad Branch 3361,Ahmedabad,Gujarat,870739,Regional,1019,Manoj Menon
BR3362,Ahmedabad Branch 3362,Ahmedabad,Gujarat,600765,Local,1148,Pooja Bose
BR3363,Bengaluru Branch 3363,Bengaluru,Karnataka,657116,Hub,653,Vivek Verma
BR3364,Kolkata Branch 3364,Kolkata,West Bengal,612410,Local,1192,Karthik Patel
BR3365,Delhi Branch 3365,Delhi,Delhi,881531,Local,460,Priya Singh
BR3366,Salem Branch 3366,Salem,Tamil Nadu,664196,Local,875,Divya Menon
BR3367,Kochi Branch 3367,Kochi,Kerala,623511,Local,973,Kavya Verma
BR3368,Ahmedabad Branch 3368,Ahmedabad,Gujarat,889483,Local,1186,Rohit Gupta
BR3369,Hyderabad Branch 3369,Hyderabad,Telangana,875697,Hub,817,Ajay Kumar
BR3370,Coimbatore Branch 3370,Coimbatore,Tamil Nadu,865269,Local,759,Rahul Gupta
BR3371,Hyderabad Branch 3371,Hyderabad,Telangana,734268,Local,594,Vivek Nair
BR3372,Trichy Branch 3372,Trichy,Tamil Nadu,825012,Local,523,Pooja Reddy
BR3373,Salem Branch 3373,Salem,Tamil Nadu,843264,Regional,940,Harini Menon
BR3374,Mumbai Branch 3374,Mumbai,Maharashtra,737914,Regional,354,Ananya Reddy
BR3375,Madurai Branch 3375,Madurai,Tamil Nadu,608079,Local,360,Kavya Patel
BR3376,Jaipur Branch 3376,Jaipur,Rajasthan,731922,Regional,622,Kavya Bose
BR3377,Mumbai Branch 3377,Mumbai,Maharashtra,624683,Local,521,Kavya Pillai
BR3378,Bengaluru Branch 3378,Bengaluru,Karnataka,796105,Local,679,Swetha Bose
BR3379,Madurai Branch 3379,Madurai,Tamil Nadu,651824,Local,515,Sneha Mehta
BR3380,Trichy Branch 3380,Trichy,Tamil Nadu,690232,Hub,1128,Rahul Sinha
BR3381,Coimbatore Branch 3381,Coimbatore,Tamil Nadu,606211,Regional,1017,Suresh Mehta
BR3382,Vijayawada Branch 3382,Vijayawada,Andhra Pradesh,855845,Hub,305,Sneha Sinha
BR3383,Mumbai Branch 3383,Mumbai,Maharashtra,630584,Regional,568,Vijay Bose
BR3384,Jaipur Branch 3384,Jaipur,Rajasthan,605789,Local,181,Harini Menon
BR3385,Salem Branch 3385,Salem,Tamil Nadu,894831,Regional,1190,Pooja Patel
BR3386,Delhi Branch 3386,Delhi,Delhi,897074,Local,856,Meena Sinha
BR3387,Delhi Branch 3387,Delhi,Delhi,783941,Regional,366,Pooja Mehta
BR3388,Salem Branch 3388,Salem,Tamil Nadu,772792,Local,850,Manoj Menon
BR3389,Bengaluru Branch 3389,Bengaluru,Karnataka,732719,Regional,574,Vijay Singh
BR3390,Madurai Branch 3390,Madurai,Tamil Nadu,694662,Regional,252,Vivek Bose
BR3391,Delhi Branch 3391,Delhi,Delhi,646016,Local,653,Swetha Naidu
BR3392,Pune Branch 3392,Pune,Maharashtra,708091,Local,586,Meena Gupta
BR3393,Bengaluru Branch 3393,Bengaluru,Karnataka,827107,Regional,670,Rohit Iyer
BR3394,Jaipur Branch 3394,Jaipur,Rajasthan,863951,Hub,728,Sneha Patel
BR3395,Ahmedabad Branch 3395,Ahmedabad,Gujarat,827803,Hub,860,Ajay Reddy
BR3396,Trichy Branch 3396,Trichy,Tamil Nadu,803123,Local,1171,Suresh Bose
BR3397,Vijayawada Branch 3397,Vijayawada,Andhra Pradesh,822823,Local,1147,Suresh Menon
BR3398,Vijayawada Branch 3398,Vijayawada,Andhra Pradesh,756641,Hub,808,Pooja Mishra
BR3399,Chennai Branch 3399,Chennai,Tamil Nadu,642517,Local,1156,Pooja Mehta
BR3400,Kolkata Branch 3400,Kolkata,West Bengal,686274,Hub,937,Divya Singh
BR3401,Mumbai Branch 3401,Mumbai,Maharashtra,842387,Regional,274,Manoj Menon
BR3402,Salem Branch 3402,Salem,Tamil Nadu,799085,Regional,664,Priya Verma
BR3403,Jaipur Branch 3403,Jaipur,Rajasthan,797285,Local,784,Dinesh Naidu
BR3404,Kolkata Branch 3404,Kolkata,West Bengal,608617,Hub,1066,Divya Reddy
BR3405,Pune Branch 3405,Pune,Maharashtra,630208,Local,822,Dinesh Sinha
BR3406,Chennai Branch 3406,Chennai,Tamil Nadu,732413,Regional,1121,Nithya Patel
BR3407,Pune Branch 3407,Pune,Maharashtra,887350,Local,1126,Swetha Naidu
BR3408,Kochi Branch 3408,Kochi,Kerala,661574,Local,1172,Vivek Bose
BR3409,Mumbai Branch 3409,Mumbai,Maharashtra,848769,Regional,1137,Manoj Patel
BR3410,Chennai Branch 3410,Chennai,Tamil Nadu,698472,Local,892,Swetha Joshi
BR3411,Trichy Branch 3411,Trichy,Tamil Nadu,792422,Regional,346,Kavya Naidu
BR3412,Bengaluru Branch 3412,Bengaluru,Karnataka,673745,Regional,531,Priya Kumar
BR3413,Jaipur Branch 3413,Jaipur,Rajasthan,862106,Hub,666,Meena Sinha
BR3414,Vijayawada Branch 3414,Vijayawada,Andhra Pradesh,880059,Regional,580,Kavya Joshi
BR3415,Jaipur Branch 3415,Jaipur,Rajasthan,865958,Hub,357,Ananya Kumar
BR3416,Madurai Branch 3416,Madurai,Tamil Nadu,601498,Regional,634,Ananya Kapoor
BR3417,Vijayawada Branch 3417,Vijayawada,Andhra Pradesh,731615,Hub,207,Swetha Mehta
BR3418,Kochi Branch 3418,Kochi,Kerala,682299,Hub,275,Harini Mishra
BR3419,Chennai Branch 3419,Chennai,Tamil Nadu,866580,Local,568,Priya Mishra
BR3420,Trichy Branch 3420,Trichy,Tamil Nadu,827479,Local,626,Meena Kapoor
BR3421,Mumbai Branch 3421,Mumbai,Maharashtra,828397,Regional,918,Rahul Pillai
BR3422,Coimbatore Branch 3422,Coimbatore,Tamil Nadu,866447,Local,251,Karthik Pillai
BR3423,Pune Branch 3423,Pune,Maharashtra,644454,Local,923,Dinesh Verma
BR3424,Trichy Branch 3424,Trichy,Tamil Nadu,835659,Hub,1161,Ananya Kumar
BR3425,Kolkata Branch 3425,Kolkata,West Bengal,726344,Regional,380,Vijay Rao
BR3426,Vijayawada Branch 3426,Vijayawada,Andhra Pradesh,811328,Local,1047,Divya Mishra
BR3427,Salem Branch 3427,Salem,Tamil Nadu,734925,Local,530,Nithya Singh
BR3428,Bengaluru Branch 3428,Bengaluru,Karnataka,698978,Local,419,Karthik Sharma
BR3429,Mumbai Branch 3429,Mumbai,Maharashtra,778021,Local,170,Suresh Nair
BR3430,Mumbai Branch 3430,Mumbai,Maharashtra,786571,Local,156,Harini Mehta
BR3431,Chennai Branch 3431,Chennai,Tamil Nadu,864202,Local,266,Vivek Singh
BR3432,Kochi Branch 3432,Kochi,Kerala,786090,Local,730,Priya Rao
BR3433,Coimbatore Branch 3433,Coimbatore,Tamil Nadu,891033,Local,896,Kavya Naidu
BR3434,Salem Branch 3434,Salem,Tamil Nadu,826596,Hub,1021,Dinesh Patel
BR3435,Hyderabad Branch 3435,Hyderabad,Telangana,704452,Local,419,Harini Iyer
BR3436,Vijayawada Branch 3436,Vijayawada,Andhra Pradesh,745045,Local,631,Rohit Naidu
BR3437,Kochi Branch 3437,Kochi,Kerala,691837,Hub,106,Rohit Sinha
BR3438,Jaipur Branch 3438,Jaipur,Rajasthan,662028,Regional,557,Pooja Sharma
BR3439,Kochi Branch 3439,Kochi,Kerala,631542,Local,337,Kavya Sinha
BR3440,Jaipur Branch 3440,Jaipur,Rajasthan,840790,Local,550,Suresh Patel
BR3441,Mumbai Branch 3441,Mumbai,Maharashtra,703411,Local,995,Harini Patel
BR3442,Bengaluru Branch 3442,Bengaluru,Karnataka,815140,Hub,591,Vivek Verma
BR3443,Kochi Branch 3443,Kochi,Kerala,754883,Regional,548,Arun Gupta
BR3444,Trichy Branch 3444,Trichy,Tamil Nadu,617687,Hub,1104,Priya Mishra
BR3445,Pune Branch 3445,Pune,Maharashtra,860508,Local,738,Arun Sinha
BR3446,Kochi Branch 3446,Kochi,Kerala,672270,Local,302,Swetha Pillai
BR3447,Pune Branch 3447,Pune,Maharashtra,876806,Local,681,Ananya Sharma
BR3448,Vijayawada Branch 3448,Vijayawada,Andhra Pradesh,610153,Local,959,Vivek Joshi
BR3449,Hyderabad Branch 3449,Hyderabad,Telangana,683621,Hub,219,Meena Pillai
BR3450,Ahmedabad Branch 3450,Ahmedabad,Gujarat,722375,Hub,764,Sneha Menon
BR3451,Coimbatore Branch 3451,Coimbatore,Tamil Nadu,889741,Local,1043,Rahul Joshi
BR3452,Vijayawada Branch 3452,Vijayawada,Andhra Pradesh,797633,Local,723,Swetha Reddy
BR3453,Chennai Branch 3453,Chennai,Tamil Nadu,821784,Regional,1012,Nithya Sinha
BR3454,Jaipur Branch 3454,Jaipur,Rajasthan,853108,Regional,279,Suresh Kapoor
BR3455,Bengaluru Branch 3455,Bengaluru,Karnataka,694218,Local,730,Vivek Joshi
BR3456,Chennai Branch 3456,Chennai,Tamil Nadu,659767,Local,741,Pooja Verma
BR3457,Delhi Branch 3457,Delhi,Delhi,869764,Regional,799,Arun Mishra
BR3458,Vijayawada Branch 3458,Vijayawada,Andhra Pradesh,896904,Regional,1052,Rahul Menon
BR3459,Mumbai Branch 3459,Mumbai,Maharashtra,891950,Local,592,Meena Kumar
BR3460,Trichy Branch 3460,Trichy,Tamil Nadu,877936,Regional,1042,Swetha Mehta
BR3461,Chennai Branch 3461,Chennai,Tamil Nadu,685293,Local,496,Dinesh Kumar
BR3462,Kolkata Branch 3462,Kolkata,West Bengal,604748,Regional,889,Vijay Reddy
BR3463,Madurai Branch 3463,Madurai,Tamil Nadu,860199,Local,433,Arun Mehta
BR3464,Pune Branch 3464,Pune,Maharashtra,798255,Local,758,Kavya Singh
BR3465,Kolkata Branch 3465,Kolkata,West Bengal,893781,Regional,100,Ananya Menon
BR3466,Mumbai Branch 3466,Mumbai,Maharashtra,653472,Regional,551,Divya Verma
BR3467,Mumbai Branch 3467,Mumbai,Maharashtra,745632,Local,283,Kavya Patel
BR3468,Mumbai Branch 3468,Mumbai,Maharashtra,749211,Hub,803,Pooja Singh
BR3469,Jaipur Branch 3469,Jaipur,Rajasthan,862895,Regional,680,Vijay Pillai
BR3470,Pune Branch 3470,Pune,Maharashtra,893495,Regional,439,Divya Kapoor
BR3471,Coimbatore Branch 3471,Coimbatore,Tamil Nadu,633611,Hub,1017,Meena Kumar
BR3472,Mumbai Branch 3472,Mumbai,Maharashtra,750871,Local,721,Meena Sinha
BR3473,Kolkata Branch 3473,Kolkata,West Bengal,657111,Local,271,Manoj Singh
BR3474,Madurai Branch 3474,Madurai,Tamil Nadu,816503,Hub,477,Ajay Reddy
BR3475,Delhi Branch 3475,Delhi,Delhi,618688,Local,276,Arun Kumar
BR3476,Mumbai Branch 3476,Mumbai,Maharashtra,826300,Regional,710,Rahul Iyer
BR3477,Pune Branch 3477,Pune,Maharashtra,751311,Regional,135,Swetha Verma
BR3478,Coimbatore Branch 3478,Coimbatore,Tamil Nadu,826346,Hub,324,Arun Rao
BR3479,Mumbai Branch 3479,Mumbai,Maharashtra,777540,Local,955,Manoj Joshi
BR3480,Jaipur Branch 3480,Jaipur,Rajasthan,758391,Local,1029,Nithya Gupta
BR3481,Mumbai Branch 3481,Mumbai,Maharashtra,604072,Hub,1174,Suresh Singh
BR3482,Kolkata Branch 3482,Kolkata,West Bengal,856561,Hub,252,Rohit Sinha
BR3483,Delhi Branch 3483,Delhi,Delhi,828171,Local,848,Dinesh Singh
BR3484,Chennai Branch 3484,Chennai,Tamil Nadu,769450,Local,865,Kavya Sinha
BR3485,Vijayawada Branch 3485,Vijayawada,Andhra Pradesh,652958,Local,920,Swetha Reddy
BR3486,Madurai Branch 3486,Madurai,Tamil Nadu,781608,Regional,204,Suresh Iyer
BR3487,Jaipur Branch 3487,Jaipur,Rajasthan,611813,Local,466,Pooja Gupta
BR3488,Pune Branch 3488,Pune,Maharashtra,693063,Local,932,Vijay Rao
BR3489,Trichy Branch 3489,Trichy,Tamil Nadu,796888,Local,1123,Suresh Pillai
BR3490,Salem Branch 3490,Salem,Tamil Nadu,621559,Regional,1168,Manoj Sinha
BR3491,Bengaluru Branch 3491,Bengaluru,Karnataka,784203,Hub,589,Nithya Nair
BR3492,Pune Branch 3492,Pune,Maharashtra,733343,Local,149,Pooja Rao
BR3493,Coimbatore Branch 3493,Coimbatore,Tamil Nadu,770702,Local,915,Rahul Bose
BR3494,Delhi Branch 3494,Delhi,Delhi,879212,Hub,300,Karthik Nair
BR3495,Coimbatore Branch 3495,Coimbatore,Tamil Nadu,683964,Regional,274,Harini Kumar
BR3496,Pune Branch 3496,Pune,Maharashtra,650685,Regional,241,Divya Kumar
BR3497,Mumbai Branch 3497,Mumbai,Maharashtra,698811,Regional,289,Kavya Mehta
BR3498,Trichy Branch 3498,Trichy,Tamil Nadu,773855,Regional,957,Meena Naidu
BR3499,Hyderabad Branch 3499,Hyderabad,Telangana,658539,Regional,880,Rohit Menon
BR3500,Bengaluru Branch 3500,Bengaluru,Karnataka,854827,Regional,968,Suresh Menon
BR3501,Vijayawada Branch 3501,Vijayawada,Andhra Pradesh,782540,Regional,1164,Manoj Nair
BR3502,Madurai Branch 3502,Madurai,Tamil Nadu,668340,Local,428,Vijay Kapoor
BR3503,Vijayawada Branch 3503,Vijayawada,Andhra Pradesh,670836,Hub,1064,Kavya Iyer
BR3504,Chennai Branch 3504,Chennai,Tamil Nadu,839686,Local,874,Arun Menon
BR3505,Trichy Branch 3505,Trichy,Tamil Nadu,747165,Hub,194,Karthik Verma
BR3506,Ahmedabad Branch 3506,Ahmedabad,Gujarat,834526,Regional,793,Priya Rao
BR3507,Vijayawada Branch 3507,Vijayawada,Andhra Pradesh,848951,Local,581,Vijay Iyer
BR3508,Bengaluru Branch 3508,Bengaluru,Karnataka,694718,Local,110,Nithya Naidu
BR3509,Delhi Branch 3509,Delhi,Delhi,797342,Local,872,Swetha Das
BR3510,Jaipur Branch 3510,Jaipur,Rajasthan,801164,Hub,570,Rahul Mishra
BR3511,Delhi Branch 3511,Delhi,Delhi,768394,Local,530,Suresh Das
BR3512,Kochi Branch 3512,Kochi,Kerala,866807,Regional,1166,Kavya Gupta
BR3513,Chennai Branch 3513,Chennai,Tamil Nadu,895882,Local,103,Rohit Singh
BR3514,Coimbatore Branch 3514,Coimbatore,Tamil Nadu,892690,Regional,436,Dinesh Nair
BR3515,Salem Branch 3515,Salem,Tamil Nadu,731334,Local,474,Manoj Bose
BR3516,Mumbai Branch 3516,Mumbai,Maharashtra,850376,Local,129,Dinesh Verma
BR3517,Ahmedabad Branch 3517,Ahmedabad,Gujarat,697079,Local,997,Karthik Mishra
BR3518,Kolkata Branch 3518,Kolkata,West Bengal,745984,Local,941,Suresh Gupta
BR3519,Trichy Branch 3519,Trichy,Tamil Nadu,645309,Local,319,Karthik Gupta
BR3520,Vijayawada Branch 3520,Vijayawada,Andhra Pradesh,797643,Local,227,Rahul Pillai
BR3521,Vijayawada Branch 3521,Vijayawada,Andhra Pradesh,827539,Local,324,Rahul Rao
BR3522,Madurai Branch 3522,Madurai,Tamil Nadu,716228,Hub,507,Manoj Mehta
BR3523,Bengaluru Branch 3523,Bengaluru,Karnataka,634575,Hub,776,Kavya Nair
BR3524,Kolkata Branch 3524,Kolkata,West Bengal,729384,Local,257,Suresh Mishra
BR3525,Chennai Branch 3525,Chennai,Tamil Nadu,627051,Local,808,Harini Kumar
BR3526,Hyderabad Branch 3526,Hyderabad,Telangana,876305,Local,506,Sneha Mehta
BR3527,Mumbai Branch 3527,Mumbai,Maharashtra,664578,Regional,129,Rohit Kumar
BR3528,Hyderabad Branch 3528,Hyderabad,Telangana,637559,Local,295,Kavya Kapoor
BR3529,Coimbatore Branch 3529,Coimbatore,Tamil Nadu,711789,Hub,918,Manoj Singh
BR3530,Salem Branch 3530,Salem,Tamil Nadu,831446,Regional,443,Divya Naidu
BR3531,Kochi Branch 3531,Kochi,Kerala,836586,Regional,678,Dinesh Iyer
BR3532,Ahmedabad Branch 3532,Ahmedabad,Gujarat,611468,Hub,283,Suresh Reddy
BR3533,Kochi Branch 3533,Kochi,Kerala,677323,Regional,611,Ajay Naidu
BR3534,Ahmedabad Branch 3534,Ahmedabad,Gujarat,692970,Local,1060,Sneha Joshi
BR3535,Kolkata Branch 3535,Kolkata,West Bengal,653326,Local,720,Sneha Bose
BR3536,Hyderabad Branch 3536,Hyderabad,Telangana,720936,Hub,317,Swetha Gupta
BR3537,Kolkata Branch 3537,Kolkata,West Bengal,681545,Regional,1199,Harini Mehta
BR3538,Bengaluru Branch 3538,Bengaluru,Karnataka,719503,Local,420,Meena Bose
BR3539,Kochi Branch 3539,Kochi,Kerala,614049,Local,101,Vijay Menon
BR3540,Salem Branch 3540,Salem,Tamil Nadu,628729,Local,870,Rahul Naidu
BR3541,Salem Branch 3541,Salem,Tamil Nadu,739039,Hub,694,Ananya Verma
BR3542,Hyderabad Branch 3542,Hyderabad,Telangana,674002,Regional,181,Meena Gupta
BR3543,Kolkata Branch 3543,Kolkata,West Bengal,882490,Regional,322,Divya Verma
BR3544,Trichy Branch 3544,Trichy,Tamil Nadu,866673,Regional,874,Nithya Patel
BR3545,Jaipur Branch 3545,Jaipur,Rajasthan,870209,Local,978,Suresh Nair
BR3546,Pune Branch 3546,Pune,Maharashtra,840007,Hub,1161,Vivek Gupta
BR3547,Kochi Branch 3547,Kochi,Kerala,830660,Local,541,Karthik Naidu
BR3548,Vijayawada Branch 3548,Vijayawada,Andhra Pradesh,800700,Local,672,Pooja Naidu
BR3549,Jaipur Branch 3549,Jaipur,Rajasthan,697965,Regional,694,Ajay Mehta
BR3550,Madurai Branch 3550,Madurai,Tamil Nadu,630473,Local,1034,Nithya Sharma
BR3551,Coimbatore Branch 3551,Coimbatore,Tamil Nadu,705426,Local,127,Meena Reddy
BR3552,Delhi Branch 3552,Delhi,Delhi,783737,Local,284,Pooja Nair
BR3553,Kochi Branch 3553,Kochi,Kerala,606416,Local,169,Dinesh Menon
BR3554,Mumbai Branch 3554,Mumbai,Maharashtra,612596,Regional,818,Harini Pillai
BR3555,Hyderabad Branch 3555,Hyderabad,Telangana,654921,Local,767,Kavya Rao
BR3556,Delhi Branch 3556,Delhi,Delhi,601141,Hub,648,Swetha Mehta
BR3557,Madurai Branch 3557,Madurai,Tamil Nadu,720837,Regional,316,Dinesh Menon
BR3558,Pune Branch 3558,Pune,Maharashtra,841373,Local,707,Divya Kapoor
BR3559,Kochi Branch 3559,Kochi,Kerala,876398,Hub,794,Vijay Joshi
BR3560,Kolkata Branch 3560,Kolkata,West Bengal,795059,Hub,712,Priya Kumar
BR3561,Kolkata Branch 3561,Kolkata,West Bengal,605746,Hub,839,Divya Menon
BR3562,Ahmedabad Branch 3562,Ahmedabad,Gujarat,779501,Regional,571,Vijay Sinha
BR3563,Kolkata Branch 3563,Kolkata,West Bengal,819124,Local,484,Priya Rao
BR3564,Madurai Branch 3564,Madurai,Tamil Nadu,620000,Local,102,Pooja Kapoor
BR3565,Bengaluru Branch 3565,Bengaluru,Karnataka,797849,Regional,682,Manoj Bose
BR3566,Coimbatore Branch 3566,Coimbatore,Tamil Nadu,661237,Hub,196,Arun Iyer
BR3567,Bengaluru Branch 3567,Bengaluru,Karnataka,673468,Regional,696,Dinesh Sinha
BR3568,Vijayawada Branch 3568,Vijayawada,Andhra Pradesh,645086,Hub,850,Harini Patel
BR3569,Salem Branch 3569,Salem,Tamil Nadu,713920,Hub,787,Swetha Gupta
BR3570,Chennai Branch 3570,Chennai,Tamil Nadu,744031,Local,742,Suresh Gupta
BR3571,Kochi Branch 3571,Kochi,Kerala,880073,Local,788,Meena Menon
BR3572,Trichy Branch 3572,Trichy,Tamil Nadu,790834,Local,712,Ananya Rao
BR3573,Delhi Branch 3573,Delhi,Delhi,724060,Hub,799,Meena Joshi
BR3574,Bengaluru Branch 3574,Bengaluru,Karnataka,823898,Hub,452,Arun Bose
BR3575,Ahmedabad Branch 3575,Ahmedabad,Gujarat,873688,Regional,1121,Dinesh Verma
BR3576,Jaipur Branch 3576,Jaipur,Rajasthan,740980,Regional,280,Vijay Iyer
BR3577,Pune Branch 3577,Pune,Maharashtra,609306,Local,576,Karthik Verma
BR3578,Chennai Branch 3578,Chennai,Tamil Nadu,768245,Regional,765,Nithya Kumar
BR3579,Kolkata Branch 3579,Kolkata,West Bengal,806788,Hub,1180,Sneha Sinha
BR3580,Jaipur Branch 3580,Jaipur,Rajasthan,858533,Regional,521,Sneha Naidu
BR3581,Chennai Branch 3581,Chennai,Tamil Nadu,857131,Local,1004,Kavya Sinha
BR3582,Kochi Branch 3582,Kochi,Kerala,806329,Local,1169,Rahul Gupta
BR3583,Kochi Branch 3583,Kochi,Kerala,828135,Local,961,Ananya Joshi
BR3584,Coimbatore Branch 3584,Coimbatore,Tamil Nadu,803348,Regional,185,Arun Kapoor
BR3585,Kochi Branch 3585,Kochi,Kerala,622469,Local,846,Sneha Mishra
BR3586,Pune Branch 3586,Pune,Maharashtra,791718,Hub,992,Rohit Rao
BR3587,Pune Branch 3587,Pune,Maharashtra,828112,Local,693,Karthik Pillai
BR3588,Hyderabad Branch 3588,Hyderabad,Telangana,841885,Local,277,Meena Rao
BR3589,Bengaluru Branch 3589,Bengaluru,Karnataka,854645,Hub,292,Vivek Rao
BR3590,Delhi Branch 3590,Delhi,Delhi,872782,Hub,894,Karthik Das
BR3591,Mumbai Branch 3591,Mumbai,Maharashtra,893276,Regional,586,Priya Patel
BR3592,Vijayawada Branch 3592,Vijayawada,Andhra Pradesh,604726,Local,741,Priya Kumar
BR3593,Jaipur Branch 3593,Jaipur,Rajasthan,835921,Local,566,Kavya Iyer
BR3594,Trichy Branch 3594,Trichy,Tamil Nadu,692869,Local,544,Swetha Naidu
BR3595,Kochi Branch 3595,Kochi,Kerala,835623,Local,985,Priya Bose
BR3596,Mumbai Branch 3596,Mumbai,Maharashtra,846789,Local,988,Sneha Patel
BR3597,Delhi Branch 3597,Delhi,Delhi,702223,Local,190,Divya Singh
BR3598,Bengaluru Branch 3598,Bengaluru,Karnataka,679689,Hub,162,Swetha Kapoor
BR3599,Bengaluru Branch 3599,Bengaluru,Karnataka,745586,Hub,114,Ananya Das
BR3600,Jaipur Branch 3600,Jaipur,Rajasthan,858075,Regional,1114,Karthik Kapoor
BR3601,Trichy Branch 3601,Trichy,Tamil Nadu,761646,Local,832,Swetha Kumar
BR3602,Vijayawada Branch 3602,Vijayawada,Andhra Pradesh,803937,Local,393,Swetha Sharma
BR3603,Vijayawada Branch 3603,Vijayawada,Andhra Pradesh,645434,Local,915,Dinesh Menon
BR3604,Trichy Branch 3604,Trichy,Tamil Nadu,882721,Regional,357,Arun Nair
BR3605,Jaipur Branch 3605,Jaipur,Rajasthan,819814,Regional,812,Nithya Kumar
BR3606,Mumbai Branch 3606,Mumbai,Maharashtra,691272,Regional,261,Ananya Gupta
BR3607,Delhi Branch 3607,Delhi,Delhi,762795,Hub,1121,Priya Das
BR3608,Bengaluru Branch 3608,Bengaluru,Karnataka,763530,Local,526,Swetha Mehta
BR3609,Ahmedabad Branch 3609,Ahmedabad,Gujarat,760689,Hub,123,Nithya Sinha
BR3610,Kolkata Branch 3610,Kolkata,West Bengal,620638,Hub,1097,Meena Kapoor
BR3611,Salem Branch 3611,Salem,Tamil Nadu,721230,Local,728,Swetha Kapoor
BR3612,Coimbatore Branch 3612,Coimbatore,Tamil Nadu,674541,Hub,644,Vijay Das
BR3613,Madurai Branch 3613,Madurai,Tamil Nadu,630435,Local,398,Meena Kumar
BR3614,Delhi Branch 3614,Delhi,Delhi,867566,Local,1140,Manoj Naidu
BR3615,Bengaluru Branch 3615,Bengaluru,Karnataka,880925,Local,1130,Manoj Menon
BR3616,Delhi Branch 3616,Delhi,Delhi,748804,Hub,1054,Swetha Kumar
BR3617,Coimbatore Branch 3617,Coimbatore,Tamil Nadu,679172,Hub,647,Manoj Joshi
BR3618,Trichy Branch 3618,Trichy,Tamil Nadu,617922,Local,370,Meena Kumar
BR3619,Vijayawada Branch 3619,Vijayawada,Andhra Pradesh,776971,Regional,169,Harini Nair
BR3620,Chennai Branch 3620,Chennai,Tamil Nadu,889867,Local,327,Ajay Nair
BR3621,Salem Branch 3621,Salem,Tamil Nadu,863927,Hub,1192,Sneha Joshi
BR3622,Delhi Branch 3622,Delhi,Delhi,881077,Local,336,Divya Bose
BR3623,Kochi Branch 3623,Kochi,Kerala,896663,Hub,296,Rohit Joshi
BR3624,Salem Branch 3624,Salem,Tamil Nadu,770726,Regional,468,Priya Verma
BR3625,Chennai Branch 3625,Chennai,Tamil Nadu,868018,Local,916,Kavya Pillai
BR3626,Delhi Branch 3626,Delhi,Delhi,774046,Local,983,Harini Menon
BR3627,Trichy Branch 3627,Trichy,Tamil Nadu,831612,Local,819,Nithya Mehta
BR3628,Mumbai Branch 3628,Mumbai,Maharashtra,629618,Regional,814,Meena Gupta
BR3629,Hyderabad Branch 3629,Hyderabad,Telangana,884801,Local,738,Manoj Gupta
BR3630,Hyderabad Branch 3630,Hyderabad,Telangana,669101,Local,895,Vivek Singh
BR3631,Mumbai Branch 3631,Mumbai,Maharashtra,629037,Hub,441,Ananya Pillai
BR3632,Hyderabad Branch 3632,Hyderabad,Telangana,774581,Hub,254,Nithya Rao
BR3633,Madurai Branch 3633,Madurai,Tamil Nadu,826469,Hub,1076,Pooja Kumar
BR3634,Mumbai Branch 3634,Mumbai,Maharashtra,785239,Hub,555,Rahul Singh
BR3635,Chennai Branch 3635,Chennai,Tamil Nadu,703029,Local,131,Dinesh Rao
BR3636,Mumbai Branch 3636,Mumbai,Maharashtra,663186,Regional,1103,Dinesh Das
BR3637,Chennai Branch 3637,Chennai,Tamil Nadu,863114,Regional,1138,Ananya Joshi
BR3638,Trichy Branch 3638,Trichy,Tamil Nadu,763143,Regional,227,Dinesh Mishra
BR3639,Trichy Branch 3639,Trichy,Tamil Nadu,639311,Regional,523,Vijay Sinha
BR3640,Hyderabad Branch 3640,Hyderabad,Telangana,631131,Regional,195,Swetha Pillai
BR3641,Mumbai Branch 3641,Mumbai,Maharashtra,881353,Hub,914,Manoj Patel
BR3642,Ahmedabad Branch 3642,Ahmedabad,Gujarat,898431,Hub,712,Arun Sinha
BR3643,Mumbai Branch 3643,Mumbai,Maharashtra,810149,Local,621,Pooja Reddy
BR3644,Madurai Branch 3644,Madurai,Tamil Nadu,624362,Regional,323,Rohit Menon
BR3645,Delhi Branch 3645,Delhi,Delhi,840353,Local,347,Manoj Nair
BR3646,Hyderabad Branch 3646,Hyderabad,Telangana,670144,Regional,1074,Nithya Mishra
BR3647,Kolkata Branch 3647,Kolkata,West Bengal,894912,Local,748,Kavya Reddy
BR3648,Salem Branch 3648,Salem,Tamil Nadu,866787,Local,841,Nithya Das
BR3649,Vijayawada Branch 3649,Vijayawada,Andhra Pradesh,845009,Local,961,Manoj Das
BR3650,Ahmedabad Branch 3650,Ahmedabad,Gujarat,899995,Local,651,Divya Mehta
BR3651,Mumbai Branch 3651,Mumbai,Maharashtra,604011,Regional,883,Suresh Nair
BR3652,Kolkata Branch 3652,Kolkata,West Bengal,652072,Local,1148,Karthik Verma
BR3653,Bengaluru Branch 3653,Bengaluru,Karnataka,681241,Regional,237,Pooja Joshi
BR3654,Kolkata Branch 3654,Kolkata,West Bengal,881317,Local,1025,Vivek Naidu
BR3655,Coimbatore Branch 3655,Coimbatore,Tamil Nadu,815804,Regional,108,Rahul Gupta
BR3656,Kochi Branch 3656,Kochi,Kerala,758198,Local,668,Divya Das
BR3657,Kolkata Branch 3657,Kolkata,West Bengal,703849,Local,401,Kavya Patel
BR3658,Delhi Branch 3658,Delhi,Delhi,611378,Regional,730,Harini Sharma
BR3659,Mumbai Branch 3659,Mumbai,Maharashtra,757443,Regional,270,Rahul Bose
BR3660,Jaipur Branch 3660,Jaipur,Rajasthan,604770,Local,983,Dinesh Kapoor
BR3661,Madurai Branch 3661,Madurai,Tamil Nadu,696271,Local,611,Karthik Naidu
BR3662,Chennai Branch 3662,Chennai,Tamil Nadu,717285,Local,468,Arun Joshi
BR3663,Pune Branch 3663,Pune,Maharashtra,866378,Regional,474,Nithya Kumar
BR3664,Salem Branch 3664,Salem,Tamil Nadu,663022,Local,303,Ananya Mehta
BR3665,Ahmedabad Branch 3665,Ahmedabad,Gujarat,815658,Regional,156,Sneha Kapoor
BR3666,Chennai Branch 3666,Chennai,Tamil Nadu,777426,Local,756,Sneha Sharma
BR3667,Salem Branch 3667,Salem,Tamil Nadu,679779,Hub,1148,Manoj Bose
BR3668,Trichy Branch 3668,Trichy,Tamil Nadu,709264,Local,1178,Kavya Verma
BR3669,Salem Branch 3669,Salem,Tamil Nadu,635181,Hub,246,Swetha Bose
BR3670,Chennai Branch 3670,Chennai,Tamil Nadu,611255,Local,1076,Sneha Joshi
BR3671,Delhi Branch 3671,Delhi,Delhi,659481,Local,1104,Pooja Menon
BR3672,Delhi Branch 3672,Delhi,Delhi,664767,Local,1021,Suresh Kumar
BR3673,Salem Branch 3673,Salem,Tamil Nadu,630185,Local,171,Karthik Mehta
BR3674,Kolkata Branch 3674,Kolkata,West Bengal,787491,Regional,849,Kavya Kapoor
BR3675,Trichy Branch 3675,Trichy,Tamil Nadu,805897,Hub,1052,Harini Pillai
BR3676,Jaipur Branch 3676,Jaipur,Rajasthan,754224,Regional,235,Rohit Reddy
BR3677,Madurai Branch 3677,Madurai,Tamil Nadu,743013,Local,1169,Vijay Iyer
BR3678,Delhi Branch 3678,Delhi,Delhi,829910,Local,616,Rohit Sharma
BR3679,Bengaluru Branch 3679,Bengaluru,Karnataka,805741,Hub,1135,Meena Iyer
BR3680,Mumbai Branch 3680,Mumbai,Maharashtra,792354,Regional,126,Manoj Singh
BR3681,Jaipur Branch 3681,Jaipur,Rajasthan,828435,Regional,183,Ananya Joshi
BR3682,Jaipur Branch 3682,Jaipur,Rajasthan,838834,Local,647,Harini Naidu
BR3683,Vijayawada Branch 3683,Vijayawada,Andhra Pradesh,681932,Local,1175,Sneha Naidu
BR3684,Vijayawada Branch 3684,Vijayawada,Andhra Pradesh,793306,Hub,173,Pooja Reddy
BR3685,Madurai Branch 3685,Madurai,Tamil Nadu,615476,Local,589,Suresh Menon
BR3686,Bengaluru Branch 3686,Bengaluru,Karnataka,601725,Local,111,Swetha Rao
BR3687,Ahmedabad Branch 3687,Ahmedabad,Gujarat,634952,Hub,770,Meena Pillai
BR3688,Kolkata Branch 3688,Kolkata,West Bengal,820598,Local,702,Nithya Bose
BR3689,Ahmedabad Branch 3689,Ahmedabad,Gujarat,779770,Local,771,Karthik Das
BR3690,Mumbai Branch 3690,Mumbai,Maharashtra,723053,Local,1101,Divya Joshi
BR3691,Ahmedabad Branch 3691,Ahmedabad,Gujarat,713345,Local,931,Dinesh Menon
BR3692,Trichy Branch 3692,Trichy,Tamil Nadu,710751,Local,702,Arun Bose
BR3693,Ahmedabad Branch 3693,Ahmedabad,Gujarat,610007,Regional,414,Rahul Patel
BR3694,Salem Branch 3694,Salem,Tamil Nadu,672192,Hub,892,Sneha Verma
BR3695,Delhi Branch 3695,Delhi,Delhi,699980,Regional,167,Vijay Bose
BR3696,Chennai Branch 3696,Chennai,Tamil Nadu,886724,Local,296,Manoj Menon
BR3697,Salem Branch 3697,Salem,Tamil Nadu,716299,Regional,764,Karthik Menon
BR3698,Ahmedabad Branch 3698,Ahmedabad,Gujarat,889141,Local,621,Priya Pillai
BR3699,Ahmedabad Branch 3699,Ahmedabad,Gujarat,818761,Regional,289,Manoj Singh
BR3700,Coimbatore Branch 3700,Coimbatore,Tamil Nadu,840359,Regional,111,Divya Naidu
BR3701,Delhi Branch 3701,Delhi,Delhi,830877,Local,1062,Priya Bose
BR3702,Salem Branch 3702,Salem,Tamil Nadu,604331,Regional,1152,Nithya Verma
BR3703,Ahmedabad Branch 3703,Ahmedabad,Gujarat,812146,Hub,1088,Rohit Verma
BR3704,Kolkata Branch 3704,Kolkata,West Bengal,882457,Local,654,Rahul Joshi
BR3705,Jaipur Branch 3705,Jaipur,Rajasthan,694546,Local,187,Sneha Sharma
BR3706,Delhi Branch 3706,Delhi,Delhi,746934,Hub,955,Karthik Kapoor
BR3707,Kolkata Branch 3707,Kolkata,West Bengal,752798,Hub,572,Nithya Reddy
BR3708,Pune Branch 3708,Pune,Maharashtra,895368,Local,210,Rohit Nair
BR3709,Hyderabad Branch 3709,Hyderabad,Telangana,893589,Local,520,Dinesh Bose
BR3710,Delhi Branch 3710,Delhi,Delhi,724799,Hub,168,Ajay Reddy
BR3711,Vijayawada Branch 3711,Vijayawada,Andhra Pradesh,716071,Local,218,Ananya Verma
BR3712,Trichy Branch 3712,Trichy,Tamil Nadu,753181,Regional,878,Meena Bose
BR3713,Vijayawada Branch 3713,Vijayawada,Andhra Pradesh,626565,Local,346,Arun Verma
BR3714,Madurai Branch 3714,Madurai,Tamil Nadu,731630,Regional,930,Harini Naidu
BR3715,Delhi Branch 3715,Delhi,Delhi,743822,Local,121,Dinesh Sinha
BR3716,Madurai Branch 3716,Madurai,Tamil Nadu,683089,Hub,498,Rohit Singh
BR3717,Bengaluru Branch 3717,Bengaluru,Karnataka,740864,Regional,425,Suresh Bose
BR3718,Salem Branch 3718,Salem,Tamil Nadu,739421,Hub,701,Harini Sharma
BR3719,Chennai Branch 3719,Chennai,Tamil Nadu,801598,Regional,745,Rohit Sinha
BR3720,Ahmedabad Branch 3720,Ahmedabad,Gujarat,654110,Regional,451,Manoj Mehta
BR3721,Jaipur Branch 3721,Jaipur,Rajasthan,885824,Regional,910,Nithya Joshi
BR3722,Mumbai Branch 3722,Mumbai,Maharashtra,764771,Local,503,Dinesh Reddy
BR3723,Pune Branch 3723,Pune,Maharashtra,869487,Hub,736,Kavya Joshi
BR3724,Trichy Branch 3724,Trichy,Tamil Nadu,892915,Regional,801,Rahul Bose
BR3725,Kolkata Branch 3725,Kolkata,West Bengal,662101,Local,422,Meena Menon
BR3726,Coimbatore Branch 3726,Coimbatore,Tamil Nadu,707625,Local,693,Swetha Patel
BR3727,Kochi Branch 3727,Kochi,Kerala,890373,Local,326,Ajay Bose
BR3728,Chennai Branch 3728,Chennai,Tamil Nadu,876908,Local,279,Ananya Gupta
BR3729,Delhi Branch 3729,Delhi,Delhi,878179,Local,1069,Manoj Kumar
BR3730,Chennai Branch 3730,Chennai,Tamil Nadu,665528,Local,1089,Kavya Patel
BR3731,Coimbatore Branch 3731,Coimbatore,Tamil Nadu,661779,Local,1050,Dinesh Rao
BR3732,Kochi Branch 3732,Kochi,Kerala,650329,Local,935,Dinesh Naidu
BR3733,Chennai Branch 3733,Chennai,Tamil Nadu,682426,Local,763,Swetha Kapoor
BR3734,Mumbai Branch 3734,Mumbai,Maharashtra,746463,Regional,253,Suresh Kumar
BR3735,Hyderabad Branch 3735,Hyderabad,Telangana,673953,Regional,832,Kavya Gupta
BR3736,Bengaluru Branch 3736,Bengaluru,Karnataka,636821,Regional,905,Meena Gupta
BR3737,Coimbatore Branch 3737,Coimbatore,Tamil Nadu,657524,Regional,1159,Divya Mehta
BR3738,Delhi Branch 3738,Delhi,Delhi,760163,Regional,221,Sneha Nair
BR3739,Jaipur Branch 3739,Jaipur,Rajasthan,681393,Local,281,Vijay Singh
BR3740,Kochi Branch 3740,Kochi,Kerala,649047,Regional,635,Karthik Bose
BR3741,Vijayawada Branch 3741,Vijayawada,Andhra Pradesh,633510,Local,437,Ananya Patel
BR3742,Mumbai Branch 3742,Mumbai,Maharashtra,604410,Local,202,Nithya Singh
BR3743,Hyderabad Branch 3743,Hyderabad,Telangana,890610,Regional,330,Rohit Gupta
BR3744,Vijayawada Branch 3744,Vijayawada,Andhra Pradesh,877568,Regional,726,Arun Rao
BR3745,Delhi Branch 3745,Delhi,Delhi,704488,Regional,878,Divya Pillai
BR3746,Delhi Branch 3746,Delhi,Delhi,740531,Local,974,Divya Kapoor
BR3747,Pune Branch 3747,Pune,Maharashtra,804598,Local,827,Karthik Mishra
BR3748,Hyderabad Branch 3748,Hyderabad,Telangana,833057,Local,1072,Swetha Patel
BR3749,Salem Branch 3749,Salem,Tamil Nadu,607313,Regional,962,Vivek Kapoor
BR3750,Trichy Branch 3750,Trichy,Tamil Nadu,762692,Regional,989,Sneha Pillai
BR3751,Madurai Branch 3751,Madurai,Tamil Nadu,751504,Local,102,Nithya Gupta
BR3752,Ahmedabad Branch 3752,Ahmedabad,Gujarat,749100,Regional,1007,Divya Das
BR3753,Delhi Branch 3753,Delhi,Delhi,744290,Hub,279,Vijay Bose
BR3754,Pune Branch 3754,Pune,Maharashtra,804204,Regional,224,Karthik Kumar
BR3755,Salem Branch 3755,Salem,Tamil Nadu,708522,Local,484,Vijay Patel
BR3756,Kolkata Branch 3756,Kolkata,West Bengal,774063,Regional,745,Ajay Kapoor
BR3757,Chennai Branch 3757,Chennai,Tamil Nadu,714117,Local,301,Manoj Kumar
BR3758,Kolkata Branch 3758,Kolkata,West Bengal,839577,Hub,763,Dinesh Singh
BR3759,Chennai Branch 3759,Chennai,Tamil Nadu,612786,Local,427,Ajay Naidu
BR3760,Madurai Branch 3760,Madurai,Tamil Nadu,704646,Hub,948,Swetha Gupta
BR3761,Delhi Branch 3761,Delhi,Delhi,600033,Hub,507,Rohit Patel
BR3762,Kolkata Branch 3762,Kolkata,West Bengal,700586,Local,688,Pooja Mehta
BR3763,Kolkata Branch 3763,Kolkata,West Bengal,779748,Regional,364,Ajay Reddy
BR3764,Chennai Branch 3764,Chennai,Tamil Nadu,723410,Local,353,Karthik Rao
BR3765,Bengaluru Branch 3765,Bengaluru,Karnataka,850675,Local,1193,Vijay Iyer
BR3766,Trichy Branch 3766,Trichy,Tamil Nadu,680825,Hub,709,Vivek Singh
BR3767,Hyderabad Branch 3767,Hyderabad,Telangana,687021,Hub,636,Meena Rao
BR3768,Coimbatore Branch 3768,Coimbatore,Tamil Nadu,683239,Local,979,Karthik Pillai
BR3769,Madurai Branch 3769,Madurai,Tamil Nadu,814456,Local,649,Dinesh Menon
BR3770,Vijayawada Branch 3770,Vijayawada,Andhra Pradesh,814577,Local,369,Karthik Patel
BR3771,Salem Branch 3771,Salem,Tamil Nadu,813562,Regional,877,Rahul Kapoor
BR3772,Coimbatore Branch 3772,Coimbatore,Tamil Nadu,821335,Local,1189,Swetha Joshi
BR3773,Kochi Branch 3773,Kochi,Kerala,884295,Regional,298,Kavya Mehta
BR3774,Delhi Branch 3774,Delhi,Delhi,673005,Hub,241,Manoj Gupta
BR3775,Bengaluru Branch 3775,Bengaluru,Karnataka,747801,Local,454,Manoj Kapoor
BR3776,Bengaluru Branch 3776,Bengaluru,Karnataka,820471,Local,916,Manoj Naidu
BR3777,Ahmedabad Branch 3777,Ahmedabad,Gujarat,894071,Regional,275,Karthik Naidu
BR3778,Jaipur Branch 3778,Jaipur,Rajasthan,657037,Local,486,Priya Menon
BR3779,Kochi Branch 3779,Kochi,Kerala,828499,Regional,1170,Sneha Bose
BR3780,Vijayawada Branch 3780,Vijayawada,Andhra Pradesh,720963,Local,671,Divya Singh
BR3781,Trichy Branch 3781,Trichy,Tamil Nadu,841811,Local,892,Harini Gupta
BR3782,Kolkata Branch 3782,Kolkata,West Bengal,876855,Regional,732,Swetha Pillai
BR3783,Madurai Branch 3783,Madurai,Tamil Nadu,855461,Hub,266,Pooja Das
BR3784,Delhi Branch 3784,Delhi,Delhi,897464,Local,657,Manoj Sharma
BR3785,Chennai Branch 3785,Chennai,Tamil Nadu,695451,Local,896,Manoj Pillai
BR3786,Ahmedabad Branch 3786,Ahmedabad,Gujarat,657339,Local,185,Harini Nair
BR3787,Vijayawada Branch 3787,Vijayawada,Andhra Pradesh,630191,Local,766,Suresh Naidu
BR3788,Madurai Branch 3788,Madurai,Tamil Nadu,623563,Regional,102,Sneha Sinha
BR3789,Ahmedabad Branch 3789,Ahmedabad,Gujarat,821158,Local,923,Rohit Bose
BR3790,Kolkata Branch 3790,Kolkata,West Bengal,682932,Local,978,Ajay Das
BR3791,Vijayawada Branch 3791,Vijayawada,Andhra Pradesh,851675,Regional,888,Manoj Mishra
BR3792,Hyderabad Branch 3792,Hyderabad,Telangana,830237,Local,1147,Rohit Reddy
BR3793,Bengaluru Branch 3793,Bengaluru,Karnataka,626011,Local,624,Pooja Patel
BR3794,Hyderabad Branch 3794,Hyderabad,Telangana,601440,Local,1065,Priya Das
BR3795,Vijayawada Branch 3795,Vijayawada,Andhra Pradesh,636185,Local,595,Ananya Verma
BR3796,Bengaluru Branch 3796,Bengaluru,Karnataka,735026,Regional,782,Arun Mehta
BR3797,Jaipur Branch 3797,Jaipur,Rajasthan,894754,Local,961,Swetha Mehta
BR3798,Salem Branch 3798,Salem,Tamil Nadu,859087,Local,689,Pooja Patel
BR3799,Trichy Branch 3799,Trichy,Tamil Nadu,770601,Local,129,Rohit Verma
BR3800,Jaipur Branch 3800,Jaipur,Rajasthan,727459,Regional,566,Karthik Reddy
BR3801,Vijayawada Branch 3801,Vijayawada,Andhra Pradesh,646100,Local,302,Suresh Reddy
BR3802,Bengaluru Branch 3802,Bengaluru,Karnataka,688824,Hub,823,Manoj Menon
BR3803,Mumbai Branch 3803,Mumbai,Maharashtra,770456,Local,252,Rahul Naidu
BR3804,Delhi Branch 3804,Delhi,Delhi,828467,Local,777,Rahul Sharma
BR3805,Hyderabad Branch 3805,Hyderabad,Telangana,748910,Local,142,Harini Kumar
BR3806,Madurai Branch 3806,Madurai,Tamil Nadu,866971,Hub,513,Swetha Das
BR3807,Pune Branch 3807,Pune,Maharashtra,646101,Local,542,Dinesh Iyer
BR3808,Pune Branch 3808,Pune,Maharashtra,619169,Hub,250,Meena Rao
BR3809,Vijayawada Branch 3809,Vijayawada,Andhra Pradesh,676964,Local,1167,Swetha Naidu
BR3810,Kolkata Branch 3810,Kolkata,West Bengal,770807,Local,929,Vijay Gupta
BR3811,Madurai Branch 3811,Madurai,Tamil Nadu,735367,Hub,207,Harini Kumar
BR3812,Jaipur Branch 3812,Jaipur,Rajasthan,749554,Local,428,Kavya Reddy
BR3813,Chennai Branch 3813,Chennai,Tamil Nadu,850186,Local,805,Harini Verma
BR3814,Madurai Branch 3814,Madurai,Tamil Nadu,754954,Local,732,Kavya Patel
BR3815,Bengaluru Branch 3815,Bengaluru,Karnataka,746605,Local,1049,Vivek Gupta
BR3816,Hyderabad Branch 3816,Hyderabad,Telangana,743514,Local,696,Meena Bose
BR3817,Kochi Branch 3817,Kochi,Kerala,616094,Regional,525,Kavya Bose
BR3818,Pune Branch 3818,Pune,Maharashtra,869804,Hub,1006,Vijay Sinha
BR3819,Trichy Branch 3819,Trichy,Tamil Nadu,795851,Local,332,Meena Reddy
BR3820,Kochi Branch 3820,Kochi,Kerala,770930,Local,550,Nithya Mishra
BR3821,Mumbai Branch 3821,Mumbai,Maharashtra,882486,Regional,854,Rohit Bose
BR3822,Pune Branch 3822,Pune,Maharashtra,875874,Regional,615,Ajay Mishra
BR3823,Jaipur Branch 3823,Jaipur,Rajasthan,886438,Local,690,Suresh Sharma
BR3824,Trichy Branch 3824,Trichy,Tamil Nadu,874704,Local,583,Harini Kapoor
BR3825,Pune Branch 3825,Pune,Maharashtra,781033,Regional,178,Dinesh Verma
BR3826,Kochi Branch 3826,Kochi,Kerala,770396,Local,788,Manoj Rao
BR3827,Pune Branch 3827,Pune,Maharashtra,828014,Hub,505,Suresh Verma
BR3828,Ahmedabad Branch 3828,Ahmedabad,Gujarat,674272,Hub,1005,Rahul Mehta
BR3829,Ahmedabad Branch 3829,Ahmedabad,Gujarat,861671,Regional,375,Sneha Singh
BR3830,Trichy Branch 3830,Trichy,Tamil Nadu,713904,Local,277,Ajay Mehta
BR3831,Trichy Branch 3831,Trichy,Tamil Nadu,720921,Local,770,Meena Kapoor
BR3832,Trichy Branch 3832,Trichy,Tamil Nadu,719755,Regional,911,Swetha Mishra
BR3833,Pune Branch 3833,Pune,Maharashtra,757950,Hub,1099,Pooja Naidu
BR3834,Salem Branch 3834,Salem,Tamil Nadu,785066,Local,1087,Vivek Joshi
BR3835,Bengaluru Branch 3835,Bengaluru,Karnataka,802891,Local,430,Priya Rao
BR3836,Salem Branch 3836,Salem,Tamil Nadu,768242,Local,652,Ajay Verma
BR3837,Chennai Branch 3837,Chennai,Tamil Nadu,645228,Local,273,Arun Joshi
BR3838,Trichy Branch 3838,Trichy,Tamil Nadu,858376,Hub,576,Divya Singh
BR3839,Salem Branch 3839,Salem,Tamil Nadu,640114,Local,191,Suresh Reddy
BR3840,Vijayawada Branch 3840,Vijayawada,Andhra Pradesh,885525,Regional,609,Ajay Kapoor
BR3841,Coimbatore Branch 3841,Coimbatore,Tamil Nadu,675501,Local,995,Vijay Joshi
BR3842,Hyderabad Branch 3842,Hyderabad,Telangana,888160,Hub,700,Manoj Naidu
BR3843,Kochi Branch 3843,Kochi,Kerala,688654,Regional,698,Dinesh Kumar
BR3844,Kolkata Branch 3844,Kolkata,West Bengal,681116,Regional,513,Ananya Sharma
BR3845,Coimbatore Branch 3845,Coimbatore,Tamil Nadu,670351,Hub,236,Kavya Kumar
BR3846,Salem Branch 3846,Salem,Tamil Nadu,894324,Regional,777,Kavya Joshi
BR3847,Kochi Branch 3847,Kochi,Kerala,827512,Regional,188,Sneha Nair
BR3848,Delhi Branch 3848,Delhi,Delhi,605244,Regional,1166,Harini Iyer
BR3849,Ahmedabad Branch 3849,Ahmedabad,Gujarat,850094,Regional,443,Rohit Joshi
BR3850,Delhi Branch 3850,Delhi,Delhi,794156,Local,395,Nithya Das
BR3851,Salem Branch 3851,Salem,Tamil Nadu,831830,Local,440,Pooja Mishra
BR3852,Hyderabad Branch 3852,Hyderabad,Telangana,691695,Local,730,Swetha Menon
BR3853,Madurai Branch 3853,Madurai,Tamil Nadu,822406,Hub,134,Dinesh Bose
BR3854,Hyderabad Branch 3854,Hyderabad,Telangana,682483,Regional,270,Rohit Kumar
BR3855,Jaipur Branch 3855,Jaipur,Rajasthan,745990,Local,485,Rohit Mishra
BR3856,Pune Branch 3856,Pune,Maharashtra,739127,Regional,434,Karthik Gupta
BR3857,Delhi Branch 3857,Delhi,Delhi,649114,Regional,178,Harini Nair
BR3858,Vijayawada Branch 3858,Vijayawada,Andhra Pradesh,695307,Local,471,Meena Naidu
BR3859,Vijayawada Branch 3859,Vijayawada,Andhra Pradesh,708252,Local,335,Priya Sharma
BR3860,Jaipur Branch 3860,Jaipur,Rajasthan,853865,Regional,592,Pooja Verma
BR3861,Chennai Branch 3861,Chennai,Tamil Nadu,696188,Local,748,Divya Menon
BR3862,Salem Branch 3862,Salem,Tamil Nadu,769727,Hub,254,Vivek Bose
BR3863,Madurai Branch 3863,Madurai,Tamil Nadu,628070,Local,165,Ananya Iyer
BR3864,Kolkata Branch 3864,Kolkata,West Bengal,826193,Hub,299,Manoj Menon
BR3865,Salem Branch 3865,Salem,Tamil Nadu,885661,Hub,611,Ananya Kumar
BR3866,Kochi Branch 3866,Kochi,Kerala,841837,Hub,611,Arun Nair
BR3867,Chennai Branch 3867,Chennai,Tamil Nadu,801774,Local,597,Rahul Bose
BR3868,Delhi Branch 3868,Delhi,Delhi,722589,Hub,784,Pooja Pillai
BR3869,Kolkata Branch 3869,Kolkata,West Bengal,732751,Local,794,Suresh Sinha
BR3870,Pune Branch 3870,Pune,Maharashtra,622945,Regional,1163,Harini Das
BR3871,Jaipur Branch 3871,Jaipur,Rajasthan,682186,Regional,371,Sneha Sinha
BR3872,Pune Branch 3872,Pune,Maharashtra,737406,Regional,823,Divya Kapoor
BR3873,Kolkata Branch 3873,Kolkata,West Bengal,664695,Regional,259,Manoj Iyer
BR3874,Hyderabad Branch 3874,Hyderabad,Telangana,799013,Local,134,Rahul Naidu
BR3875,Hyderabad Branch 3875,Hyderabad,Telangana,706635,Local,931,Karthik Verma
BR3876,Chennai Branch 3876,Chennai,Tamil Nadu,629219,Regional,525,Arun Patel
BR3877,Ahmedabad Branch 3877,Ahmedabad,Gujarat,777657,Hub,220,Meena Reddy
BR3878,Coimbatore Branch 3878,Coimbatore,Tamil Nadu,615712,Local,515,Pooja Mishra
BR3879,Bengaluru Branch 3879,Bengaluru,Karnataka,675094,Local,385,Divya Reddy
BR3880,Vijayawada Branch 3880,Vijayawada,Andhra Pradesh,829186,Regional,1078,Suresh Singh
BR3881,Hyderabad Branch 3881,Hyderabad,Telangana,641033,Regional,1061,Divya Iyer
BR3882,Kolkata Branch 3882,Kolkata,West Bengal,845923,Hub,504,Meena Verma
BR3883,Trichy Branch 3883,Trichy,Tamil Nadu,837350,Regional,587,Manoj Kapoor
BR3884,Trichy Branch 3884,Trichy,Tamil Nadu,845983,Regional,844,Suresh Kapoor
BR3885,Salem Branch 3885,Salem,Tamil Nadu,851854,Local,1125,Kavya Verma
BR3886,Coimbatore Branch 3886,Coimbatore,Tamil Nadu,845945,Hub,627,Manoj Kapoor
BR3887,Madurai Branch 3887,Madurai,Tamil Nadu,797292,Regional,832,Vijay Mehta
BR3888,Ahmedabad Branch 3888,Ahmedabad,Gujarat,840949,Local,794,Vijay Joshi
BR3889,Coimbatore Branch 3889,Coimbatore,Tamil Nadu,742484,Regional,498,Nithya Das
BR3890,Kolkata Branch 3890,Kolkata,West Bengal,779519,Regional,1146,Nithya Reddy
BR3891,Trichy Branch 3891,Trichy,Tamil Nadu,820339,Local,346,Karthik Menon
BR3892,Chennai Branch 3892,Chennai,Tamil Nadu,696910,Local,727,Manoj Reddy
BR3893,Chennai Branch 3893,Chennai,Tamil Nadu,892131,Local,168,Rahul Naidu
BR3894,Ahmedabad Branch 3894,Ahmedabad,Gujarat,693806,Hub,663,Dinesh Patel
BR3895,Salem Branch 3895,Salem,Tamil Nadu,790961,Hub,496,Rahul Iyer
BR3896,Coimbatore Branch 3896,Coimbatore,Tamil Nadu,722157,Local,707,Sneha Reddy
BR3897,Ahmedabad Branch 3897,Ahmedabad,Gujarat,873569,Hub,384,Ajay Naidu
BR3898,Kolkata Branch 3898,Kolkata,West Bengal,632829,Local,245,Vijay Kumar
BR3899,Bengaluru Branch 3899,Bengaluru,Karnataka,890931,Regional,485,Manoj Sharma
BR3900,Madurai Branch 3900,Madurai,Tamil Nadu,736398,Regional,397,Kavya Sinha
BR3901,Trichy Branch 3901,Trichy,Tamil Nadu,845070,Local,614,Karthik Iyer
BR3902,Kolkata Branch 3902,Kolkata,West Bengal,629583,Local,1161,Dinesh Bose
BR3903,Vijayawada Branch 3903,Vijayawada,Andhra Pradesh,737074,Local,1193,Kavya Naidu
BR3904,Madurai Branch 3904,Madurai,Tamil Nadu,665116,Regional,680,Dinesh Kapoor
BR3905,Salem Branch 3905,Salem,Tamil Nadu,734724,Local,769,Vivek Rao
BR3906,Vijayawada Branch 3906,Vijayawada,Andhra Pradesh,730183,Regional,881,Divya Naidu
BR3907,Chennai Branch 3907,Chennai,Tamil Nadu,805975,Local,101,Karthik Naidu
BR3908,Salem Branch 3908,Salem,Tamil Nadu,645196,Hub,941,Kavya Patel
BR3909,Hyderabad Branch 3909,Hyderabad,Telangana,887210,Regional,182,Ananya Sharma
BR3910,Trichy Branch 3910,Trichy,Tamil Nadu,699201,Hub,454,Karthik Patel
BR3911,Bengaluru Branch 3911,Bengaluru,Karnataka,604301,Regional,240,Arun Verma
BR3912,Delhi Branch 3912,Delhi,Delhi,839911,Local,1109,Dinesh Kapoor
BR3913,Trichy Branch 3913,Trichy,Tamil Nadu,856861,Regional,1049,Manoj Sinha
BR3914,Mumbai Branch 3914,Mumbai,Maharashtra,844294,Local,699,Rahul Joshi
BR3915,Bengaluru Branch 3915,Bengaluru,Karnataka,832095,Regional,934,Vijay Naidu
BR3916,Bengaluru Branch 3916,Bengaluru,Karnataka,686921,Hub,892,Dinesh Das
BR3917,Delhi Branch 3917,Delhi,Delhi,726136,Regional,1030,Harini Bose
BR3918,Madurai Branch 3918,Madurai,Tamil Nadu,812539,Local,1011,Vijay Singh
BR3919,Delhi Branch 3919,Delhi,Delhi,857859,Local,340,Pooja Mishra
BR3920,Mumbai Branch 3920,Mumbai,Maharashtra,803488,Regional,723,Ajay Kapoor
BR3921,Kochi Branch 3921,Kochi,Kerala,653229,Hub,1116,Divya Sinha
BR3922,Vijayawada Branch 3922,Vijayawada,Andhra Pradesh,772574,Hub,1120,Vijay Reddy
BR3923,Madurai Branch 3923,Madurai,Tamil Nadu,804284,Local,1085,Sneha Kapoor
BR3924,Bengaluru Branch 3924,Bengaluru,Karnataka,801730,Local,1005,Manoj Bose
BR3925,Delhi Branch 3925,Delhi,Delhi,781201,Regional,886,Vijay Kapoor
BR3926,Kolkata Branch 3926,Kolkata,West Bengal,778149,Regional,313,Rahul Kumar
BR3927,Jaipur Branch 3927,Jaipur,Rajasthan,811721,Local,891,Vijay Patel
BR3928,Hyderabad Branch 3928,Hyderabad,Telangana,627176,Regional,232,Pooja Bose
BR3929,Mumbai Branch 3929,Mumbai,Maharashtra,861559,Local,179,Ananya Patel
BR3930,Kolkata Branch 3930,Kolkata,West Bengal,660301,Regional,200,Kavya Mehta
BR3931,Madurai Branch 3931,Madurai,Tamil Nadu,656710,Local,1187,Kavya Menon
BR3932,Vijayawada Branch 3932,Vijayawada,Andhra Pradesh,818607,Regional,734,Priya Menon
BR3933,Pune Branch 3933,Pune,Maharashtra,812942,Local,286,Priya Mehta
BR3934,Salem Branch 3934,Salem,Tamil Nadu,705533,Local,1084,Vijay Sharma
BR3935,Jaipur Branch 3935,Jaipur,Rajasthan,716450,Regional,305,Nithya Menon
BR3936,Bengaluru Branch 3936,Bengaluru,Karnataka,754367,Regional,982,Vivek Iyer
BR3937,Coimbatore Branch 3937,Coimbatore,Tamil Nadu,745149,Regional,146,Nithya Sinha
BR3938,Madurai Branch 3938,Madurai,Tamil Nadu,820437,Local,920,Ajay Joshi
BR3939,Salem Branch 3939,Salem,Tamil Nadu,790507,Local,198,Rahul Singh
BR3940,Salem Branch 3940,Salem,Tamil Nadu,733013,Local,604,Vijay Menon
BR3941,Bengaluru Branch 3941,Bengaluru,Karnataka,895325,Hub,1089,Priya Rao
BR3942,Trichy Branch 3942,Trichy,Tamil Nadu,869751,Hub,522,Rohit Menon
BR3943,Trichy Branch 3943,Trichy,Tamil Nadu,750680,Local,1026,Kavya Pillai
BR3944,Chennai Branch 3944,Chennai,Tamil Nadu,812781,Local,1076,Rahul Rao
BR3945,Mumbai Branch 3945,Mumbai,Maharashtra,650256,Hub,316,Karthik Bose
BR3946,Jaipur Branch 3946,Jaipur,Rajasthan,611401,Local,273,Ananya Mishra
BR3947,Chennai Branch 3947,Chennai,Tamil Nadu,867714,Local,540,Vijay Bose
BR3948,Chennai Branch 3948,Chennai,Tamil Nadu,675138,Regional,205,Harini Mishra
BR3949,Pune Branch 3949,Pune,Maharashtra,786021,Regional,510,Ajay Mishra
BR3950,Kolkata Branch 3950,Kolkata,West Bengal,690277,Local,212,Vijay Naidu
BR3951,Hyderabad Branch 3951,Hyderabad,Telangana,686725,Hub,245,Manoj Kumar
BR3952,Kolkata Branch 3952,Kolkata,West Bengal,680174,Hub,743,Dinesh Gupta
BR3953,Pune Branch 3953,Pune,Maharashtra,649148,Hub,635,Meena Singh
BR3954,Trichy Branch 3954,Trichy,Tamil Nadu,617456,Local,397,Manoj Mehta
BR3955,Salem Branch 3955,Salem,Tamil Nadu,756799,Local,287,Pooja Naidu
BR3956,Coimbatore Branch 3956,Coimbatore,Tamil Nadu,788784,Local,210,Harini Mishra
BR3957,Kolkata Branch 3957,Kolkata,West Bengal,737864,Local,155,Pooja Sharma
BR3958,Chennai Branch 3958,Chennai,Tamil Nadu,610947,Local,680,Divya Reddy
BR3959,Jaipur Branch 3959,Jaipur,Rajasthan,710660,Hub,629,Meena Sharma
BR3960,Chennai Branch 3960,Chennai,Tamil Nadu,797660,Hub,548,Dinesh Singh
BR3961,Kolkata Branch 3961,Kolkata,West Bengal,754000,Regional,318,Sneha Joshi
BR3962,Delhi Branch 3962,Delhi,Delhi,741369,Local,991,Arun Iyer
BR3963,Madurai Branch 3963,Madurai,Tamil Nadu,699531,Regional,430,Karthik Mishra
BR3964,Coimbatore Branch 3964,Coimbatore,Tamil Nadu,865299,Local,603,Dinesh Gupta
BR3965,Jaipur Branch 3965,Jaipur,Rajasthan,664106,Regional,380,Swetha Sinha
BR3966,Ahmedabad Branch 3966,Ahmedabad,Gujarat,896187,Regional,943,Sneha Reddy
BR3967,Delhi Branch 3967,Delhi,Delhi,684310,Hub,111,Karthik Mehta
BR3968,Delhi Branch 3968,Delhi,Delhi,606558,Regional,664,Dinesh Iyer
BR3969,Madurai Branch 3969,Madurai,Tamil Nadu,814954,Regional,331,Karthik Reddy
BR3970,Kochi Branch 3970,Kochi,Kerala,888901,Local,1170,Manoj Naidu
BR3971,Mumbai Branch 3971,Mumbai,Maharashtra,612133,Local,353,Kavya Nair
BR3972,Madurai Branch 3972,Madurai,Tamil Nadu,626144,Local,387,Kavya Mehta
BR3973,Salem Branch 3973,Salem,Tamil Nadu,651307,Regional,1107,Vivek Bose
BR3974,Salem Branch 3974,Salem,Tamil Nadu,735234,Local,473,Arun Gupta
BR3975,Coimbatore Branch 3975,Coimbatore,Tamil Nadu,713351,Local,294,Arun Joshi
BR3976,Hyderabad Branch 3976,Hyderabad,Telangana,860384,Hub,1148,Harini Mehta
BR3977,Salem Branch 3977,Salem,Tamil Nadu,738403,Local,1129,Pooja Mehta
BR3978,Mumbai Branch 3978,Mumbai,Maharashtra,683956,Local,964,Nithya Iyer
BR3979,Kolkata Branch 3979,Kolkata,West Bengal,633158,Regional,242,Ajay Sinha
BR3980,Hyderabad Branch 3980,Hyderabad,Telangana,883670,Hub,802,Karthik Mehta
BR3981,Jaipur Branch 3981,Jaipur,Rajasthan,774989,Regional,270,Suresh Mehta
BR3982,Hyderabad Branch 3982,Hyderabad,Telangana,784087,Local,589,Dinesh Reddy
BR3983,Coimbatore Branch 3983,Coimbatore,Tamil Nadu,611757,Hub,195,Harini Sinha
BR3984,Pune Branch 3984,Pune,Maharashtra,687724,Regional,1083,Meena Kumar
BR3985,Kochi Branch 3985,Kochi,Kerala,669614,Local,359,Arun Pillai
BR3986,Pune Branch 3986,Pune,Maharashtra,872905,Regional,1182,Sneha Nair
BR3987,Coimbatore Branch 3987,Coimbatore,Tamil Nadu,887082,Hub,151,Meena Singh
BR3988,Delhi Branch 3988,Delhi,Delhi,673787,Regional,886,Nithya Das
BR3989,Pune Branch 3989,Pune,Maharashtra,752037,Local,221,Arun Sharma
BR3990,Chennai Branch 3990,Chennai,Tamil Nadu,779829,Regional,794,Dinesh Menon
BR3991,Pune Branch 3991,Pune,Maharashtra,869086,Regional,188,Ananya Mehta
BR3992,Coimbatore Branch 3992,Coimbatore,Tamil Nadu,702886,Hub,1069,Pooja Iyer
BR3993,Ahmedabad Branch 3993,Ahmedabad,Gujarat,712428,Regional,137,Meena Gupta
BR3994,Madurai Branch 3994,Madurai,Tamil Nadu,881265,Local,183,Arun Joshi
BR3995,Delhi Branch 3995,Delhi,Delhi,895952,Local,1109,Harini Sharma
BR3996,Salem Branch 3996,Salem,Tamil Nadu,870457,Local,808,Arun Mishra
BR3997,Jaipur Branch 3997,Jaipur,Rajasthan,812182,Regional,838,Kavya Gupta
BR3998,Vijayawada Branch 3998,Vijayawada,Andhra Pradesh,603814,Regional,1126,Arun Mishra
BR3999,Jaipur Branch 3999,Jaipur,Rajasthan,885002,Hub,771,Divya Sinha
BR4000,Trichy Branch 4000,Trichy,Tamil Nadu,688148,Hub,129,Vijay Patel
BR4001,Hyderabad Branch 4001,Hyderabad,Telangana,746613,Local,727,Sneha Iyer
BR4002,Coimbatore Branch 4002,Coimbatore,Tamil Nadu,707241,Regional,192,Priya Patel
BR4003,Jaipur Branch 4003,Jaipur,Rajasthan,670018,Hub,317,Ananya Kumar
BR4004,Pune Branch 4004,Pune,Maharashtra,712963,Regional,1071,Pooja Naidu
BR4005,Bengaluru Branch 4005,Bengaluru,Karnataka,787285,Regional,985,Divya Sharma
BR4006,Chennai Branch 4006,Chennai,Tamil Nadu,801569,Local,797,Rahul Mishra
BR4007,Salem Branch 4007,Salem,Tamil Nadu,640636,Regional,381,Karthik Joshi
BR4008,Coimbatore Branch 4008,Coimbatore,Tamil Nadu,759010,Local,1074,Karthik Bose
BR4009,Bengaluru Branch 4009,Bengaluru,Karnataka,878004,Local,488,Rahul Iyer
BR4010,Salem Branch 4010,Salem,Tamil Nadu,896688,Hub,1028,Rahul Pillai
BR4011,Hyderabad Branch 4011,Hyderabad,Telangana,601909,Local,972,Harini Gupta
BR4012,Madurai Branch 4012,Madurai,Tamil Nadu,725536,Hub,236,Swetha Iyer
BR4013,Chennai Branch 4013,Chennai,Tamil Nadu,641650,Regional,387,Ajay Kumar
BR4014,Coimbatore Branch 4014,Coimbatore,Tamil Nadu,867376,Local,718,Nithya Rao
BR4015,Kochi Branch 4015,Kochi,Kerala,673932,Hub,511,Rohit Singh
BR4016,Bengaluru Branch 4016,Bengaluru,Karnataka,667413,Regional,506,Priya Bose
BR4017,Coimbatore Branch 4017,Coimbatore,Tamil Nadu,835628,Local,699,Vijay Kapoor
BR4018,Ahmedabad Branch 4018,Ahmedabad,Gujarat,661714,Local,721,Swetha Sharma
BR4019,Bengaluru Branch 4019,Bengaluru,Karnataka,892632,Regional,1171,Nithya Pillai
BR4020,Kolkata Branch 4020,Kolkata,West Bengal,818654,Local,168,Meena Bose
BR4021,Hyderabad Branch 4021,Hyderabad,Telangana,864209,Local,795,Divya Mishra
BR4022,Mumbai Branch 4022,Mumbai,Maharashtra,642448,Regional,594,Harini Menon
BR4023,Kochi Branch 4023,Kochi,Kerala,700945,Local,983,Ajay Naidu
BR4024,Vijayawada Branch 4024,Vijayawada,Andhra Pradesh,697676,Local,391,Priya Iyer
BR4025,Salem Branch 4025,Salem,Tamil Nadu,895963,Local,1120,Nithya Das
BR4026,Chennai Branch 4026,Chennai,Tamil Nadu,855996,Local,832,Arun Iyer
BR4027,Kochi Branch 4027,Kochi,Kerala,619972,Hub,515,Suresh Das
BR4028,Trichy Branch 4028,Trichy,Tamil Nadu,721507,Local,996,Manoj Menon
BR4029,Chennai Branch 4029,Chennai,Tamil Nadu,726284,Regional,517,Nithya Kumar
BR4030,Jaipur Branch 4030,Jaipur,Rajasthan,790024,Local,662,Vijay Pillai
BR4031,Kochi Branch 4031,Kochi,Kerala,777608,Regional,826,Meena Pillai
BR4032,Salem Branch 4032,Salem,Tamil Nadu,876992,Local,100,Arun Gupta
BR4033,Trichy Branch 4033,Trichy,Tamil Nadu,713954,Regional,1190,Swetha Reddy
BR4034,Vijayawada Branch 4034,Vijayawada,Andhra Pradesh,604900,Local,262,Priya Sharma
BR4035,Kochi Branch 4035,Kochi,Kerala,768375,Hub,414,Manoj Iyer
BR4036,Salem Branch 4036,Salem,Tamil Nadu,641531,Hub,432,Harini Mishra
BR4037,Coimbatore Branch 4037,Coimbatore,Tamil Nadu,629955,Local,624,Kavya Singh
BR4038,Coimbatore Branch 4038,Coimbatore,Tamil Nadu,858762,Regional,155,Rohit Sinha
BR4039,Bengaluru Branch 4039,Bengaluru,Karnataka,619724,Regional,488,Meena Nair
BR4040,Mumbai Branch 4040,Mumbai,Maharashtra,794121,Local,692,Vijay Pillai
BR4041,Bengaluru Branch 4041,Bengaluru,Karnataka,663382,Local,1038,Ajay Mishra
BR4042,Jaipur Branch 4042,Jaipur,Rajasthan,652626,Local,1050,Ananya Reddy
BR4043,Vijayawada Branch 4043,Vijayawada,Andhra Pradesh,893100,Hub,830,Vivek Joshi
BR4044,Coimbatore Branch 4044,Coimbatore,Tamil Nadu,736198,Local,626,Ajay Sinha
BR4045,Kolkata Branch 4045,Kolkata,West Bengal,844077,Regional,223,Manoj Kumar
BR4046,Kolkata Branch 4046,Kolkata,West Bengal,674575,Regional,1194,Ananya Gupta
BR4047,Trichy Branch 4047,Trichy,Tamil Nadu,781559,Local,493,Dinesh Joshi
BR4048,Vijayawada Branch 4048,Vijayawada,Andhra Pradesh,774930,Local,803,Pooja Naidu
BR4049,Vijayawada Branch 4049,Vijayawada,Andhra Pradesh,638964,Local,1008,Vivek Verma
BR4050,Hyderabad Branch 4050,Hyderabad,Telangana,616684,Local,1011,Divya Kumar
BR4051,Kochi Branch 4051,Kochi,Kerala,604959,Local,1093,Divya Iyer
BR4052,Salem Branch 4052,Salem,Tamil Nadu,894996,Local,427,Arun Verma
BR4053,Pune Branch 4053,Pune,Maharashtra,673452,Regional,1183,Ananya Pillai
BR4054,Ahmedabad Branch 4054,Ahmedabad,Gujarat,718745,Hub,666,Rohit Menon
BR4055,Chennai Branch 4055,Chennai,Tamil Nadu,830753,Hub,1087,Ajay Menon
BR4056,Trichy Branch 4056,Trichy,Tamil Nadu,894730,Hub,554,Meena Mishra
BR4057,Salem Branch 4057,Salem,Tamil Nadu,686906,Local,773,Dinesh Naidu
BR4058,Ahmedabad Branch 4058,Ahmedabad,Gujarat,814491,Regional,836,Arun Das
BR4059,Mumbai Branch 4059,Mumbai,Maharashtra,669407,Local,201,Manoj Menon
BR4060,Mumbai Branch 4060,Mumbai,Maharashtra,790563,Local,670,Arun Das
BR4061,Chennai Branch 4061,Chennai,Tamil Nadu,809806,Local,908,Vijay Sharma
BR4062,Kochi Branch 4062,Kochi,Kerala,793842,Local,1042,Dinesh Sharma
BR4063,Kolkata Branch 4063,Kolkata,West Bengal,733883,Regional,467,Harini Gupta
BR4064,Pune Branch 4064,Pune,Maharashtra,676041,Local,190,Rahul Rao
BR4065,Chennai Branch 4065,Chennai,Tamil Nadu,839161,Local,238,Divya Reddy
BR4066,Pune Branch 4066,Pune,Maharashtra,641385,Local,213,Nithya Das
BR4067,Coimbatore Branch 4067,Coimbatore,Tamil Nadu,821009,Local,121,Vivek Patel
BR4068,Trichy Branch 4068,Trichy,Tamil Nadu,769444,Hub,1146,Divya Bose
BR4069,Coimbatore Branch 4069,Coimbatore,Tamil Nadu,651524,Hub,1188,Sneha Nair
BR4070,Jaipur Branch 4070,Jaipur,Rajasthan,703923,Local,559,Ajay Kapoor
BR4071,Bengaluru Branch 4071,Bengaluru,Karnataka,828598,Local,213,Rohit Naidu
BR4072,Jaipur Branch 4072,Jaipur,Rajasthan,751015,Regional,639,Karthik Bose
BR4073,Chennai Branch 4073,Chennai,Tamil Nadu,667321,Local,1020,Karthik Pillai
BR4074,Bengaluru Branch 4074,Bengaluru,Karnataka,865061,Hub,356,Vijay Sharma
BR4075,Delhi Branch 4075,Delhi,Delhi,698819,Local,1169,Priya Kapoor
BR4076,Jaipur Branch 4076,Jaipur,Rajasthan,655347,Local,751,Vijay Verma
BR4077,Pune Branch 4077,Pune,Maharashtra,821283,Regional,555,Ananya Sinha
BR4078,Mumbai Branch 4078,Mumbai,Maharashtra,821507,Local,778,Harini Gupta
BR4079,Coimbatore Branch 4079,Coimbatore,Tamil Nadu,610832,Hub,491,Harini Reddy
BR4080,Vijayawada Branch 4080,Vijayawada,Andhra Pradesh,892281,Regional,565,Ajay Iyer
BR4081,Pune Branch 4081,Pune,Maharashtra,794438,Hub,511,Ananya Menon
BR4082,Mumbai Branch 4082,Mumbai,Maharashtra,638305,Regional,1010,Priya Das
BR4083,Jaipur Branch 4083,Jaipur,Rajasthan,784862,Regional,650,Harini Kapoor
BR4084,Salem Branch 4084,Salem,Tamil Nadu,857635,Regional,1092,Rahul Rao
BR4085,Coimbatore Branch 4085,Coimbatore,Tamil Nadu,676702,Local,571,Harini Sharma
BR4086,Kochi Branch 4086,Kochi,Kerala,875691,Regional,875,Manoj Kumar
BR4087,Chennai Branch 4087,Chennai,Tamil Nadu,695072,Regional,909,Manoj Iyer
BR4088,Madurai Branch 4088,Madurai,Tamil Nadu,728460,Local,542,Ajay Das
BR4089,Bengaluru Branch 4089,Bengaluru,Karnataka,750206,Local,564,Karthik Mishra
BR4090,Ahmedabad Branch 4090,Ahmedabad,Gujarat,850645,Local,945,Divya Gupta
BR4091,Ahmedabad Branch 4091,Ahmedabad,Gujarat,634700,Local,1015,Rahul Iyer
BR4092,Coimbatore Branch 4092,Coimbatore,Tamil Nadu,893579,Local,707,Swetha Iyer
BR4093,Madurai Branch 4093,Madurai,Tamil Nadu,633207,Regional,841,Ajay Iyer
BR4094,Trichy Branch 4094,Trichy,Tamil Nadu,769767,Hub,643,Priya Joshi
BR4095,Coimbatore Branch 4095,Coimbatore,Tamil Nadu,860658,Regional,999,Sneha Mehta
BR4096,Madurai Branch 4096,Madurai,Tamil Nadu,844733,Regional,1024,Divya Mehta
BR4097,Mumbai Branch 4097,Mumbai,Maharashtra,629852,Regional,744,Dinesh Pillai
BR4098,Salem Branch 4098,Salem,Tamil Nadu,817831,Local,943,Arun Sinha
BR4099,Bengaluru Branch 4099,Bengaluru,Karnataka,832143,Regional,122,Karthik Nair
BR4100,Hyderabad Branch 4100,Hyderabad,Telangana,706479,Local,836,Pooja Gupta
BR4101,Jaipur Branch 4101,Jaipur,Rajasthan,628644,Local,243,Vijay Mishra
BR4102,Coimbatore Branch 4102,Coimbatore,Tamil Nadu,779384,Local,405,Meena Iyer
BR4103,Pune Branch 4103,Pune,Maharashtra,746723,Local,591,Dinesh Sinha
BR4104,Salem Branch 4104,Salem,Tamil Nadu,729948,Regional,683,Ananya Rao
BR4105,Mumbai Branch 4105,Mumbai,Maharashtra,665838,Regional,1171,Dinesh Gupta
BR4106,Hyderabad Branch 4106,Hyderabad,Telangana,666895,Local,645,Rahul Gupta
BR4107,Salem Branch 4107,Salem,Tamil Nadu,761141,Hub,504,Karthik Mehta
BR4108,Hyderabad Branch 4108,Hyderabad,Telangana,712022,Regional,865,Swetha Pillai
BR4109,Trichy Branch 4109,Trichy,Tamil Nadu,748502,Hub,340,Manoj Mehta
BR4110,Vijayawada Branch 4110,Vijayawada,Andhra Pradesh,705066,Local,460,Meena Pillai
BR4111,Trichy Branch 4111,Trichy,Tamil Nadu,888259,Hub,166,Pooja Pillai
BR4112,Kolkata Branch 4112,Kolkata,West Bengal,808507,Local,379,Rohit Naidu
BR4113,Salem Branch 4113,Salem,Tamil Nadu,674165,Regional,877,Arun Sharma
BR4114,Ahmedabad Branch 4114,Ahmedabad,Gujarat,821987,Local,1128,Sneha Rao
BR4115,Kochi Branch 4115,Kochi,Kerala,654933,Local,642,Swetha Kumar
BR4116,Coimbatore Branch 4116,Coimbatore,Tamil Nadu,768641,Local,662,Meena Singh
BR4117,Jaipur Branch 4117,Jaipur,Rajasthan,695279,Local,147,Nithya Reddy
BR4118,Pune Branch 4118,Pune,Maharashtra,854446,Hub,433,Harini Iyer
BR4119,Coimbatore Branch 4119,Coimbatore,Tamil Nadu,811064,Local,235,Vivek Menon
BR4120,Jaipur Branch 4120,Jaipur,Rajasthan,819038,Local,618,Rahul Mehta
BR4121,Madurai Branch 4121,Madurai,Tamil Nadu,660921,Regional,218,Rohit Rao
BR4122,Mumbai Branch 4122,Mumbai,Maharashtra,607090,Regional,441,Vivek Sinha
BR4123,Bengaluru Branch 4123,Bengaluru,Karnataka,622881,Hub,1102,Rahul Das
BR4124,Pune Branch 4124,Pune,Maharashtra,648272,Local,726,Rahul Naidu
BR4125,Bengaluru Branch 4125,Bengaluru,Karnataka,786089,Hub,263,Ajay Bose
BR4126,Trichy Branch 4126,Trichy,Tamil Nadu,852254,Local,384,Karthik Kapoor
BR4127,Bengaluru Branch 4127,Bengaluru,Karnataka,769475,Local,1063,Vijay Naidu
BR4128,Delhi Branch 4128,Delhi,Delhi,809914,Regional,476,Priya Patel
BR4129,Trichy Branch 4129,Trichy,Tamil Nadu,830426,Local,152,Rahul Sharma
BR4130,Salem Branch 4130,Salem,Tamil Nadu,767442,Local,427,Pooja Mehta
BR4131,Trichy Branch 4131,Trichy,Tamil Nadu,673286,Regional,440,Pooja Bose
BR4132,Chennai Branch 4132,Chennai,Tamil Nadu,844634,Local,626,Dinesh Mehta
BR4133,Bengaluru Branch 4133,Bengaluru,Karnataka,611313,Local,738,Vijay Verma
BR4134,Pune Branch 4134,Pune,Maharashtra,860172,Local,605,Kavya Nair
BR4135,Trichy Branch 4135,Trichy,Tamil Nadu,777941,Hub,967,Karthik Singh
BR4136,Pune Branch 4136,Pune,Maharashtra,821712,Regional,803,Sneha Bose
BR4137,Trichy Branch 4137,Trichy,Tamil Nadu,607174,Local,277,Divya Reddy
BR4138,Kochi Branch 4138,Kochi,Kerala,654339,Local,1067,Dinesh Menon
BR4139,Hyderabad Branch 4139,Hyderabad,Telangana,689897,Local,658,Pooja Sharma
BR4140,Pune Branch 4140,Pune,Maharashtra,639315,Local,1008,Nithya Gupta
BR4141,Madurai Branch 4141,Madurai,Tamil Nadu,626656,Hub,753,Priya Patel
BR4142,Bengaluru Branch 4142,Bengaluru,Karnataka,698314,Hub,108,Suresh Singh
BR4143,Jaipur Branch 4143,Jaipur,Rajasthan,732800,Local,1033,Nithya Iyer
BR4144,Delhi Branch 4144,Delhi,Delhi,726301,Hub,623,Rahul Das
BR4145,Vijayawada Branch 4145,Vijayawada,Andhra Pradesh,734171,Regional,1136,Meena Verma
BR4146,Coimbatore Branch 4146,Coimbatore,Tamil Nadu,779068,Local,376,Divya Nair
BR4147,Hyderabad Branch 4147,Hyderabad,Telangana,826589,Local,538,Priya Verma
BR4148,Ahmedabad Branch 4148,Ahmedabad,Gujarat,814266,Local,1161,Harini Gupta
BR4149,Bengaluru Branch 4149,Bengaluru,Karnataka,815469,Local,919,Rohit Iyer
BR4150,Salem Branch 4150,Salem,Tamil Nadu,744670,Regional,534,Sneha Nair
BR4151,Chennai Branch 4151,Chennai,Tamil Nadu,677306,Local,939,Nithya Sinha
BR4152,Jaipur Branch 4152,Jaipur,Rajasthan,733414,Local,843,Vivek Kumar
BR4153,Chennai Branch 4153,Chennai,Tamil Nadu,776416,Regional,350,Pooja Pillai
BR4154,Salem Branch 4154,Salem,Tamil Nadu,823538,Local,731,Rohit Nair
BR4155,Mumbai Branch 4155,Mumbai,Maharashtra,826785,Regional,944,Kavya Rao
BR4156,Kochi Branch 4156,Kochi,Kerala,849175,Hub,113,Kavya Gupta
BR4157,Delhi Branch 4157,Delhi,Delhi,853445,Regional,373,Rahul Joshi
BR4158,Kolkata Branch 4158,Kolkata,West Bengal,672811,Regional,1106,Vijay Sinha
BR4159,Jaipur Branch 4159,Jaipur,Rajasthan,700332,Local,452,Suresh Patel
BR4160,Coimbatore Branch 4160,Coimbatore,Tamil Nadu,850655,Regional,1069,Rohit Das
BR4161,Coimbatore Branch 4161,Coimbatore,Tamil Nadu,805825,Hub,541,Divya Joshi
BR4162,Trichy Branch 4162,Trichy,Tamil Nadu,899484,Hub,666,Suresh Reddy
BR4163,Ahmedabad Branch 4163,Ahmedabad,Gujarat,619396,Local,901,Ajay Gupta
BR4164,Chennai Branch 4164,Chennai,Tamil Nadu,656805,Hub,226,Nithya Mishra
BR4165,Kochi Branch 4165,Kochi,Kerala,781229,Hub,1118,Dinesh Iyer
BR4166,Coimbatore Branch 4166,Coimbatore,Tamil Nadu,624088,Local,920,Vivek Joshi
BR4167,Kochi Branch 4167,Kochi,Kerala,894703,Local,1188,Pooja Naidu
BR4168,Trichy Branch 4168,Trichy,Tamil Nadu,714055,Local,794,Manoj Bose
BR4169,Chennai Branch 4169,Chennai,Tamil Nadu,835519,Local,838,Nithya Mehta
BR4170,Hyderabad Branch 4170,Hyderabad,Telangana,641976,Regional,722,Karthik Reddy
BR4171,Ahmedabad Branch 4171,Ahmedabad,Gujarat,829117,Local,178,Vijay Kumar
BR4172,Kochi Branch 4172,Kochi,Kerala,760717,Local,239,Pooja Mishra
BR4173,Pune Branch 4173,Pune,Maharashtra,886212,Hub,1124,Priya Singh
BR4174,Jaipur Branch 4174,Jaipur,Rajasthan,640699,Regional,366,Arun Sharma
BR4175,Salem Branch 4175,Salem,Tamil Nadu,603766,Hub,1174,Rohit Kumar
BR4176,Trichy Branch 4176,Trichy,Tamil Nadu,628776,Hub,328,Harini Bose
BR4177,Trichy Branch 4177,Trichy,Tamil Nadu,817043,Hub,549,Nithya Joshi
BR4178,Ahmedabad Branch 4178,Ahmedabad,Gujarat,718324,Local,656,Dinesh Pillai
BR4179,Kochi Branch 4179,Kochi,Kerala,881424,Local,1195,Swetha Patel
BR4180,Coimbatore Branch 4180,Coimbatore,Tamil Nadu,646640,Regional,696,Vivek Pillai
BR4181,Coimbatore Branch 4181,Coimbatore,Tamil Nadu,693913,Regional,1040,Vijay Joshi
BR4182,Delhi Branch 4182,Delhi,Delhi,636674,Hub,934,Harini Bose
BR4183,Mumbai Branch 4183,Mumbai,Maharashtra,695440,Regional,828,Harini Pillai
BR4184,Mumbai Branch 4184,Mumbai,Maharashtra,741156,Local,255,Nithya Rao
BR4185,Coimbatore Branch 4185,Coimbatore,Tamil Nadu,606573,Local,959,Swetha Mehta
BR4186,Salem Branch 4186,Salem,Tamil Nadu,686051,Hub,939,Vijay Pillai
BR4187,Hyderabad Branch 4187,Hyderabad,Telangana,866008,Regional,676,Suresh Verma
BR4188,Coimbatore Branch 4188,Coimbatore,Tamil Nadu,780899,Local,1016,Karthik Kapoor
BR4189,Mumbai Branch 4189,Mumbai,Maharashtra,859493,Hub,754,Rohit Patel
BR4190,Trichy Branch 4190,Trichy,Tamil Nadu,728203,Regional,491,Manoj Rao
BR4191,Madurai Branch 4191,Madurai,Tamil Nadu,618285,Regional,1143,Suresh Mishra
BR4192,Kochi Branch 4192,Kochi,Kerala,788134,Hub,432,Meena Singh
BR4193,Bengaluru Branch 4193,Bengaluru,Karnataka,857895,Local,291,Pooja Bose
BR4194,Trichy Branch 4194,Trichy,Tamil Nadu,670040,Local,394,Kavya Reddy
BR4195,Jaipur Branch 4195,Jaipur,Rajasthan,669636,Regional,234,Karthik Das
BR4196,Ahmedabad Branch 4196,Ahmedabad,Gujarat,620841,Regional,302,Sneha Nair
BR4197,Chennai Branch 4197,Chennai,Tamil Nadu,851826,Local,187,Rohit Bose
BR4198,Mumbai Branch 4198,Mumbai,Maharashtra,881566,Hub,444,Ajay Pillai
BR4199,Vijayawada Branch 4199,Vijayawada,Andhra Pradesh,829966,Hub,662,Swetha Singh
BR4200,Madurai Branch 4200,Madurai,Tamil Nadu,884006,Local,349,Vijay Das
BR4201,Kochi Branch 4201,Kochi,Kerala,697316,Local,418,Ananya Mehta
BR4202,Kolkata Branch 4202,Kolkata,West Bengal,618767,Local,388,Manoj Sharma
BR4203,Ahmedabad Branch 4203,Ahmedabad,Gujarat,840931,Local,400,Pooja Naidu
BR4204,Madurai Branch 4204,Madurai,Tamil Nadu,636164,Regional,1129,Karthik Gupta
BR4205,Madurai Branch 4205,Madurai,Tamil Nadu,886159,Local,648,Arun Sinha
BR4206,Trichy Branch 4206,Trichy,Tamil Nadu,846327,Regional,357,Karthik Joshi
BR4207,Vijayawada Branch 4207,Vijayawada,Andhra Pradesh,715761,Regional,717,Rahul Rao
BR4208,Madurai Branch 4208,Madurai,Tamil Nadu,799119,Regional,321,Manoj Sharma
BR4209,Madurai Branch 4209,Madurai,Tamil Nadu,835477,Hub,412,Vivek Rao
BR4210,Ahmedabad Branch 4210,Ahmedabad,Gujarat,684023,Regional,447,Karthik Naidu
BR4211,Kolkata Branch 4211,Kolkata,West Bengal,727818,Hub,963,Suresh Sinha
BR4212,Coimbatore Branch 4212,Coimbatore,Tamil Nadu,629549,Hub,728,Manoj Singh
BR4213,Kochi Branch 4213,Kochi,Kerala,656217,Hub,790,Priya Mehta
BR4214,Bengaluru Branch 4214,Bengaluru,Karnataka,625491,Regional,190,Harini Kumar
BR4215,Madurai Branch 4215,Madurai,Tamil Nadu,645960,Hub,393,Ajay Menon
BR4216,Bengaluru Branch 4216,Bengaluru,Karnataka,769280,Hub,291,Manoj Mehta
BR4217,Coimbatore Branch 4217,Coimbatore,Tamil Nadu,718612,Hub,905,Suresh Rao
BR4218,Bengaluru Branch 4218,Bengaluru,Karnataka,749774,Regional,130,Rahul Menon
BR4219,Salem Branch 4219,Salem,Tamil Nadu,671528,Regional,705,Manoj Bose
BR4220,Kochi Branch 4220,Kochi,Kerala,895878,Local,881,Pooja Pillai
BR4221,Coimbatore Branch 4221,Coimbatore,Tamil Nadu,763177,Regional,151,Ajay Sharma
BR4222,Hyderabad Branch 4222,Hyderabad,Telangana,754439,Hub,574,Sneha Patel
BR4223,Bengaluru Branch 4223,Bengaluru,Karnataka,880761,Local,909,Arun Mehta
BR4224,Delhi Branch 4224,Delhi,Delhi,706861,Local,449,Arun Gupta
BR4225,Delhi Branch 4225,Delhi,Delhi,898526,Local,1100,Ananya Gupta
BR4226,Chennai Branch 4226,Chennai,Tamil Nadu,613008,Local,857,Ajay Mehta
BR4227,Kolkata Branch 4227,Kolkata,West Bengal,666568,Regional,1141,Harini Joshi
BR4228,Kochi Branch 4228,Kochi,Kerala,789070,Local,329,Manoj Sharma
BR4229,Jaipur Branch 4229,Jaipur,Rajasthan,843504,Local,813,Priya Sinha
BR4230,Kochi Branch 4230,Kochi,Kerala,816788,Regional,709,Sneha Sharma
BR4231,Salem Branch 4231,Salem,Tamil Nadu,734940,Local,674,Suresh Mehta
BR4232,Vijayawada Branch 4232,Vijayawada,Andhra Pradesh,784643,Local,962,Rohit Kapoor
BR4233,Kochi Branch 4233,Kochi,Kerala,847910,Regional,487,Vijay Kapoor
BR4234,Chennai Branch 4234,Chennai,Tamil Nadu,626066,Hub,754,Vivek Mehta
BR4235,Mumbai Branch 4235,Mumbai,Maharashtra,613741,Regional,101,Meena Reddy
BR4236,Jaipur Branch 4236,Jaipur,Rajasthan,744484,Hub,991,Ajay Bose
BR4237,Delhi Branch 4237,Delhi,Delhi,604840,Hub,250,Priya Kapoor
BR4238,Vijayawada Branch 4238,Vijayawada,Andhra Pradesh,857827,Regional,852,Vijay Mehta
BR4239,Coimbatore Branch 4239,Coimbatore,Tamil Nadu,737452,Regional,727,Karthik Mehta
BR4240,Salem Branch 4240,Salem,Tamil Nadu,849399,Local,1046,Vijay Reddy
BR4241,Salem Branch 4241,Salem,Tamil Nadu,817815,Local,1133,Meena Iyer
BR4242,Coimbatore Branch 4242,Coimbatore,Tamil Nadu,653577,Local,778,Nithya Kapoor
BR4243,Trichy Branch 4243,Trichy,Tamil Nadu,746244,Hub,999,Nithya Sharma
BR4244,Kolkata Branch 4244,Kolkata,West Bengal,660715,Hub,210,Rohit Sinha
BR4245,Salem Branch 4245,Salem,Tamil Nadu,766258,Local,279,Swetha Rao
BR4246,Pune Branch 4246,Pune,Maharashtra,850233,Regional,1076,Vijay Sinha
BR4247,Jaipur Branch 4247,Jaipur,Rajasthan,780369,Hub,280,Kavya Reddy
BR4248,Delhi Branch 4248,Delhi,Delhi,685031,Local,466,Manoj Mishra
BR4249,Coimbatore Branch 4249,Coimbatore,Tamil Nadu,848514,Regional,273,Meena Naidu
BR4250,Hyderabad Branch 4250,Hyderabad,Telangana,649861,Regional,185,Rahul Menon
BR4251,Delhi Branch 4251,Delhi,Delhi,860193,Local,647,Nithya Pillai
BR4252,Mumbai Branch 4252,Mumbai,Maharashtra,805046,Hub,1046,Pooja Reddy
BR4253,Jaipur Branch 4253,Jaipur,Rajasthan,651965,Local,1186,Nithya Singh
BR4254,Hyderabad Branch 4254,Hyderabad,Telangana,841942,Local,530,Ajay Das
BR4255,Hyderabad Branch 4255,Hyderabad,Telangana,655272,Hub,757,Rohit Gupta
BR4256,Mumbai Branch 4256,Mumbai,Maharashtra,773420,Local,363,Vijay Iyer
BR4257,Delhi Branch 4257,Delhi,Delhi,600252,Regional,268,Swetha Bose
BR4258,Vijayawada Branch 4258,Vijayawada,Andhra Pradesh,827312,Local,416,Dinesh Rao
BR4259,Salem Branch 4259,Salem,Tamil Nadu,750400,Regional,503,Suresh Gupta
BR4260,Chennai Branch 4260,Chennai,Tamil Nadu,700310,Local,312,Nithya Menon
BR4261,Bengaluru Branch 4261,Bengaluru,Karnataka,770002,Local,733,Rohit Iyer
BR4262,Jaipur Branch 4262,Jaipur,Rajasthan,647494,Local,1061,Suresh Rao
BR4263,Mumbai Branch 4263,Mumbai,Maharashtra,685234,Local,771,Ajay Naidu
BR4264,Kochi Branch 4264,Kochi,Kerala,666813,Regional,222,Divya Singh
BR4265,Trichy Branch 4265,Trichy,Tamil Nadu,724277,Regional,1145,Kavya Nair
BR4266,Madurai Branch 4266,Madurai,Tamil Nadu,896361,Regional,652,Divya Naidu
BR4267,Coimbatore Branch 4267,Coimbatore,Tamil Nadu,836269,Regional,976,Divya Naidu
BR4268,Trichy Branch 4268,Trichy,Tamil Nadu,846963,Local,493,Ananya Menon
BR4269,Coimbatore Branch 4269,Coimbatore,Tamil Nadu,755660,Local,656,Vivek Das
BR4270,Salem Branch 4270,Salem,Tamil Nadu,671536,Regional,360,Vivek Bose
BR4271,Kolkata Branch 4271,Kolkata,West Bengal,724197,Regional,623,Karthik Das
BR4272,Ahmedabad Branch 4272,Ahmedabad,Gujarat,871106,Local,332,Ajay Joshi
BR4273,Kochi Branch 4273,Kochi,Kerala,760173,Regional,387,Priya Kapoor
BR4274,Delhi Branch 4274,Delhi,Delhi,639207,Local,475,Vivek Reddy
BR4275,Ahmedabad Branch 4275,Ahmedabad,Gujarat,642317,Hub,1035,Swetha Nair
BR4276,Ahmedabad Branch 4276,Ahmedabad,Gujarat,717872,Hub,813,Priya Sharma
BR4277,Kolkata Branch 4277,Kolkata,West Bengal,831350,Local,931,Arun Mishra
BR4278,Delhi Branch 4278,Delhi,Delhi,651422,Hub,186,Priya Menon
BR4279,Hyderabad Branch 4279,Hyderabad,Telangana,843218,Hub,996,Ananya Singh
BR4280,Vijayawada Branch 4280,Vijayawada,Andhra Pradesh,828905,Local,792,Karthik Kapoor
BR4281,Kochi Branch 4281,Kochi,Kerala,835560,Regional,269,Vijay Verma
BR4282,Delhi Branch 4282,Delhi,Delhi,795173,Local,592,Kavya Reddy
BR4283,Kochi Branch 4283,Kochi,Kerala,758935,Local,121,Swetha Sharma
BR4284,Kolkata Branch 4284,Kolkata,West Bengal,776071,Local,131,Dinesh Bose
BR4285,Delhi Branch 4285,Delhi,Delhi,604618,Local,444,Priya Mehta
BR4286,Salem Branch 4286,Salem,Tamil Nadu,628377,Regional,583,Harini Nair
BR4287,Bengaluru Branch 4287,Bengaluru,Karnataka,724025,Local,676,Karthik Verma
BR4288,Delhi Branch 4288,Delhi,Delhi,798307,Hub,1105,Suresh Mehta
BR4289,Jaipur Branch 4289,Jaipur,Rajasthan,745048,Local,415,Suresh Das
BR4290,Jaipur Branch 4290,Jaipur,Rajasthan,733425,Hub,866,Sneha Reddy
BR4291,Bengaluru Branch 4291,Bengaluru,Karnataka,720267,Regional,1024,Vivek Kapoor
BR4292,Chennai Branch 4292,Chennai,Tamil Nadu,680074,Local,1186,Kavya Rao
BR4293,Vijayawada Branch 4293,Vijayawada,Andhra Pradesh,754012,Local,687,Ajay Pillai
BR4294,Trichy Branch 4294,Trichy,Tamil Nadu,805020,Regional,381,Vivek Joshi
BR4295,Trichy Branch 4295,Trichy,Tamil Nadu,844891,Regional,134,Rohit Gupta
BR4296,Trichy Branch 4296,Trichy,Tamil Nadu,770308,Regional,474,Suresh Rao
BR4297,Pune Branch 4297,Pune,Maharashtra,608803,Local,152,Manoj Reddy
BR4298,Mumbai Branch 4298,Mumbai,Maharashtra,811284,Hub,908,Vijay Patel
BR4299,Madurai Branch 4299,Madurai,Tamil Nadu,763002,Regional,615,Sneha Mehta
BR4300,Vijayawada Branch 4300,Vijayawada,Andhra Pradesh,767025,Hub,613,Suresh Singh
BR4301,Madurai Branch 4301,Madurai,Tamil Nadu,769917,Regional,390,Kavya Menon
BR4302,Madurai Branch 4302,Madurai,Tamil Nadu,625009,Local,1028,Manoj Reddy
BR4303,Hyderabad Branch 4303,Hyderabad,Telangana,868675,Hub,584,Swetha Naidu
BR4304,Ahmedabad Branch 4304,Ahmedabad,Gujarat,701742,Regional,752,Vivek Verma
BR4305,Trichy Branch 4305,Trichy,Tamil Nadu,631164,Local,874,Dinesh Iyer
BR4306,Kochi Branch 4306,Kochi,Kerala,817175,Local,223,Swetha Verma
BR4307,Kochi Branch 4307,Kochi,Kerala,863035,Local,372,Vivek Menon
BR4308,Hyderabad Branch 4308,Hyderabad,Telangana,628283,Local,764,Dinesh Rao
BR4309,Jaipur Branch 4309,Jaipur,Rajasthan,777406,Local,298,Sneha Mishra
BR4310,Hyderabad Branch 4310,Hyderabad,Telangana,834623,Hub,182,Arun Kumar
BR4311,Salem Branch 4311,Salem,Tamil Nadu,793698,Regional,1028,Suresh Patel
BR4312,Trichy Branch 4312,Trichy,Tamil Nadu,707836,Local,477,Vijay Das
BR4313,Pune Branch 4313,Pune,Maharashtra,893036,Local,1082,Swetha Iyer
BR4314,Delhi Branch 4314,Delhi,Delhi,664871,Regional,1184,Kavya Sinha
BR4315,Delhi Branch 4315,Delhi,Delhi,793545,Hub,446,Kavya Das
BR4316,Hyderabad Branch 4316,Hyderabad,Telangana,694971,Local,130,Rohit Pillai
BR4317,Ahmedabad Branch 4317,Ahmedabad,Gujarat,801967,Hub,651,Rahul Pillai
BR4318,Kochi Branch 4318,Kochi,Kerala,634851,Hub,375,Ananya Bose
BR4319,Bengaluru Branch 4319,Bengaluru,Karnataka,756426,Regional,844,Dinesh Sinha
BR4320,Delhi Branch 4320,Delhi,Delhi,722472,Regional,517,Pooja Verma
BR4321,Jaipur Branch 4321,Jaipur,Rajasthan,654182,Local,932,Kavya Singh
BR4322,Mumbai Branch 4322,Mumbai,Maharashtra,847167,Regional,1185,Vivek Naidu
BR4323,Madurai Branch 4323,Madurai,Tamil Nadu,874094,Local,832,Swetha Gupta
BR4324,Bengaluru Branch 4324,Bengaluru,Karnataka,848518,Hub,528,Vivek Bose
BR4325,Mumbai Branch 4325,Mumbai,Maharashtra,839315,Local,350,Suresh Gupta
BR4326,Salem Branch 4326,Salem,Tamil Nadu,689321,Regional,110,Ajay Nair
BR4327,Salem Branch 4327,Salem,Tamil Nadu,713268,Hub,516,Vivek Mehta
BR4328,Bengaluru Branch 4328,Bengaluru,Karnataka,800176,Local,649,Ajay Singh
BR4329,Pune Branch 4329,Pune,Maharashtra,818925,Hub,676,Arun Verma
BR4330,Vijayawada Branch 4330,Vijayawada,Andhra Pradesh,848182,Local,649,Ananya Kumar
BR4331,Hyderabad Branch 4331,Hyderabad,Telangana,751810,Local,866,Sneha Gupta
BR4332,Mumbai Branch 4332,Mumbai,Maharashtra,790596,Hub,556,Swetha Sinha
BR4333,Madurai Branch 4333,Madurai,Tamil Nadu,734539,Regional,1043,Harini Reddy
BR4334,Jaipur Branch 4334,Jaipur,Rajasthan,699232,Regional,343,Nithya Reddy
BR4335,Vijayawada Branch 4335,Vijayawada,Andhra Pradesh,833721,Regional,379,Vivek Kumar
BR4336,Trichy Branch 4336,Trichy,Tamil Nadu,890737,Local,903,Manoj Verma
BR4337,Salem Branch 4337,Salem,Tamil Nadu,753669,Regional,548,Rahul Sharma
BR4338,Pune Branch 4338,Pune,Maharashtra,885593,Local,1055,Sneha Iyer
BR4339,Madurai Branch 4339,Madurai,Tamil Nadu,642407,Local,198,Divya Sharma
BR4340,Jaipur Branch 4340,Jaipur,Rajasthan,864844,Local,951,Kavya Nair
BR4341,Pune Branch 4341,Pune,Maharashtra,616252,Hub,726,Nithya Menon
BR4342,Trichy Branch 4342,Trichy,Tamil Nadu,842609,Hub,145,Harini Mishra
BR4343,Vijayawada Branch 4343,Vijayawada,Andhra Pradesh,848182,Hub,673,Suresh Naidu
BR4344,Madurai Branch 4344,Madurai,Tamil Nadu,899893,Local,725,Arun Sharma
BR4345,Coimbatore Branch 4345,Coimbatore,Tamil Nadu,877778,Hub,863,Rahul Iyer
BR4346,Chennai Branch 4346,Chennai,Tamil Nadu,671937,Local,204,Suresh Naidu
BR4347,Jaipur Branch 4347,Jaipur,Rajasthan,694059,Local,128,Karthik Bose
BR4348,Hyderabad Branch 4348,Hyderabad,Telangana,750020,Local,268,Harini Das
BR4349,Pune Branch 4349,Pune,Maharashtra,832716,Local,733,Ananya Verma
BR4350,Kochi Branch 4350,Kochi,Kerala,712538,Local,968,Swetha Mishra
BR4351,Hyderabad Branch 4351,Hyderabad,Telangana,801551,Hub,987,Manoj Verma
BR4352,Trichy Branch 4352,Trichy,Tamil Nadu,798964,Regional,556,Rohit Bose
BR4353,Chennai Branch 4353,Chennai,Tamil Nadu,854554,Regional,542,Meena Kapoor
BR4354,Ahmedabad Branch 4354,Ahmedabad,Gujarat,662991,Local,895,Harini Gupta
BR4355,Salem Branch 4355,Salem,Tamil Nadu,773704,Regional,498,Rohit Kumar
BR4356,Bengaluru Branch 4356,Bengaluru,Karnataka,684700,Local,285,Pooja Singh
BR4357,Jaipur Branch 4357,Jaipur,Rajasthan,753374,Local,397,Divya Sharma
BR4358,Bengaluru Branch 4358,Bengaluru,Karnataka,619070,Regional,940,Nithya Rao
BR4359,Mumbai Branch 4359,Mumbai,Maharashtra,604076,Local,630,Nithya Mishra
BR4360,Delhi Branch 4360,Delhi,Delhi,817795,Regional,741,Kavya Gupta
BR4361,Bengaluru Branch 4361,Bengaluru,Karnataka,680070,Hub,757,Arun Kumar
BR4362,Ahmedabad Branch 4362,Ahmedabad,Gujarat,814367,Local,344,Suresh Kapoor
BR4363,Delhi Branch 4363,Delhi,Delhi,728218,Local,1117,Vivek Rao
BR4364,Salem Branch 4364,Salem,Tamil Nadu,680989,Local,235,Harini Mehta
BR4365,Vijayawada Branch 4365,Vijayawada,Andhra Pradesh,772689,Local,304,Meena Pillai
BR4366,Chennai Branch 4366,Chennai,Tamil Nadu,745424,Local,983,Kavya Iyer
BR4367,Coimbatore Branch 4367,Coimbatore,Tamil Nadu,663478,Local,655,Nithya Menon
BR4368,Hyderabad Branch 4368,Hyderabad,Telangana,624177,Regional,159,Harini Kumar
BR4369,Coimbatore Branch 4369,Coimbatore,Tamil Nadu,870125,Regional,348,Pooja Singh
BR4370,Hyderabad Branch 4370,Hyderabad,Telangana,836426,Hub,984,Vijay Rao
BR4371,Chennai Branch 4371,Chennai,Tamil Nadu,770448,Regional,737,Manoj Reddy
BR4372,Mumbai Branch 4372,Mumbai,Maharashtra,853863,Local,1082,Vijay Sinha
BR4373,Hyderabad Branch 4373,Hyderabad,Telangana,670450,Local,496,Manoj Gupta
BR4374,Coimbatore Branch 4374,Coimbatore,Tamil Nadu,652028,Local,144,Rahul Reddy
BR4375,Chennai Branch 4375,Chennai,Tamil Nadu,780804,Hub,101,Rohit Joshi
BR4376,Madurai Branch 4376,Madurai,Tamil Nadu,779327,Regional,805,Arun Pillai
BR4377,Salem Branch 4377,Salem,Tamil Nadu,669109,Regional,658,Harini Singh
BR4378,Ahmedabad Branch 4378,Ahmedabad,Gujarat,626066,Hub,325,Priya Bose
BR4379,Madurai Branch 4379,Madurai,Tamil Nadu,750352,Local,1125,Sneha Kapoor
BR4380,Delhi Branch 4380,Delhi,Delhi,825113,Local,218,Vivek Naidu
BR4381,Pune Branch 4381,Pune,Maharashtra,796032,Hub,697,Karthik Gupta
BR4382,Salem Branch 4382,Salem,Tamil Nadu,788924,Local,667,Swetha Das
BR4383,Ahmedabad Branch 4383,Ahmedabad,Gujarat,606295,Local,1041,Priya Verma
BR4384,Kochi Branch 4384,Kochi,Kerala,846782,Local,674,Divya Kumar
BR4385,Pune Branch 4385,Pune,Maharashtra,701238,Local,107,Karthik Rao
BR4386,Vijayawada Branch 4386,Vijayawada,Andhra Pradesh,612984,Local,334,Rohit Sharma
BR4387,Kochi Branch 4387,Kochi,Kerala,671893,Local,526,Ananya Mishra
BR4388,Delhi Branch 4388,Delhi,Delhi,614246,Local,701,Nithya Das
BR4389,Kolkata Branch 4389,Kolkata,West Bengal,692956,Hub,378,Rohit Patel
BR4390,Coimbatore Branch 4390,Coimbatore,Tamil Nadu,898556,Hub,1011,Dinesh Reddy
BR4391,Hyderabad Branch 4391,Hyderabad,Telangana,856183,Regional,952,Arun Sinha
BR4392,Trichy Branch 4392,Trichy,Tamil Nadu,805184,Local,739,Divya Nair
BR4393,Chennai Branch 4393,Chennai,Tamil Nadu,779737,Local,459,Karthik Menon
BR4394,Pune Branch 4394,Pune,Maharashtra,751854,Local,704,Ananya Sinha
BR4395,Salem Branch 4395,Salem,Tamil Nadu,825227,Regional,311,Dinesh Menon
BR4396,Chennai Branch 4396,Chennai,Tamil Nadu,833436,Local,815,Harini Naidu
BR4397,Ahmedabad Branch 4397,Ahmedabad,Gujarat,642353,Local,648,Rahul Mehta
BR4398,Bengaluru Branch 4398,Bengaluru,Karnataka,733220,Regional,317,Arun Das
BR4399,Kochi Branch 4399,Kochi,Kerala,798020,Hub,245,Manoj Singh
BR4400,Coimbatore Branch 4400,Coimbatore,Tamil Nadu,709203,Local,1182,Priya Mehta
BR4401,Hyderabad Branch 4401,Hyderabad,Telangana,688510,Local,740,Priya Kumar
BR4402,Salem Branch 4402,Salem,Tamil Nadu,840200,Local,1156,Vijay Reddy
BR4403,Ahmedabad Branch 4403,Ahmedabad,Gujarat,716863,Regional,1089,Kavya Menon
BR4404,Trichy Branch 4404,Trichy,Tamil Nadu,636820,Regional,510,Divya Mishra
BR4405,Vijayawada Branch 4405,Vijayawada,Andhra Pradesh,668929,Local,1173,Ananya Naidu
BR4406,Mumbai Branch 4406,Mumbai,Maharashtra,845502,Local,421,Vijay Nair
BR4407,Salem Branch 4407,Salem,Tamil Nadu,697348,Local,635,Harini Sharma
BR4408,Delhi Branch 4408,Delhi,Delhi,865612,Local,168,Suresh Menon
BR4409,Coimbatore Branch 4409,Coimbatore,Tamil Nadu,759897,Local,1131,Swetha Sharma
BR4410,Vijayawada Branch 4410,Vijayawada,Andhra Pradesh,705875,Hub,1015,Nithya Menon
BR4411,Chennai Branch 4411,Chennai,Tamil Nadu,873076,Local,860,Sneha Patel
BR4412,Ahmedabad Branch 4412,Ahmedabad,Gujarat,699638,Regional,809,Pooja Das
BR4413,Bengaluru Branch 4413,Bengaluru,Karnataka,882913,Local,926,Rohit Gupta
BR4414,Vijayawada Branch 4414,Vijayawada,Andhra Pradesh,818631,Hub,307,Pooja Sharma
BR4415,Salem Branch 4415,Salem,Tamil Nadu,637737,Local,914,Vijay Kumar
BR4416,Delhi Branch 4416,Delhi,Delhi,807515,Local,997,Vivek Nair
BR4417,Vijayawada Branch 4417,Vijayawada,Andhra Pradesh,651969,Regional,125,Pooja Verma
BR4418,Coimbatore Branch 4418,Coimbatore,Tamil Nadu,714001,Regional,606,Dinesh Pillai
BR4419,Kochi Branch 4419,Kochi,Kerala,773351,Regional,247,Rahul Kapoor
BR4420,Coimbatore Branch 4420,Coimbatore,Tamil Nadu,860476,Regional,960,Vijay Pillai
BR4421,Jaipur Branch 4421,Jaipur,Rajasthan,799691,Regional,477,Manoj Bose
BR4422,Hyderabad Branch 4422,Hyderabad,Telangana,877293,Local,1079,Pooja Verma
BR4423,Mumbai Branch 4423,Mumbai,Maharashtra,692107,Local,164,Ananya Iyer
BR4424,Trichy Branch 4424,Trichy,Tamil Nadu,647309,Local,828,Divya Verma
BR4425,Mumbai Branch 4425,Mumbai,Maharashtra,819452,Regional,902,Vijay Gupta
BR4426,Mumbai Branch 4426,Mumbai,Maharashtra,743772,Hub,728,Dinesh Menon
BR4427,Vijayawada Branch 4427,Vijayawada,Andhra Pradesh,610813,Regional,696,Swetha Verma
BR4428,Bengaluru Branch 4428,Bengaluru,Karnataka,741250,Hub,378,Rohit Menon
BR4429,Jaipur Branch 4429,Jaipur,Rajasthan,828752,Local,465,Harini Kapoor
BR4430,Delhi Branch 4430,Delhi,Delhi,610984,Local,598,Dinesh Reddy
BR4431,Coimbatore Branch 4431,Coimbatore,Tamil Nadu,720523,Local,268,Meena Naidu
BR4432,Madurai Branch 4432,Madurai,Tamil Nadu,791405,Hub,561,Rohit Bose
BR4433,Jaipur Branch 4433,Jaipur,Rajasthan,684228,Local,519,Divya Verma
BR4434,Chennai Branch 4434,Chennai,Tamil Nadu,649687,Local,975,Vijay Gupta
BR4435,Chennai Branch 4435,Chennai,Tamil Nadu,679560,Regional,139,Dinesh Patel
BR4436,Madurai Branch 4436,Madurai,Tamil Nadu,772112,Local,462,Vivek Kapoor
BR4437,Salem Branch 4437,Salem,Tamil Nadu,686288,Hub,183,Rahul Kumar
BR4438,Jaipur Branch 4438,Jaipur,Rajasthan,646498,Hub,443,Suresh Joshi
BR4439,Mumbai Branch 4439,Mumbai,Maharashtra,624978,Local,608,Vijay Nair
BR4440,Vijayawada Branch 4440,Vijayawada,Andhra Pradesh,600896,Local,940,Arun Joshi
BR4441,Salem Branch 4441,Salem,Tamil Nadu,651912,Hub,437,Meena Kapoor
BR4442,Kolkata Branch 4442,Kolkata,West Bengal,716928,Regional,1121,Swetha Joshi
BR4443,Bengaluru Branch 4443,Bengaluru,Karnataka,816087,Local,973,Arun Mehta
BR4444,Trichy Branch 4444,Trichy,Tamil Nadu,839144,Local,961,Kavya Reddy
BR4445,Chennai Branch 4445,Chennai,Tamil Nadu,857934,Local,281,Karthik Kumar
BR4446,Salem Branch 4446,Salem,Tamil Nadu,617744,Hub,106,Meena Patel
BR4447,Ahmedabad Branch 4447,Ahmedabad,Gujarat,746662,Local,764,Karthik Menon
BR4448,Kolkata Branch 4448,Kolkata,West Bengal,618920,Regional,507,Meena Rao
BR4449,Delhi Branch 4449,Delhi,Delhi,690099,Local,361,Sneha Rao
BR4450,Hyderabad Branch 4450,Hyderabad,Telangana,811678,Local,574,Rohit Menon
BR4451,Trichy Branch 4451,Trichy,Tamil Nadu,789604,Regional,376,Ananya Bose
BR4452,Mumbai Branch 4452,Mumbai,Maharashtra,879912,Regional,925,Priya Gupta
BR4453,Jaipur Branch 4453,Jaipur,Rajasthan,644201,Regional,195,Rohit Patel
BR4454,Jaipur Branch 4454,Jaipur,Rajasthan,897308,Hub,1155,Karthik Joshi
BR4455,Chennai Branch 4455,Chennai,Tamil Nadu,711815,Hub,847,Ajay Naidu
BR4456,Kolkata Branch 4456,Kolkata,West Bengal,898196,Regional,492,Suresh Iyer
BR4457,Madurai Branch 4457,Madurai,Tamil Nadu,795242,Hub,498,Pooja Sharma
BR4458,Chennai Branch 4458,Chennai,Tamil Nadu,627201,Local,828,Meena Menon
BR4459,Bengaluru Branch 4459,Bengaluru,Karnataka,767002,Hub,1094,Dinesh Kapoor
BR4460,Bengaluru Branch 4460,Bengaluru,Karnataka,887758,Regional,907,Sneha Bose
BR4461,Delhi Branch 4461,Delhi,Delhi,616403,Local,866,Ajay Naidu
BR4462,Pune Branch 4462,Pune,Maharashtra,625197,Hub,1134,Rahul Rao
BR4463,Ahmedabad Branch 4463,Ahmedabad,Gujarat,640455,Regional,1187,Meena Bose
BR4464,Delhi Branch 4464,Delhi,Delhi,868096,Local,286,Swetha Singh
BR4465,Chennai Branch 4465,Chennai,Tamil Nadu,860098,Hub,491,Pooja Sinha
BR4466,Delhi Branch 4466,Delhi,Delhi,605383,Local,299,Meena Kumar
BR4467,Salem Branch 4467,Salem,Tamil Nadu,792028,Regional,154,Meena Mehta
BR4468,Delhi Branch 4468,Delhi,Delhi,626090,Regional,481,Dinesh Bose
BR4469,Kolkata Branch 4469,Kolkata,West Bengal,880913,Local,394,Sneha Das
BR4470,Kochi Branch 4470,Kochi,Kerala,702654,Regional,154,Pooja Verma
BR4471,Bengaluru Branch 4471,Bengaluru,Karnataka,848405,Regional,742,Rohit Bose
BR4472,Delhi Branch 4472,Delhi,Delhi,705673,Hub,1040,Karthik Das
BR4473,Vijayawada Branch 4473,Vijayawada,Andhra Pradesh,822486,Regional,179,Harini Iyer
BR4474,Madurai Branch 4474,Madurai,Tamil Nadu,747022,Regional,739,Rohit Das
BR4475,Vijayawada Branch 4475,Vijayawada,Andhra Pradesh,861531,Regional,395,Harini Bose
BR4476,Madurai Branch 4476,Madurai,Tamil Nadu,840850,Local,838,Suresh Kumar
BR4477,Bengaluru Branch 4477,Bengaluru,Karnataka,887358,Local,272,Manoj Verma
BR4478,Pune Branch 4478,Pune,Maharashtra,896176,Local,998,Vijay Mishra
BR4479,Jaipur Branch 4479,Jaipur,Rajasthan,663254,Local,635,Karthik Nair
BR4480,Kolkata Branch 4480,Kolkata,West Bengal,867060,Local,867,Ananya Pillai
BR4481,Pune Branch 4481,Pune,Maharashtra,748137,Local,538,Karthik Rao
BR4482,Jaipur Branch 4482,Jaipur,Rajasthan,856816,Regional,196,Arun Sharma
BR4483,Hyderabad Branch 4483,Hyderabad,Telangana,875269,Local,813,Divya Nair
BR4484,Chennai Branch 4484,Chennai,Tamil Nadu,809843,Regional,129,Rahul Nair
BR4485,Jaipur Branch 4485,Jaipur,Rajasthan,797081,Local,1093,Harini Bose
BR4486,Kolkata Branch 4486,Kolkata,West Bengal,631192,Local,754,Priya Kumar
BR4487,Vijayawada Branch 4487,Vijayawada,Andhra Pradesh,676472,Local,963,Divya Iyer
BR4488,Vijayawada Branch 4488,Vijayawada,Andhra Pradesh,899237,Regional,1189,Meena Singh
BR4489,Jaipur Branch 4489,Jaipur,Rajasthan,868103,Local,835,Rohit Mishra
BR4490,Coimbatore Branch 4490,Coimbatore,Tamil Nadu,718159,Regional,952,Meena Sinha
BR4491,Delhi Branch 4491,Delhi,Delhi,659052,Local,630,Rohit Iyer
BR4492,Vijayawada Branch 4492,Vijayawada,Andhra Pradesh,693777,Local,1172,Divya Verma
BR4493,Kochi Branch 4493,Kochi,Kerala,801431,Regional,1157,Harini Naidu
BR4494,Kochi Branch 4494,Kochi,Kerala,726047,Regional,339,Nithya Gupta
BR4495,Kolkata Branch 4495,Kolkata,West Bengal,694818,Hub,695,Suresh Singh
BR4496,Madurai Branch 4496,Madurai,Tamil Nadu,650250,Hub,787,Swetha Rao
BR4497,Ahmedabad Branch 4497,Ahmedabad,Gujarat,743397,Local,413,Divya Singh
BR4498,Bengaluru Branch 4498,Bengaluru,Karnataka,659851,Local,945,Dinesh Naidu
BR4499,Pune Branch 4499,Pune,Maharashtra,873375,Regional,1101,Priya Gupta
BR4500,Hyderabad Branch 4500,Hyderabad,Telangana,680742,Local,256,Rahul Kumar
BR4501,Kochi Branch 4501,Kochi,Kerala,658677,Local,1004,Meena Joshi
BR4502,Jaipur Branch 4502,Jaipur,Rajasthan,830826,Regional,271,Rahul Nair
BR4503,Bengaluru Branch 4503,Bengaluru,Karnataka,883979,Regional,604,Vijay Sharma
BR4504,Hyderabad Branch 4504,Hyderabad,Telangana,735576,Local,643,Swetha Mishra
BR4505,Mumbai Branch 4505,Mumbai,Maharashtra,718855,Hub,1199,Harini Sharma
BR4506,Ahmedabad Branch 4506,Ahmedabad,Gujarat,753020,Hub,702,Vijay Joshi
BR4507,Bengaluru Branch 4507,Bengaluru,Karnataka,806997,Regional,1145,Karthik Menon
BR4508,Bengaluru Branch 4508,Bengaluru,Karnataka,665388,Local,253,Harini Nair
BR4509,Coimbatore Branch 4509,Coimbatore,Tamil Nadu,617845,Hub,523,Swetha Sinha
BR4510,Ahmedabad Branch 4510,Ahmedabad,Gujarat,838949,Local,747,Priya Bose
BR4511,Hyderabad Branch 4511,Hyderabad,Telangana,611149,Local,391,Ajay Mehta
BR4512,Hyderabad Branch 4512,Hyderabad,Telangana,837087,Hub,712,Sneha Rao
BR4513,Mumbai Branch 4513,Mumbai,Maharashtra,720987,Local,692,Rahul Nair
BR4514,Salem Branch 4514,Salem,Tamil Nadu,875153,Regional,746,Vijay Nair
BR4515,Pune Branch 4515,Pune,Maharashtra,717811,Local,484,Meena Menon
BR4516,Hyderabad Branch 4516,Hyderabad,Telangana,764936,Local,830,Meena Reddy
BR4517,Delhi Branch 4517,Delhi,Delhi,661339,Regional,333,Dinesh Sinha
BR4518,Trichy Branch 4518,Trichy,Tamil Nadu,675392,Local,317,Vivek Joshi
BR4519,Hyderabad Branch 4519,Hyderabad,Telangana,665342,Regional,345,Harini Sharma
BR4520,Vijayawada Branch 4520,Vijayawada,Andhra Pradesh,611066,Regional,248,Meena Sharma
BR4521,Coimbatore Branch 4521,Coimbatore,Tamil Nadu,768928,Hub,993,Rahul Iyer
BR4522,Mumbai Branch 4522,Mumbai,Maharashtra,736190,Local,503,Vivek Nair
BR4523,Pune Branch 4523,Pune,Maharashtra,665008,Regional,602,Vivek Verma
BR4524,Hyderabad Branch 4524,Hyderabad,Telangana,789603,Regional,483,Rahul Menon
BR4525,Pune Branch 4525,Pune,Maharashtra,642559,Local,132,Ananya Nair
BR4526,Salem Branch 4526,Salem,Tamil Nadu,652511,Local,501,Suresh Mehta
BR4527,Jaipur Branch 4527,Jaipur,Rajasthan,704362,Local,756,Harini Pillai
BR4528,Kolkata Branch 4528,Kolkata,West Bengal,616243,Hub,368,Manoj Mishra
BR4529,Hyderabad Branch 4529,Hyderabad,Telangana,739970,Local,398,Kavya Sinha
BR4530,Hyderabad Branch 4530,Hyderabad,Telangana,825537,Local,212,Ajay Naidu
BR4531,Chennai Branch 4531,Chennai,Tamil Nadu,738529,Hub,1105,Vijay Verma
BR4532,Bengaluru Branch 4532,Bengaluru,Karnataka,898489,Local,1018,Divya Das
BR4533,Mumbai Branch 4533,Mumbai,Maharashtra,871883,Regional,1163,Rohit Naidu
BR4534,Kochi Branch 4534,Kochi,Kerala,802478,Local,773,Dinesh Singh
BR4535,Madurai Branch 4535,Madurai,Tamil Nadu,741871,Local,1045,Sneha Verma
BR4536,Hyderabad Branch 4536,Hyderabad,Telangana,665881,Local,464,Arun Sinha
BR4537,Trichy Branch 4537,Trichy,Tamil Nadu,637581,Local,305,Dinesh Mehta
BR4538,Pune Branch 4538,Pune,Maharashtra,644160,Local,1080,Rahul Singh
BR4539,Madurai Branch 4539,Madurai,Tamil Nadu,752485,Hub,206,Nithya Reddy
BR4540,Mumbai Branch 4540,Mumbai,Maharashtra,805554,Regional,696,Vijay Reddy
BR4541,Mumbai Branch 4541,Mumbai,Maharashtra,743427,Regional,139,Ajay Rao
BR4542,Delhi Branch 4542,Delhi,Delhi,784792,Local,495,Manoj Pillai
BR4543,Kolkata Branch 4543,Kolkata,West Bengal,808900,Regional,1111,Vivek Naidu
BR4544,Ahmedabad Branch 4544,Ahmedabad,Gujarat,668626,Local,405,Divya Rao
BR4545,Kochi Branch 4545,Kochi,Kerala,729947,Hub,142,Priya Mishra
BR4546,Salem Branch 4546,Salem,Tamil Nadu,875022,Regional,954,Nithya Iyer
BR4547,Delhi Branch 4547,Delhi,Delhi,661763,Local,1107,Rahul Menon
BR4548,Jaipur Branch 4548,Jaipur,Rajasthan,720884,Regional,676,Priya Joshi
BR4549,Jaipur Branch 4549,Jaipur,Rajasthan,647633,Local,248,Suresh Gupta
BR4550,Jaipur Branch 4550,Jaipur,Rajasthan,770707,Hub,170,Rohit Rao
BR4551,Salem Branch 4551,Salem,Tamil Nadu,833505,Regional,420,Kavya Kumar
BR4552,Vijayawada Branch 4552,Vijayawada,Andhra Pradesh,888072,Hub,543,Harini Mehta
BR4553,Mumbai Branch 4553,Mumbai,Maharashtra,846196,Hub,866,Vijay Verma
BR4554,Ahmedabad Branch 4554,Ahmedabad,Gujarat,816483,Local,557,Suresh Bose
BR4555,Kolkata Branch 4555,Kolkata,West Bengal,868868,Local,787,Karthik Das
BR4556,Vijayawada Branch 4556,Vijayawada,Andhra Pradesh,666610,Local,892,Dinesh Pillai
BR4557,Ahmedabad Branch 4557,Ahmedabad,Gujarat,805470,Regional,912,Vijay Rao
BR4558,Kochi Branch 4558,Kochi,Kerala,720006,Regional,191,Dinesh Joshi
BR4559,Salem Branch 4559,Salem,Tamil Nadu,761538,Local,752,Karthik Kumar
BR4560,Trichy Branch 4560,Trichy,Tamil Nadu,608655,Hub,360,Rahul Nair
BR4561,Hyderabad Branch 4561,Hyderabad,Telangana,813428,Local,244,Rohit Singh
BR4562,Hyderabad Branch 4562,Hyderabad,Telangana,821908,Regional,338,Divya Kapoor
BR4563,Kochi Branch 4563,Kochi,Kerala,654544,Local,1194,Swetha Sharma
BR4564,Jaipur Branch 4564,Jaipur,Rajasthan,701244,Hub,1005,Nithya Reddy
BR4565,Kolkata Branch 4565,Kolkata,West Bengal,828267,Hub,1018,Karthik Kumar
BR4566,Kochi Branch 4566,Kochi,Kerala,698289,Regional,755,Pooja Patel
BR4567,Delhi Branch 4567,Delhi,Delhi,731037,Regional,407,Vivek Gupta
BR4568,Bengaluru Branch 4568,Bengaluru,Karnataka,839771,Local,766,Vijay Mehta
BR4569,Chennai Branch 4569,Chennai,Tamil Nadu,673719,Local,873,Pooja Kapoor
BR4570,Delhi Branch 4570,Delhi,Delhi,679169,Hub,1101,Swetha Iyer
BR4571,Madurai Branch 4571,Madurai,Tamil Nadu,694477,Regional,379,Dinesh Das
BR4572,Hyderabad Branch 4572,Hyderabad,Telangana,849384,Regional,854,Nithya Gupta
BR4573,Madurai Branch 4573,Madurai,Tamil Nadu,700512,Local,698,Vivek Kumar
BR4574,Vijayawada Branch 4574,Vijayawada,Andhra Pradesh,712963,Regional,232,Harini Verma
BR4575,Delhi Branch 4575,Delhi,Delhi,728014,Local,810,Suresh Pillai
BR4576,Jaipur Branch 4576,Jaipur,Rajasthan,638264,Local,185,Rohit Verma
BR4577,Mumbai Branch 4577,Mumbai,Maharashtra,817208,Local,704,Arun Sharma
BR4578,Trichy Branch 4578,Trichy,Tamil Nadu,897429,Local,134,Manoj Kumar
BR4579,Trichy Branch 4579,Trichy,Tamil Nadu,843147,Local,709,Meena Joshi
BR4580,Trichy Branch 4580,Trichy,Tamil Nadu,768940,Regional,133,Vivek Iyer
BR4581,Ahmedabad Branch 4581,Ahmedabad,Gujarat,865153,Hub,577,Suresh Nair
BR4582,Ahmedabad Branch 4582,Ahmedabad,Gujarat,636398,Regional,565,Ananya Kapoor
BR4583,Kochi Branch 4583,Kochi,Kerala,622909,Hub,484,Suresh Nair
BR4584,Jaipur Branch 4584,Jaipur,Rajasthan,878338,Regional,1185,Nithya Nair
BR4585,Bengaluru Branch 4585,Bengaluru,Karnataka,647670,Regional,1178,Meena Bose
BR4586,Madurai Branch 4586,Madurai,Tamil Nadu,739122,Hub,473,Karthik Gupta
BR4587,Jaipur Branch 4587,Jaipur,Rajasthan,871364,Local,339,Dinesh Singh
BR4588,Pune Branch 4588,Pune,Maharashtra,874423,Local,919,Priya Bose
BR4589,Ahmedabad Branch 4589,Ahmedabad,Gujarat,896849,Regional,637,Priya Das
BR4590,Ahmedabad Branch 4590,Ahmedabad,Gujarat,604848,Local,954,Suresh Reddy
BR4591,Pune Branch 4591,Pune,Maharashtra,896528,Local,147,Swetha Mehta
BR4592,Bengaluru Branch 4592,Bengaluru,Karnataka,637065,Hub,912,Dinesh Gupta
BR4593,Pune Branch 4593,Pune,Maharashtra,723079,Local,586,Sneha Verma
BR4594,Delhi Branch 4594,Delhi,Delhi,749577,Hub,900,Kavya Verma
BR4595,Bengaluru Branch 4595,Bengaluru,Karnataka,723831,Local,1059,Vijay Reddy
BR4596,Chennai Branch 4596,Chennai,Tamil Nadu,782960,Local,839,Vivek Nair
BR4597,Delhi Branch 4597,Delhi,Delhi,790683,Local,987,Karthik Patel
BR4598,Madurai Branch 4598,Madurai,Tamil Nadu,649559,Local,134,Divya Gupta
BR4599,Madurai Branch 4599,Madurai,Tamil Nadu,824025,Local,964,Dinesh Kumar
BR4600,Ahmedabad Branch 4600,Ahmedabad,Gujarat,764957,Regional,304,Priya Sinha
BR4601,Ahmedabad Branch 4601,Ahmedabad,Gujarat,715792,Regional,644,Dinesh Kapoor
BR4602,Madurai Branch 4602,Madurai,Tamil Nadu,750036,Local,1004,Ajay Sinha
BR4603,Jaipur Branch 4603,Jaipur,Rajasthan,618515,Local,843,Dinesh Das
BR4604,Pune Branch 4604,Pune,Maharashtra,727386,Local,251,Vivek Sinha
BR4605,Vijayawada Branch 4605,Vijayawada,Andhra Pradesh,610684,Local,1185,Meena Pillai
BR4606,Trichy Branch 4606,Trichy,Tamil Nadu,654019,Regional,267,Meena Sinha
BR4607,Vijayawada Branch 4607,Vijayawada,Andhra Pradesh,685863,Local,926,Harini Reddy
BR4608,Chennai Branch 4608,Chennai,Tamil Nadu,779215,Local,159,Arun Mishra
BR4609,Hyderabad Branch 4609,Hyderabad,Telangana,612498,Regional,378,Harini Patel
BR4610,Coimbatore Branch 4610,Coimbatore,Tamil Nadu,645191,Local,416,Arun Menon
BR4611,Madurai Branch 4611,Madurai,Tamil Nadu,678418,Regional,142,Manoj Kumar
BR4612,Mumbai Branch 4612,Mumbai,Maharashtra,718343,Local,1021,Pooja Kumar
BR4613,Salem Branch 4613,Salem,Tamil Nadu,801208,Local,1019,Rahul Iyer
BR4614,Kochi Branch 4614,Kochi,Kerala,743837,Hub,606,Dinesh Mishra
BR4615,Hyderabad Branch 4615,Hyderabad,Telangana,777534,Local,1120,Nithya Sinha
BR4616,Ahmedabad Branch 4616,Ahmedabad,Gujarat,809340,Local,572,Karthik Kapoor
BR4617,Bengaluru Branch 4617,Bengaluru,Karnataka,823916,Hub,459,Suresh Menon
BR4618,Vijayawada Branch 4618,Vijayawada,Andhra Pradesh,856123,Hub,1172,Kavya Menon
BR4619,Pune Branch 4619,Pune,Maharashtra,664801,Hub,659,Sneha Das
BR4620,Bengaluru Branch 4620,Bengaluru,Karnataka,601986,Local,838,Karthik Joshi
BR4621,Salem Branch 4621,Salem,Tamil Nadu,894098,Regional,818,Kavya Verma
BR4622,Madurai Branch 4622,Madurai,Tamil Nadu,724991,Local,325,Ajay Rao
BR4623,Trichy Branch 4623,Trichy,Tamil Nadu,726846,Regional,792,Harini Nair
BR4624,Salem Branch 4624,Salem,Tamil Nadu,660825,Local,492,Pooja Naidu
BR4625,Madurai Branch 4625,Madurai,Tamil Nadu,630675,Hub,928,Suresh Iyer
BR4626,Jaipur Branch 4626,Jaipur,Rajasthan,604341,Local,187,Manoj Kumar
BR4627,Hyderabad Branch 4627,Hyderabad,Telangana,870298,Local,198,Vijay Sharma
BR4628,Mumbai Branch 4628,Mumbai,Maharashtra,662395,Regional,585,Priya Verma
BR4629,Kochi Branch 4629,Kochi,Kerala,749368,Regional,1194,Vijay Gupta
BR4630,Kochi Branch 4630,Kochi,Kerala,718779,Local,527,Ajay Sinha
BR4631,Madurai Branch 4631,Madurai,Tamil Nadu,719932,Regional,415,Nithya Iyer
BR4632,Vijayawada Branch 4632,Vijayawada,Andhra Pradesh,634359,Regional,576,Suresh Singh
BR4633,Chennai Branch 4633,Chennai,Tamil Nadu,826212,Regional,666,Manoj Mishra
BR4634,Kolkata Branch 4634,Kolkata,West Bengal,629327,Regional,226,Rahul Sharma
BR4635,Bengaluru Branch 4635,Bengaluru,Karnataka,859894,Local,650,Divya Bose
BR4636,Madurai Branch 4636,Madurai,Tamil Nadu,716029,Local,524,Sneha Nair
BR4637,Salem Branch 4637,Salem,Tamil Nadu,856197,Local,996,Vivek Rao
BR4638,Kochi Branch 4638,Kochi,Kerala,634385,Hub,486,Swetha Verma
BR4639,Vijayawada Branch 4639,Vijayawada,Andhra Pradesh,726061,Regional,1064,Sneha Verma
BR4640,Jaipur Branch 4640,Jaipur,Rajasthan,759515,Local,238,Karthik Pillai
BR4641,Ahmedabad Branch 4641,Ahmedabad,Gujarat,681105,Local,231,Arun Pillai
BR4642,Kochi Branch 4642,Kochi,Kerala,776243,Hub,260,Nithya Joshi
BR4643,Hyderabad Branch 4643,Hyderabad,Telangana,809860,Local,516,Nithya Pillai
BR4644,Delhi Branch 4644,Delhi,Delhi,852798,Local,656,Rohit Sinha
BR4645,Pune Branch 4645,Pune,Maharashtra,725434,Regional,264,Sneha Kapoor
BR4646,Bengaluru Branch 4646,Bengaluru,Karnataka,639703,Local,951,Ananya Das
BR4647,Madurai Branch 4647,Madurai,Tamil Nadu,673522,Local,325,Dinesh Gupta
BR4648,Hyderabad Branch 4648,Hyderabad,Telangana,787596,Regional,835,Divya Menon
BR4649,Delhi Branch 4649,Delhi,Delhi,788248,Hub,277,Vijay Sharma
BR4650,Madurai Branch 4650,Madurai,Tamil Nadu,726930,Regional,430,Kavya Kapoor
BR4651,Vijayawada Branch 4651,Vijayawada,Andhra Pradesh,821851,Local,787,Sneha Gupta
BR4652,Coimbatore Branch 4652,Coimbatore,Tamil Nadu,852169,Local,1050,Dinesh Sinha
BR4653,Trichy Branch 4653,Trichy,Tamil Nadu,640225,Regional,987,Karthik Mehta
BR4654,Pune Branch 4654,Pune,Maharashtra,883206,Local,550,Ananya Patel
BR4655,Delhi Branch 4655,Delhi,Delhi,608883,Regional,719,Ananya Mishra
BR4656,Hyderabad Branch 4656,Hyderabad,Telangana,749160,Regional,991,Rohit Sinha
BR4657,Vijayawada Branch 4657,Vijayawada,Andhra Pradesh,606788,Local,213,Swetha Bose
BR4658,Pune Branch 4658,Pune,Maharashtra,842829,Local,908,Kavya Das
BR4659,Delhi Branch 4659,Delhi,Delhi,602338,Hub,739,Rohit Sinha
BR4660,Ahmedabad Branch 4660,Ahmedabad,Gujarat,777845,Regional,750,Sneha Mishra
BR4661,Hyderabad Branch 4661,Hyderabad,Telangana,654831,Local,1021,Sneha Nair
BR4662,Trichy Branch 4662,Trichy,Tamil Nadu,619336,Local,646,Vijay Patel
BR4663,Bengaluru Branch 4663,Bengaluru,Karnataka,887977,Local,717,Meena Bose
BR4664,Trichy Branch 4664,Trichy,Tamil Nadu,654986,Local,881,Suresh Patel
BR4665,Madurai Branch 4665,Madurai,Tamil Nadu,690304,Local,520,Vivek Verma
BR4666,Kolkata Branch 4666,Kolkata,West Bengal,735575,Local,1071,Arun Joshi
BR4667,Mumbai Branch 4667,Mumbai,Maharashtra,856603,Local,273,Pooja Nair
BR4668,Jaipur Branch 4668,Jaipur,Rajasthan,689945,Regional,679,Karthik Reddy
BR4669,Hyderabad Branch 4669,Hyderabad,Telangana,818695,Local,651,Rahul Verma
BR4670,Jaipur Branch 4670,Jaipur,Rajasthan,896995,Regional,573,Rohit Gupta
BR4671,Mumbai Branch 4671,Mumbai,Maharashtra,769180,Local,272,Sneha Verma
BR4672,Madurai Branch 4672,Madurai,Tamil Nadu,753194,Regional,723,Pooja Reddy
BR4673,Madurai Branch 4673,Madurai,Tamil Nadu,684300,Regional,378,Kavya Singh
BR4674,Kochi Branch 4674,Kochi,Kerala,777204,Local,315,Swetha Mehta
BR4675,Delhi Branch 4675,Delhi,Delhi,792529,Regional,609,Divya Joshi
BR4676,Salem Branch 4676,Salem,Tamil Nadu,838422,Local,694,Vijay Patel
BR4677,Kochi Branch 4677,Kochi,Kerala,618441,Local,203,Dinesh Iyer
BR4678,Madurai Branch 4678,Madurai,Tamil Nadu,835700,Hub,1090,Swetha Reddy
BR4679,Ahmedabad Branch 4679,Ahmedabad,Gujarat,740566,Local,1174,Rohit Mehta
BR4680,Madurai Branch 4680,Madurai,Tamil Nadu,795254,Local,868,Suresh Pillai
BR4681,Delhi Branch 4681,Delhi,Delhi,882791,Local,528,Dinesh Bose
BR4682,Pune Branch 4682,Pune,Maharashtra,795835,Local,1127,Arun Pillai
BR4683,Salem Branch 4683,Salem,Tamil Nadu,680067,Local,410,Vijay Kapoor
BR4684,Hyderabad Branch 4684,Hyderabad,Telangana,888017,Regional,749,Vijay Bose
BR4685,Chennai Branch 4685,Chennai,Tamil Nadu,698621,Local,861,Divya Reddy
BR4686,Mumbai Branch 4686,Mumbai,Maharashtra,785746,Hub,462,Kavya Singh
BR4687,Chennai Branch 4687,Chennai,Tamil Nadu,811699,Local,129,Pooja Gupta
BR4688,Jaipur Branch 4688,Jaipur,Rajasthan,857553,Hub,616,Ajay Kapoor
BR4689,Kochi Branch 4689,Kochi,Kerala,773526,Regional,592,Vivek Iyer
BR4690,Chennai Branch 4690,Chennai,Tamil Nadu,859993,Hub,370,Ajay Sharma
BR4691,Ahmedabad Branch 4691,Ahmedabad,Gujarat,702081,Local,147,Kavya Reddy
BR4692,Vijayawada Branch 4692,Vijayawada,Andhra Pradesh,879835,Local,380,Rahul Menon
BR4693,Delhi Branch 4693,Delhi,Delhi,602062,Local,374,Harini Singh
BR4694,Salem Branch 4694,Salem,Tamil Nadu,642332,Local,1182,Meena Nair
BR4695,Pune Branch 4695,Pune,Maharashtra,776356,Local,280,Swetha Mishra
BR4696,Kolkata Branch 4696,Kolkata,West Bengal,841013,Hub,570,Swetha Kumar
BR4697,Chennai Branch 4697,Chennai,Tamil Nadu,612082,Local,778,Manoj Patel
BR4698,Chennai Branch 4698,Chennai,Tamil Nadu,742877,Local,994,Vivek Mishra
BR4699,Coimbatore Branch 4699,Coimbatore,Tamil Nadu,730588,Regional,199,Karthik Menon
BR4700,Delhi Branch 4700,Delhi,Delhi,747433,Local,561,Divya Gupta
BR4701,Coimbatore Branch 4701,Coimbatore,Tamil Nadu,832853,Local,118,Vijay Patel
BR4702,Vijayawada Branch 4702,Vijayawada,Andhra Pradesh,668668,Regional,635,Harini Rao
BR4703,Ahmedabad Branch 4703,Ahmedabad,Gujarat,650019,Local,189,Dinesh Nair
BR4704,Delhi Branch 4704,Delhi,Delhi,641620,Regional,589,Arun Menon
BR4705,Delhi Branch 4705,Delhi,Delhi,799732,Hub,131,Kavya Pillai
BR4706,Trichy Branch 4706,Trichy,Tamil Nadu,656470,Local,973,Suresh Reddy
BR4707,Vijayawada Branch 4707,Vijayawada,Andhra Pradesh,672336,Local,518,Rahul Rao
BR4708,Kolkata Branch 4708,Kolkata,West Bengal,745580,Regional,843,Manoj Naidu
BR4709,Kochi Branch 4709,Kochi,Kerala,858664,Regional,1101,Priya Iyer
BR4710,Bengaluru Branch 4710,Bengaluru,Karnataka,782204,Local,836,Swetha Verma
BR4711,Hyderabad Branch 4711,Hyderabad,Telangana,823916,Regional,1069,Vivek Mishra
BR4712,Kochi Branch 4712,Kochi,Kerala,894166,Local,772,Priya Menon
BR4713,Jaipur Branch 4713,Jaipur,Rajasthan,641666,Regional,1116,Harini Patel
BR4714,Mumbai Branch 4714,Mumbai,Maharashtra,681323,Local,1089,Rohit Pillai
BR4715,Vijayawada Branch 4715,Vijayawada,Andhra Pradesh,672996,Local,1098,Rahul Naidu
BR4716,Ahmedabad Branch 4716,Ahmedabad,Gujarat,883790,Local,680,Sneha Kapoor
BR4717,Chennai Branch 4717,Chennai,Tamil Nadu,710495,Local,307,Ananya Gupta
BR4718,Madurai Branch 4718,Madurai,Tamil Nadu,602694,Local,125,Divya Sinha
BR4719,Madurai Branch 4719,Madurai,Tamil Nadu,653784,Local,610,Ajay Pillai
BR4720,Mumbai Branch 4720,Mumbai,Maharashtra,825117,Local,268,Pooja Patel
BR4721,Chennai Branch 4721,Chennai,Tamil Nadu,798304,Local,1067,Vijay Nair
BR4722,Chennai Branch 4722,Chennai,Tamil Nadu,603294,Regional,489,Arun Das
BR4723,Delhi Branch 4723,Delhi,Delhi,814630,Regional,310,Sneha Singh
BR4724,Bengaluru Branch 4724,Bengaluru,Karnataka,652058,Local,954,Suresh Reddy
BR4725,Chennai Branch 4725,Chennai,Tamil Nadu,626952,Local,933,Swetha Kapoor
BR4726,Trichy Branch 4726,Trichy,Tamil Nadu,883225,Local,416,Harini Sharma
BR4727,Salem Branch 4727,Salem,Tamil Nadu,711262,Hub,934,Dinesh Naidu
BR4728,Kochi Branch 4728,Kochi,Kerala,603486,Local,421,Swetha Gupta
BR4729,Bengaluru Branch 4729,Bengaluru,Karnataka,676548,Local,323,Rahul Gupta
BR4730,Kolkata Branch 4730,Kolkata,West Bengal,738419,Local,1166,Arun Sharma
BR4731,Ahmedabad Branch 4731,Ahmedabad,Gujarat,769962,Hub,718,Arun Kumar
BR4732,Mumbai Branch 4732,Mumbai,Maharashtra,657225,Local,1185,Ajay Kumar
BR4733,Kolkata Branch 4733,Kolkata,West Bengal,692449,Regional,1136,Meena Joshi
BR4734,Kolkata Branch 4734,Kolkata,West Bengal,853215,Local,1104,Divya Nair
BR4735,Mumbai Branch 4735,Mumbai,Maharashtra,779283,Local,964,Harini Verma
BR4736,Jaipur Branch 4736,Jaipur,Rajasthan,794998,Regional,688,Divya Joshi
BR4737,Bengaluru Branch 4737,Bengaluru,Karnataka,876925,Local,194,Priya Rao
BR4738,Madurai Branch 4738,Madurai,Tamil Nadu,683010,Local,777,Harini Mehta
BR4739,Vijayawada Branch 4739,Vijayawada,Andhra Pradesh,616020,Regional,769,Swetha Bose
BR4740,Ahmedabad Branch 4740,Ahmedabad,Gujarat,741426,Local,630,Rohit Iyer
BR4741,Ahmedabad Branch 4741,Ahmedabad,Gujarat,734997,Regional,1091,Harini Bose
BR4742,Jaipur Branch 4742,Jaipur,Rajasthan,634596,Local,265,Ajay Sharma
BR4743,Trichy Branch 4743,Trichy,Tamil Nadu,773652,Regional,993,Kavya Rao
BR4744,Ahmedabad Branch 4744,Ahmedabad,Gujarat,820012,Regional,542,Priya Verma
BR4745,Trichy Branch 4745,Trichy,Tamil Nadu,659668,Local,648,Sneha Joshi
BR4746,Hyderabad Branch 4746,Hyderabad,Telangana,605037,Regional,549,Pooja Kapoor
BR4747,Chennai Branch 4747,Chennai,Tamil Nadu,613924,Regional,936,Divya Nair
BR4748,Salem Branch 4748,Salem,Tamil Nadu,705158,Local,1165,Vivek Iyer
BR4749,Coimbatore Branch 4749,Coimbatore,Tamil Nadu,647050,Local,1078,Swetha Naidu
BR4750,Mumbai Branch 4750,Mumbai,Maharashtra,840530,Local,164,Ajay Bose
BR4751,Madurai Branch 4751,Madurai,Tamil Nadu,705032,Local,1097,Ajay Mishra
BR4752,Coimbatore Branch 4752,Coimbatore,Tamil Nadu,884299,Local,572,Pooja Verma
BR4753,Salem Branch 4753,Salem,Tamil Nadu,660842,Hub,435,Kavya Gupta
BR4754,Salem Branch 4754,Salem,Tamil Nadu,792559,Hub,705,Karthik Singh
BR4755,Kolkata Branch 4755,Kolkata,West Bengal,704478,Regional,1133,Sneha Mishra
BR4756,Vijayawada Branch 4756,Vijayawada,Andhra Pradesh,645448,Local,891,Nithya Verma
BR4757,Madurai Branch 4757,Madurai,Tamil Nadu,682984,Regional,1054,Vivek Gupta
BR4758,Bengaluru Branch 4758,Bengaluru,Karnataka,650068,Local,120,Ananya Gupta
BR4759,Mumbai Branch 4759,Mumbai,Maharashtra,661260,Hub,279,Kavya Kapoor
BR4760,Jaipur Branch 4760,Jaipur,Rajasthan,614165,Local,458,Divya Sinha
BR4761,Ahmedabad Branch 4761,Ahmedabad,Gujarat,837852,Local,232,Sneha Rao
BR4762,Pune Branch 4762,Pune,Maharashtra,635774,Regional,775,Manoj Iyer
BR4763,Pune Branch 4763,Pune,Maharashtra,763664,Regional,726,Pooja Joshi
BR4764,Kochi Branch 4764,Kochi,Kerala,849162,Local,1110,Ajay Rao
BR4765,Chennai Branch 4765,Chennai,Tamil Nadu,761718,Local,1101,Priya Bose
BR4766,Madurai Branch 4766,Madurai,Tamil Nadu,648452,Local,889,Arun Das
BR4767,Vijayawada Branch 4767,Vijayawada,Andhra Pradesh,615384,Regional,1090,Priya Menon
BR4768,Madurai Branch 4768,Madurai,Tamil Nadu,617762,Local,663,Ajay Kumar
BR4769,Pune Branch 4769,Pune,Maharashtra,757481,Local,183,Rahul Rao
BR4770,Trichy Branch 4770,Trichy,Tamil Nadu,793263,Hub,895,Ananya Iyer
BR4771,Hyderabad Branch 4771,Hyderabad,Telangana,644814,Regional,251,Priya Pillai
BR4772,Coimbatore Branch 4772,Coimbatore,Tamil Nadu,837228,Local,400,Rahul Naidu
BR4773,Kolkata Branch 4773,Kolkata,West Bengal,651519,Hub,490,Suresh Nair
BR4774,Pune Branch 4774,Pune,Maharashtra,703121,Local,229,Karthik Mehta
BR4775,Kochi Branch 4775,Kochi,Kerala,700714,Local,652,Vivek Das
BR4776,Chennai Branch 4776,Chennai,Tamil Nadu,770746,Hub,429,Meena Pillai
BR4777,Kolkata Branch 4777,Kolkata,West Bengal,785603,Local,142,Harini Nair
BR4778,Salem Branch 4778,Salem,Tamil Nadu,720920,Regional,1178,Manoj Kapoor
BR4779,Chennai Branch 4779,Chennai,Tamil Nadu,857213,Regional,1174,Ajay Reddy
BR4780,Chennai Branch 4780,Chennai,Tamil Nadu,840071,Local,776,Vijay Bose
BR4781,Madurai Branch 4781,Madurai,Tamil Nadu,746949,Local,276,Priya Iyer
BR4782,Delhi Branch 4782,Delhi,Delhi,616753,Regional,228,Vijay Verma
BR4783,Kolkata Branch 4783,Kolkata,West Bengal,879068,Regional,195,Swetha Kumar
BR4784,Bengaluru Branch 4784,Bengaluru,Karnataka,683091,Local,788,Ajay Kapoor
BR4785,Vijayawada Branch 4785,Vijayawada,Andhra Pradesh,666844,Local,1078,Kavya Das
BR4786,Salem Branch 4786,Salem,Tamil Nadu,652828,Local,911,Arun Pillai
BR4787,Vijayawada Branch 4787,Vijayawada,Andhra Pradesh,617882,Local,464,Meena Kumar
BR4788,Coimbatore Branch 4788,Coimbatore,Tamil Nadu,652966,Local,615,Nithya Joshi
BR4789,Vijayawada Branch 4789,Vijayawada,Andhra Pradesh,889627,Regional,675,Harini Menon
BR4790,Kolkata Branch 4790,Kolkata,West Bengal,641845,Local,921,Vijay Rao
BR4791,Pune Branch 4791,Pune,Maharashtra,768841,Regional,864,Nithya Kumar
BR4792,Coimbatore Branch 4792,Coimbatore,Tamil Nadu,840553,Hub,780,Vivek Naidu
BR4793,Bengaluru Branch 4793,Bengaluru,Karnataka,743410,Local,641,Harini Nair
BR4794,Delhi Branch 4794,Delhi,Delhi,660938,Hub,1194,Swetha Singh
BR4795,Mumbai Branch 4795,Mumbai,Maharashtra,673953,Hub,1036,Sneha Patel
BR4796,Kolkata Branch 4796,Kolkata,West Bengal,610422,Regional,184,Ananya Sharma
BR4797,Delhi Branch 4797,Delhi,Delhi,846282,Hub,597,Rahul Sinha
BR4798,Kochi Branch 4798,Kochi,Kerala,891719,Regional,464,Priya Das
BR4799,Delhi Branch 4799,Delhi,Delhi,897888,Regional,426,Karthik Rao
BR4800,Pune Branch 4800,Pune,Maharashtra,877302,Hub,591,Rohit Sharma
BR4801,Salem Branch 4801,Salem,Tamil Nadu,738566,Regional,808,Karthik Joshi
BR4802,Pune Branch 4802,Pune,Maharashtra,888211,Hub,289,Divya Kumar
BR4803,Bengaluru Branch 4803,Bengaluru,Karnataka,820607,Regional,601,Rahul Das
BR4804,Salem Branch 4804,Salem,Tamil Nadu,883371,Local,831,Dinesh Singh
BR4805,Kolkata Branch 4805,Kolkata,West Bengal,774626,Regional,933,Meena Sinha
BR4806,Kolkata Branch 4806,Kolkata,West Bengal,661483,Local,204,Dinesh Verma
BR4807,Coimbatore Branch 4807,Coimbatore,Tamil Nadu,732229,Hub,690,Suresh Reddy
BR4808,Mumbai Branch 4808,Mumbai,Maharashtra,644402,Hub,624,Sneha Das
BR4809,Salem Branch 4809,Salem,Tamil Nadu,874486,Regional,963,Meena Sharma
BR4810,Salem Branch 4810,Salem,Tamil Nadu,854111,Regional,384,Ajay Naidu
BR4811,Salem Branch 4811,Salem,Tamil Nadu,705410,Hub,237,Sneha Singh
BR4812,Jaipur Branch 4812,Jaipur,Rajasthan,813130,Regional,455,Suresh Sinha
BR4813,Madurai Branch 4813,Madurai,Tamil Nadu,843966,Hub,175,Priya Patel
BR4814,Trichy Branch 4814,Trichy,Tamil Nadu,668910,Local,797,Manoj Rao
BR4815,Hyderabad Branch 4815,Hyderabad,Telangana,677419,Regional,995,Dinesh Sinha
BR4816,Hyderabad Branch 4816,Hyderabad,Telangana,606676,Regional,510,Sneha Singh
BR4817,Jaipur Branch 4817,Jaipur,Rajasthan,782549,Local,797,Manoj Naidu
BR4818,Bengaluru Branch 4818,Bengaluru,Karnataka,630650,Hub,971,Suresh Sinha
BR4819,Trichy Branch 4819,Trichy,Tamil Nadu,858617,Regional,1193,Pooja Naidu
BR4820,Kolkata Branch 4820,Kolkata,West Bengal,686085,Regional,656,Rohit Mehta
BR4821,Kochi Branch 4821,Kochi,Kerala,726150,Regional,787,Pooja Reddy
BR4822,Trichy Branch 4822,Trichy,Tamil Nadu,691799,Hub,1038,Dinesh Singh
BR4823,Bengaluru Branch 4823,Bengaluru,Karnataka,840687,Local,964,Suresh Kapoor
BR4824,Kolkata Branch 4824,Kolkata,West Bengal,800180,Local,343,Vivek Rao
BR4825,Hyderabad Branch 4825,Hyderabad,Telangana,811187,Regional,255,Suresh Menon
BR4826,Vijayawada Branch 4826,Vijayawada,Andhra Pradesh,624051,Regional,1033,Meena Naidu
BR4827,Chennai Branch 4827,Chennai,Tamil Nadu,634541,Local,1198,Arun Mehta
BR4828,Salem Branch 4828,Salem,Tamil Nadu,698312,Regional,1017,Dinesh Sinha
BR4829,Coimbatore Branch 4829,Coimbatore,Tamil Nadu,819238,Local,1008,Manoj Naidu
BR4830,Coimbatore Branch 4830,Coimbatore,Tamil Nadu,741782,Regional,192,Rahul Joshi
BR4831,Ahmedabad Branch 4831,Ahmedabad,Gujarat,882629,Hub,745,Priya Rao
BR4832,Jaipur Branch 4832,Jaipur,Rajasthan,799496,Hub,291,Ajay Kumar
BR4833,Trichy Branch 4833,Trichy,Tamil Nadu,842045,Local,330,Meena Patel
BR4834,Chennai Branch 4834,Chennai,Tamil Nadu,695154,Hub,398,Meena Naidu
BR4835,Salem Branch 4835,Salem,Tamil Nadu,754206,Local,1050,Karthik Mehta
BR4836,Delhi Branch 4836,Delhi,Delhi,659347,Local,1151,Kavya Das
BR4837,Mumbai Branch 4837,Mumbai,Maharashtra,673433,Regional,413,Swetha Patel
BR4838,Pune Branch 4838,Pune,Maharashtra,718444,Hub,626,Ananya Das
BR4839,Ahmedabad Branch 4839,Ahmedabad,Gujarat,879501,Regional,763,Vijay Gupta
BR4840,Coimbatore Branch 4840,Coimbatore,Tamil Nadu,687876,Local,462,Priya Naidu
BR4841,Coimbatore Branch 4841,Coimbatore,Tamil Nadu,615291,Local,469,Rahul Verma
BR4842,Kolkata Branch 4842,Kolkata,West Bengal,694512,Local,189,Karthik Reddy
BR4843,Pune Branch 4843,Pune,Maharashtra,611013,Regional,637,Divya Iyer
BR4844,Delhi Branch 4844,Delhi,Delhi,873372,Regional,721,Ajay Joshi
BR4845,Coimbatore Branch 4845,Coimbatore,Tamil Nadu,857695,Local,450,Arun Mishra
BR4846,Pune Branch 4846,Pune,Maharashtra,743483,Local,544,Ananya Kapoor
BR4847,Hyderabad Branch 4847,Hyderabad,Telangana,766167,Local,1103,Arun Mishra
BR4848,Madurai Branch 4848,Madurai,Tamil Nadu,718127,Local,228,Dinesh Naidu
BR4849,Madurai Branch 4849,Madurai,Tamil Nadu,671189,Hub,308,Rahul Kapoor
BR4850,Trichy Branch 4850,Trichy,Tamil Nadu,627415,Hub,145,Suresh Rao
BR4851,Chennai Branch 4851,Chennai,Tamil Nadu,678544,Regional,591,Dinesh Sharma
BR4852,Kolkata Branch 4852,Kolkata,West Bengal,835126,Local,100,Ajay Patel
BR4853,Mumbai Branch 4853,Mumbai,Maharashtra,794683,Regional,936,Suresh Mishra
BR4854,Delhi Branch 4854,Delhi,Delhi,648514,Local,933,Vivek Iyer
BR4855,Jaipur Branch 4855,Jaipur,Rajasthan,897261,Local,558,Karthik Sharma
BR4856,Kolkata Branch 4856,Kolkata,West Bengal,701770,Hub,897,Sneha Gupta
BR4857,Coimbatore Branch 4857,Coimbatore,Tamil Nadu,606737,Local,1003,Priya Joshi
BR4858,Salem Branch 4858,Salem,Tamil Nadu,784536,Regional,357,Arun Patel
BR4859,Pune Branch 4859,Pune,Maharashtra,607957,Hub,854,Harini Sharma
BR4860,Pune Branch 4860,Pune,Maharashtra,851130,Local,113,Dinesh Rao
BR4861,Kochi Branch 4861,Kochi,Kerala,732267,Local,529,Swetha Kumar
BR4862,Delhi Branch 4862,Delhi,Delhi,627617,Local,900,Harini Mishra
BR4863,Vijayawada Branch 4863,Vijayawada,Andhra Pradesh,811078,Local,974,Nithya Sinha
BR4864,Kolkata Branch 4864,Kolkata,West Bengal,715788,Local,897,Ajay Singh
BR4865,Vijayawada Branch 4865,Vijayawada,Andhra Pradesh,807472,Local,1022,Swetha Naidu
BR4866,Pune Branch 4866,Pune,Maharashtra,731834,Local,987,Ananya Reddy
BR4867,Pune Branch 4867,Pune,Maharashtra,710859,Regional,368,Kavya Rao
BR4868,Kochi Branch 4868,Kochi,Kerala,680338,Regional,684,Ajay Mishra
BR4869,Mumbai Branch 4869,Mumbai,Maharashtra,608288,Local,186,Vivek Mishra
BR4870,Chennai Branch 4870,Chennai,Tamil Nadu,791217,Local,450,Swetha Sharma
BR4871,Ahmedabad Branch 4871,Ahmedabad,Gujarat,762596,Regional,667,Rahul Sinha
BR4872,Kolkata Branch 4872,Kolkata,West Bengal,891128,Regional,314,Dinesh Sinha
BR4873,Kolkata Branch 4873,Kolkata,West Bengal,851887,Local,916,Vivek Reddy
BR4874,Jaipur Branch 4874,Jaipur,Rajasthan,726545,Local,856,Ananya Menon
BR4875,Delhi Branch 4875,Delhi,Delhi,830498,Local,778,Kavya Iyer
BR4876,Trichy Branch 4876,Trichy,Tamil Nadu,684525,Local,922,Harini Iyer
BR4877,Bengaluru Branch 4877,Bengaluru,Karnataka,705114,Local,1070,Pooja Sinha
BR4878,Bengaluru Branch 4878,Bengaluru,Karnataka,679163,Hub,547,Vivek Das
BR4879,Delhi Branch 4879,Delhi,Delhi,603206,Regional,235,Arun Rao
BR4880,Kochi Branch 4880,Kochi,Kerala,805918,Regional,860,Kavya Kumar
BR4881,Jaipur Branch 4881,Jaipur,Rajasthan,758900,Local,353,Vijay Rao
BR4882,Madurai Branch 4882,Madurai,Tamil Nadu,724775,Regional,428,Arun Mishra
BR4883,Pune Branch 4883,Pune,Maharashtra,807104,Local,627,Manoj Patel
BR4884,Kolkata Branch 4884,Kolkata,West Bengal,643762,Local,949,Pooja Das
BR4885,Bengaluru Branch 4885,Bengaluru,Karnataka,785361,Regional,363,Dinesh Pillai
BR4886,Delhi Branch 4886,Delhi,Delhi,609845,Local,1111,Priya Reddy
BR4887,Salem Branch 4887,Salem,Tamil Nadu,809577,Regional,472,Meena Joshi
BR4888,Delhi Branch 4888,Delhi,Delhi,638029,Hub,1183,Vivek Gupta
BR4889,Trichy Branch 4889,Trichy,Tamil Nadu,774470,Hub,557,Rohit Mishra
BR4890,Delhi Branch 4890,Delhi,Delhi,774806,Hub,879,Rahul Kapoor
BR4891,Delhi Branch 4891,Delhi,Delhi,714593,Local,798,Pooja Das
BR4892,Ahmedabad Branch 4892,Ahmedabad,Gujarat,680772,Local,286,Suresh Sharma
BR4893,Mumbai Branch 4893,Mumbai,Maharashtra,845426,Local,1069,Vijay Verma
BR4894,Pune Branch 4894,Pune,Maharashtra,733915,Local,1029,Rohit Gupta
BR4895,Mumbai Branch 4895,Mumbai,Maharashtra,737786,Local,143,Pooja Menon
BR4896,Delhi Branch 4896,Delhi,Delhi,782525,Local,265,Suresh Kumar
BR4897,Madurai Branch 4897,Madurai,Tamil Nadu,814719,Local,196,Arun Kumar
BR4898,Jaipur Branch 4898,Jaipur,Rajasthan,852651,Regional,800,Harini Pillai
BR4899,Pune Branch 4899,Pune,Maharashtra,844509,Local,439,Rohit Reddy
BR4900,Pune Branch 4900,Pune,Maharashtra,806427,Local,308,Dinesh Das
BR4901,Hyderabad Branch 4901,Hyderabad,Telangana,881810,Hub,151,Manoj Verma
BR4902,Jaipur Branch 4902,Jaipur,Rajasthan,874756,Regional,1015,Priya Das
BR4903,Salem Branch 4903,Salem,Tamil Nadu,804518,Local,1045,Arun Joshi
BR4904,Kolkata Branch 4904,Kolkata,West Bengal,728755,Local,623,Suresh Naidu
BR4905,Pune Branch 4905,Pune,Maharashtra,660027,Hub,1002,Priya Kapoor
BR4906,Ahmedabad Branch 4906,Ahmedabad,Gujarat,846512,Regional,313,Swetha Singh
BR4907,Bengaluru Branch 4907,Bengaluru,Karnataka,731074,Regional,953,Karthik Iyer
BR4908,Madurai Branch 4908,Madurai,Tamil Nadu,780974,Hub,1190,Rohit Joshi
BR4909,Pune Branch 4909,Pune,Maharashtra,853499,Regional,1045,Swetha Pillai
BR4910,Kolkata Branch 4910,Kolkata,West Bengal,893924,Regional,268,Swetha Kumar
BR4911,Kochi Branch 4911,Kochi,Kerala,695808,Regional,251,Ananya Joshi
BR4912,Kolkata Branch 4912,Kolkata,West Bengal,711165,Regional,573,Nithya Das
BR4913,Trichy Branch 4913,Trichy,Tamil Nadu,887154,Local,296,Vijay Kapoor
BR4914,Kochi Branch 4914,Kochi,Kerala,633386,Regional,112,Karthik Rao
BR4915,Coimbatore Branch 4915,Coimbatore,Tamil Nadu,720030,Local,840,Sneha Verma
BR4916,Mumbai Branch 4916,Mumbai,Maharashtra,632389,Local,985,Suresh Pillai
BR4917,Kolkata Branch 4917,Kolkata,West Bengal,602927,Local,261,Manoj Patel
BR4918,Hyderabad Branch 4918,Hyderabad,Telangana,761050,Regional,714,Manoj Das
BR4919,Madurai Branch 4919,Madurai,Tamil Nadu,867807,Regional,742,Kavya Joshi
BR4920,Vijayawada Branch 4920,Vijayawada,Andhra Pradesh,638631,Local,707,Kavya Iyer
BR4921,Vijayawada Branch 4921,Vijayawada,Andhra Pradesh,676969,Local,827,Arun Mehta
BR4922,Coimbatore Branch 4922,Coimbatore,Tamil Nadu,813644,Local,742,Vijay Das
BR4923,Kochi Branch 4923,Kochi,Kerala,675025,Hub,1019,Priya Iyer
BR4924,Vijayawada Branch 4924,Vijayawada,Andhra Pradesh,610946,Hub,902,Nithya Sharma
BR4925,Trichy Branch 4925,Trichy,Tamil Nadu,657180,Hub,1171,Kavya Mishra
BR4926,Madurai Branch 4926,Madurai,Tamil Nadu,899764,Hub,654,Vijay Sinha
BR4927,Bengaluru Branch 4927,Bengaluru,Karnataka,847079,Hub,1191,Swetha Bose
BR4928,Mumbai Branch 4928,Mumbai,Maharashtra,760673,Regional,333,Vijay Sharma
BR4929,Chennai Branch 4929,Chennai,Tamil Nadu,845195,Regional,340,Swetha Patel
BR4930,Coimbatore Branch 4930,Coimbatore,Tamil Nadu,603610,Local,1122,Rohit Reddy
BR4931,Jaipur Branch 4931,Jaipur,Rajasthan,822796,Local,253,Swetha Kumar
BR4932,Mumbai Branch 4932,Mumbai,Maharashtra,741859,Hub,258,Swetha Sharma
BR4933,Mumbai Branch 4933,Mumbai,Maharashtra,771833,Local,281,Manoj Verma
BR4934,Kolkata Branch 4934,Kolkata,West Bengal,829583,Local,667,Priya Kumar
BR4935,Ahmedabad Branch 4935,Ahmedabad,Gujarat,882897,Hub,664,Meena Sharma
BR4936,Delhi Branch 4936,Delhi,Delhi,779582,Hub,645,Vijay Mehta
BR4937,Hyderabad Branch 4937,Hyderabad,Telangana,723354,Hub,1169,Arun Mishra
BR4938,Coimbatore Branch 4938,Coimbatore,Tamil Nadu,682274,Local,439,Sneha Gupta
BR4939,Bengaluru Branch 4939,Bengaluru,Karnataka,897057,Regional,941,Karthik Kapoor
BR4940,Jaipur Branch 4940,Jaipur,Rajasthan,863229,Hub,661,Harini Rao
BR4941,Chennai Branch 4941,Chennai,Tamil Nadu,797726,Regional,808,Rahul Reddy
BR4942,Kochi Branch 4942,Kochi,Kerala,632549,Local,622,Rohit Reddy
BR4943,Kochi Branch 4943,Kochi,Kerala,709524,Regional,330,Meena Das
BR4944,Jaipur Branch 4944,Jaipur,Rajasthan,893229,Regional,770,Harini Bose
BR4945,Kochi Branch 4945,Kochi,Kerala,624205,Hub,417,Karthik Sinha
BR4946,Vijayawada Branch 4946,Vijayawada,Andhra Pradesh,693049,Regional,634,Swetha Pillai
BR4947,Bengaluru Branch 4947,Bengaluru,Karnataka,634088,Regional,173,Sneha Iyer
BR4948,Madurai Branch 4948,Madurai,Tamil Nadu,638859,Regional,628,Swetha Das
BR4949,Vijayawada Branch 4949,Vijayawada,Andhra Pradesh,779082,Regional,993,Rahul Bose
BR4950,Pune Branch 4950,Pune,Maharashtra,733419,Hub,464,Manoj Mehta
BR4951,Pune Branch 4951,Pune,Maharashtra,849728,Hub,363,Kavya Nair
BR4952,Delhi Branch 4952,Delhi,Delhi,691032,Regional,916,Sneha Sharma
BR4953,Hyderabad Branch 4953,Hyderabad,Telangana,738108,Hub,284,Vijay Sharma
BR4954,Chennai Branch 4954,Chennai,Tamil Nadu,738885,Regional,792,Rahul Iyer
BR4955,Jaipur Branch 4955,Jaipur,Rajasthan,857685,Hub,1057,Manoj Naidu
BR4956,Coimbatore Branch 4956,Coimbatore,Tamil Nadu,826240,Regional,829,Meena Verma
BR4957,Kolkata Branch 4957,Kolkata,West Bengal,646626,Regional,666,Swetha Naidu
BR4958,Kochi Branch 4958,Kochi,Kerala,770505,Local,236,Ajay Das
BR4959,Vijayawada Branch 4959,Vijayawada,Andhra Pradesh,840422,Local,442,Rahul Verma
BR4960,Ahmedabad Branch 4960,Ahmedabad,Gujarat,787435,Regional,711,Ananya Mishra
BR4961,Coimbatore Branch 4961,Coimbatore,Tamil Nadu,650272,Regional,104,Karthik Joshi
BR4962,Madurai Branch 4962,Madurai,Tamil Nadu,871754,Local,723,Kavya Pillai
BR4963,Bengaluru Branch 4963,Bengaluru,Karnataka,859047,Local,597,Priya Kumar
BR4964,Pune Branch 4964,Pune,Maharashtra,845023,Local,322,Sneha Kumar
BR4965,Bengaluru Branch 4965,Bengaluru,Karnataka,865995,Local,1052,Dinesh Menon
BR4966,Jaipur Branch 4966,Jaipur,Rajasthan,852187,Local,836,Nithya Sharma
BR4967,Coimbatore Branch 4967,Coimbatore,Tamil Nadu,768469,Regional,637,Rohit Patel
BR4968,Mumbai Branch 4968,Mumbai,Maharashtra,762061,Hub,802,Dinesh Mishra
BR4969,Salem Branch 4969,Salem,Tamil Nadu,632301,Hub,293,Pooja Nair
BR4970,Mumbai Branch 4970,Mumbai,Maharashtra,824943,Local,901,Arun Iyer
BR4971,Trichy Branch 4971,Trichy,Tamil Nadu,827136,Local,1129,Rahul Mehta
BR4972,Coimbatore Branch 4972,Coimbatore,Tamil Nadu,739974,Regional,1096,Nithya Bose
BR4973,Kolkata Branch 4973,Kolkata,West Bengal,726307,Regional,831,Karthik Rao
BR4974,Chennai Branch 4974,Chennai,Tamil Nadu,646335,Local,312,Karthik Pillai
BR4975,Kolkata Branch 4975,Kolkata,West Bengal,788841,Regional,686,Harini Patel
BR4976,Ahmedabad Branch 4976,Ahmedabad,Gujarat,867268,Local,1036,Pooja Sinha
BR4977,Trichy Branch 4977,Trichy,Tamil Nadu,811158,Local,921,Karthik Mehta
BR4978,Hyderabad Branch 4978,Hyderabad,Telangana,751609,Regional,775,Swetha Patel
BR4979,Pune Branch 4979,Pune,Maharashtra,683556,Hub,1104,Suresh Mishra
BR4980,Coimbatore Branch 4980,Coimbatore,Tamil Nadu,674697,Local,951,Manoj Naidu
BR4981,Delhi Branch 4981,Delhi,Delhi,833873,Hub,724,Harini Iyer
BR4982,Coimbatore Branch 4982,Coimbatore,Tamil Nadu,633720,Local,741,Rahul Bose
BR4983,Pune Branch 4983,Pune,Maharashtra,648648,Local,712,Arun Gupta
BR4984,Trichy Branch 4984,Trichy,Tamil Nadu,802688,Local,629,Meena Nair
BR4985,Madurai Branch 4985,Madurai,Tamil Nadu,844677,Local,110,Pooja Sharma
BR4986,Jaipur Branch 4986,Jaipur,Rajasthan,655218,Regional,654,Divya Pillai
BR4987,Vijayawada Branch 4987,Vijayawada,Andhra Pradesh,749431,Local,863,Pooja Patel
BR4988,Jaipur Branch 4988,Jaipur,Rajasthan,601883,Regional,650,Harini Sharma
BR4989,Ahmedabad Branch 4989,Ahmedabad,Gujarat,861632,Local,854,Vivek Mishra
BR4990,Salem Branch 4990,Salem,Tamil Nadu,729871,Hub,436,Rohit Singh
BR4991,Delhi Branch 4991,Delhi,Delhi,763461,Local,154,Divya Menon
BR4992,Salem Branch 4992,Salem,Tamil Nadu,621846,Local,207,Manoj Reddy
BR4993,Vijayawada Branch 4993,Vijayawada,Andhra Pradesh,703402,Local,950,Vijay Menon
BR4994,Madurai Branch 4994,Madurai,Tamil Nadu,771235,Regional,508,Manoj Bose
BR4995,Jaipur Branch 4995,Jaipur,Rajasthan,865276,Hub,648,Manoj Sinha
BR4996,Mumbai Branch 4996,Mumbai,Maharashtra,676880,Regional,845,Harini Rao
BR4997,Bengaluru Branch 4997,Bengaluru,Karnataka,752631,Local,686,Suresh Sharma
BR4998,Ahmedabad Branch 4998,Ahmedabad,Gujarat,767936,Local,949,Nithya Pillai
BR4999,Coimbatore Branch 4999,Coimbatore,Tamil Nadu,709150,Local,588,Arun Kumar
BR5000,Pune Branch 5000,Pune,Maharashtra,854474,Local,921,Rohit Verma
