partner_id,partner_name,partner_type,rating,contact_email,service_level,active_flag
PART0001,Courier Partner 0001,Local,4.59,partner0001@courier.example.com,Basic,Yes
PART0002,Courier Partner 0002,National,3.98,partner0002@courier.example.com,Premium,Yes
PART0003,Courier Partner 0003,International,3.28,partner0003@courier.example.com,Basic,Yes
PART0004,Courier Partner 0004,Local,4.77,partner0004@courier.example.com,Priority,Yes
PART0005,Courier Partner 0005,National,3.68,partner0005@courier.example.com,Basic,Yes
PART0006,Courier Partner 0006,National,4.4,partner0006@courier.example.com,Basic,Yes
PART0007,Courier Partner 0007,National,3.58,partner0007@courier.example.com,Premium,Yes
PART0008,Courier Partner 0008,National,4.0,partner0008@courier.example.com,Premium,Yes
PART0009,Courier Partner 0009,National,4.63,partner0009@courier.example.com,Basic,Yes
PART0010,Courier Partner 0010,Local,3.31,partner0010@courier.example.com,Premium,Yes
PART0011,Courier Partner 0011,International,4.95,partner0011@courier.example.com,Premium,Yes
PART0012,Courier Partner 0012,National,3.14,partner0012@courier.example.com,Priority,Yes
PART0013,Courier Partner 0013,Local,4.07,partner0013@courier.example.com,Priority,Yes
PART0014,Courier Partner 0014,Local,4.83,partner0014@courier.example.com,Premium,Yes
PART0015,Courier Partner 0015,National,4.89,partner0015@courier.example.com,Priority,Yes
PART0016,Courier Partner 0016,International,3.46,partner0016@courier.example.com,Premium,Yes
PART0017,Courier Partner 0017,International,3.29,partner0017@courier.example.com,Priority,Yes
PART0018,Courier Partner 0018,National,4.45,partner0018@courier.example.com,Priority,Yes
PART0019,Courier Partner 0019,Local,3.08,partner0019@courier.example.com,Premium,Yes
PART0020,Courier Partner 0020,International,3.97,partner0020@courier.example.com,Premium,Yes
PART0021,Courier Partner 0021,National,4.59,partner0021@courier.example.com,Basic,Yes
PART0022,Courier Partner 0022,Local,4.12,partner0022@courier.example.com,Priority,Yes
PART0023,Courier Partner 0023,Local,3.38,partner0023@courier.example.com,Premium,No
PART0024,Courier Partner 0024,National,3.97,partner0024@courier.example.com,Basic,Yes
PART0025,Courier Partner 0025,National,4.84,partner0025@courier.example.com,Basic,Yes
PART0026,Courier Partner 0026,Local,4.23,partner0026@courier.example.com,Premium,Yes
PART0027,Courier Partner 0027,Local,4.44,partner0027@courier.example.com,Premium,Yes
PART0028,Courier Partner 0028,Local,3.67,partner0028@courier.example.com,Basic,Yes
PART0029,Courier Partner 0029,Local,3.38,partner0029@courier.example.com,Basic,No
PART0030,Courier Partner 0030,Local,3.51,partner0030@courier.example.com,Premium,Yes
PART0031,Courier Partner 0031,National,4.07,partner0031@courier.example.com,Basic,Yes
PART0032,Courier Partner 0032,Local,3.56,partner0032@courier.example.com,Premium,Yes
PART0033,Courier Partner 0033,International,4.08,partner0033@courier.example.com,Premium,Yes
PART0034,Courier Partner 0034,National,4.42,partner0034@courier.example.com,Premium,Yes
PART0035,Courier Partner 0035,International,4.47,partner0035@courier.example.com,Basic,Yes
PART0036,Courier Partner 0036,National,3.33,partner0036@courier.example.com,Basic,Yes
PART0037,Courier Partner 0037,Local,4.5,partner0037@courier.example.com,Premium,Yes
PART0038,Courier Partner 0038,Local,4.35,partner0038@courier.example.com,Premium,Yes
PART0039,Courier Partner 0039,Local,3.02,partner0039@courier.example.com,Basic,Yes
PART0040,Courier Partner 0040,International,3.12,partner0040@courier.example.com,Basic,Yes
PART0041,Courier Partner 0041,Local,4.29,partner0041@courier.example.com,Priority,Yes
PART0042,Courier Partner 0042,National,3.77,partner0042@courier.example.com,Priority,Yes
PART0043,Courier Partner 0043,National,3.29,partner0043@courier.example.com,Premium,Yes
PART0044,Courier Partner 0044,International,3.09,partner0044@courier.example.com,Basic,Yes
PART0045,Courier Partner 0045,National,3.32,partner0045@courier.example.com,Basic,Yes
PART0046,Courier Partner 0046,National,4.92,partner0046@courier.example.com,Basic,Yes
PART0047,Courier Partner 0047,National,4.46,partner0047@courier.example.com,Basic,Yes
PART0048,Courier Partner 0048,National,4.06,partner0048@courier.example.com,Premium,Yes
PART0049,Courier Partner 0049,Local,4.88,partner0049@courier.example.com,Premium,Yes
PART0050,Courier Partner 0050,National,4.24,partner0050@courier.example.com,Basic,Yes
PART0051,Courier Partner 0051,National,4.45,partner0051@courier.example.com,Priority,Yes
PART0052,Courier Partner 0052,Local,3.57,partner0052@courier.example.com,Premium,Yes
PART0053,Courier Partner 0053,International,4.18,partner0053@courier.example.com,Premium,Yes
PART0054,Courier Partner 0054,National,3.29,partner0054@courier.example.com,Priority,Yes
PART0055,Courier Partner 0055,National,3.81,partner0055@courier.example.com,Premium,No
PART0056,Courier Partner 0056,National,3.07,partner0056@courier.example.com,Priority,Yes
PART0057,Courier Partner 0057,National,3.43,partner0057@courier.example.com,Basic,Yes
PART0058,Courier Partner 0058,Local,3.15,partner0058@courier.example.com,Basic,Yes
PART0059,Courier Partner 0059,Local,3.78,partner0059@courier.example.com,Premium,Yes
PART0060,Courier Partner 0060,National,4.69,partner0060@courier.example.com,Premium,Yes
PART0061,Courier Partner 0061,National,3.76,partner0061@courier.example.com,Basic,Yes
PART0062,Courier Partner 0062,National,4.66,partner0062@courier.example.com,Premium,Yes
PART0063,Courier Partner 0063,Local,4.31,partner0063@courier.example.com,Basic,Yes
PART0064,Courier Partner 0064,Local,4.02,partner0064@courier.example.com,Premium,Yes
PART0065,Courier Partner 0065,International,3.47,partner0065@courier.example.com,Premium,Yes
PART0066,Courier Partner 0066,Local,4.84,partner0066@courier.example.com,Premium,Yes
PART0067,Courier Partner 0067,Local,3.11,partner0067@courier.example.com,Premium,Yes
PART0068,Courier Partner 0068,National,4.38,partner0068@courier.example.com,Priority,Yes
PART0069,Courier Partner 0069,Local,4.24,partner0069@courier.example.com,Basic,No
PART0070,Courier Partner 0070,International,3.88,partner0070@courier.example.com,Priority,Yes
PART0071,Courier Partner 0071,Local,3.48,partner0071@courier.example.com,Basic,Yes
PART0072,Courier Partner 0072,Local,3.86,partner0072@courier.example.com,Premium,Yes
PART0073,Courier Partner 0073,National,4.75,partner0073@courier.example.com,Premium,Yes
PART0074,Courier Partner 0074,National,4.67,partner0074@courier.example.com,Premium,Yes
PART0075,Courier Partner 0075,Local,4.88,partner0075@courier.example.com,Premium,Yes
PART0076,Courier Partner 0076,National,3.62,partner0076@courier.example.com,Premium,Yes
PART0077,Courier Partner 0077,Local,3.77,partner0077@courier.example.com,Basic,Yes
PART0078,Courier Partner 0078,National,3.04,partner0078@courier.example.com,Premium,Yes
PART0079,Courier Partner 0079,Local,4.89,partner0079@courier.example.com,Basic,Yes
PART0080,Courier Partner 0080,International,3.66,partner0080@courier.example.com,Basic,Yes
PART0081,Courier Partner 0081,National,3.81,partner0081@courier.example.com,Basic,Yes
PART0082,Courier Partner 0082,Local,4.82,partner0082@courier.example.com,Premium,Yes
PART0083,Courier Partner 0083,Local,4.05,partner0083@courier.example.com,Premium,Yes
PART0084,Courier Partner 0084,National,4.13,partner0084@courier.example.com,Basic,Yes
PART0085,Courier Partner 0085,Local,3.35,partner0085@courier.example.com,Basic,Yes
PART0086,Courier Partner 0086,Local,4.0,partner0086@courier.example.com,Premium,Yes
PART0087,Courier Partner 0087,Local,4.84,partner0087@courier.example.com,Priority,Yes
PART0088,Courier Partner 0088,National,4.12,partner0088@courier.example.com,Premium,No
PART0089,Courier Partner 0089,National,3.51,partner0089@courier.example.com,Premium,Yes
PART0090,Courier Partner 0090,Local,3.06,partner0090@courier.example.com,Premium,Yes
PART0091,Courier Partner 0091,National,3.67,partner0091@courier.example.com,Premium,Yes
PART0092,Courier Partner 0092,National,4.15,partner0092@courier.example.com,Priority,Yes
PART0093,Courier Partner 0093,Local,3.09,partner0093@courier.example.com,Premium,Yes
PART0094,Courier Partner 0094,National,4.22,partner0094@courier.example.com,Basic,No
PART0095,Courier Partner 0095,National,4.05,partner0095@courier.example.com,Priority,No
PART0096,Courier Partner 0096,International,4.57,partner0096@courier.example.com,Priority,Yes
PART0097,Courier Partner 0097,Local,3.06,partner0097@courier.example.com,Basic,Yes
PART0098,Courier Partner 0098,International,4.56,partner0098@courier.example.com,Premium,Yes
PART0099,Courier Partner 0099,National,4.04,partner0099@courier.example.com,Premium,Yes
PART0100,Courier Partner 0100,National,3.74,partner0100@courier.example.com,Premium,Yes
PART0101,Courier Partner 0101,National,4.93,partner0101@courier.example.com,Basic,Yes
PART0102,Courier Partner 0102,Local,3.32,partner0102@courier.example.com,Premium,Yes
PART0103,Courier Partner 0103,International,4.08,partner0103@courier.example.com,Basic,Yes
PART0104,Courier Partner 0104,National,3.64,partner0104@courier.example.com,Basic,Yes
PART0105,Courier Partner 0105,Local,4.05,partner0105@courier.example.com,Priority,Yes
PART0106,Courier Partner 0106,Local,4.1,partner0106@courier.example.com,Premium,Yes
PART0107,Courier Partner 0107,Local,3.18,partner0107@courier.example.com,Priority,Yes
PART0108,Courier Partner 0108,National,4.32,partner0108@courier.example.com,Premium,Yes
PART0109,Courier Partner 0109,National,4.27,partner0109@courier.example.com,Premium,Yes
PART0110,Courier Partner 0110,National,4.54,partner0110@courier.example.com,Premium,Yes
PART0111,Courier Partner 0111,Local,3.18,partner0111@courier.example.com,Basic,Yes
PART0112,Courier Partner 0112,National,3.59,partner0112@courier.example.com,Premium,Yes
PART0113,Courier Partner 0113,National,4.3,partner0113@courier.example.com,Premium,Yes
PART0114,Courier Partner 0114,Local,3.27,partner0114@courier.example.com,Premium,Yes
PART0115,Courier Partner 0115,Local,4.36,partner0115@courier.example.com,Basic,Yes
PART0116,Courier Partner 0116,Local,3.12,partner0116@courier.example.com,Basic,Yes
PART0117,Courier Partner 0117,International,3.67,partner0117@courier.example.com,Basic,Yes
PART0118,Courier Partner 0118,National,4.69,partner0118@courier.example.com,Premium,Yes
PART0119,Courier Partner 0119,International,4.55,partner0119@courier.example.com,Priority,Yes
PART0120,Courier Partner 0120,Local,4.29,partner0120@courier.example.com,Priority,Yes
PART0121,Courier Partner 0121,National,4.74,partner0121@courier.example.com,Basic,Yes
PART0122,Courier Partner 0122,National,4.42,partner0122@courier.example.com,Basic,Yes
PART0123,Courier Partner 0123,National,4.04,partner0123@courier.example.com,Basic,Yes
PART0124,Courier Partner 0124,Local,4.96,partner0124@courier.example.com,Basic,Yes
PART0125,Courier Partner 0125,National,4.39,partner0125@courier.example.com,Premium,Yes
PART0126,Courier Partner 0126,International,4.2,partner0126@courier.example.com,Priority,Yes
PART0127,Courier Partner 0127,Local,3.82,partner0127@courier.example.com,Basic,Yes
PART0128,Courier Partner 0128,Local,4.8,partner0128@courier.example.com,Basic,Yes
PART0129,Courier Partner 0129,National,3.59,partner0129@courier.example.com,Basic,Yes
PART0130,Courier Partner 0130,International,3.02,partner0130@courier.example.com,Basic,Yes
PART0131,Courier Partner 0131,National,3.39,partner0131@courier.example.com,Premium,Yes
PART0132,Courier Partner 0132,Local,3.22,partner0132@courier.example.com,Premium,Yes
PART0133,Courier Partner 0133,Local,3.64,partner0133@courier.example.com,Premium,Yes
PART0134,Courier Partner 0134,Local,4.65,partner0134@courier.example.com,Premium,Yes
PART0135,Courier Partner 0135,National,4.3,partner0135@courier.example.com,Basic,Yes
PART0136,Courier Partner 0136,National,3.34,partner0136@courier.example.com,Basic,Yes
PART0137,Courier Partner 0137,National,4.58,partner0137@courier.example.com,Basic,Yes
PART0138,Courier Partner 0138,Local,4.01,partner0138@courier.example.com,Premium,Yes
PART0139,Courier Partner 0139,International,4.03,partner0139@courier.example.com,Premium,Yes
PART0140,Courier Partner 0140,National,3.72,partner0140@courier.example.com,Premium,No
PART0141,Courier Partner 0141,International,4.73,partner0141@courier.example.com,Basic,Yes
PART0142,Courier Partner 0142,National,3.64,partner0142@courier.example.com,Premium,Yes
PART0143,Courier Partner 0143,National,3.19,partner0143@courier.example.com,Basic,Yes
PART0144,Courier Partner 0144,National,3.61,partner0144@courier.example.com,Basic,Yes
PART0145,Courier Partner 0145,Local,4.43,partner0145@courier.example.com,Basic,Yes
PART0146,Courier Partner 0146,International,4.32,partner0146@courier.example.com,Premium,Yes
PART0147,Courier Partner 0147,Local,3.38,partner0147@courier.example.com,Premium,Yes
PART0148,Courier Partner 0148,National,3.22,partner0148@courier.example.com,Premium,Yes
PART0149,Courier Partner 0149,International,4.32,partner0149@courier.example.com,Basic,Yes
PART0150,Courier Partner 0150,Local,4.35,partner0150@courier.example.com,Basic,Yes
PART0151,Courier Partner 0151,National,3.73,partner0151@courier.example.com,Basic,Yes
PART0152,Courier Partner 0152,National,4.69,partner0152@courier.example.com,Basic,Yes
PART0153,Courier Partner 0153,National,4.96,partner0153@courier.example.com,Basic,No
PART0154,Courier Partner 0154,National,3.41,partner0154@courier.example.com,Premium,Yes
PART0155,Courier Partner 0155,National,4.15,partner0155@courier.example.com,Basic,No
PART0156,Courier Partner 0156,National,3.01,partner0156@courier.example.com,Premium,Yes
PART0157,Courier Partner 0157,Local,4.43,partner0157@courier.example.com,Premium,Yes
PART0158,Courier Partner 0158,Local,3.83,partner0158@courier.example.com,Basic,Yes
PART0159,Courier Partner 0159,Local,3.39,partner0159@courier.example.com,Basic,Yes
PART0160,Courier Partner 0160,National,4.5,partner0160@courier.example.com,Premium,Yes
PART0161,Courier Partner 0161,Local,4.62,partner0161@courier.example.com,Premium,Yes
PART0162,Courier Partner 0162,National,3.22,partner0162@courier.example.com,Basic,Yes
PART0163,Courier Partner 0163,Local,3.08,partner0163@courier.example.com,Priority,Yes
PART0164,Courier Partner 0164,National,3.67,partner0164@courier.example.com,Basic,Yes
PART0165,Courier Partner 0165,Local,4.25,partner0165@courier.example.com,Priority,Yes
PART0166,Courier Partner 0166,National,4.59,partner0166@courier.example.com,Basic,Yes
PART0167,Courier Partner 0167,National,4.09,partner0167@courier.example.com,Premium,Yes
PART0168,Courier Partner 0168,International,4.16,partner0168@courier.example.com,Premium,Yes
PART0169,Courier Partner 0169,National,4.6,partner0169@courier.example.com,Premium,Yes
PART0170,Courier Partner 0170,National,4.06,partner0170@courier.example.com,Basic,Yes
PART0171,Courier Partner 0171,International,4.22,partner0171@courier.example.com,Basic,No
PART0172,Courier Partner 0172,National,4.03,partner0172@courier.example.com,Premium,Yes
PART0173,Courier Partner 0173,Local,4.76,partner0173@courier.example.com,Priority,Yes
PART0174,Courier Partner 0174,National,3.47,partner0174@courier.example.com,Premium,No
PART0175,Courier Partner 0175,National,3.53,partner0175@courier.example.com,Basic,Yes
PART0176,Courier Partner 0176,Local,3.26,partner0176@courier.example.com,Basic,Yes
PART0177,Courier Partner 0177,National,4.64,partner0177@courier.example.com,Premium,Yes
PART0178,Courier Partner 0178,National,3.82,partner0178@courier.example.com,Basic,Yes
PART0179,Courier Partner 0179,International,3.7,partner0179@courier.example.com,Basic,Yes
PART0180,Courier Partner 0180,International,4.96,partner0180@courier.example.com,Premium,Yes
PART0181,Courier Partner 0181,Local,4.85,partner0181@courier.example.com,Premium,Yes
PART0182,Courier Partner 0182,Local,4.94,partner0182@courier.example.com,Basic,Yes
PART0183,Courier Partner 0183,Local,3.28,partner0183@courier.example.com,Basic,Yes
PART0184,Courier Partner 0184,Local,4.78,partner0184@courier.example.com,Premium,Yes
PART0185,Courier Partner 0185,National,3.66,partner0185@courier.example.com,Basic,Yes
PART0186,Courier Partner 0186,Local,3.03,partner0186@courier.example.com,Priority,Yes
PART0187,Courier Partner 0187,National,3.78,partner0187@courier.example.com,Basic,Yes
PART0188,Courier Partner 0188,National,4.02,partner0188@courier.example.com,Basic,Yes
PART0189,Courier Partner 0189,National,3.22,partner0189@courier.example.com,Premium,Yes
PART0190,Courier Partner 0190,Local,4.08,partner0190@courier.example.com,Premium,Yes
PART0191,Courier Partner 0191,Local,4.64,partner0191@courier.example.com,Basic,Yes
PART0192,Courier Partner 0192,Local,3.76,partner0192@courier.example.com,Basic,Yes
PART0193,Courier Partner 0193,Local,3.71,partner0193@courier.example.com,Basic,Yes
PART0194,Courier Partner 0194,International,3.68,partner0194@courier.example.com,Premium,No
PART0195,Courier Partner 0195,National,4.85,partner0195@courier.example.com,Basic,Yes
PART0196,Courier Partner 0196,National,3.1,partner0196@courier.example.com,Premium,Yes
PART0197,Courier Partner 0197,National,3.89,partner0197@courier.example.com,Premium,Yes
PART0198,Courier Partner 0198,Local,3.53,partner0198@courier.example.com,Premium,Yes
PART0199,Courier Partner 0199,National,4.79,partner0199@courier.example.com,Premium,Yes
PART0200,Courier Partner 0200,Local,3.19,partner0200@courier.example.com,Premium,Yes
PART0201,Courier Partner 0201,National,3.82,partner0201@courier.example.com,Basic,Yes
PART0202,Courier Partner 0202,National,3.81,partner0202@courier.example.com,Basic,Yes
PART0203,Courier Partner 0203,Local,4.78,partner0203@courier.example.com,Basic,Yes
PART0204,Courier Partner 0204,Local,3.43,partner0204@courier.example.com,Premium,Yes
PART0205,Courier Partner 0205,Local,4.29,partner0205@courier.example.com,Premium,Yes
PART0206,Courier Partner 0206,National,3.27,partner0206@courier.example.com,Basic,Yes
PART0207,Courier Partner 0207,Local,4.91,partner0207@courier.example.com,Priority,Yes
PART0208,Courier Partner 0208,National,4.19,partner0208@courier.example.com,Premium,Yes
PART0209,Courier Partner 0209,National,4.25,partner0209@courier.example.com,Premium,Yes
PART0210,Courier Partner 0210,National,3.87,partner0210@courier.example.com,Basic,Yes
PART0211,Courier Partner 0211,National,3.68,partner0211@courier.example.com,Basic,Yes
PART0212,Courier Partner 0212,Local,3.43,partner0212@courier.example.com,Premium,Yes
PART0213,Courier Partner 0213,National,4.21,partner0213@courier.example.com,Basic,Yes
PART0214,Courier Partner 0214,International,4.91,partner0214@courier.example.com,Premium,Yes
PART0215,Courier Partner 0215,National,3.72,partner0215@courier.example.com,Priority,Yes
PART0216,Courier Partner 0216,National,4.77,partner0216@courier.example.com,Premium,Yes
PART0217,Courier Partner 0217,National,3.3,partner0217@courier.example.com,Premium,Yes
PART0218,Courier Partner 0218,Local,4.87,partner0218@courier.example.com,Premium,Yes
PART0219,Courier Partner 0219,National,3.7,partner0219@courier.example.com,Basic,Yes
PART0220,Courier Partner 0220,International,3.76,partner0220@courier.example.com,Priority,Yes
PART0221,Courier Partner 0221,Local,3.93,partner0221@courier.example.com,Priority,Yes
PART0222,Courier Partner 0222,National,4.44,partner0222@courier.example.com,Premium,Yes
PART0223,Courier Partner 0223,Local,4.44,partner0223@courier.example.com,Basic,Yes
PART0224,Courier Partner 0224,National,3.96,partner0224@courier.example.com,Basic,Yes
PART0225,Courier Partner 0225,National,4.05,partner0225@courier.example.com,Basic,Yes
PART0226,Courier Partner 0226,National,3.06,partner0226@courier.example.com,Premium,Yes
PART0227,Courier Partner 0227,National,3.61,partner0227@courier.example.com,Basic,No
PART0228,Courier Partner 0228,International,3.69,partner0228@courier.example.com,Premium,Yes
PART0229,Courier Partner 0229,Local,4.12,partner0229@courier.example.com,Premium,Yes
PART0230,Courier Partner 0230,National,4.12,partner0230@courier.example.com,Basic,No
PART0231,Courier Partner 0231,Local,4.42,partner0231@courier.example.com,Premium,Yes
PART0232,Courier Partner 0232,Local,4.43,partner0232@courier.example.com,Basic,Yes
PART0233,Courier Partner 0233,Local,3.47,partner0233@courier.example.com,Premium,Yes
PART0234,Courier Partner 0234,National,4.54,partner0234@courier.example.com,Basic,Yes
PART0235,Courier Partner 0235,National,3.04,partner0235@courier.example.com,Basic,Yes
PART0236,Courier Partner 0236,National,4.43,partner0236@courier.example.com,Basic,Yes
PART0237,Courier Partner 0237,National,3.2,partner0237@courier.example.com,Priority,Yes
PART0238,Courier Partner 0238,Local,4.46,partner0238@courier.example.com,Premium,Yes
PART0239,Courier Partner 0239,National,4.05,partner0239@courier.example.com,Basic,Yes
PART0240,Courier Partner 0240,Local,3.87,partner0240@courier.example.com,Basic,Yes
PART0241,Courier Partner 0241,National,4.38,partner0241@courier.example.com,Premium,Yes
PART0242,Courier Partner 0242,National,3.07,partner0242@courier.example.com,Basic,Yes
PART0243,Courier Partner 0243,National,3.45,partner0243@courier.example.com,Priority,Yes
PART0244,Courier Partner 0244,National,4.23,partner0244@courier.example.com,Priority,Yes
PART0245,Courier Partner 0245,National,4.69,partner0245@courier.example.com,Premium,Yes
PART0246,Courier Partner 0246,National,3.76,partner0246@courier.example.com,Priority,Yes
PART0247,Courier Partner 0247,National,3.52,partner0247@courier.example.com,Basic,Yes
PART0248,Courier Partner 0248,Local,4.04,partner0248@courier.example.com,Basic,No
PART0249,Courier Partner 0249,Local,4.24,partner0249@courier.example.com,Basic,Yes
PART0250,Courier Partner 0250,Local,3.84,partner0250@courier.example.com,Basic,Yes
PART0251,Courier Partner 0251,Local,4.75,partner0251@courier.example.com,Priority,Yes
PART0252,Courier Partner 0252,Local,4.05,partner0252@courier.example.com,Basic,Yes
PART0253,Courier Partner 0253,International,3.07,partner0253@courier.example.com,Priority,Yes
PART0254,Courier Partner 0254,National,3.45,partner0254@courier.example.com,Premium,Yes
PART0255,Courier Partner 0255,National,3.9,partner0255@courier.example.com,Basic,Yes
PART0256,Courier Partner 0256,Local,4.4,partner0256@courier.example.com,Basic,Yes
PART0257,Courier Partner 0257,Local,3.44,partner0257@courier.example.com,Basic,Yes
PART0258,Courier Partner 0258,Local,4.95,partner0258@courier.example.com,Basic,Yes
PART0259,Courier Partner 0259,National,3.64,partner0259@courier.example.com,Premium,Yes
PART0260,Courier Partner 0260,National,4.06,partner0260@courier.example.com,Premium,Yes
PART0261,Courier Partner 0261,National,3.04,partner0261@courier.example.com,Premium,Yes
PART0262,Courier Partner 0262,National,4.77,partner0262@courier.example.com,Premium,Yes
PART0263,Courier Partner 0263,National,4.58,partner0263@courier.example.com,Basic,Yes
PART0264,Courier Partner 0264,Local,3.39,partner0264@courier.example.com,Basic,Yes
PART0265,Courier Partner 0265,National,4.87,partner0265@courier.example.com,Premium,Yes
PART0266,Courier Partner 0266,National,3.63,partner0266@courier.example.com,Basic,Yes
PART0267,Courier Partner 0267,National,4.38,partner0267@courier.example.com,Basic,Yes
PART0268,Courier Partner 0268,Local,4.64,partner0268@courier.example.com,Premium,Yes
PART0269,Courier Partner 0269,Local,4.48,partner0269@courier.example.com,Priority,Yes
PART0270,Courier Partner 0270,Local,4.84,partner0270@courier.example.com,Priority,Yes
PART0271,Courier Partner 0271,International,4.73,partner0271@courier.example.com,Basic,Yes
PART0272,Courier Partner 0272,National,4.99,partner0272@courier.example.com,Premium,Yes
PART0273,Courier Partner 0273,International,3.37,partner0273@courier.example.com,Basic,Yes
PART0274,Courier Partner 0274,National,3.61,partner0274@courier.example.com,Priority,Yes
PART0275,Courier Partner 0275,Local,4.27,partner0275@courier.example.com,Basic,No
PART0276,Courier Partner 0276,National,4.47,partner0276@courier.example.com,Basic,Yes
PART0277,Courier Partner 0277,Local,4.07,partner0277@courier.example.com,Priority,Yes
PART0278,Courier Partner 0278,International,3.15,partner0278@courier.example.com,Priority,Yes
PART0279,Courier Partner 0279,National,4.68,partner0279@courier.example.com,Premium,Yes
PART0280,Courier Partner 0280,National,4.92,partner0280@courier.example.com,Basic,Yes
PART0281,Courier Partner 0281,National,3.81,partner0281@courier.example.com,Premium,Yes
PART0282,Courier Partner 0282,National,3.45,partner0282@courier.example.com,Premium,Yes
PART0283,Courier Partner 0283,International,3.04,partner0283@courier.example.com,Premium,Yes
PART0284,Courier Partner 0284,Local,3.47,partner0284@courier.example.com,Basic,Yes
PART0285,Courier Partner 0285,National,4.4,partner0285@courier.example.com,Basic,No
PART0286,Courier Partner 0286,National,4.82,partner0286@courier.example.com,Priority,Yes
PART0287,Courier Partner 0287,International,3.19,partner0287@courier.example.com,Premium,Yes
PART0288,Courier Partner 0288,National,4.11,partner0288@courier.example.com,Premium,Yes
PART0289,Courier Partner 0289,International,4.39,partner0289@courier.example.com,Basic,Yes
PART0290,Courier Partner 0290,National,3.55,partner0290@courier.example.com,Premium,Yes
PART0291,Courier Partner 0291,Local,4.14,partner0291@courier.example.com,Priority,Yes
PART0292,Courier Partner 0292,National,4.43,partner0292@courier.example.com,Basic,Yes
PART0293,Courier Partner 0293,National,4.68,partner0293@courier.example.com,Premium,Yes
PART0294,Courier Partner 0294,National,3.9,partner0294@courier.example.com,Basic,Yes
PART0295,Courier Partner 0295,Local,4.5,partner0295@courier.example.com,Basic,Yes
PART0296,Courier Partner 0296,National,3.6,partner0296@courier.example.com,Premium,Yes
PART0297,Courier Partner 0297,Local,3.43,partner0297@courier.example.com,Premium,Yes
PART0298,Courier Partner 0298,National,3.37,partner0298@courier.example.com,Premium,Yes
PART0299,Courier Partner 0299,Local,3.72,partner0299@courier.example.com,Basic,Yes
PART0300,Courier Partner 0300,National,3.07,partner0300@courier.example.com,Basic,Yes
PART0301,Courier Partner 0301,Local,3.57,partner0301@courier.example.com,Priority,Yes
PART0302,Courier Partner 0302,Local,4.3,partner0302@courier.example.com,Basic,Yes
PART0303,Courier Partner 0303,International,4.3,partner0303@courier.example.com,Premium,Yes
PART0304,Courier Partner 0304,Local,3.15,partner0304@courier.example.com,Basic,Yes
PART0305,Courier Partner 0305,Local,3.57,partner0305@courier.example.com,Priority,Yes
PART0306,Courier Partner 0306,Local,4.14,partner0306@courier.example.com,Priority,Yes
PART0307,Courier Partner 0307,National,3.64,partner0307@courier.example.com,Basic,No
PART0308,Courier Partner 0308,National,3.84,partner0308@courier.example.com,Premium,Yes
PART0309,Courier Partner 0309,Local,4.43,partner0309@courier.example.com,Basic,Yes
PART0310,Courier Partner 0310,National,3.02,partner0310@courier.example.com,Basic,Yes
PART0311,Courier Partner 0311,Local,3.55,partner0311@courier.example.com,Premium,Yes
PART0312,Courier Partner 0312,National,3.28,partner0312@courier.example.com,Premium,Yes
PART0313,Courier Partner 0313,National,3.26,partner0313@courier.example.com,Basic,Yes
PART0314,Courier Partner 0314,International,4.92,partner0314@courier.example.com,Premium,Yes
PART0315,Courier Partner 0315,International,3.75,partner0315@courier.example.com,Basic,Yes
PART0316,Courier Partner 0316,Local,4.05,partner0316@courier.example.com,Basic,Yes
PART0317,Courier Partner 0317,Local,4.47,partner0317@courier.example.com,Premium,Yes
PART0318,Courier Partner 0318,National,3.09,partner0318@courier.example.com,Premium,Yes
PART0319,Courier Partner 0319,Local,3.48,partner0319@courier.example.com,Premium,Yes
PART0320,Courier Partner 0320,Local,4.66,partner0320@courier.example.com,Premium,Yes
PART0321,Courier Partner 0321,Local,4.72,partner0321@courier.example.com,Priority,Yes
PART0322,Courier Partner 0322,National,3.75,partner0322@courier.example.com,Premium,Yes
PART0323,Courier Partner 0323,National,3.75,partner0323@courier.example.com,Basic,Yes
PART0324,Courier Partner 0324,Local,4.51,partner0324@courier.example.com,Premium,Yes
PART0325,Courier Partner 0325,Local,3.59,partner0325@courier.example.com,Premium,Yes
PART0326,Courier Partner 0326,National,3.23,partner0326@courier.example.com,Premium,Yes
PART0327,Courier Partner 0327,Local,3.52,partner0327@courier.example.com,Premium,Yes
PART0328,Courier Partner 0328,International,3.77,partner0328@courier.example.com,Basic,Yes
PART0329,Courier Partner 0329,Local,3.1,partner0329@courier.example.com,Basic,Yes
PART0330,Courier Partner 0330,National,3.96,partner0330@courier.example.com,Premium,Yes
PART0331,Courier Partner 0331,Local,4.48,partner0331@courier.example.com,Basic,Yes
PART0332,Courier Partner 0332,Local,4.03,partner0332@courier.example.com,Premium,Yes
PART0333,Courier Partner 0333,National,3.14,partner0333@courier.example.com,Premium,Yes
PART0334,Courier Partner 0334,National,3.88,partner0334@courier.example.com,Premium,Yes
PART0335,Courier Partner 0335,National,4.42,partner0335@courier.example.com,Premium,Yes
PART0336,Courier Partner 0336,National,3.12,partner0336@courier.example.com,Basic,Yes
PART0337,Courier Partner 0337,Local,3.12,partner0337@courier.example.com,Priority,No
PART0338,Courier Partner 0338,Local,3.74,partner0338@courier.example.com,Premium,Yes
PART0339,Courier Partner 0339,Local,3.39,partner0339@courier.example.com,Basic,Yes
PART0340,Courier Partner 0340,Local,4.87,partner0340@courier.example.com,Basic,Yes
PART0341,Courier Partner 0341,National,4.16,partner0341@courier.example.com,Basic,Yes
PART0342,Courier Partner 0342,International,3.57,partner0342@courier.example.com,Premium,No
PART0343,Courier Partner 0343,National,4.41,partner0343@courier.example.com,Basic,Yes
PART0344,Courier Partner 0344,National,3.75,partner0344@courier.example.com,Basic,Yes
PART0345,Courier Partner 0345,National,3.26,partner0345@courier.example.com,Basic,Yes
PART0346,Courier Partner 0346,National,3.47,partner0346@courier.example.com,Premium,No
PART0347,Courier Partner 0347,Local,4.29,partner0347@courier.example.com,Premium,Yes
PART0348,Courier Partner 0348,National,3.1,partner0348@courier.example.com,Premium,Yes
PART0349,Courier Partner 0349,National,3.55,partner0349@courier.example.com,Priority,Yes
PART0350,Courier Partner 0350,Local,3.42,partner0350@courier.example.com,Basic,Yes
PART0351,Courier Partner 0351,Local,3.4,partner0351@courier.example.com,Premium,Yes
PART0352,Courier Partner 0352,International,4.37,partner0352@courier.example.com,Basic,Yes
PART0353,Courier Partner 0353,National,4.65,partner0353@courier.example.com,Premium,Yes
PART0354,Courier Partner 0354,Local,4.43,partner0354@courier.example.com,Premium,No
PART0355,Courier Partner 0355,National,4.29,partner0355@courier.example.com,Basic,Yes
PART0356,Courier Partner 0356,Local,4.83,partner0356@courier.example.com,Basic,Yes
PART0357,Courier Partner 0357,National,3.12,partner0357@courier.example.com,Premium,Yes
PART0358,Courier Partner 0358,Local,3.33,partner0358@courier.example.com,Basic,No
PART0359,Courier Partner 0359,Local,3.83,partner0359@courier.example.com,Basic,Yes
PART0360,Courier Partner 0360,National,3.74,partner0360@courier.example.com,Priority,Yes
PART0361,Courier Partner 0361,National,3.84,partner0361@courier.example.com,Premium,No
PART0362,Courier Partner 0362,National,3.41,partner0362@courier.example.com,Premium,Yes
PART0363,Courier Partner 0363,Local,3.3,partner0363@courier.example.com,Premium,Yes
PART0364,Courier Partner 0364,National,4.02,partner0364@courier.example.com,Basic,Yes
PART0365,Courier Partner 0365,Local,4.86,partner0365@courier.example.com,Basic,Yes
PART0366,Courier Partner 0366,Local,3.78,partner0366@courier.example.com,Premium,Yes
PART0367,Courier Partner 0367,International,3.09,partner0367@courier.example.com,Premium,Yes
PART0368,Courier Partner 0368,National,4.41,partner0368@courier.example.com,Basic,Yes
PART0369,Courier Partner 0369,Local,3.58,partner0369@courier.example.com,Basic,Yes
PART0370,Courier Partner 0370,Local,3.49,partner0370@courier.example.com,Basic,Yes
PART0371,Courier Partner 0371,National,3.65,partner0371@courier.example.com,Premium,Yes
PART0372,Courier Partner 0372,National,4.45,partner0372@courier.example.com,Basic,Yes
PART0373,Courier Partner 0373,International,4.64,partner0373@courier.example.com,Priority,Yes
PART0374,Courier Partner 0374,National,4.18,partner0374@courier.example.com,Priority,Yes
PART0375,Courier Partner 0375,National,3.64,partner0375@courier.example.com,Premium,Yes
PART0376,Courier Partner 0376,National,3.62,partner0376@courier.example.com,Premium,Yes
PART0377,Courier Partner 0377,National,3.25,partner0377@courier.example.com,Basic,Yes
PART0378,Courier Partner 0378,Local,4.87,partner0378@courier.example.com,Basic,Yes
PART0379,Courier Partner 0379,International,4.28,partner0379@courier.example.com,Premium,No
PART0380,Courier Partner 0380,Local,3.05,partner0380@courier.example.com,Basic,Yes
PART0381,Courier Partner 0381,International,4.32,partner0381@courier.example.com,Basic,No
PART0382,Courier Partner 0382,Local,3.89,partner0382@courier.example.com,Premium,Yes
PART0383,Courier Partner 0383,National,4.95,partner0383@courier.example.com,Premium,Yes
PART0384,Courier Partner 0384,National,4.64,partner0384@courier.example.com,Premium,Yes
PART0385,Courier Partner 0385,International,3.34,partner0385@courier.example.com,Basic,Yes
PART0386,Courier Partner 0386,National,4.44,partner0386@courier.example.com,Basic,Yes
PART0387,Courier Partner 0387,Local,3.97,partner0387@courier.example.com,Premium,Yes
PART0388,Courier Partner 0388,National,3.37,partner0388@courier.example.com,Priority,Yes
PART0389,Courier Partner 0389,Local,4.4,partner0389@courier.example.com,Premium,Yes
PART0390,Courier Partner 0390,Local,4.09,partner0390@courier.example.com,Basic,Yes
PART0391,Courier Partner 0391,Local,3.06,partner0391@courier.example.com,Basic,Yes
PART0392,Courier Partner 0392,Local,4.29,partner0392@courier.example.com,Priority,Yes
PART0393,Courier Partner 0393,National,4.27,partner0393@courier.example.com,Basic,Yes
PART0394,Courier Partner 0394,International,3.29,partner0394@courier.example.com,Basic,Yes
PART0395,Courier Partner 0395,International,3.7,partner0395@courier.example.com,Basic,Yes
PART0396,Courier Partner 0396,Local,4.17,partner0396@courier.example.com,Premium,Yes
PART0397,Courier Partner 0397,Local,3.28,partner0397@courier.example.com,Basic,Yes
PART0398,Courier Partner 0398,Local,4.71,partner0398@courier.example.com,Basic,Yes
PART0399,Courier Partner 0399,Local,3.05,partner0399@courier.example.com,Premium,Yes
PART0400,Courier Partner 0400,Local,3.21,partner0400@courier.example.com,Basic,Yes
PART0401,Courier Partner 0401,Local,3.23,partner0401@courier.example.com,Premium,Yes
PART0402,Courier Partner 0402,National,4.06,partner0402@courier.example.com,Premium,Yes
PART0403,Courier Partner 0403,National,4.24,partner0403@courier.example.com,Premium,Yes
PART0404,Courier Partner 0404,National,3.81,partner0404@courier.example.com,Basic,Yes
PART0405,Courier Partner 0405,Local,3.58,partner0405@courier.example.com,Premium,No
PART0406,Courier Partner 0406,National,4.62,partner0406@courier.example.com,Basic,Yes
PART0407,Courier Partner 0407,National,3.14,partner0407@courier.example.com,Basic,Yes
PART0408,Courier Partner 0408,Local,3.56,partner0408@courier.example.com,Premium,Yes
PART0409,Courier Partner 0409,Local,3.08,partner0409@courier.example.com,Premium,Yes
PART0410,Courier Partner 0410,Local,3.03,partner0410@courier.example.com,Basic,Yes
PART0411,Courier Partner 0411,Local,3.71,partner0411@courier.example.com,Basic,No
PART0412,Courier Partner 0412,National,3.39,partner0412@courier.example.com,Basic,Yes
PART0413,Courier Partner 0413,Local,3.54,partner0413@courier.example.com,Premium,Yes
PART0414,Courier Partner 0414,National,4.64,partner0414@courier.example.com,Premium,Yes
PART0415,Courier Partner 0415,Local,3.33,partner0415@courier.example.com,Premium,Yes
PART0416,Courier Partner 0416,National,4.56,partner0416@courier.example.com,Premium,Yes
PART0417,Courier Partner 0417,Local,4.35,partner0417@courier.example.com,Priority,Yes
PART0418,Courier Partner 0418,National,3.65,partner0418@courier.example.com,Basic,Yes
PART0419,Courier Partner 0419,Local,4.09,partner0419@courier.example.com,Basic,Yes
PART0420,Courier Partner 0420,Local,3.89,partner0420@courier.example.com,Premium,Yes
PART0421,Courier Partner 0421,National,3.26,partner0421@courier.example.com,Basic,No
PART0422,Courier Partner 0422,National,4.81,partner0422@courier.example.com,Premium,Yes
PART0423,Courier Partner 0423,Local,4.14,partner0423@courier.example.com,Basic,Yes
PART0424,Courier Partner 0424,National,4.76,partner0424@courier.example.com,Priority,Yes
PART0425,Courier Partner 0425,National,4.65,partner0425@courier.example.com,Basic,Yes
PART0426,Courier Partner 0426,National,3.16,partner0426@courier.example.com,Basic,Yes
PART0427,Courier Partner 0427,Local,3.41,partner0427@courier.example.com,Premium,Yes
PART0428,Courier Partner 0428,National,3.29,partner0428@courier.example.com,Basic,Yes
PART0429,Courier Partner 0429,Local,4.66,partner0429@courier.example.com,Priority,Yes
PART0430,Courier Partner 0430,Local,4.72,partner0430@courier.example.com,Basic,Yes
PART0431,Courier Partner 0431,Local,4.06,partner0431@courier.example.com,Premium,Yes
PART0432,Courier Partner 0432,National,3.21,partner0432@courier.example.com,Basic,Yes
PART0433,Courier Partner 0433,International,3.27,partner0433@courier.example.com,Premium,Yes
PART0434,Courier Partner 0434,National,4.63,partner0434@courier.example.com,Priority,Yes
PART0435,Courier Partner 0435,National,4.86,partner0435@courier.example.com,Premium,Yes
PART0436,Courier Partner 0436,International,3.4,partner0436@courier.example.com,Premium,Yes
PART0437,Courier Partner 0437,National,3.02,partner0437@courier.example.com,Basic,Yes
PART0438,Courier Partner 0438,National,3.66,partner0438@courier.example.com,Priority,Yes
PART0439,Courier Partner 0439,International,3.06,partner0439@courier.example.com,Premium,Yes
PART0440,Courier Partner 0440,Local,4.66,partner0440@courier.example.com,Priority,Yes
PART0441,Courier Partner 0441,National,3.98,partner0441@courier.example.com,Premium,Yes
PART0442,Courier Partner 0442,National,4.28,partner0442@courier.example.com,Basic,Yes
PART0443,Courier Partner 0443,International,3.82,partner0443@courier.example.com,Premium,Yes
PART0444,Courier Partner 0444,National,3.69,partner0444@courier.example.com,Basic,Yes
PART0445,Courier Partner 0445,National,3.44,partner0445@courier.example.com,Premium,Yes
PART0446,Courier Partner 0446,International,4.54,partner0446@courier.example.com,Basic,Yes
PART0447,Courier Partner 0447,National,4.39,partner0447@courier.example.com,Basic,Yes
PART0448,Courier Partner 0448,Local,3.72,partner0448@courier.example.com,Priority,No
PART0449,Courier Partner 0449,Local,3.64,partner0449@courier.example.com,Priority,Yes
PART0450,Courier Partner 0450,National,3.0,partner0450@courier.example.com,Priority,Yes
PART0451,Courier Partner 0451,Local,3.13,partner0451@courier.example.com,Premium,Yes
PART0452,Courier Partner 0452,National,4.25,partner0452@courier.example.com,Premium,Yes
PART0453,Courier Partner 0453,Local,4.03,partner0453@courier.example.com,Premium,Yes
PART0454,Courier Partner 0454,International,3.87,partner0454@courier.example.com,Basic,Yes
PART0455,Courier Partner 0455,Local,4.66,partner0455@courier.example.com,Priority,Yes
PART0456,Courier Partner 0456,National,4.01,partner0456@courier.example.com,Priority,Yes
PART0457,Courier Partner 0457,International,3.77,partner0457@courier.example.com,Premium,Yes
PART0458,Courier Partner 0458,National,3.32,partner0458@courier.example.com,Priority,Yes
PART0459,Courier Partner 0459,Local,4.64,partner0459@courier.example.com,Premium,Yes
PART0460,Courier Partner 0460,National,4.15,partner0460@courier.example.com,Basic,Yes
PART0461,Courier Partner 0461,National,3.18,partner0461@courier.example.com,Priority,Yes
PART0462,Courier Partner 0462,Local,4.3,partner0462@courier.example.com,Premium,Yes
PART0463,Courier Partner 0463,Local,3.85,partner0463@courier.example.com,Premium,Yes
PART0464,Courier Partner 0464,Local,4.62,partner0464@courier.example.com,Basic,Yes
PART0465,Courier Partner 0465,Local,4.84,partner0465@courier.example.com,Premium,Yes
PART0466,Courier Partner 0466,Local,4.2,partner0466@courier.example.com,Premium,Yes
PART0467,Courier Partner 0467,Local,4.46,partner0467@courier.example.com,Premium,Yes
PART0468,Courier Partner 0468,National,3.11,partner0468@courier.example.com,Premium,Yes
PART0469,Courier Partner 0469,International,4.12,partner0469@courier.example.com,Basic,Yes
PART0470,Courier Partner 0470,National,4.51,partner0470@courier.example.com,Premium,Yes
PART0471,Courier Partner 0471,International,3.99,partner0471@courier.example.com,Priority,Yes
PART0472,Courier Partner 0472,National,4.19,partner0472@courier.example.com,Basic,Yes
PART0473,Courier Partner 0473,National,4.8,partner0473@courier.example.com,Basic,Yes
PART0474,Courier Partner 0474,Local,3.4,partner0474@courier.example.com,Basic,Yes
PART0475,Courier Partner 0475,Local,3.2,partner0475@courier.example.com,Priority,Yes
PART0476,Courier Partner 0476,National,4.38,partner0476@courier.example.com,Premium,Yes
PART0477,Courier Partner 0477,International,4.65,partner0477@courier.example.com,Priority,Yes
PART0478,Courier Partner 0478,National,4.7,partner0478@courier.example.com,Premium,Yes
PART0479,Courier Partner 0479,Local,4.28,partner0479@courier.example.com,Premium,Yes
PART0480,Courier Partner 0480,National,4.67,partner0480@courier.example.com,Premium,Yes
PART0481,Courier Partner 0481,Local,4.4,partner0481@courier.example.com,Basic,Yes
PART0482,Courier Partner 0482,Local,3.17,partner0482@courier.example.com,Basic,Yes
PART0483,Courier Partner 0483,National,4.52,partner0483@courier.example.com,Premium,Yes
PART0484,Courier Partner 0484,National,3.36,partner0484@courier.example.com,Basic,No
PART0485,Courier Partner 0485,National,3.47,partner0485@courier.example.com,Basic,Yes
PART0486,Courier Partner 0486,International,3.79,partner0486@courier.example.com,Basic,Yes
PART0487,Courier Partner 0487,National,3.63,partner0487@courier.example.com,Basic,Yes
PART0488,Courier Partner 0488,National,3.64,partner0488@courier.example.com,Basic,Yes
PART0489,Courier Partner 0489,Local,3.34,partner0489@courier.example.com,Premium,Yes
PART0490,Courier Partner 0490,Local,3.59,partner0490@courier.example.com,Basic,Yes
PART0491,Courier Partner 0491,National,3.04,partner0491@courier.example.com,Basic,No
PART0492,Courier Partner 0492,Local,3.95,partner0492@courier.example.com,Basic,Yes
PART0493,Courier Partner 0493,Local,4.54,partner0493@courier.example.com,Premium,Yes
PART0494,Courier Partner 0494,Local,4.72,partner0494@courier.example.com,Premium,No
PART0495,Courier Partner 0495,National,4.64,partner0495@courier.example.com,Priority,Yes
PART0496,Courier Partner 0496,National,3.83,partner0496@courier.example.com,Premium,Yes
PART0497,Courier Partner 0497,National,4.46,partner0497@courier.example.com,Basic,Yes
PART0498,Courier Partner 0498,National,3.58,partner0498@courier.example.com,Basic,Yes
PART0499,Courier Partner 0499,Local,3.11,partner0499@courier.example.com,Basic,Yes
PART0500,Courier Partner 0500,National,4.35,partner0500@courier.example.com,Priority,Yes
PART0501,Courier Partner 0501,International,4.3,partner0501@courier.example.com,Premium,Yes
PART0502,Courier Partner 0502,Local,4.6,partner0502@courier.example.com,Basic,Yes
PART0503,Courier Partner 0503,National,4.23,partner0503@courier.example.com,Basic,Yes
PART0504,Courier Partner 0504,National,3.31,partner0504@courier.example.com,Premium,Yes
PART0505,Courier Partner 0505,National,4.71,partner0505@courier.example.com,Basic,Yes
PART0506,Courier Partner 0506,Local,4.25,partner0506@courier.example.com,Premium,Yes
PART0507,Courier Partner 0507,International,4.62,partner0507@courier.example.com,Premium,Yes
PART0508,Courier Partner 0508,National,4.55,partner0508@courier.example.com,Premium,Yes
PART0509,Courier Partner 0509,National,3.6,partner0509@courier.example.com,Premium,Yes
PART0510,Courier Partner 0510,Local,3.15,partner0510@courier.example.com,Basic,Yes
PART0511,Courier Partner 0511,National,3.35,partner0511@courier.example.com,Premium,Yes
PART0512,Courier Partner 0512,National,3.19,partner0512@courier.example.com,Premium,Yes
PART0513,Courier Partner 0513,Local,3.49,partner0513@courier.example.com,Basic,Yes
PART0514,Courier Partner 0514,Local,3.92,partner0514@courier.example.com,Premium,Yes
PART0515,Courier Partner 0515,National,4.81,partner0515@courier.example.com,Premium,Yes
PART0516,Courier Partner 0516,Local,4.74,partner0516@courier.example.com,Basic,Yes
PART0517,Courier Partner 0517,National,4.44,partner0517@courier.example.com,Premium,Yes
PART0518,Courier Partner 0518,Local,3.05,partner0518@courier.example.com,Basic,Yes
PART0519,Courier Partner 0519,Local,3.68,partner0519@courier.example.com,Premium,Yes
PART0520,Courier Partner 0520,National,4.36,partner0520@courier.example.com,Basic,Yes
PART0521,Courier Partner 0521,Local,3.26,partner0521@courier.example.com,Premium,Yes
PART0522,Courier Partner 0522,International,4.6,partner0522@courier.example.com,Basic,Yes
PART0523,Courier Partner 0523,National,4.83,partner0523@courier.example.com,Basic,No
PART0524,Courier Partner 0524,National,3.71,partner0524@courier.example.com,Premium,Yes
PART0525,Courier Partner 0525,National,4.41,partner0525@courier.example.com,Premium,Yes
PART0526,Courier Partner 0526,National,3.3,partner0526@courier.example.com,Priority,Yes
PART0527,Courier Partner 0527,Local,4.38,partner0527@courier.example.com,Premium,Yes
PART0528,Courier Partner 0528,National,3.04,partner0528@courier.example.com,Premium,Yes
PART0529,Courier Partner 0529,Local,3.3,partner0529@courier.example.com,Premium,Yes
PART0530,Courier Partner 0530,Local,4.42,partner0530@courier.example.com,Basic,Yes
PART0531,Courier Partner 0531,National,4.42,partner0531@courier.example.com,Basic,Yes
PART0532,Courier Partner 0532,National,4.28,partner0532@courier.example.com,Basic,Yes
PART0533,Courier Partner 0533,Local,3.95,partner0533@courier.example.com,Basic,Yes
PART0534,Courier Partner 0534,Local,4.35,partner0534@courier.example.com,Basic,Yes
PART0535,Courier Partner 0535,National,4.55,partner0535@courier.example.com,Priority,Yes
PART0536,Courier Partner 0536,Local,4.93,partner0536@courier.example.com,Premium,Yes
PART0537,Courier Partner 0537,National,4.78,partner0537@courier.example.com,Priority,Yes
PART0538,Courier Partner 0538,National,4.59,partner0538@courier.example.com,Priority,Yes
PART0539,Courier Partner 0539,Local,4.39,partner0539@courier.example.com,Basic,Yes
PART0540,Courier Partner 0540,Local,4.15,partner0540@courier.example.com,Basic,No
PART0541,Courier Partner 0541,National,3.24,partner0541@courier.example.com,Premium,Yes
PART0542,Courier Partner 0542,National,3.33,partner0542@courier.example.com,Priority,Yes
PART0543,Courier Partner 0543,Local,4.64,partner0543@courier.example.com,Premium,Yes
PART0544,Courier Partner 0544,Local,4.61,partner0544@courier.example.com,Premium,Yes
PART0545,Courier Partner 0545,Local,4.23,partner0545@courier.example.com,Basic,Yes
PART0546,Courier Partner 0546,Local,3.88,partner0546@courier.example.com,Basic,Yes
PART0547,Courier Partner 0547,National,3.05,partner0547@courier.example.com,Basic,Yes
PART0548,Courier Partner 0548,National,3.65,partner0548@courier.example.com,Basic,Yes
PART0549,Courier Partner 0549,National,3.84,partner0549@courier.example.com,Priority,Yes
PART0550,Courier Partner 0550,National,3.97,partner0550@courier.example.com,Basic,Yes
PART0551,Courier Partner 0551,Local,4.86,partner0551@courier.example.com,Priority,Yes
PART0552,Courier Partner 0552,Local,3.22,partner0552@courier.example.com,Basic,Yes
PART0553,Courier Partner 0553,National,4.04,partner0553@courier.example.com,Priority,Yes
PART0554,Courier Partner 0554,National,3.74,partner0554@courier.example.com,Premium,Yes
PART0555,Courier Partner 0555,National,4.98,partner0555@courier.example.com,Premium,Yes
PART0556,Courier Partner 0556,National,4.72,partner0556@courier.example.com,Basic,Yes
PART0557,Courier Partner 0557,National,3.88,partner0557@courier.example.com,Premium,Yes
PART0558,Courier Partner 0558,Local,5.0,partner0558@courier.example.com,Priority,Yes
PART0559,Courier Partner 0559,National,4.03,partner0559@courier.example.com,Basic,Yes
PART0560,Courier Partner 0560,National,3.33,partner0560@courier.example.com,Basic,Yes
PART0561,Courier Partner 0561,International,4.11,partner0561@courier.example.com,Basic,Yes
PART0562,Courier Partner 0562,National,3.45,partner0562@courier.example.com,Basic,Yes
PART0563,Courier Partner 0563,National,4.27,partner0563@courier.example.com,Basic,Yes
PART0564,Courier Partner 0564,National,4.87,partner0564@courier.example.com,Premium,Yes
PART0565,Courier Partner 0565,National,4.57,partner0565@courier.example.com,Basic,Yes
PART0566,Courier Partner 0566,International,3.55,partner0566@courier.example.com,Premium,Yes
PART0567,Courier Partner 0567,National,3.59,partner0567@courier.example.com,Priority,Yes
PART0568,Courier Partner 0568,National,3.14,partner0568@courier.example.com,Premium,Yes
PART0569,Courier Partner 0569,Local,3.57,partner0569@courier.example.com,Basic,Yes
PART0570,Courier Partner 0570,National,3.19,partner0570@courier.example.com,Premium,Yes
PART0571,Courier Partner 0571,National,4.0,partner0571@courier.example.com,Basic,Yes
PART0572,Courier Partner 0572,National,4.42,partner0572@courier.example.com,Basic,Yes
PART0573,Courier Partner 0573,Local,4.5,partner0573@courier.example.com,Basic,Yes
PART0574,Courier Partner 0574,National,3.12,partner0574@courier.example.com,Priority,No
PART0575,Courier Partner 0575,Local,3.68,partner0575@courier.example.com,Premium,Yes
PART0576,Courier Partner 0576,National,3.58,partner0576@courier.example.com,Basic,Yes
PART0577,Courier Partner 0577,Local,3.21,partner0577@courier.example.com,Premium,Yes
PART0578,Courier Partner 0578,National,3.72,partner0578@courier.example.com,Basic,Yes
PART0579,Courier Partner 0579,Local,3.6,partner0579@courier.example.com,Priority,Yes
PART0580,Courier Partner 0580,Local,4.27,partner0580@courier.example.com,Priority,Yes
PART0581,Courier Partner 0581,National,4.77,partner0581@courier.example.com,Basic,Yes
PART0582,Courier Partner 0582,Local,3.91,partner0582@courier.example.com,Basic,Yes
PART0583,Courier Partner 0583,National,4.49,partner0583@courier.example.com,Premium,Yes
PART0584,Courier Partner 0584,International,3.29,partner0584@courier.example.com,Premium,Yes
PART0585,Courier Partner 0585,International,4.79,partner0585@courier.example.com,Basic,Yes
PART0586,Courier Partner 0586,Local,3.31,partner0586@courier.example.com,Premium,Yes
PART0587,Courier Partner 0587,National,3.38,partner0587@courier.example.com,Basic,Yes
PART0588,Courier Partner 0588,Local,3.21,partner0588@courier.example.com,Premium,Yes
PART0589,Courier Partner 0589,International,3.62,partner0589@courier.example.com,Basic,Yes
PART0590,Courier Partner 0590,National,4.1,partner0590@courier.example.com,Premium,No
PART0591,Courier Partner 0591,Local,4.98,partner0591@courier.example.com,Premium,Yes
PART0592,Courier Partner 0592,Local,4.59,partner0592@courier.example.com,Premium,Yes
PART0593,Courier Partner 0593,Local,3.76,partner0593@courier.example.com,Premium,Yes
PART0594,Courier Partner 0594,National,4.15,partner0594@courier.example.com,Premium,Yes
PART0595,Courier Partner 0595,Local,4.25,partner0595@courier.example.com,Basic,Yes
PART0596,Courier Partner 0596,National,4.65,partner0596@courier.example.com,Basic,Yes
PART0597,Courier Partner 0597,National,4.47,partner0597@courier.example.com,Basic,Yes
PART0598,Courier Partner 0598,International,4.14,partner0598@courier.example.com,Basic,Yes
PART0599,Courier Partner 0599,International,4.34,partner0599@courier.example.com,Premium,Yes
PART0600,Courier Partner 0600,Local,4.49,partner0600@courier.example.com,Basic,Yes
PART0601,Courier Partner 0601,National,3.27,partner0601@courier.example.com,Basic,Yes
PART0602,Courier Partner 0602,National,3.4,partner0602@courier.example.com,Premium,Yes
PART0603,Courier Partner 0603,National,4.38,partner0603@courier.example.com,Premium,Yes
PART0604,Courier Partner 0604,Local,4.7,partner0604@courier.example.com,Premium,Yes
PART0605,Courier Partner 0605,Local,3.82,partner0605@courier.example.com,Basic,Yes
PART0606,Courier Partner 0606,Local,4.96,partner0606@courier.example.com,Basic,Yes
PART0607,Courier Partner 0607,Local,3.43,partner0607@courier.example.com,Premium,Yes
PART0608,Courier Partner 0608,Local,3.83,partner0608@courier.example.com,Priority,Yes
PART0609,Courier Partner 0609,National,3.76,partner0609@courier.example.com,Basic,Yes
PART0610,Courier Partner 0610,National,4.86,partner0610@courier.example.com,Premium,Yes
PART0611,Courier Partner 0611,National,3.57,partner0611@courier.example.com,Priority,Yes
PART0612,Courier Partner 0612,National,3.94,partner0612@courier.example.com,Premium,Yes
PART0613,Courier Partner 0613,Local,3.37,partner0613@courier.example.com,Basic,Yes
PART0614,Courier Partner 0614,National,4.04,partner0614@courier.example.com,Premium,Yes
PART0615,Courier Partner 0615,International,4.71,partner0615@courier.example.com,Premium,Yes
PART0616,Courier Partner 0616,National,3.61,partner0616@courier.example.com,Premium,Yes
PART0617,Courier Partner 0617,National,4.62,partner0617@courier.example.com,Priority,Yes
PART0618,Courier Partner 0618,Local,4.82,partner0618@courier.example.com,Premium,Yes
PART0619,Courier Partner 0619,National,3.15,partner0619@courier.example.com,Premium,Yes
PART0620,Courier Partner 0620,Local,4.51,partner0620@courier.example.com,Priority,Yes
PART0621,Courier Partner 0621,Local,3.51,partner0621@courier.example.com,Premium,Yes
PART0622,Courier Partner 0622,Local,3.35,partner0622@courier.example.com,Premium,Yes
PART0623,Courier Partner 0623,National,4.2,partner0623@courier.example.com,Premium,Yes
PART0624,Courier Partner 0624,Local,4.41,partner0624@courier.example.com,Premium,Yes
PART0625,Courier Partner 0625,National,3.79,partner0625@courier.example.com,Premium,Yes
PART0626,Courier Partner 0626,Local,3.08,partner0626@courier.example.com,Basic,Yes
PART0627,Courier Partner 0627,National,4.82,partner0627@courier.example.com,Premium,Yes
PART0628,Courier Partner 0628,National,4.46,partner0628@courier.example.com,Premium,Yes
PART0629,Courier Partner 0629,Local,3.54,partner0629@courier.example.com,Premium,Yes
PART0630,Courier Partner 0630,Local,3.99,partner0630@courier.example.com,Premium,Yes
PART0631,Courier Partner 0631,National,3.06,partner0631@courier.example.com,Basic,Yes
PART0632,Courier Partner 0632,Local,3.68,partner0632@courier.example.com,Basic,Yes
PART0633,Courier Partner 0633,National,4.05,partner0633@courier.example.com,Premium,Yes
PART0634,Courier Partner 0634,National,4.03,partner0634@courier.example.com,Priority,Yes
PART0635,Courier Partner 0635,Local,3.42,partner0635@courier.example.com,Basic,Yes
PART0636,Courier Partner 0636,Local,4.55,partner0636@courier.example.com,Premium,Yes
PART0637,Courier Partner 0637,National,3.6,partner0637@courier.example.com,Premium,Yes
PART0638,Courier Partner 0638,Local,4.16,partner0638@courier.example.com,Premium,Yes
PART0639,Courier Partner 0639,Local,3.54,partner0639@courier.example.com,Premium,Yes
PART0640,Courier Partner 0640,Local,3.85,partner0640@courier.example.com,Basic,Yes
PART0641,Courier Partner 0641,Local,3.42,partner0641@courier.example.com,Premium,Yes
PART0642,Courier Partner 0642,Local,4.27,partner0642@courier.example.com,Premium,Yes
PART0643,Courier Partner 0643,International,3.85,partner0643@courier.example.com,Premium,Yes
PART0644,Courier Partner 0644,National,3.03,partner0644@courier.example.com,Premium,Yes
PART0645,Courier Partner 0645,National,3.06,partner0645@courier.example.com,Basic,Yes
PART0646,Courier Partner 0646,Local,3.94,partner0646@courier.example.com,Priority,Yes
PART0647,Courier Partner 0647,Local,3.37,partner0647@courier.example.com,Premium,Yes
PART0648,Courier Partner 0648,National,4.17,partner0648@courier.example.com,Premium,Yes
PART0649,Courier Partner 0649,National,3.82,partner0649@courier.example.com,Priority,No
PART0650,Courier Partner 0650,Local,4.31,partner0650@courier.example.com,Priority,Yes
PART0651,Courier Partner 0651,Local,4.9,partner0651@courier.example.com,Premium,No
PART0652,Courier Partner 0652,National,4.06,partner0652@courier.example.com,Premium,Yes
PART0653,Courier Partner 0653,National,4.57,partner0653@courier.example.com,Premium,Yes
PART0654,Courier Partner 0654,Local,4.51,partner0654@courier.example.com,Basic,Yes
PART0655,Courier Partner 0655,National,4.84,partner0655@courier.example.com,Basic,Yes
PART0656,Courier Partner 0656,National,3.43,partner0656@courier.example.com,Premium,Yes
PART0657,Courier Partner 0657,International,4.65,partner0657@courier.example.com,Premium,Yes
PART0658,Courier Partner 0658,National,4.81,partner0658@courier.example.com,Basic,Yes
PART0659,Courier Partner 0659,Local,3.79,partner0659@courier.example.com,Priority,Yes
PART0660,Courier Partner 0660,National,3.63,partner0660@courier.example.com,Premium,Yes
PART0661,Courier Partner 0661,National,4.9,partner0661@courier.example.com,Premium,Yes
PART0662,Courier Partner 0662,National,4.26,partner0662@courier.example.com,Basic,Yes
PART0663,Courier Partner 0663,National,3.76,partner0663@courier.example.com,Basic,Yes
PART0664,Courier Partner 0664,International,4.58,partner0664@courier.example.com,Priority,Yes
PART0665,Courier Partner 0665,Local,3.61,partner0665@courier.example.com,Basic,Yes
PART0666,Courier Partner 0666,Local,3.35,partner0666@courier.example.com,Premium,Yes
PART0667,Courier Partner 0667,National,4.09,partner0667@courier.example.com,Premium,Yes
PART0668,Courier Partner 0668,Local,4.13,partner0668@courier.example.com,Premium,Yes
PART0669,Courier Partner 0669,Local,4.65,partner0669@courier.example.com,Premium,Yes
PART0670,Courier Partner 0670,Local,3.91,partner0670@courier.example.com,Basic,Yes
PART0671,Courier Partner 0671,National,4.63,partner0671@courier.example.com,Basic,Yes
PART0672,Courier Partner 0672,Local,3.62,partner0672@courier.example.com,Premium,Yes
PART0673,Courier Partner 0673,National,4.15,partner0673@courier.example.com,Premium,Yes
PART0674,Courier Partner 0674,Local,3.42,partner0674@courier.example.com,Basic,Yes
PART0675,Courier Partner 0675,Local,3.77,partner0675@courier.example.com,Basic,Yes
PART0676,Courier Partner 0676,Local,4.72,partner0676@courier.example.com,Basic,Yes
PART0677,Courier Partner 0677,Local,3.43,partner0677@courier.example.com,Premium,Yes
PART0678,Courier Partner 0678,National,4.62,partner0678@courier.example.com,Basic,Yes
PART0679,Courier Partner 0679,National,3.57,partner0679@courier.example.com,Basic,Yes
PART0680,Courier Partner 0680,National,3.07,partner0680@courier.example.com,Premium,Yes
PART0681,Courier Partner 0681,Local,3.22,partner0681@courier.example.com,Basic,Yes
PART0682,Courier Partner 0682,National,4.49,partner0682@courier.example.com,Premium,Yes
PART0683,Courier Partner 0683,Local,3.52,partner0683@courier.example.com,Basic,Yes
PART0684,Courier Partner 0684,Local,4.31,partner0684@courier.example.com,Priority,Yes
PART0685,Courier Partner 0685,National,4.4,partner0685@courier.example.com,Basic,Yes
PART0686,Courier Partner 0686,National,3.69,partner0686@courier.example.com,Basic,Yes
PART0687,Courier Partner 0687,Local,3.95,partner0687@courier.example.com,Priority,Yes
PART0688,Courier Partner 0688,Local,3.81,partner0688@courier.example.com,Basic,Yes
PART0689,Courier Partner 0689,International,4.89,partner0689@courier.example.com,Premium,Yes
PART0690,Courier Partner 0690,Local,3.64,partner0690@courier.example.com,Basic,Yes
PART0691,Courier Partner 0691,International,3.37,partner0691@courier.example.com,Basic,Yes
PART0692,Courier Partner 0692,International,3.73,partner0692@courier.example.com,Premium,Yes
PART0693,Courier Partner 0693,National,4.34,partner0693@courier.example.com,Priority,Yes
PART0694,Courier Partner 0694,Local,4.39,partner0694@courier.example.com,Premium,Yes
PART0695,Courier Partner 0695,National,4.85,partner0695@courier.example.com,Premium,Yes
PART0696,Courier Partner 0696,Local,4.76,partner0696@courier.example.com,Premium,Yes
PART0697,Courier Partner 0697,Local,3.58,partner0697@courier.example.com,Basic,Yes
PART0698,Courier Partner 0698,National,3.91,partner0698@courier.example.com,Premium,Yes
PART0699,Courier Partner 0699,Local,4.49,partner0699@courier.example.com,Basic,Yes
PART0700,Courier Partner 0700,Local,4.83,partner0700@courier.example.com,Basic,Yes
PART0701,Courier Partner 0701,National,3.67,partner0701@courier.example.com,Basic,Yes
PART0702,Courier Partner 0702,National,3.89,partner0702@courier.example.com,Priority,Yes
PART0703,Courier Partner 0703,Local,4.8,partner0703@courier.example.com,Basic,Yes
PART0704,Courier Partner 0704,Local,3.72,partner0704@courier.example.com,Premium,Yes
PART0705,Courier Partner 0705,Local,3.96,partner0705@courier.example.com,Basic,Yes
PART0706,Courier Partner 0706,Local,4.81,partner0706@courier.example.com,Basic,Yes
PART0707,Courier Partner 0707,National,4.6,partner0707@courier.example.com,Premium,Yes
PART0708,Courier Partner 0708,National,3.49,partner0708@courier.example.com,Premium,Yes
PART0709,Courier Partner 0709,National,3.65,partner0709@courier.example.com,Premium,Yes
PART0710,Courier Partner 0710,Local,3.71,partner0710@courier.example.com,Basic,Yes
PART0711,Courier Partner 0711,Local,4.83,partner0711@courier.example.com,Priority,Yes
PART0712,Courier Partner 0712,Local,5.0,partner0712@courier.example.com,Basic,Yes
PART0713,Courier Partner 0713,Local,4.55,partner0713@courier.example.com,Premium,Yes
PART0714,Courier Partner 0714,Local,3.97,partner0714@courier.example.com,Premium,Yes
PART0715,Courier Partner 0715,Local,3.02,partner0715@courier.example.com,Premium,Yes
PART0716,Courier Partner 0716,Local,4.39,partner0716@courier.example.com,Priority,Yes
PART0717,Courier Partner 0717,National,3.78,partner0717@courier.example.com,Premium,Yes
PART0718,Courier Partner 0718,National,4.27,partner0718@courier.example.com,Basic,Yes
PART0719,Courier Partner 0719,National,4.21,partner0719@courier.example.com,Basic,Yes
PART0720,Courier Partner 0720,Local,3.96,partner0720@courier.example.com,Basic,Yes
PART0721,Courier Partner 0721,National,4.89,partner0721@courier.example.com,Basic,Yes
PART0722,Courier Partner 0722,International,3.05,partner0722@courier.example.com,Priority,Yes
PART0723,Courier Partner 0723,Local,4.42,partner0723@courier.example.com,Basic,Yes
PART0724,Courier Partner 0724,National,3.82,partner0724@courier.example.com,Premium,Yes
PART0725,Courier Partner 0725,National,4.43,partner0725@courier.example.com,Premium,Yes
PART0726,Courier Partner 0726,National,4.35,partner0726@courier.example.com,Premium,Yes
PART0727,Courier Partner 0727,Local,3.02,partner0727@courier.example.com,Premium,Yes
PART0728,Courier Partner 0728,National,3.57,partner0728@courier.example.com,Premium,Yes
PART0729,Courier Partner 0729,National,3.38,partner0729@courier.example.com,Basic,Yes
PART0730,Courier Partner 0730,Local,3.33,partner0730@courier.example.com,Premium,Yes
PART0731,Courier Partner 0731,International,4.46,partner0731@courier.example.com,Basic,Yes
PART0732,Courier Partner 0732,National,3.48,partner0732@courier.example.com,Priority,Yes
PART0733,Courier Partner 0733,Local,3.95,partner0733@courier.example.com,Basic,Yes
PART0734,Courier Partner 0734,National,3.49,partner0734@courier.example.com,Basic,Yes
PART0735,Courier Partner 0735,National,4.16,partner0735@courier.example.com,Premium,Yes
PART0736,Courier Partner 0736,Local,4.44,partner0736@courier.example.com,Premium,Yes
PART0737,Courier Partner 0737,Local,3.66,partner0737@courier.example.com,Premium,Yes
PART0738,Courier Partner 0738,International,4.21,partner0738@courier.example.com,Basic,Yes
PART0739,Courier Partner 0739,National,4.65,partner0739@courier.example.com,Basic,Yes
PART0740,Courier Partner 0740,Local,3.19,partner0740@courier.example.com,Basic,Yes
PART0741,Courier Partner 0741,Local,4.42,partner0741@courier.example.com,Premium,Yes
PART0742,Courier Partner 0742,National,3.65,partner0742@courier.example.com,Premium,Yes
PART0743,Courier Partner 0743,National,3.25,partner0743@courier.example.com,Basic,No
PART0744,Courier Partner 0744,Local,4.09,partner0744@courier.example.com,Premium,Yes
PART0745,Courier Partner 0745,National,3.45,partner0745@courier.example.com,Basic,Yes
PART0746,Courier Partner 0746,Local,4.64,partner0746@courier.example.com,Priority,Yes
PART0747,Courier Partner 0747,Local,3.09,partner0747@courier.example.com,Basic,Yes
PART0748,Courier Partner 0748,National,3.2,partner0748@courier.example.com,Premium,Yes
PART0749,Courier Partner 0749,Local,4.04,partner0749@courier.example.com,Premium,Yes
PART0750,Courier Partner 0750,National,4.18,partner0750@courier.example.com,Basic,Yes
PART0751,Courier Partner 0751,Local,4.46,partner0751@courier.example.com,Basic,Yes
PART0752,Courier Partner 0752,National,3.52,partner0752@courier.example.com,Basic,Yes
PART0753,Courier Partner 0753,Local,4.68,partner0753@courier.example.com,Basic,Yes
PART0754,Courier Partner 0754,Local,4.91,partner0754@courier.example.com,Premium,Yes
PART0755,Courier Partner 0755,National,4.0,partner0755@courier.example.com,Basic,Yes
PART0756,Courier Partner 0756,National,4.52,partner0756@courier.example.com,Basic,Yes
PART0757,Courier Partner 0757,National,4.05,partner0757@courier.example.com,Basic,Yes
PART0758,Courier Partner 0758,National,3.14,partner0758@courier.example.com,Basic,Yes
PART0759,Courier Partner 0759,National,3.65,partner0759@courier.example.com,Basic,Yes
PART0760,Courier Partner 0760,National,3.17,partner0760@courier.example.com,Basic,Yes
PART0761,Courier Partner 0761,National,4.98,partner0761@courier.example.com,Premium,Yes
PART0762,Courier Partner 0762,National,3.46,partner0762@courier.example.com,Premium,Yes
PART0763,Courier Partner 0763,National,4.27,partner0763@courier.example.com,Priority,Yes
PART0764,Courier Partner 0764,International,3.57,partner0764@courier.example.com,Basic,Yes
PART0765,Courier Partner 0765,Local,4.31,partner0765@courier.example.com,Basic,Yes
PART0766,Courier Partner 0766,National,3.42,partner0766@courier.example.com,Basic,No
PART0767,Courier Partner 0767,Local,4.57,partner0767@courier.example.com,Premium,Yes
PART0768,Courier Partner 0768,Local,3.22,partner0768@courier.example.com,Premium,Yes
PART0769,Courier Partner 0769,Local,4.79,partner0769@courier.example.com,Basic,Yes
PART0770,Courier Partner 0770,National,4.68,partner0770@courier.example.com,Premium,Yes
PART0771,Courier Partner 0771,National,4.36,partner0771@courier.example.com,Premium,Yes
PART0772,Courier Partner 0772,National,3.13,partner0772@courier.example.com,Priority,Yes
PART0773,Courier Partner 0773,Local,3.42,partner0773@courier.example.com,Basic,Yes
PART0774,Courier Partner 0774,National,4.72,partner0774@courier.example.com,Basic,Yes
PART0775,Courier Partner 0775,International,3.24,partner0775@courier.example.com,Basic,Yes
PART0776,Courier Partner 0776,Local,3.31,partner0776@courier.example.com,Basic,Yes
PART0777,Courier Partner 0777,Local,4.09,partner0777@courier.example.com,Priority,Yes
PART0778,Courier Partner 0778,Local,3.55,partner0778@courier.example.com,Basic,Yes
PART0779,Courier Partner 0779,National,3.44,partner0779@courier.example.com,Premium,No
PART0780,Courier Partner 0780,National,4.15,partner0780@courier.example.com,Basic,Yes
PART0781,Courier Partner 0781,National,3.75,partner0781@courier.example.com,Basic,Yes
PART0782,Courier Partner 0782,National,3.28,partner0782@courier.example.com,Basic,Yes
PART0783,Courier Partner 0783,Local,4.07,partner0783@courier.example.com,Basic,Yes
PART0784,Courier Partner 0784,National,3.77,partner0784@courier.example.com,Premium,Yes
PART0785,Courier Partner 0785,Local,4.47,partner0785@courier.example.com,Priority,Yes
PART0786,Courier Partner 0786,Local,3.21,partner0786@courier.example.com,Premium,Yes
PART0787,Courier Partner 0787,National,4.24,partner0787@courier.example.com,Premium,Yes
PART0788,Courier Partner 0788,National,3.87,partner0788@courier.example.com,Basic,Yes
PART0789,Courier Partner 0789,National,3.81,partner0789@courier.example.com,Premium,Yes
PART0790,Courier Partner 0790,National,3.46,partner0790@courier.example.com,Basic,Yes
PART0791,Courier Partner 0791,Local,3.06,partner0791@courier.example.com,Priority,Yes
PART0792,Courier Partner 0792,Local,4.7,partner0792@courier.example.com,Premium,Yes
PART0793,Courier Partner 0793,Local,3.65,partner0793@courier.example.com,Basic,Yes
PART0794,Courier Partner 0794,National,4.36,partner0794@courier.example.com,Premium,Yes
PART0795,Courier Partner 0795,National,4.9,partner0795@courier.example.com,Priority,Yes
PART0796,Courier Partner 0796,International,4.13,partner0796@courier.example.com,Basic,Yes
PART0797,Courier Partner 0797,Local,3.79,partner0797@courier.example.com,Basic,Yes
PART0798,Courier Partner 0798,National,3.54,partner0798@courier.example.com,Basic,Yes
PART0799,Courier Partner 0799,National,4.87,partner0799@courier.example.com,Premium,Yes
PART0800,Courier Partner 0800,National,4.36,partner0800@courier.example.com,Basic,Yes
PART0801,Courier Partner 0801,National,4.33,partner0801@courier.example.com,Premium,Yes
PART0802,Courier Partner 0802,National,3.85,partner0802@courier.example.com,Priority,Yes
PART0803,Courier Partner 0803,Local,4.69,partner0803@courier.example.com,Priority,Yes
PART0804,Courier Partner 0804,Local,4.43,partner0804@courier.example.com,Basic,Yes
PART0805,Courier Partner 0805,Local,3.57,partner0805@courier.example.com,Premium,Yes
PART0806,Courier Partner 0806,Local,4.2,partner0806@courier.example.com,Basic,Yes
PART0807,Courier Partner 0807,Local,3.86,partner0807@courier.example.com,Premium,Yes
PART0808,Courier Partner 0808,Local,3.01,partner0808@courier.example.com,Premium,Yes
PART0809,Courier Partner 0809,Local,4.62,partner0809@courier.example.com,Premium,Yes
PART0810,Courier Partner 0810,National,3.25,partner0810@courier.example.com,Priority,Yes
PART0811,Courier Partner 0811,National,4.02,partner0811@courier.example.com,Premium,Yes
PART0812,Courier Partner 0812,National,3.67,partner0812@courier.example.com,Basic,Yes
PART0813,Courier Partner 0813,Local,3.68,partner0813@courier.example.com,Premium,Yes
PART0814,Courier Partner 0814,Local,3.95,partner0814@courier.example.com,Basic,Yes
PART0815,Courier Partner 0815,Local,4.99,partner0815@courier.example.com,Basic,Yes
PART0816,Courier Partner 0816,International,3.82,partner0816@courier.example.com,Basic,Yes
PART0817,Courier Partner 0817,National,3.36,partner0817@courier.example.com,Priority,Yes
PART0818,Courier Partner 0818,Local,4.23,partner0818@courier.example.com,Basic,Yes
PART0819,Courier Partner 0819,National,3.47,partner0819@courier.example.com,Premium,Yes
PART0820,Courier Partner 0820,Local,3.21,partner0820@courier.example.com,Premium,Yes
PART0821,Courier Partner 0821,National,3.1,partner0821@courier.example.com,Premium,Yes
PART0822,Courier Partner 0822,Local,3.05,partner0822@courier.example.com,Premium,Yes
PART0823,Courier Partner 0823,Local,3.86,partner0823@courier.example.com,Basic,Yes
PART0824,Courier Partner 0824,National,3.85,partner0824@courier.example.com,Premium,Yes
PART0825,Courier Partner 0825,National,3.37,partner0825@courier.example.com,Premium,Yes
PART0826,Courier Partner 0826,National,4.57,partner0826@courier.example.com,Premium,Yes
PART0827,Courier Partner 0827,National,3.26,partner0827@courier.example.com,Basic,No
PART0828,Courier Partner 0828,Local,4.83,partner0828@courier.example.com,Basic,No
PART0829,Courier Partner 0829,Local,4.18,partner0829@courier.example.com,Priority,Yes
PART0830,Courier Partner 0830,International,3.06,partner0830@courier.example.com,Basic,Yes
PART0831,Courier Partner 0831,National,4.93,partner0831@courier.example.com,Basic,Yes
PART0832,Courier Partner 0832,National,3.62,partner0832@courier.example.com,Basic,Yes
PART0833,Courier Partner 0833,Local,3.9,partner0833@courier.example.com,Basic,Yes
PART0834,Courier Partner 0834,National,3.57,partner0834@courier.example.com,Basic,Yes
PART0835,Courier Partner 0835,Local,4.46,partner0835@courier.example.com,Premium,Yes
PART0836,Courier Partner 0836,National,3.97,partner0836@courier.example.com,Priority,Yes
PART0837,Courier Partner 0837,National,3.26,partner0837@courier.example.com,Basic,Yes
PART0838,Courier Partner 0838,National,3.21,partner0838@courier.example.com,Basic,Yes
PART0839,Courier Partner 0839,National,4.45,partner0839@courier.example.com,Premium,Yes
PART0840,Courier Partner 0840,Local,3.47,partner0840@courier.example.com,Basic,Yes
PART0841,Courier Partner 0841,Local,3.28,partner0841@courier.example.com,Priority,Yes
PART0842,Courier Partner 0842,International,4.0,partner0842@courier.example.com,Basic,Yes
PART0843,Courier Partner 0843,Local,4.61,partner0843@courier.example.com,Premium,Yes
PART0844,Courier Partner 0844,National,3.56,partner0844@courier.example.com,Premium,Yes
PART0845,Courier Partner 0845,National,3.55,partner0845@courier.example.com,Premium,Yes
PART0846,Courier Partner 0846,National,4.67,partner0846@courier.example.com,Premium,Yes
PART0847,Courier Partner 0847,International,3.3,partner0847@courier.example.com,Basic,Yes
PART0848,Courier Partner 0848,National,4.23,partner0848@courier.example.com,Basic,Yes
PART0849,Courier Partner 0849,National,4.91,partner0849@courier.example.com,Priority,Yes
PART0850,Courier Partner 0850,Local,4.68,partner0850@courier.example.com,Premium,Yes
PART0851,Courier Partner 0851,National,3.12,partner0851@courier.example.com,Basic,Yes
PART0852,Courier Partner 0852,National,3.64,partner0852@courier.example.com,Premium,Yes
PART0853,Courier Partner 0853,Local,3.28,partner0853@courier.example.com,Premium,Yes
PART0854,Courier Partner 0854,National,4.9,partner0854@courier.example.com,Premium,Yes
PART0855,Courier Partner 0855,National,4.97,partner0855@courier.example.com,Basic,Yes
PART0856,Courier Partner 0856,National,3.47,partner0856@courier.example.com,Premium,Yes
PART0857,Courier Partner 0857,Local,4.34,partner0857@courier.example.com,Basic,Yes
PART0858,Courier Partner 0858,National,4.68,partner0858@courier.example.com,Premium,Yes
PART0859,Courier Partner 0859,Local,3.47,partner0859@courier.example.com,Basic,Yes
PART0860,Courier Partner 0860,National,3.38,partner0860@courier.example.com,Premium,No
PART0861,Courier Partner 0861,National,3.02,partner0861@courier.example.com,Basic,Yes
PART0862,Courier Partner 0862,National,3.82,partner0862@courier.example.com,Basic,Yes
PART0863,Courier Partner 0863,Local,4.8,partner0863@courier.example.com,Basic,Yes
PART0864,Courier Partner 0864,Local,4.81,partner0864@courier.example.com,Basic,Yes
PART0865,Courier Partner 0865,Local,3.26,partner0865@courier.example.com,Premium,Yes
PART0866,Courier Partner 0866,Local,3.41,partner0866@courier.example.com,Basic,Yes
PART0867,Courier Partner 0867,National,3.82,partner0867@courier.example.com,Priority,Yes
PART0868,Courier Partner 0868,National,4.56,partner0868@courier.example.com,Premium,Yes
PART0869,Courier Partner 0869,Local,4.22,partner0869@courier.example.com,Premium,Yes
PART0870,Courier Partner 0870,Local,4.03,partner0870@courier.example.com,Basic,Yes
PART0871,Courier Partner 0871,National,4.18,partner0871@courier.example.com,Basic,Yes
PART0872,Courier Partner 0872,National,3.19,partner0872@courier.example.com,Basic,Yes
PART0873,Courier Partner 0873,Local,3.96,partner0873@courier.example.com,Premium,Yes
PART0874,Courier Partner 0874,Local,4.98,partner0874@courier.example.com,Basic,Yes
PART0875,Courier Partner 0875,Local,3.18,partner0875@courier.example.com,Premium,No
PART0876,Courier Partner 0876,Local,4.04,partner0876@courier.example.com,Basic,Yes
PART0877,Courier Partner 0877,Local,3.59,partner0877@courier.example.com,Priority,Yes
PART0878,Courier Partner 0878,Local,4.08,partner0878@courier.example.com,Basic,Yes
PART0879,Courier Partner 0879,National,4.15,partner0879@courier.example.com,Basic,Yes
PART0880,Courier Partner 0880,National,4.15,partner0880@courier.example.com,Premium,Yes
PART0881,Courier Partner 0881,Local,4.7,partner0881@courier.example.com,Priority,Yes
PART0882,Courier Partner 0882,National,3.78,partner0882@courier.example.com,Premium,No
PART0883,Courier Partner 0883,National,4.03,partner0883@courier.example.com,Basic,Yes
PART0884,Courier Partner 0884,International,3.02,partner0884@courier.example.com,Premium,Yes
PART0885,Courier Partner 0885,Local,4.58,partner0885@courier.example.com,Priority,Yes
PART0886,Courier Partner 0886,National,3.52,partner0886@courier.example.com,Basic,Yes
PART0887,Courier Partner 0887,National,4.63,partner0887@courier.example.com,Basic,Yes
PART0888,Courier Partner 0888,Local,3.53,partner0888@courier.example.com,Premium,No
PART0889,Courier Partner 0889,International,3.02,partner0889@courier.example.com,Priority,Yes
PART0890,Courier Partner 0890,National,3.31,partner0890@courier.example.com,Premium,Yes
PART0891,Courier Partner 0891,National,4.97,partner0891@courier.example.com,Priority,Yes
PART0892,Courier Partner 0892,Local,3.64,partner0892@courier.example.com,Basic,Yes
PART0893,Courier Partner 0893,Local,3.22,partner0893@courier.example.com,Premium,Yes
PART0894,Courier Partner 0894,National,3.24,partner0894@courier.example.com,Premium,Yes
PART0895,Courier Partner 0895,Local,3.62,partner0895@courier.example.com,Premium,Yes
PART0896,Courier Partner 0896,National,3.08,partner0896@courier.example.com,Premium,Yes
PART0897,Courier Partner 0897,Local,4.02,partner0897@courier.example.com,Priority,Yes
PART0898,Courier Partner 0898,National,3.43,partner0898@courier.example.com,Basic,Yes
PART0899,Courier Partner 0899,National,4.04,partner0899@courier.example.com,Basic,Yes
PART0900,Courier Partner 0900,Local,3.28,partner0900@courier.example.com,Basic,Yes
PART0901,Courier Partner 0901,National,3.86,partner0901@courier.example.com,Premium,Yes
PART0902,Courier Partner 0902,Local,4.2,partner0902@courier.example.com,Basic,Yes
PART0903,Courier Partner 0903,Local,3.12,partner0903@courier.example.com,Premium,Yes
PART0904,Courier Partner 0904,Local,3.8,partner0904@courier.example.com,Basic,Yes
PART0905,Courier Partner 0905,Local,3.61,partner0905@courier.example.com,Basic,Yes
PART0906,Courier Partner 0906,Local,3.48,partner0906@courier.example.com,Premium,Yes
PART0907,Courier Partner 0907,International,4.21,partner0907@courier.example.com,Premium,Yes
PART0908,Courier Partner 0908,Local,4.18,partner0908@courier.example.com,Basic,No
PART0909,Courier Partner 0909,Local,4.26,partner0909@courier.example.com,Premium,Yes
PART0910,Courier Partner 0910,Local,3.32,partner0910@courier.example.com,Basic,Yes
PART0911,Courier Partner 0911,Local,3.57,partner0911@courier.example.com,Basic,Yes
PART0912,Courier Partner 0912,National,3.42,partner0912@courier.example.com,Basic,Yes
PART0913,Courier Partner 0913,Local,4.08,partner0913@courier.example.com,Premium,Yes
PART0914,Courier Partner 0914,National,3.92,partner0914@courier.example.com,Basic,Yes
PART0915,Courier Partner 0915,Local,3.66,partner0915@courier.example.com,Priority,No
PART0916,Courier Partner 0916,National,4.57,partner0916@courier.example.com,Premium,Yes
PART0917,Courier Partner 0917,Local,3.19,partner0917@courier.example.com,Basic,Yes
PART0918,Courier Partner 0918,National,4.95,partner0918@courier.example.com,Basic,Yes
PART0919,Courier Partner 0919,National,3.23,partner0919@courier.example.com,Basic,Yes
PART0920,Courier Partner 0920,Local,4.55,partner0920@courier.example.com,Premium,Yes
PART0921,Courier Partner 0921,National,3.74,partner0921@courier.example.com,Premium,Yes
PART0922,Courier Partner 0922,National,4.73,partner0922@courier.example.com,Premium,Yes
PART0923,Courier Partner 0923,Local,3.15,partner0923@courier.example.com,Basic,Yes
PART0924,Courier Partner 0924,National,3.75,partner0924@courier.example.com,Basic,Yes
PART0925,Courier Partner 0925,International,3.67,partner0925@courier.example.com,Basic,Yes
PART0926,Courier Partner 0926,National,4.99,partner0926@courier.example.com,Basic,Yes
PART0927,Courier Partner 0927,International,4.97,partner0927@courier.example.com,Basic,Yes
PART0928,Courier Partner 0928,Local,3.38,partner0928@courier.example.com,Priority,Yes
PART0929,Courier Partner 0929,National,4.26,partner0929@courier.example.com,Premium,No
PART0930,Courier Partner 0930,International,4.07,partner0930@courier.example.com,Premium,Yes
PART0931,Courier Partner 0931,Local,3.31,partner0931@courier.example.com,Basic,Yes
PART0932,Courier Partner 0932,International,3.34,partner0932@courier.example.com,Basic,Yes
PART0933,Courier Partner 0933,Local,4.98,partner0933@courier.example.com,Basic,Yes
PART0934,Courier Partner 0934,International,3.91,partner0934@courier.example.com,Basic,Yes
PART0935,Courier Partner 0935,Local,3.25,partner0935@courier.example.com,Premium,Yes
PART0936,Courier Partner 0936,Local,3.43,partner0936@courier.example.com,Basic,Yes
PART0937,Courier Partner 0937,National,3.54,partner0937@courier.example.com,Priority,No
PART0938,Courier Partner 0938,Local,4.02,partner0938@courier.example.com,Priority,Yes
PART0939,Courier Partner 0939,Local,3.67,partner0939@courier.example.com,Basic,Yes
PART0940,Courier Partner 0940,Local,3.91,partner0940@courier.example.com,Premium,No
PART0941,Courier Partner 0941,National,3.33,partner0941@courier.example.com,Premium,No
PART0942,Courier Partner 0942,International,3.65,partner0942@courier.example.com,Basic,Yes
PART0943,Courier Partner 0943,Local,3.14,partner0943@courier.example.com,Priority,Yes
PART0944,Courier Partner 0944,National,4.78,partner0944@courier.example.com,Basic,Yes
PART0945,Courier Partner 0945,Local,3.4,partner0945@courier.example.com,Premium,Yes
PART0946,Courier Partner 0946,National,4.51,partner0946@courier.example.com,Basic,Yes
PART0947,Courier Partner 0947,Local,3.7,partner0947@courier.example.com,Basic,Yes
PART0948,Courier Partner 0948,Local,3.95,partner0948@courier.example.com,Premium,Yes
PART0949,Courier Partner 0949,Local,3.58,partner0949@courier.example.com,Priority,Yes
PART0950,Courier Partner 0950,National,4.39,partner0950@courier.example.com,Basic,Yes
PART0951,Courier Partner 0951,National,4.69,partner0951@courier.example.com,Basic,Yes
PART0952,Courier Partner 0952,National,3.57,partner0952@courier.example.com,Basic,Yes
PART0953,Courier Partner 0953,Local,3.48,partner0953@courier.example.com,Basic,No
PART0954,Courier Partner 0954,National,4.36,partner0954@courier.example.com,Premium,Yes
PART0955,Courier Partner 0955,National,3.39,partner0955@courier.example.com,Premium,Yes
PART0956,Courier Partner 0956,Local,4.28,partner0956@courier.example.com,Priority,Yes
PART0957,Courier Partner 0957,Local,3.19,partner0957@courier.example.com,Premium,Yes
PART0958,Courier Partner 0958,Local,4.24,partner0958@courier.example.com,Priority,Yes
PART0959,Courier Partner 0959,National,4.03,partner0959@courier.example.com,Premium,Yes
PART0960,Courier Partner 0960,National,3.23,partner0960@courier.example.com,Priority,Yes
PART0961,Courier Partner 0961,National,4.3,partner0961@courier.example.com,Basic,Yes
PART0962,Courier Partner 0962,Local,3.89,partner0962@courier.example.com,Premium,Yes
PART0963,Courier Partner 0963,Local,3.43,partner0963@courier.example.com,Priority,Yes
PART0964,Courier Partner 0964,International,3.71,partner0964@courier.example.com,Premium,Yes
PART0965,Courier Partner 0965,Local,3.98,partner0965@courier.example.com,Priority,Yes
PART0966,Courier Partner 0966,International,3.18,partner0966@courier.example.com,Basic,Yes
PART0967,Courier Partner 0967,National,4.92,partner0967@courier.example.com,Priority,Yes
PART0968,Courier Partner 0968,Local,4.33,partner0968@courier.example.com,Premium,Yes
PART0969,Courier Partner 0969,National,3.21,partner0969@courier.example.com,Basic,Yes
PART0970,Courier Partner 0970,International,4.65,partner0970@courier.example.com,Basic,Yes
PART0971,Courier Partner 0971,Local,3.65,partner0971@courier.example.com,Basic,No
PART0972,Courier Partner 0972,National,4.19,partner0972@courier.example.com,Priority,Yes
PART0973,Courier Partner 0973,Local,3.55,partner0973@courier.example.com,Premium,Yes
PART0974,Courier Partner 0974,National,4.47,partner0974@courier.example.com,Priority,Yes
PART0975,Courier Partner 0975,National,4.45,partner0975@courier.example.com,Basic,Yes
PART0976,Courier Partner 0976,International,4.1,partner0976@courier.example.com,Priority,Yes
PART0977,Courier Partner 0977,National,3.48,partner0977@courier.example.com,Premium,Yes
PART0978,Courier Partner 0978,National,3.51,partner0978@courier.example.com,Basic,Yes
PART0979,Courier Partner 0979,Local,3.77,partner0979@courier.example.com,Basic,Yes
PART0980,Courier Partner 0980,Local,3.29,partner0980@courier.example.com,Priority,Yes
PART0981,Courier Partner 0981,Local,3.68,partner0981@courier.example.com,Basic,Yes
PART0982,Courier Partner 0982,Local,4.37,partner0982@courier.example.com,Basic,Yes
PART0983,Courier Partner 0983,Local,4.66,partner0983@courier.example.com,Basic,Yes
PART0984,Courier Partner 0984,Local,3.67,partner0984@courier.example.com,Basic,Yes
PART0985,Courier Partner 0985,International,3.47,partner0985@courier.example.com,Priority,Yes
PART0986,Courier Partner 0986,National,4.67,partner0986@courier.example.com,Premium,Yes
PART0987,Courier Partner 0987,Local,4.78,partner0987@courier.example.com,Premium,Yes
PART0988,Courier Partner 0988,International,3.82,partner0988@courier.example.com,Priority,Yes
PART0989,Courier Partner 0989,Local,3.05,partner0989@courier.example.com,Premium,Yes
PART0990,Courier Partner 0990,National,4.39,partner0990@courier.example.com,Premium,Yes
PART0991,Courier Partner 0991,National,4.57,partner0991@courier.example.com,Basic,Yes
PART0992,Courier Partner 0992,Local,3.04,partner0992@courier.example.com,Priority,Yes
PART0993,Courier Partner 0993,National,4.19,partner0993@courier.example.com,Basic,Yes
PART0994,Courier Partner 0994,Local,4.18,partner0994@courier.example.com,Premium,Yes
PART0995,Courier Partner 0995,Local,3.76,partner0995@courier.example.com,Premium,Yes
PART0996,Courier Partner 0996,Local,4.5,partner0996@courier.example.com,Basic,Yes
PART0997,Courier Partner 0997,International,3.86,partner0997@courier.example.com,Basic,Yes
PART0998,Courier Partner 0998,National,4.35,partner0998@courier.example.com,Basic,Yes
PART0999,Courier Partner 0999,National,4.03,partner0999@courier.example.com,Basic,Yes
PART1000,Courier Partner 1000,National,3.5,partner1000@courier.example.com,Premium,Yes
PART1001,Courier Partner 1001,Local,4.21,partner1001@courier.example.com,Priority,Yes
PART1002,Courier Partner 1002,National,4.47,partner1002@courier.example.com,Premium,Yes
PART1003,Courier Partner 1003,Local,4.95,partner1003@courier.example.com,Premium,Yes
PART1004,Courier Partner 1004,Local,3.76,partner1004@courier.example.com,Basic,Yes
PART1005,Courier Partner 1005,National,3.13,partner1005@courier.example.com,Basic,Yes
PART1006,Courier Partner 1006,Local,4.98,partner1006@courier.example.com,Premium,Yes
PART1007,Courier Partner 1007,Local,4.25,partner1007@courier.example.com,Priority,Yes
PART1008,Courier Partner 1008,National,4.89,partner1008@courier.example.com,Priority,Yes
PART1009,Courier Partner 1009,National,3.21,partner1009@courier.example.com,Basic,Yes
PART1010,Courier Partner 1010,National,3.68,partner1010@courier.example.com,Premium,Yes
PART1011,Courier Partner 1011,Local,3.27,partner1011@courier.example.com,Premium,Yes
PART1012,Courier Partner 1012,Local,4.67,partner1012@courier.example.com,Premium,No
PART1013,Courier Partner 1013,National,4.76,partner1013@courier.example.com,Premium,Yes
PART1014,Courier Partner 1014,National,4.0,partner1014@courier.example.com,Premium,No
PART1015,Courier Partner 1015,National,3.37,partner1015@courier.example.com,Basic,Yes
PART1016,Courier Partner 1016,International,3.25,partner1016@courier.example.com,Priority,Yes
PART1017,Courier Partner 1017,International,4.18,partner1017@courier.example.com,Basic,Yes
PART1018,Courier Partner 1018,Local,4.01,partner1018@courier.example.com,Premium,No
PART1019,Courier Partner 1019,National,4.39,partner1019@courier.example.com,Priority,Yes
PART1020,Courier Partner 1020,National,3.61,partner1020@courier.example.com,Premium,Yes
PART1021,Courier Partner 1021,National,3.8,partner1021@courier.example.com,Basic,Yes
PART1022,Courier Partner 1022,Local,3.04,partner1022@courier.example.com,Basic,Yes
PART1023,Courier Partner 1023,National,4.22,partner1023@courier.example.com,Premium,No
PART1024,Courier Partner 1024,International,3.85,partner1024@courier.example.com,Basic,Yes
PART1025,Courier Partner 1025,National,4.84,partner1025@courier.example.com,Basic,Yes
PART1026,Courier Partner 1026,National,4.28,partner1026@courier.example.com,Basic,Yes
PART1027,Courier Partner 1027,Local,3.8,partner1027@courier.example.com,Premium,No
PART1028,Courier Partner 1028,Local,3.53,partner1028@courier.example.com,Basic,Yes
PART1029,Courier Partner 1029,Local,4.81,partner1029@courier.example.com,Premium,Yes
PART1030,Courier Partner 1030,Local,3.03,partner1030@courier.example.com,Basic,Yes
PART1031,Courier Partner 1031,National,3.65,partner1031@courier.example.com,Premium,Yes
PART1032,Courier Partner 1032,Local,4.89,partner1032@courier.example.com,Basic,Yes
PART1033,Courier Partner 1033,National,4.31,partner1033@courier.example.com,Premium,Yes
PART1034,Courier Partner 1034,Local,4.07,partner1034@courier.example.com,Premium,Yes
PART1035,Courier Partner 1035,Local,3.41,partner1035@courier.example.com,Basic,Yes
PART1036,Courier Partner 1036,Local,4.67,partner1036@courier.example.com,Premium,Yes
PART1037,Courier Partner 1037,National,3.41,partner1037@courier.example.com,Priority,Yes
PART1038,Courier Partner 1038,Local,3.5,partner1038@courier.example.com,Basic,No
PART1039,Courier Partner 1039,Local,3.38,partner1039@courier.example.com,Premium,Yes
PART1040,Courier Partner 1040,National,3.32,partner1040@courier.example.com,Premium,Yes
PART1041,Courier Partner 1041,International,4.91,partner1041@courier.example.com,Basic,Yes
PART1042,Courier Partner 1042,National,4.2,partner1042@courier.example.com,Basic,Yes
PART1043,Courier Partner 1043,Local,4.28,partner1043@courier.example.com,Priority,Yes
PART1044,Courier Partner 1044,Local,4.91,partner1044@courier.example.com,Premium,Yes
PART1045,Courier Partner 1045,International,3.46,partner1045@courier.example.com,Priority,Yes
PART1046,Courier Partner 1046,National,3.01,partner1046@courier.example.com,Premium,Yes
PART1047,Courier Partner 1047,National,4.2,partner1047@courier.example.com,Basic,Yes
PART1048,Courier Partner 1048,Local,4.02,partner1048@courier.example.com,Basic,Yes
PART1049,Courier Partner 1049,Local,3.96,partner1049@courier.example.com,Premium,Yes
PART1050,Courier Partner 1050,Local,3.12,partner1050@courier.example.com,Premium,Yes
PART1051,Courier Partner 1051,National,3.91,partner1051@courier.example.com,Basic,Yes
PART1052,Courier Partner 1052,Local,3.58,partner1052@courier.example.com,Premium,Yes
PART1053,Courier Partner 1053,International,3.55,partner1053@courier.example.com,Premium,Yes
PART1054,Courier Partner 1054,Local,3.44,partner1054@courier.example.com,Premium,Yes
PART1055,Courier Partner 1055,National,3.67,partner1055@courier.example.com,Basic,Yes
PART1056,Courier Partner 1056,Local,3.71,partner1056@courier.example.com,Basic,Yes
PART1057,Courier Partner 1057,National,3.62,partner1057@courier.example.com,Priority,Yes
PART1058,Courier Partner 1058,Local,4.96,partner1058@courier.example.com,Priority,Yes
PART1059,Courier Partner 1059,National,4.87,partner1059@courier.example.com,Basic,Yes
PART1060,Courier Partner 1060,National,4.15,partner1060@courier.example.com,Premium,Yes
PART1061,Courier Partner 1061,Local,4.96,partner1061@courier.example.com,Basic,Yes
PART1062,Courier Partner 1062,National,4.98,partner1062@courier.example.com,Basic,Yes
PART1063,Courier Partner 1063,National,3.71,partner1063@courier.example.com,Basic,Yes
PART1064,Courier Partner 1064,International,3.89,partner1064@courier.example.com,Basic,Yes
PART1065,Courier Partner 1065,International,4.92,partner1065@courier.example.com,Priority,Yes
PART1066,Courier Partner 1066,International,4.22,partner1066@courier.example.com,Premium,Yes
PART1067,Courier Partner 1067,Local,3.43,partner1067@courier.example.com,Basic,Yes
PART1068,Courier Partner 1068,Local,4.38,partner1068@courier.example.com,Premium,Yes
PART1069,Courier Partner 1069,International,3.41,partner1069@courier.example.com,Premium,No
PART1070,Courier Partner 1070,National,3.68,partner1070@courier.example.com,Basic,Yes
PART1071,Courier Partner 1071,Local,3.46,partner1071@courier.example.com,Premium,Yes
PART1072,Courier Partner 1072,National,3.49,partner1072@courier.example.com,Premium,Yes
PART1073,Courier Partner 1073,Local,3.01,partner1073@courier.example.com,Premium,Yes
PART1074,Courier Partner 1074,National,4.76,partner1074@courier.example.com,Premium,Yes
PART1075,Courier Partner 1075,National,3.59,partner1075@courier.example.com,Basic,Yes
PART1076,Courier Partner 1076,National,3.17,partner1076@courier.example.com,Basic,Yes
PART1077,Courier Partner 1077,Local,3.17,partner1077@courier.example.com,Premium,Yes
PART1078,Courier Partner 1078,Local,4.11,partner1078@courier.example.com,Priority,Yes
PART1079,Courier Partner 1079,Local,4.99,partner1079@courier.example.com,Basic,Yes
PART1080,Courier Partner 1080,National,3.29,partner1080@courier.example.com,Basic,Yes
PART1081,Courier Partner 1081,Local,3.2,partner1081@courier.example.com,Priority,Yes
PART1082,Courier Partner 1082,National,3.88,partner1082@courier.example.com,Basic,Yes
PART1083,Courier Partner 1083,National,4.13,partner1083@courier.example.com,Basic,Yes
PART1084,Courier Partner 1084,National,3.59,partner1084@courier.example.com,Basic,Yes
PART1085,Courier Partner 1085,National,3.61,partner1085@courier.example.com,Basic,Yes
PART1086,Courier Partner 1086,National,3.85,partner1086@courier.example.com,Basic,Yes
PART1087,Courier Partner 1087,Local,3.63,partner1087@courier.example.com,Premium,Yes
PART1088,Courier Partner 1088,National,4.83,partner1088@courier.example.com,Basic,Yes
PART1089,Courier Partner 1089,National,3.08,partner1089@courier.example.com,Priority,Yes
PART1090,Courier Partner 1090,Local,3.47,partner1090@courier.example.com,Priority,Yes
PART1091,Courier Partner 1091,National,4.62,partner1091@courier.example.com,Priority,Yes
PART1092,Courier Partner 1092,Local,4.67,partner1092@courier.example.com,Priority,Yes
PART1093,Courier Partner 1093,Local,3.22,partner1093@courier.example.com,Premium,Yes
PART1094,Courier Partner 1094,International,4.95,partner1094@courier.example.com,Basic,Yes
PART1095,Courier Partner 1095,International,4.39,partner1095@courier.example.com,Basic,Yes
PART1096,Courier Partner 1096,National,3.55,partner1096@courier.example.com,Basic,Yes
PART1097,Courier Partner 1097,National,3.91,partner1097@courier.example.com,Basic,Yes
PART1098,Courier Partner 1098,National,3.59,partner1098@courier.example.com,Premium,Yes
PART1099,Courier Partner 1099,International,3.3,partner1099@courier.example.com,Priority,Yes
PART1100,Courier Partner 1100,National,3.58,partner1100@courier.example.com,Basic,Yes
PART1101,Courier Partner 1101,National,4.16,partner1101@courier.example.com,Premium,No
PART1102,Courier Partner 1102,Local,4.65,partner1102@courier.example.com,Premium,Yes
PART1103,Courier Partner 1103,Local,3.73,partner1103@courier.example.com,Basic,Yes
PART1104,Courier Partner 1104,Local,3.7,partner1104@courier.example.com,Priority,Yes
PART1105,Courier Partner 1105,National,3.94,partner1105@courier.example.com,Premium,Yes
PART1106,Courier Partner 1106,National,4.29,partner1106@courier.example.com,Basic,Yes
PART1107,Courier Partner 1107,National,4.5,partner1107@courier.example.com,Priority,Yes
PART1108,Courier Partner 1108,Local,3.65,partner1108@courier.example.com,Premium,No
PART1109,Courier Partner 1109,National,4.17,partner1109@courier.example.com,Premium,No
PART1110,Courier Partner 1110,Local,3.78,partner1110@courier.example.com,Premium,Yes
PART1111,Courier Partner 1111,Local,4.43,partner1111@courier.example.com,Premium,Yes
PART1112,Courier Partner 1112,International,3.33,partner1112@courier.example.com,Basic,Yes
PART1113,Courier Partner 1113,National,3.51,partner1113@courier.example.com,Priority,Yes
PART1114,Courier Partner 1114,National,3.85,partner1114@courier.example.com,Priority,Yes
PART1115,Courier Partner 1115,Local,4.78,partner1115@courier.example.com,Premium,Yes
PART1116,Courier Partner 1116,Local,4.15,partner1116@courier.example.com,Premium,Yes
PART1117,Courier Partner 1117,National,4.93,partner1117@courier.example.com,Priority,Yes
PART1118,Courier Partner 1118,Local,3.21,partner1118@courier.example.com,Basic,Yes
PART1119,Courier Partner 1119,Local,3.92,partner1119@courier.example.com,Priority,Yes
PART1120,Courier Partner 1120,Local,3.84,partner1120@courier.example.com,Premium,Yes
PART1121,Courier Partner 1121,National,4.2,partner1121@courier.example.com,Basic,Yes
PART1122,Courier Partner 1122,International,4.62,partner1122@courier.example.com,Premium,Yes
PART1123,Courier Partner 1123,National,4.68,partner1123@courier.example.com,Premium,Yes
PART1124,Courier Partner 1124,International,4.34,partner1124@courier.example.com,Basic,Yes
PART1125,Courier Partner 1125,National,4.28,partner1125@courier.example.com,Premium,Yes
PART1126,Courier Partner 1126,National,4.9,partner1126@courier.example.com,Premium,Yes
PART1127,Courier Partner 1127,National,3.77,partner1127@courier.example.com,Premium,No
PART1128,Courier Partner 1128,National,4.67,partner1128@courier.example.com,Basic,Yes
PART1129,Courier Partner 1129,Local,4.84,partner1129@courier.example.com,Premium,Yes
PART1130,Courier Partner 1130,National,3.98,partner1130@courier.example.com,Premium,Yes
PART1131,Courier Partner 1131,Local,4.46,partner1131@courier.example.com,Priority,Yes
PART1132,Courier Partner 1132,Local,3.75,partner1132@courier.example.com,Priority,Yes
PART1133,Courier Partner 1133,International,3.32,partner1133@courier.example.com,Priority,Yes
PART1134,Courier Partner 1134,Local,4.17,partner1134@courier.example.com,Basic,Yes
PART1135,Courier Partner 1135,International,3.39,partner1135@courier.example.com,Premium,Yes
PART1136,Courier Partner 1136,National,3.92,partner1136@courier.example.com,Basic,Yes
PART1137,Courier Partner 1137,Local,4.75,partner1137@courier.example.com,Basic,Yes
PART1138,Courier Partner 1138,National,3.17,partner1138@courier.example.com,Basic,Yes
PART1139,Courier Partner 1139,National,3.06,partner1139@courier.example.com,Priority,Yes
PART1140,Courier Partner 1140,Local,4.21,partner1140@courier.example.com,Basic,Yes
PART1141,Courier Partner 1141,National,3.66,partner1141@courier.example.com,Basic,Yes
PART1142,Courier Partner 1142,National,3.84,partner1142@courier.example.com,Basic,Yes
PART1143,Courier Partner 1143,Local,3.81,partner1143@courier.example.com,Premium,Yes
PART1144,Courier Partner 1144,Local,3.17,partner1144@courier.example.com,Priority,Yes
PART1145,Courier Partner 1145,Local,3.01,partner1145@courier.example.com,Basic,No
PART1146,Courier Partner 1146,Local,4.8,partner1146@courier.example.com,Premium,Yes
PART1147,Courier Partner 1147,Local,3.44,partner1147@courier.example.com,Basic,Yes
PART1148,Courier Partner 1148,National,3.85,partner1148@courier.example.com,Basic,Yes
PART1149,Courier Partner 1149,Local,4.94,partner1149@courier.example.com,Basic,Yes
PART1150,Courier Partner 1150,National,4.65,partner1150@courier.example.com,Basic,No
PART1151,Courier Partner 1151,Local,3.22,partner1151@courier.example.com,Premium,Yes
PART1152,Courier Partner 1152,National,4.02,partner1152@courier.example.com,Basic,Yes
PART1153,Courier Partner 1153,National,4.46,partner1153@courier.example.com,Premium,Yes
PART1154,Courier Partner 1154,National,4.4,partner1154@courier.example.com,Priority,Yes
PART1155,Courier Partner 1155,National,4.52,partner1155@courier.example.com,Basic,Yes
PART1156,Courier Partner 1156,Local,3.91,partner1156@courier.example.com,Basic,Yes
PART1157,Courier Partner 1157,National,3.35,partner1157@courier.example.com,Premium,Yes
PART1158,Courier Partner 1158,Local,3.93,partner1158@courier.example.com,Basic,Yes
PART1159,Courier Partner 1159,Local,4.3,partner1159@courier.example.com,Basic,Yes
PART1160,Courier Partner 1160,Local,4.22,partner1160@courier.example.com,Basic,Yes
PART1161,Courier Partner 1161,National,3.14,partner1161@courier.example.com,Priority,Yes
PART1162,Courier Partner 1162,Local,3.13,partner1162@courier.example.com,Premium,Yes
PART1163,Courier Partner 1163,National,4.93,partner1163@courier.example.com,Basic,Yes
PART1164,Courier Partner 1164,National,3.3,partner1164@courier.example.com,Basic,Yes
PART1165,Courier Partner 1165,International,3.59,partner1165@courier.example.com,Basic,Yes
PART1166,Courier Partner 1166,Local,4.54,partner1166@courier.example.com,Basic,Yes
PART1167,Courier Partner 1167,Local,3.82,partner1167@courier.example.com,Premium,Yes
PART1168,Courier Partner 1168,Local,3.36,partner1168@courier.example.com,Premium,Yes
PART1169,Courier Partner 1169,Local,3.93,partner1169@courier.example.com,Basic,Yes
PART1170,Courier Partner 1170,National,4.14,partner1170@courier.example.com,Basic,Yes
PART1171,Courier Partner 1171,National,3.91,partner1171@courier.example.com,Basic,No
PART1172,Courier Partner 1172,National,4.84,partner1172@courier.example.com,Basic,Yes
PART1173,Courier Partner 1173,National,3.57,partner1173@courier.example.com,Priority,Yes
PART1174,Courier Partner 1174,International,4.32,partner1174@courier.example.com,Basic,Yes
PART1175,Courier Partner 1175,Local,3.22,partner1175@courier.example.com,Basic,Yes
PART1176,Courier Partner 1176,International,3.78,partner1176@courier.example.com,Basic,Yes
PART1177,Courier Partner 1177,Local,4.48,partner1177@courier.example.com,Premium,Yes
PART1178,Courier Partner 1178,National,3.45,partner1178@courier.example.com,Priority,Yes
PART1179,Courier Partner 1179,National,4.18,partner1179@courier.example.com,Basic,Yes
PART1180,Courier Partner 1180,National,3.31,partner1180@courier.example.com,Basic,Yes
PART1181,Courier Partner 1181,National,3.21,partner1181@courier.example.com,Basic,Yes
PART1182,Courier Partner 1182,National,4.05,partner1182@courier.example.com,Premium,Yes
PART1183,Courier Partner 1183,International,4.35,partner1183@courier.example.com,Premium,Yes
PART1184,Courier Partner 1184,National,3.23,partner1184@courier.example.com,Premium,Yes
PART1185,Courier Partner 1185,National,4.84,partner1185@courier.example.com,Premium,Yes
PART1186,Courier Partner 1186,Local,3.45,partner1186@courier.example.com,Priority,No
PART1187,Courier Partner 1187,Local,3.24,partner1187@courier.example.com,Basic,Yes
PART1188,Courier Partner 1188,International,3.41,partner1188@courier.example.com,Premium,Yes
PART1189,Courier Partner 1189,National,3.34,partner1189@courier.example.com,Premium,No
PART1190,Courier Partner 1190,National,3.18,partner1190@courier.example.com,Premium,Yes
PART1191,Courier Partner 1191,Local,4.6,partner1191@courier.example.com,Basic,Yes
PART1192,Courier Partner 1192,Local,3.99,partner1192@courier.example.com,Basic,Yes
PART1193,Courier Partner 1193,Local,3.78,partner1193@courier.example.com,Basic,Yes
PART1194,Courier Partner 1194,National,4.9,partner1194@courier.example.com,Basic,Yes
PART1195,Courier Partner 1195,Local,3.74,partner1195@courier.example.com,Premium,Yes
PART1196,Courier Partner 1196,Local,3.33,partner1196@courier.example.com,Basic,Yes
PART1197,Courier Partner 1197,National,3.55,partner1197@courier.example.com,Premium,Yes
PART1198,Courier Partner 1198,National,3.48,partner1198@courier.example.com,Priority,Yes
PART1199,Courier Partner 1199,Local,4.0,partner1199@courier.example.com,Basic,Yes
PART1200,Courier Partner 1200,National,3.58,partner1200@courier.example.com,Basic,Yes
PART1201,Courier Partner 1201,International,4.03,partner1201@courier.example.com,Priority,Yes
PART1202,Courier Partner 1202,National,4.34,partner1202@courier.example.com,Premium,Yes
PART1203,Courier Partner 1203,National,4.55,partner1203@courier.example.com,Basic,Yes
PART1204,Courier Partner 1204,International,4.42,partner1204@courier.example.com,Basic,Yes
PART1205,Courier Partner 1205,Local,3.41,partner1205@courier.example.com,Premium,Yes
PART1206,Courier Partner 1206,Local,3.23,partner1206@courier.example.com,Premium,Yes
PART1207,Courier Partner 1207,National,4.08,partner1207@courier.example.com,Premium,Yes
PART1208,Courier Partner 1208,National,3.4,partner1208@courier.example.com,Premium,Yes
PART1209,Courier Partner 1209,Local,3.17,partner1209@courier.example.com,Premium,Yes
PART1210,Courier Partner 1210,Local,4.05,partner1210@courier.example.com,Basic,Yes
PART1211,Courier Partner 1211,National,3.65,partner1211@courier.example.com,Premium,Yes
PART1212,Courier Partner 1212,Local,4.51,partner1212@courier.example.com,Priority,Yes
PART1213,Courier Partner 1213,International,3.63,partner1213@courier.example.com,Basic,Yes
PART1214,Courier Partner 1214,Local,4.96,partner1214@courier.example.com,Premium,Yes
PART1215,Courier Partner 1215,International,4.52,partner1215@courier.example.com,Basic,Yes
PART1216,Courier Partner 1216,Local,3.12,partner1216@courier.example.com,Basic,No
PART1217,Courier Partner 1217,Local,4.02,partner1217@courier.example.com,Priority,Yes
PART1218,Courier Partner 1218,Local,4.13,partner1218@courier.example.com,Basic,Yes
PART1219,Courier Partner 1219,International,4.39,partner1219@courier.example.com,Basic,Yes
PART1220,Courier Partner 1220,Local,4.0,partner1220@courier.example.com,Premium,Yes
PART1221,Courier Partner 1221,National,3.97,partner1221@courier.example.com,Basic,Yes
PART1222,Courier Partner 1222,National,3.74,partner1222@courier.example.com,Premium,Yes
PART1223,Courier Partner 1223,National,3.54,partner1223@courier.example.com,Basic,Yes
PART1224,Courier Partner 1224,Local,4.89,partner1224@courier.example.com,Basic,Yes
PART1225,Courier Partner 1225,International,3.64,partner1225@courier.example.com,Basic,Yes
PART1226,Courier Partner 1226,National,3.13,partner1226@courier.example.com,Premium,Yes
PART1227,Courier Partner 1227,Local,3.33,partner1227@courier.example.com,Premium,Yes
PART1228,Courier Partner 1228,National,4.71,partner1228@courier.example.com,Premium,Yes
PART1229,Courier Partner 1229,International,4.17,partner1229@courier.example.com,Premium,Yes
PART1230,Courier Partner 1230,International,4.56,partner1230@courier.example.com,Basic,Yes
PART1231,Courier Partner 1231,Local,4.62,partner1231@courier.example.com,Premium,Yes
PART1232,Courier Partner 1232,National,4.65,partner1232@courier.example.com,Basic,Yes
PART1233,Courier Partner 1233,Local,4.1,partner1233@courier.example.com,Basic,Yes
PART1234,Courier Partner 1234,Local,3.35,partner1234@courier.example.com,Premium,Yes
PART1235,Courier Partner 1235,Local,3.3,partner1235@courier.example.com,Basic,Yes
PART1236,Courier Partner 1236,Local,4.15,partner1236@courier.example.com,Premium,Yes
PART1237,Courier Partner 1237,National,3.73,partner1237@courier.example.com,Basic,Yes
PART1238,Courier Partner 1238,National,4.12,partner1238@courier.example.com,Premium,Yes
PART1239,Courier Partner 1239,Local,4.0,partner1239@courier.example.com,Basic,Yes
PART1240,Courier Partner 1240,Local,4.2,partner1240@courier.example.com,Priority,Yes
PART1241,Courier Partner 1241,Local,3.06,partner1241@courier.example.com,Basic,Yes
PART1242,Courier Partner 1242,International,3.07,partner1242@courier.example.com,Premium,Yes
PART1243,Courier Partner 1243,National,4.44,partner1243@courier.example.com,Priority,Yes
PART1244,Courier Partner 1244,Local,3.39,partner1244@courier.example.com,Premium,No
PART1245,Courier Partner 1245,International,4.3,partner1245@courier.example.com,Premium,Yes
PART1246,Courier Partner 1246,Local,4.09,partner1246@courier.example.com,Premium,Yes
PART1247,Courier Partner 1247,National,4.96,partner1247@courier.example.com,Premium,Yes
PART1248,Courier Partner 1248,International,4.67,partner1248@courier.example.com,Premium,Yes
PART1249,Courier Partner 1249,Local,3.83,partner1249@courier.example.com,Basic,Yes
PART1250,Courier Partner 1250,National,4.23,partner1250@courier.example.com,Priority,Yes
PART1251,Courier Partner 1251,Local,3.23,partner1251@courier.example.com,Premium,Yes
PART1252,Courier Partner 1252,Local,3.77,partner1252@courier.example.com,Premium,Yes
PART1253,Courier Partner 1253,National,4.47,partner1253@courier.example.com,Basic,Yes
PART1254,Courier Partner 1254,International,4.25,partner1254@courier.example.com,Priority,Yes
PART1255,Courier Partner 1255,National,3.97,partner1255@courier.example.com,Basic,Yes
PART1256,Courier Partner 1256,International,3.35,partner1256@courier.example.com,Premium,Yes
PART1257,Courier Partner 1257,International,4.61,partner1257@courier.example.com,Basic,Yes
PART1258,Courier Partner 1258,Local,3.55,partner1258@courier.example.com,Premium,Yes
PART1259,Courier Partner 1259,Local,4.64,partner1259@courier.example.com,Premium,Yes
PART1260,Courier Partner 1260,National,4.22,partner1260@courier.example.com,Basic,Yes
PART1261,Courier Partner 1261,National,3.75,partner1261@courier.example.com,Premium,Yes
PART1262,Courier Partner 1262,Local,3.08,partner1262@courier.example.com,Basic,Yes
PART1263,Courier Partner 1263,International,3.46,partner1263@courier.example.com,Premium,Yes
PART1264,Courier Partner 1264,National,4.78,partner1264@courier.example.com,Premium,Yes
PART1265,Courier Partner 1265,Local,4.64,partner1265@courier.example.com,Basic,Yes
PART1266,Courier Partner 1266,National,4.15,partner1266@courier.example.com,Premium,Yes
PART1267,Courier Partner 1267,Local,3.93,partner1267@courier.example.com,Premium,No
PART1268,Courier Partner 1268,National,4.29,partner1268@courier.example.com,Basic,Yes
PART1269,Courier Partner 1269,International,3.93,partner1269@courier.example.com,Priority,Yes
PART1270,Courier Partner 1270,National,4.29,partner1270@courier.example.com,Premium,Yes
PART1271,Courier Partner 1271,Local,3.61,partner1271@courier.example.com,Basic,Yes
PART1272,Courier Partner 1272,National,4.68,partner1272@courier.example.com,Basic,Yes
PART1273,Courier Partner 1273,National,4.4,partner1273@courier.example.com,Premium,Yes
PART1274,Courier Partner 1274,Local,3.66,partner1274@courier.example.com,Basic,Yes
PART1275,Courier Partner 1275,Local,4.66,partner1275@courier.example.com,Basic,Yes
PART1276,Courier Partner 1276,National,3.97,partner1276@courier.example.com,Basic,Yes
PART1277,Courier Partner 1277,National,3.35,partner1277@courier.example.com,Premium,Yes
PART1278,Courier Partner 1278,Local,3.16,partner1278@courier.example.com,Premium,Yes
PART1279,Courier Partner 1279,Local,4.4,partner1279@courier.example.com,Basic,Yes
PART1280,Courier Partner 1280,Local,4.73,partner1280@courier.example.com,Premium,No
PART1281,Courier Partner 1281,Local,4.61,partner1281@courier.example.com,Priority,Yes
PART1282,Courier Partner 1282,National,4.31,partner1282@courier.example.com,Priority,Yes
PART1283,Courier Partner 1283,Local,3.28,partner1283@courier.example.com,Priority,Yes
PART1284,Courier Partner 1284,Local,3.19,partner1284@courier.example.com,Premium,Yes
PART1285,Courier Partner 1285,National,3.69,partner1285@courier.example.com,Basic,No
PART1286,Courier Partner 1286,Local,4.71,partner1286@courier.example.com,Basic,Yes
PART1287,Courier Partner 1287,National,4.92,partner1287@courier.example.com,Basic,Yes
PART1288,Courier Partner 1288,International,3.48,partner1288@courier.example.com,Premium,Yes
PART1289,Courier Partner 1289,National,4.52,partner1289@courier.example.com,Priority,Yes
PART1290,Courier Partner 1290,National,4.15,partner1290@courier.example.com,Basic,Yes
PART1291,Courier Partner 1291,Local,3.06,partner1291@courier.example.com,Premium,Yes
PART1292,Courier Partner 1292,Local,4.09,partner1292@courier.example.com,Premium,Yes
PART1293,Courier Partner 1293,National,4.61,partner1293@courier.example.com,Basic,Yes
PART1294,Courier Partner 1294,National,3.55,partner1294@courier.example.com,Premium,Yes
PART1295,Courier Partner 1295,Local,4.79,partner1295@courier.example.com,Basic,Yes
PART1296,Courier Partner 1296,National,3.47,partner1296@courier.example.com,Priority,Yes
PART1297,Courier Partner 1297,International,3.15,partner1297@courier.example.com,Premium,Yes
PART1298,Courier Partner 1298,Local,3.32,partner1298@courier.example.com,Premium,Yes
PART1299,Courier Partner 1299,National,4.67,partner1299@courier.example.com,Basic,Yes
PART1300,Courier Partner 1300,National,3.83,partner1300@courier.example.com,Premium,Yes
PART1301,Courier Partner 1301,National,4.59,partner1301@courier.example.com,Basic,Yes
PART1302,Courier Partner 1302,National,4.06,partner1302@courier.example.com,Basic,Yes
PART1303,Courier Partner 1303,National,3.96,partner1303@courier.example.com,Basic,Yes
PART1304,Courier Partner 1304,Local,4.61,partner1304@courier.example.com,Basic,Yes
PART1305,Courier Partner 1305,Local,3.85,partner1305@courier.example.com,Premium,Yes
PART1306,Courier Partner 1306,Local,4.6,partner1306@courier.example.com,Basic,Yes
PART1307,Courier Partner 1307,National,3.2,partner1307@courier.example.com,Priority,Yes
PART1308,Courier Partner 1308,National,4.27,partner1308@courier.example.com,Basic,Yes
PART1309,Courier Partner 1309,International,4.41,partner1309@courier.example.com,Basic,Yes
PART1310,Courier Partner 1310,National,4.8,partner1310@courier.example.com,Priority,Yes
PART1311,Courier Partner 1311,National,3.45,partner1311@courier.example.com,Basic,Yes
PART1312,Courier Partner 1312,National,4.21,partner1312@courier.example.com,Basic,Yes
PART1313,Courier Partner 1313,Local,3.87,partner1313@courier.example.com,Basic,No
PART1314,Courier Partner 1314,National,3.77,partner1314@courier.example.com,Premium,Yes
PART1315,Courier Partner 1315,National,3.21,partner1315@courier.example.com,Premium,Yes
PART1316,Courier Partner 1316,International,3.27,partner1316@courier.example.com,Basic,Yes
PART1317,Courier Partner 1317,Local,4.67,partner1317@courier.example.com,Premium,Yes
PART1318,Courier Partner 1318,International,4.5,partner1318@courier.example.com,Premium,Yes
PART1319,Courier Partner 1319,National,3.76,partner1319@courier.example.com,Priority,Yes
PART1320,Courier Partner 1320,Local,4.66,partner1320@courier.example.com,Basic,Yes
PART1321,Courier Partner 1321,Local,3.16,partner1321@courier.example.com,Premium,Yes
PART1322,Courier Partner 1322,Local,4.25,partner1322@courier.example.com,Basic,Yes
PART1323,Courier Partner 1323,National,4.74,partner1323@courier.example.com,Basic,Yes
PART1324,Courier Partner 1324,Local,4.68,partner1324@courier.example.com,Basic,Yes
PART1325,Courier Partner 1325,Local,3.75,partner1325@courier.example.com,Premium,Yes
PART1326,Courier Partner 1326,International,4.49,partner1326@courier.example.com,Premium,Yes
PART1327,Courier Partner 1327,National,3.85,partner1327@courier.example.com,Premium,Yes
PART1328,Courier Partner 1328,National,4.68,partner1328@courier.example.com,Premium,Yes
PART1329,Courier Partner 1329,Local,4.06,partner1329@courier.example.com,Premium,Yes
PART1330,Courier Partner 1330,National,4.53,partner1330@courier.example.com,Premium,Yes
PART1331,Courier Partner 1331,Local,3.16,partner1331@courier.example.com,Basic,Yes
PART1332,Courier Partner 1332,National,4.18,partner1332@courier.example.com,Basic,Yes
PART1333,Courier Partner 1333,Local,4.1,partner1333@courier.example.com,Basic,No
PART1334,Courier Partner 1334,National,4.22,partner1334@courier.example.com,Basic,Yes
PART1335,Courier Partner 1335,National,4.39,partner1335@courier.example.com,Premium,No
PART1336,Courier Partner 1336,National,4.84,partner1336@courier.example.com,Premium,Yes
PART1337,Courier Partner 1337,National,4.57,partner1337@courier.example.com,Premium,Yes
PART1338,Courier Partner 1338,Local,3.44,partner1338@courier.example.com,Basic,Yes
PART1339,Courier Partner 1339,Local,4.65,partner1339@courier.example.com,Premium,Yes
PART1340,Courier Partner 1340,National,3.24,partner1340@courier.example.com,Basic,Yes
PART1341,Courier Partner 1341,National,4.24,partner1341@courier.example.com,Priority,Yes
PART1342,Courier Partner 1342,Local,4.77,partner1342@courier.example.com,Basic,Yes
PART1343,Courier Partner 1343,Local,3.2,partner1343@courier.example.com,Premium,Yes
PART1344,Courier Partner 1344,National,4.7,partner1344@courier.example.com,Premium,Yes
PART1345,Courier Partner 1345,International,4.6,partner1345@courier.example.com,Priority,Yes
PART1346,Courier Partner 1346,National,4.01,partner1346@courier.example.com,Basic,Yes
PART1347,Courier Partner 1347,National,3.62,partner1347@courier.example.com,Basic,Yes
PART1348,Courier Partner 1348,National,3.81,partner1348@courier.example.com,Basic,Yes
PART1349,Courier Partner 1349,Local,4.94,partner1349@courier.example.com,Basic,Yes
PART1350,Courier Partner 1350,Local,3.4,partner1350@courier.example.com,Premium,Yes
PART1351,Courier Partner 1351,National,4.16,partner1351@courier.example.com,Priority,Yes
PART1352,Courier Partner 1352,National,3.17,partner1352@courier.example.com,Basic,Yes
PART1353,Courier Partner 1353,National,3.44,partner1353@courier.example.com,Premium,Yes
PART1354,Courier Partner 1354,National,4.53,partner1354@courier.example.com,Priority,Yes
PART1355,Courier Partner 1355,International,3.61,partner1355@courier.example.com,Basic,Yes
PART1356,Courier Partner 1356,National,4.97,partner1356@courier.example.com,Premium,Yes
PART1357,Courier Partner 1357,Local,4.0,partner1357@courier.example.com,Priority,Yes
PART1358,Courier Partner 1358,Local,4.03,partner1358@courier.example.com,Priority,Yes
PART1359,Courier Partner 1359,National,3.07,partner1359@courier.example.com,Premium,Yes
PART1360,Courier Partner 1360,National,4.91,partner1360@courier.example.com,Basic,Yes
PART1361,Courier Partner 1361,Local,3.35,partner1361@courier.example.com,Basic,Yes
PART1362,Courier Partner 1362,International,4.08,partner1362@courier.example.com,Premium,Yes
PART1363,Courier Partner 1363,International,3.79,partner1363@courier.example.com,Basic,No
PART1364,Courier Partner 1364,National,3.83,partner1364@courier.example.com,Basic,Yes
PART1365,Courier Partner 1365,Local,4.29,partner1365@courier.example.com,Premium,Yes
PART1366,Courier Partner 1366,Local,4.32,partner1366@courier.example.com,Premium,Yes
PART1367,Courier Partner 1367,Local,3.31,partner1367@courier.example.com,Premium,Yes
PART1368,Courier Partner 1368,Local,4.0,partner1368@courier.example.com,Basic,Yes
PART1369,Courier Partner 1369,National,4.58,partner1369@courier.example.com,Basic,Yes
PART1370,Courier Partner 1370,Local,3.89,partner1370@courier.example.com,Premium,Yes
PART1371,Courier Partner 1371,National,3.33,partner1371@courier.example.com,Premium,Yes
PART1372,Courier Partner 1372,Local,3.63,partner1372@courier.example.com,Premium,Yes
PART1373,Courier Partner 1373,Local,3.42,partner1373@courier.example.com,Priority,Yes
PART1374,Courier Partner 1374,National,3.25,partner1374@courier.example.com,Priority,Yes
PART1375,Courier Partner 1375,International,3.76,partner1375@courier.example.com,Premium,Yes
PART1376,Courier Partner 1376,National,4.08,partner1376@courier.example.com,Basic,Yes
PART1377,Courier Partner 1377,National,3.15,partner1377@courier.example.com,Premium,Yes
PART1378,Courier Partner 1378,National,4.21,partner1378@courier.example.com,Premium,Yes
PART1379,Courier Partner 1379,National,4.99,partner1379@courier.example.com,Basic,Yes
PART1380,Courier Partner 1380,National,4.93,partner1380@courier.example.com,Premium,Yes
PART1381,Courier Partner 1381,Local,4.66,partner1381@courier.example.com,Basic,Yes
PART1382,Courier Partner 1382,National,3.53,partner1382@courier.example.com,Premium,Yes
PART1383,Courier Partner 1383,Local,3.04,partner1383@courier.example.com,Basic,Yes
PART1384,Courier Partner 1384,International,4.67,partner1384@courier.example.com,Premium,Yes
PART1385,Courier Partner 1385,Local,3.11,partner1385@courier.example.com,Priority,Yes
PART1386,Courier Partner 1386,International,3.41,partner1386@courier.example.com,Basic,Yes
PART1387,Courier Partner 1387,International,4.09,partner1387@courier.example.com,Premium,Yes
PART1388,Courier Partner 1388,Local,3.36,partner1388@courier.example.com,Basic,Yes
PART1389,Courier Partner 1389,International,4.67,partner1389@courier.example.com,Priority,Yes
PART1390,Courier Partner 1390,Local,4.55,partner1390@courier.example.com,Premium,Yes
PART1391,Courier Partner 1391,Local,4.51,partner1391@courier.example.com,Priority,Yes
PART1392,Courier Partner 1392,Local,4.63,partner1392@courier.example.com,Priority,Yes
PART1393,Courier Partner 1393,International,3.44,partner1393@courier.example.com,Premium,Yes
PART1394,Courier Partner 1394,National,4.46,partner1394@courier.example.com,Basic,Yes
PART1395,Courier Partner 1395,National,3.71,partner1395@courier.example.com,Basic,Yes
PART1396,Courier Partner 1396,National,4.33,partner1396@courier.example.com,Premium,Yes
PART1397,Courier Partner 1397,International,3.24,partner1397@courier.example.com,Premium,Yes
PART1398,Courier Partner 1398,National,4.41,partner1398@courier.example.com,Premium,Yes
PART1399,Courier Partner 1399,Local,4.94,partner1399@courier.example.com,Basic,Yes
PART1400,Courier Partner 1400,Local,3.09,partner1400@courier.example.com,Basic,Yes
PART1401,Courier Partner 1401,Local,3.19,partner1401@courier.example.com,Premium,Yes
PART1402,Courier Partner 1402,National,3.25,partner1402@courier.example.com,Basic,Yes
PART1403,Courier Partner 1403,Local,3.86,partner1403@courier.example.com,Premium,Yes
PART1404,Courier Partner 1404,Local,3.58,partner1404@courier.example.com,Premium,Yes
PART1405,Courier Partner 1405,National,4.61,partner1405@courier.example.com,Premium,Yes
PART1406,Courier Partner 1406,Local,3.95,partner1406@courier.example.com,Basic,Yes
PART1407,Courier Partner 1407,National,3.97,partner1407@courier.example.com,Priority,Yes
PART1408,Courier Partner 1408,Local,4.43,partner1408@courier.example.com,Basic,Yes
PART1409,Courier Partner 1409,Local,3.72,partner1409@courier.example.com,Basic,Yes
PART1410,Courier Partner 1410,Local,3.71,partner1410@courier.example.com,Premium,Yes
PART1411,Courier Partner 1411,Local,4.51,partner1411@courier.example.com,Basic,Yes
PART1412,Courier Partner 1412,National,4.56,partner1412@courier.example.com,Basic,Yes
PART1413,Courier Partner 1413,Local,3.03,partner1413@courier.example.com,Basic,Yes
PART1414,Courier Partner 1414,Local,3.29,partner1414@courier.example.com,Premium,No
PART1415,Courier Partner 1415,National,3.43,partner1415@courier.example.com,Priority,Yes
PART1416,Courier Partner 1416,National,3.7,partner1416@courier.example.com,Premium,Yes
PART1417,Courier Partner 1417,National,3.58,partner1417@courier.example.com,Premium,Yes
PART1418,Courier Partner 1418,International,4.34,partner1418@courier.example.com,Basic,Yes
PART1419,Courier Partner 1419,National,4.66,partner1419@courier.example.com,Basic,Yes
PART1420,Courier Partner 1420,Local,3.38,partner1420@courier.example.com,Basic,Yes
PART1421,Courier Partner 1421,National,4.13,partner1421@courier.example.com,Priority,Yes
PART1422,Courier Partner 1422,National,3.74,partner1422@courier.example.com,Basic,Yes
PART1423,Courier Partner 1423,Local,4.01,partner1423@courier.example.com,Priority,Yes
PART1424,Courier Partner 1424,Local,4.24,partner1424@courier.example.com,Basic,Yes
PART1425,Courier Partner 1425,Local,4.79,partner1425@courier.example.com,Premium,Yes
PART1426,Courier Partner 1426,Local,3.38,partner1426@courier.example.com,Priority,Yes
PART1427,Courier Partner 1427,Local,3.17,partner1427@courier.example.com,Basic,Yes
PART1428,Courier Partner 1428,Local,4.25,partner1428@courier.example.com,Premium,Yes
PART1429,Courier Partner 1429,National,3.79,partner1429@courier.example.com,Basic,No
PART1430,Courier Partner 1430,International,3.33,partner1430@courier.example.com,Basic,Yes
PART1431,Courier Partner 1431,National,3.23,partner1431@courier.example.com,Basic,Yes
PART1432,Courier Partner 1432,National,4.12,partner1432@courier.example.com,Premium,Yes
PART1433,Courier Partner 1433,Local,3.6,partner1433@courier.example.com,Basic,No
PART1434,Courier Partner 1434,International,4.99,partner1434@courier.example.com,Basic,Yes
PART1435,Courier Partner 1435,National,3.81,partner1435@courier.example.com,Priority,Yes
PART1436,Courier Partner 1436,Local,3.42,partner1436@courier.example.com,Basic,Yes
PART1437,Courier Partner 1437,Local,4.26,partner1437@courier.example.com,Basic,Yes
PART1438,Courier Partner 1438,Local,3.49,partner1438@courier.example.com,Priority,Yes
PART1439,Courier Partner 1439,Local,3.99,partner1439@courier.example.com,Basic,Yes
PART1440,Courier Partner 1440,Local,3.97,partner1440@courier.example.com,Basic,Yes
PART1441,Courier Partner 1441,Local,3.91,partner1441@courier.example.com,Premium,Yes
PART1442,Courier Partner 1442,Local,4.59,partner1442@courier.example.com,Basic,Yes
PART1443,Courier Partner 1443,Local,3.43,partner1443@courier.example.com,Basic,Yes
PART1444,Courier Partner 1444,International,4.81,partner1444@courier.example.com,Basic,Yes
PART1445,Courier Partner 1445,Local,4.58,partner1445@courier.example.com,Premium,Yes
PART1446,Courier Partner 1446,Local,3.67,partner1446@courier.example.com,Basic,Yes
PART1447,Courier Partner 1447,National,3.36,partner1447@courier.example.com,Basic,Yes
PART1448,Courier Partner 1448,National,3.56,partner1448@courier.example.com,Basic,Yes
PART1449,Courier Partner 1449,Local,3.67,partner1449@courier.example.com,Basic,Yes
PART1450,Courier Partner 1450,National,4.11,partner1450@courier.example.com,Premium,Yes
PART1451,Courier Partner 1451,Local,3.09,partner1451@courier.example.com,Basic,Yes
PART1452,Courier Partner 1452,Local,4.83,partner1452@courier.example.com,Premium,Yes
PART1453,Courier Partner 1453,Local,3.2,partner1453@courier.example.com,Premium,Yes
PART1454,Courier Partner 1454,National,3.56,partner1454@courier.example.com,Basic,Yes
PART1455,Courier Partner 1455,Local,3.22,partner1455@courier.example.com,Basic,Yes
PART1456,Courier Partner 1456,National,3.51,partner1456@courier.example.com,Basic,Yes
PART1457,Courier Partner 1457,Local,4.68,partner1457@courier.example.com,Basic,Yes
PART1458,Courier Partner 1458,National,4.23,partner1458@courier.example.com,Premium,Yes
PART1459,Courier Partner 1459,Local,3.45,partner1459@courier.example.com,Premium,Yes
PART1460,Courier Partner 1460,National,4.74,partner1460@courier.example.com,Basic,Yes
PART1461,Courier Partner 1461,National,4.6,partner1461@courier.example.com,Premium,Yes
PART1462,Courier Partner 1462,National,4.51,partner1462@courier.example.com,Priority,Yes
PART1463,Courier Partner 1463,Local,4.7,partner1463@courier.example.com,Basic,Yes
PART1464,Courier Partner 1464,National,4.24,partner1464@courier.example.com,Premium,Yes
PART1465,Courier Partner 1465,National,4.0,partner1465@courier.example.com,Premium,Yes
PART1466,Courier Partner 1466,Local,3.75,partner1466@courier.example.com,Basic,Yes
PART1467,Courier Partner 1467,International,3.45,partner1467@courier.example.com,Premium,Yes
PART1468,Courier Partner 1468,National,4.11,partner1468@courier.example.com,Priority,Yes
PART1469,Courier Partner 1469,National,4.78,partner1469@courier.example.com,Basic,No
PART1470,Courier Partner 1470,Local,4.19,partner1470@courier.example.com,Premium,Yes
PART1471,Courier Partner 1471,National,4.84,partner1471@courier.example.com,Basic,Yes
PART1472,Courier Partner 1472,Local,3.71,partner1472@courier.example.com,Basic,Yes
PART1473,Courier Partner 1473,Local,4.39,partner1473@courier.example.com,Premium,Yes
PART1474,Courier Partner 1474,Local,4.3,partner1474@courier.example.com,Basic,Yes
PART1475,Courier Partner 1475,National,4.34,partner1475@courier.example.com,Premium,Yes
PART1476,Courier Partner 1476,Local,4.29,partner1476@courier.example.com,Basic,Yes
PART1477,Courier Partner 1477,National,3.44,partner1477@courier.example.com,Premium,Yes
PART1478,Courier Partner 1478,Local,3.29,partner1478@courier.example.com,Premium,Yes
PART1479,Courier Partner 1479,Local,4.96,partner1479@courier.example.com,Premium,Yes
PART1480,Courier Partner 1480,National,3.09,partner1480@courier.example.com,Basic,Yes
PART1481,Courier Partner 1481,National,3.94,partner1481@courier.example.com,Basic,Yes
PART1482,Courier Partner 1482,Local,3.85,partner1482@courier.example.com,Basic,Yes
PART1483,Courier Partner 1483,Local,3.72,partner1483@courier.example.com,Premium,Yes
PART1484,Courier Partner 1484,Local,4.56,partner1484@courier.example.com,Basic,Yes
PART1485,Courier Partner 1485,National,4.49,partner1485@courier.example.com,Premium,Yes
PART1486,Courier Partner 1486,Local,4.81,partner1486@courier.example.com,Basic,Yes
PART1487,Courier Partner 1487,National,3.79,partner1487@courier.example.com,Premium,Yes
PART1488,Courier Partner 1488,National,4.13,partner1488@courier.example.com,Premium,Yes
PART1489,Courier Partner 1489,Local,4.78,partner1489@courier.example.com,Basic,Yes
PART1490,Courier Partner 1490,Local,4.99,partner1490@courier.example.com,Premium,Yes
PART1491,Courier Partner 1491,Local,4.94,partner1491@courier.example.com,Basic,Yes
PART1492,Courier Partner 1492,Local,4.44,partner1492@courier.example.com,Premium,Yes
PART1493,Courier Partner 1493,National,3.29,partner1493@courier.example.com,Premium,Yes
PART1494,Courier Partner 1494,National,3.05,partner1494@courier.example.com,Premium,Yes
PART1495,Courier Partner 1495,National,4.65,partner1495@courier.example.com,Priority,Yes
PART1496,Courier Partner 1496,Local,4.68,partner1496@courier.example.com,Premium,Yes
PART1497,Courier Partner 1497,International,4.49,partner1497@courier.example.com,Premium,Yes
PART1498,Courier Partner 1498,Local,3.56,partner1498@courier.example.com,Basic,Yes
PART1499,Courier Partner 1499,Local,4.28,partner1499@courier.example.com,Premium,Yes
PART1500,Courier Partner 1500,National,3.63,partner1500@courier.example.com,Basic,Yes
PART1501,Courier Partner 1501,National,3.9,partner1501@courier.example.com,Premium,Yes
PART1502,Courier Partner 1502,Local,3.76,partner1502@courier.example.com,Premium,Yes
PART1503,Courier Partner 1503,National,4.83,partner1503@courier.example.com,Premium,Yes
PART1504,Courier Partner 1504,National,3.47,partner1504@courier.example.com,Premium,Yes
PART1505,Courier Partner 1505,National,4.16,partner1505@courier.example.com,Premium,Yes
PART1506,Courier Partner 1506,Local,3.72,partner1506@courier.example.com,Basic,Yes
PART1507,Courier Partner 1507,National,4.33,partner1507@courier.example.com,Basic,Yes
PART1508,Courier Partner 1508,National,4.13,partner1508@courier.example.com,Premium,Yes
PART1509,Courier Partner 1509,National,4.85,partner1509@courier.example.com,Basic,Yes
PART1510,Courier Partner 1510,National,3.2,partner1510@courier.example.com,Premium,Yes
PART1511,Courier Partner 1511,International,3.44,partner1511@courier.example.com,Basic,Yes
PART1512,Courier Partner 1512,Local,4.53,partner1512@courier.example.com,Basic,Yes
PART1513,Courier Partner 1513,Local,3.74,partner1513@courier.example.com,Premium,Yes
PART1514,Courier Partner 1514,National,3.33,partner1514@courier.example.com,Premium,Yes
PART1515,Courier Partner 1515,Local,4.01,partner1515@courier.example.com,Basic,Yes
PART1516,Courier Partner 1516,Local,4.3,partner1516@courier.example.com,Basic,Yes
PART1517,Courier Partner 1517,National,3.09,partner1517@courier.example.com,Basic,Yes
PART1518,Courier Partner 1518,Local,3.58,partner1518@courier.example.com,Basic,Yes
PART1519,Courier Partner 1519,National,4.62,partner1519@courier.example.com,Basic,Yes
PART1520,Courier Partner 1520,National,4.04,partner1520@courier.example.com,Premium,Yes
PART1521,Courier Partner 1521,Local,3.07,partner1521@courier.example.com,Priority,Yes
PART1522,Courier Partner 1522,International,3.56,partner1522@courier.example.com,Basic,Yes
PART1523,Courier Partner 1523,Local,4.28,partner1523@courier.example.com,Basic,Yes
PART1524,Courier Partner 1524,National,3.4,partner1524@courier.example.com,Premium,Yes
PART1525,Courier Partner 1525,National,4.65,partner1525@courier.example.com,Priority,Yes
PART1526,Courier Partner 1526,Local,4.35,partner1526@courier.example.com,Basic,Yes
PART1527,Courier Partner 1527,Local,3.94,partner1527@courier.example.com,Basic,Yes
PART1528,Courier Partner 1528,Local,4.83,partner1528@courier.example.com,Basic,Yes
PART1529,Courier Partner 1529,National,3.78,partner1529@courier.example.com,Basic,Yes
PART1530,Courier Partner 1530,National,3.47,partner1530@courier.example.com,Premium,Yes
PART1531,Courier Partner 1531,Local,4.32,partner1531@courier.example.com,Priority,Yes
PART1532,Courier Partner 1532,National,4.15,partner1532@courier.example.com,Premium,Yes
PART1533,Courier Partner 1533,Local,3.67,partner1533@courier.example.com,Priority,Yes
PART1534,Courier Partner 1534,National,3.69,partner1534@courier.example.com,Basic,Yes
PART1535,Courier Partner 1535,International,3.8,partner1535@courier.example.com,Priority,Yes
PART1536,Courier Partner 1536,Local,3.58,partner1536@courier.example.com,Basic,Yes
PART1537,Courier Partner 1537,International,4.42,partner1537@courier.example.com,Basic,Yes
PART1538,Courier Partner 1538,National,4.3,partner1538@courier.example.com,Premium,Yes
PART1539,Courier Partner 1539,International,3.88,partner1539@courier.example.com,Basic,Yes
PART1540,Courier Partner 1540,Local,3.8,partner1540@courier.example.com,Basic,Yes
PART1541,Courier Partner 1541,Local,3.73,partner1541@courier.example.com,Premium,Yes
PART1542,Courier Partner 1542,Local,3.57,partner1542@courier.example.com,Basic,Yes
PART1543,Courier Partner 1543,National,3.17,partner1543@courier.example.com,Premium,Yes
PART1544,Courier Partner 1544,National,3.54,partner1544@courier.example.com,Basic,Yes
PART1545,Courier Partner 1545,Local,3.64,partner1545@courier.example.com,Premium,Yes
PART1546,Courier Partner 1546,National,4.1,partner1546@courier.example.com,Basic,Yes
PART1547,Courier Partner 1547,Local,4.55,partner1547@courier.example.com,Premium,Yes
PART1548,Courier Partner 1548,Local,3.79,partner1548@courier.example.com,Basic,No
PART1549,Courier Partner 1549,Local,4.89,partner1549@courier.example.com,Premium,Yes
PART1550,Courier Partner 1550,Local,4.65,partner1550@courier.example.com,Premium,Yes
PART1551,Courier Partner 1551,Local,4.97,partner1551@courier.example.com,Basic,Yes
PART1552,Courier Partner 1552,Local,4.75,partner1552@courier.example.com,Basic,Yes
PART1553,Courier Partner 1553,National,4.23,partner1553@courier.example.com,Basic,Yes
PART1554,Courier Partner 1554,National,4.2,partner1554@courier.example.com,Premium,Yes
PART1555,Courier Partner 1555,Local,3.26,partner1555@courier.example.com,Premium,Yes
PART1556,Courier Partner 1556,National,4.44,partner1556@courier.example.com,Basic,Yes
PART1557,Courier Partner 1557,National,4.2,partner1557@courier.example.com,Premium,Yes
PART1558,Courier Partner 1558,Local,4.01,partner1558@courier.example.com,Priority,Yes
PART1559,Courier Partner 1559,National,4.39,partner1559@courier.example.com,Basic,Yes
PART1560,Courier Partner 1560,National,3.89,partner1560@courier.example.com,Basic,Yes
PART1561,Courier Partner 1561,National,4.05,partner1561@courier.example.com,Premium,Yes
PART1562,Courier Partner 1562,National,3.8,partner1562@courier.example.com,Premium,Yes
PART1563,Courier Partner 1563,National,4.43,partner1563@courier.example.com,Basic,Yes
PART1564,Courier Partner 1564,Local,4.75,partner1564@courier.example.com,Basic,Yes
PART1565,Courier Partner 1565,National,4.68,partner1565@courier.example.com,Basic,Yes
PART1566,Courier Partner 1566,Local,4.57,partner1566@courier.example.com,Premium,Yes
PART1567,Courier Partner 1567,National,3.03,partner1567@courier.example.com,Premium,Yes
PART1568,Courier Partner 1568,Local,4.82,partner1568@courier.example.com,Basic,No
PART1569,Courier Partner 1569,Local,3.55,partner1569@courier.example.com,Basic,Yes
PART1570,Courier Partner 1570,National,4.78,partner1570@courier.example.com,Basic,Yes
PART1571,Courier Partner 1571,Local,3.39,partner1571@courier.example.com,Premium,Yes
PART1572,Courier Partner 1572,National,3.88,partner1572@courier.example.com,Basic,Yes
PART1573,Courier Partner 1573,Local,4.5,partner1573@courier.example.com,Premium,Yes
PART1574,Courier Partner 1574,National,4.28,partner1574@courier.example.com,Premium,Yes
PART1575,Courier Partner 1575,Local,3.83,partner1575@courier.example.com,Premium,Yes
PART1576,Courier Partner 1576,Local,4.36,partner1576@courier.example.com,Premium,Yes
PART1577,Courier Partner 1577,Local,4.1,partner1577@courier.example.com,Basic,Yes
PART1578,Courier Partner 1578,National,3.55,partner1578@courier.example.com,Premium,Yes
PART1579,Courier Partner 1579,National,4.29,partner1579@courier.example.com,Premium,Yes
PART1580,Courier Partner 1580,National,3.41,partner1580@courier.example.com,Premium,Yes
PART1581,Courier Partner 1581,International,4.39,partner1581@courier.example.com,Basic,Yes
PART1582,Courier Partner 1582,National,3.01,partner1582@courier.example.com,Basic,Yes
PART1583,Courier Partner 1583,International,4.1,partner1583@courier.example.com,Premium,Yes
PART1584,Courier Partner 1584,Local,3.8,partner1584@courier.example.com,Priority,Yes
PART1585,Courier Partner 1585,Local,3.61,partner1585@courier.example.com,Premium,Yes
PART1586,Courier Partner 1586,Local,4.03,partner1586@courier.example.com,Premium,Yes
PART1587,Courier Partner 1587,Local,4.29,partner1587@courier.example.com,Premium,Yes
PART1588,Courier Partner 1588,National,4.93,partner1588@courier.example.com,Basic,Yes
PART1589,Courier Partner 1589,National,4.67,partner1589@courier.example.com,Premium,Yes
PART1590,Courier Partner 1590,National,4.43,partner1590@courier.example.com,Premium,Yes
PART1591,Courier Partner 1591,National,3.96,partner1591@courier.example.com,Premium,Yes
PART1592,Courier Partner 1592,International,3.78,partner1592@courier.example.com,Priority,Yes
PART1593,Courier Partner 1593,National,3.07,partner1593@courier.example.com,Basic,Yes
PART1594,Courier Partner 1594,Local,3.72,partner1594@courier.example.com,Basic,Yes
PART1595,Courier Partner 1595,Local,4.7,partner1595@courier.example.com,Priority,Yes
PART1596,Courier Partner 1596,Local,3.77,partner1596@courier.example.com,Basic,Yes
PART1597,Courier Partner 1597,Local,3.92,partner1597@courier.example.com,Premium,Yes
PART1598,Courier Partner 1598,National,3.54,partner1598@courier.example.com,Priority,Yes
PART1599,Courier Partner 1599,National,3.55,partner1599@courier.example.com,Basic,Yes
PART1600,Courier Partner 1600,Local,3.12,partner1600@courier.example.com,Premium,Yes
PART1601,Courier Partner 1601,National,4.23,partner1601@courier.example.com,Basic,Yes
PART1602,Courier Partner 1602,National,3.9,partner1602@courier.example.com,Premium,Yes
PART1603,Courier Partner 1603,Local,4.21,partner1603@courier.example.com,Basic,Yes
PART1604,Courier Partner 1604,Local,4.09,partner1604@courier.example.com,Premium,Yes
PART1605,Courier Partner 1605,National,4.6,partner1605@courier.example.com,Premium,Yes
PART1606,Courier Partner 1606,National,4.5,partner1606@courier.example.com,Premium,Yes
PART1607,Courier Partner 1607,Local,4.54,partner1607@courier.example.com,Premium,Yes
PART1608,Courier Partner 1608,Local,4.0,partner1608@courier.example.com,Priority,Yes
PART1609,Courier Partner 1609,Local,3.71,partner1609@courier.example.com,Premium,Yes
PART1610,Courier Partner 1610,Local,4.87,partner1610@courier.example.com,Priority,Yes
PART1611,Courier Partner 1611,National,3.11,partner1611@courier.example.com,Basic,Yes
PART1612,Courier Partner 1612,Local,3.31,partner1612@courier.example.com,Premium,No
PART1613,Courier Partner 1613,Local,3.84,partner1613@courier.example.com,Basic,Yes
PART1614,Courier Partner 1614,Local,4.23,partner1614@courier.example.com,Priority,Yes
PART1615,Courier Partner 1615,National,3.02,partner1615@courier.example.com,Basic,Yes
PART1616,Courier Partner 1616,Local,4.44,partner1616@courier.example.com,Basic,No
PART1617,Courier Partner 1617,Local,4.12,partner1617@courier.example.com,Basic,Yes
PART1618,Courier Partner 1618,National,3.97,partner1618@courier.example.com,Basic,Yes
PART1619,Courier Partner 1619,Local,3.85,partner1619@courier.example.com,Priority,Yes
PART1620,Courier Partner 1620,Local,4.04,partner1620@courier.example.com,Basic,Yes
PART1621,Courier Partner 1621,Local,3.32,partner1621@courier.example.com,Priority,Yes
PART1622,Courier Partner 1622,National,3.22,partner1622@courier.example.com,Basic,Yes
PART1623,Courier Partner 1623,International,3.58,partner1623@courier.example.com,Priority,Yes
PART1624,Courier Partner 1624,Local,4.42,partner1624@courier.example.com,Premium,Yes
PART1625,Courier Partner 1625,Local,4.18,partner1625@courier.example.com,Basic,Yes
PART1626,Courier Partner 1626,Local,3.96,partner1626@courier.example.com,Basic,Yes
PART1627,Courier Partner 1627,National,4.14,partner1627@courier.example.com,Basic,Yes
PART1628,Courier Partner 1628,National,4.12,partner1628@courier.example.com,Basic,Yes
PART1629,Courier Partner 1629,National,3.61,partner1629@courier.example.com,Basic,Yes
PART1630,Courier Partner 1630,National,3.19,partner1630@courier.example.com,Basic,Yes
PART1631,Courier Partner 1631,International,4.79,partner1631@courier.example.com,Basic,Yes
PART1632,Courier Partner 1632,National,4.2,partner1632@courier.example.com,Premium,Yes
PART1633,Courier Partner 1633,National,4.4,partner1633@courier.example.com,Basic,No
PART1634,Courier Partner 1634,National,3.93,partner1634@courier.example.com,Premium,Yes
PART1635,Courier Partner 1635,Local,4.51,partner1635@courier.example.com,Priority,Yes
PART1636,Courier Partner 1636,National,4.17,partner1636@courier.example.com,Basic,Yes
PART1637,Courier Partner 1637,National,3.11,partner1637@courier.example.com,Premium,Yes
PART1638,Courier Partner 1638,National,4.78,partner1638@courier.example.com,Basic,Yes
PART1639,Courier Partner 1639,Local,3.61,partner1639@courier.example.com,Basic,Yes
PART1640,Courier Partner 1640,National,3.28,partner1640@courier.example.com,Premium,Yes
PART1641,Courier Partner 1641,National,3.18,partner1641@courier.example.com,Basic,Yes
PART1642,Courier Partner 1642,National,4.44,partner1642@courier.example.com,Basic,Yes
PART1643,Courier Partner 1643,Local,4.41,partner1643@courier.example.com,Basic,Yes
PART1644,Courier Partner 1644,Local,4.4,partner1644@courier.example.com,Premium,Yes
PART1645,Courier Partner 1645,Local,4.83,partner1645@courier.example.com,Premium,Yes
PART1646,Courier Partner 1646,National,3.7,partner1646@courier.example.com,Priority,Yes
PART1647,Courier Partner 1647,National,4.12,partner1647@courier.example.com,Priority,No
PART1648,Courier Partner 1648,Local,4.24,partner1648@courier.example.com,Basic,Yes
PART1649,Courier Partner 1649,Local,4.96,partner1649@courier.example.com,Basic,Yes
PART1650,Courier Partner 1650,National,3.62,partner1650@courier.example.com,Basic,Yes
PART1651,Courier Partner 1651,Local,4.91,partner1651@courier.example.com,Premium,Yes
PART1652,Courier Partner 1652,International,3.3,partner1652@courier.example.com,Premium,Yes
PART1653,Courier Partner 1653,National,4.53,partner1653@courier.example.com,Basic,Yes
PART1654,Courier Partner 1654,Local,4.27,partner1654@courier.example.com,Basic,Yes
PART1655,Courier Partner 1655,National,4.63,partner1655@courier.example.com,Basic,No
PART1656,Courier Partner 1656,Local,3.06,partner1656@courier.example.com,Priority,Yes
PART1657,Courier Partner 1657,National,3.16,partner1657@courier.example.com,Priority,Yes
PART1658,Courier Partner 1658,Local,3.14,partner1658@courier.example.com,Basic,Yes
PART1659,Courier Partner 1659,International,4.19,partner1659@courier.example.com,Basic,Yes
PART1660,Courier Partner 1660,National,4.21,partner1660@courier.example.com,Basic,Yes
PART1661,Courier Partner 1661,National,4.81,partner1661@courier.example.com,Priority,No
PART1662,Courier Partner 1662,Local,3.94,partner1662@courier.example.com,Priority,Yes
PART1663,Courier Partner 1663,Local,3.14,partner1663@courier.example.com,Basic,Yes
PART1664,Courier Partner 1664,National,3.42,partner1664@courier.example.com,Basic,Yes
PART1665,Courier Partner 1665,National,3.02,partner1665@courier.example.com,Basic,Yes
PART1666,Courier Partner 1666,Local,4.55,partner1666@courier.example.com,Premium,Yes
PART1667,Courier Partner 1667,Local,4.63,partner1667@courier.example.com,Premium,No
PART1668,Courier Partner 1668,Local,5.0,partner1668@courier.example.com,Premium,Yes
PART1669,Courier Partner 1669,National,3.82,partner1669@courier.example.com,Priority,Yes
PART1670,Courier Partner 1670,Local,3.04,partner1670@courier.example.com,Basic,Yes
PART1671,Courier Partner 1671,Local,3.47,partner1671@courier.example.com,Premium,Yes
PART1672,Courier Partner 1672,Local,4.18,partner1672@courier.example.com,Basic,Yes
PART1673,Courier Partner 1673,Local,4.92,partner1673@courier.example.com,Basic,Yes
PART1674,Courier Partner 1674,Local,3.21,partner1674@courier.example.com,Premium,Yes
PART1675,Courier Partner 1675,International,3.24,partner1675@courier.example.com,Priority,Yes
PART1676,Courier Partner 1676,Local,4.4,partner1676@courier.example.com,Premium,No
PART1677,Courier Partner 1677,International,4.33,partner1677@courier.example.com,Premium,Yes
PART1678,Courier Partner 1678,Local,3.5,partner1678@courier.example.com,Premium,Yes
PART1679,Courier Partner 1679,Local,4.63,partner1679@courier.example.com,Basic,Yes
PART1680,Courier Partner 1680,Local,3.26,partner1680@courier.example.com,Premium,Yes
PART1681,Courier Partner 1681,National,4.85,partner1681@courier.example.com,Premium,Yes
PART1682,Courier Partner 1682,National,3.4,partner1682@courier.example.com,Premium,Yes
PART1683,Courier Partner 1683,National,3.16,partner1683@courier.example.com,Premium,Yes
PART1684,Courier Partner 1684,Local,3.68,partner1684@courier.example.com,Premium,Yes
PART1685,Courier Partner 1685,International,3.38,partner1685@courier.example.com,Premium,Yes
PART1686,Courier Partner 1686,International,4.05,partner1686@courier.example.com,Basic,Yes
PART1687,Courier Partner 1687,Local,4.37,partner1687@courier.example.com,Premium,Yes
PART1688,Courier Partner 1688,National,3.98,partner1688@courier.example.com,Premium,Yes
PART1689,Courier Partner 1689,National,4.32,partner1689@courier.example.com,Basic,Yes
PART1690,Courier Partner 1690,Local,3.73,partner1690@courier.example.com,Premium,Yes
PART1691,Courier Partner 1691,Local,3.06,partner1691@courier.example.com,Basic,Yes
PART1692,Courier Partner 1692,National,4.95,partner1692@courier.example.com,Basic,Yes
PART1693,Courier Partner 1693,National,4.64,partner1693@courier.example.com,Premium,Yes
PART1694,Courier Partner 1694,Local,3.15,partner1694@courier.example.com,Priority,Yes
PART1695,Courier Partner 1695,National,3.9,partner1695@courier.example.com,Basic,Yes
PART1696,Courier Partner 1696,National,4.27,partner1696@courier.example.com,Premium,Yes
PART1697,Courier Partner 1697,Local,3.38,partner1697@courier.example.com,Premium,Yes
PART1698,Courier Partner 1698,Local,4.16,partner1698@courier.example.com,Priority,Yes
PART1699,Courier Partner 1699,National,4.07,partner1699@courier.example.com,Premium,Yes
PART1700,Courier Partner 1700,Local,3.42,partner1700@courier.example.com,Priority,Yes
PART1701,Courier Partner 1701,Local,3.28,partner1701@courier.example.com,Premium,Yes
PART1702,Courier Partner 1702,Local,4.52,partner1702@courier.example.com,Premium,Yes
PART1703,Courier Partner 1703,Local,3.65,partner1703@courier.example.com,Basic,Yes
PART1704,Courier Partner 1704,National,3.49,partner1704@courier.example.com,Basic,No
PART1705,Courier Partner 1705,National,4.48,partner1705@courier.example.com,Basic,Yes
PART1706,Courier Partner 1706,Local,4.47,partner1706@courier.example.com,Premium,Yes
PART1707,Courier Partner 1707,National,3.55,partner1707@courier.example.com,Basic,Yes
PART1708,Courier Partner 1708,International,4.75,partner1708@courier.example.com,Basic,Yes
PART1709,Courier Partner 1709,Local,4.38,partner1709@courier.example.com,Priority,Yes
PART1710,Courier Partner 1710,Local,3.69,partner1710@courier.example.com,Premium,No
PART1711,Courier Partner 1711,International,3.85,partner1711@courier.example.com,Priority,Yes
PART1712,Courier Partner 1712,International,4.45,partner1712@courier.example.com,Basic,Yes
PART1713,Courier Partner 1713,Local,3.42,partner1713@courier.example.com,Basic,Yes
PART1714,Courier Partner 1714,Local,3.94,partner1714@courier.example.com,Basic,Yes
PART1715,Courier Partner 1715,Local,4.31,partner1715@courier.example.com,Basic,Yes
PART1716,Courier Partner 1716,Local,4.08,partner1716@courier.example.com,Basic,Yes
PART1717,Courier Partner 1717,National,4.22,partner1717@courier.example.com,Basic,Yes
PART1718,Courier Partner 1718,Local,4.09,partner1718@courier.example.com,Basic,Yes
PART1719,Courier Partner 1719,Local,3.4,partner1719@courier.example.com,Premium,Yes
PART1720,Courier Partner 1720,National,3.82,partner1720@courier.example.com,Basic,Yes
PART1721,Courier Partner 1721,International,4.06,partner1721@courier.example.com,Basic,Yes
PART1722,Courier Partner 1722,Local,4.56,partner1722@courier.example.com,Premium,Yes
PART1723,Courier Partner 1723,Local,4.31,partner1723@courier.example.com,Premium,No
PART1724,Courier Partner 1724,International,3.85,partner1724@courier.example.com,Premium,Yes
PART1725,Courier Partner 1725,National,4.95,partner1725@courier.example.com,Premium,Yes
PART1726,Courier Partner 1726,Local,3.22,partner1726@courier.example.com,Priority,Yes
PART1727,Courier Partner 1727,Local,3.41,partner1727@courier.example.com,Priority,Yes
PART1728,Courier Partner 1728,Local,3.68,partner1728@courier.example.com,Premium,Yes
PART1729,Courier Partner 1729,National,3.46,partner1729@courier.example.com,Basic,Yes
PART1730,Courier Partner 1730,Local,4.25,partner1730@courier.example.com,Basic,Yes
PART1731,Courier Partner 1731,Local,3.08,partner1731@courier.example.com,Premium,No
PART1732,Courier Partner 1732,Local,3.35,partner1732@courier.example.com,Premium,Yes
PART1733,Courier Partner 1733,Local,3.59,partner1733@courier.example.com,Priority,Yes
PART1734,Courier Partner 1734,National,4.37,partner1734@courier.example.com,Premium,Yes
PART1735,Courier Partner 1735,Local,4.75,partner1735@courier.example.com,Priority,Yes
PART1736,Courier Partner 1736,Local,4.6,partner1736@courier.example.com,Priority,Yes
PART1737,Courier Partner 1737,International,3.36,partner1737@courier.example.com,Priority,Yes
PART1738,Courier Partner 1738,National,4.13,partner1738@courier.example.com,Basic,Yes
PART1739,Courier Partner 1739,Local,3.06,partner1739@courier.example.com,Basic,Yes
PART1740,Courier Partner 1740,National,3.62,partner1740@courier.example.com,Premium,Yes
PART1741,Courier Partner 1741,Local,4.61,partner1741@courier.example.com,Premium,Yes
PART1742,Courier Partner 1742,National,3.91,partner1742@courier.example.com,Basic,Yes
PART1743,Courier Partner 1743,National,3.3,partner1743@courier.example.com,Premium,Yes
PART1744,Courier Partner 1744,National,3.88,partner1744@courier.example.com,Premium,Yes
PART1745,Courier Partner 1745,National,3.4,partner1745@courier.example.com,Basic,Yes
PART1746,Courier Partner 1746,Local,3.79,partner1746@courier.example.com,Premium,Yes
PART1747,Courier Partner 1747,National,3.98,partner1747@courier.example.com,Priority,Yes
PART1748,Courier Partner 1748,Local,3.7,partner1748@courier.example.com,Premium,Yes
PART1749,Courier Partner 1749,Local,4.87,partner1749@courier.example.com,Premium,No
PART1750,Courier Partner 1750,International,4.13,partner1750@courier.example.com,Basic,Yes
PART1751,Courier Partner 1751,National,4.69,partner1751@courier.example.com,Premium,Yes
PART1752,Courier Partner 1752,International,4.52,partner1752@courier.example.com,Priority,Yes
PART1753,Courier Partner 1753,Local,4.32,partner1753@courier.example.com,Premium,Yes
PART1754,Courier Partner 1754,National,3.99,partner1754@courier.example.com,Basic,Yes
PART1755,Courier Partner 1755,Local,3.0,partner1755@courier.example.com,Premium,Yes
PART1756,Courier Partner 1756,National,4.23,partner1756@courier.example.com,Priority,Yes
PART1757,Courier Partner 1757,Local,3.71,partner1757@courier.example.com,Basic,Yes
PART1758,Courier Partner 1758,Local,3.24,partner1758@courier.example.com,Basic,Yes
PART1759,Courier Partner 1759,Local,3.89,partner1759@courier.example.com,Basic,Yes
PART1760,Courier Partner 1760,National,4.47,partner1760@courier.example.com,Premium,Yes
PART1761,Courier Partner 1761,Local,4.92,partner1761@courier.example.com,Premium,Yes
PART1762,Courier Partner 1762,National,3.75,partner1762@courier.example.com,Priority,Yes
PART1763,Courier Partner 1763,Local,4.09,partner1763@courier.example.com,Basic,Yes
PART1764,Courier Partner 1764,Local,4.7,partner1764@courier.example.com,Premium,Yes
PART1765,Courier Partner 1765,Local,3.67,partner1765@courier.example.com,Priority,Yes
PART1766,Courier Partner 1766,International,3.28,partner1766@courier.example.com,Basic,Yes
PART1767,Courier Partner 1767,Local,3.56,partner1767@courier.example.com,Premium,Yes
PART1768,Courier Partner 1768,Local,4.8,partner1768@courier.example.com,Premium,Yes
PART1769,Courier Partner 1769,National,3.32,partner1769@courier.example.com,Basic,Yes
PART1770,Courier Partner 1770,Local,3.66,partner1770@courier.example.com,Basic,Yes
PART1771,Courier Partner 1771,National,3.93,partner1771@courier.example.com,Premium,Yes
PART1772,Courier Partner 1772,Local,4.69,partner1772@courier.example.com,Basic,Yes
PART1773,Courier Partner 1773,National,4.88,partner1773@courier.example.com,Basic,Yes
PART1774,Courier Partner 1774,Local,3.85,partner1774@courier.example.com,Priority,Yes
PART1775,Courier Partner 1775,National,4.86,partner1775@courier.example.com,Premium,Yes
PART1776,Courier Partner 1776,National,3.32,partner1776@courier.example.com,Priority,Yes
PART1777,Courier Partner 1777,National,3.31,partner1777@courier.example.com,Basic,Yes
PART1778,Courier Partner 1778,National,4.9,partner1778@courier.example.com,Priority,No
PART1779,Courier Partner 1779,International,4.02,partner1779@courier.example.com,Premium,Yes
PART1780,Courier Partner 1780,Local,3.37,partner1780@courier.example.com,Premium,Yes
PART1781,Courier Partner 1781,Local,3.98,partner1781@courier.example.com,Basic,Yes
PART1782,Courier Partner 1782,National,4.57,partner1782@courier.example.com,Premium,Yes
PART1783,Courier Partner 1783,National,4.65,partner1783@courier.example.com,Premium,Yes
PART1784,Courier Partner 1784,Local,4.73,partner1784@courier.example.com,Premium,Yes
PART1785,Courier Partner 1785,National,4.14,partner1785@courier.example.com,Premium,Yes
PART1786,Courier Partner 1786,Local,4.73,partner1786@courier.example.com,Basic,Yes
PART1787,Courier Partner 1787,National,4.02,partner1787@courier.example.com,Priority,Yes
PART1788,Courier Partner 1788,National,4.21,partner1788@courier.example.com,Priority,Yes
PART1789,Courier Partner 1789,National,4.52,partner1789@courier.example.com,Premium,Yes
PART1790,Courier Partner 1790,Local,3.85,partner1790@courier.example.com,Basic,Yes
PART1791,Courier Partner 1791,National,3.15,partner1791@courier.example.com,Premium,Yes
PART1792,Courier Partner 1792,National,3.7,partner1792@courier.example.com,Premium,Yes
PART1793,Courier Partner 1793,Local,4.25,partner1793@courier.example.com,Premium,Yes
PART1794,Courier Partner 1794,National,3.38,partner1794@courier.example.com,Premium,Yes
PART1795,Courier Partner 1795,International,3.3,partner1795@courier.example.com,Basic,Yes
PART1796,Courier Partner 1796,Local,3.59,partner1796@courier.example.com,Premium,Yes
PART1797,Courier Partner 1797,Local,3.06,partner1797@courier.example.com,Premium,Yes
PART1798,Courier Partner 1798,Local,4.49,partner1798@courier.example.com,Priority,Yes
PART1799,Courier Partner 1799,National,3.52,partner1799@courier.example.com,Basic,Yes
PART1800,Courier Partner 1800,International,3.25,partner1800@courier.example.com,Basic,Yes
PART1801,Courier Partner 1801,National,4.4,partner1801@courier.example.com,Priority,Yes
PART1802,Courier Partner 1802,Local,4.69,partner1802@courier.example.com,Basic,Yes
PART1803,Courier Partner 1803,National,3.04,partner1803@courier.example.com,Premium,Yes
PART1804,Courier Partner 1804,National,3.47,partner1804@courier.example.com,Basic,Yes
PART1805,Courier Partner 1805,National,4.89,partner1805@courier.example.com,Premium,Yes
PART1806,Courier Partner 1806,Local,3.77,partner1806@courier.example.com,Premium,Yes
PART1807,Courier Partner 1807,National,4.88,partner1807@courier.example.com,Basic,Yes
PART1808,Courier Partner 1808,Local,3.55,partner1808@courier.example.com,Priority,Yes
PART1809,Courier Partner 1809,Local,3.44,partner1809@courier.example.com,Basic,Yes
PART1810,Courier Partner 1810,National,3.43,partner1810@courier.example.com,Basic,Yes
PART1811,Courier Partner 1811,International,3.17,partner1811@courier.example.com,Basic,Yes
PART1812,Courier Partner 1812,Local,4.79,partner1812@courier.example.com,Premium,Yes
PART1813,Courier Partner 1813,International,4.96,partner1813@courier.example.com,Basic,Yes
PART1814,Courier Partner 1814,Local,4.91,partner1814@courier.example.com,Basic,Yes
PART1815,Courier Partner 1815,National,4.7,partner1815@courier.example.com,Priority,Yes
PART1816,Courier Partner 1816,Local,4.69,partner1816@courier.example.com,Basic,Yes
PART1817,Courier Partner 1817,Local,4.32,partner1817@courier.example.com,Basic,Yes
PART1818,Courier Partner 1818,National,4.65,partner1818@courier.example.com,Basic,Yes
PART1819,Courier Partner 1819,National,3.42,partner1819@courier.example.com,Basic,Yes
PART1820,Courier Partner 1820,National,3.78,partner1820@courier.example.com,Basic,Yes
PART1821,Courier Partner 1821,National,4.28,partner1821@courier.example.com,Basic,Yes
PART1822,Courier Partner 1822,National,4.75,partner1822@courier.example.com,Basic,Yes
PART1823,Courier Partner 1823,International,4.32,partner1823@courier.example.com,Basic,Yes
PART1824,Courier Partner 1824,National,4.68,partner1824@courier.example.com,Basic,Yes
PART1825,Courier Partner 1825,Local,3.95,partner1825@courier.example.com,Premium,Yes
PART1826,Courier Partner 1826,Local,4.43,partner1826@courier.example.com,Premium,Yes
PART1827,Courier Partner 1827,Local,4.96,partner1827@courier.example.com,Basic,Yes
PART1828,Courier Partner 1828,National,3.31,partner1828@courier.example.com,Priority,Yes
PART1829,Courier Partner 1829,Local,4.85,partner1829@courier.example.com,Premium,Yes
PART1830,Courier Partner 1830,Local,4.04,partner1830@courier.example.com,Priority,Yes
PART1831,Courier Partner 1831,Local,4.29,partner1831@courier.example.com,Basic,Yes
PART1832,Courier Partner 1832,National,4.76,partner1832@courier.example.com,Premium,Yes
PART1833,Courier Partner 1833,Local,3.82,partner1833@courier.example.com,Basic,Yes
PART1834,Courier Partner 1834,Local,3.84,partner1834@courier.example.com,Premium,Yes
PART1835,Courier Partner 1835,National,4.05,partner1835@courier.example.com,Basic,Yes
PART1836,Courier Partner 1836,National,3.04,partner1836@courier.example.com,Basic,Yes
PART1837,Courier Partner 1837,Local,3.99,partner1837@courier.example.com,Premium,Yes
PART1838,Courier Partner 1838,National,3.58,partner1838@courier.example.com,Premium,Yes
PART1839,Courier Partner 1839,Local,4.86,partner1839@courier.example.com,Premium,Yes
PART1840,Courier Partner 1840,International,3.18,partner1840@courier.example.com,Basic,Yes
PART1841,Courier Partner 1841,Local,3.92,partner1841@courier.example.com,Basic,Yes
PART1842,Courier Partner 1842,International,4.89,partner1842@courier.example.com,Priority,Yes
PART1843,Courier Partner 1843,International,4.8,partner1843@courier.example.com,Priority,Yes
PART1844,Courier Partner 1844,National,4.4,partner1844@courier.example.com,Premium,No
PART1845,Courier Partner 1845,Local,4.18,partner1845@courier.example.com,Premium,Yes
PART1846,Courier Partner 1846,National,3.56,partner1846@courier.example.com,Basic,Yes
PART1847,Courier Partner 1847,Local,3.73,partner1847@courier.example.com,Basic,Yes
PART1848,Courier Partner 1848,National,3.18,partner1848@courier.example.com,Basic,Yes
PART1849,Courier Partner 1849,National,4.57,partner1849@courier.example.com,Premium,Yes
PART1850,Courier Partner 1850,International,3.65,partner1850@courier.example.com,Premium,Yes
PART1851,Courier Partner 1851,National,4.34,partner1851@courier.example.com,Premium,Yes
PART1852,Courier Partner 1852,National,3.72,partner1852@courier.example.com,Basic,Yes
PART1853,Courier Partner 1853,National,3.93,partner1853@courier.example.com,Basic,Yes
PART1854,Courier Partner 1854,Local,4.11,partner1854@courier.example.com,Basic,Yes
PART1855,Courier Partner 1855,National,4.6,partner1855@courier.example.com,Premium,No
PART1856,Courier Partner 1856,National,3.42,partner1856@courier.example.com,Basic,Yes
PART1857,Courier Partner 1857,International,3.8,partner1857@courier.example.com,Premium,Yes
PART1858,Courier Partner 1858,National,3.26,partner1858@courier.example.com,Premium,Yes
PART1859,Courier Partner 1859,National,3.15,partner1859@courier.example.com,Basic,Yes
PART1860,Courier Partner 1860,National,4.21,partner1860@courier.example.com,Basic,Yes
PART1861,Courier Partner 1861,National,3.38,partner1861@courier.example.com,Premium,No
PART1862,Courier Partner 1862,Local,3.12,partner1862@courier.example.com,Basic,Yes
PART1863,Courier Partner 1863,National,4.79,partner1863@courier.example.com,Premium,Yes
PART1864,Courier Partner 1864,Local,4.07,partner1864@courier.example.com,Premium,Yes
PART1865,Courier Partner 1865,Local,3.27,partner1865@courier.example.com,Basic,Yes
PART1866,Courier Partner 1866,Local,3.11,partner1866@courier.example.com,Premium,Yes
PART1867,Courier Partner 1867,International,3.24,partner1867@courier.example.com,Priority,Yes
PART1868,Courier Partner 1868,Local,3.94,partner1868@courier.example.com,Premium,Yes
PART1869,Courier Partner 1869,National,4.34,partner1869@courier.example.com,Priority,Yes
PART1870,Courier Partner 1870,National,4.28,partner1870@courier.example.com,Basic,Yes
PART1871,Courier Partner 1871,National,3.29,partner1871@courier.example.com,Premium,Yes
PART1872,Courier Partner 1872,National,4.27,partner1872@courier.example.com,Premium,Yes
PART1873,Courier Partner 1873,National,3.81,partner1873@courier.example.com,Priority,Yes
PART1874,Courier Partner 1874,Local,3.93,partner1874@courier.example.com,Basic,Yes
PART1875,Courier Partner 1875,Local,4.6,partner1875@courier.example.com,Basic,Yes
PART1876,Courier Partner 1876,International,3.66,partner1876@courier.example.com,Basic,Yes
PART1877,Courier Partner 1877,Local,3.29,partner1877@courier.example.com,Priority,Yes
PART1878,Courier Partner 1878,National,4.75,partner1878@courier.example.com,Basic,Yes
PART1879,Courier Partner 1879,National,3.42,partner1879@courier.example.com,Priority,Yes
PART1880,Courier Partner 1880,Local,3.59,partner1880@courier.example.com,Basic,Yes
PART1881,Courier Partner 1881,International,4.41,partner1881@courier.example.com,Basic,No
PART1882,Courier Partner 1882,National,4.37,partner1882@courier.example.com,Basic,No
PART1883,Courier Partner 1883,Local,4.6,partner1883@courier.example.com,Premium,Yes
PART1884,Courier Partner 1884,International,3.37,partner1884@courier.example.com,Premium,Yes
PART1885,Courier Partner 1885,National,3.7,partner1885@courier.example.com,Basic,Yes
PART1886,Courier Partner 1886,National,3.25,partner1886@courier.example.com,Priority,Yes
PART1887,Courier Partner 1887,National,4.08,partner1887@courier.example.com,Basic,Yes
PART1888,Courier Partner 1888,Local,3.59,partner1888@courier.example.com,Premium,Yes
PART1889,Courier Partner 1889,National,4.38,partner1889@courier.example.com,Premium,Yes
PART1890,Courier Partner 1890,Local,3.0,partner1890@courier.example.com,Basic,Yes
PART1891,Courier Partner 1891,National,3.12,partner1891@courier.example.com,Basic,Yes
PART1892,Courier Partner 1892,National,3.87,partner1892@courier.example.com,Basic,Yes
PART1893,Courier Partner 1893,National,4.92,partner1893@courier.example.com,Basic,Yes
PART1894,Courier Partner 1894,National,4.78,partner1894@courier.example.com,Priority,Yes
PART1895,Courier Partner 1895,Local,4.99,partner1895@courier.example.com,Priority,Yes
PART1896,Courier Partner 1896,National,3.83,partner1896@courier.example.com,Premium,Yes
PART1897,Courier Partner 1897,National,3.09,partner1897@courier.example.com,Premium,Yes
PART1898,Courier Partner 1898,National,3.61,partner1898@courier.example.com,Basic,Yes
PART1899,Courier Partner 1899,Local,4.35,partner1899@courier.example.com,Basic,Yes
PART1900,Courier Partner 1900,National,3.27,partner1900@courier.example.com,Premium,Yes
PART1901,Courier Partner 1901,International,3.6,partner1901@courier.example.com,Premium,Yes
PART1902,Courier Partner 1902,National,3.11,partner1902@courier.example.com,Premium,Yes
PART1903,Courier Partner 1903,International,3.95,partner1903@courier.example.com,Premium,Yes
PART1904,Courier Partner 1904,Local,3.42,partner1904@courier.example.com,Basic,Yes
PART1905,Courier Partner 1905,National,3.18,partner1905@courier.example.com,Basic,Yes
PART1906,Courier Partner 1906,National,3.82,partner1906@courier.example.com,Premium,Yes
PART1907,Courier Partner 1907,Local,3.7,partner1907@courier.example.com,Premium,Yes
PART1908,Courier Partner 1908,National,4.08,partner1908@courier.example.com,Premium,Yes
PART1909,Courier Partner 1909,National,4.5,partner1909@courier.example.com,Basic,Yes
PART1910,Courier Partner 1910,Local,3.23,partner1910@courier.example.com,Basic,Yes
PART1911,Courier Partner 1911,Local,4.58,partner1911@courier.example.com,Basic,Yes
PART1912,Courier Partner 1912,Local,3.05,partner1912@courier.example.com,Premium,Yes
PART1913,Courier Partner 1913,Local,3.89,partner1913@courier.example.com,Premium,Yes
PART1914,Courier Partner 1914,Local,4.17,partner1914@courier.example.com,Basic,Yes
PART1915,Courier Partner 1915,Local,4.91,partner1915@courier.example.com,Premium,Yes
PART1916,Courier Partner 1916,Local,4.15,partner1916@courier.example.com,Premium,Yes
PART1917,Courier Partner 1917,International,3.32,partner1917@courier.example.com,Basic,Yes
PART1918,Courier Partner 1918,National,4.04,partner1918@courier.example.com,Basic,Yes
PART1919,Courier Partner 1919,Local,3.79,partner1919@courier.example.com,Basic,Yes
PART1920,Courier Partner 1920,International,3.96,partner1920@courier.example.com,Basic,Yes
PART1921,Courier Partner 1921,National,3.39,partner1921@courier.example.com,Premium,Yes
PART1922,Courier Partner 1922,National,4.0,partner1922@courier.example.com,Basic,Yes
PART1923,Courier Partner 1923,National,3.3,partner1923@courier.example.com,Basic,Yes
PART1924,Courier Partner 1924,Local,4.49,partner1924@courier.example.com,Basic,Yes
PART1925,Courier Partner 1925,Local,4.19,partner1925@courier.example.com,Basic,Yes
PART1926,Courier Partner 1926,Local,3.16,partner1926@courier.example.com,Priority,Yes
PART1927,Courier Partner 1927,National,4.78,partner1927@courier.example.com,Basic,Yes
PART1928,Courier Partner 1928,National,4.23,partner1928@courier.example.com,Premium,Yes
PART1929,Courier Partner 1929,National,3.63,partner1929@courier.example.com,Basic,Yes
PART1930,Courier Partner 1930,Local,3.09,partner1930@courier.example.com,Premium,Yes
PART1931,Courier Partner 1931,National,4.26,partner1931@courier.example.com,Priority,Yes
PART1932,Courier Partner 1932,National,3.75,partner1932@courier.example.com,Basic,Yes
PART1933,Courier Partner 1933,International,4.82,partner1933@courier.example.com,Premium,Yes
PART1934,Courier Partner 1934,Local,3.07,partner1934@courier.example.com,Basic,Yes
PART1935,Courier Partner 1935,International,3.08,partner1935@courier.example.com,Basic,Yes
PART1936,Courier Partner 1936,National,4.9,partner1936@courier.example.com,Basic,Yes
PART1937,Courier Partner 1937,National,4.93,partner1937@courier.example.com,Basic,Yes
PART1938,Courier Partner 1938,National,3.06,partner1938@courier.example.com,Basic,Yes
PART1939,Courier Partner 1939,Local,4.43,partner1939@courier.example.com,Basic,Yes
PART1940,Courier Partner 1940,International,3.44,partner1940@courier.example.com,Basic,Yes
PART1941,Courier Partner 1941,Local,4.4,partner1941@courier.example.com,Premium,Yes
PART1942,Courier Partner 1942,National,4.74,partner1942@courier.example.com,Basic,No
PART1943,Courier Partner 1943,Local,3.2,partner1943@courier.example.com,Basic,Yes
PART1944,Courier Partner 1944,Local,3.48,partner1944@courier.example.com,Premium,Yes
PART1945,Courier Partner 1945,National,3.05,partner1945@courier.example.com,Basic,Yes
PART1946,Courier Partner 1946,International,3.09,partner1946@courier.example.com,Basic,Yes
PART1947,Courier Partner 1947,National,3.06,partner1947@courier.example.com,Basic,Yes
PART1948,Courier Partner 1948,International,4.6,partner1948@courier.example.com,Premium,Yes
PART1949,Courier Partner 1949,National,3.6,partner1949@courier.example.com,Basic,Yes
PART1950,Courier Partner 1950,Local,3.99,partner1950@courier.example.com,Priority,Yes
PART1951,Courier Partner 1951,Local,4.58,partner1951@courier.example.com,Basic,Yes
PART1952,Courier Partner 1952,National,3.99,partner1952@courier.example.com,Basic,Yes
PART1953,Courier Partner 1953,Local,3.86,partner1953@courier.example.com,Basic,Yes
PART1954,Courier Partner 1954,National,3.02,partner1954@courier.example.com,Priority,Yes
PART1955,Courier Partner 1955,Local,4.14,partner1955@courier.example.com,Premium,Yes
PART1956,Courier Partner 1956,Local,3.25,partner1956@courier.example.com,Basic,Yes
PART1957,Courier Partner 1957,National,4.53,partner1957@courier.example.com,Basic,Yes
PART1958,Courier Partner 1958,National,3.52,partner1958@courier.example.com,Premium,Yes
PART1959,Courier Partner 1959,Local,4.35,partner1959@courier.example.com,Basic,Yes
PART1960,Courier Partner 1960,Local,4.29,partner1960@courier.example.com,Premium,Yes
PART1961,Courier Partner 1961,Local,4.23,partner1961@courier.example.com,Premium,Yes
PART1962,Courier Partner 1962,Local,3.53,partner1962@courier.example.com,Basic,Yes
PART1963,Courier Partner 1963,National,3.53,partner1963@courier.example.com,Basic,Yes
PART1964,Courier Partner 1964,National,4.73,partner1964@courier.example.com,Premium,No
PART1965,Courier Partner 1965,Local,3.03,partner1965@courier.example.com,Premium,No
PART1966,Courier Partner 1966,Local,3.36,partner1966@courier.example.com,Premium,Yes
PART1967,Courier Partner 1967,Local,4.22,partner1967@courier.example.com,Basic,Yes
PART1968,Courier Partner 1968,Local,4.63,partner1968@courier.example.com,Premium,Yes
PART1969,Courier Partner 1969,National,3.72,partner1969@courier.example.com,Basic,Yes
PART1970,Courier Partner 1970,Local,4.31,partner1970@courier.example.com,Basic,Yes
PART1971,Courier Partner 1971,Local,4.11,partner1971@courier.example.com,Premium,Yes
PART1972,Courier Partner 1972,National,3.13,partner1972@courier.example.com,Premium,Yes
PART1973,Courier Partner 1973,Local,4.24,partner1973@courier.example.com,Basic,Yes
PART1974,Courier Partner 1974,National,4.63,partner1974@courier.example.com,Premium,Yes
PART1975,Courier Partner 1975,National,4.98,partner1975@courier.example.com,Premium,Yes
PART1976,Courier Partner 1976,Local,3.06,partner1976@courier.example.com,Basic,Yes
PART1977,Courier Partner 1977,National,4.32,partner1977@courier.example.com,Priority,Yes
PART1978,Courier Partner 1978,National,3.83,partner1978@courier.example.com,Premium,Yes
PART1979,Courier Partner 1979,National,3.02,partner1979@courier.example.com,Premium,Yes
PART1980,Courier Partner 1980,National,4.23,partner1980@courier.example.com,Premium,Yes
PART1981,Courier Partner 1981,National,3.24,partner1981@courier.example.com,Premium,Yes
PART1982,Courier Partner 1982,International,3.76,partner1982@courier.example.com,Premium,Yes
PART1983,Courier Partner 1983,National,3.52,partner1983@courier.example.com,Basic,Yes
PART1984,Courier Partner 1984,National,3.72,partner1984@courier.example.com,Basic,Yes
PART1985,Courier Partner 1985,Local,3.99,partner1985@courier.example.com,Priority,Yes
PART1986,Courier Partner 1986,National,3.72,partner1986@courier.example.com,Premium,Yes
PART1987,Courier Partner 1987,Local,4.11,partner1987@courier.example.com,Basic,Yes
PART1988,Courier Partner 1988,Local,3.48,partner1988@courier.example.com,Basic,Yes
PART1989,Courier Partner 1989,National,4.27,partner1989@courier.example.com,Premium,Yes
PART1990,Courier Partner 1990,National,4.71,partner1990@courier.example.com,Basic,Yes
PART1991,Courier Partner 1991,Local,3.45,partner1991@courier.example.com,Basic,Yes
PART1992,Courier Partner 1992,National,4.02,partner1992@courier.example.com,Basic,Yes
PART1993,Courier Partner 1993,National,4.3,partner1993@courier.example.com,Premium,Yes
PART1994,Courier Partner 1994,Local,4.13,partner1994@courier.example.com,Basic,Yes
PART1995,Courier Partner 1995,Local,3.73,partner1995@courier.example.com,Premium,No
PART1996,Courier Partner 1996,Local,4.28,partner1996@courier.example.com,Premium,Yes
PART1997,Courier Partner 1997,Local,3.06,partner1997@courier.example.com,Premium,Yes
PART1998,Courier Partner 1998,National,3.74,partner1998@courier.example.com,Basic,Yes
PART1999,Courier Partner 1999,Local,4.07,partner1999@courier.example.com,Basic,Yes
PART2000,Courier Partner 2000,Local,3.04,partner2000@courier.example.com,Basic,Yes
PART2001,Courier Partner 2001,National,4.02,partner2001@courier.example.com,Premium,Yes
PART2002,Courier Partner 2002,National,4.31,partner2002@courier.example.com,Premium,Yes
PART2003,Courier Partner 2003,Local,4.52,partner2003@courier.example.com,Basic,Yes
PART2004,Courier Partner 2004,Local,3.23,partner2004@courier.example.com,Premium,Yes
PART2005,Courier Partner 2005,Local,4.98,partner2005@courier.example.com,Premium,Yes
PART2006,Courier Partner 2006,National,4.21,partner2006@courier.example.com,Basic,Yes
PART2007,Courier Partner 2007,National,3.73,partner2007@courier.example.com,Basic,Yes
PART2008,Courier Partner 2008,National,3.5,partner2008@courier.example.com,Premium,Yes
PART2009,Courier Partner 2009,Local,4.15,partner2009@courier.example.com,Premium,Yes
PART2010,Courier Partner 2010,National,4.76,partner2010@courier.example.com,Priority,No
PART2011,Courier Partner 2011,Local,4.04,partner2011@courier.example.com,Basic,No
PART2012,Courier Partner 2012,Local,4.32,partner2012@courier.example.com,Priority,Yes
PART2013,Courier Partner 2013,Local,3.72,partner2013@courier.example.com,Basic,Yes
PART2014,Courier Partner 2014,National,3.78,partner2014@courier.example.com,Basic,Yes
PART2015,Courier Partner 2015,National,3.57,partner2015@courier.example.com,Premium,Yes
PART2016,Courier Partner 2016,National,4.41,partner2016@courier.example.com,Basic,Yes
PART2017,Courier Partner 2017,National,3.72,partner2017@courier.example.com,Premium,Yes
PART2018,Courier Partner 2018,Local,3.38,partner2018@courier.example.com,Basic,Yes
PART2019,Courier Partner 2019,Local,3.74,partner2019@courier.example.com,Priority,Yes
PART2020,Courier Partner 2020,National,4.71,partner2020@courier.example.com,Premium,Yes
PART2021,Courier Partner 2021,National,4.48,partner2021@courier.example.com,Priority,Yes
PART2022,Courier Partner 2022,National,3.67,partner2022@courier.example.com,Basic,Yes
PART2023,Courier Partner 2023,Local,4.81,partner2023@courier.example.com,Premium,Yes
PART2024,Courier Partner 2024,National,3.15,partner2024@courier.example.com,Basic,Yes
PART2025,Courier Partner 2025,Local,3.1,partner2025@courier.example.com,Premium,Yes
PART2026,Courier Partner 2026,National,3.25,partner2026@courier.example.com,Premium,Yes
PART2027,Courier Partner 2027,National,3.23,partner2027@courier.example.com,Basic,Yes
PART2028,Courier Partner 2028,International,3.18,partner2028@courier.example.com,Basic,Yes
PART2029,Courier Partner 2029,Local,4.32,partner2029@courier.example.com,Premium,Yes
PART2030,Courier Partner 2030,National,4.2,partner2030@courier.example.com,Premium,Yes
PART2031,Courier Partner 2031,National,4.3,partner2031@courier.example.com,Basic,Yes
PART2032,Courier Partner 2032,Local,4.38,partner2032@courier.example.com,Premium,Yes
PART2033,Courier Partner 2033,Local,4.51,partner2033@courier.example.com,Premium,Yes
PART2034,Courier Partner 2034,National,3.41,partner2034@courier.example.com,Premium,Yes
PART2035,Courier Partner 2035,Local,4.24,partner2035@courier.example.com,Basic,Yes
PART2036,Courier Partner 2036,Local,4.16,partner2036@courier.example.com,Premium,Yes
PART2037,Courier Partner 2037,International,4.89,partner2037@courier.example.com,Premium,Yes
PART2038,Courier Partner 2038,National,3.46,partner2038@courier.example.com,Premium,Yes
PART2039,Courier Partner 2039,Local,3.12,partner2039@courier.example.com,Priority,Yes
PART2040,Courier Partner 2040,National,4.31,partner2040@courier.example.com,Basic,Yes
PART2041,Courier Partner 2041,National,4.48,partner2041@courier.example.com,Basic,Yes
PART2042,Courier Partner 2042,National,3.57,partner2042@courier.example.com,Basic,Yes
PART2043,Courier Partner 2043,National,4.14,partner2043@courier.example.com,Basic,No
PART2044,Courier Partner 2044,National,3.12,partner2044@courier.example.com,Basic,Yes
PART2045,Courier Partner 2045,Local,4.92,partner2045@courier.example.com,Premium,Yes
PART2046,Courier Partner 2046,National,3.22,partner2046@courier.example.com,Premium,Yes
PART2047,Courier Partner 2047,Local,3.14,partner2047@courier.example.com,Basic,Yes
PART2048,Courier Partner 2048,Local,3.09,partner2048@courier.example.com,Basic,Yes
PART2049,Courier Partner 2049,National,3.85,partner2049@courier.example.com,Basic,Yes
PART2050,Courier Partner 2050,Local,3.19,partner2050@courier.example.com,Priority,Yes
PART2051,Courier Partner 2051,National,4.49,partner2051@courier.example.com,Priority,Yes
PART2052,Courier Partner 2052,National,4.8,partner2052@courier.example.com,Basic,Yes
PART2053,Courier Partner 2053,Local,3.52,partner2053@courier.example.com,Premium,Yes
PART2054,Courier Partner 2054,Local,4.26,partner2054@courier.example.com,Basic,Yes
PART2055,Courier Partner 2055,National,3.08,partner2055@courier.example.com,Basic,Yes
PART2056,Courier Partner 2056,International,3.77,partner2056@courier.example.com,Basic,Yes
PART2057,Courier Partner 2057,National,3.59,partner2057@courier.example.com,Premium,Yes
PART2058,Courier Partner 2058,National,3.46,partner2058@courier.example.com,Basic,Yes
PART2059,Courier Partner 2059,Local,4.29,partner2059@courier.example.com,Basic,Yes
PART2060,Courier Partner 2060,Local,3.26,partner2060@courier.example.com,Basic,Yes
PART2061,Courier Partner 2061,National,4.72,partner2061@courier.example.com,Basic,Yes
PART2062,Courier Partner 2062,Local,4.33,partner2062@courier.example.com,Premium,Yes
PART2063,Courier Partner 2063,National,4.42,partner2063@courier.example.com,Basic,Yes
PART2064,Courier Partner 2064,National,4.87,partner2064@courier.example.com,Priority,Yes
PART2065,Courier Partner 2065,National,4.88,partner2065@courier.example.com,Basic,No
PART2066,Courier Partner 2066,National,4.1,partner2066@courier.example.com,Basic,Yes
PART2067,Courier Partner 2067,National,3.99,partner2067@courier.example.com,Basic,Yes
PART2068,Courier Partner 2068,National,3.67,partner2068@courier.example.com,Basic,Yes
PART2069,Courier Partner 2069,International,4.43,partner2069@courier.example.com,Basic,Yes
PART2070,Courier Partner 2070,International,4.08,partner2070@courier.example.com,Basic,Yes
PART2071,Courier Partner 2071,International,4.87,partner2071@courier.example.com,Priority,Yes
PART2072,Courier Partner 2072,National,3.48,partner2072@courier.example.com,Premium,Yes
PART2073,Courier Partner 2073,National,3.62,partner2073@courier.example.com,Priority,Yes
PART2074,Courier Partner 2074,National,3.63,partner2074@courier.example.com,Basic,Yes
PART2075,Courier Partner 2075,Local,4.61,partner2075@courier.example.com,Premium,Yes
PART2076,Courier Partner 2076,Local,3.2,partner2076@courier.example.com,Basic,Yes
PART2077,Courier Partner 2077,Local,3.91,partner2077@courier.example.com,Premium,Yes
PART2078,Courier Partner 2078,Local,3.86,partner2078@courier.example.com,Priority,Yes
PART2079,Courier Partner 2079,Local,3.15,partner2079@courier.example.com,Premium,Yes
PART2080,Courier Partner 2080,Local,3.82,partner2080@courier.example.com,Basic,Yes
PART2081,Courier Partner 2081,International,4.03,partner2081@courier.example.com,Basic,Yes
PART2082,Courier Partner 2082,National,3.13,partner2082@courier.example.com,Basic,Yes
PART2083,Courier Partner 2083,Local,4.02,partner2083@courier.example.com,Basic,Yes
PART2084,Courier Partner 2084,Local,4.92,partner2084@courier.example.com,Basic,Yes
PART2085,Courier Partner 2085,National,4.96,partner2085@courier.example.com,Basic,Yes
PART2086,Courier Partner 2086,National,4.06,partner2086@courier.example.com,Basic,Yes
PART2087,Courier Partner 2087,International,4.03,partner2087@courier.example.com,Basic,Yes
PART2088,Courier Partner 2088,International,3.57,partner2088@courier.example.com,Basic,Yes
PART2089,Courier Partner 2089,International,4.99,partner2089@courier.example.com,Premium,Yes
PART2090,Courier Partner 2090,Local,3.55,partner2090@courier.example.com,Basic,Yes
PART2091,Courier Partner 2091,Local,3.91,partner2091@courier.example.com,Basic,Yes
PART2092,Courier Partner 2092,National,3.01,partner2092@courier.example.com,Premium,Yes
PART2093,Courier Partner 2093,Local,3.7,partner2093@courier.example.com,Premium,Yes
PART2094,Courier Partner 2094,National,3.14,partner2094@courier.example.com,Basic,Yes
PART2095,Courier Partner 2095,National,4.49,partner2095@courier.example.com,Priority,Yes
PART2096,Courier Partner 2096,National,4.12,partner2096@courier.example.com,Basic,Yes
PART2097,Courier Partner 2097,Local,4.14,partner2097@courier.example.com,Basic,Yes
PART2098,Courier Partner 2098,National,3.57,partner2098@courier.example.com,Basic,Yes
PART2099,Courier Partner 2099,National,4.63,partner2099@courier.example.com,Basic,Yes
PART2100,Courier Partner 2100,International,3.01,partner2100@courier.example.com,Premium,Yes
PART2101,Courier Partner 2101,Local,3.67,partner2101@courier.example.com,Basic,Yes
PART2102,Courier Partner 2102,International,4.32,partner2102@courier.example.com,Basic,Yes
PART2103,Courier Partner 2103,National,4.82,partner2103@courier.example.com,Priority,Yes
PART2104,Courier Partner 2104,National,3.47,partner2104@courier.example.com,Basic,Yes
PART2105,Courier Partner 2105,National,4.08,partner2105@courier.example.com,Premium,Yes
PART2106,Courier Partner 2106,National,4.08,partner2106@courier.example.com,Basic,Yes
PART2107,Courier Partner 2107,Local,4.75,partner2107@courier.example.com,Basic,Yes
PART2108,Courier Partner 2108,Local,3.1,partner2108@courier.example.com,Basic,Yes
PART2109,Courier Partner 2109,National,3.85,partner2109@courier.example.com,Premium,Yes
PART2110,Courier Partner 2110,National,3.36,partner2110@courier.example.com,Premium,Yes
PART2111,Courier Partner 2111,Local,3.04,partner2111@courier.example.com,Basic,Yes
PART2112,Courier Partner 2112,National,3.29,partner2112@courier.example.com,Basic,Yes
PART2113,Courier Partner 2113,Local,4.95,partner2113@courier.example.com,Priority,Yes
PART2114,Courier Partner 2114,Local,3.43,partner2114@courier.example.com,Priority,Yes
PART2115,Courier Partner 2115,National,4.87,partner2115@courier.example.com,Premium,Yes
PART2116,Courier Partner 2116,Local,3.41,partner2116@courier.example.com,Premium,Yes
PART2117,Courier Partner 2117,Local,4.86,partner2117@courier.example.com,Premium,Yes
PART2118,Courier Partner 2118,National,4.31,partner2118@courier.example.com,Basic,No
PART2119,Courier Partner 2119,National,3.23,partner2119@courier.example.com,Premium,Yes
PART2120,Courier Partner 2120,Local,4.16,partner2120@courier.example.com,Premium,Yes
PART2121,Courier Partner 2121,Local,3.64,partner2121@courier.example.com,Premium,Yes
PART2122,Courier Partner 2122,Local,3.77,partner2122@courier.example.com,Basic,Yes
PART2123,Courier Partner 2123,Local,3.88,partner2123@courier.example.com,Premium,Yes
PART2124,Courier Partner 2124,Local,3.85,partner2124@courier.example.com,Premium,Yes
PART2125,Courier Partner 2125,Local,4.33,partner2125@courier.example.com,Premium,Yes
PART2126,Courier Partner 2126,Local,4.54,partner2126@courier.example.com,Premium,Yes
PART2127,Courier Partner 2127,National,3.66,partner2127@courier.example.com,Priority,Yes
PART2128,Courier Partner 2128,Local,4.85,partner2128@courier.example.com,Priority,Yes
PART2129,Courier Partner 2129,Local,4.88,partner2129@courier.example.com,Basic,Yes
PART2130,Courier Partner 2130,Local,3.08,partner2130@courier.example.com,Basic,Yes
PART2131,Courier Partner 2131,Local,3.03,partner2131@courier.example.com,Premium,Yes
PART2132,Courier Partner 2132,National,3.85,partner2132@courier.example.com,Priority,Yes
PART2133,Courier Partner 2133,Local,4.18,partner2133@courier.example.com,Basic,Yes
PART2134,Courier Partner 2134,Local,3.56,partner2134@courier.example.com,Premium,Yes
PART2135,Courier Partner 2135,Local,3.52,partner2135@courier.example.com,Basic,Yes
PART2136,Courier Partner 2136,National,4.36,partner2136@courier.example.com,Basic,Yes
PART2137,Courier Partner 2137,Local,4.2,partner2137@courier.example.com,Premium,Yes
PART2138,Courier Partner 2138,National,3.33,partner2138@courier.example.com,Premium,Yes
PART2139,Courier Partner 2139,Local,4.77,partner2139@courier.example.com,Premium,Yes
PART2140,Courier Partner 2140,Local,4.36,partner2140@courier.example.com,Priority,Yes
PART2141,Courier Partner 2141,National,3.73,partner2141@courier.example.com,Basic,Yes
PART2142,Courier Partner 2142,National,4.37,partner2142@courier.example.com,Basic,Yes
PART2143,Courier Partner 2143,National,3.23,partner2143@courier.example.com,Priority,Yes
PART2144,Courier Partner 2144,Local,3.94,partner2144@courier.example.com,Premium,Yes
PART2145,Courier Partner 2145,National,3.34,partner2145@courier.example.com,Basic,Yes
PART2146,Courier Partner 2146,Local,3.08,partner2146@courier.example.com,Premium,Yes
PART2147,Courier Partner 2147,National,3.68,partner2147@courier.example.com,Priority,No
PART2148,Courier Partner 2148,National,3.3,partner2148@courier.example.com,Premium,Yes
PART2149,Courier Partner 2149,Local,4.27,partner2149@courier.example.com,Premium,Yes
PART2150,Courier Partner 2150,National,4.35,partner2150@courier.example.com,Basic,Yes
PART2151,Courier Partner 2151,National,3.3,partner2151@courier.example.com,Basic,Yes
PART2152,Courier Partner 2152,Local,3.05,partner2152@courier.example.com,Priority,Yes
PART2153,Courier Partner 2153,National,4.59,partner2153@courier.example.com,Premium,Yes
PART2154,Courier Partner 2154,National,3.0,partner2154@courier.example.com,Basic,Yes
PART2155,Courier Partner 2155,Local,3.69,partner2155@courier.example.com,Premium,Yes
PART2156,Courier Partner 2156,International,3.99,partner2156@courier.example.com,Premium,Yes
PART2157,Courier Partner 2157,Local,4.64,partner2157@courier.example.com,Basic,Yes
PART2158,Courier Partner 2158,National,4.68,partner2158@courier.example.com,Premium,Yes
PART2159,Courier Partner 2159,National,4.45,partner2159@courier.example.com,Basic,Yes
PART2160,Courier Partner 2160,National,3.49,partner2160@courier.example.com,Basic,Yes
PART2161,Courier Partner 2161,Local,4.44,partner2161@courier.example.com,Premium,No
PART2162,Courier Partner 2162,International,3.49,partner2162@courier.example.com,Basic,Yes
PART2163,Courier Partner 2163,Local,3.43,partner2163@courier.example.com,Basic,Yes
PART2164,Courier Partner 2164,Local,4.09,partner2164@courier.example.com,Priority,Yes
PART2165,Courier Partner 2165,Local,4.36,partner2165@courier.example.com,Premium,Yes
PART2166,Courier Partner 2166,National,3.11,partner2166@courier.example.com,Premium,Yes
PART2167,Courier Partner 2167,International,3.12,partner2167@courier.example.com,Basic,No
PART2168,Courier Partner 2168,Local,4.57,partner2168@courier.example.com,Basic,Yes
PART2169,Courier Partner 2169,National,4.72,partner2169@courier.example.com,Premium,Yes
PART2170,Courier Partner 2170,Local,4.21,partner2170@courier.example.com,Basic,Yes
PART2171,Courier Partner 2171,International,3.86,partner2171@courier.example.com,Premium,Yes
PART2172,Courier Partner 2172,National,4.69,partner2172@courier.example.com,Basic,No
PART2173,Courier Partner 2173,Local,4.46,partner2173@courier.example.com,Premium,Yes
PART2174,Courier Partner 2174,Local,4.16,partner2174@courier.example.com,Basic,Yes
PART2175,Courier Partner 2175,Local,3.64,partner2175@courier.example.com,Basic,Yes
PART2176,Courier Partner 2176,Local,3.4,partner2176@courier.example.com,Priority,Yes
PART2177,Courier Partner 2177,National,3.84,partner2177@courier.example.com,Priority,Yes
PART2178,Courier Partner 2178,Local,3.57,partner2178@courier.example.com,Basic,Yes
PART2179,Courier Partner 2179,International,3.68,partner2179@courier.example.com,Premium,Yes
PART2180,Courier Partner 2180,National,4.03,partner2180@courier.example.com,Premium,Yes
PART2181,Courier Partner 2181,National,3.34,partner2181@courier.example.com,Basic,Yes
PART2182,Courier Partner 2182,Local,4.61,partner2182@courier.example.com,Basic,Yes
PART2183,Courier Partner 2183,National,3.29,partner2183@courier.example.com,Basic,Yes
PART2184,Courier Partner 2184,National,3.96,partner2184@courier.example.com,Premium,Yes
PART2185,Courier Partner 2185,National,4.49,partner2185@courier.example.com,Premium,Yes
PART2186,Courier Partner 2186,International,3.97,partner2186@courier.example.com,Priority,Yes
PART2187,Courier Partner 2187,Local,3.72,partner2187@courier.example.com,Premium,Yes
PART2188,Courier Partner 2188,Local,3.95,partner2188@courier.example.com,Priority,Yes
PART2189,Courier Partner 2189,National,4.7,partner2189@courier.example.com,Priority,Yes
PART2190,Courier Partner 2190,National,4.98,partner2190@courier.example.com,Premium,Yes
PART2191,Courier Partner 2191,National,4.26,partner2191@courier.example.com,Basic,Yes
PART2192,Courier Partner 2192,Local,4.59,partner2192@courier.example.com,Basic,Yes
PART2193,Courier Partner 2193,National,3.03,partner2193@courier.example.com,Premium,Yes
PART2194,Courier Partner 2194,Local,4.76,partner2194@courier.example.com,Premium,Yes
PART2195,Courier Partner 2195,Local,4.91,partner2195@courier.example.com,Basic,Yes
PART2196,Courier Partner 2196,National,4.15,partner2196@courier.example.com,Premium,Yes
PART2197,Courier Partner 2197,Local,4.51,partner2197@courier.example.com,Priority,Yes
PART2198,Courier Partner 2198,National,4.03,partner2198@courier.example.com,Premium,Yes
PART2199,Courier Partner 2199,International,3.57,partner2199@courier.example.com,Premium,Yes
PART2200,Courier Partner 2200,National,4.7,partner2200@courier.example.com,Premium,Yes
PART2201,Courier Partner 2201,International,4.19,partner2201@courier.example.com,Basic,Yes
PART2202,Courier Partner 2202,National,4.16,partner2202@courier.example.com,Basic,Yes
PART2203,Courier Partner 2203,Local,4.32,partner2203@courier.example.com,Premium,Yes
PART2204,Courier Partner 2204,National,4.71,partner2204@courier.example.com,Premium,Yes
PART2205,Courier Partner 2205,International,4.46,partner2205@courier.example.com,Basic,Yes
PART2206,Courier Partner 2206,International,3.42,partner2206@courier.example.com,Priority,No
PART2207,Courier Partner 2207,National,3.93,partner2207@courier.example.com,Basic,Yes
PART2208,Courier Partner 2208,Local,4.96,partner2208@courier.example.com,Premium,Yes
PART2209,Courier Partner 2209,Local,4.11,partner2209@courier.example.com,Premium,Yes
PART2210,Courier Partner 2210,Local,4.88,partner2210@courier.example.com,Basic,Yes
PART2211,Courier Partner 2211,International,4.63,partner2211@courier.example.com,Basic,Yes
PART2212,Courier Partner 2212,National,4.33,partner2212@courier.example.com,Priority,Yes
PART2213,Courier Partner 2213,National,3.7,partner2213@courier.example.com,Basic,Yes
PART2214,Courier Partner 2214,National,3.61,partner2214@courier.example.com,Basic,No
PART2215,Courier Partner 2215,National,4.29,partner2215@courier.example.com,Premium,Yes
PART2216,Courier Partner 2216,Local,3.87,partner2216@courier.example.com,Basic,Yes
PART2217,Courier Partner 2217,Local,4.6,partner2217@courier.example.com,Priority,Yes
PART2218,Courier Partner 2218,Local,4.52,partner2218@courier.example.com,Basic,Yes
PART2219,Courier Partner 2219,National,3.62,partner2219@courier.example.com,Premium,Yes
PART2220,Courier Partner 2220,Local,4.41,partner2220@courier.example.com,Basic,Yes
PART2221,Courier Partner 2221,National,3.99,partner2221@courier.example.com,Premium,Yes
PART2222,Courier Partner 2222,Local,3.65,partner2222@courier.example.com,Premium,Yes
PART2223,Courier Partner 2223,National,3.83,partner2223@courier.example.com,Basic,Yes
PART2224,Courier Partner 2224,Local,4.79,partner2224@courier.example.com,Priority,Yes
PART2225,Courier Partner 2225,National,3.72,partner2225@courier.example.com,Basic,Yes
PART2226,Courier Partner 2226,Local,3.57,partner2226@courier.example.com,Premium,Yes
PART2227,Courier Partner 2227,National,3.7,partner2227@courier.example.com,Priority,Yes
PART2228,Courier Partner 2228,Local,3.43,partner2228@courier.example.com,Premium,Yes
PART2229,Courier Partner 2229,National,4.09,partner2229@courier.example.com,Premium,Yes
PART2230,Courier Partner 2230,International,3.29,partner2230@courier.example.com,Basic,Yes
PART2231,Courier Partner 2231,Local,4.63,partner2231@courier.example.com,Basic,Yes
PART2232,Courier Partner 2232,Local,3.45,partner2232@courier.example.com,Basic,No
PART2233,Courier Partner 2233,National,4.2,partner2233@courier.example.com,Priority,Yes
PART2234,Courier Partner 2234,National,3.25,partner2234@courier.example.com,Priority,Yes
PART2235,Courier Partner 2235,Local,4.96,partner2235@courier.example.com,Basic,Yes
PART2236,Courier Partner 2236,National,3.91,partner2236@courier.example.com,Basic,No
PART2237,Courier Partner 2237,Local,4.64,partner2237@courier.example.com,Basic,Yes
PART2238,Courier Partner 2238,Local,4.54,partner2238@courier.example.com,Basic,Yes
PART2239,Courier Partner 2239,Local,4.43,partner2239@courier.example.com,Basic,Yes
PART2240,Courier Partner 2240,National,4.65,partner2240@courier.example.com,Premium,No
PART2241,Courier Partner 2241,National,3.2,partner2241@courier.example.com,Priority,Yes
PART2242,Courier Partner 2242,National,4.36,partner2242@courier.example.com,Premium,Yes
PART2243,Courier Partner 2243,National,3.53,partner2243@courier.example.com,Premium,Yes
PART2244,Courier Partner 2244,Local,4.57,partner2244@courier.example.com,Premium,Yes
PART2245,Courier Partner 2245,National,4.91,partner2245@courier.example.com,Premium,Yes
PART2246,Courier Partner 2246,National,4.8,partner2246@courier.example.com,Premium,Yes
PART2247,Courier Partner 2247,Local,3.23,partner2247@courier.example.com,Basic,Yes
PART2248,Courier Partner 2248,Local,3.74,partner2248@courier.example.com,Basic,Yes
PART2249,Courier Partner 2249,International,3.73,partner2249@courier.example.com,Premium,Yes
PART2250,Courier Partner 2250,International,3.24,partner2250@courier.example.com,Priority,Yes
PART2251,Courier Partner 2251,Local,3.2,partner2251@courier.example.com,Premium,Yes
PART2252,Courier Partner 2252,Local,3.77,partner2252@courier.example.com,Priority,Yes
PART2253,Courier Partner 2253,Local,4.98,partner2253@courier.example.com,Basic,Yes
PART2254,Courier Partner 2254,Local,4.14,partner2254@courier.example.com,Premium,Yes
PART2255,Courier Partner 2255,Local,4.24,partner2255@courier.example.com,Priority,Yes
PART2256,Courier Partner 2256,National,3.94,partner2256@courier.example.com,Premium,Yes
PART2257,Courier Partner 2257,National,4.32,partner2257@courier.example.com,Priority,Yes
PART2258,Courier Partner 2258,Local,4.91,partner2258@courier.example.com,Premium,Yes
PART2259,Courier Partner 2259,National,4.18,partner2259@courier.example.com,Basic,No
PART2260,Courier Partner 2260,Local,3.13,partner2260@courier.example.com,Basic,Yes
PART2261,Courier Partner 2261,Local,3.99,partner2261@courier.example.com,Premium,Yes
PART2262,Courier Partner 2262,National,4.99,partner2262@courier.example.com,Priority,Yes
PART2263,Courier Partner 2263,Local,3.77,partner2263@courier.example.com,Basic,Yes
PART2264,Courier Partner 2264,Local,4.19,partner2264@courier.example.com,Premium,Yes
PART2265,Courier Partner 2265,National,3.21,partner2265@courier.example.com,Premium,Yes
PART2266,Courier Partner 2266,Local,3.28,partner2266@courier.example.com,Basic,No
PART2267,Courier Partner 2267,National,4.75,partner2267@courier.example.com,Basic,Yes
PART2268,Courier Partner 2268,Local,3.6,partner2268@courier.example.com,Basic,Yes
PART2269,Courier Partner 2269,Local,3.61,partner2269@courier.example.com,Basic,Yes
PART2270,Courier Partner 2270,National,3.77,partner2270@courier.example.com,Basic,Yes
PART2271,Courier Partner 2271,National,4.93,partner2271@courier.example.com,Basic,Yes
PART2272,Courier Partner 2272,Local,3.17,partner2272@courier.example.com,Basic,Yes
PART2273,Courier Partner 2273,National,4.64,partner2273@courier.example.com,Premium,Yes
PART2274,Courier Partner 2274,International,3.68,partner2274@courier.example.com,Premium,Yes
PART2275,Courier Partner 2275,National,4.7,partner2275@courier.example.com,Premium,Yes
PART2276,Courier Partner 2276,Local,4.98,partner2276@courier.example.com,Premium,No
PART2277,Courier Partner 2277,National,3.7,partner2277@courier.example.com,Priority,Yes
PART2278,Courier Partner 2278,National,3.26,partner2278@courier.example.com,Priority,Yes
PART2279,Courier Partner 2279,National,3.29,partner2279@courier.example.com,Priority,Yes
PART2280,Courier Partner 2280,National,4.52,partner2280@courier.example.com,Basic,Yes
PART2281,Courier Partner 2281,Local,3.29,partner2281@courier.example.com,Priority,Yes
PART2282,Courier Partner 2282,National,3.52,partner2282@courier.example.com,Premium,Yes
PART2283,Courier Partner 2283,National,3.41,partner2283@courier.example.com,Basic,Yes
PART2284,Courier Partner 2284,National,3.71,partner2284@courier.example.com,Basic,Yes
PART2285,Courier Partner 2285,National,3.15,partner2285@courier.example.com,Premium,Yes
PART2286,Courier Partner 2286,National,4.71,partner2286@courier.example.com,Basic,Yes
PART2287,Courier Partner 2287,National,4.72,partner2287@courier.example.com,Basic,Yes
PART2288,Courier Partner 2288,National,3.83,partner2288@courier.example.com,Premium,Yes
PART2289,Courier Partner 2289,National,4.22,partner2289@courier.example.com,Premium,No
PART2290,Courier Partner 2290,National,4.28,partner2290@courier.example.com,Priority,No
PART2291,Courier Partner 2291,International,4.5,partner2291@courier.example.com,Premium,Yes
PART2292,Courier Partner 2292,National,4.04,partner2292@courier.example.com,Premium,Yes
PART2293,Courier Partner 2293,Local,4.02,partner2293@courier.example.com,Basic,Yes
PART2294,Courier Partner 2294,National,4.26,partner2294@courier.example.com,Premium,Yes
PART2295,Courier Partner 2295,National,4.41,partner2295@courier.example.com,Basic,Yes
PART2296,Courier Partner 2296,National,3.69,partner2296@courier.example.com,Priority,Yes
PART2297,Courier Partner 2297,National,3.66,partner2297@courier.example.com,Basic,Yes
PART2298,Courier Partner 2298,Local,3.54,partner2298@courier.example.com,Premium,Yes
PART2299,Courier Partner 2299,Local,4.1,partner2299@courier.example.com,Basic,Yes
PART2300,Courier Partner 2300,Local,3.72,partner2300@courier.example.com,Premium,Yes
PART2301,Courier Partner 2301,Local,4.08,partner2301@courier.example.com,Priority,Yes
PART2302,Courier Partner 2302,Local,3.81,partner2302@courier.example.com,Basic,Yes
PART2303,Courier Partner 2303,National,4.67,partner2303@courier.example.com,Premium,Yes
PART2304,Courier Partner 2304,Local,3.15,partner2304@courier.example.com,Premium,Yes
PART2305,Courier Partner 2305,International,4.14,partner2305@courier.example.com,Priority,Yes
PART2306,Courier Partner 2306,Local,4.15,partner2306@courier.example.com,Premium,Yes
PART2307,Courier Partner 2307,Local,3.77,partner2307@courier.example.com,Basic,Yes
PART2308,Courier Partner 2308,National,3.84,partner2308@courier.example.com,Basic,Yes
PART2309,Courier Partner 2309,Local,4.6,partner2309@courier.example.com,Premium,Yes
PART2310,Courier Partner 2310,International,3.56,partner2310@courier.example.com,Basic,Yes
PART2311,Courier Partner 2311,Local,4.74,partner2311@courier.example.com,Basic,Yes
PART2312,Courier Partner 2312,Local,4.79,partner2312@courier.example.com,Basic,Yes
PART2313,Courier Partner 2313,International,4.3,partner2313@courier.example.com,Premium,Yes
PART2314,Courier Partner 2314,Local,4.55,partner2314@courier.example.com,Priority,Yes
PART2315,Courier Partner 2315,Local,4.23,partner2315@courier.example.com,Priority,Yes
PART2316,Courier Partner 2316,Local,4.05,partner2316@courier.example.com,Premium,Yes
PART2317,Courier Partner 2317,National,4.93,partner2317@courier.example.com,Premium,Yes
PART2318,Courier Partner 2318,Local,3.57,partner2318@courier.example.com,Basic,Yes
PART2319,Courier Partner 2319,National,3.31,partner2319@courier.example.com,Premium,Yes
PART2320,Courier Partner 2320,National,3.57,partner2320@courier.example.com,Basic,Yes
PART2321,Courier Partner 2321,National,4.23,partner2321@courier.example.com,Premium,Yes
PART2322,Courier Partner 2322,Local,3.37,partner2322@courier.example.com,Priority,Yes
PART2323,Courier Partner 2323,Local,4.82,partner2323@courier.example.com,Priority,Yes
PART2324,Courier Partner 2324,Local,3.82,partner2324@courier.example.com,Premium,Yes
PART2325,Courier Partner 2325,National,4.7,partner2325@courier.example.com,Premium,Yes
PART2326,Courier Partner 2326,Local,3.5,partner2326@courier.example.com,Priority,Yes
PART2327,Courier Partner 2327,National,3.63,partner2327@courier.example.com,Basic,Yes
PART2328,Courier Partner 2328,National,3.12,partner2328@courier.example.com,Premium,Yes
PART2329,Courier Partner 2329,Local,3.52,partner2329@courier.example.com,Basic,Yes
PART2330,Courier Partner 2330,National,3.98,partner2330@courier.example.com,Priority,Yes
PART2331,Courier Partner 2331,Local,4.89,partner2331@courier.example.com,Basic,Yes
PART2332,Courier Partner 2332,Local,3.78,partner2332@courier.example.com,Basic,Yes
PART2333,Courier Partner 2333,Local,4.28,partner2333@courier.example.com,Premium,No
PART2334,Courier Partner 2334,Local,3.86,partner2334@courier.example.com,Basic,Yes
PART2335,Courier Partner 2335,National,3.09,partner2335@courier.example.com,Basic,Yes
PART2336,Courier Partner 2336,National,4.01,partner2336@courier.example.com,Premium,Yes
PART2337,Courier Partner 2337,Local,3.13,partner2337@courier.example.com,Premium,Yes
PART2338,Courier Partner 2338,International,4.77,partner2338@courier.example.com,Basic,Yes
PART2339,Courier Partner 2339,Local,4.51,partner2339@courier.example.com,Premium,Yes
PART2340,Courier Partner 2340,Local,3.76,partner2340@courier.example.com,Premium,Yes
PART2341,Courier Partner 2341,Local,4.28,partner2341@courier.example.com,Premium,Yes
PART2342,Courier Partner 2342,National,3.22,partner2342@courier.example.com,Premium,No
PART2343,Courier Partner 2343,International,4.41,partner2343@courier.example.com,Basic,Yes
PART2344,Courier Partner 2344,National,4.65,partner2344@courier.example.com,Basic,Yes
PART2345,Courier Partner 2345,International,4.64,partner2345@courier.example.com,Basic,Yes
PART2346,Courier Partner 2346,Local,3.57,partner2346@courier.example.com,Basic,Yes
PART2347,Courier Partner 2347,Local,3.53,partner2347@courier.example.com,Basic,Yes
PART2348,Courier Partner 2348,National,4.04,partner2348@courier.example.com,Basic,Yes
PART2349,Courier Partner 2349,National,4.94,partner2349@courier.example.com,Premium,No
PART2350,Courier Partner 2350,Local,4.84,partner2350@courier.example.com,Premium,No
PART2351,Courier Partner 2351,National,3.72,partner2351@courier.example.com,Priority,Yes
PART2352,Courier Partner 2352,Local,4.56,partner2352@courier.example.com,Basic,Yes
PART2353,Courier Partner 2353,Local,4.84,partner2353@courier.example.com,Basic,Yes
PART2354,Courier Partner 2354,National,3.52,partner2354@courier.example.com,Premium,Yes
PART2355,Courier Partner 2355,National,4.66,partner2355@courier.example.com,Basic,Yes
PART2356,Courier Partner 2356,Local,3.54,partner2356@courier.example.com,Premium,Yes
PART2357,Courier Partner 2357,Local,3.69,partner2357@courier.example.com,Premium,Yes
PART2358,Courier Partner 2358,National,3.4,partner2358@courier.example.com,Premium,Yes
PART2359,Courier Partner 2359,National,4.01,partner2359@courier.example.com,Basic,Yes
PART2360,Courier Partner 2360,National,4.69,partner2360@courier.example.com,Basic,Yes
PART2361,Courier Partner 2361,National,4.06,partner2361@courier.example.com,Basic,No
PART2362,Courier Partner 2362,Local,3.25,partner2362@courier.example.com,Basic,Yes
PART2363,Courier Partner 2363,International,3.5,partner2363@courier.example.com,Basic,Yes
PART2364,Courier Partner 2364,National,4.13,partner2364@courier.example.com,Premium,Yes
PART2365,Courier Partner 2365,Local,4.17,partner2365@courier.example.com,Basic,Yes
PART2366,Courier Partner 2366,Local,4.15,partner2366@courier.example.com,Premium,Yes
PART2367,Courier Partner 2367,Local,3.15,partner2367@courier.example.com,Basic,Yes
PART2368,Courier Partner 2368,National,4.51,partner2368@courier.example.com,Basic,Yes
PART2369,Courier Partner 2369,National,4.82,partner2369@courier.example.com,Basic,Yes
PART2370,Courier Partner 2370,National,4.02,partner2370@courier.example.com,Basic,Yes
PART2371,Courier Partner 2371,National,4.44,partner2371@courier.example.com,Basic,Yes
PART2372,Courier Partner 2372,Local,4.83,partner2372@courier.example.com,Basic,Yes
PART2373,Courier Partner 2373,National,4.29,partner2373@courier.example.com,Basic,Yes
PART2374,Courier Partner 2374,Local,4.35,partner2374@courier.example.com,Basic,Yes
PART2375,Courier Partner 2375,Local,4.44,partner2375@courier.example.com,Premium,Yes
PART2376,Courier Partner 2376,National,3.52,partner2376@courier.example.com,Premium,Yes
PART2377,Courier Partner 2377,Local,4.17,partner2377@courier.example.com,Basic,Yes
PART2378,Courier Partner 2378,National,4.68,partner2378@courier.example.com,Basic,Yes
PART2379,Courier Partner 2379,National,3.59,partner2379@courier.example.com,Premium,Yes
PART2380,Courier Partner 2380,National,4.79,partner2380@courier.example.com,Premium,Yes
PART2381,Courier Partner 2381,Local,4.24,partner2381@courier.example.com,Priority,Yes
PART2382,Courier Partner 2382,National,3.85,partner2382@courier.example.com,Basic,Yes
PART2383,Courier Partner 2383,International,4.25,partner2383@courier.example.com,Basic,Yes
PART2384,Courier Partner 2384,National,3.8,partner2384@courier.example.com,Premium,Yes
PART2385,Courier Partner 2385,National,4.68,partner2385@courier.example.com,Premium,Yes
PART2386,Courier Partner 2386,National,3.96,partner2386@courier.example.com,Basic,Yes
PART2387,Courier Partner 2387,Local,4.8,partner2387@courier.example.com,Premium,Yes
PART2388,Courier Partner 2388,National,4.02,partner2388@courier.example.com,Basic,Yes
PART2389,Courier Partner 2389,National,4.32,partner2389@courier.example.com,Basic,Yes
PART2390,Courier Partner 2390,National,5.0,partner2390@courier.example.com,Premium,Yes
PART2391,Courier Partner 2391,National,3.29,partner2391@courier.example.com,Basic,Yes
PART2392,Courier Partner 2392,Local,4.47,partner2392@courier.example.com,Premium,No
PART2393,Courier Partner 2393,Local,3.28,partner2393@courier.example.com,Premium,Yes
PART2394,Courier Partner 2394,National,4.68,partner2394@courier.example.com,Premium,Yes
PART2395,Courier Partner 2395,Local,4.19,partner2395@courier.example.com,Basic,Yes
PART2396,Courier Partner 2396,Local,4.88,partner2396@courier.example.com,Basic,Yes
PART2397,Courier Partner 2397,Local,4.73,partner2397@courier.example.com,Basic,Yes
PART2398,Courier Partner 2398,Local,3.15,partner2398@courier.example.com,Premium,No
PART2399,Courier Partner 2399,National,3.27,partner2399@courier.example.com,Premium,Yes
PART2400,Courier Partner 2400,National,4.2,partner2400@courier.example.com,Basic,Yes
PART2401,Courier Partner 2401,Local,4.04,partner2401@courier.example.com,Premium,Yes
PART2402,Courier Partner 2402,National,3.34,partner2402@courier.example.com,Premium,Yes
PART2403,Courier Partner 2403,Local,3.26,partner2403@courier.example.com,Basic,Yes
PART2404,Courier Partner 2404,National,4.13,partner2404@courier.example.com,Premium,Yes
PART2405,Courier Partner 2405,Local,3.1,partner2405@courier.example.com,Basic,Yes
PART2406,Courier Partner 2406,International,4.75,partner2406@courier.example.com,Premium,Yes
PART2407,Courier Partner 2407,Local,4.61,partner2407@courier.example.com,Premium,No
PART2408,Courier Partner 2408,National,4.57,partner2408@courier.example.com,Basic,Yes
PART2409,Courier Partner 2409,National,3.03,partner2409@courier.example.com,Premium,Yes
PART2410,Courier Partner 2410,International,3.1,partner2410@courier.example.com,Premium,Yes
PART2411,Courier Partner 2411,Local,4.1,partner2411@courier.example.com,Basic,Yes
PART2412,Courier Partner 2412,National,4.99,partner2412@courier.example.com,Premium,Yes
PART2413,Courier Partner 2413,Local,3.68,partner2413@courier.example.com,Basic,Yes
PART2414,Courier Partner 2414,National,3.69,partner2414@courier.example.com,Premium,No
PART2415,Courier Partner 2415,Local,3.27,partner2415@courier.example.com,Priority,Yes
PART2416,Courier Partner 2416,National,4.35,partner2416@courier.example.com,Premium,Yes
PART2417,Courier Partner 2417,Local,4.29,partner2417@courier.example.com,Basic,Yes
PART2418,Courier Partner 2418,National,3.2,partner2418@courier.example.com,Basic,Yes
PART2419,Courier Partner 2419,National,3.93,partner2419@courier.example.com,Basic,Yes
PART2420,Courier Partner 2420,International,4.33,partner2420@courier.example.com,Premium,Yes
PART2421,Courier Partner 2421,National,3.99,partner2421@courier.example.com,Premium,Yes
PART2422,Courier Partner 2422,Local,4.35,partner2422@courier.example.com,Basic,Yes
PART2423,Courier Partner 2423,Local,4.63,partner2423@courier.example.com,Priority,Yes
PART2424,Courier Partner 2424,Local,4.37,partner2424@courier.example.com,Basic,Yes
PART2425,Courier Partner 2425,National,4.23,partner2425@courier.example.com,Premium,No
PART2426,Courier Partner 2426,National,4.71,partner2426@courier.example.com,Premium,Yes
PART2427,Courier Partner 2427,National,4.8,partner2427@courier.example.com,Premium,Yes
PART2428,Courier Partner 2428,Local,3.78,partner2428@courier.example.com,Premium,Yes
PART2429,Courier Partner 2429,National,3.35,partner2429@courier.example.com,Basic,Yes
PART2430,Courier Partner 2430,National,4.64,partner2430@courier.example.com,Priority,Yes
PART2431,Courier Partner 2431,International,3.43,partner2431@courier.example.com,Premium,Yes
PART2432,Courier Partner 2432,National,4.86,partner2432@courier.example.com,Premium,Yes
PART2433,Courier Partner 2433,Local,3.05,partner2433@courier.example.com,Premium,Yes
PART2434,Courier Partner 2434,Local,4.84,partner2434@courier.example.com,Basic,Yes
PART2435,Courier Partner 2435,Local,4.18,partner2435@courier.example.com,Premium,Yes
PART2436,Courier Partner 2436,National,4.55,partner2436@courier.example.com,Premium,Yes
PART2437,Courier Partner 2437,National,3.8,partner2437@courier.example.com,Premium,Yes
PART2438,Courier Partner 2438,Local,4.98,partner2438@courier.example.com,Premium,Yes
PART2439,Courier Partner 2439,Local,3.46,partner2439@courier.example.com,Priority,Yes
PART2440,Courier Partner 2440,Local,3.53,partner2440@courier.example.com,Basic,Yes
PART2441,Courier Partner 2441,International,3.1,partner2441@courier.example.com,Premium,Yes
PART2442,Courier Partner 2442,Local,4.88,partner2442@courier.example.com,Basic,Yes
PART2443,Courier Partner 2443,Local,3.91,partner2443@courier.example.com,Premium,Yes
PART2444,Courier Partner 2444,Local,4.35,partner2444@courier.example.com,Basic,Yes
PART2445,Courier Partner 2445,Local,4.37,partner2445@courier.example.com,Basic,Yes
PART2446,Courier Partner 2446,National,4.75,partner2446@courier.example.com,Basic,Yes
PART2447,Courier Partner 2447,National,4.33,partner2447@courier.example.com,Basic,Yes
PART2448,Courier Partner 2448,Local,4.12,partner2448@courier.example.com,Basic,Yes
PART2449,Courier Partner 2449,National,4.42,partner2449@courier.example.com,Premium,Yes
PART2450,Courier Partner 2450,Local,4.5,partner2450@courier.example.com,Basic,Yes
PART2451,Courier Partner 2451,International,3.37,partner2451@courier.example.com,Premium,Yes
PART2452,Courier Partner 2452,Local,3.22,partner2452@courier.example.com,Basic,Yes
PART2453,Courier Partner 2453,Local,3.15,partner2453@courier.example.com,Basic,Yes
PART2454,Courier Partner 2454,National,3.75,partner2454@courier.example.com,Basic,Yes
PART2455,Courier Partner 2455,Local,4.0,partner2455@courier.example.com,Basic,Yes
PART2456,Courier Partner 2456,Local,4.23,partner2456@courier.example.com,Basic,Yes
PART2457,Courier Partner 2457,National,4.92,partner2457@courier.example.com,Priority,Yes
PART2458,Courier Partner 2458,National,3.66,partner2458@courier.example.com,Basic,Yes
PART2459,Courier Partner 2459,National,4.52,partner2459@courier.example.com,Premium,Yes
PART2460,Courier Partner 2460,National,4.06,partner2460@courier.example.com,Basic,Yes
PART2461,Courier Partner 2461,National,3.44,partner2461@courier.example.com,Priority,Yes
PART2462,Courier Partner 2462,National,4.23,partner2462@courier.example.com,Basic,Yes
PART2463,Courier Partner 2463,National,4.93,partner2463@courier.example.com,Priority,Yes
PART2464,Courier Partner 2464,National,3.25,partner2464@courier.example.com,Basic,Yes
PART2465,Courier Partner 2465,Local,4.01,partner2465@courier.example.com,Basic,Yes
PART2466,Courier Partner 2466,Local,3.1,partner2466@courier.example.com,Premium,Yes
PART2467,Courier Partner 2467,Local,3.64,partner2467@courier.example.com,Premium,Yes
PART2468,Courier Partner 2468,Local,4.24,partner2468@courier.example.com,Basic,Yes
PART2469,Courier Partner 2469,National,4.68,partner2469@courier.example.com,Basic,Yes
PART2470,Courier Partner 2470,Local,4.46,partner2470@courier.example.com,Premium,Yes
PART2471,Courier Partner 2471,Local,3.93,partner2471@courier.example.com,Basic,Yes
PART2472,Courier Partner 2472,Local,4.82,partner2472@courier.example.com,Premium,Yes
PART2473,Courier Partner 2473,Local,3.61,partner2473@courier.example.com,Premium,Yes
PART2474,Courier Partner 2474,National,4.51,partner2474@courier.example.com,Premium,Yes
PART2475,Courier Partner 2475,National,3.95,partner2475@courier.example.com,Basic,Yes
PART2476,Courier Partner 2476,National,4.8,partner2476@courier.example.com,Premium,Yes
PART2477,Courier Partner 2477,Local,4.59,partner2477@courier.example.com,Basic,Yes
PART2478,Courier Partner 2478,National,4.8,partner2478@courier.example.com,Basic,Yes
PART2479,Courier Partner 2479,International,3.43,partner2479@courier.example.com,Premium,Yes
PART2480,Courier Partner 2480,National,4.34,partner2480@courier.example.com,Priority,Yes
PART2481,Courier Partner 2481,National,4.48,partner2481@courier.example.com,Basic,Yes
PART2482,Courier Partner 2482,National,4.48,partner2482@courier.example.com,Basic,Yes
PART2483,Courier Partner 2483,International,4.01,partner2483@courier.example.com,Premium,Yes
PART2484,Courier Partner 2484,National,3.02,partner2484@courier.example.com,Basic,No
PART2485,Courier Partner 2485,International,3.52,partner2485@courier.example.com,Premium,Yes
PART2486,Courier Partner 2486,National,3.65,partner2486@courier.example.com,Priority,Yes
PART2487,Courier Partner 2487,National,4.7,partner2487@courier.example.com,Priority,Yes
PART2488,Courier Partner 2488,National,4.68,partner2488@courier.example.com,Basic,Yes
PART2489,Courier Partner 2489,Local,3.21,partner2489@courier.example.com,Premium,Yes
PART2490,Courier Partner 2490,Local,4.9,partner2490@courier.example.com,Priority,Yes
PART2491,Courier Partner 2491,National,3.36,partner2491@courier.example.com,Basic,Yes
PART2492,Courier Partner 2492,Local,3.83,partner2492@courier.example.com,Premium,No
PART2493,Courier Partner 2493,National,3.43,partner2493@courier.example.com,Basic,No
PART2494,Courier Partner 2494,Local,4.72,partner2494@courier.example.com,Basic,Yes
PART2495,Courier Partner 2495,Local,4.5,partner2495@courier.example.com,Priority,Yes
PART2496,Courier Partner 2496,National,3.71,partner2496@courier.example.com,Premium,Yes
PART2497,Courier Partner 2497,National,4.36,partner2497@courier.example.com,Basic,Yes
PART2498,Courier Partner 2498,National,3.37,partner2498@courier.example.com,Premium,Yes
PART2499,Courier Partner 2499,Local,3.76,partner2499@courier.example.com,Premium,Yes
PART2500,Courier Partner 2500,National,3.75,partner2500@courier.example.com,Priority,Yes
PART2501,Courier Partner 2501,Local,3.48,partner2501@courier.example.com,Basic,Yes
PART2502,Courier Partner 2502,Local,4.75,partner2502@courier.example.com,Basic,Yes
PART2503,Courier Partner 2503,Local,4.36,partner2503@courier.example.com,Basic,Yes
PART2504,Courier Partner 2504,National,3.56,partner2504@courier.example.com,Premium,Yes
PART2505,Courier Partner 2505,Local,3.48,partner2505@courier.example.com,Basic,Yes
PART2506,Courier Partner 2506,National,3.04,partner2506@courier.example.com,Basic,Yes
PART2507,Courier Partner 2507,Local,3.69,partner2507@courier.example.com,Priority,Yes
PART2508,Courier Partner 2508,Local,4.05,partner2508@courier.example.com,Priority,Yes
PART2509,Courier Partner 2509,Local,3.56,partner2509@courier.example.com,Premium,Yes
PART2510,Courier Partner 2510,International,4.4,partner2510@courier.example.com,Priority,No
PART2511,Courier Partner 2511,National,3.82,partner2511@courier.example.com,Priority,Yes
PART2512,Courier Partner 2512,Local,3.63,partner2512@courier.example.com,Premium,Yes
PART2513,Courier Partner 2513,National,4.88,partner2513@courier.example.com,Premium,Yes
PART2514,Courier Partner 2514,National,3.53,partner2514@courier.example.com,Priority,Yes
PART2515,Courier Partner 2515,National,3.8,partner2515@courier.example.com,Premium,Yes
PART2516,Courier Partner 2516,National,3.76,partner2516@courier.example.com,Basic,Yes
PART2517,Courier Partner 2517,Local,3.48,partner2517@courier.example.com,Basic,Yes
PART2518,Courier Partner 2518,National,3.43,partner2518@courier.example.com,Basic,No
PART2519,Courier Partner 2519,National,3.6,partner2519@courier.example.com,Priority,Yes
PART2520,Courier Partner 2520,National,4.73,partner2520@courier.example.com,Premium,Yes
PART2521,Courier Partner 2521,National,4.53,partner2521@courier.example.com,Priority,Yes
PART2522,Courier Partner 2522,Local,4.36,partner2522@courier.example.com,Premium,Yes
PART2523,Courier Partner 2523,Local,3.91,partner2523@courier.example.com,Basic,Yes
PART2524,Courier Partner 2524,National,4.02,partner2524@courier.example.com,Premium,Yes
PART2525,Courier Partner 2525,National,3.53,partner2525@courier.example.com,Basic,Yes
PART2526,Courier Partner 2526,Local,3.15,partner2526@courier.example.com,Basic,Yes
PART2527,Courier Partner 2527,Local,3.66,partner2527@courier.example.com,Premium,Yes
PART2528,Courier Partner 2528,National,3.99,partner2528@courier.example.com,Premium,Yes
PART2529,Courier Partner 2529,Local,3.11,partner2529@courier.example.com,Premium,Yes
PART2530,Courier Partner 2530,Local,3.18,partner2530@courier.example.com,Basic,Yes
PART2531,Courier Partner 2531,Local,3.53,partner2531@courier.example.com,Premium,Yes
PART2532,Courier Partner 2532,International,3.73,partner2532@courier.example.com,Basic,Yes
PART2533,Courier Partner 2533,International,3.79,partner2533@courier.example.com,Premium,Yes
PART2534,Courier Partner 2534,National,3.24,partner2534@courier.example.com,Basic,Yes
PART2535,Courier Partner 2535,National,3.45,partner2535@courier.example.com,Premium,Yes
PART2536,Courier Partner 2536,Local,3.52,partner2536@courier.example.com,Basic,Yes
PART2537,Courier Partner 2537,Local,3.14,partner2537@courier.example.com,Basic,Yes
PART2538,Courier Partner 2538,National,3.65,partner2538@courier.example.com,Premium,Yes
PART2539,Courier Partner 2539,Local,3.14,partner2539@courier.example.com,Premium,Yes
PART2540,Courier Partner 2540,National,4.41,partner2540@courier.example.com,Premium,Yes
PART2541,Courier Partner 2541,National,3.77,partner2541@courier.example.com,Premium,Yes
PART2542,Courier Partner 2542,Local,3.65,partner2542@courier.example.com,Priority,Yes
PART2543,Courier Partner 2543,National,3.25,partner2543@courier.example.com,Priority,Yes
PART2544,Courier Partner 2544,National,3.45,partner2544@courier.example.com,Basic,Yes
PART2545,Courier Partner 2545,National,3.47,partner2545@courier.example.com,Basic,Yes
PART2546,Courier Partner 2546,Local,4.97,partner2546@courier.example.com,Premium,Yes
PART2547,Courier Partner 2547,Local,4.67,partner2547@courier.example.com,Basic,Yes
PART2548,Courier Partner 2548,National,3.03,partner2548@courier.example.com,Basic,Yes
PART2549,Courier Partner 2549,International,4.23,partner2549@courier.example.com,Basic,Yes
PART2550,Courier Partner 2550,Local,3.51,partner2550@courier.example.com,Basic,Yes
PART2551,Courier Partner 2551,International,3.21,partner2551@courier.example.com,Premium,Yes
PART2552,Courier Partner 2552,National,4.41,partner2552@courier.example.com,Basic,Yes
PART2553,Courier Partner 2553,National,3.26,partner2553@courier.example.com,Basic,Yes
PART2554,Courier Partner 2554,Local,3.89,partner2554@courier.example.com,Priority,Yes
PART2555,Courier Partner 2555,Local,4.26,partner2555@courier.example.com,Priority,Yes
PART2556,Courier Partner 2556,Local,4.11,partner2556@courier.example.com,Priority,Yes
PART2557,Courier Partner 2557,Local,4.96,partner2557@courier.example.com,Basic,No
PART2558,Courier Partner 2558,International,4.57,partner2558@courier.example.com,Basic,Yes
PART2559,Courier Partner 2559,Local,4.55,partner2559@courier.example.com,Basic,Yes
PART2560,Courier Partner 2560,National,3.71,partner2560@courier.example.com,Basic,Yes
PART2561,Courier Partner 2561,Local,3.02,partner2561@courier.example.com,Basic,Yes
PART2562,Courier Partner 2562,National,4.47,partner2562@courier.example.com,Priority,Yes
PART2563,Courier Partner 2563,Local,5.0,partner2563@courier.example.com,Priority,Yes
PART2564,Courier Partner 2564,Local,3.81,partner2564@courier.example.com,Premium,Yes
PART2565,Courier Partner 2565,Local,4.97,partner2565@courier.example.com,Premium,Yes
PART2566,Courier Partner 2566,National,3.28,partner2566@courier.example.com,Premium,Yes
PART2567,Courier Partner 2567,Local,3.59,partner2567@courier.example.com,Premium,Yes
PART2568,Courier Partner 2568,Local,3.34,partner2568@courier.example.com,Priority,Yes
PART2569,Courier Partner 2569,Local,3.95,partner2569@courier.example.com,Premium,Yes
PART2570,Courier Partner 2570,International,4.59,partner2570@courier.example.com,Basic,Yes
PART2571,Courier Partner 2571,National,3.68,partner2571@courier.example.com,Basic,Yes
PART2572,Courier Partner 2572,National,4.81,partner2572@courier.example.com,Premium,Yes
PART2573,Courier Partner 2573,National,4.09,partner2573@courier.example.com,Basic,Yes
PART2574,Courier Partner 2574,Local,3.93,partner2574@courier.example.com,Priority,Yes
PART2575,Courier Partner 2575,National,4.57,partner2575@courier.example.com,Premium,Yes
PART2576,Courier Partner 2576,Local,3.2,partner2576@courier.example.com,Premium,Yes
PART2577,Courier Partner 2577,Local,4.55,partner2577@courier.example.com,Basic,Yes
PART2578,Courier Partner 2578,National,3.49,partner2578@courier.example.com,Premium,Yes
PART2579,Courier Partner 2579,National,3.56,partner2579@courier.example.com,Basic,Yes
PART2580,Courier Partner 2580,Local,4.2,partner2580@courier.example.com,Premium,Yes
PART2581,Courier Partner 2581,Local,4.8,partner2581@courier.example.com,Basic,No
PART2582,Courier Partner 2582,National,4.16,partner2582@courier.example.com,Priority,No
PART2583,Courier Partner 2583,National,4.3,partner2583@courier.example.com,Premium,Yes
PART2584,Courier Partner 2584,Local,4.55,partner2584@courier.example.com,Premium,Yes
PART2585,Courier Partner 2585,Local,3.52,partner2585@courier.example.com,Priority,Yes
PART2586,Courier Partner 2586,National,4.65,partner2586@courier.example.com,Priority,Yes
PART2587,Courier Partner 2587,National,3.84,partner2587@courier.example.com,Basic,Yes
PART2588,Courier Partner 2588,International,3.35,partner2588@courier.example.com,Premium,Yes
PART2589,Courier Partner 2589,Local,3.7,partner2589@courier.example.com,Basic,Yes
PART2590,Courier Partner 2590,National,3.49,partner2590@courier.example.com,Premium,Yes
PART2591,Courier Partner 2591,Local,3.46,partner2591@courier.example.com,Basic,Yes
PART2592,Courier Partner 2592,National,3.57,partner2592@courier.example.com,Premium,Yes
PART2593,Courier Partner 2593,Local,3.36,partner2593@courier.example.com,Premium,Yes
PART2594,Courier Partner 2594,Local,4.34,partner2594@courier.example.com,Premium,Yes
PART2595,Courier Partner 2595,Local,4.16,partner2595@courier.example.com,Premium,Yes
PART2596,Courier Partner 2596,National,4.3,partner2596@courier.example.com,Premium,Yes
PART2597,Courier Partner 2597,National,3.69,partner2597@courier.example.com,Basic,Yes
PART2598,Courier Partner 2598,National,4.54,partner2598@courier.example.com,Premium,Yes
PART2599,Courier Partner 2599,National,3.26,partner2599@courier.example.com,Premium,Yes
PART2600,Courier Partner 2600,National,4.14,partner2600@courier.example.com,Premium,Yes
PART2601,Courier Partner 2601,National,3.55,partner2601@courier.example.com,Priority,Yes
PART2602,Courier Partner 2602,International,4.06,partner2602@courier.example.com,Basic,Yes
PART2603,Courier Partner 2603,National,3.65,partner2603@courier.example.com,Premium,Yes
PART2604,Courier Partner 2604,Local,4.58,partner2604@courier.example.com,Premium,Yes
PART2605,Courier Partner 2605,International,4.78,partner2605@courier.example.com,Basic,Yes
PART2606,Courier Partner 2606,Local,4.49,partner2606@courier.example.com,Basic,Yes
PART2607,Courier Partner 2607,National,3.35,partner2607@courier.example.com,Premium,Yes
PART2608,Courier Partner 2608,Local,3.55,partner2608@courier.example.com,Basic,Yes
PART2609,Courier Partner 2609,National,4.84,partner2609@courier.example.com,Premium,Yes
PART2610,Courier Partner 2610,National,3.87,partner2610@courier.example.com,Premium,Yes
PART2611,Courier Partner 2611,Local,4.88,partner2611@courier.example.com,Premium,Yes
PART2612,Courier Partner 2612,National,3.78,partner2612@courier.example.com,Premium,Yes
PART2613,Courier Partner 2613,National,4.9,partner2613@courier.example.com,Priority,No
PART2614,Courier Partner 2614,Local,4.85,partner2614@courier.example.com,Basic,Yes
PART2615,Courier Partner 2615,Local,4.32,partner2615@courier.example.com,Premium,Yes
PART2616,Courier Partner 2616,Local,3.02,partner2616@courier.example.com,Premium,Yes
PART2617,Courier Partner 2617,National,3.8,partner2617@courier.example.com,Basic,Yes
PART2618,Courier Partner 2618,National,4.82,partner2618@courier.example.com,Priority,Yes
PART2619,Courier Partner 2619,National,4.77,partner2619@courier.example.com,Priority,Yes
PART2620,Courier Partner 2620,Local,3.37,partner2620@courier.example.com,Basic,Yes
PART2621,Courier Partner 2621,Local,3.8,partner2621@courier.example.com,Premium,Yes
PART2622,Courier Partner 2622,Local,4.67,partner2622@courier.example.com,Premium,Yes
PART2623,Courier Partner 2623,Local,4.16,partner2623@courier.example.com,Basic,Yes
PART2624,Courier Partner 2624,National,4.69,partner2624@courier.example.com,Priority,Yes
PART2625,Courier Partner 2625,International,4.65,partner2625@courier.example.com,Premium,Yes
PART2626,Courier Partner 2626,Local,4.81,partner2626@courier.example.com,Premium,Yes
PART2627,Courier Partner 2627,International,3.23,partner2627@courier.example.com,Basic,Yes
PART2628,Courier Partner 2628,Local,3.29,partner2628@courier.example.com,Basic,Yes
PART2629,Courier Partner 2629,International,3.17,partner2629@courier.example.com,Basic,Yes
PART2630,Courier Partner 2630,Local,4.87,partner2630@courier.example.com,Premium,No
PART2631,Courier Partner 2631,International,3.95,partner2631@courier.example.com,Premium,Yes
PART2632,Courier Partner 2632,Local,3.13,partner2632@courier.example.com,Basic,Yes
PART2633,Courier Partner 2633,International,3.64,partner2633@courier.example.com,Basic,Yes
PART2634,Courier Partner 2634,Local,3.7,partner2634@courier.example.com,Premium,Yes
PART2635,Courier Partner 2635,Local,4.62,partner2635@courier.example.com,Premium,Yes
PART2636,Courier Partner 2636,National,4.47,partner2636@courier.example.com,Premium,Yes
PART2637,Courier Partner 2637,Local,4.38,partner2637@courier.example.com,Premium,Yes
PART2638,Courier Partner 2638,National,3.04,partner2638@courier.example.com,Basic,Yes
PART2639,Courier Partner 2639,International,4.82,partner2639@courier.example.com,Basic,Yes
PART2640,Courier Partner 2640,National,3.43,partner2640@courier.example.com,Basic,Yes
PART2641,Courier Partner 2641,National,4.26,partner2641@courier.example.com,Premium,Yes
PART2642,Courier Partner 2642,Local,3.12,partner2642@courier.example.com,Basic,Yes
PART2643,Courier Partner 2643,National,3.16,partner2643@courier.example.com,Premium,Yes
PART2644,Courier Partner 2644,National,3.02,partner2644@courier.example.com,Premium,Yes
PART2645,Courier Partner 2645,National,4.13,partner2645@courier.example.com,Priority,Yes
PART2646,Courier Partner 2646,Local,4.26,partner2646@courier.example.com,Priority,Yes
PART2647,Courier Partner 2647,National,3.1,partner2647@courier.example.com,Priority,Yes
PART2648,Courier Partner 2648,Local,3.58,partner2648@courier.example.com,Premium,Yes
PART2649,Courier Partner 2649,Local,4.7,partner2649@courier.example.com,Premium,Yes
PART2650,Courier Partner 2650,Local,3.2,partner2650@courier.example.com,Premium,Yes
PART2651,Courier Partner 2651,Local,3.43,partner2651@courier.example.com,Priority,Yes
PART2652,Courier Partner 2652,Local,3.85,partner2652@courier.example.com,Priority,Yes
PART2653,Courier Partner 2653,Local,4.68,partner2653@courier.example.com,Basic,Yes
PART2654,Courier Partner 2654,National,3.51,partner2654@courier.example.com,Basic,Yes
PART2655,Courier Partner 2655,Local,4.99,partner2655@courier.example.com,Premium,Yes
PART2656,Courier Partner 2656,National,3.71,partner2656@courier.example.com,Premium,Yes
PART2657,Courier Partner 2657,Local,3.77,partner2657@courier.example.com,Premium,Yes
PART2658,Courier Partner 2658,Local,3.24,partner2658@courier.example.com,Priority,Yes
PART2659,Courier Partner 2659,National,4.36,partner2659@courier.example.com,Premium,Yes
PART2660,Courier Partner 2660,National,3.49,partner2660@courier.example.com,Basic,No
PART2661,Courier Partner 2661,National,4.26,partner2661@courier.example.com,Priority,Yes
PART2662,Courier Partner 2662,National,3.45,partner2662@courier.example.com,Basic,Yes
PART2663,Courier Partner 2663,Local,3.78,partner2663@courier.example.com,Basic,Yes
PART2664,Courier Partner 2664,National,4.71,partner2664@courier.example.com,Premium,Yes
PART2665,Courier Partner 2665,National,4.48,partner2665@courier.example.com,Basic,Yes
PART2666,Courier Partner 2666,Local,3.31,partner2666@courier.example.com,Basic,Yes
PART2667,Courier Partner 2667,National,4.22,partner2667@courier.example.com,Basic,Yes
PART2668,Courier Partner 2668,National,4.26,partner2668@courier.example.com,Basic,Yes
PART2669,Courier Partner 2669,Local,3.18,partner2669@courier.example.com,Premium,Yes
PART2670,Courier Partner 2670,National,3.93,partner2670@courier.example.com,Basic,No
PART2671,Courier Partner 2671,International,3.52,partner2671@courier.example.com,Premium,No
PART2672,Courier Partner 2672,National,3.93,partner2672@courier.example.com,Basic,Yes
PART2673,Courier Partner 2673,Local,4.55,partner2673@courier.example.com,Premium,Yes
PART2674,Courier Partner 2674,International,3.32,partner2674@courier.example.com,Basic,Yes
PART2675,Courier Partner 2675,Local,3.25,partner2675@courier.example.com,Basic,Yes
PART2676,Courier Partner 2676,Local,3.54,partner2676@courier.example.com,Basic,Yes
PART2677,Courier Partner 2677,Local,4.9,partner2677@courier.example.com,Basic,Yes
PART2678,Courier Partner 2678,National,4.5,partner2678@courier.example.com,Premium,Yes
PART2679,Courier Partner 2679,International,3.04,partner2679@courier.example.com,Premium,Yes
PART2680,Courier Partner 2680,National,3.8,partner2680@courier.example.com,Priority,Yes
PART2681,Courier Partner 2681,International,3.51,partner2681@courier.example.com,Priority,Yes
PART2682,Courier Partner 2682,Local,4.28,partner2682@courier.example.com,Premium,Yes
PART2683,Courier Partner 2683,Local,3.92,partner2683@courier.example.com,Basic,Yes
PART2684,Courier Partner 2684,National,4.93,partner2684@courier.example.com,Premium,Yes
PART2685,Courier Partner 2685,International,3.44,partner2685@courier.example.com,Basic,Yes
PART2686,Courier Partner 2686,National,4.18,partner2686@courier.example.com,Premium,Yes
PART2687,Courier Partner 2687,Local,4.4,partner2687@courier.example.com,Basic,Yes
PART2688,Courier Partner 2688,Local,4.65,partner2688@courier.example.com,Premium,Yes
PART2689,Courier Partner 2689,Local,3.81,partner2689@courier.example.com,Priority,Yes
PART2690,Courier Partner 2690,Local,4.37,partner2690@courier.example.com,Basic,Yes
PART2691,Courier Partner 2691,Local,3.61,partner2691@courier.example.com,Premium,Yes
PART2692,Courier Partner 2692,International,3.87,partner2692@courier.example.com,Premium,Yes
PART2693,Courier Partner 2693,National,4.79,partner2693@courier.example.com,Basic,Yes
PART2694,Courier Partner 2694,National,4.9,partner2694@courier.example.com,Priority,Yes
PART2695,Courier Partner 2695,Local,4.44,partner2695@courier.example.com,Basic,Yes
PART2696,Courier Partner 2696,Local,3.75,partner2696@courier.example.com,Basic,Yes
PART2697,Courier Partner 2697,National,4.64,partner2697@courier.example.com,Premium,Yes
PART2698,Courier Partner 2698,National,3.05,partner2698@courier.example.com,Basic,Yes
PART2699,Courier Partner 2699,National,3.21,partner2699@courier.example.com,Basic,Yes
PART2700,Courier Partner 2700,National,4.32,partner2700@courier.example.com,Premium,Yes
PART2701,Courier Partner 2701,National,3.58,partner2701@courier.example.com,Premium,Yes
PART2702,Courier Partner 2702,Local,4.9,partner2702@courier.example.com,Premium,Yes
PART2703,Courier Partner 2703,Local,3.87,partner2703@courier.example.com,Premium,No
PART2704,Courier Partner 2704,National,3.86,partner2704@courier.example.com,Basic,Yes
PART2705,Courier Partner 2705,Local,4.36,partner2705@courier.example.com,Premium,Yes
PART2706,Courier Partner 2706,Local,4.54,partner2706@courier.example.com,Basic,Yes
PART2707,Courier Partner 2707,Local,3.95,partner2707@courier.example.com,Priority,Yes
PART2708,Courier Partner 2708,Local,3.43,partner2708@courier.example.com,Basic,Yes
PART2709,Courier Partner 2709,International,4.55,partner2709@courier.example.com,Basic,Yes
PART2710,Courier Partner 2710,Local,3.64,partner2710@courier.example.com,Priority,Yes
PART2711,Courier Partner 2711,Local,3.35,partner2711@courier.example.com,Priority,Yes
PART2712,Courier Partner 2712,National,4.26,partner2712@courier.example.com,Premium,Yes
PART2713,Courier Partner 2713,National,3.18,partner2713@courier.example.com,Basic,Yes
PART2714,Courier Partner 2714,National,4.94,partner2714@courier.example.com,Premium,Yes
PART2715,Courier Partner 2715,International,4.26,partner2715@courier.example.com,Basic,Yes
PART2716,Courier Partner 2716,National,4.97,partner2716@courier.example.com,Premium,Yes
PART2717,Courier Partner 2717,National,3.68,partner2717@courier.example.com,Basic,Yes
PART2718,Courier Partner 2718,Local,4.94,partner2718@courier.example.com,Basic,Yes
PART2719,Courier Partner 2719,National,3.29,partner2719@courier.example.com,Premium,No
PART2720,Courier Partner 2720,National,3.08,partner2720@courier.example.com,Basic,Yes
PART2721,Courier Partner 2721,National,3.07,partner2721@courier.example.com,Premium,Yes
PART2722,Courier Partner 2722,International,3.93,partner2722@courier.example.com,Premium,Yes
PART2723,Courier Partner 2723,National,3.17,partner2723@courier.example.com,Premium,Yes
PART2724,Courier Partner 2724,National,4.02,partner2724@courier.example.com,Basic,Yes
PART2725,Courier Partner 2725,Local,3.66,partner2725@courier.example.com,Priority,Yes
PART2726,Courier Partner 2726,Local,3.67,partner2726@courier.example.com,Basic,Yes
PART2727,Courier Partner 2727,Local,4.27,partner2727@courier.example.com,Basic,No
PART2728,Courier Partner 2728,Local,3.33,partner2728@courier.example.com,Premium,Yes
PART2729,Courier Partner 2729,Local,4.53,partner2729@courier.example.com,Basic,Yes
PART2730,Courier Partner 2730,Local,4.16,partner2730@courier.example.com,Basic,Yes
PART2731,Courier Partner 2731,National,4.83,partner2731@courier.example.com,Basic,Yes
PART2732,Courier Partner 2732,National,3.73,partner2732@courier.example.com,Priority,Yes
PART2733,Courier Partner 2733,National,4.97,partner2733@courier.example.com,Priority,Yes
PART2734,Courier Partner 2734,National,4.15,partner2734@courier.example.com,Premium,No
PART2735,Courier Partner 2735,Local,4.95,partner2735@courier.example.com,Basic,Yes
PART2736,Courier Partner 2736,International,3.05,partner2736@courier.example.com,Basic,Yes
PART2737,Courier Partner 2737,Local,4.46,partner2737@courier.example.com,Basic,Yes
PART2738,Courier Partner 2738,International,4.63,partner2738@courier.example.com,Basic,Yes
PART2739,Courier Partner 2739,Local,3.11,partner2739@courier.example.com,Basic,Yes
PART2740,Courier Partner 2740,National,4.16,partner2740@courier.example.com,Premium,Yes
PART2741,Courier Partner 2741,Local,4.6,partner2741@courier.example.com,Premium,Yes
PART2742,Courier Partner 2742,Local,4.12,partner2742@courier.example.com,Basic,Yes
PART2743,Courier Partner 2743,Local,3.13,partner2743@courier.example.com,Premium,Yes
PART2744,Courier Partner 2744,National,4.39,partner2744@courier.example.com,Premium,Yes
PART2745,Courier Partner 2745,Local,3.12,partner2745@courier.example.com,Premium,Yes
PART2746,Courier Partner 2746,National,4.63,partner2746@courier.example.com,Basic,Yes
PART2747,Courier Partner 2747,Local,3.09,partner2747@courier.example.com,Priority,Yes
PART2748,Courier Partner 2748,Local,3.27,partner2748@courier.example.com,Premium,Yes
PART2749,Courier Partner 2749,International,3.55,partner2749@courier.example.com,Basic,Yes
PART2750,Courier Partner 2750,National,4.27,partner2750@courier.example.com,Premium,Yes
PART2751,Courier Partner 2751,National,4.95,partner2751@courier.example.com,Basic,No
PART2752,Courier Partner 2752,Local,3.24,partner2752@courier.example.com,Premium,Yes
PART2753,Courier Partner 2753,Local,3.29,partner2753@courier.example.com,Premium,Yes
PART2754,Courier Partner 2754,International,3.74,partner2754@courier.example.com,Premium,No
PART2755,Courier Partner 2755,Local,4.67,partner2755@courier.example.com,Premium,Yes
PART2756,Courier Partner 2756,National,3.93,partner2756@courier.example.com,Premium,Yes
PART2757,Courier Partner 2757,Local,3.64,partner2757@courier.example.com,Basic,Yes
PART2758,Courier Partner 2758,International,4.12,partner2758@courier.example.com,Basic,Yes
PART2759,Courier Partner 2759,Local,3.52,partner2759@courier.example.com,Basic,Yes
PART2760,Courier Partner 2760,Local,3.8,partner2760@courier.example.com,Basic,Yes
PART2761,Courier Partner 2761,National,3.67,partner2761@courier.example.com,Basic,No
PART2762,Courier Partner 2762,International,4.61,partner2762@courier.example.com,Premium,Yes
PART2763,Courier Partner 2763,International,4.85,partner2763@courier.example.com,Basic,Yes
PART2764,Courier Partner 2764,National,4.52,partner2764@courier.example.com,Premium,Yes
PART2765,Courier Partner 2765,National,3.88,partner2765@courier.example.com,Premium,Yes
PART2766,Courier Partner 2766,National,4.01,partner2766@courier.example.com,Basic,Yes
PART2767,Courier Partner 2767,National,3.25,partner2767@courier.example.com,Premium,Yes
PART2768,Courier Partner 2768,National,4.49,partner2768@courier.example.com,Priority,Yes
PART2769,Courier Partner 2769,National,4.19,partner2769@courier.example.com,Basic,Yes
PART2770,Courier Partner 2770,National,4.8,partner2770@courier.example.com,Priority,Yes
PART2771,Courier Partner 2771,National,3.4,partner2771@courier.example.com,Premium,Yes
PART2772,Courier Partner 2772,National,4.52,partner2772@courier.example.com,Premium,Yes
PART2773,Courier Partner 2773,National,4.37,partner2773@courier.example.com,Basic,Yes
PART2774,Courier Partner 2774,Local,3.53,partner2774@courier.example.com,Premium,Yes
PART2775,Courier Partner 2775,Local,4.33,partner2775@courier.example.com,Premium,Yes
PART2776,Courier Partner 2776,National,4.85,partner2776@courier.example.com,Premium,Yes
PART2777,Courier Partner 2777,Local,4.84,partner2777@courier.example.com,Premium,Yes
PART2778,Courier Partner 2778,National,4.44,partner2778@courier.example.com,Premium,Yes
PART2779,Courier Partner 2779,International,3.1,partner2779@courier.example.com,Basic,Yes
PART2780,Courier Partner 2780,National,4.74,partner2780@courier.example.com,Basic,Yes
PART2781,Courier Partner 2781,National,4.32,partner2781@courier.example.com,Basic,Yes
PART2782,Courier Partner 2782,Local,3.62,partner2782@courier.example.com,Priority,Yes
PART2783,Courier Partner 2783,International,3.37,partner2783@courier.example.com,Basic,Yes
PART2784,Courier Partner 2784,National,3.23,partner2784@courier.example.com,Basic,Yes
PART2785,Courier Partner 2785,Local,3.1,partner2785@courier.example.com,Basic,Yes
PART2786,Courier Partner 2786,National,4.51,partner2786@courier.example.com,Priority,Yes
PART2787,Courier Partner 2787,International,3.47,partner2787@courier.example.com,Premium,Yes
PART2788,Courier Partner 2788,Local,3.05,partner2788@courier.example.com,Priority,Yes
PART2789,Courier Partner 2789,National,3.79,partner2789@courier.example.com,Premium,Yes
PART2790,Courier Partner 2790,International,3.97,partner2790@courier.example.com,Priority,Yes
PART2791,Courier Partner 2791,Local,3.34,partner2791@courier.example.com,Basic,No
PART2792,Courier Partner 2792,National,3.09,partner2792@courier.example.com,Basic,Yes
PART2793,Courier Partner 2793,National,3.38,partner2793@courier.example.com,Basic,Yes
PART2794,Courier Partner 2794,Local,4.36,partner2794@courier.example.com,Premium,Yes
PART2795,Courier Partner 2795,National,3.16,partner2795@courier.example.com,Premium,Yes
PART2796,Courier Partner 2796,Local,4.11,partner2796@courier.example.com,Basic,Yes
PART2797,Courier Partner 2797,National,3.29,partner2797@courier.example.com,Basic,Yes
PART2798,Courier Partner 2798,Local,3.39,partner2798@courier.example.com,Premium,Yes
PART2799,Courier Partner 2799,Local,3.79,partner2799@courier.example.com,Basic,No
PART2800,Courier Partner 2800,National,3.2,partner2800@courier.example.com,Premium,Yes
PART2801,Courier Partner 2801,Local,3.35,partner2801@courier.example.com,Basic,No
PART2802,Courier Partner 2802,Local,3.7,partner2802@courier.example.com,Premium,Yes
PART2803,Courier Partner 2803,National,3.66,partner2803@courier.example.com,Premium,Yes
PART2804,Courier Partner 2804,International,4.5,partner2804@courier.example.com,Premium,Yes
PART2805,Courier Partner 2805,National,3.15,partner2805@courier.example.com,Basic,Yes
PART2806,Courier Partner 2806,National,4.72,partner2806@courier.example.com,Basic,No
PART2807,Courier Partner 2807,National,4.63,partner2807@courier.example.com,Premium,Yes
PART2808,Courier Partner 2808,International,4.53,partner2808@courier.example.com,Premium,Yes
PART2809,Courier Partner 2809,Local,3.62,partner2809@courier.example.com,Premium,Yes
PART2810,Courier Partner 2810,Local,4.65,partner2810@courier.example.com,Premium,No
PART2811,Courier Partner 2811,Local,3.37,partner2811@courier.example.com,Basic,No
PART2812,Courier Partner 2812,National,3.25,partner2812@courier.example.com,Priority,Yes
PART2813,Courier Partner 2813,International,3.09,partner2813@courier.example.com,Premium,Yes
PART2814,Courier Partner 2814,National,4.88,partner2814@courier.example.com,Premium,Yes
PART2815,Courier Partner 2815,National,3.62,partner2815@courier.example.com,Priority,Yes
PART2816,Courier Partner 2816,Local,4.84,partner2816@courier.example.com,Basic,No
PART2817,Courier Partner 2817,Local,3.55,partner2817@courier.example.com,Premium,Yes
PART2818,Courier Partner 2818,National,4.82,partner2818@courier.example.com,Priority,Yes
PART2819,Courier Partner 2819,International,4.81,partner2819@courier.example.com,Basic,Yes
PART2820,Courier Partner 2820,Local,4.85,partner2820@courier.example.com,Basic,Yes
PART2821,Courier Partner 2821,National,3.99,partner2821@courier.example.com,Premium,Yes
PART2822,Courier Partner 2822,Local,4.73,partner2822@courier.example.com,Basic,Yes
PART2823,Courier Partner 2823,National,4.9,partner2823@courier.example.com,Priority,No
PART2824,Courier Partner 2824,National,3.65,partner2824@courier.example.com,Basic,No
PART2825,Courier Partner 2825,National,3.84,partner2825@courier.example.com,Premium,Yes
PART2826,Courier Partner 2826,Local,4.44,partner2826@courier.example.com,Basic,Yes
PART2827,Courier Partner 2827,Local,3.6,partner2827@courier.example.com,Basic,Yes
PART2828,Courier Partner 2828,Local,4.51,partner2828@courier.example.com,Priority,Yes
PART2829,Courier Partner 2829,International,3.15,partner2829@courier.example.com,Premium,Yes
PART2830,Courier Partner 2830,Local,4.05,partner2830@courier.example.com,Basic,No
PART2831,Courier Partner 2831,Local,3.24,partner2831@courier.example.com,Basic,Yes
PART2832,Courier Partner 2832,National,3.59,partner2832@courier.example.com,Premium,Yes
PART2833,Courier Partner 2833,National,3.52,partner2833@courier.example.com,Premium,Yes
PART2834,Courier Partner 2834,National,4.68,partner2834@courier.example.com,Premium,Yes
PART2835,Courier Partner 2835,International,3.39,partner2835@courier.example.com,Premium,Yes
PART2836,Courier Partner 2836,National,4.62,partner2836@courier.example.com,Basic,Yes
PART2837,Courier Partner 2837,International,4.59,partner2837@courier.example.com,Priority,Yes
PART2838,Courier Partner 2838,National,4.0,partner2838@courier.example.com,Premium,Yes
PART2839,Courier Partner 2839,Local,3.47,partner2839@courier.example.com,Premium,Yes
PART2840,Courier Partner 2840,International,3.45,partner2840@courier.example.com,Premium,Yes
PART2841,Courier Partner 2841,National,3.93,partner2841@courier.example.com,Premium,Yes
PART2842,Courier Partner 2842,Local,3.02,partner2842@courier.example.com,Premium,Yes
PART2843,Courier Partner 2843,National,4.06,partner2843@courier.example.com,Premium,Yes
PART2844,Courier Partner 2844,Local,4.91,partner2844@courier.example.com,Priority,Yes
PART2845,Courier Partner 2845,Local,3.31,partner2845@courier.example.com,Premium,Yes
PART2846,Courier Partner 2846,National,4.15,partner2846@courier.example.com,Premium,Yes
PART2847,Courier Partner 2847,National,4.92,partner2847@courier.example.com,Priority,No
PART2848,Courier Partner 2848,National,4.72,partner2848@courier.example.com,Basic,Yes
PART2849,Courier Partner 2849,Local,4.7,partner2849@courier.example.com,Basic,Yes
PART2850,Courier Partner 2850,International,4.64,partner2850@courier.example.com,Premium,Yes
PART2851,Courier Partner 2851,Local,3.62,partner2851@courier.example.com,Priority,Yes
PART2852,Courier Partner 2852,Local,4.78,partner2852@courier.example.com,Basic,Yes
PART2853,Courier Partner 2853,Local,4.88,partner2853@courier.example.com,Basic,Yes
PART2854,Courier Partner 2854,Local,3.99,partner2854@courier.example.com,Basic,Yes
PART2855,Courier Partner 2855,Local,3.71,partner2855@courier.example.com,Basic,Yes
PART2856,Courier Partner 2856,National,3.83,partner2856@courier.example.com,Basic,Yes
PART2857,Courier Partner 2857,National,3.67,partner2857@courier.example.com,Premium,Yes
PART2858,Courier Partner 2858,International,3.42,partner2858@courier.example.com,Priority,Yes
PART2859,Courier Partner 2859,National,4.24,partner2859@courier.example.com,Premium,Yes
PART2860,Courier Partner 2860,National,4.13,partner2860@courier.example.com,Basic,Yes
PART2861,Courier Partner 2861,National,3.93,partner2861@courier.example.com,Priority,Yes
PART2862,Courier Partner 2862,National,3.19,partner2862@courier.example.com,Premium,Yes
PART2863,Courier Partner 2863,National,4.59,partner2863@courier.example.com,Basic,Yes
PART2864,Courier Partner 2864,National,3.35,partner2864@courier.example.com,Basic,Yes
PART2865,Courier Partner 2865,National,3.23,partner2865@courier.example.com,Premium,Yes
PART2866,Courier Partner 2866,Local,4.25,partner2866@courier.example.com,Premium,Yes
PART2867,Courier Partner 2867,National,3.8,partner2867@courier.example.com,Premium,No
PART2868,Courier Partner 2868,National,3.12,partner2868@courier.example.com,Basic,Yes
PART2869,Courier Partner 2869,National,3.71,partner2869@courier.example.com,Premium,Yes
PART2870,Courier Partner 2870,Local,4.54,partner2870@courier.example.com,Basic,Yes
PART2871,Courier Partner 2871,National,4.23,partner2871@courier.example.com,Premium,Yes
PART2872,Courier Partner 2872,International,3.73,partner2872@courier.example.com,Premium,Yes
PART2873,Courier Partner 2873,International,3.38,partner2873@courier.example.com,Basic,Yes
PART2874,Courier Partner 2874,Local,4.26,partner2874@courier.example.com,Basic,Yes
PART2875,Courier Partner 2875,Local,4.78,partner2875@courier.example.com,Basic,Yes
PART2876,Courier Partner 2876,National,4.29,partner2876@courier.example.com,Basic,No
PART2877,Courier Partner 2877,Local,4.63,partner2877@courier.example.com,Basic,Yes
PART2878,Courier Partner 2878,Local,4.04,partner2878@courier.example.com,Premium,Yes
PART2879,Courier Partner 2879,Local,4.44,partner2879@courier.example.com,Premium,Yes
PART2880,Courier Partner 2880,National,4.79,partner2880@courier.example.com,Premium,Yes
PART2881,Courier Partner 2881,National,4.55,partner2881@courier.example.com,Premium,Yes
PART2882,Courier Partner 2882,National,4.82,partner2882@courier.example.com,Premium,Yes
PART2883,Courier Partner 2883,National,3.86,partner2883@courier.example.com,Priority,Yes
PART2884,Courier Partner 2884,National,4.81,partner2884@courier.example.com,Basic,No
PART2885,Courier Partner 2885,Local,4.24,partner2885@courier.example.com,Premium,Yes
PART2886,Courier Partner 2886,National,4.74,partner2886@courier.example.com,Basic,Yes
PART2887,Courier Partner 2887,Local,3.08,partner2887@courier.example.com,Basic,Yes
PART2888,Courier Partner 2888,National,4.32,partner2888@courier.example.com,Premium,Yes
PART2889,Courier Partner 2889,Local,4.7,partner2889@courier.example.com,Premium,Yes
PART2890,Courier Partner 2890,National,3.35,partner2890@courier.example.com,Premium,No
PART2891,Courier Partner 2891,National,4.32,partner2891@courier.example.com,Basic,Yes
PART2892,Courier Partner 2892,Local,4.65,partner2892@courier.example.com,Basic,Yes
PART2893,Courier Partner 2893,Local,3.58,partner2893@courier.example.com,Priority,Yes
PART2894,Courier Partner 2894,Local,3.81,partner2894@courier.example.com,Basic,No
PART2895,Courier Partner 2895,National,4.14,partner2895@courier.example.com,Basic,Yes
PART2896,Courier Partner 2896,Local,4.04,partner2896@courier.example.com,Basic,Yes
PART2897,Courier Partner 2897,Local,3.08,partner2897@courier.example.com,Priority,Yes
PART2898,Courier Partner 2898,National,3.2,partner2898@courier.example.com,Basic,Yes
PART2899,Courier Partner 2899,National,3.2,partner2899@courier.example.com,Premium,Yes
PART2900,Courier Partner 2900,Local,3.52,partner2900@courier.example.com,Premium,Yes
PART2901,Courier Partner 2901,National,3.49,partner2901@courier.example.com,Premium,Yes
PART2902,Courier Partner 2902,International,4.48,partner2902@courier.example.com,Premium,Yes
PART2903,Courier Partner 2903,International,4.15,partner2903@courier.example.com,Premium,Yes
PART2904,Courier Partner 2904,Local,4.53,partner2904@courier.example.com,Priority,Yes
PART2905,Courier Partner 2905,National,3.14,partner2905@courier.example.com,Premium,Yes
PART2906,Courier Partner 2906,National,3.97,partner2906@courier.example.com,Basic,Yes
PART2907,Courier Partner 2907,International,3.65,partner2907@courier.example.com,Basic,Yes
PART2908,Courier Partner 2908,National,4.7,partner2908@courier.example.com,Priority,Yes
PART2909,Courier Partner 2909,National,4.42,partner2909@courier.example.com,Premium,Yes
PART2910,Courier Partner 2910,National,4.74,partner2910@courier.example.com,Premium,Yes
PART2911,Courier Partner 2911,National,3.09,partner2911@courier.example.com,Premium,Yes
PART2912,Courier Partner 2912,National,4.44,partner2912@courier.example.com,Premium,Yes
PART2913,Courier Partner 2913,Local,4.08,partner2913@courier.example.com,Basic,Yes
PART2914,Courier Partner 2914,Local,4.65,partner2914@courier.example.com,Basic,Yes
PART2915,Courier Partner 2915,Local,4.01,partner2915@courier.example.com,Premium,No
PART2916,Courier Partner 2916,International,4.08,partner2916@courier.example.com,Basic,No
PART2917,Courier Partner 2917,National,3.1,partner2917@courier.example.com,Basic,Yes
PART2918,Courier Partner 2918,National,4.34,partner2918@courier.example.com,Premium,Yes
PART2919,Courier Partner 2919,National,3.55,partner2919@courier.example.com,Basic,Yes
PART2920,Courier Partner 2920,Local,3.04,partner2920@courier.example.com,Basic,Yes
PART2921,Courier Partner 2921,Local,3.13,partner2921@courier.example.com,Premium,Yes
PART2922,Courier Partner 2922,National,4.91,partner2922@courier.example.com,Premium,Yes
PART2923,Courier Partner 2923,International,3.69,partner2923@courier.example.com,Basic,Yes
PART2924,Courier Partner 2924,Local,4.74,partner2924@courier.example.com,Premium,Yes
PART2925,Courier Partner 2925,Local,4.92,partner2925@courier.example.com,Premium,Yes
PART2926,Courier Partner 2926,Local,4.89,partner2926@courier.example.com,Basic,Yes
PART2927,Courier Partner 2927,Local,4.76,partner2927@courier.example.com,Basic,Yes
PART2928,Courier Partner 2928,Local,4.79,partner2928@courier.example.com,Basic,Yes
PART2929,Courier Partner 2929,National,3.58,partner2929@courier.example.com,Premium,Yes
PART2930,Courier Partner 2930,Local,3.3,partner2930@courier.example.com,Premium,Yes
PART2931,Courier Partner 2931,Local,4.28,partner2931@courier.example.com,Premium,Yes
PART2932,Courier Partner 2932,National,3.98,partner2932@courier.example.com,Priority,Yes
PART2933,Courier Partner 2933,International,3.2,partner2933@courier.example.com,Basic,Yes
PART2934,Courier Partner 2934,Local,4.36,partner2934@courier.example.com,Basic,Yes
PART2935,Courier Partner 2935,National,4.13,partner2935@courier.example.com,Basic,Yes
PART2936,Courier Partner 2936,Local,4.73,partner2936@courier.example.com,Basic,Yes
PART2937,Courier Partner 2937,International,4.22,partner2937@courier.example.com,Premium,Yes
PART2938,Courier Partner 2938,National,4.15,partner2938@courier.example.com,Premium,Yes
PART2939,Courier Partner 2939,National,3.88,partner2939@courier.example.com,Basic,Yes
PART2940,Courier Partner 2940,Local,3.93,partner2940@courier.example.com,Basic,Yes
PART2941,Courier Partner 2941,National,4.91,partner2941@courier.example.com,Basic,Yes
PART2942,Courier Partner 2942,National,3.28,partner2942@courier.example.com,Priority,Yes
PART2943,Courier Partner 2943,Local,3.89,partner2943@courier.example.com,Premium,Yes
PART2944,Courier Partner 2944,Local,4.31,partner2944@courier.example.com,Premium,Yes
PART2945,Courier Partner 2945,National,3.87,partner2945@courier.example.com,Basic,Yes
PART2946,Courier Partner 2946,National,3.57,partner2946@courier.example.com,Basic,Yes
PART2947,Courier Partner 2947,Local,3.57,partner2947@courier.example.com,Basic,Yes
PART2948,Courier Partner 2948,National,3.47,partner2948@courier.example.com,Priority,Yes
PART2949,Courier Partner 2949,Local,3.69,partner2949@courier.example.com,Premium,Yes
PART2950,Courier Partner 2950,Local,4.74,partner2950@courier.example.com,Premium,Yes
PART2951,Courier Partner 2951,National,4.01,partner2951@courier.example.com,Premium,Yes
PART2952,Courier Partner 2952,Local,3.48,partner2952@courier.example.com,Premium,Yes
PART2953,Courier Partner 2953,Local,3.77,partner2953@courier.example.com,Basic,Yes
PART2954,Courier Partner 2954,Local,3.21,partner2954@courier.example.com,Basic,Yes
PART2955,Courier Partner 2955,National,4.81,partner2955@courier.example.com,Premium,Yes
PART2956,Courier Partner 2956,National,3.82,partner2956@courier.example.com,Basic,Yes
PART2957,Courier Partner 2957,International,4.96,partner2957@courier.example.com,Basic,Yes
PART2958,Courier Partner 2958,Local,3.7,partner2958@courier.example.com,Premium,Yes
PART2959,Courier Partner 2959,National,4.67,partner2959@courier.example.com,Priority,Yes
PART2960,Courier Partner 2960,Local,3.51,partner2960@courier.example.com,Priority,Yes
PART2961,Courier Partner 2961,National,3.15,partner2961@courier.example.com,Basic,Yes
PART2962,Courier Partner 2962,National,3.06,partner2962@courier.example.com,Basic,Yes
PART2963,Courier Partner 2963,Local,4.21,partner2963@courier.example.com,Premium,Yes
PART2964,Courier Partner 2964,National,3.62,partner2964@courier.example.com,Premium,Yes
PART2965,Courier Partner 2965,Local,3.89,partner2965@courier.example.com,Priority,Yes
PART2966,Courier Partner 2966,Local,4.64,partner2966@courier.example.com,Priority,Yes
PART2967,Courier Partner 2967,Local,3.5,partner2967@courier.example.com,Premium,Yes
PART2968,Courier Partner 2968,National,3.62,partner2968@courier.example.com,Basic,Yes
PART2969,Courier Partner 2969,National,4.69,partner2969@courier.example.com,Basic,Yes
PART2970,Courier Partner 2970,Local,3.99,partner2970@courier.example.com,Basic,Yes
PART2971,Courier Partner 2971,Local,4.66,partner2971@courier.example.com,Premium,No
PART2972,Courier Partner 2972,Local,3.75,partner2972@courier.example.com,Basic,Yes
PART2973,Courier Partner 2973,Local,3.8,partner2973@courier.example.com,Premium,Yes
PART2974,Courier Partner 2974,National,3.33,partner2974@courier.example.com,Premium,Yes
PART2975,Courier Partner 2975,National,4.83,partner2975@courier.example.com,Basic,Yes
PART2976,Courier Partner 2976,Local,4.79,partner2976@courier.example.com,Priority,Yes
PART2977,Courier Partner 2977,Local,4.97,partner2977@courier.example.com,Premium,Yes
PART2978,Courier Partner 2978,National,3.8,partner2978@courier.example.com,Priority,Yes
PART2979,Courier Partner 2979,Local,4.64,partner2979@courier.example.com,Priority,Yes
PART2980,Courier Partner 2980,Local,3.83,partner2980@courier.example.com,Basic,Yes
PART2981,Courier Partner 2981,National,3.91,partner2981@courier.example.com,Basic,Yes
PART2982,Courier Partner 2982,National,4.66,partner2982@courier.example.com,Basic,Yes
PART2983,Courier Partner 2983,National,3.35,partner2983@courier.example.com,Premium,Yes
PART2984,Courier Partner 2984,National,3.44,partner2984@courier.example.com,Premium,Yes
PART2985,Courier Partner 2985,Local,3.63,partner2985@courier.example.com,Priority,Yes
PART2986,Courier Partner 2986,National,4.58,partner2986@courier.example.com,Basic,Yes
PART2987,Courier Partner 2987,Local,3.75,partner2987@courier.example.com,Premium,Yes
PART2988,Courier Partner 2988,National,3.72,partner2988@courier.example.com,Priority,Yes
PART2989,Courier Partner 2989,National,5.0,partner2989@courier.example.com,Premium,Yes
PART2990,Courier Partner 2990,National,3.77,partner2990@courier.example.com,Basic,No
PART2991,Courier Partner 2991,National,3.5,partner2991@courier.example.com,Premium,No
PART2992,Courier Partner 2992,National,4.25,partner2992@courier.example.com,Basic,Yes
PART2993,Courier Partner 2993,Local,4.6,partner2993@courier.example.com,Basic,No
PART2994,Courier Partner 2994,National,3.14,partner2994@courier.example.com,Basic,Yes
PART2995,Courier Partner 2995,International,4.24,partner2995@courier.example.com,Basic,Yes
PART2996,Courier Partner 2996,National,3.07,partner2996@courier.example.com,Premium,Yes
PART2997,Courier Partner 2997,Local,4.05,partner2997@courier.example.com,Basic,Yes
PART2998,Courier Partner 2998,Local,3.51,partner2998@courier.example.com,Premium,Yes
PART2999,Courier Partner 2999,Local,3.61,partner2999@courier.example.com,Basic,Yes
PART3000,Courier Partner 3000,Local,3.93,partner3000@courier.example.com,Basic,Yes
PART3001,Courier Partner 3001,National,4.85,partner3001@courier.example.com,Basic,Yes
PART3002,Courier Partner 3002,Local,4.42,partner3002@courier.example.com,Basic,Yes
PART3003,Courier Partner 3003,Local,4.87,partner3003@courier.example.com,Basic,Yes
PART3004,Courier Partner 3004,Local,4.32,partner3004@courier.example.com,Premium,No
PART3005,Courier Partner 3005,National,3.01,partner3005@courier.example.com,Priority,Yes
PART3006,Courier Partner 3006,National,3.53,partner3006@courier.example.com,Basic,Yes
PART3007,Courier Partner 3007,National,4.81,partner3007@courier.example.com,Basic,Yes
PART3008,Courier Partner 3008,Local,4.29,partner3008@courier.example.com,Basic,Yes
PART3009,Courier Partner 3009,Local,4.96,partner3009@courier.example.com,Priority,Yes
PART3010,Courier Partner 3010,Local,3.31,partner3010@courier.example.com,Premium,Yes
PART3011,Courier Partner 3011,Local,3.59,partner3011@courier.example.com,Premium,Yes
PART3012,Courier Partner 3012,Local,3.72,partner3012@courier.example.com,Basic,Yes
PART3013,Courier Partner 3013,National,3.65,partner3013@courier.example.com,Basic,No
PART3014,Courier Partner 3014,Local,3.5,partner3014@courier.example.com,Basic,No
PART3015,Courier Partner 3015,International,3.89,partner3015@courier.example.com,Priority,Yes
PART3016,Courier Partner 3016,National,4.28,partner3016@courier.example.com,Basic,Yes
PART3017,Courier Partner 3017,Local,3.62,partner3017@courier.example.com,Premium,Yes
PART3018,Courier Partner 3018,National,3.16,partner3018@courier.example.com,Premium,Yes
PART3019,Courier Partner 3019,National,4.42,partner3019@courier.example.com,Premium,Yes
PART3020,Courier Partner 3020,National,3.92,partner3020@courier.example.com,Basic,Yes
PART3021,Courier Partner 3021,International,4.11,partner3021@courier.example.com,Premium,Yes
PART3022,Courier Partner 3022,Local,3.91,partner3022@courier.example.com,Basic,No
PART3023,Courier Partner 3023,National,4.78,partner3023@courier.example.com,Priority,Yes
PART3024,Courier Partner 3024,Local,4.12,partner3024@courier.example.com,Basic,Yes
PART3025,Courier Partner 3025,National,4.85,partner3025@courier.example.com,Basic,Yes
PART3026,Courier Partner 3026,Local,4.02,partner3026@courier.example.com,Basic,Yes
PART3027,Courier Partner 3027,Local,3.59,partner3027@courier.example.com,Premium,Yes
PART3028,Courier Partner 3028,National,3.71,partner3028@courier.example.com,Basic,No
PART3029,Courier Partner 3029,Local,4.04,partner3029@courier.example.com,Premium,Yes
PART3030,Courier Partner 3030,Local,4.06,partner3030@courier.example.com,Basic,Yes
PART3031,Courier Partner 3031,Local,4.37,partner3031@courier.example.com,Basic,Yes
PART3032,Courier Partner 3032,National,3.45,partner3032@courier.example.com,Premium,Yes
PART3033,Courier Partner 3033,National,4.32,partner3033@courier.example.com,Basic,Yes
PART3034,Courier Partner 3034,National,4.56,partner3034@courier.example.com,Premium,Yes
PART3035,Courier Partner 3035,National,4.35,partner3035@courier.example.com,Premium,Yes
PART3036,Courier Partner 3036,National,3.96,partner3036@courier.example.com,Priority,Yes
PART3037,Courier Partner 3037,Local,4.98,partner3037@courier.example.com,Basic,Yes
PART3038,Courier Partner 3038,Local,3.81,partner3038@courier.example.com,Premium,No
PART3039,Courier Partner 3039,National,3.21,partner3039@courier.example.com,Priority,Yes
PART3040,Courier Partner 3040,Local,4.64,partner3040@courier.example.com,Premium,Yes
PART3041,Courier Partner 3041,Local,3.42,partner3041@courier.example.com,Basic,Yes
PART3042,Courier Partner 3042,National,4.43,partner3042@courier.example.com,Premium,Yes
PART3043,Courier Partner 3043,National,3.36,partner3043@courier.example.com,Priority,Yes
PART3044,Courier Partner 3044,Local,3.03,partner3044@courier.example.com,Basic,Yes
PART3045,Courier Partner 3045,National,3.32,partner3045@courier.example.com,Premium,No
PART3046,Courier Partner 3046,National,3.75,partner3046@courier.example.com,Premium,No
PART3047,Courier Partner 3047,National,3.21,partner3047@courier.example.com,Basic,Yes
PART3048,Courier Partner 3048,International,3.4,partner3048@courier.example.com,Basic,Yes
PART3049,Courier Partner 3049,Local,4.53,partner3049@courier.example.com,Basic,Yes
PART3050,Courier Partner 3050,National,4.54,partner3050@courier.example.com,Basic,Yes
PART3051,Courier Partner 3051,National,4.63,partner3051@courier.example.com,Priority,Yes
PART3052,Courier Partner 3052,National,4.68,partner3052@courier.example.com,Premium,Yes
PART3053,Courier Partner 3053,National,3.84,partner3053@courier.example.com,Premium,Yes
PART3054,Courier Partner 3054,Local,4.74,partner3054@courier.example.com,Premium,Yes
PART3055,Courier Partner 3055,National,4.05,partner3055@courier.example.com,Basic,Yes
PART3056,Courier Partner 3056,Local,3.94,partner3056@courier.example.com,Basic,Yes
PART3057,Courier Partner 3057,International,4.44,partner3057@courier.example.com,Priority,Yes
PART3058,Courier Partner 3058,National,3.43,partner3058@courier.example.com,Premium,Yes
PART3059,Courier Partner 3059,National,4.58,partner3059@courier.example.com,Premium,Yes
PART3060,Courier Partner 3060,National,3.86,partner3060@courier.example.com,Priority,Yes
PART3061,Courier Partner 3061,Local,3.25,partner3061@courier.example.com,Basic,Yes
PART3062,Courier Partner 3062,Local,3.24,partner3062@courier.example.com,Priority,Yes
PART3063,Courier Partner 3063,National,3.33,partner3063@courier.example.com,Priority,Yes
PART3064,Courier Partner 3064,Local,4.78,partner3064@courier.example.com,Basic,Yes
PART3065,Courier Partner 3065,Local,4.98,partner3065@courier.example.com,Basic,Yes
PART3066,Courier Partner 3066,National,3.71,partner3066@courier.example.com,Priority,Yes
PART3067,Courier Partner 3067,Local,3.58,partner3067@courier.example.com,Basic,Yes
PART3068,Courier Partner 3068,National,3.44,partner3068@courier.example.com,Basic,Yes
PART3069,Courier Partner 3069,National,4.65,partner3069@courier.example.com,Premium,Yes
PART3070,Courier Partner 3070,National,3.42,partner3070@courier.example.com,Premium,Yes
PART3071,Courier Partner 3071,National,4.85,partner3071@courier.example.com,Premium,Yes
PART3072,Courier Partner 3072,Local,4.33,partner3072@courier.example.com,Priority,Yes
PART3073,Courier Partner 3073,Local,4.79,partner3073@courier.example.com,Priority,Yes
PART3074,Courier Partner 3074,Local,4.11,partner3074@courier.example.com,Priority,Yes
PART3075,Courier Partner 3075,International,4.38,partner3075@courier.example.com,Basic,Yes
PART3076,Courier Partner 3076,Local,4.24,partner3076@courier.example.com,Premium,Yes
PART3077,Courier Partner 3077,Local,4.66,partner3077@courier.example.com,Basic,Yes
PART3078,Courier Partner 3078,National,4.67,partner3078@courier.example.com,Basic,Yes
PART3079,Courier Partner 3079,Local,4.18,partner3079@courier.example.com,Premium,Yes
PART3080,Courier Partner 3080,International,4.27,partner3080@courier.example.com,Basic,Yes
PART3081,Courier Partner 3081,National,4.84,partner3081@courier.example.com,Priority,Yes
PART3082,Courier Partner 3082,National,4.86,partner3082@courier.example.com,Basic,Yes
PART3083,Courier Partner 3083,National,4.33,partner3083@courier.example.com,Premium,Yes
PART3084,Courier Partner 3084,Local,3.02,partner3084@courier.example.com,Basic,No
PART3085,Courier Partner 3085,National,3.21,partner3085@courier.example.com,Basic,Yes
PART3086,Courier Partner 3086,National,4.72,partner3086@courier.example.com,Premium,Yes
PART3087,Courier Partner 3087,Local,3.17,partner3087@courier.example.com,Basic,Yes
PART3088,Courier Partner 3088,Local,3.43,partner3088@courier.example.com,Premium,Yes
PART3089,Courier Partner 3089,International,3.46,partner3089@courier.example.com,Priority,No
PART3090,Courier Partner 3090,Local,4.2,partner3090@courier.example.com,Premium,Yes
PART3091,Courier Partner 3091,National,4.15,partner3091@courier.example.com,Basic,Yes
PART3092,Courier Partner 3092,Local,3.58,partner3092@courier.example.com,Basic,Yes
PART3093,Courier Partner 3093,Local,3.42,partner3093@courier.example.com,Basic,Yes
PART3094,Courier Partner 3094,National,4.53,partner3094@courier.example.com,Premium,No
PART3095,Courier Partner 3095,Local,4.87,partner3095@courier.example.com,Premium,Yes
PART3096,Courier Partner 3096,National,3.11,partner3096@courier.example.com,Basic,Yes
PART3097,Courier Partner 3097,Local,3.27,partner3097@courier.example.com,Premium,Yes
PART3098,Courier Partner 3098,Local,4.28,partner3098@courier.example.com,Basic,Yes
PART3099,Courier Partner 3099,International,4.61,partner3099@courier.example.com,Premium,Yes
PART3100,Courier Partner 3100,National,4.58,partner3100@courier.example.com,Premium,Yes
PART3101,Courier Partner 3101,International,4.44,partner3101@courier.example.com,Basic,Yes
PART3102,Courier Partner 3102,International,4.77,partner3102@courier.example.com,Premium,Yes
PART3103,Courier Partner 3103,International,3.43,partner3103@courier.example.com,Premium,Yes
PART3104,Courier Partner 3104,National,3.21,partner3104@courier.example.com,Premium,Yes
PART3105,Courier Partner 3105,Local,4.23,partner3105@courier.example.com,Premium,Yes
PART3106,Courier Partner 3106,International,4.64,partner3106@courier.example.com,Priority,Yes
PART3107,Courier Partner 3107,Local,4.16,partner3107@courier.example.com,Premium,Yes
PART3108,Courier Partner 3108,Local,4.93,partner3108@courier.example.com,Basic,Yes
PART3109,Courier Partner 3109,Local,4.59,partner3109@courier.example.com,Basic,Yes
PART3110,Courier Partner 3110,Local,4.4,partner3110@courier.example.com,Basic,Yes
PART3111,Courier Partner 3111,National,3.12,partner3111@courier.example.com,Basic,Yes
PART3112,Courier Partner 3112,Local,3.22,partner3112@courier.example.com,Priority,Yes
PART3113,Courier Partner 3113,Local,4.57,partner3113@courier.example.com,Basic,Yes
PART3114,Courier Partner 3114,National,3.4,partner3114@courier.example.com,Priority,Yes
PART3115,Courier Partner 3115,Local,3.06,partner3115@courier.example.com,Basic,Yes
PART3116,Courier Partner 3116,National,4.82,partner3116@courier.example.com,Basic,Yes
PART3117,Courier Partner 3117,Local,4.78,partner3117@courier.example.com,Priority,Yes
PART3118,Courier Partner 3118,Local,3.44,partner3118@courier.example.com,Basic,Yes
PART3119,Courier Partner 3119,Local,4.56,partner3119@courier.example.com,Premium,Yes
PART3120,Courier Partner 3120,Local,3.1,partner3120@courier.example.com,Priority,No
PART3121,Courier Partner 3121,National,3.57,partner3121@courier.example.com,Priority,Yes
PART3122,Courier Partner 3122,National,4.25,partner3122@courier.example.com,Premium,Yes
PART3123,Courier Partner 3123,Local,4.53,partner3123@courier.example.com,Priority,Yes
PART3124,Courier Partner 3124,Local,3.02,partner3124@courier.example.com,Premium,Yes
PART3125,Courier Partner 3125,Local,3.65,partner3125@courier.example.com,Basic,Yes
PART3126,Courier Partner 3126,International,3.43,partner3126@courier.example.com,Premium,Yes
PART3127,Courier Partner 3127,Local,5.0,partner3127@courier.example.com,Priority,Yes
PART3128,Courier Partner 3128,National,4.34,partner3128@courier.example.com,Premium,Yes
PART3129,Courier Partner 3129,National,3.81,partner3129@courier.example.com,Basic,Yes
PART3130,Courier Partner 3130,Local,3.15,partner3130@courier.example.com,Premium,No
PART3131,Courier Partner 3131,International,4.2,partner3131@courier.example.com,Premium,Yes
PART3132,Courier Partner 3132,National,4.28,partner3132@courier.example.com,Basic,Yes
PART3133,Courier Partner 3133,National,4.63,partner3133@courier.example.com,Premium,Yes
PART3134,Courier Partner 3134,Local,3.58,partner3134@courier.example.com,Premium,Yes
PART3135,Courier Partner 3135,National,4.96,partner3135@courier.example.com,Premium,Yes
PART3136,Courier Partner 3136,Local,3.88,partner3136@courier.example.com,Basic,Yes
PART3137,Courier Partner 3137,Local,3.59,partner3137@courier.example.com,Basic,Yes
PART3138,Courier Partner 3138,National,3.7,partner3138@courier.example.com,Premium,Yes
PART3139,Courier Partner 3139,National,4.04,partner3139@courier.example.com,Premium,Yes
PART3140,Courier Partner 3140,Local,4.87,partner3140@courier.example.com,Basic,Yes
PART3141,Courier Partner 3141,National,4.47,partner3141@courier.example.com,Basic,Yes
PART3142,Courier Partner 3142,National,4.15,partner3142@courier.example.com,Basic,Yes
PART3143,Courier Partner 3143,Local,3.33,partner3143@courier.example.com,Premium,Yes
PART3144,Courier Partner 3144,Local,3.3,partner3144@courier.example.com,Priority,Yes
PART3145,Courier Partner 3145,Local,4.0,partner3145@courier.example.com,Premium,Yes
PART3146,Courier Partner 3146,National,4.46,partner3146@courier.example.com,Priority,Yes
PART3147,Courier Partner 3147,National,4.5,partner3147@courier.example.com,Premium,Yes
PART3148,Courier Partner 3148,Local,3.45,partner3148@courier.example.com,Premium,Yes
PART3149,Courier Partner 3149,National,3.2,partner3149@courier.example.com,Basic,Yes
PART3150,Courier Partner 3150,National,3.77,partner3150@courier.example.com,Premium,Yes
PART3151,Courier Partner 3151,National,4.84,partner3151@courier.example.com,Basic,Yes
PART3152,Courier Partner 3152,Local,4.09,partner3152@courier.example.com,Premium,Yes
PART3153,Courier Partner 3153,National,3.64,partner3153@courier.example.com,Basic,Yes
PART3154,Courier Partner 3154,National,3.65,partner3154@courier.example.com,Basic,Yes
PART3155,Courier Partner 3155,Local,3.26,partner3155@courier.example.com,Basic,Yes
PART3156,Courier Partner 3156,Local,3.95,partner3156@courier.example.com,Premium,Yes
PART3157,Courier Partner 3157,National,4.58,partner3157@courier.example.com,Basic,Yes
PART3158,Courier Partner 3158,Local,4.94,partner3158@courier.example.com,Basic,Yes
PART3159,Courier Partner 3159,National,4.0,partner3159@courier.example.com,Priority,Yes
PART3160,Courier Partner 3160,Local,3.33,partner3160@courier.example.com,Premium,Yes
PART3161,Courier Partner 3161,Local,4.37,partner3161@courier.example.com,Basic,Yes
PART3162,Courier Partner 3162,Local,4.51,partner3162@courier.example.com,Basic,Yes
PART3163,Courier Partner 3163,Local,3.14,partner3163@courier.example.com,Basic,Yes
PART3164,Courier Partner 3164,Local,4.7,partner3164@courier.example.com,Premium,Yes
PART3165,Courier Partner 3165,National,4.66,partner3165@courier.example.com,Premium,No
PART3166,Courier Partner 3166,Local,3.95,partner3166@courier.example.com,Basic,Yes
PART3167,Courier Partner 3167,International,4.12,partner3167@courier.example.com,Priority,Yes
PART3168,Courier Partner 3168,National,4.43,partner3168@courier.example.com,Basic,Yes
PART3169,Courier Partner 3169,National,4.35,partner3169@courier.example.com,Basic,Yes
PART3170,Courier Partner 3170,Local,3.03,partner3170@courier.example.com,Priority,Yes
PART3171,Courier Partner 3171,National,3.24,partner3171@courier.example.com,Basic,Yes
PART3172,Courier Partner 3172,National,3.33,partner3172@courier.example.com,Priority,Yes
PART3173,Courier Partner 3173,Local,4.51,partner3173@courier.example.com,Premium,Yes
PART3174,Courier Partner 3174,National,3.88,partner3174@courier.example.com,Basic,Yes
PART3175,Courier Partner 3175,Local,4.09,partner3175@courier.example.com,Premium,Yes
PART3176,Courier Partner 3176,Local,4.55,partner3176@courier.example.com,Premium,Yes
PART3177,Courier Partner 3177,National,3.68,partner3177@courier.example.com,Priority,No
PART3178,Courier Partner 3178,National,4.5,partner3178@courier.example.com,Basic,Yes
PART3179,Courier Partner 3179,Local,3.88,partner3179@courier.example.com,Basic,No
PART3180,Courier Partner 3180,National,3.75,partner3180@courier.example.com,Basic,Yes
PART3181,Courier Partner 3181,National,3.67,partner3181@courier.example.com,Premium,Yes
PART3182,Courier Partner 3182,National,4.93,partner3182@courier.example.com,Basic,No
PART3183,Courier Partner 3183,Local,4.54,partner3183@courier.example.com,Basic,Yes
PART3184,Courier Partner 3184,International,3.04,partner3184@courier.example.com,Priority,Yes
PART3185,Courier Partner 3185,Local,4.91,partner3185@courier.example.com,Basic,Yes
PART3186,Courier Partner 3186,National,4.55,partner3186@courier.example.com,Basic,Yes
PART3187,Courier Partner 3187,Local,3.3,partner3187@courier.example.com,Premium,Yes
PART3188,Courier Partner 3188,National,3.15,partner3188@courier.example.com,Premium,Yes
PART3189,Courier Partner 3189,Local,3.62,partner3189@courier.example.com,Basic,Yes
PART3190,Courier Partner 3190,Local,4.25,partner3190@courier.example.com,Basic,Yes
PART3191,Courier Partner 3191,National,4.23,partner3191@courier.example.com,Basic,Yes
PART3192,Courier Partner 3192,Local,3.55,partner3192@courier.example.com,Basic,Yes
PART3193,Courier Partner 3193,Local,3.89,partner3193@courier.example.com,Premium,Yes
PART3194,Courier Partner 3194,National,3.42,partner3194@courier.example.com,Premium,Yes
PART3195,Courier Partner 3195,National,3.1,partner3195@courier.example.com,Premium,Yes
PART3196,Courier Partner 3196,Local,4.03,partner3196@courier.example.com,Premium,Yes
PART3197,Courier Partner 3197,Local,3.69,partner3197@courier.example.com,Premium,Yes
PART3198,Courier Partner 3198,International,4.09,partner3198@courier.example.com,Premium,Yes
PART3199,Courier Partner 3199,National,4.89,partner3199@courier.example.com,Priority,Yes
PART3200,Courier Partner 3200,Local,3.29,partner3200@courier.example.com,Premium,Yes
PART3201,Courier Partner 3201,National,3.0,partner3201@courier.example.com,Premium,Yes
PART3202,Courier Partner 3202,National,3.15,partner3202@courier.example.com,Basic,Yes
PART3203,Courier Partner 3203,Local,3.93,partner3203@courier.example.com,Basic,Yes
PART3204,Courier Partner 3204,Local,4.41,partner3204@courier.example.com,Premium,Yes
PART3205,Courier Partner 3205,Local,4.16,partner3205@courier.example.com,Basic,Yes
PART3206,Courier Partner 3206,National,3.99,partner3206@courier.example.com,Premium,Yes
PART3207,Courier Partner 3207,Local,3.71,partner3207@courier.example.com,Premium,No
PART3208,Courier Partner 3208,Local,3.62,partner3208@courier.example.com,Premium,Yes
PART3209,Courier Partner 3209,National,3.75,partner3209@courier.example.com,Premium,Yes
PART3210,Courier Partner 3210,Local,4.22,partner3210@courier.example.com,Basic,Yes
PART3211,Courier Partner 3211,National,3.34,partner3211@courier.example.com,Basic,Yes
PART3212,Courier Partner 3212,Local,4.54,partner3212@courier.example.com,Priority,Yes
PART3213,Courier Partner 3213,National,4.15,partner3213@courier.example.com,Basic,Yes
PART3214,Courier Partner 3214,Local,3.54,partner3214@courier.example.com,Premium,Yes
PART3215,Courier Partner 3215,Local,4.0,partner3215@courier.example.com,Basic,Yes
PART3216,Courier Partner 3216,National,4.93,partner3216@courier.example.com,Basic,Yes
PART3217,Courier Partner 3217,National,3.04,partner3217@courier.example.com,Basic,Yes
PART3218,Courier Partner 3218,National,3.4,partner3218@courier.example.com,Premium,Yes
PART3219,Courier Partner 3219,National,3.9,partner3219@courier.example.com,Basic,Yes
PART3220,Courier Partner 3220,National,4.28,partner3220@courier.example.com,Basic,Yes
PART3221,Courier Partner 3221,National,3.42,partner3221@courier.example.com,Basic,Yes
PART3222,Courier Partner 3222,National,4.86,partner3222@courier.example.com,Basic,Yes
PART3223,Courier Partner 3223,National,4.29,partner3223@courier.example.com,Basic,Yes
PART3224,Courier Partner 3224,National,4.75,partner3224@courier.example.com,Basic,Yes
PART3225,Courier Partner 3225,National,3.66,partner3225@courier.example.com,Premium,Yes
PART3226,Courier Partner 3226,Local,4.66,partner3226@courier.example.com,Basic,Yes
PART3227,Courier Partner 3227,Local,3.76,partner3227@courier.example.com,Basic,Yes
PART3228,Courier Partner 3228,Local,3.51,partner3228@courier.example.com,Priority,Yes
PART3229,Courier Partner 3229,International,4.82,partner3229@courier.example.com,Basic,No
PART3230,Courier Partner 3230,National,3.18,partner3230@courier.example.com,Priority,No
PART3231,Courier Partner 3231,National,4.89,partner3231@courier.example.com,Basic,Yes
PART3232,Courier Partner 3232,Local,3.92,partner3232@courier.example.com,Basic,Yes
PART3233,Courier Partner 3233,Local,4.99,partner3233@courier.example.com,Basic,Yes
PART3234,Courier Partner 3234,National,4.08,partner3234@courier.example.com,Premium,Yes
PART3235,Courier Partner 3235,National,4.51,partner3235@courier.example.com,Premium,Yes
PART3236,Courier Partner 3236,Local,3.01,partner3236@courier.example.com,Basic,Yes
PART3237,Courier Partner 3237,National,3.99,partner3237@courier.example.com,Premium,Yes
PART3238,Courier Partner 3238,Local,4.47,partner3238@courier.example.com,Premium,Yes
PART3239,Courier Partner 3239,Local,4.57,partner3239@courier.example.com,Basic,Yes
PART3240,Courier Partner 3240,National,3.32,partner3240@courier.example.com,Premium,Yes
PART3241,Courier Partner 3241,National,3.84,partner3241@courier.example.com,Premium,Yes
PART3242,Courier Partner 3242,National,3.84,partner3242@courier.example.com,Basic,Yes
PART3243,Courier Partner 3243,Local,3.21,partner3243@courier.example.com,Basic,Yes
PART3244,Courier Partner 3244,Local,3.89,partner3244@courier.example.com,Premium,Yes
PART3245,Courier Partner 3245,Local,4.61,partner3245@courier.example.com,Priority,Yes
PART3246,Courier Partner 3246,Local,3.6,partner3246@courier.example.com,Basic,Yes
PART3247,Courier Partner 3247,National,3.87,partner3247@courier.example.com,Priority,Yes
PART3248,Courier Partner 3248,Local,4.92,partner3248@courier.example.com,Basic,Yes
PART3249,Courier Partner 3249,Local,3.06,partner3249@courier.example.com,Priority,Yes
PART3250,Courier Partner 3250,Local,4.18,partner3250@courier.example.com,Premium,Yes
PART3251,Courier Partner 3251,National,4.49,partner3251@courier.example.com,Priority,Yes
PART3252,Courier Partner 3252,National,4.52,partner3252@courier.example.com,Premium,Yes
PART3253,Courier Partner 3253,National,4.43,partner3253@courier.example.com,Basic,Yes
PART3254,Courier Partner 3254,Local,4.45,partner3254@courier.example.com,Basic,Yes
PART3255,Courier Partner 3255,Local,3.12,partner3255@courier.example.com,Premium,Yes
PART3256,Courier Partner 3256,Local,4.07,partner3256@courier.example.com,Basic,Yes
PART3257,Courier Partner 3257,Local,4.57,partner3257@courier.example.com,Premium,Yes
PART3258,Courier Partner 3258,Local,3.19,partner3258@courier.example.com,Priority,Yes
PART3259,Courier Partner 3259,Local,3.02,partner3259@courier.example.com,Basic,No
PART3260,Courier Partner 3260,National,4.63,partner3260@courier.example.com,Premium,Yes
PART3261,Courier Partner 3261,International,4.42,partner3261@courier.example.com,Basic,Yes
PART3262,Courier Partner 3262,Local,3.82,partner3262@courier.example.com,Premium,Yes
PART3263,Courier Partner 3263,National,4.88,partner3263@courier.example.com,Basic,Yes
PART3264,Courier Partner 3264,Local,4.53,partner3264@courier.example.com,Basic,Yes
PART3265,Courier Partner 3265,National,4.94,partner3265@courier.example.com,Priority,Yes
PART3266,Courier Partner 3266,National,4.86,partner3266@courier.example.com,Premium,Yes
PART3267,Courier Partner 3267,International,3.96,partner3267@courier.example.com,Premium,Yes
PART3268,Courier Partner 3268,Local,4.51,partner3268@courier.example.com,Premium,Yes
PART3269,Courier Partner 3269,Local,4.34,partner3269@courier.example.com,Premium,Yes
PART3270,Courier Partner 3270,Local,4.62,partner3270@courier.example.com,Premium,Yes
PART3271,Courier Partner 3271,Local,4.58,partner3271@courier.example.com,Basic,Yes
PART3272,Courier Partner 3272,International,3.31,partner3272@courier.example.com,Basic,Yes
PART3273,Courier Partner 3273,National,3.47,partner3273@courier.example.com,Basic,Yes
PART3274,Courier Partner 3274,National,3.53,partner3274@courier.example.com,Basic,Yes
PART3275,Courier Partner 3275,National,4.64,partner3275@courier.example.com,Basic,Yes
PART3276,Courier Partner 3276,National,4.62,partner3276@courier.example.com,Basic,Yes
PART3277,Courier Partner 3277,Local,3.99,partner3277@courier.example.com,Premium,Yes
PART3278,Courier Partner 3278,Local,4.16,partner3278@courier.example.com,Basic,Yes
PART3279,Courier Partner 3279,National,4.65,partner3279@courier.example.com,Premium,Yes
PART3280,Courier Partner 3280,Local,3.63,partner3280@courier.example.com,Premium,Yes
PART3281,Courier Partner 3281,Local,3.1,partner3281@courier.example.com,Priority,Yes
PART3282,Courier Partner 3282,Local,3.97,partner3282@courier.example.com,Basic,Yes
PART3283,Courier Partner 3283,National,4.83,partner3283@courier.example.com,Premium,Yes
PART3284,Courier Partner 3284,National,4.58,partner3284@courier.example.com,Premium,Yes
PART3285,Courier Partner 3285,Local,3.73,partner3285@courier.example.com,Priority,Yes
PART3286,Courier Partner 3286,National,3.13,partner3286@courier.example.com,Basic,Yes
PART3287,Courier Partner 3287,National,4.27,partner3287@courier.example.com,Basic,Yes
PART3288,Courier Partner 3288,International,4.67,partner3288@courier.example.com,Basic,Yes
PART3289,Courier Partner 3289,National,4.33,partner3289@courier.example.com,Basic,Yes
PART3290,Courier Partner 3290,National,3.85,partner3290@courier.example.com,Premium,Yes
PART3291,Courier Partner 3291,National,3.25,partner3291@courier.example.com,Premium,Yes
PART3292,Courier Partner 3292,Local,4.82,partner3292@courier.example.com,Basic,Yes
PART3293,Courier Partner 3293,Local,3.55,partner3293@courier.example.com,Basic,Yes
PART3294,Courier Partner 3294,National,3.45,partner3294@courier.example.com,Basic,Yes
PART3295,Courier Partner 3295,Local,4.63,partner3295@courier.example.com,Basic,Yes
PART3296,Courier Partner 3296,Local,4.96,partner3296@courier.example.com,Priority,Yes
PART3297,Courier Partner 3297,National,4.32,partner3297@courier.example.com,Priority,Yes
PART3298,Courier Partner 3298,Local,4.25,partner3298@courier.example.com,Basic,Yes
PART3299,Courier Partner 3299,Local,3.64,partner3299@courier.example.com,Basic,Yes
PART3300,Courier Partner 3300,National,3.04,partner3300@courier.example.com,Priority,Yes
PART3301,Courier Partner 3301,National,3.38,partner3301@courier.example.com,Basic,Yes
PART3302,Courier Partner 3302,National,4.17,partner3302@courier.example.com,Premium,Yes
PART3303,Courier Partner 3303,National,3.3,partner3303@courier.example.com,Priority,Yes
PART3304,Courier Partner 3304,National,4.77,partner3304@courier.example.com,Premium,Yes
PART3305,Courier Partner 3305,Local,3.38,partner3305@courier.example.com,Basic,Yes
PART3306,Courier Partner 3306,Local,4.04,partner3306@courier.example.com,Basic,Yes
PART3307,Courier Partner 3307,Local,4.02,partner3307@courier.example.com,Priority,Yes
PART3308,Courier Partner 3308,National,4.21,partner3308@courier.example.com,Basic,Yes
PART3309,Courier Partner 3309,National,3.65,partner3309@courier.example.com,Basic,No
PART3310,Courier Partner 3310,National,4.75,partner3310@courier.example.com,Premium,Yes
PART3311,Courier Partner 3311,National,3.89,partner3311@courier.example.com,Premium,Yes
PART3312,Courier Partner 3312,Local,4.4,partner3312@courier.example.com,Premium,Yes
PART3313,Courier Partner 3313,National,4.27,partner3313@courier.example.com,Basic,Yes
PART3314,Courier Partner 3314,Local,3.23,partner3314@courier.example.com,Premium,Yes
PART3315,Courier Partner 3315,Local,4.25,partner3315@courier.example.com,Basic,Yes
PART3316,Courier Partner 3316,National,4.1,partner3316@courier.example.com,Basic,Yes
PART3317,Courier Partner 3317,International,4.8,partner3317@courier.example.com,Premium,Yes
PART3318,Courier Partner 3318,National,4.76,partner3318@courier.example.com,Basic,Yes
PART3319,Courier Partner 3319,International,3.3,partner3319@courier.example.com,Basic,Yes
PART3320,Courier Partner 3320,Local,3.16,partner3320@courier.example.com,Basic,Yes
PART3321,Courier Partner 3321,Local,3.59,partner3321@courier.example.com,Premium,Yes
PART3322,Courier Partner 3322,Local,4.97,partner3322@courier.example.com,Premium,Yes
PART3323,Courier Partner 3323,Local,3.04,partner3323@courier.example.com,Premium,Yes
PART3324,Courier Partner 3324,Local,4.35,partner3324@courier.example.com,Premium,Yes
PART3325,Courier Partner 3325,National,4.22,partner3325@courier.example.com,Premium,Yes
PART3326,Courier Partner 3326,National,4.29,partner3326@courier.example.com,Premium,Yes
PART3327,Courier Partner 3327,International,3.44,partner3327@courier.example.com,Basic,Yes
PART3328,Courier Partner 3328,International,3.45,partner3328@courier.example.com,Basic,Yes
PART3329,Courier Partner 3329,Local,3.86,partner3329@courier.example.com,Premium,Yes
PART3330,Courier Partner 3330,National,3.19,partner3330@courier.example.com,Basic,Yes
PART3331,Courier Partner 3331,National,3.15,partner3331@courier.example.com,Basic,Yes
PART3332,Courier Partner 3332,National,3.18,partner3332@courier.example.com,Basic,No
PART3333,Courier Partner 3333,National,4.15,partner3333@courier.example.com,Premium,Yes
PART3334,Courier Partner 3334,Local,3.8,partner3334@courier.example.com,Premium,Yes
PART3335,Courier Partner 3335,National,3.59,partner3335@courier.example.com,Premium,Yes
PART3336,Courier Partner 3336,National,3.63,partner3336@courier.example.com,Premium,Yes
PART3337,Courier Partner 3337,National,3.41,partner3337@courier.example.com,Priority,Yes
PART3338,Courier Partner 3338,International,3.82,partner3338@courier.example.com,Basic,Yes
PART3339,Courier Partner 3339,National,3.41,partner3339@courier.example.com,Premium,Yes
PART3340,Courier Partner 3340,Local,4.4,partner3340@courier.example.com,Basic,Yes
PART3341,Courier Partner 3341,Local,3.25,partner3341@courier.example.com,Basic,Yes
PART3342,Courier Partner 3342,Local,4.9,partner3342@courier.example.com,Priority,Yes
PART3343,Courier Partner 3343,Local,3.18,partner3343@courier.example.com,Basic,Yes
PART3344,Courier Partner 3344,National,4.89,partner3344@courier.example.com,Basic,Yes
PART3345,Courier Partner 3345,Local,4.67,partner3345@courier.example.com,Premium,Yes
PART3346,Courier Partner 3346,International,4.36,partner3346@courier.example.com,Basic,Yes
PART3347,Courier Partner 3347,National,4.82,partner3347@courier.example.com,Premium,Yes
PART3348,Courier Partner 3348,Local,3.28,partner3348@courier.example.com,Basic,Yes
PART3349,Courier Partner 3349,National,3.35,partner3349@courier.example.com,Basic,Yes
PART3350,Courier Partner 3350,National,3.5,partner3350@courier.example.com,Premium,Yes
PART3351,Courier Partner 3351,National,3.49,partner3351@courier.example.com,Premium,Yes
PART3352,Courier Partner 3352,National,3.62,partner3352@courier.example.com,Basic,Yes
PART3353,Courier Partner 3353,Local,4.15,partner3353@courier.example.com,Premium,Yes
PART3354,Courier Partner 3354,National,3.06,partner3354@courier.example.com,Premium,No
PART3355,Courier Partner 3355,National,3.76,partner3355@courier.example.com,Premium,Yes
PART3356,Courier Partner 3356,National,3.49,partner3356@courier.example.com,Basic,Yes
PART3357,Courier Partner 3357,National,4.21,partner3357@courier.example.com,Basic,Yes
PART3358,Courier Partner 3358,Local,4.97,partner3358@courier.example.com,Basic,Yes
PART3359,Courier Partner 3359,Local,4.04,partner3359@courier.example.com,Basic,Yes
PART3360,Courier Partner 3360,National,3.85,partner3360@courier.example.com,Basic,Yes
PART3361,Courier Partner 3361,International,3.74,partner3361@courier.example.com,Basic,Yes
PART3362,Courier Partner 3362,Local,4.57,partner3362@courier.example.com,Premium,No
PART3363,Courier Partner 3363,Local,3.14,partner3363@courier.example.com,Premium,Yes
PART3364,Courier Partner 3364,Local,4.92,partner3364@courier.example.com,Basic,Yes
PART3365,Courier Partner 3365,Local,3.84,partner3365@courier.example.com,Premium,Yes
PART3366,Courier Partner 3366,Local,3.63,partner3366@courier.example.com,Premium,Yes
PART3367,Courier Partner 3367,Local,4.95,partner3367@courier.example.com,Basic,Yes
PART3368,Courier Partner 3368,National,4.87,partner3368@courier.example.com,Premium,Yes
PART3369,Courier Partner 3369,Local,4.28,partner3369@courier.example.com,Basic,No
PART3370,Courier Partner 3370,Local,3.04,partner3370@courier.example.com,Premium,Yes
PART3371,Courier Partner 3371,Local,4.5,partner3371@courier.example.com,Basic,Yes
PART3372,Courier Partner 3372,National,3.67,partner3372@courier.example.com,Basic,Yes
PART3373,Courier Partner 3373,National,3.78,partner3373@courier.example.com,Basic,Yes
PART3374,Courier Partner 3374,International,3.32,partner3374@courier.example.com,Premium,Yes
PART3375,Courier Partner 3375,National,4.05,partner3375@courier.example.com,Premium,Yes
PART3376,Courier Partner 3376,Local,4.49,partner3376@courier.example.com,Basic,Yes
PART3377,Courier Partner 3377,Local,3.55,partner3377@courier.example.com,Basic,Yes
PART3378,Courier Partner 3378,National,4.88,partner3378@courier.example.com,Premium,Yes
PART3379,Courier Partner 3379,National,3.39,partner3379@courier.example.com,Priority,Yes
PART3380,Courier Partner 3380,National,3.13,partner3380@courier.example.com,Premium,Yes
PART3381,Courier Partner 3381,National,4.29,partner3381@courier.example.com,Priority,Yes
PART3382,Courier Partner 3382,National,4.7,partner3382@courier.example.com,Basic,Yes
PART3383,Courier Partner 3383,Local,4.91,partner3383@courier.example.com,Basic,Yes
PART3384,Courier Partner 3384,National,4.53,partner3384@courier.example.com,Premium,Yes
PART3385,Courier Partner 3385,National,3.4,partner3385@courier.example.com,Basic,Yes
PART3386,Courier Partner 3386,Local,4.96,partner3386@courier.example.com,Basic,Yes
PART3387,Courier Partner 3387,National,4.84,partner3387@courier.example.com,Basic,Yes
PART3388,Courier Partner 3388,National,3.33,partner3388@courier.example.com,Basic,Yes
PART3389,Courier Partner 3389,Local,4.12,partner3389@courier.example.com,Basic,No
PART3390,Courier Partner 3390,Local,4.11,partner3390@courier.example.com,Priority,Yes
PART3391,Courier Partner 3391,Local,3.89,partner3391@courier.example.com,Basic,Yes
PART3392,Courier Partner 3392,Local,4.97,partner3392@courier.example.com,Basic,Yes
PART3393,Courier Partner 3393,Local,3.12,partner3393@courier.example.com,Basic,Yes
PART3394,Courier Partner 3394,Local,4.25,partner3394@courier.example.com,Premium,Yes
PART3395,Courier Partner 3395,Local,3.41,partner3395@courier.example.com,Premium,Yes
PART3396,Courier Partner 3396,Local,4.05,partner3396@courier.example.com,Basic,Yes
PART3397,Courier Partner 3397,National,4.56,partner3397@courier.example.com,Basic,Yes
PART3398,Courier Partner 3398,Local,3.49,partner3398@courier.example.com,Premium,Yes
PART3399,Courier Partner 3399,Local,3.79,partner3399@courier.example.com,Basic,Yes
PART3400,Courier Partner 3400,Local,4.9,partner3400@courier.example.com,Priority,Yes
PART3401,Courier Partner 3401,National,4.52,partner3401@courier.example.com,Premium,Yes
PART3402,Courier Partner 3402,Local,4.15,partner3402@courier.example.com,Basic,Yes
PART3403,Courier Partner 3403,Local,3.44,partner3403@courier.example.com,Priority,Yes
PART3404,Courier Partner 3404,Local,3.85,partner3404@courier.example.com,Basic,Yes
PART3405,Courier Partner 3405,International,4.55,partner3405@courier.example.com,Basic,Yes
PART3406,Courier Partner 3406,National,4.64,partner3406@courier.example.com,Basic,No
PART3407,Courier Partner 3407,Local,3.49,partner3407@courier.example.com,Premium,Yes
PART3408,Courier Partner 3408,Local,4.32,partner3408@courier.example.com,Basic,Yes
PART3409,Courier Partner 3409,Local,3.19,partner3409@courier.example.com,Basic,Yes
PART3410,Courier Partner 3410,Local,3.05,partner3410@courier.example.com,Basic,Yes
PART3411,Courier Partner 3411,National,4.1,partner3411@courier.example.com,Premium,Yes
PART3412,Courier Partner 3412,National,3.45,partner3412@courier.example.com,Basic,Yes
PART3413,Courier Partner 3413,National,3.16,partner3413@courier.example.com,Basic,Yes
PART3414,Courier Partner 3414,Local,4.46,partner3414@courier.example.com,Premium,Yes
PART3415,Courier Partner 3415,National,4.0,partner3415@courier.example.com,Premium,Yes
PART3416,Courier Partner 3416,Local,4.59,partner3416@courier.example.com,Premium,Yes
PART3417,Courier Partner 3417,Local,4.33,partner3417@courier.example.com,Basic,Yes
PART3418,Courier Partner 3418,National,4.46,partner3418@courier.example.com,Premium,Yes
PART3419,Courier Partner 3419,Local,3.61,partner3419@courier.example.com,Premium,Yes
PART3420,Courier Partner 3420,National,3.53,partner3420@courier.example.com,Basic,Yes
PART3421,Courier Partner 3421,National,4.2,partner3421@courier.example.com,Premium,Yes
PART3422,Courier Partner 3422,Local,3.4,partner3422@courier.example.com,Premium,Yes
PART3423,Courier Partner 3423,National,4.63,partner3423@courier.example.com,Premium,Yes
PART3424,Courier Partner 3424,Local,4.05,partner3424@courier.example.com,Priority,Yes
PART3425,Courier Partner 3425,Local,3.45,partner3425@courier.example.com,Premium,Yes
PART3426,Courier Partner 3426,National,4.25,partner3426@courier.example.com,Basic,Yes
PART3427,Courier Partner 3427,National,4.89,partner3427@courier.example.com,Priority,No
PART3428,Courier Partner 3428,Local,3.16,partner3428@courier.example.com,Basic,No
PART3429,Courier Partner 3429,National,3.22,partner3429@courier.example.com,Premium,Yes
PART3430,Courier Partner 3430,International,4.69,partner3430@courier.example.com,Basic,Yes
PART3431,Courier Partner 3431,Local,3.22,partner3431@courier.example.com,Basic,Yes
PART3432,Courier Partner 3432,National,3.08,partner3432@courier.example.com,Premium,Yes
PART3433,Courier Partner 3433,National,3.7,partner3433@courier.example.com,Basic,Yes
PART3434,Courier Partner 3434,International,3.93,partner3434@courier.example.com,Premium,Yes
PART3435,Courier Partner 3435,Local,4.14,partner3435@courier.example.com,Premium,Yes
PART3436,Courier Partner 3436,National,4.01,partner3436@courier.example.com,Basic,Yes
PART3437,Courier Partner 3437,Local,4.83,partner3437@courier.example.com,Premium,Yes
PART3438,Courier Partner 3438,National,4.54,partner3438@courier.example.com,Premium,No
PART3439,Courier Partner 3439,National,4.97,partner3439@courier.example.com,Premium,Yes
PART3440,Courier Partner 3440,Local,3.95,partner3440@courier.example.com,Premium,Yes
PART3441,Courier Partner 3441,Local,3.17,partner3441@courier.example.com,Basic,Yes
PART3442,Courier Partner 3442,National,4.91,partner3442@courier.example.com,Basic,Yes
PART3443,Courier Partner 3443,National,3.01,partner3443@courier.example.com,Basic,Yes
PART3444,Courier Partner 3444,Local,4.55,partner3444@courier.example.com,Basic,No
PART3445,Courier Partner 3445,Local,3.06,partner3445@courier.example.com,Premium,Yes
PART3446,Courier Partner 3446,National,4.52,partner3446@courier.example.com,Basic,Yes
PART3447,Courier Partner 3447,Local,4.88,partner3447@courier.example.com,Priority,Yes
PART3448,Courier Partner 3448,Local,3.78,partner3448@courier.example.com,Premium,Yes
PART3449,Courier Partner 3449,International,3.48,partner3449@courier.example.com,Basic,Yes
PART3450,Courier Partner 3450,Local,3.45,partner3450@courier.example.com,Basic,Yes
PART3451,Courier Partner 3451,Local,3.98,partner3451@courier.example.com,Premium,Yes
PART3452,Courier Partner 3452,Local,3.34,partner3452@courier.example.com,Premium,Yes
PART3453,Courier Partner 3453,National,4.35,partner3453@courier.example.com,Priority,Yes
PART3454,Courier Partner 3454,Local,3.74,partner3454@courier.example.com,Basic,Yes
PART3455,Courier Partner 3455,National,3.65,partner3455@courier.example.com,Basic,Yes
PART3456,Courier Partner 3456,National,3.92,partner3456@courier.example.com,Priority,Yes
PART3457,Courier Partner 3457,Local,4.09,partner3457@courier.example.com,Basic,Yes
PART3458,Courier Partner 3458,National,3.28,partner3458@courier.example.com,Premium,Yes
PART3459,Courier Partner 3459,Local,4.42,partner3459@courier.example.com,Basic,Yes
PART3460,Courier Partner 3460,National,4.77,partner3460@courier.example.com,Premium,Yes
PART3461,Courier Partner 3461,Local,3.56,partner3461@courier.example.com,Basic,Yes
PART3462,Courier Partner 3462,National,3.36,partner3462@courier.example.com,Premium,Yes
PART3463,Courier Partner 3463,Local,4.52,partner3463@courier.example.com,Premium,Yes
PART3464,Courier Partner 3464,Local,3.37,partner3464@courier.example.com,Priority,Yes
PART3465,Courier Partner 3465,International,3.08,partner3465@courier.example.com,Basic,Yes
PART3466,Courier Partner 3466,Local,4.24,partner3466@courier.example.com,Basic,Yes
PART3467,Courier Partner 3467,National,3.48,partner3467@courier.example.com,Basic,Yes
PART3468,Courier Partner 3468,Local,3.34,partner3468@courier.example.com,Priority,Yes
PART3469,Courier Partner 3469,Local,4.96,partner3469@courier.example.com,Premium,Yes
PART3470,Courier Partner 3470,National,3.58,partner3470@courier.example.com,Premium,Yes
PART3471,Courier Partner 3471,Local,4.81,partner3471@courier.example.com,Basic,Yes
PART3472,Courier Partner 3472,National,3.36,partner3472@courier.example.com,Premium,Yes
PART3473,Courier Partner 3473,National,4.64,partner3473@courier.example.com,Basic,Yes
PART3474,Courier Partner 3474,Local,4.0,partner3474@courier.example.com,Basic,Yes
PART3475,Courier Partner 3475,National,3.16,partner3475@courier.example.com,Premium,Yes
PART3476,Courier Partner 3476,Local,4.47,partner3476@courier.example.com,Basic,Yes
PART3477,Courier Partner 3477,Local,4.78,partner3477@courier.example.com,Premium,Yes
PART3478,Courier Partner 3478,National,3.33,partner3478@courier.example.com,Premium,Yes
PART3479,Courier Partner 3479,Local,4.45,partner3479@courier.example.com,Priority,Yes
PART3480,Courier Partner 3480,Local,3.89,partner3480@courier.example.com,Premium,Yes
PART3481,Courier Partner 3481,National,4.51,partner3481@courier.example.com,Basic,Yes
PART3482,Courier Partner 3482,National,4.43,partner3482@courier.example.com,Premium,Yes
PART3483,Courier Partner 3483,National,3.05,partner3483@courier.example.com,Basic,Yes
PART3484,Courier Partner 3484,National,3.36,partner3484@courier.example.com,Basic,Yes
PART3485,Courier Partner 3485,National,3.94,partner3485@courier.example.com,Premium,Yes
PART3486,Courier Partner 3486,National,4.87,partner3486@courier.example.com,Priority,Yes
PART3487,Courier Partner 3487,Local,3.68,partner3487@courier.example.com,Basic,Yes
PART3488,Courier Partner 3488,International,4.26,partner3488@courier.example.com,Basic,Yes
PART3489,Courier Partner 3489,Local,3.02,partner3489@courier.example.com,Premium,Yes
PART3490,Courier Partner 3490,National,4.42,partner3490@courier.example.com,Basic,Yes
PART3491,Courier Partner 3491,National,4.21,partner3491@courier.example.com,Premium,Yes
PART3492,Courier Partner 3492,National,4.43,partner3492@courier.example.com,Basic,Yes
PART3493,Courier Partner 3493,National,4.81,partner3493@courier.example.com,Basic,Yes
PART3494,Courier Partner 3494,Local,3.29,partner3494@courier.example.com,Premium,Yes
PART3495,Courier Partner 3495,Local,3.52,partner3495@courier.example.com,Priority,Yes
PART3496,Courier Partner 3496,National,4.99,partner3496@courier.example.com,Premium,Yes
PART3497,Courier Partner 3497,Local,3.31,partner3497@courier.example.com,Premium,Yes
PART3498,Courier Partner 3498,National,4.44,partner3498@courier.example.com,Basic,Yes
PART3499,Courier Partner 3499,Local,4.45,partner3499@courier.example.com,Priority,Yes
PART3500,Courier Partner 3500,National,4.37,partner3500@courier.example.com,Basic,Yes
PART3501,Courier Partner 3501,National,3.45,partner3501@courier.example.com,Priority,Yes
PART3502,Courier Partner 3502,Local,3.43,partner3502@courier.example.com,Premium,Yes
PART3503,Courier Partner 3503,National,4.33,partner3503@courier.example.com,Basic,Yes
PART3504,Courier Partner 3504,National,3.37,partner3504@courier.example.com,Basic,Yes
PART3505,Courier Partner 3505,Local,4.32,partner3505@courier.example.com,Premium,Yes
PART3506,Courier Partner 3506,National,3.99,partner3506@courier.example.com,Basic,Yes
PART3507,Courier Partner 3507,National,3.77,partner3507@courier.example.com,Priority,Yes
PART3508,Courier Partner 3508,Local,3.6,partner3508@courier.example.com,Basic,Yes
PART3509,Courier Partner 3509,National,4.9,partner3509@courier.example.com,Basic,Yes
PART3510,Courier Partner 3510,Local,4.02,partner3510@courier.example.com,Basic,Yes
PART3511,Courier Partner 3511,Local,4.12,partner3511@courier.example.com,Basic,Yes
PART3512,Courier Partner 3512,National,4.9,partner3512@courier.example.com,Premium,Yes
PART3513,Courier Partner 3513,National,4.31,partner3513@courier.example.com,Premium,Yes
PART3514,Courier Partner 3514,International,4.92,partner3514@courier.example.com,Premium,No
PART3515,Courier Partner 3515,Local,3.21,partner3515@courier.example.com,Basic,Yes
PART3516,Courier Partner 3516,Local,4.69,partner3516@courier.example.com,Priority,Yes
PART3517,Courier Partner 3517,Local,3.67,partner3517@courier.example.com,Basic,Yes
PART3518,Courier Partner 3518,National,4.62,partner3518@courier.example.com,Priority,Yes
PART3519,Courier Partner 3519,Local,4.71,partner3519@courier.example.com,Basic,Yes
PART3520,Courier Partner 3520,National,3.54,partner3520@courier.example.com,Premium,Yes
PART3521,Courier Partner 3521,Local,3.82,partner3521@courier.example.com,Premium,Yes
PART3522,Courier Partner 3522,National,4.45,partner3522@courier.example.com,Basic,Yes
PART3523,Courier Partner 3523,National,3.2,partner3523@courier.example.com,Basic,Yes
PART3524,Courier Partner 3524,International,4.51,partner3524@courier.example.com,Premium,Yes
PART3525,Courier Partner 3525,Local,3.22,partner3525@courier.example.com,Basic,Yes
PART3526,Courier Partner 3526,National,4.83,partner3526@courier.example.com,Premium,Yes
PART3527,Courier Partner 3527,National,3.55,partner3527@courier.example.com,Premium,Yes
PART3528,Courier Partner 3528,National,4.15,partner3528@courier.example.com,Premium,Yes
PART3529,Courier Partner 3529,Local,3.23,partner3529@courier.example.com,Priority,Yes
PART3530,Courier Partner 3530,International,3.54,partner3530@courier.example.com,Basic,Yes
PART3531,Courier Partner 3531,Local,3.81,partner3531@courier.example.com,Basic,Yes
PART3532,Courier Partner 3532,Local,3.97,partner3532@courier.example.com,Basic,Yes
PART3533,Courier Partner 3533,National,3.0,partner3533@courier.example.com,Premium,Yes
PART3534,Courier Partner 3534,National,4.78,partner3534@courier.example.com,Priority,Yes
PART3535,Courier Partner 3535,National,3.02,partner3535@courier.example.com,Priority,Yes
PART3536,Courier Partner 3536,Local,4.55,partner3536@courier.example.com,Priority,Yes
PART3537,Courier Partner 3537,Local,3.94,partner3537@courier.example.com,Priority,Yes
PART3538,Courier Partner 3538,National,4.05,partner3538@courier.example.com,Priority,Yes
PART3539,Courier Partner 3539,Local,3.42,partner3539@courier.example.com,Basic,Yes
PART3540,Courier Partner 3540,International,4.21,partner3540@courier.example.com,Priority,Yes
PART3541,Courier Partner 3541,National,4.07,partner3541@courier.example.com,Premium,Yes
PART3542,Courier Partner 3542,National,3.33,partner3542@courier.example.com,Basic,Yes
PART3543,Courier Partner 3543,Local,3.48,partner3543@courier.example.com,Basic,Yes
PART3544,Courier Partner 3544,International,3.13,partner3544@courier.example.com,Basic,Yes
PART3545,Courier Partner 3545,Local,3.13,partner3545@courier.example.com,Premium,Yes
PART3546,Courier Partner 3546,Local,3.03,partner3546@courier.example.com,Premium,Yes
PART3547,Courier Partner 3547,Local,3.44,partner3547@courier.example.com,Basic,No
PART3548,Courier Partner 3548,Local,4.36,partner3548@courier.example.com,Premium,Yes
PART3549,Courier Partner 3549,National,3.63,partner3549@courier.example.com,Basic,Yes
PART3550,Courier Partner 3550,National,3.69,partner3550@courier.example.com,Premium,Yes
PART3551,Courier Partner 3551,International,3.26,partner3551@courier.example.com,Premium,Yes
PART3552,Courier Partner 3552,Local,4.15,partner3552@courier.example.com,Priority,Yes
PART3553,Courier Partner 3553,National,3.68,partner3553@courier.example.com,Basic,Yes
PART3554,Courier Partner 3554,International,4.35,partner3554@courier.example.com,Priority,Yes
PART3555,Courier Partner 3555,National,4.48,partner3555@courier.example.com,Basic,Yes
PART3556,Courier Partner 3556,National,4.17,partner3556@courier.example.com,Basic,Yes
PART3557,Courier Partner 3557,Local,3.55,partner3557@courier.example.com,Premium,Yes
PART3558,Courier Partner 3558,National,4.02,partner3558@courier.example.com,Premium,Yes
PART3559,Courier Partner 3559,Local,3.5,partner3559@courier.example.com,Priority,Yes
PART3560,Courier Partner 3560,National,4.81,partner3560@courier.example.com,Premium,Yes
PART3561,Courier Partner 3561,National,4.53,partner3561@courier.example.com,Priority,Yes
PART3562,Courier Partner 3562,National,3.99,partner3562@courier.example.com,Basic,No
PART3563,Courier Partner 3563,National,4.93,partner3563@courier.example.com,Basic,Yes
PART3564,Courier Partner 3564,National,4.09,partner3564@courier.example.com,Premium,Yes
PART3565,Courier Partner 3565,Local,3.66,partner3565@courier.example.com,Basic,Yes
PART3566,Courier Partner 3566,National,3.19,partner3566@courier.example.com,Priority,Yes
PART3567,Courier Partner 3567,National,4.09,partner3567@courier.example.com,Premium,Yes
PART3568,Courier Partner 3568,Local,4.72,partner3568@courier.example.com,Premium,Yes
PART3569,Courier Partner 3569,Local,4.73,partner3569@courier.example.com,Premium,Yes
PART3570,Courier Partner 3570,Local,4.21,partner3570@courier.example.com,Premium,Yes
PART3571,Courier Partner 3571,Local,3.79,partner3571@courier.example.com,Basic,Yes
PART3572,Courier Partner 3572,International,4.3,partner3572@courier.example.com,Premium,Yes
PART3573,Courier Partner 3573,Local,4.52,partner3573@courier.example.com,Premium,No
PART3574,Courier Partner 3574,National,3.82,partner3574@courier.example.com,Priority,Yes
PART3575,Courier Partner 3575,National,3.95,partner3575@courier.example.com,Basic,Yes
PART3576,Courier Partner 3576,Local,4.36,partner3576@courier.example.com,Premium,Yes
PART3577,Courier Partner 3577,International,4.75,partner3577@courier.example.com,Basic,Yes
PART3578,Courier Partner 3578,Local,4.58,partner3578@courier.example.com,Basic,No
PART3579,Courier Partner 3579,National,3.04,partner3579@courier.example.com,Premium,No
PART3580,Courier Partner 3580,Local,3.25,partner3580@courier.example.com,Basic,Yes
PART3581,Courier Partner 3581,Local,4.71,partner3581@courier.example.com,Premium,Yes
PART3582,Courier Partner 3582,Local,4.67,partner3582@courier.example.com,Premium,Yes
PART3583,Courier Partner 3583,Local,3.78,partner3583@courier.example.com,Basic,Yes
PART3584,Courier Partner 3584,National,4.17,partner3584@courier.example.com,Premium,Yes
PART3585,Courier Partner 3585,Local,4.81,partner3585@courier.example.com,Basic,Yes
PART3586,Courier Partner 3586,National,4.82,partner3586@courier.example.com,Priority,Yes
PART3587,Courier Partner 3587,Local,4.57,partner3587@courier.example.com,Basic,Yes
PART3588,Courier Partner 3588,National,3.42,partner3588@courier.example.com,Basic,Yes
PART3589,Courier Partner 3589,National,4.46,partner3589@courier.example.com,Premium,Yes
PART3590,Courier Partner 3590,National,3.2,partner3590@courier.example.com,Priority,Yes
PART3591,Courier Partner 3591,Local,4.79,partner3591@courier.example.com,Priority,Yes
PART3592,Courier Partner 3592,National,3.3,partner3592@courier.example.com,Basic,Yes
PART3593,Courier Partner 3593,Local,4.32,partner3593@courier.example.com,Basic,Yes
PART3594,Courier Partner 3594,Local,4.22,partner3594@courier.example.com,Premium,Yes
PART3595,Courier Partner 3595,National,4.55,partner3595@courier.example.com,Premium,Yes
PART3596,Courier Partner 3596,International,4.1,partner3596@courier.example.com,Basic,Yes
PART3597,Courier Partner 3597,National,3.12,partner3597@courier.example.com,Basic,Yes
PART3598,Courier Partner 3598,National,4.41,partner3598@courier.example.com,Basic,Yes
PART3599,Courier Partner 3599,National,3.77,partner3599@courier.example.com,Basic,Yes
PART3600,Courier Partner 3600,International,3.64,partner3600@courier.example.com,Premium,Yes
PART3601,Courier Partner 3601,National,4.98,partner3601@courier.example.com,Basic,Yes
PART3602,Courier Partner 3602,Local,4.18,partner3602@courier.example.com,Basic,Yes
PART3603,Courier Partner 3603,International,4.42,partner3603@courier.example.com,Basic,Yes
PART3604,Courier Partner 3604,Local,4.05,partner3604@courier.example.com,Basic,Yes
PART3605,Courier Partner 3605,Local,4.54,partner3605@courier.example.com,Basic,Yes
PART3606,Courier Partner 3606,National,4.5,partner3606@courier.example.com,Premium,Yes
PART3607,Courier Partner 3607,Local,4.31,partner3607@courier.example.com,Priority,Yes
PART3608,Courier Partner 3608,Local,5.0,partner3608@courier.example.com,Basic,Yes
PART3609,Courier Partner 3609,Local,3.92,partner3609@courier.example.com,Premium,Yes
PART3610,Courier Partner 3610,National,4.41,partner3610@courier.example.com,Premium,Yes
PART3611,Courier Partner 3611,International,4.6,partner3611@courier.example.com,Basic,Yes
PART3612,Courier Partner 3612,Local,3.75,partner3612@courier.example.com,Basic,Yes
PART3613,Courier Partner 3613,Local,3.91,partner3613@courier.example.com,Basic,Yes
PART3614,Courier Partner 3614,Local,4.94,partner3614@courier.example.com,Premium,Yes
PART3615,Courier Partner 3615,National,3.06,partner3615@courier.example.com,Premium,Yes
PART3616,Courier Partner 3616,National,3.67,partner3616@courier.example.com,Basic,Yes
PART3617,Courier Partner 3617,National,3.97,partner3617@courier.example.com,Premium,No
PART3618,Courier Partner 3618,Local,3.0,partner3618@courier.example.com,Premium,Yes
PART3619,Courier Partner 3619,National,4.8,partner3619@courier.example.com,Basic,Yes
PART3620,Courier Partner 3620,National,3.57,partner3620@courier.example.com,Premium,Yes
PART3621,Courier Partner 3621,Local,3.52,partner3621@courier.example.com,Basic,Yes
PART3622,Courier Partner 3622,Local,4.64,partner3622@courier.example.com,Premium,Yes
PART3623,Courier Partner 3623,Local,3.56,partner3623@courier.example.com,Basic,Yes
PART3624,Courier Partner 3624,International,4.32,partner3624@courier.example.com,Premium,Yes
PART3625,Courier Partner 3625,National,4.64,partner3625@courier.example.com,Basic,Yes
PART3626,Courier Partner 3626,National,4.58,partner3626@courier.example.com,Premium,Yes
PART3627,Courier Partner 3627,National,4.56,partner3627@courier.example.com,Basic,Yes
PART3628,Courier Partner 3628,National,3.18,partner3628@courier.example.com,Premium,Yes
PART3629,Courier Partner 3629,International,3.16,partner3629@courier.example.com,Basic,Yes
PART3630,Courier Partner 3630,Local,3.61,partner3630@courier.example.com,Basic,Yes
PART3631,Courier Partner 3631,National,3.07,partner3631@courier.example.com,Basic,Yes
PART3632,Courier Partner 3632,National,4.0,partner3632@courier.example.com,Basic,Yes
PART3633,Courier Partner 3633,National,3.79,partner3633@courier.example.com,Premium,No
PART3634,Courier Partner 3634,Local,4.11,partner3634@courier.example.com,Priority,Yes
PART3635,Courier Partner 3635,Local,3.6,partner3635@courier.example.com,Premium,Yes
PART3636,Courier Partner 3636,Local,3.97,partner3636@courier.example.com,Priority,No
PART3637,Courier Partner 3637,Local,3.67,partner3637@courier.example.com,Basic,Yes
PART3638,Courier Partner 3638,Local,3.39,partner3638@courier.example.com,Basic,Yes
PART3639,Courier Partner 3639,National,4.3,partner3639@courier.example.com,Premium,Yes
PART3640,Courier Partner 3640,National,4.35,partner3640@courier.example.com,Priority,Yes
PART3641,Courier Partner 3641,National,4.66,partner3641@courier.example.com,Premium,Yes
PART3642,Courier Partner 3642,National,4.75,partner3642@courier.example.com,Basic,Yes
PART3643,Courier Partner 3643,National,4.41,partner3643@courier.example.com,Basic,Yes
PART3644,Courier Partner 3644,Local,4.37,partner3644@courier.example.com,Basic,Yes
PART3645,Courier Partner 3645,Local,3.11,partner3645@courier.example.com,Basic,Yes
PART3646,Courier Partner 3646,Local,3.22,partner3646@courier.example.com,Premium,Yes
PART3647,Courier Partner 3647,International,4.63,partner3647@courier.example.com,Basic,Yes
PART3648,Courier Partner 3648,Local,3.47,partner3648@courier.example.com,Priority,Yes
PART3649,Courier Partner 3649,National,3.71,partner3649@courier.example.com,Priority,Yes
PART3650,Courier Partner 3650,Local,3.29,partner3650@courier.example.com,Priority,Yes
PART3651,Courier Partner 3651,International,3.39,partner3651@courier.example.com,Priority,Yes
PART3652,Courier Partner 3652,Local,4.55,partner3652@courier.example.com,Basic,Yes
PART3653,Courier Partner 3653,National,3.52,partner3653@courier.example.com,Priority,Yes
PART3654,Courier Partner 3654,Local,3.9,partner3654@courier.example.com,Basic,Yes
PART3655,Courier Partner 3655,Local,3.3,partner3655@courier.example.com,Priority,Yes
PART3656,Courier Partner 3656,National,4.36,partner3656@courier.example.com,Basic,Yes
PART3657,Courier Partner 3657,International,4.46,partner3657@courier.example.com,Basic,Yes
PART3658,Courier Partner 3658,National,3.72,partner3658@courier.example.com,Basic,Yes
PART3659,Courier Partner 3659,International,4.57,partner3659@courier.example.com,Basic,Yes
PART3660,Courier Partner 3660,National,3.48,partner3660@courier.example.com,Priority,Yes
PART3661,Courier Partner 3661,National,4.38,partner3661@courier.example.com,Premium,Yes
PART3662,Courier Partner 3662,Local,4.46,partner3662@courier.example.com,Premium,Yes
PART3663,Courier Partner 3663,Local,4.94,partner3663@courier.example.com,Premium,Yes
PART3664,Courier Partner 3664,Local,3.46,partner3664@courier.example.com,Premium,Yes
PART3665,Courier Partner 3665,International,3.19,partner3665@courier.example.com,Basic,Yes
PART3666,Courier Partner 3666,International,3.53,partner3666@courier.example.com,Premium,Yes
PART3667,Courier Partner 3667,National,3.25,partner3667@courier.example.com,Premium,Yes
PART3668,Courier Partner 3668,Local,3.34,partner3668@courier.example.com,Premium,Yes
PART3669,Courier Partner 3669,Local,3.67,partner3669@courier.example.com,Priority,Yes
PART3670,Courier Partner 3670,International,3.83,partner3670@courier.example.com,Premium,Yes
PART3671,Courier Partner 3671,Local,4.81,partner3671@courier.example.com,Basic,Yes
PART3672,Courier Partner 3672,National,3.39,partner3672@courier.example.com,Priority,Yes
PART3673,Courier Partner 3673,Local,4.94,partner3673@courier.example.com,Priority,Yes
PART3674,Courier Partner 3674,Local,4.62,partner3674@courier.example.com,Priority,No
PART3675,Courier Partner 3675,National,4.76,partner3675@courier.example.com,Premium,Yes
PART3676,Courier Partner 3676,Local,4.86,partner3676@courier.example.com,Basic,No
PART3677,Courier Partner 3677,Local,4.51,partner3677@courier.example.com,Basic,Yes
PART3678,Courier Partner 3678,International,4.58,partner3678@courier.example.com,Basic,Yes
PART3679,Courier Partner 3679,National,3.88,partner3679@courier.example.com,Premium,Yes
PART3680,Courier Partner 3680,National,4.02,partner3680@courier.example.com,Basic,Yes
PART3681,Courier Partner 3681,National,4.86,partner3681@courier.example.com,Premium,Yes
PART3682,Courier Partner 3682,Local,3.76,partner3682@courier.example.com,Priority,Yes
PART3683,Courier Partner 3683,Local,3.08,partner3683@courier.example.com,Priority,Yes
PART3684,Courier Partner 3684,National,4.53,partner3684@courier.example.com,Basic,Yes
PART3685,Courier Partner 3685,Local,4.15,partner3685@courier.example.com,Basic,Yes
PART3686,Courier Partner 3686,Local,4.63,partner3686@courier.example.com,Premium,Yes
PART3687,Courier Partner 3687,National,3.15,partner3687@courier.example.com,Premium,Yes
PART3688,Courier Partner 3688,Local,4.24,partner3688@courier.example.com,Premium,Yes
PART3689,Courier Partner 3689,National,3.5,partner3689@courier.example.com,Priority,Yes
PART3690,Courier Partner 3690,Local,4.81,partner3690@courier.example.com,Basic,Yes
PART3691,Courier Partner 3691,Local,3.22,partner3691@courier.example.com,Basic,Yes
PART3692,Courier Partner 3692,Local,4.69,partner3692@courier.example.com,Premium,Yes
PART3693,Courier Partner 3693,National,3.18,partner3693@courier.example.com,Premium,Yes
PART3694,Courier Partner 3694,Local,3.05,partner3694@courier.example.com,Basic,Yes
PART3695,Courier Partner 3695,National,3.47,partner3695@courier.example.com,Premium,No
PART3696,Courier Partner 3696,National,3.67,partner3696@courier.example.com,Priority,Yes
PART3697,Courier Partner 3697,Local,4.25,partner3697@courier.example.com,Basic,Yes
PART3698,Courier Partner 3698,National,3.26,partner3698@courier.example.com,Priority,Yes
PART3699,Courier Partner 3699,International,3.87,partner3699@courier.example.com,Premium,Yes
PART3700,Courier Partner 3700,National,3.41,partner3700@courier.example.com,Priority,Yes
PART3701,Courier Partner 3701,Local,4.71,partner3701@courier.example.com,Basic,Yes
PART3702,Courier Partner 3702,National,3.09,partner3702@courier.example.com,Basic,Yes
PART3703,Courier Partner 3703,National,3.71,partner3703@courier.example.com,Basic,No
PART3704,Courier Partner 3704,Local,4.26,partner3704@courier.example.com,Basic,Yes
PART3705,Courier Partner 3705,Local,4.83,partner3705@courier.example.com,Basic,Yes
PART3706,Courier Partner 3706,Local,4.74,partner3706@courier.example.com,Priority,No
PART3707,Courier Partner 3707,Local,4.79,partner3707@courier.example.com,Basic,Yes
PART3708,Courier Partner 3708,Local,3.13,partner3708@courier.example.com,Priority,Yes
PART3709,Courier Partner 3709,National,4.68,partner3709@courier.example.com,Premium,Yes
PART3710,Courier Partner 3710,Local,4.56,partner3710@courier.example.com,Basic,No
PART3711,Courier Partner 3711,National,4.8,partner3711@courier.example.com,Premium,Yes
PART3712,Courier Partner 3712,National,3.62,partner3712@courier.example.com,Priority,Yes
PART3713,Courier Partner 3713,National,4.82,partner3713@courier.example.com,Premium,Yes
PART3714,Courier Partner 3714,National,3.81,partner3714@courier.example.com,Basic,Yes
PART3715,Courier Partner 3715,Local,4.27,partner3715@courier.example.com,Priority,Yes
PART3716,Courier Partner 3716,National,3.85,partner3716@courier.example.com,Basic,Yes
PART3717,Courier Partner 3717,National,3.86,partner3717@courier.example.com,Premium,Yes
PART3718,Courier Partner 3718,Local,4.09,partner3718@courier.example.com,Premium,Yes
PART3719,Courier Partner 3719,Local,3.71,partner3719@courier.example.com,Basic,Yes
PART3720,Courier Partner 3720,Local,4.59,partner3720@courier.example.com,Basic,Yes
PART3721,Courier Partner 3721,Local,4.27,partner3721@courier.example.com,Priority,Yes
PART3722,Courier Partner 3722,Local,4.38,partner3722@courier.example.com,Priority,Yes
PART3723,Courier Partner 3723,Local,3.46,partner3723@courier.example.com,Premium,No
PART3724,Courier Partner 3724,Local,4.94,partner3724@courier.example.com,Basic,Yes
PART3725,Courier Partner 3725,National,4.32,partner3725@courier.example.com,Basic,Yes
PART3726,Courier Partner 3726,Local,3.39,partner3726@courier.example.com,Basic,Yes
PART3727,Courier Partner 3727,National,4.5,partner3727@courier.example.com,Premium,Yes
PART3728,Courier Partner 3728,National,3.35,partner3728@courier.example.com,Basic,Yes
PART3729,Courier Partner 3729,National,3.13,partner3729@courier.example.com,Basic,Yes
PART3730,Courier Partner 3730,Local,4.06,partner3730@courier.example.com,Premium,No
PART3731,Courier Partner 3731,National,4.11,partner3731@courier.example.com,Premium,No
PART3732,Courier Partner 3732,Local,3.38,partner3732@courier.example.com,Priority,Yes
PART3733,Courier Partner 3733,Local,3.7,partner3733@courier.example.com,Premium,Yes
PART3734,Courier Partner 3734,National,4.89,partner3734@courier.example.com,Premium,No
PART3735,Courier Partner 3735,Local,3.57,partner3735@courier.example.com,Basic,Yes
PART3736,Courier Partner 3736,Local,3.31,partner3736@courier.example.com,Premium,Yes
PART3737,Courier Partner 3737,Local,4.99,partner3737@courier.example.com,Premium,Yes
PART3738,Courier Partner 3738,Local,3.6,partner3738@courier.example.com,Premium,Yes
PART3739,Courier Partner 3739,Local,4.36,partner3739@courier.example.com,Basic,Yes
PART3740,Courier Partner 3740,International,3.46,partner3740@courier.example.com,Premium,Yes
PART3741,Courier Partner 3741,Local,4.1,partner3741@courier.example.com,Priority,Yes
PART3742,Courier Partner 3742,National,3.77,partner3742@courier.example.com,Premium,Yes
PART3743,Courier Partner 3743,National,4.92,partner3743@courier.example.com,Premium,Yes
PART3744,Courier Partner 3744,National,3.87,partner3744@courier.example.com,Premium,No
PART3745,Courier Partner 3745,International,4.17,partner3745@courier.example.com,Basic,Yes
PART3746,Courier Partner 3746,National,4.89,partner3746@courier.example.com,Premium,Yes
PART3747,Courier Partner 3747,National,4.98,partner3747@courier.example.com,Priority,Yes
PART3748,Courier Partner 3748,International,3.2,partner3748@courier.example.com,Basic,Yes
PART3749,Courier Partner 3749,Local,4.67,partner3749@courier.example.com,Basic,Yes
PART3750,Courier Partner 3750,National,3.76,partner3750@courier.example.com,Premium,Yes
PART3751,Courier Partner 3751,National,4.19,partner3751@courier.example.com,Basic,No
PART3752,Courier Partner 3752,National,3.75,partner3752@courier.example.com,Premium,No
PART3753,Courier Partner 3753,International,3.8,partner3753@courier.example.com,Basic,Yes
PART3754,Courier Partner 3754,Local,3.32,partner3754@courier.example.com,Premium,Yes
PART3755,Courier Partner 3755,Local,4.15,partner3755@courier.example.com,Premium,Yes
PART3756,Courier Partner 3756,International,4.09,partner3756@courier.example.com,Basic,Yes
PART3757,Courier Partner 3757,Local,3.38,partner3757@courier.example.com,Basic,Yes
PART3758,Courier Partner 3758,National,4.08,partner3758@courier.example.com,Basic,Yes
PART3759,Courier Partner 3759,Local,4.95,partner3759@courier.example.com,Basic,Yes
PART3760,Courier Partner 3760,National,4.43,partner3760@courier.example.com,Premium,Yes
PART3761,Courier Partner 3761,International,3.96,partner3761@courier.example.com,Basic,Yes
PART3762,Courier Partner 3762,Local,4.83,partner3762@courier.example.com,Premium,Yes
PART3763,Courier Partner 3763,Local,4.15,partner3763@courier.example.com,Premium,Yes
PART3764,Courier Partner 3764,Local,3.27,partner3764@courier.example.com,Basic,Yes
PART3765,Courier Partner 3765,National,4.1,partner3765@courier.example.com,Basic,Yes
PART3766,Courier Partner 3766,National,3.36,partner3766@courier.example.com,Basic,Yes
PART3767,Courier Partner 3767,Local,4.54,partner3767@courier.example.com,Premium,Yes
PART3768,Courier Partner 3768,Local,4.93,partner3768@courier.example.com,Basic,Yes
PART3769,Courier Partner 3769,National,3.72,partner3769@courier.example.com,Basic,Yes
PART3770,Courier Partner 3770,National,3.87,partner3770@courier.example.com,Basic,Yes
PART3771,Courier Partner 3771,Local,3.84,partner3771@courier.example.com,Priority,Yes
PART3772,Courier Partner 3772,Local,3.57,partner3772@courier.example.com,Premium,Yes
PART3773,Courier Partner 3773,National,4.59,partner3773@courier.example.com,Priority,Yes
PART3774,Courier Partner 3774,National,4.24,partner3774@courier.example.com,Basic,Yes
PART3775,Courier Partner 3775,International,3.13,partner3775@courier.example.com,Basic,Yes
PART3776,Courier Partner 3776,National,4.68,partner3776@courier.example.com,Basic,Yes
PART3777,Courier Partner 3777,National,3.37,partner3777@courier.example.com,Priority,Yes
PART3778,Courier Partner 3778,National,4.96,partner3778@courier.example.com,Basic,Yes
PART3779,Courier Partner 3779,International,3.75,partner3779@courier.example.com,Premium,Yes
PART3780,Courier Partner 3780,Local,4.23,partner3780@courier.example.com,Basic,Yes
PART3781,Courier Partner 3781,Local,3.16,partner3781@courier.example.com,Premium,Yes
PART3782,Courier Partner 3782,Local,3.69,partner3782@courier.example.com,Basic,Yes
PART3783,Courier Partner 3783,National,4.6,partner3783@courier.example.com,Premium,Yes
PART3784,Courier Partner 3784,National,3.95,partner3784@courier.example.com,Priority,Yes
PART3785,Courier Partner 3785,Local,4.81,partner3785@courier.example.com,Basic,Yes
PART3786,Courier Partner 3786,National,4.15,partner3786@courier.example.com,Premium,Yes
PART3787,Courier Partner 3787,Local,4.86,partner3787@courier.example.com,Premium,Yes
PART3788,Courier Partner 3788,Local,4.97,partner3788@courier.example.com,Premium,No
PART3789,Courier Partner 3789,Local,3.91,partner3789@courier.example.com,Basic,Yes
PART3790,Courier Partner 3790,National,4.13,partner3790@courier.example.com,Basic,Yes
PART3791,Courier Partner 3791,National,4.67,partner3791@courier.example.com,Premium,Yes
PART3792,Courier Partner 3792,National,3.44,partner3792@courier.example.com,Basic,Yes
PART3793,Courier Partner 3793,International,4.72,partner3793@courier.example.com,Priority,Yes
PART3794,Courier Partner 3794,Local,4.18,partner3794@courier.example.com,Premium,Yes
PART3795,Courier Partner 3795,National,4.45,partner3795@courier.example.com,Premium,Yes
PART3796,Courier Partner 3796,Local,3.16,partner3796@courier.example.com,Basic,Yes
PART3797,Courier Partner 3797,Local,4.53,partner3797@courier.example.com,Premium,Yes
PART3798,Courier Partner 3798,Local,3.62,partner3798@courier.example.com,Premium,Yes
PART3799,Courier Partner 3799,Local,4.61,partner3799@courier.example.com,Premium,Yes
PART3800,Courier Partner 3800,Local,4.02,partner3800@courier.example.com,Basic,Yes
PART3801,Courier Partner 3801,Local,3.55,partner3801@courier.example.com,Priority,Yes
PART3802,Courier Partner 3802,National,4.91,partner3802@courier.example.com,Basic,Yes
PART3803,Courier Partner 3803,Local,4.53,partner3803@courier.example.com,Basic,Yes
PART3804,Courier Partner 3804,National,4.97,partner3804@courier.example.com,Priority,Yes
PART3805,Courier Partner 3805,Local,3.73,partner3805@courier.example.com,Premium,Yes
PART3806,Courier Partner 3806,Local,4.3,partner3806@courier.example.com,Basic,Yes
PART3807,Courier Partner 3807,Local,4.22,partner3807@courier.example.com,Priority,Yes
PART3808,Courier Partner 3808,Local,4.38,partner3808@courier.example.com,Basic,Yes
PART3809,Courier Partner 3809,Local,3.08,partner3809@courier.example.com,Basic,Yes
PART3810,Courier Partner 3810,National,3.58,partner3810@courier.example.com,Premium,Yes
PART3811,Courier Partner 3811,National,4.82,partner3811@courier.example.com,Basic,Yes
PART3812,Courier Partner 3812,Local,3.85,partner3812@courier.example.com,Priority,No
PART3813,Courier Partner 3813,Local,4.92,partner3813@courier.example.com,Premium,Yes
PART3814,Courier Partner 3814,National,3.43,partner3814@courier.example.com,Basic,Yes
PART3815,Courier Partner 3815,Local,4.99,partner3815@courier.example.com,Priority,Yes
PART3816,Courier Partner 3816,Local,4.4,partner3816@courier.example.com,Basic,Yes
PART3817,Courier Partner 3817,National,4.55,partner3817@courier.example.com,Premium,Yes
PART3818,Courier Partner 3818,National,3.79,partner3818@courier.example.com,Priority,Yes
PART3819,Courier Partner 3819,National,4.81,partner3819@courier.example.com,Priority,Yes
PART3820,Courier Partner 3820,National,4.09,partner3820@courier.example.com,Basic,Yes
PART3821,Courier Partner 3821,Local,4.36,partner3821@courier.example.com,Basic,Yes
PART3822,Courier Partner 3822,Local,3.19,partner3822@courier.example.com,Basic,Yes
PART3823,Courier Partner 3823,Local,4.26,partner3823@courier.example.com,Premium,Yes
PART3824,Courier Partner 3824,National,4.76,partner3824@courier.example.com,Premium,Yes
PART3825,Courier Partner 3825,National,3.36,partner3825@courier.example.com,Basic,Yes
PART3826,Courier Partner 3826,Local,4.48,partner3826@courier.example.com,Basic,Yes
PART3827,Courier Partner 3827,Local,3.05,partner3827@courier.example.com,Premium,Yes
PART3828,Courier Partner 3828,Local,4.85,partner3828@courier.example.com,Basic,Yes
PART3829,Courier Partner 3829,Local,4.97,partner3829@courier.example.com,Basic,Yes
PART3830,Courier Partner 3830,Local,3.71,partner3830@courier.example.com,Priority,Yes
PART3831,Courier Partner 3831,National,3.21,partner3831@courier.example.com,Basic,Yes
PART3832,Courier Partner 3832,International,4.32,partner3832@courier.example.com,Premium,Yes
PART3833,Courier Partner 3833,Local,3.06,partner3833@courier.example.com,Basic,Yes
PART3834,Courier Partner 3834,Local,3.96,partner3834@courier.example.com,Basic,Yes
PART3835,Courier Partner 3835,Local,3.54,partner3835@courier.example.com,Premium,Yes
PART3836,Courier Partner 3836,Local,3.95,partner3836@courier.example.com,Premium,Yes
PART3837,Courier Partner 3837,Local,3.04,partner3837@courier.example.com,Premium,Yes
PART3838,Courier Partner 3838,National,3.1,partner3838@courier.example.com,Basic,Yes
PART3839,Courier Partner 3839,Local,3.03,partner3839@courier.example.com,Premium,Yes
PART3840,Courier Partner 3840,International,4.24,partner3840@courier.example.com,Premium,Yes
PART3841,Courier Partner 3841,National,4.12,partner3841@courier.example.com,Basic,Yes
PART3842,Courier Partner 3842,National,3.47,partner3842@courier.example.com,Priority,Yes
PART3843,Courier Partner 3843,Local,4.29,partner3843@courier.example.com,Priority,Yes
PART3844,Courier Partner 3844,National,4.77,partner3844@courier.example.com,Priority,Yes
PART3845,Courier Partner 3845,National,3.55,partner3845@courier.example.com,Premium,Yes
PART3846,Courier Partner 3846,Local,4.66,partner3846@courier.example.com,Basic,Yes
PART3847,Courier Partner 3847,Local,4.33,partner3847@courier.example.com,Premium,Yes
PART3848,Courier Partner 3848,International,3.07,partner3848@courier.example.com,Premium,Yes
PART3849,Courier Partner 3849,Local,3.75,partner3849@courier.example.com,Basic,Yes
PART3850,Courier Partner 3850,Local,4.02,partner3850@courier.example.com,Premium,Yes
PART3851,Courier Partner 3851,Local,4.46,partner3851@courier.example.com,Basic,Yes
PART3852,Courier Partner 3852,Local,3.57,partner3852@courier.example.com,Basic,Yes
PART3853,Courier Partner 3853,Local,4.97,partner3853@courier.example.com,Basic,Yes
PART3854,Courier Partner 3854,Local,4.37,partner3854@courier.example.com,Priority,Yes
PART3855,Courier Partner 3855,National,3.75,partner3855@courier.example.com,Premium,Yes
PART3856,Courier Partner 3856,Local,3.19,partner3856@courier.example.com,Basic,Yes
PART3857,Courier Partner 3857,National,3.36,partner3857@courier.example.com,Premium,No
PART3858,Courier Partner 3858,National,3.98,partner3858@courier.example.com,Basic,Yes
PART3859,Courier Partner 3859,Local,3.99,partner3859@courier.example.com,Premium,Yes
PART3860,Courier Partner 3860,National,4.54,partner3860@courier.example.com,Priority,Yes
PART3861,Courier Partner 3861,National,4.45,partner3861@courier.example.com,Premium,Yes
PART3862,Courier Partner 3862,National,3.4,partner3862@courier.example.com,Premium,Yes
PART3863,Courier Partner 3863,National,4.19,partner3863@courier.example.com,Premium,Yes
PART3864,Courier Partner 3864,National,3.04,partner3864@courier.example.com,Premium,Yes
PART3865,Courier Partner 3865,Local,3.8,partner3865@courier.example.com,Premium,Yes
PART3866,Courier Partner 3866,National,4.53,partner3866@courier.example.com,Premium,Yes
PART3867,Courier Partner 3867,Local,3.8,partner3867@courier.example.com,Premium,Yes
PART3868,Courier Partner 3868,National,4.67,partner3868@courier.example.com,Priority,Yes
PART3869,Courier Partner 3869,Local,4.95,partner3869@courier.example.com,Premium,Yes
PART3870,Courier Partner 3870,National,4.21,partner3870@courier.example.com,Premium,Yes
PART3871,Courier Partner 3871,National,3.29,partner3871@courier.example.com,Premium,Yes
PART3872,Courier Partner 3872,National,3.76,partner3872@courier.example.com,Basic,Yes
PART3873,Courier Partner 3873,National,3.02,partner3873@courier.example.com,Basic,Yes
PART3874,Courier Partner 3874,National,4.21,partner3874@courier.example.com,Premium,Yes
PART3875,Courier Partner 3875,National,4.64,partner3875@courier.example.com,Premium,No
PART3876,Courier Partner 3876,Local,4.26,partner3876@courier.example.com,Premium,Yes
PART3877,Courier Partner 3877,National,4.57,partner3877@courier.example.com,Basic,Yes
PART3878,Courier Partner 3878,National,4.6,partner3878@courier.example.com,Basic,Yes
PART3879,Courier Partner 3879,National,4.7,partner3879@courier.example.com,Priority,Yes
PART3880,Courier Partner 3880,International,3.53,partner3880@courier.example.com,Basic,Yes
PART3881,Courier Partner 3881,Local,4.74,partner3881@courier.example.com,Basic,Yes
PART3882,Courier Partner 3882,Local,4.31,partner3882@courier.example.com,Basic,Yes
PART3883,Courier Partner 3883,National,3.58,partner3883@courier.example.com,Premium,Yes
PART3884,Courier Partner 3884,National,4.97,partner3884@courier.example.com,Premium,Yes
PART3885,Courier Partner 3885,Local,4.9,partner3885@courier.example.com,Priority,Yes
PART3886,Courier Partner 3886,National,4.15,partner3886@courier.example.com,Basic,Yes
PART3887,Courier Partner 3887,National,4.69,partner3887@courier.example.com,Priority,Yes
PART3888,Courier Partner 3888,National,3.52,partner3888@courier.example.com,Basic,Yes
PART3889,Courier Partner 3889,National,3.83,partner3889@courier.example.com,Basic,Yes
PART3890,Courier Partner 3890,Local,3.37,partner3890@courier.example.com,Premium,Yes
PART3891,Courier Partner 3891,National,4.04,partner3891@courier.example.com,Basic,Yes
PART3892,Courier Partner 3892,National,3.99,partner3892@courier.example.com,Basic,No
PART3893,Courier Partner 3893,Local,3.43,partner3893@courier.example.com,Basic,Yes
PART3894,Courier Partner 3894,Local,4.35,partner3894@courier.example.com,Basic,No
PART3895,Courier Partner 3895,Local,3.24,partner3895@courier.example.com,Priority,Yes
PART3896,Courier Partner 3896,National,3.12,partner3896@courier.example.com,Basic,Yes
PART3897,Courier Partner 3897,Local,3.77,partner3897@courier.example.com,Priority,Yes
PART3898,Courier Partner 3898,Local,3.82,partner3898@courier.example.com,Priority,Yes
PART3899,Courier Partner 3899,Local,3.64,partner3899@courier.example.com,Basic,Yes
PART3900,Courier Partner 3900,National,3.52,partner3900@courier.example.com,Premium,Yes
PART3901,Courier Partner 3901,National,3.68,partner3901@courier.example.com,Premium,No
PART3902,Courier Partner 3902,National,3.33,partner3902@courier.example.com,Premium,Yes
PART3903,Courier Partner 3903,Local,3.81,partner3903@courier.example.com,Priority,Yes
PART3904,Courier Partner 3904,National,4.81,partner3904@courier.example.com,Premium,Yes
PART3905,Courier Partner 3905,National,3.45,partner3905@courier.example.com,Basic,Yes
PART3906,Courier Partner 3906,Local,4.37,partner3906@courier.example.com,Premium,Yes
PART3907,Courier Partner 3907,Local,3.28,partner3907@courier.example.com,Priority,Yes
PART3908,Courier Partner 3908,National,3.71,partner3908@courier.example.com,Premium,Yes
PART3909,Courier Partner 3909,National,3.64,partner3909@courier.example.com,Priority,Yes
PART3910,Courier Partner 3910,National,4.87,partner3910@courier.example.com,Premium,Yes
PART3911,Courier Partner 3911,Local,3.86,partner3911@courier.example.com,Basic,Yes
PART3912,Courier Partner 3912,National,4.38,partner3912@courier.example.com,Priority,Yes
PART3913,Courier Partner 3913,National,4.2,partner3913@courier.example.com,Priority,Yes
PART3914,Courier Partner 3914,National,3.28,partner3914@courier.example.com,Basic,Yes
PART3915,Courier Partner 3915,International,4.88,partner3915@courier.example.com,Basic,Yes
PART3916,Courier Partner 3916,International,3.69,partner3916@courier.example.com,Premium,Yes
PART3917,Courier Partner 3917,National,3.09,partner3917@courier.example.com,Premium,Yes
PART3918,Courier Partner 3918,Local,3.6,partner3918@courier.example.com,Basic,Yes
PART3919,Courier Partner 3919,National,3.67,partner3919@courier.example.com,Basic,Yes
PART3920,Courier Partner 3920,Local,3.19,partner3920@courier.example.com,Premium,Yes
PART3921,Courier Partner 3921,National,4.24,partner3921@courier.example.com,Basic,Yes
PART3922,Courier Partner 3922,Local,3.69,partner3922@courier.example.com,Basic,Yes
PART3923,Courier Partner 3923,National,4.26,partner3923@courier.example.com,Premium,Yes
PART3924,Courier Partner 3924,Local,3.01,partner3924@courier.example.com,Priority,No
PART3925,Courier Partner 3925,National,4.96,partner3925@courier.example.com,Premium,No
PART3926,Courier Partner 3926,Local,3.34,partner3926@courier.example.com,Premium,Yes
PART3927,Courier Partner 3927,Local,4.32,partner3927@courier.example.com,Premium,Yes
PART3928,Courier Partner 3928,National,4.43,partner3928@courier.example.com,Premium,Yes
PART3929,Courier Partner 3929,National,3.34,partner3929@courier.example.com,Basic,Yes
PART3930,Courier Partner 3930,Local,3.22,partner3930@courier.example.com,Basic,No
PART3931,Courier Partner 3931,Local,3.31,partner3931@courier.example.com,Basic,Yes
PART3932,Courier Partner 3932,Local,3.49,partner3932@courier.example.com,Priority,Yes
PART3933,Courier Partner 3933,National,3.34,partner3933@courier.example.com,Premium,No
PART3934,Courier Partner 3934,International,4.35,partner3934@courier.example.com,Premium,Yes
PART3935,Courier Partner 3935,National,3.84,partner3935@courier.example.com,Priority,Yes
PART3936,Courier Partner 3936,Local,4.08,partner3936@courier.example.com,Priority,Yes
PART3937,Courier Partner 3937,Local,3.09,partner3937@courier.example.com,Priority,Yes
PART3938,Courier Partner 3938,International,4.72,partner3938@courier.example.com,Basic,Yes
PART3939,Courier Partner 3939,Local,3.34,partner3939@courier.example.com,Premium,Yes
PART3940,Courier Partner 3940,National,3.72,partner3940@courier.example.com,Premium,Yes
PART3941,Courier Partner 3941,Local,3.14,partner3941@courier.example.com,Premium,Yes
PART3942,Courier Partner 3942,National,3.27,partner3942@courier.example.com,Basic,Yes
PART3943,Courier Partner 3943,National,4.33,partner3943@courier.example.com,Premium,Yes
PART3944,Courier Partner 3944,Local,4.39,partner3944@courier.example.com,Basic,Yes
PART3945,Courier Partner 3945,National,4.35,partner3945@courier.example.com,Premium,Yes
PART3946,Courier Partner 3946,National,4.1,partner3946@courier.example.com,Premium,Yes
PART3947,Courier Partner 3947,Local,4.91,partner3947@courier.example.com,Basic,Yes
PART3948,Courier Partner 3948,Local,4.01,partner3948@courier.example.com,Basic,Yes
PART3949,Courier Partner 3949,National,3.9,partner3949@courier.example.com,Premium,Yes
PART3950,Courier Partner 3950,Local,3.5,partner3950@courier.example.com,Premium,Yes
PART3951,Courier Partner 3951,National,3.2,partner3951@courier.example.com,Premium,Yes
PART3952,Courier Partner 3952,Local,4.1,partner3952@courier.example.com,Premium,Yes
PART3953,Courier Partner 3953,Local,3.63,partner3953@courier.example.com,Priority,Yes
PART3954,Courier Partner 3954,Local,4.05,partner3954@courier.example.com,Basic,Yes
PART3955,Courier Partner 3955,Local,3.41,partner3955@courier.example.com,Premium,Yes
PART3956,Courier Partner 3956,National,4.68,partner3956@courier.example.com,Premium,Yes
PART3957,Courier Partner 3957,Local,5.0,partner3957@courier.example.com,Priority,Yes
PART3958,Courier Partner 3958,National,3.64,partner3958@courier.example.com,Basic,Yes
PART3959,Courier Partner 3959,International,4.68,partner3959@courier.example.com,Basic,Yes
PART3960,Courier Partner 3960,National,4.75,partner3960@courier.example.com,Basic,Yes
PART3961,Courier Partner 3961,Local,4.99,partner3961@courier.example.com,Priority,Yes
PART3962,Courier Partner 3962,International,3.69,partner3962@courier.example.com,Premium,No
PART3963,Courier Partner 3963,Local,4.51,partner3963@courier.example.com,Basic,Yes
PART3964,Courier Partner 3964,National,3.46,partner3964@courier.example.com,Basic,Yes
PART3965,Courier Partner 3965,Local,4.25,partner3965@courier.example.com,Basic,Yes
PART3966,Courier Partner 3966,Local,4.41,partner3966@courier.example.com,Premium,Yes
PART3967,Courier Partner 3967,National,4.48,partner3967@courier.example.com,Premium,Yes
PART3968,Courier Partner 3968,Local,3.41,partner3968@courier.example.com,Premium,Yes
PART3969,Courier Partner 3969,National,4.7,partner3969@courier.example.com,Basic,Yes
PART3970,Courier Partner 3970,Local,3.84,partner3970@courier.example.com,Basic,Yes
PART3971,Courier Partner 3971,National,3.43,partner3971@courier.example.com,Premium,Yes
PART3972,Courier Partner 3972,National,4.09,partner3972@courier.example.com,Basic,Yes
PART3973,Courier Partner 3973,Local,4.73,partner3973@courier.example.com,Priority,Yes
PART3974,Courier Partner 3974,National,4.93,partner3974@courier.example.com,Basic,Yes
PART3975,Courier Partner 3975,National,4.5,partner3975@courier.example.com,Basic,Yes
PART3976,Courier Partner 3976,National,3.01,partner3976@courier.example.com,Premium,Yes
PART3977,Courier Partner 3977,National,3.27,partner3977@courier.example.com,Priority,Yes
PART3978,Courier Partner 3978,National,3.15,partner3978@courier.example.com,Basic,Yes
PART3979,Courier Partner 3979,Local,3.2,partner3979@courier.example.com,Premium,Yes
PART3980,Courier Partner 3980,National,3.77,partner3980@courier.example.com,Premium,Yes
PART3981,Courier Partner 3981,National,3.68,partner3981@courier.example.com,Basic,Yes
PART3982,Courier Partner 3982,Local,3.23,partner3982@courier.example.com,Basic,Yes
PART3983,Courier Partner 3983,National,4.76,partner3983@courier.example.com,Priority,Yes
PART3984,Courier Partner 3984,Local,4.23,partner3984@courier.example.com,Basic,No
PART3985,Courier Partner 3985,Local,4.59,partner3985@courier.example.com,Premium,Yes
PART3986,Courier Partner 3986,Local,3.74,partner3986@courier.example.com,Priority,Yes
PART3987,Courier Partner 3987,Local,3.82,partner3987@courier.example.com,Basic,Yes
PART3988,Courier Partner 3988,Local,3.64,partner3988@courier.example.com,Basic,Yes
PART3989,Courier Partner 3989,International,3.88,partner3989@courier.example.com,Basic,Yes
PART3990,Courier Partner 3990,Local,4.22,partner3990@courier.example.com,Basic,Yes
PART3991,Courier Partner 3991,National,3.99,partner3991@courier.example.com,Basic,Yes
PART3992,Courier Partner 3992,Local,4.68,partner3992@courier.example.com,Premium,Yes
PART3993,Courier Partner 3993,National,4.8,partner3993@courier.example.com,Premium,Yes
PART3994,Courier Partner 3994,International,3.94,partner3994@courier.example.com,Premium,Yes
PART3995,Courier Partner 3995,Local,3.48,partner3995@courier.example.com,Priority,Yes
PART3996,Courier Partner 3996,National,4.89,partner3996@courier.example.com,Basic,Yes
PART3997,Courier Partner 3997,International,4.47,partner3997@courier.example.com,Basic,Yes
PART3998,Courier Partner 3998,National,4.28,partner3998@courier.example.com,Basic,No
PART3999,Courier Partner 3999,Local,4.49,partner3999@courier.example.com,Basic,Yes
PART4000,Courier Partner 4000,National,3.15,partner4000@courier.example.com,Basic,Yes
PART4001,Courier Partner 4001,National,3.14,partner4001@courier.example.com,Premium,Yes
PART4002,Courier Partner 4002,Local,3.31,partner4002@courier.example.com,Premium,Yes
PART4003,Courier Partner 4003,National,3.29,partner4003@courier.example.com,Priority,Yes
PART4004,Courier Partner 4004,Local,3.84,partner4004@courier.example.com,Basic,No
PART4005,Courier Partner 4005,Local,3.31,partner4005@courier.example.com,Premium,Yes
PART4006,Courier Partner 4006,National,4.71,partner4006@courier.example.com,Premium,Yes
PART4007,Courier Partner 4007,Local,4.16,partner4007@courier.example.com,Basic,No
PART4008,Courier Partner 4008,Local,3.74,partner4008@courier.example.com,Basic,Yes
PART4009,Courier Partner 4009,National,3.14,partner4009@courier.example.com,Priority,Yes
PART4010,Courier Partner 4010,Local,4.18,partner4010@courier.example.com,Premium,Yes
PART4011,Courier Partner 4011,Local,3.23,partner4011@courier.example.com,Priority,Yes
PART4012,Courier Partner 4012,National,4.49,partner4012@courier.example.com,Premium,Yes
PART4013,Courier Partner 4013,Local,4.61,partner4013@courier.example.com,Basic,Yes
PART4014,Courier Partner 4014,Local,4.09,partner4014@courier.example.com,Basic,Yes
PART4015,Courier Partner 4015,Local,3.3,partner4015@courier.example.com,Priority,Yes
PART4016,Courier Partner 4016,National,4.57,partner4016@courier.example.com,Basic,No
PART4017,Courier Partner 4017,National,3.62,partner4017@courier.example.com,Basic,Yes
PART4018,Courier Partner 4018,National,3.45,partner4018@courier.example.com,Premium,Yes
PART4019,Courier Partner 4019,Local,3.94,partner4019@courier.example.com,Basic,Yes
PART4020,Courier Partner 4020,National,4.85,partner4020@courier.example.com,Basic,Yes
PART4021,Courier Partner 4021,National,3.59,partner4021@courier.example.com,Premium,Yes
PART4022,Courier Partner 4022,Local,4.81,partner4022@courier.example.com,Basic,No
PART4023,Courier Partner 4023,International,3.11,partner4023@courier.example.com,Basic,Yes
PART4024,Courier Partner 4024,International,3.17,partner4024@courier.example.com,Basic,Yes
PART4025,Courier Partner 4025,Local,4.4,partner4025@courier.example.com,Premium,Yes
PART4026,Courier Partner 4026,Local,3.38,partner4026@courier.example.com,Basic,Yes
PART4027,Courier Partner 4027,Local,3.63,partner4027@courier.example.com,Basic,Yes
PART4028,Courier Partner 4028,Local,3.27,partner4028@courier.example.com,Premium,Yes
PART4029,Courier Partner 4029,International,3.66,partner4029@courier.example.com,Basic,Yes
PART4030,Courier Partner 4030,International,3.56,partner4030@courier.example.com,Basic,Yes
PART4031,Courier Partner 4031,Local,4.47,partner4031@courier.example.com,Premium,Yes
PART4032,Courier Partner 4032,National,4.4,partner4032@courier.example.com,Basic,No
PART4033,Courier Partner 4033,National,4.91,partner4033@courier.example.com,Basic,Yes
PART4034,Courier Partner 4034,Local,4.45,partner4034@courier.example.com,Premium,Yes
PART4035,Courier Partner 4035,National,4.39,partner4035@courier.example.com,Premium,Yes
PART4036,Courier Partner 4036,International,4.39,partner4036@courier.example.com,Premium,Yes
PART4037,Courier Partner 4037,Local,4.77,partner4037@courier.example.com,Premium,No
PART4038,Courier Partner 4038,Local,3.59,partner4038@courier.example.com,Premium,Yes
PART4039,Courier Partner 4039,Local,3.6,partner4039@courier.example.com,Premium,Yes
PART4040,Courier Partner 4040,Local,4.48,partner4040@courier.example.com,Basic,Yes
PART4041,Courier Partner 4041,Local,3.46,partner4041@courier.example.com,Basic,Yes
PART4042,Courier Partner 4042,Local,4.82,partner4042@courier.example.com,Premium,Yes
PART4043,Courier Partner 4043,National,4.07,partner4043@courier.example.com,Basic,No
PART4044,Courier Partner 4044,National,3.6,partner4044@courier.example.com,Premium,Yes
PART4045,Courier Partner 4045,Local,4.55,partner4045@courier.example.com,Basic,Yes
PART4046,Courier Partner 4046,Local,3.62,partner4046@courier.example.com,Basic,Yes
PART4047,Courier Partner 4047,National,4.93,partner4047@courier.example.com,Priority,Yes
PART4048,Courier Partner 4048,National,4.97,partner4048@courier.example.com,Basic,Yes
PART4049,Courier Partner 4049,Local,4.33,partner4049@courier.example.com,Premium,Yes
PART4050,Courier Partner 4050,Local,3.23,partner4050@courier.example.com,Basic,Yes
PART4051,Courier Partner 4051,National,3.53,partner4051@courier.example.com,Basic,Yes
PART4052,Courier Partner 4052,Local,4.03,partner4052@courier.example.com,Basic,Yes
PART4053,Courier Partner 4053,Local,4.7,partner4053@courier.example.com,Basic,Yes
PART4054,Courier Partner 4054,Local,3.37,partner4054@courier.example.com,Priority,Yes
PART4055,Courier Partner 4055,Local,3.21,partner4055@courier.example.com,Priority,Yes
PART4056,Courier Partner 4056,Local,3.15,partner4056@courier.example.com,Premium,Yes
PART4057,Courier Partner 4057,Local,4.01,partner4057@courier.example.com,Priority,Yes
PART4058,Courier Partner 4058,National,4.77,partner4058@courier.example.com,Premium,Yes
PART4059,Courier Partner 4059,National,3.08,partner4059@courier.example.com,Basic,Yes
PART4060,Courier Partner 4060,International,3.42,partner4060@courier.example.com,Basic,No
PART4061,Courier Partner 4061,Local,4.39,partner4061@courier.example.com,Premium,Yes
PART4062,Courier Partner 4062,Local,4.65,partner4062@courier.example.com,Basic,Yes
PART4063,Courier Partner 4063,National,4.61,partner4063@courier.example.com,Basic,Yes
PART4064,Courier Partner 4064,National,4.57,partner4064@courier.example.com,Premium,Yes
PART4065,Courier Partner 4065,Local,3.26,partner4065@courier.example.com,Basic,Yes
PART4066,Courier Partner 4066,Local,3.79,partner4066@courier.example.com,Basic,Yes
PART4067,Courier Partner 4067,Local,4.97,partner4067@courier.example.com,Basic,Yes
PART4068,Courier Partner 4068,Local,4.98,partner4068@courier.example.com,Premium,Yes
PART4069,Courier Partner 4069,Local,4.2,partner4069@courier.example.com,Basic,Yes
PART4070,Courier Partner 4070,International,4.42,partner4070@courier.example.com,Premium,Yes
PART4071,Courier Partner 4071,Local,4.9,partner4071@courier.example.com,Basic,Yes
PART4072,Courier Partner 4072,International,3.9,partner4072@courier.example.com,Premium,Yes
PART4073,Courier Partner 4073,National,3.27,partner4073@courier.example.com,Basic,Yes
PART4074,Courier Partner 4074,Local,4.34,partner4074@courier.example.com,Priority,Yes
PART4075,Courier Partner 4075,National,4.92,partner4075@courier.example.com,Premium,Yes
PART4076,Courier Partner 4076,National,4.39,partner4076@courier.example.com,Premium,Yes
PART4077,Courier Partner 4077,Local,4.61,partner4077@courier.example.com,Premium,Yes
PART4078,Courier Partner 4078,Local,3.85,partner4078@courier.example.com,Premium,Yes
PART4079,Courier Partner 4079,National,3.19,partner4079@courier.example.com,Basic,Yes
PART4080,Courier Partner 4080,National,3.34,partner4080@courier.example.com,Premium,Yes
PART4081,Courier Partner 4081,National,4.97,partner4081@courier.example.com,Premium,Yes
PART4082,Courier Partner 4082,National,3.99,partner4082@courier.example.com,Premium,Yes
PART4083,Courier Partner 4083,Local,3.02,partner4083@courier.example.com,Basic,Yes
PART4084,Courier Partner 4084,National,4.91,partner4084@courier.example.com,Basic,Yes
PART4085,Courier Partner 4085,Local,4.0,partner4085@courier.example.com,Basic,Yes
PART4086,Courier Partner 4086,National,4.67,partner4086@courier.example.com,Basic,Yes
PART4087,Courier Partner 4087,National,4.1,partner4087@courier.example.com,Priority,No
PART4088,Courier Partner 4088,National,3.2,partner4088@courier.example.com,Basic,Yes
PART4089,Courier Partner 4089,National,4.23,partner4089@courier.example.com,Basic,Yes
PART4090,Courier Partner 4090,National,4.99,partner4090@courier.example.com,Premium,Yes
PART4091,Courier Partner 4091,National,3.07,partner4091@courier.example.com,Premium,Yes
PART4092,Courier Partner 4092,National,4.68,partner4092@courier.example.com,Premium,Yes
PART4093,Courier Partner 4093,Local,3.47,partner4093@courier.example.com,Basic,Yes
PART4094,Courier Partner 4094,International,3.79,partner4094@courier.example.com,Basic,Yes
PART4095,Courier Partner 4095,Local,3.75,partner4095@courier.example.com,Basic,Yes
PART4096,Courier Partner 4096,Local,4.8,partner4096@courier.example.com,Basic,Yes
PART4097,Courier Partner 4097,Local,4.01,partner4097@courier.example.com,Basic,Yes
PART4098,Courier Partner 4098,Local,3.89,partner4098@courier.example.com,Basic,Yes
PART4099,Courier Partner 4099,National,4.64,partner4099@courier.example.com,Priority,Yes
PART4100,Courier Partner 4100,Local,3.1,partner4100@courier.example.com,Basic,Yes
PART4101,Courier Partner 4101,National,3.17,partner4101@courier.example.com,Basic,Yes
PART4102,Courier Partner 4102,Local,3.04,partner4102@courier.example.com,Priority,Yes
PART4103,Courier Partner 4103,Local,4.38,partner4103@courier.example.com,Premium,Yes
PART4104,Courier Partner 4104,Local,4.05,partner4104@courier.example.com,Basic,Yes
PART4105,Courier Partner 4105,National,4.75,partner4105@courier.example.com,Basic,No
PART4106,Courier Partner 4106,National,4.0,partner4106@courier.example.com,Priority,Yes
PART4107,Courier Partner 4107,National,3.44,partner4107@courier.example.com,Basic,Yes
PART4108,Courier Partner 4108,Local,4.61,partner4108@courier.example.com,Premium,Yes
PART4109,Courier Partner 4109,International,3.59,partner4109@courier.example.com,Priority,Yes
PART4110,Courier Partner 4110,Local,4.87,partner4110@courier.example.com,Basic,Yes
PART4111,Courier Partner 4111,National,3.5,partner4111@courier.example.com,Premium,Yes
PART4112,Courier Partner 4112,Local,3.34,partner4112@courier.example.com,Priority,Yes
PART4113,Courier Partner 4113,Local,3.99,partner4113@courier.example.com,Premium,Yes
PART4114,Courier Partner 4114,Local,3.1,partner4114@courier.example.com,Basic,Yes
PART4115,Courier Partner 4115,Local,3.07,partner4115@courier.example.com,Priority,No
PART4116,Courier Partner 4116,National,3.99,partner4116@courier.example.com,Premium,Yes
PART4117,Courier Partner 4117,National,3.43,partner4117@courier.example.com,Premium,Yes
PART4118,Courier Partner 4118,National,3.02,partner4118@courier.example.com,Premium,Yes
PART4119,Courier Partner 4119,National,3.59,partner4119@courier.example.com,Basic,Yes
PART4120,Courier Partner 4120,National,3.95,partner4120@courier.example.com,Basic,Yes
PART4121,Courier Partner 4121,National,3.79,partner4121@courier.example.com,Basic,Yes
PART4122,Courier Partner 4122,International,3.27,partner4122@courier.example.com,Basic,Yes
PART4123,Courier Partner 4123,Local,4.16,partner4123@courier.example.com,Basic,Yes
PART4124,Courier Partner 4124,Local,4.42,partner4124@courier.example.com,Basic,Yes
PART4125,Courier Partner 4125,National,4.35,partner4125@courier.example.com,Basic,Yes
PART4126,Courier Partner 4126,International,3.79,partner4126@courier.example.com,Priority,Yes
PART4127,Courier Partner 4127,International,3.28,partner4127@courier.example.com,Premium,Yes
PART4128,Courier Partner 4128,National,4.0,partner4128@courier.example.com,Premium,Yes
PART4129,Courier Partner 4129,Local,4.78,partner4129@courier.example.com,Premium,Yes
PART4130,Courier Partner 4130,Local,3.94,partner4130@courier.example.com,Basic,Yes
PART4131,Courier Partner 4131,International,3.39,partner4131@courier.example.com,Premium,Yes
PART4132,Courier Partner 4132,Local,3.19,partner4132@courier.example.com,Premium,Yes
PART4133,Courier Partner 4133,Local,4.89,partner4133@courier.example.com,Premium,Yes
PART4134,Courier Partner 4134,International,4.49,partner4134@courier.example.com,Basic,Yes
PART4135,Courier Partner 4135,Local,3.63,partner4135@courier.example.com,Premium,No
PART4136,Courier Partner 4136,National,3.59,partner4136@courier.example.com,Premium,No
PART4137,Courier Partner 4137,National,4.79,partner4137@courier.example.com,Premium,Yes
PART4138,Courier Partner 4138,Local,3.36,partner4138@courier.example.com,Basic,Yes
PART4139,Courier Partner 4139,Local,4.07,partner4139@courier.example.com,Premium,Yes
PART4140,Courier Partner 4140,Local,4.43,partner4140@courier.example.com,Premium,Yes
PART4141,Courier Partner 4141,National,3.79,partner4141@courier.example.com,Premium,Yes
PART4142,Courier Partner 4142,National,3.08,partner4142@courier.example.com,Premium,Yes
PART4143,Courier Partner 4143,Local,3.46,partner4143@courier.example.com,Basic,Yes
PART4144,Courier Partner 4144,International,4.8,partner4144@courier.example.com,Basic,Yes
PART4145,Courier Partner 4145,Local,4.05,partner4145@courier.example.com,Basic,Yes
PART4146,Courier Partner 4146,Local,4.63,partner4146@courier.example.com,Basic,Yes
PART4147,Courier Partner 4147,Local,4.11,partner4147@courier.example.com,Basic,Yes
PART4148,Courier Partner 4148,Local,4.89,partner4148@courier.example.com,Basic,Yes
PART4149,Courier Partner 4149,International,4.82,partner4149@courier.example.com,Basic,Yes
PART4150,Courier Partner 4150,Local,3.97,partner4150@courier.example.com,Premium,Yes
PART4151,Courier Partner 4151,Local,3.64,partner4151@courier.example.com,Premium,Yes
PART4152,Courier Partner 4152,National,4.2,partner4152@courier.example.com,Basic,Yes
PART4153,Courier Partner 4153,National,4.35,partner4153@courier.example.com,Basic,Yes
PART4154,Courier Partner 4154,Local,4.0,partner4154@courier.example.com,Premium,Yes
PART4155,Courier Partner 4155,National,4.64,partner4155@courier.example.com,Premium,Yes
PART4156,Courier Partner 4156,National,3.37,partner4156@courier.example.com,Basic,Yes
PART4157,Courier Partner 4157,Local,3.67,partner4157@courier.example.com,Premium,Yes
PART4158,Courier Partner 4158,National,4.37,partner4158@courier.example.com,Basic,Yes
PART4159,Courier Partner 4159,International,3.49,partner4159@courier.example.com,Premium,Yes
PART4160,Courier Partner 4160,National,3.88,partner4160@courier.example.com,Priority,Yes
PART4161,Courier Partner 4161,National,4.93,partner4161@courier.example.com,Basic,Yes
PART4162,Courier Partner 4162,International,4.25,partner4162@courier.example.com,Priority,Yes
PART4163,Courier Partner 4163,National,4.9,partner4163@courier.example.com,Basic,Yes
PART4164,Courier Partner 4164,Local,4.44,partner4164@courier.example.com,Premium,Yes
PART4165,Courier Partner 4165,Local,4.45,partner4165@courier.example.com,Premium,No
PART4166,Courier Partner 4166,National,4.18,partner4166@courier.example.com,Premium,Yes
PART4167,Courier Partner 4167,Local,3.28,partner4167@courier.example.com,Basic,Yes
PART4168,Courier Partner 4168,International,4.04,partner4168@courier.example.com,Premium,Yes
PART4169,Courier Partner 4169,Local,3.51,partner4169@courier.example.com,Premium,Yes
PART4170,Courier Partner 4170,National,5.0,partner4170@courier.example.com,Premium,Yes
PART4171,Courier Partner 4171,National,3.53,partner4171@courier.example.com,Basic,Yes
PART4172,Courier Partner 4172,National,3.46,partner4172@courier.example.com,Basic,Yes
PART4173,Courier Partner 4173,Local,4.25,partner4173@courier.example.com,Premium,Yes
PART4174,Courier Partner 4174,Local,4.02,partner4174@courier.example.com,Priority,Yes
PART4175,Courier Partner 4175,National,3.04,partner4175@courier.example.com,Basic,Yes
PART4176,Courier Partner 4176,National,3.26,partner4176@courier.example.com,Premium,Yes
PART4177,Courier Partner 4177,National,4.62,partner4177@courier.example.com,Basic,Yes
PART4178,Courier Partner 4178,Local,3.97,partner4178@courier.example.com,Basic,Yes
PART4179,Courier Partner 4179,Local,3.29,partner4179@courier.example.com,Basic,Yes
PART4180,Courier Partner 4180,National,3.93,partner4180@courier.example.com,Premium,Yes
PART4181,Courier Partner 4181,International,3.51,partner4181@courier.example.com,Priority,Yes
PART4182,Courier Partner 4182,Local,3.45,partner4182@courier.example.com,Premium,Yes
PART4183,Courier Partner 4183,National,4.92,partner4183@courier.example.com,Basic,Yes
PART4184,Courier Partner 4184,Local,3.72,partner4184@courier.example.com,Premium,Yes
PART4185,Courier Partner 4185,National,3.09,partner4185@courier.example.com,Basic,Yes
PART4186,Courier Partner 4186,National,4.94,partner4186@courier.example.com,Basic,Yes
PART4187,Courier Partner 4187,Local,4.59,partner4187@courier.example.com,Basic,Yes
PART4188,Courier Partner 4188,National,3.51,partner4188@courier.example.com,Basic,Yes
PART4189,Courier Partner 4189,Local,3.82,partner4189@courier.example.com,Premium,Yes
PART4190,Courier Partner 4190,Local,4.72,partner4190@courier.example.com,Premium,Yes
PART4191,Courier Partner 4191,National,3.71,partner4191@courier.example.com,Priority,Yes
PART4192,Courier Partner 4192,Local,4.13,partner4192@courier.example.com,Basic,Yes
PART4193,Courier Partner 4193,National,4.07,partner4193@courier.example.com,Basic,Yes
PART4194,Courier Partner 4194,Local,3.8,partner4194@courier.example.com,Basic,Yes
PART4195,Courier Partner 4195,National,4.28,partner4195@courier.example.com,Basic,Yes
PART4196,Courier Partner 4196,Local,3.95,partner4196@courier.example.com,Priority,Yes
PART4197,Courier Partner 4197,National,3.04,partner4197@courier.example.com,Basic,Yes
PART4198,Courier Partner 4198,National,4.63,partner4198@courier.example.com,Priority,Yes
PART4199,Courier Partner 4199,International,3.23,partner4199@courier.example.com,Basic,Yes
PART4200,Courier Partner 4200,International,3.93,partner4200@courier.example.com,Basic,Yes
PART4201,Courier Partner 4201,Local,4.16,partner4201@courier.example.com,Basic,Yes
PART4202,Courier Partner 4202,Local,4.41,partner4202@courier.example.com,Priority,Yes
PART4203,Courier Partner 4203,National,3.82,partner4203@courier.example.com,Basic,Yes
PART4204,Courier Partner 4204,National,4.47,partner4204@courier.example.com,Priority,Yes
PART4205,Courier Partner 4205,Local,3.26,partner4205@courier.example.com,Basic,Yes
PART4206,Courier Partner 4206,Local,4.31,partner4206@courier.example.com,Basic,Yes
PART4207,Courier Partner 4207,National,4.65,partner4207@courier.example.com,Premium,Yes
PART4208,Courier Partner 4208,International,4.78,partner4208@courier.example.com,Basic,Yes
PART4209,Courier Partner 4209,International,4.16,partner4209@courier.example.com,Basic,Yes
PART4210,Courier Partner 4210,Local,3.63,partner4210@courier.example.com,Premium,Yes
PART4211,Courier Partner 4211,Local,3.33,partner4211@courier.example.com,Basic,Yes
PART4212,Courier Partner 4212,Local,3.69,partner4212@courier.example.com,Premium,Yes
PART4213,Courier Partner 4213,National,4.08,partner4213@courier.example.com,Basic,Yes
PART4214,Courier Partner 4214,National,3.39,partner4214@courier.example.com,Basic,Yes
PART4215,Courier Partner 4215,National,4.91,partner4215@courier.example.com,Basic,Yes
PART4216,Courier Partner 4216,National,4.79,partner4216@courier.example.com,Premium,Yes
PART4217,Courier Partner 4217,Local,3.07,partner4217@courier.example.com,Premium,Yes
PART4218,Courier Partner 4218,Local,4.12,partner4218@courier.example.com,Premium,Yes
PART4219,Courier Partner 4219,International,4.58,partner4219@courier.example.com,Premium,Yes
PART4220,Courier Partner 4220,Local,3.49,partner4220@courier.example.com,Basic,Yes
PART4221,Courier Partner 4221,Local,4.05,partner4221@courier.example.com,Basic,Yes
PART4222,Courier Partner 4222,National,3.81,partner4222@courier.example.com,Basic,Yes
PART4223,Courier Partner 4223,National,3.39,partner4223@courier.example.com,Premium,Yes
PART4224,Courier Partner 4224,International,4.23,partner4224@courier.example.com,Premium,Yes
PART4225,Courier Partner 4225,Local,4.99,partner4225@courier.example.com,Basic,Yes
PART4226,Courier Partner 4226,National,3.73,partner4226@courier.example.com,Basic,Yes
PART4227,Courier Partner 4227,National,4.1,partner4227@courier.example.com,Premium,Yes
PART4228,Courier Partner 4228,International,3.66,partner4228@courier.example.com,Priority,Yes
PART4229,Courier Partner 4229,National,4.75,partner4229@courier.example.com,Premium,Yes
PART4230,Courier Partner 4230,National,4.73,partner4230@courier.example.com,Basic,Yes
PART4231,Courier Partner 4231,Local,3.36,partner4231@courier.example.com,Premium,Yes
PART4232,Courier Partner 4232,National,4.8,partner4232@courier.example.com,Premium,Yes
PART4233,Courier Partner 4233,Local,3.3,partner4233@courier.example.com,Basic,Yes
PART4234,Courier Partner 4234,Local,3.19,partner4234@courier.example.com,Premium,Yes
PART4235,Courier Partner 4235,Local,4.31,partner4235@courier.example.com,Basic,Yes
PART4236,Courier Partner 4236,National,3.77,partner4236@courier.example.com,Basic,Yes
PART4237,Courier Partner 4237,Local,4.06,partner4237@courier.example.com,Priority,Yes
PART4238,Courier Partner 4238,National,4.31,partner4238@courier.example.com,Priority,Yes
PART4239,Courier Partner 4239,National,3.11,partner4239@courier.example.com,Basic,Yes
PART4240,Courier Partner 4240,Local,3.59,partner4240@courier.example.com,Basic,Yes
PART4241,Courier Partner 4241,National,3.92,partner4241@courier.example.com,Premium,Yes
PART4242,Courier Partner 4242,Local,3.53,partner4242@courier.example.com,Basic,Yes
PART4243,Courier Partner 4243,Local,3.1,partner4243@courier.example.com,Basic,Yes
PART4244,Courier Partner 4244,National,3.17,partner4244@courier.example.com,Basic,Yes
PART4245,Courier Partner 4245,National,4.6,partner4245@courier.example.com,Premium,Yes
PART4246,Courier Partner 4246,National,4.82,partner4246@courier.example.com,Basic,Yes
PART4247,Courier Partner 4247,National,3.3,partner4247@courier.example.com,Premium,Yes
PART4248,Courier Partner 4248,National,3.5,partner4248@courier.example.com,Basic,Yes
PART4249,Courier Partner 4249,Local,4.3,partner4249@courier.example.com,Priority,Yes
PART4250,Courier Partner 4250,National,4.91,partner4250@courier.example.com,Priority,Yes
PART4251,Courier Partner 4251,National,3.6,partner4251@courier.example.com,Premium,Yes
PART4252,Courier Partner 4252,Local,4.71,partner4252@courier.example.com,Premium,Yes
PART4253,Courier Partner 4253,National,4.01,partner4253@courier.example.com,Basic,Yes
PART4254,Courier Partner 4254,National,4.91,partner4254@courier.example.com,Premium,Yes
PART4255,Courier Partner 4255,Local,3.27,partner4255@courier.example.com,Priority,Yes
PART4256,Courier Partner 4256,International,4.95,partner4256@courier.example.com,Basic,Yes
PART4257,Courier Partner 4257,Local,3.88,partner4257@courier.example.com,Premium,Yes
PART4258,Courier Partner 4258,International,4.91,partner4258@courier.example.com,Basic,Yes
PART4259,Courier Partner 4259,Local,3.92,partner4259@courier.example.com,Basic,Yes
PART4260,Courier Partner 4260,National,4.06,partner4260@courier.example.com,Basic,Yes
PART4261,Courier Partner 4261,National,4.61,partner4261@courier.example.com,Priority,Yes
PART4262,Courier Partner 4262,National,4.45,partner4262@courier.example.com,Basic,Yes
PART4263,Courier Partner 4263,Local,4.24,partner4263@courier.example.com,Premium,Yes
PART4264,Courier Partner 4264,Local,3.83,partner4264@courier.example.com,Priority,Yes
PART4265,Courier Partner 4265,Local,4.58,partner4265@courier.example.com,Premium,Yes
PART4266,Courier Partner 4266,National,4.9,partner4266@courier.example.com,Priority,Yes
PART4267,Courier Partner 4267,Local,3.02,partner4267@courier.example.com,Basic,Yes
PART4268,Courier Partner 4268,National,4.18,partner4268@courier.example.com,Priority,Yes
PART4269,Courier Partner 4269,National,4.73,partner4269@courier.example.com,Basic,Yes
PART4270,Courier Partner 4270,International,4.31,partner4270@courier.example.com,Priority,Yes
PART4271,Courier Partner 4271,Local,4.6,partner4271@courier.example.com,Basic,Yes
PART4272,Courier Partner 4272,National,4.79,partner4272@courier.example.com,Basic,Yes
PART4273,Courier Partner 4273,Local,4.5,partner4273@courier.example.com,Basic,Yes
PART4274,Courier Partner 4274,National,4.43,partner4274@courier.example.com,Basic,Yes
PART4275,Courier Partner 4275,National,4.93,partner4275@courier.example.com,Basic,Yes
PART4276,Courier Partner 4276,Local,4.73,partner4276@courier.example.com,Priority,Yes
PART4277,Courier Partner 4277,Local,4.63,partner4277@courier.example.com,Basic,Yes
PART4278,Courier Partner 4278,National,3.17,partner4278@courier.example.com,Premium,Yes
PART4279,Courier Partner 4279,Local,3.48,partner4279@courier.example.com,Basic,No
PART4280,Courier Partner 4280,International,4.11,partner4280@courier.example.com,Premium,Yes
PART4281,Courier Partner 4281,Local,4.42,partner4281@courier.example.com,Premium,Yes
PART4282,Courier Partner 4282,International,3.61,partner4282@courier.example.com,Priority,Yes
PART4283,Courier Partner 4283,National,3.19,partner4283@courier.example.com,Basic,Yes
PART4284,Courier Partner 4284,International,3.62,partner4284@courier.example.com,Basic,Yes
PART4285,Courier Partner 4285,National,4.54,partner4285@courier.example.com,Basic,No
PART4286,Courier Partner 4286,National,4.75,partner4286@courier.example.com,Premium,Yes
PART4287,Courier Partner 4287,Local,4.83,partner4287@courier.example.com,Premium,Yes
PART4288,Courier Partner 4288,National,3.76,partner4288@courier.example.com,Premium,Yes
PART4289,Courier Partner 4289,Local,3.75,partner4289@courier.example.com,Basic,Yes
PART4290,Courier Partner 4290,Local,3.81,partner4290@courier.example.com,Premium,Yes
PART4291,Courier Partner 4291,National,3.75,partner4291@courier.example.com,Priority,Yes
PART4292,Courier Partner 4292,National,4.33,partner4292@courier.example.com,Basic,Yes
PART4293,Courier Partner 4293,Local,3.72,partner4293@courier.example.com,Basic,Yes
PART4294,Courier Partner 4294,National,3.04,partner4294@courier.example.com,Premium,Yes
PART4295,Courier Partner 4295,National,3.88,partner4295@courier.example.com,Basic,Yes
PART4296,Courier Partner 4296,Local,3.45,partner4296@courier.example.com,Premium,Yes
PART4297,Courier Partner 4297,National,3.06,partner4297@courier.example.com,Premium,Yes
PART4298,Courier Partner 4298,National,3.94,partner4298@courier.example.com,Priority,Yes
PART4299,Courier Partner 4299,Local,3.41,partner4299@courier.example.com,Priority,Yes
PART4300,Courier Partner 4300,National,3.91,partner4300@courier.example.com,Premium,Yes
PART4301,Courier Partner 4301,National,3.56,partner4301@courier.example.com,Basic,Yes
PART4302,Courier Partner 4302,National,4.21,partner4302@courier.example.com,Basic,No
PART4303,Courier Partner 4303,Local,4.98,partner4303@courier.example.com,Priority,Yes
PART4304,Courier Partner 4304,National,4.09,partner4304@courier.example.com,Premium,Yes
PART4305,Courier Partner 4305,Local,4.29,partner4305@courier.example.com,Premium,Yes
PART4306,Courier Partner 4306,Local,4.84,partner4306@courier.example.com,Basic,Yes
PART4307,Courier Partner 4307,Local,3.75,partner4307@courier.example.com,Basic,Yes
PART4308,Courier Partner 4308,National,3.33,partner4308@courier.example.com,Basic,Yes
PART4309,Courier Partner 4309,National,3.57,partner4309@courier.example.com,Basic,Yes
PART4310,Courier Partner 4310,Local,3.81,partner4310@courier.example.com,Premium,Yes
PART4311,Courier Partner 4311,Local,4.29,partner4311@courier.example.com,Premium,Yes
PART4312,Courier Partner 4312,Local,3.01,partner4312@courier.example.com,Basic,Yes
PART4313,Courier Partner 4313,Local,4.71,partner4313@courier.example.com,Premium,Yes
PART4314,Courier Partner 4314,National,3.15,partner4314@courier.example.com,Priority,Yes
PART4315,Courier Partner 4315,National,4.8,partner4315@courier.example.com,Premium,Yes
PART4316,Courier Partner 4316,International,4.9,partner4316@courier.example.com,Premium,Yes
PART4317,Courier Partner 4317,International,4.98,partner4317@courier.example.com,Basic,Yes
PART4318,Courier Partner 4318,National,4.62,partner4318@courier.example.com,Priority,Yes
PART4319,Courier Partner 4319,Local,3.28,partner4319@courier.example.com,Basic,Yes
PART4320,Courier Partner 4320,Local,4.41,partner4320@courier.example.com,Priority,Yes
PART4321,Courier Partner 4321,National,3.41,partner4321@courier.example.com,Premium,Yes
PART4322,Courier Partner 4322,National,4.79,partner4322@courier.example.com,Premium,Yes
PART4323,Courier Partner 4323,National,3.63,partner4323@courier.example.com,Priority,Yes
PART4324,Courier Partner 4324,International,3.65,partner4324@courier.example.com,Premium,Yes
PART4325,Courier Partner 4325,National,4.84,partner4325@courier.example.com,Basic,Yes
PART4326,Courier Partner 4326,Local,3.03,partner4326@courier.example.com,Basic,Yes
PART4327,Courier Partner 4327,Local,3.39,partner4327@courier.example.com,Basic,Yes
PART4328,Courier Partner 4328,National,3.84,partner4328@courier.example.com,Basic,Yes
PART4329,Courier Partner 4329,National,4.4,partner4329@courier.example.com,Basic,Yes
PART4330,Courier Partner 4330,Local,4.3,partner4330@courier.example.com,Premium,Yes
PART4331,Courier Partner 4331,National,4.34,partner4331@courier.example.com,Basic,Yes
PART4332,Courier Partner 4332,National,4.76,partner4332@courier.example.com,Premium,Yes
PART4333,Courier Partner 4333,National,3.24,partner4333@courier.example.com,Priority,Yes
PART4334,Courier Partner 4334,Local,4.04,partner4334@courier.example.com,Premium,Yes
PART4335,Courier Partner 4335,National,4.45,partner4335@courier.example.com,Priority,Yes
PART4336,Courier Partner 4336,National,4.27,partner4336@courier.example.com,Basic,Yes
PART4337,Courier Partner 4337,Local,3.9,partner4337@courier.example.com,Premium,Yes
PART4338,Courier Partner 4338,National,3.03,partner4338@courier.example.com,Basic,Yes
PART4339,Courier Partner 4339,National,3.12,partner4339@courier.example.com,Premium,Yes
PART4340,Courier Partner 4340,National,3.24,partner4340@courier.example.com,Premium,Yes
PART4341,Courier Partner 4341,Local,3.69,partner4341@courier.example.com,Basic,Yes
PART4342,Courier Partner 4342,International,3.24,partner4342@courier.example.com,Basic,Yes
PART4343,Courier Partner 4343,Local,3.85,partner4343@courier.example.com,Premium,Yes
PART4344,Courier Partner 4344,National,3.36,partner4344@courier.example.com,Premium,Yes
PART4345,Courier Partner 4345,National,4.56,partner4345@courier.example.com,Premium,Yes
PART4346,Courier Partner 4346,Local,4.74,partner4346@courier.example.com,Basic,Yes
PART4347,Courier Partner 4347,National,3.78,partner4347@courier.example.com,Basic,Yes
PART4348,Courier Partner 4348,National,4.02,partner4348@courier.example.com,Basic,Yes
PART4349,Courier Partner 4349,National,4.91,partner4349@courier.example.com,Priority,Yes
PART4350,Courier Partner 4350,National,4.07,partner4350@courier.example.com,Priority,Yes
PART4351,Courier Partner 4351,Local,4.99,partner4351@courier.example.com,Basic,Yes
PART4352,Courier Partner 4352,Local,3.28,partner4352@courier.example.com,Basic,Yes
PART4353,Courier Partner 4353,Local,4.72,partner4353@courier.example.com,Premium,Yes
PART4354,Courier Partner 4354,International,3.99,partner4354@courier.example.com,Basic,Yes
PART4355,Courier Partner 4355,National,3.05,partner4355@courier.example.com,Priority,Yes
PART4356,Courier Partner 4356,International,4.94,partner4356@courier.example.com,Premium,Yes
PART4357,Courier Partner 4357,Local,4.93,partner4357@courier.example.com,Basic,Yes
PART4358,Courier Partner 4358,National,3.77,partner4358@courier.example.com,Basic,Yes
PART4359,Courier Partner 4359,Local,4.91,partner4359@courier.example.com,Premium,Yes
PART4360,Courier Partner 4360,National,3.28,partner4360@courier.example.com,Basic,Yes
PART4361,Courier Partner 4361,Local,4.36,partner4361@courier.example.com,Premium,Yes
PART4362,Courier Partner 4362,Local,3.38,partner4362@courier.example.com,Basic,Yes
PART4363,Courier Partner 4363,National,3.49,partner4363@courier.example.com,Basic,Yes
PART4364,Courier Partner 4364,Local,4.56,partner4364@courier.example.com,Premium,Yes
PART4365,Courier Partner 4365,National,3.75,partner4365@courier.example.com,Premium,Yes
PART4366,Courier Partner 4366,National,3.01,partner4366@courier.example.com,Basic,Yes
PART4367,Courier Partner 4367,National,3.83,partner4367@courier.example.com,Basic,Yes
PART4368,Courier Partner 4368,International,3.46,partner4368@courier.example.com,Premium,Yes
PART4369,Courier Partner 4369,Local,4.37,partner4369@courier.example.com,Premium,Yes
PART4370,Courier Partner 4370,National,3.39,partner4370@courier.example.com,Basic,Yes
PART4371,Courier Partner 4371,National,4.68,partner4371@courier.example.com,Premium,Yes
PART4372,Courier Partner 4372,National,3.53,partner4372@courier.example.com,Basic,Yes
PART4373,Courier Partner 4373,Local,3.79,partner4373@courier.example.com,Basic,Yes
PART4374,Courier Partner 4374,National,3.6,partner4374@courier.example.com,Premium,Yes
PART4375,Courier Partner 4375,Local,4.29,partner4375@courier.example.com,Premium,Yes
PART4376,Courier Partner 4376,Local,3.2,partner4376@courier.example.com,Basic,No
PART4377,Courier Partner 4377,Local,3.96,partner4377@courier.example.com,Basic,Yes
PART4378,Courier Partner 4378,Local,3.67,partner4378@courier.example.com,Basic,Yes
PART4379,Courier Partner 4379,Local,4.77,partner4379@courier.example.com,Premium,Yes
PART4380,Courier Partner 4380,Local,3.15,partner4380@courier.example.com,Basic,Yes
PART4381,Courier Partner 4381,Local,4.66,partner4381@courier.example.com,Basic,Yes
PART4382,Courier Partner 4382,Local,3.34,partner4382@courier.example.com,Basic,Yes
PART4383,Courier Partner 4383,Local,3.18,partner4383@courier.example.com,Basic,No
PART4384,Courier Partner 4384,National,3.4,partner4384@courier.example.com,Premium,Yes
PART4385,Courier Partner 4385,Local,3.21,partner4385@courier.example.com,Basic,Yes
PART4386,Courier Partner 4386,Local,4.04,partner4386@courier.example.com,Premium,Yes
PART4387,Courier Partner 4387,Local,4.98,partner4387@courier.example.com,Basic,Yes
PART4388,Courier Partner 4388,Local,3.07,partner4388@courier.example.com,Premium,Yes
PART4389,Courier Partner 4389,Local,3.92,partner4389@courier.example.com,Basic,Yes
PART4390,Courier Partner 4390,Local,3.77,partner4390@courier.example.com,Basic,Yes
PART4391,Courier Partner 4391,National,3.68,partner4391@courier.example.com,Basic,Yes
PART4392,Courier Partner 4392,National,3.66,partner4392@courier.example.com,Premium,Yes
PART4393,Courier Partner 4393,International,4.79,partner4393@courier.example.com,Premium,Yes
PART4394,Courier Partner 4394,National,3.04,partner4394@courier.example.com,Basic,Yes
PART4395,Courier Partner 4395,National,4.55,partner4395@courier.example.com,Basic,Yes
PART4396,Courier Partner 4396,Local,3.51,partner4396@courier.example.com,Basic,Yes
PART4397,Courier Partner 4397,National,3.77,partner4397@courier.example.com,Premium,Yes
PART4398,Courier Partner 4398,Local,3.84,partner4398@courier.example.com,Priority,Yes
PART4399,Courier Partner 4399,National,3.61,partner4399@courier.example.com,Priority,Yes
PART4400,Courier Partner 4400,Local,3.19,partner4400@courier.example.com,Premium,Yes
PART4401,Courier Partner 4401,National,3.23,partner4401@courier.example.com,Basic,Yes
PART4402,Courier Partner 4402,International,3.6,partner4402@courier.example.com,Premium,Yes
PART4403,Courier Partner 4403,International,4.64,partner4403@courier.example.com,Basic,Yes
PART4404,Courier Partner 4404,Local,3.27,partner4404@courier.example.com,Premium,Yes
PART4405,Courier Partner 4405,Local,4.49,partner4405@courier.example.com,Basic,Yes
PART4406,Courier Partner 4406,National,3.58,partner4406@courier.example.com,Basic,Yes
PART4407,Courier Partner 4407,National,4.77,partner4407@courier.example.com,Basic,Yes
PART4408,Courier Partner 4408,National,3.86,partner4408@courier.example.com,Basic,Yes
PART4409,Courier Partner 4409,National,3.34,partner4409@courier.example.com,Premium,Yes
PART4410,Courier Partner 4410,National,4.97,partner4410@courier.example.com,Premium,Yes
PART4411,Courier Partner 4411,International,3.35,partner4411@courier.example.com,Premium,Yes
PART4412,Courier Partner 4412,National,4.14,partner4412@courier.example.com,Priority,No
PART4413,Courier Partner 4413,National,4.14,partner4413@courier.example.com,Basic,Yes
PART4414,Courier Partner 4414,National,3.75,partner4414@courier.example.com,Premium,Yes
PART4415,Courier Partner 4415,National,4.9,partner4415@courier.example.com,Premium,Yes
PART4416,Courier Partner 4416,National,4.69,partner4416@courier.example.com,Premium,Yes
PART4417,Courier Partner 4417,National,4.66,partner4417@courier.example.com,Basic,Yes
PART4418,Courier Partner 4418,International,4.95,partner4418@courier.example.com,Basic,Yes
PART4419,Courier Partner 4419,National,3.91,partner4419@courier.example.com,Basic,Yes
PART4420,Courier Partner 4420,Local,3.19,partner4420@courier.example.com,Priority,Yes
PART4421,Courier Partner 4421,National,4.53,partner4421@courier.example.com,Priority,Yes
PART4422,Courier Partner 4422,National,3.76,partner4422@courier.example.com,Basic,No
PART4423,Courier Partner 4423,Local,3.38,partner4423@courier.example.com,Priority,Yes
PART4424,Courier Partner 4424,National,3.97,partner4424@courier.example.com,Basic,Yes
PART4425,Courier Partner 4425,National,4.85,partner4425@courier.example.com,Basic,Yes
PART4426,Courier Partner 4426,National,3.34,partner4426@courier.example.com,Premium,Yes
PART4427,Courier Partner 4427,National,4.7,partner4427@courier.example.com,Basic,Yes
PART4428,Courier Partner 4428,National,3.84,partner4428@courier.example.com,Basic,No
PART4429,Courier Partner 4429,International,3.27,partner4429@courier.example.com,Priority,Yes
PART4430,Courier Partner 4430,Local,4.7,partner4430@courier.example.com,Premium,Yes
PART4431,Courier Partner 4431,Local,4.94,partner4431@courier.example.com,Priority,Yes
PART4432,Courier Partner 4432,Local,3.58,partner4432@courier.example.com,Basic,Yes
PART4433,Courier Partner 4433,National,3.61,partner4433@courier.example.com,Basic,Yes
PART4434,Courier Partner 4434,Local,3.78,partner4434@courier.example.com,Basic,Yes
PART4435,Courier Partner 4435,Local,4.63,partner4435@courier.example.com,Priority,Yes
PART4436,Courier Partner 4436,National,3.02,partner4436@courier.example.com,Basic,Yes
PART4437,Courier Partner 4437,Local,3.45,partner4437@courier.example.com,Basic,Yes
PART4438,Courier Partner 4438,National,4.41,partner4438@courier.example.com,Basic,Yes
PART4439,Courier Partner 4439,National,3.81,partner4439@courier.example.com,Premium,Yes
PART4440,Courier Partner 4440,National,3.66,partner4440@courier.example.com,Basic,Yes
PART4441,Courier Partner 4441,Local,4.74,partner4441@courier.example.com,Basic,Yes
PART4442,Courier Partner 4442,National,4.83,partner4442@courier.example.com,Basic,Yes
PART4443,Courier Partner 4443,Local,4.9,partner4443@courier.example.com,Basic,Yes
PART4444,Courier Partner 4444,National,3.55,partner4444@courier.example.com,Basic,Yes
PART4445,Courier Partner 4445,National,4.83,partner4445@courier.example.com,Basic,Yes
PART4446,Courier Partner 4446,Local,4.47,partner4446@courier.example.com,Priority,Yes
PART4447,Courier Partner 4447,Local,3.31,partner4447@courier.example.com,Basic,No
PART4448,Courier Partner 4448,Local,4.22,partner4448@courier.example.com,Basic,Yes
PART4449,Courier Partner 4449,Local,3.05,partner4449@courier.example.com,Basic,Yes
PART4450,Courier Partner 4450,National,4.42,partner4450@courier.example.com,Priority,Yes
PART4451,Courier Partner 4451,National,4.47,partner4451@courier.example.com,Basic,Yes
PART4452,Courier Partner 4452,Local,4.58,partner4452@courier.example.com,Premium,Yes
PART4453,Courier Partner 4453,National,3.35,partner4453@courier.example.com,Priority,Yes
PART4454,Courier Partner 4454,International,4.26,partner4454@courier.example.com,Basic,Yes
PART4455,Courier Partner 4455,National,3.36,partner4455@courier.example.com,Basic,Yes
PART4456,Courier Partner 4456,Local,4.89,partner4456@courier.example.com,Premium,Yes
PART4457,Courier Partner 4457,National,4.35,partner4457@courier.example.com,Premium,Yes
PART4458,Courier Partner 4458,National,3.19,partner4458@courier.example.com,Premium,Yes
PART4459,Courier Partner 4459,National,3.37,partner4459@courier.example.com,Premium,Yes
PART4460,Courier Partner 4460,Local,4.33,partner4460@courier.example.com,Basic,Yes
PART4461,Courier Partner 4461,Local,3.95,partner4461@courier.example.com,Premium,Yes
PART4462,Courier Partner 4462,National,4.47,partner4462@courier.example.com,Basic,Yes
PART4463,Courier Partner 4463,National,3.56,partner4463@courier.example.com,Premium,No
PART4464,Courier Partner 4464,National,4.32,partner4464@courier.example.com,Premium,Yes
PART4465,Courier Partner 4465,Local,3.35,partner4465@courier.example.com,Basic,Yes
PART4466,Courier Partner 4466,National,4.09,partner4466@courier.example.com,Basic,Yes
PART4467,Courier Partner 4467,Local,4.92,partner4467@courier.example.com,Basic,Yes
PART4468,Courier Partner 4468,Local,4.26,partner4468@courier.example.com,Basic,Yes
PART4469,Courier Partner 4469,National,3.1,partner4469@courier.example.com,Priority,Yes
PART4470,Courier Partner 4470,Local,4.98,partner4470@courier.example.com,Premium,Yes
PART4471,Courier Partner 4471,Local,3.31,partner4471@courier.example.com,Premium,Yes
PART4472,Courier Partner 4472,National,4.44,partner4472@courier.example.com,Basic,Yes
PART4473,Courier Partner 4473,National,4.07,partner4473@courier.example.com,Basic,Yes
PART4474,Courier Partner 4474,Local,3.59,partner4474@courier.example.com,Basic,Yes
PART4475,Courier Partner 4475,National,3.35,partner4475@courier.example.com,Basic,No
PART4476,Courier Partner 4476,Local,3.36,partner4476@courier.example.com,Premium,Yes
PART4477,Courier Partner 4477,Local,4.72,partner4477@courier.example.com,Priority,Yes
PART4478,Courier Partner 4478,National,4.75,partner4478@courier.example.com,Basic,Yes
PART4479,Courier Partner 4479,Local,3.93,partner4479@courier.example.com,Premium,Yes
PART4480,Courier Partner 4480,International,3.21,partner4480@courier.example.com,Basic,Yes
PART4481,Courier Partner 4481,Local,4.77,partner4481@courier.example.com,Basic,Yes
PART4482,Courier Partner 4482,National,3.97,partner4482@courier.example.com,Basic,Yes
PART4483,Courier Partner 4483,National,3.88,partner4483@courier.example.com,Premium,Yes
PART4484,Courier Partner 4484,International,3.81,partner4484@courier.example.com,Premium,Yes
PART4485,Courier Partner 4485,Local,3.73,partner4485@courier.example.com,Basic,Yes
PART4486,Courier Partner 4486,National,4.05,partner4486@courier.example.com,Premium,Yes
PART4487,Courier Partner 4487,International,4.21,partner4487@courier.example.com,Premium,Yes
PART4488,Courier Partner 4488,Local,3.93,partner4488@courier.example.com,Basic,Yes
PART4489,Courier Partner 4489,National,4.79,partner4489@courier.example.com,Premium,Yes
PART4490,Courier Partner 4490,Local,3.64,partner4490@courier.example.com,Premium,Yes
PART4491,Courier Partner 4491,National,4.16,partner4491@courier.example.com,Basic,Yes
PART4492,Courier Partner 4492,National,3.6,partner4492@courier.example.com,Premium,Yes
PART4493,Courier Partner 4493,Local,4.51,partner4493@courier.example.com,Basic,Yes
PART4494,Courier Partner 4494,National,3.2,partner4494@courier.example.com,Premium,Yes
PART4495,Courier Partner 4495,Local,3.38,partner4495@courier.example.com,Priority,Yes
PART4496,Courier Partner 4496,National,4.6,partner4496@courier.example.com,Basic,Yes
PART4497,Courier Partner 4497,Local,3.37,partner4497@courier.example.com,Basic,Yes
PART4498,Courier Partner 4498,National,4.25,partner4498@courier.example.com,Basic,No
PART4499,Courier Partner 4499,Local,4.94,partner4499@courier.example.com,Basic,Yes
PART4500,Courier Partner 4500,Local,4.05,partner4500@courier.example.com,Basic,Yes
PART4501,Courier Partner 4501,National,3.37,partner4501@courier.example.com,Premium,Yes
PART4502,Courier Partner 4502,Local,3.64,partner4502@courier.example.com,Basic,Yes
PART4503,Courier Partner 4503,National,4.65,partner4503@courier.example.com,Basic,Yes
PART4504,Courier Partner 4504,International,3.7,partner4504@courier.example.com,Premium,Yes
PART4505,Courier Partner 4505,Local,4.45,partner4505@courier.example.com,Premium,Yes
PART4506,Courier Partner 4506,National,4.55,partner4506@courier.example.com,Basic,Yes
PART4507,Courier Partner 4507,Local,4.0,partner4507@courier.example.com,Premium,Yes
PART4508,Courier Partner 4508,Local,4.57,partner4508@courier.example.com,Priority,Yes
PART4509,Courier Partner 4509,Local,3.63,partner4509@courier.example.com,Basic,Yes
PART4510,Courier Partner 4510,International,4.03,partner4510@courier.example.com,Basic,Yes
PART4511,Courier Partner 4511,Local,4.37,partner4511@courier.example.com,Premium,Yes
PART4512,Courier Partner 4512,National,3.34,partner4512@courier.example.com,Premium,Yes
PART4513,Courier Partner 4513,International,3.55,partner4513@courier.example.com,Basic,No
PART4514,Courier Partner 4514,Local,4.3,partner4514@courier.example.com,Basic,Yes
PART4515,Courier Partner 4515,National,4.31,partner4515@courier.example.com,Premium,Yes
PART4516,Courier Partner 4516,National,3.99,partner4516@courier.example.com,Priority,Yes
PART4517,Courier Partner 4517,Local,4.59,partner4517@courier.example.com,Premium,Yes
PART4518,Courier Partner 4518,Local,3.96,partner4518@courier.example.com,Priority,Yes
PART4519,Courier Partner 4519,Local,4.76,partner4519@courier.example.com,Premium,Yes
PART4520,Courier Partner 4520,National,4.47,partner4520@courier.example.com,Priority,Yes
PART4521,Courier Partner 4521,National,3.63,partner4521@courier.example.com,Premium,Yes
PART4522,Courier Partner 4522,Local,3.79,partner4522@courier.example.com,Priority,Yes
PART4523,Courier Partner 4523,Local,4.34,partner4523@courier.example.com,Basic,Yes
PART4524,Courier Partner 4524,International,4.79,partner4524@courier.example.com,Premium,Yes
PART4525,Courier Partner 4525,Local,3.36,partner4525@courier.example.com,Basic,Yes
PART4526,Courier Partner 4526,National,4.03,partner4526@courier.example.com,Basic,No
PART4527,Courier Partner 4527,Local,3.24,partner4527@courier.example.com,Premium,Yes
PART4528,Courier Partner 4528,National,3.56,partner4528@courier.example.com,Basic,Yes
PART4529,Courier Partner 4529,International,4.37,partner4529@courier.example.com,Basic,Yes
PART4530,Courier Partner 4530,Local,3.16,partner4530@courier.example.com,Priority,Yes
PART4531,Courier Partner 4531,Local,4.32,partner4531@courier.example.com,Premium,Yes
PART4532,Courier Partner 4532,National,4.8,partner4532@courier.example.com,Priority,Yes
PART4533,Courier Partner 4533,Local,4.94,partner4533@courier.example.com,Priority,Yes
PART4534,Courier Partner 4534,Local,3.43,partner4534@courier.example.com,Basic,Yes
PART4535,Courier Partner 4535,National,4.5,partner4535@courier.example.com,Basic,Yes
PART4536,Courier Partner 4536,Local,4.85,partner4536@courier.example.com,Basic,No
PART4537,Courier Partner 4537,Local,3.18,partner4537@courier.example.com,Premium,Yes
PART4538,Courier Partner 4538,National,3.83,partner4538@courier.example.com,Premium,Yes
PART4539,Courier Partner 4539,National,4.84,partner4539@courier.example.com,Premium,Yes
PART4540,Courier Partner 4540,Local,3.41,partner4540@courier.example.com,Basic,Yes
PART4541,Courier Partner 4541,National,4.87,partner4541@courier.example.com,Basic,Yes
PART4542,Courier Partner 4542,National,4.05,partner4542@courier.example.com,Basic,Yes
PART4543,Courier Partner 4543,National,3.2,partner4543@courier.example.com,Basic,Yes
PART4544,Courier Partner 4544,Local,3.9,partner4544@courier.example.com,Priority,Yes
PART4545,Courier Partner 4545,Local,3.65,partner4545@courier.example.com,Basic,Yes
PART4546,Courier Partner 4546,National,3.56,partner4546@courier.example.com,Basic,Yes
PART4547,Courier Partner 4547,National,4.08,partner4547@courier.example.com,Basic,Yes
PART4548,Courier Partner 4548,National,3.97,partner4548@courier.example.com,Premium,Yes
PART4549,Courier Partner 4549,Local,3.96,partner4549@courier.example.com,Basic,Yes
PART4550,Courier Partner 4550,National,3.18,partner4550@courier.example.com,Basic,Yes
PART4551,Courier Partner 4551,National,4.6,partner4551@courier.example.com,Premium,Yes
PART4552,Courier Partner 4552,Local,3.96,partner4552@courier.example.com,Priority,Yes
PART4553,Courier Partner 4553,Local,4.64,partner4553@courier.example.com,Priority,Yes
PART4554,Courier Partner 4554,National,4.65,partner4554@courier.example.com,Basic,Yes
PART4555,Courier Partner 4555,National,3.63,partner4555@courier.example.com,Premium,Yes
PART4556,Courier Partner 4556,Local,3.01,partner4556@courier.example.com,Basic,Yes
PART4557,Courier Partner 4557,National,4.82,partner4557@courier.example.com,Basic,Yes
PART4558,Courier Partner 4558,National,4.52,partner4558@courier.example.com,Premium,Yes
PART4559,Courier Partner 4559,National,3.21,partner4559@courier.example.com,Basic,Yes
PART4560,Courier Partner 4560,National,4.4,partner4560@courier.example.com,Premium,Yes
PART4561,Courier Partner 4561,National,3.04,partner4561@courier.example.com,Priority,Yes
PART4562,Courier Partner 4562,Local,3.06,partner4562@courier.example.com,Basic,Yes
PART4563,Courier Partner 4563,Local,4.05,partner4563@courier.example.com,Basic,Yes
PART4564,Courier Partner 4564,National,3.19,partner4564@courier.example.com,Basic,Yes
PART4565,Courier Partner 4565,Local,4.93,partner4565@courier.example.com,Premium,Yes
PART4566,Courier Partner 4566,National,4.79,partner4566@courier.example.com,Priority,Yes
PART4567,Courier Partner 4567,National,4.3,partner4567@courier.example.com,Priority,Yes
PART4568,Courier Partner 4568,Local,3.13,partner4568@courier.example.com,Premium,Yes
PART4569,Courier Partner 4569,National,3.65,partner4569@courier.example.com,Basic,Yes
PART4570,Courier Partner 4570,National,3.74,partner4570@courier.example.com,Premium,Yes
PART4571,Courier Partner 4571,Local,3.96,partner4571@courier.example.com,Basic,Yes
PART4572,Courier Partner 4572,National,3.34,partner4572@courier.example.com,Priority,Yes
PART4573,Courier Partner 4573,International,4.16,partner4573@courier.example.com,Basic,Yes
PART4574,Courier Partner 4574,Local,3.87,partner4574@courier.example.com,Premium,Yes
PART4575,Courier Partner 4575,National,4.89,partner4575@courier.example.com,Basic,Yes
PART4576,Courier Partner 4576,Local,4.87,partner4576@courier.example.com,Basic,Yes
PART4577,Courier Partner 4577,Local,4.13,partner4577@courier.example.com,Premium,Yes
PART4578,Courier Partner 4578,Local,4.29,partner4578@courier.example.com,Premium,Yes
PART4579,Courier Partner 4579,National,3.28,partner4579@courier.example.com,Premium,Yes
PART4580,Courier Partner 4580,Local,3.45,partner4580@courier.example.com,Premium,Yes
PART4581,Courier Partner 4581,Local,4.8,partner4581@courier.example.com,Basic,Yes
PART4582,Courier Partner 4582,National,4.4,partner4582@courier.example.com,Priority,Yes
PART4583,Courier Partner 4583,Local,3.38,partner4583@courier.example.com,Premium,Yes
PART4584,Courier Partner 4584,Local,4.14,partner4584@courier.example.com,Basic,Yes
PART4585,Courier Partner 4585,Local,4.87,partner4585@courier.example.com,Premium,Yes
PART4586,Courier Partner 4586,Local,3.69,partner4586@courier.example.com,Priority,Yes
PART4587,Courier Partner 4587,National,3.37,partner4587@courier.example.com,Premium,Yes
PART4588,Courier Partner 4588,Local,4.88,partner4588@courier.example.com,Basic,Yes
PART4589,Courier Partner 4589,Local,3.92,partner4589@courier.example.com,Premium,Yes
PART4590,Courier Partner 4590,National,3.83,partner4590@courier.example.com,Basic,Yes
PART4591,Courier Partner 4591,National,3.54,partner4591@courier.example.com,Premium,Yes
PART4592,Courier Partner 4592,National,4.78,partner4592@courier.example.com,Premium,Yes
PART4593,Courier Partner 4593,National,4.69,partner4593@courier.example.com,Priority,Yes
PART4594,Courier Partner 4594,National,3.81,partner4594@courier.example.com,Premium,Yes
PART4595,Courier Partner 4595,National,3.06,partner4595@courier.example.com,Basic,Yes
PART4596,Courier Partner 4596,National,3.89,partner4596@courier.example.com,Premium,Yes
PART4597,Courier Partner 4597,National,3.36,partner4597@courier.example.com,Basic,Yes
PART4598,Courier Partner 4598,National,3.29,partner4598@courier.example.com,Basic,Yes
PART4599,Courier Partner 4599,Local,3.79,partner4599@courier.example.com,Basic,Yes
PART4600,Courier Partner 4600,National,3.2,partner4600@courier.example.com,Basic,Yes
PART4601,Courier Partner 4601,National,4.91,partner4601@courier.example.com,Priority,Yes
PART4602,Courier Partner 4602,National,3.1,partner4602@courier.example.com,Premium,Yes
PART4603,Courier Partner 4603,Local,3.8,partner4603@courier.example.com,Premium,Yes
PART4604,Courier Partner 4604,Local,3.33,partner4604@courier.example.com,Basic,Yes
PART4605,Courier Partner 4605,Local,4.38,partner4605@courier.example.com,Premium,Yes
PART4606,Courier Partner 4606,National,3.16,partner4606@courier.example.com,Premium,Yes
PART4607,Courier Partner 4607,Local,4.09,partner4607@courier.example.com,Basic,Yes
PART4608,Courier Partner 4608,Local,4.55,partner4608@courier.example.com,Priority,Yes
PART4609,Courier Partner 4609,Local,4.9,partner4609@courier.example.com,Premium,Yes
PART4610,Courier Partner 4610,Local,4.4,partner4610@courier.example.com,Premium,Yes
PART4611,Courier Partner 4611,National,3.2,partner4611@courier.example.com,Basic,Yes
PART4612,Courier Partner 4612,National,3.18,partner4612@courier.example.com,Basic,Yes
PART4613,Courier Partner 4613,Local,4.46,partner4613@courier.example.com,Priority,Yes
PART4614,Courier Partner 4614,National,3.43,partner4614@courier.example.com,Premium,Yes
PART4615,Courier Partner 4615,Local,3.89,partner4615@courier.example.com,Premium,Yes
PART4616,Courier Partner 4616,Local,4.95,partner4616@courier.example.com,Priority,Yes
PART4617,Courier Partner 4617,National,4.64,partner4617@courier.example.com,Premium,Yes
PART4618,Courier Partner 4618,National,4.69,partner4618@courier.example.com,Premium,Yes
PART4619,Courier Partner 4619,National,4.72,partner4619@courier.example.com,Basic,Yes
PART4620,Courier Partner 4620,National,4.24,partner4620@courier.example.com,Premium,Yes
PART4621,Courier Partner 4621,National,4.49,partner4621@courier.example.com,Basic,Yes
PART4622,Courier Partner 4622,Local,3.72,partner4622@courier.example.com,Basic,Yes
PART4623,Courier Partner 4623,Local,5.0,partner4623@courier.example.com,Priority,Yes
PART4624,Courier Partner 4624,Local,3.56,partner4624@courier.example.com,Basic,Yes
PART4625,Courier Partner 4625,National,4.18,partner4625@courier.example.com,Basic,No
PART4626,Courier Partner 4626,Local,3.56,partner4626@courier.example.com,Basic,Yes
PART4627,Courier Partner 4627,Local,3.22,partner4627@courier.example.com,Basic,Yes
PART4628,Courier Partner 4628,National,4.14,partner4628@courier.example.com,Basic,Yes
PART4629,Courier Partner 4629,Local,3.71,partner4629@courier.example.com,Basic,Yes
PART4630,Courier Partner 4630,Local,4.17,partner4630@courier.example.com,Premium,Yes
PART4631,Courier Partner 4631,Local,4.12,partner4631@courier.example.com,Premium,Yes
PART4632,Courier Partner 4632,Local,4.08,partner4632@courier.example.com,Premium,Yes
PART4633,Courier Partner 4633,National,3.25,partner4633@courier.example.com,Priority,Yes
PART4634,Courier Partner 4634,National,3.88,partner4634@courier.example.com,Premium,Yes
PART4635,Courier Partner 4635,Local,4.62,partner4635@courier.example.com,Basic,Yes
PART4636,Courier Partner 4636,Local,3.63,partner4636@courier.example.com,Basic,Yes
PART4637,Courier Partner 4637,National,3.89,partner4637@courier.example.com,Premium,Yes
PART4638,Courier Partner 4638,National,3.99,partner4638@courier.example.com,Premium,Yes
PART4639,Courier Partner 4639,National,4.73,partner4639@courier.example.com,Basic,Yes
PART4640,Courier Partner 4640,National,4.31,partner4640@courier.example.com,Basic,Yes
PART4641,Courier Partner 4641,Local,3.2,partner4641@courier.example.com,Premium,Yes
PART4642,Courier Partner 4642,International,4.73,partner4642@courier.example.com,Premium,Yes
PART4643,Courier Partner 4643,National,4.66,partner4643@courier.example.com,Premium,Yes
PART4644,Courier Partner 4644,Local,4.51,partner4644@courier.example.com,Basic,Yes
PART4645,Courier Partner 4645,Local,3.93,partner4645@courier.example.com,Premium,Yes
PART4646,Courier Partner 4646,Local,4.52,partner4646@courier.example.com,Premium,Yes
PART4647,Courier Partner 4647,Local,3.96,partner4647@courier.example.com,Priority,Yes
PART4648,Courier Partner 4648,International,4.47,partner4648@courier.example.com,Premium,Yes
PART4649,Courier Partner 4649,National,4.76,partner4649@courier.example.com,Premium,Yes
PART4650,Courier Partner 4650,Local,4.78,partner4650@courier.example.com,Premium,Yes
PART4651,Courier Partner 4651,Local,3.91,partner4651@courier.example.com,Premium,Yes
PART4652,Courier Partner 4652,National,4.72,partner4652@courier.example.com,Basic,Yes
PART4653,Courier Partner 4653,Local,3.2,partner4653@courier.example.com,Priority,Yes
PART4654,Courier Partner 4654,National,3.2,partner4654@courier.example.com,Premium,Yes
PART4655,Courier Partner 4655,National,4.1,partner4655@courier.example.com,Premium,Yes
PART4656,Courier Partner 4656,National,4.3,partner4656@courier.example.com,Priority,Yes
PART4657,Courier Partner 4657,National,3.31,partner4657@courier.example.com,Priority,Yes
PART4658,Courier Partner 4658,National,3.94,partner4658@courier.example.com,Premium,Yes
PART4659,Courier Partner 4659,International,3.19,partner4659@courier.example.com,Basic,No
PART4660,Courier Partner 4660,Local,4.2,partner4660@courier.example.com,Basic,Yes
PART4661,Courier Partner 4661,National,4.71,partner4661@courier.example.com,Priority,Yes
PART4662,Courier Partner 4662,Local,4.48,partner4662@courier.example.com,Basic,Yes
PART4663,Courier Partner 4663,Local,3.76,partner4663@courier.example.com,Priority,Yes
PART4664,Courier Partner 4664,Local,4.99,partner4664@courier.example.com,Basic,Yes
PART4665,Courier Partner 4665,National,4.33,partner4665@courier.example.com,Premium,Yes
PART4666,Courier Partner 4666,Local,4.63,partner4666@courier.example.com,Premium,Yes
PART4667,Courier Partner 4667,National,4.34,partner4667@courier.example.com,Basic,Yes
PART4668,Courier Partner 4668,National,4.98,partner4668@courier.example.com,Priority,Yes
PART4669,Courier Partner 4669,Local,4.64,partner4669@courier.example.com,Premium,Yes
PART4670,Courier Partner 4670,National,4.04,partner4670@courier.example.com,Basic,Yes
PART4671,Courier Partner 4671,National,3.73,partner4671@courier.example.com,Basic,Yes
PART4672,Courier Partner 4672,National,4.36,partner4672@courier.example.com,Premium,Yes
PART4673,Courier Partner 4673,Local,4.18,partner4673@courier.example.com,Basic,Yes
PART4674,Courier Partner 4674,National,4.26,partner4674@courier.example.com,Priority,Yes
PART4675,Courier Partner 4675,National,3.69,partner4675@courier.example.com,Basic,Yes
PART4676,Courier Partner 4676,Local,3.86,partner4676@courier.example.com,Basic,Yes
PART4677,Courier Partner 4677,Local,4.12,partner4677@courier.example.com,Basic,Yes
PART4678,Courier Partner 4678,National,4.68,partner4678@courier.example.com,Basic,Yes
PART4679,Courier Partner 4679,National,4.53,partner4679@courier.example.com,Basic,Yes
PART4680,Courier Partner 4680,Local,3.24,partner4680@courier.example.com,Priority,Yes
PART4681,Courier Partner 4681,Local,3.49,partner4681@courier.example.com,Basic,Yes
PART4682,Courier Partner 4682,National,3.05,partner4682@courier.example.com,Basic,No
PART4683,Courier Partner 4683,Local,3.02,partner4683@courier.example.com,Basic,Yes
PART4684,Courier Partner 4684,International,3.45,partner4684@courier.example.com,Premium,Yes
PART4685,Courier Partner 4685,Local,4.6,partner4685@courier.example.com,Premium,Yes
PART4686,Courier Partner 4686,National,4.81,partner4686@courier.example.com,Premium,No
PART4687,Courier Partner 4687,Local,3.78,partner4687@courier.example.com,Basic,Yes
PART4688,Courier Partner 4688,International,4.13,partner4688@courier.example.com,Premium,No
PART4689,Courier Partner 4689,National,4.41,partner4689@courier.example.com,Premium,Yes
PART4690,Courier Partner 4690,International,4.91,partner4690@courier.example.com,Premium,Yes
PART4691,Courier Partner 4691,National,4.83,partner4691@courier.example.com,Basic,Yes
PART4692,Courier Partner 4692,Local,3.11,partner4692@courier.example.com,Premium,Yes
PART4693,Courier Partner 4693,Local,3.5,partner4693@courier.example.com,Basic,Yes
PART4694,Courier Partner 4694,National,3.1,partner4694@courier.example.com,Basic,Yes
PART4695,Courier Partner 4695,National,4.23,partner4695@courier.example.com,Basic,Yes
PART4696,Courier Partner 4696,International,4.42,partner4696@courier.example.com,Basic,Yes
PART4697,Courier Partner 4697,Local,3.62,partner4697@courier.example.com,Basic,Yes
PART4698,Courier Partner 4698,National,4.71,partner4698@courier.example.com,Premium,Yes
PART4699,Courier Partner 4699,International,3.91,partner4699@courier.example.com,Priority,Yes
PART4700,Courier Partner 4700,Local,5.0,partner4700@courier.example.com,Premium,Yes
PART4701,Courier Partner 4701,National,3.0,partner4701@courier.example.com,Basic,Yes
PART4702,Courier Partner 4702,Local,3.22,partner4702@courier.example.com,Premium,Yes
PART4703,Courier Partner 4703,National,3.6,partner4703@courier.example.com,Premium,Yes
PART4704,Courier Partner 4704,Local,3.05,partner4704@courier.example.com,Basic,Yes
PART4705,Courier Partner 4705,Local,4.56,partner4705@courier.example.com,Premium,Yes
PART4706,Courier Partner 4706,Local,3.11,partner4706@courier.example.com,Premium,Yes
PART4707,Courier Partner 4707,International,4.5,partner4707@courier.example.com,Basic,Yes
PART4708,Courier Partner 4708,National,3.11,partner4708@courier.example.com,Basic,Yes
PART4709,Courier Partner 4709,Local,3.51,partner4709@courier.example.com,Basic,Yes
PART4710,Courier Partner 4710,International,4.68,partner4710@courier.example.com,Priority,Yes
PART4711,Courier Partner 4711,National,4.9,partner4711@courier.example.com,Basic,Yes
PART4712,Courier Partner 4712,National,3.83,partner4712@courier.example.com,Basic,Yes
PART4713,Courier Partner 4713,Local,4.94,partner4713@courier.example.com,Premium,Yes
PART4714,Courier Partner 4714,Local,4.25,partner4714@courier.example.com,Priority,Yes
PART4715,Courier Partner 4715,National,3.83,partner4715@courier.example.com,Basic,Yes
PART4716,Courier Partner 4716,Local,4.61,partner4716@courier.example.com,Premium,Yes
PART4717,Courier Partner 4717,National,3.59,partner4717@courier.example.com,Premium,No
PART4718,Courier Partner 4718,Local,3.53,partner4718@courier.example.com,Premium,Yes
PART4719,Courier Partner 4719,Local,4.31,partner4719@courier.example.com,Premium,Yes
PART4720,Courier Partner 4720,Local,3.78,partner4720@courier.example.com,Basic,Yes
PART4721,Courier Partner 4721,International,3.27,partner4721@courier.example.com,Priority,Yes
PART4722,Courier Partner 4722,Local,3.13,partner4722@courier.example.com,Premium,Yes
PART4723,Courier Partner 4723,Local,4.58,partner4723@courier.example.com,Priority,Yes
PART4724,Courier Partner 4724,National,4.35,partner4724@courier.example.com,Premium,Yes
PART4725,Courier Partner 4725,National,3.82,partner4725@courier.example.com,Priority,Yes
PART4726,Courier Partner 4726,National,4.79,partner4726@courier.example.com,Basic,Yes
PART4727,Courier Partner 4727,National,3.82,partner4727@courier.example.com,Basic,Yes
PART4728,Courier Partner 4728,Local,4.42,partner4728@courier.example.com,Basic,Yes
PART4729,Courier Partner 4729,Local,4.82,partner4729@courier.example.com,Basic,Yes
PART4730,Courier Partner 4730,National,4.68,partner4730@courier.example.com,Premium,Yes
PART4731,Courier Partner 4731,International,4.02,partner4731@courier.example.com,Basic,No
PART4732,Courier Partner 4732,National,4.36,partner4732@courier.example.com,Basic,Yes
PART4733,Courier Partner 4733,Local,3.83,partner4733@courier.example.com,Premium,Yes
PART4734,Courier Partner 4734,Local,4.29,partner4734@courier.example.com,Priority,Yes
PART4735,Courier Partner 4735,Local,3.52,partner4735@courier.example.com,Premium,Yes
PART4736,Courier Partner 4736,National,3.87,partner4736@courier.example.com,Premium,Yes
PART4737,Courier Partner 4737,Local,3.42,partner4737@courier.example.com,Premium,Yes
PART4738,Courier Partner 4738,Local,3.08,partner4738@courier.example.com,Priority,Yes
PART4739,Courier Partner 4739,Local,4.18,partner4739@courier.example.com,Premium,Yes
PART4740,Courier Partner 4740,National,4.73,partner4740@courier.example.com,Priority,Yes
PART4741,Courier Partner 4741,Local,3.05,partner4741@courier.example.com,Basic,Yes
PART4742,Courier Partner 4742,National,3.39,partner4742@courier.example.com,Premium,No
PART4743,Courier Partner 4743,National,3.92,partner4743@courier.example.com,Premium,Yes
PART4744,Courier Partner 4744,Local,4.33,partner4744@courier.example.com,Premium,Yes
PART4745,Courier Partner 4745,National,3.34,partner4745@courier.example.com,Premium,Yes
PART4746,Courier Partner 4746,Local,3.11,partner4746@courier.example.com,Premium,Yes
PART4747,Courier Partner 4747,Local,4.04,partner4747@courier.example.com,Priority,Yes
PART4748,Courier Partner 4748,National,4.64,partner4748@courier.example.com,Basic,Yes
PART4749,Courier Partner 4749,National,3.07,partner4749@courier.example.com,Basic,Yes
PART4750,Courier Partner 4750,National,3.7,partner4750@courier.example.com,Basic,Yes
PART4751,Courier Partner 4751,National,4.33,partner4751@courier.example.com,Basic,Yes
PART4752,Courier Partner 4752,National,3.26,partner4752@courier.example.com,Basic,Yes
PART4753,Courier Partner 4753,Local,3.47,partner4753@courier.example.com,Premium,Yes
PART4754,Courier Partner 4754,National,4.07,partner4754@courier.example.com,Premium,Yes
PART4755,Courier Partner 4755,National,4.91,partner4755@courier.example.com,Premium,Yes
PART4756,Courier Partner 4756,Local,3.57,partner4756@courier.example.com,Premium,Yes
PART4757,Courier Partner 4757,Local,3.98,partner4757@courier.example.com,Premium,Yes
PART4758,Courier Partner 4758,National,3.8,partner4758@courier.example.com,Basic,Yes
PART4759,Courier Partner 4759,Local,4.79,partner4759@courier.example.com,Premium,Yes
PART4760,Courier Partner 4760,Local,3.14,partner4760@courier.example.com,Premium,Yes
PART4761,Courier Partner 4761,National,4.13,partner4761@courier.example.com,Basic,Yes
PART4762,Courier Partner 4762,International,4.69,partner4762@courier.example.com,Basic,Yes
PART4763,Courier Partner 4763,National,4.98,partner4763@courier.example.com,Basic,Yes
PART4764,Courier Partner 4764,Local,4.4,partner4764@courier.example.com,Premium,Yes
PART4765,Courier Partner 4765,National,3.76,partner4765@courier.example.com,Premium,Yes
PART4766,Courier Partner 4766,Local,3.82,partner4766@courier.example.com,Premium,Yes
PART4767,Courier Partner 4767,Local,3.7,partner4767@courier.example.com,Basic,Yes
PART4768,Courier Partner 4768,National,4.21,partner4768@courier.example.com,Basic,Yes
PART4769,Courier Partner 4769,Local,4.48,partner4769@courier.example.com,Basic,Yes
PART4770,Courier Partner 4770,Local,4.64,partner4770@courier.example.com,Basic,Yes
PART4771,Courier Partner 4771,International,3.83,partner4771@courier.example.com,Basic,No
PART4772,Courier Partner 4772,National,4.43,partner4772@courier.example.com,Basic,Yes
PART4773,Courier Partner 4773,National,4.83,partner4773@courier.example.com,Premium,No
PART4774,Courier Partner 4774,National,4.84,partner4774@courier.example.com,Basic,Yes
PART4775,Courier Partner 4775,National,4.41,partner4775@courier.example.com,Basic,Yes
PART4776,Courier Partner 4776,Local,4.27,partner4776@courier.example.com,Premium,No
PART4777,Courier Partner 4777,National,4.06,partner4777@courier.example.com,Premium,Yes
PART4778,Courier Partner 4778,Local,3.37,partner4778@courier.example.com,Premium,Yes
PART4779,Courier Partner 4779,Local,3.25,partner4779@courier.example.com,Basic,Yes
PART4780,Courier Partner 4780,National,3.97,partner4780@courier.example.com,Premium,Yes
PART4781,Courier Partner 4781,National,3.32,partner4781@courier.example.com,Priority,Yes
PART4782,Courier Partner 4782,Local,4.15,partner4782@courier.example.com,Basic,Yes
PART4783,Courier Partner 4783,Local,4.29,partner4783@courier.example.com,Basic,Yes
PART4784,Courier Partner 4784,Local,4.05,partner4784@courier.example.com,Priority,Yes
PART4785,Courier Partner 4785,National,3.07,partner4785@courier.example.com,Priority,Yes
PART4786,Courier Partner 4786,National,3.12,partner4786@courier.example.com,Basic,Yes
PART4787,Courier Partner 4787,National,3.23,partner4787@courier.example.com,Basic,Yes
PART4788,Courier Partner 4788,National,3.31,partner4788@courier.example.com,Premium,Yes
PART4789,Courier Partner 4789,National,4.98,partner4789@courier.example.com,Basic,Yes
PART4790,Courier Partner 4790,National,3.69,partner4790@courier.example.com,Priority,Yes
PART4791,Courier Partner 4791,National,3.58,partner4791@courier.example.com,Basic,Yes
PART4792,Courier Partner 4792,International,3.1,partner4792@courier.example.com,Priority,Yes
PART4793,Courier Partner 4793,International,4.27,partner4793@courier.example.com,Basic,Yes
PART4794,Courier Partner 4794,International,4.3,partner4794@courier.example.com,Basic,Yes
PART4795,Courier Partner 4795,National,3.35,partner4795@courier.example.com,Priority,Yes
PART4796,Courier Partner 4796,International,4.84,partner4796@courier.example.com,Basic,Yes
PART4797,Courier Partner 4797,Local,4.6,partner4797@courier.example.com,Basic,Yes
PART4798,Courier Partner 4798,National,3.46,partner4798@courier.example.com,Priority,Yes
PART4799,Courier Partner 4799,International,3.97,partner4799@courier.example.com,Basic,Yes
PART4800,Courier Partner 4800,International,3.92,partner4800@courier.example.com,Basic,No
PART4801,Courier Partner 4801,National,3.7,partner4801@courier.example.com,Basic,Yes
PART4802,Courier Partner 4802,Local,4.64,partner4802@courier.example.com,Premium,Yes
PART4803,Courier Partner 4803,Local,3.22,partner4803@courier.example.com,Premium,Yes
PART4804,Courier Partner 4804,Local,3.83,partner4804@courier.example.com,Priority,Yes
PART4805,Courier Partner 4805,National,3.86,partner4805@courier.example.com,Premium,Yes
PART4806,Courier Partner 4806,Local,3.94,partner4806@courier.example.com,Basic,Yes
PART4807,Courier Partner 4807,National,4.72,partner4807@courier.example.com,Basic,Yes
PART4808,Courier Partner 4808,National,3.44,partner4808@courier.example.com,Premium,Yes
PART4809,Courier Partner 4809,National,3.21,partner4809@courier.example.com,Premium,Yes
PART4810,Courier Partner 4810,International,4.24,partner4810@courier.example.com,Priority,Yes
PART4811,Courier Partner 4811,National,3.35,partner4811@courier.example.com,Priority,Yes
PART4812,Courier Partner 4812,National,3.15,partner4812@courier.example.com,Basic,Yes
PART4813,Courier Partner 4813,National,3.85,partner4813@courier.example.com,Premium,Yes
PART4814,Courier Partner 4814,National,3.44,partner4814@courier.example.com,Premium,Yes
PART4815,Courier Partner 4815,Local,3.72,partner4815@courier.example.com,Basic,Yes
PART4816,Courier Partner 4816,Local,3.52,partner4816@courier.example.com,Basic,Yes
PART4817,Courier Partner 4817,International,3.19,partner4817@courier.example.com,Priority,Yes
PART4818,Courier Partner 4818,National,4.12,partner4818@courier.example.com,Premium,Yes
PART4819,Courier Partner 4819,National,3.05,partner4819@courier.example.com,Premium,Yes
PART4820,Courier Partner 4820,National,4.93,partner4820@courier.example.com,Premium,No
PART4821,Courier Partner 4821,Local,3.68,partner4821@courier.example.com,Premium,Yes
PART4822,Courier Partner 4822,National,4.39,partner4822@courier.example.com,Basic,No
PART4823,Courier Partner 4823,Local,4.62,partner4823@courier.example.com,Premium,Yes
PART4824,Courier Partner 4824,National,3.56,partner4824@courier.example.com,Premium,Yes
PART4825,Courier Partner 4825,National,4.5,partner4825@courier.example.com,Priority,Yes
PART4826,Courier Partner 4826,National,4.66,partner4826@courier.example.com,Premium,Yes
PART4827,Courier Partner 4827,National,3.48,partner4827@courier.example.com,Priority,Yes
PART4828,Courier Partner 4828,International,4.98,partner4828@courier.example.com,Basic,Yes
PART4829,Courier Partner 4829,National,3.04,partner4829@courier.example.com,Priority,No
PART4830,Courier Partner 4830,National,3.43,partner4830@courier.example.com,Priority,Yes
PART4831,Courier Partner 4831,National,4.56,partner4831@courier.example.com,Premium,Yes
PART4832,Courier Partner 4832,National,3.39,partner4832@courier.example.com,Basic,Yes
PART4833,Courier Partner 4833,Local,4.4,partner4833@courier.example.com,Basic,Yes
PART4834,Courier Partner 4834,Local,4.71,partner4834@courier.example.com,Premium,Yes
PART4835,Courier Partner 4835,National,4.92,partner4835@courier.example.com,Premium,Yes
PART4836,Courier Partner 4836,Local,3.95,partner4836@courier.example.com,Basic,Yes
PART4837,Courier Partner 4837,National,4.94,partner4837@courier.example.com,Premium,Yes
PART4838,Courier Partner 4838,National,3.82,partner4838@courier.example.com,Premium,Yes
PART4839,Courier Partner 4839,National,3.44,partner4839@courier.example.com,Basic,Yes
PART4840,Courier Partner 4840,International,4.03,partner4840@courier.example.com,Basic,Yes
PART4841,Courier Partner 4841,Local,4.3,partner4841@courier.example.com,Basic,Yes
PART4842,Courier Partner 4842,Local,3.92,partner4842@courier.example.com,Basic,Yes
PART4843,Courier Partner 4843,National,4.13,partner4843@courier.example.com,Basic,Yes
PART4844,Courier Partner 4844,Local,3.83,partner4844@courier.example.com,Premium,No
PART4845,Courier Partner 4845,Local,4.05,partner4845@courier.example.com,Basic,Yes
PART4846,Courier Partner 4846,National,4.91,partner4846@courier.example.com,Basic,Yes
PART4847,Courier Partner 4847,International,4.0,partner4847@courier.example.com,Premium,Yes
PART4848,Courier Partner 4848,National,3.51,partner4848@courier.example.com,Priority,Yes
PART4849,Courier Partner 4849,National,4.52,partner4849@courier.example.com,Basic,Yes
PART4850,Courier Partner 4850,Local,3.68,partner4850@courier.example.com,Priority,Yes
PART4851,Courier Partner 4851,National,4.63,partner4851@courier.example.com,Basic,Yes
PART4852,Courier Partner 4852,National,3.11,partner4852@courier.example.com,Basic,Yes
PART4853,Courier Partner 4853,National,3.66,partner4853@courier.example.com,Premium,Yes
PART4854,Courier Partner 4854,Local,3.19,partner4854@courier.example.com,Premium,Yes
PART4855,Courier Partner 4855,International,3.17,partner4855@courier.example.com,Premium,Yes
PART4856,Courier Partner 4856,National,4.32,partner4856@courier.example.com,Priority,Yes
PART4857,Courier Partner 4857,National,3.77,partner4857@courier.example.com,Basic,Yes
PART4858,Courier Partner 4858,International,4.74,partner4858@courier.example.com,Premium,Yes
PART4859,Courier Partner 4859,Local,4.03,partner4859@courier.example.com,Premium,Yes
PART4860,Courier Partner 4860,Local,3.59,partner4860@courier.example.com,Priority,Yes
PART4861,Courier Partner 4861,National,4.44,partner4861@courier.example.com,Basic,Yes
PART4862,Courier Partner 4862,International,4.25,partner4862@courier.example.com,Basic,Yes
PART4863,Courier Partner 4863,National,4.6,partner4863@courier.example.com,Premium,Yes
PART4864,Courier Partner 4864,Local,4.29,partner4864@courier.example.com,Priority,Yes
PART4865,Courier Partner 4865,National,3.33,partner4865@courier.example.com,Basic,Yes
PART4866,Courier Partner 4866,Local,4.34,partner4866@courier.example.com,Basic,Yes
PART4867,Courier Partner 4867,National,3.78,partner4867@courier.example.com,Basic,Yes
PART4868,Courier Partner 4868,Local,3.93,partner4868@courier.example.com,Premium,Yes
PART4869,Courier Partner 4869,International,4.84,partner4869@courier.example.com,Basic,Yes
PART4870,Courier Partner 4870,National,3.72,partner4870@courier.example.com,Basic,Yes
PART4871,Courier Partner 4871,National,4.22,partner4871@courier.example.com,Premium,Yes
PART4872,Courier Partner 4872,Local,3.73,partner4872@courier.example.com,Basic,No
PART4873,Courier Partner 4873,Local,3.19,partner4873@courier.example.com,Basic,Yes
PART4874,Courier Partner 4874,International,3.91,partner4874@courier.example.com,Basic,Yes
PART4875,Courier Partner 4875,Local,4.19,partner4875@courier.example.com,Basic,Yes
PART4876,Courier Partner 4876,National,3.82,partner4876@courier.example.com,Basic,Yes
PART4877,Courier Partner 4877,Local,3.78,partner4877@courier.example.com,Basic,Yes
PART4878,Courier Partner 4878,National,4.64,partner4878@courier.example.com,Basic,Yes
PART4879,Courier Partner 4879,Local,3.06,partner4879@courier.example.com,Premium,Yes
PART4880,Courier Partner 4880,Local,3.59,partner4880@courier.example.com,Basic,No
PART4881,Courier Partner 4881,National,4.62,partner4881@courier.example.com,Premium,Yes
PART4882,Courier Partner 4882,Local,4.84,partner4882@courier.example.com,Basic,No
PART4883,Courier Partner 4883,Local,3.82,partner4883@courier.example.com,Basic,Yes
PART4884,Courier Partner 4884,National,4.78,partner4884@courier.example.com,Priority,Yes
PART4885,Courier Partner 4885,National,3.4,partner4885@courier.example.com,Basic,Yes
PART4886,Courier Partner 4886,Local,3.44,partner4886@courier.example.com,Basic,Yes
PART4887,Courier Partner 4887,National,4.69,partner4887@courier.example.com,Priority,Yes
PART4888,Courier Partner 4888,International,4.81,partner4888@courier.example.com,Premium,Yes
PART4889,Courier Partner 4889,Local,3.45,partner4889@courier.example.com,Premium,Yes
PART4890,Courier Partner 4890,National,3.12,partner4890@courier.example.com,Premium,Yes
PART4891,Courier Partner 4891,National,3.18,partner4891@courier.example.com,Basic,Yes
PART4892,Courier Partner 4892,Local,3.52,partner4892@courier.example.com,Priority,Yes
PART4893,Courier Partner 4893,Local,4.52,partner4893@courier.example.com,Priority,Yes
PART4894,Courier Partner 4894,National,4.02,partner4894@courier.example.com,Basic,Yes
PART4895,Courier Partner 4895,National,3.91,partner4895@courier.example.com,Premium,No
PART4896,Courier Partner 4896,Local,4.17,partner4896@courier.example.com,Basic,Yes
PART4897,Courier Partner 4897,National,4.78,partner4897@courier.example.com,Premium,Yes
PART4898,Courier Partner 4898,National,3.18,partner4898@courier.example.com,Basic,Yes
PART4899,Courier Partner 4899,Local,4.39,partner4899@courier.example.com,Premium,Yes
PART4900,Courier Partner 4900,National,4.85,partner4900@courier.example.com,Basic,Yes
PART4901,Courier Partner 4901,International,3.43,partner4901@courier.example.com,Premium,No
PART4902,Courier Partner 4902,Local,4.68,partner4902@courier.example.com,Basic,Yes
PART4903,Courier Partner 4903,National,4.4,partner4903@courier.example.com,Premium,Yes
PART4904,Courier Partner 4904,National,3.03,partner4904@courier.example.com,Premium,Yes
PART4905,Courier Partner 4905,Local,3.46,partner4905@courier.example.com,Priority,Yes
PART4906,Courier Partner 4906,Local,4.21,partner4906@courier.example.com,Basic,Yes
PART4907,Courier Partner 4907,Local,4.0,partner4907@courier.example.com,Priority,Yes
PART4908,Courier Partner 4908,Local,4.06,partner4908@courier.example.com,Basic,Yes
PART4909,Courier Partner 4909,Local,3.46,partner4909@courier.example.com,Premium,Yes
PART4910,Courier Partner 4910,National,4.35,partner4910@courier.example.com,Premium,No
PART4911,Courier Partner 4911,International,3.53,partner4911@courier.example.com,Priority,Yes
PART4912,Courier Partner 4912,Local,3.78,partner4912@courier.example.com,Premium,Yes
PART4913,Courier Partner 4913,Local,3.74,partner4913@courier.example.com,Premium,Yes
PART4914,Courier Partner 4914,Local,4.34,partner4914@courier.example.com,Basic,Yes
PART4915,Courier Partner 4915,Local,3.18,partner4915@courier.example.com,Priority,Yes
PART4916,Courier Partner 4916,Local,3.41,partner4916@courier.example.com,Premium,Yes
PART4917,Courier Partner 4917,Local,3.4,partner4917@courier.example.com,Basic,Yes
PART4918,Courier Partner 4918,International,3.22,partner4918@courier.example.com,Basic,Yes
PART4919,Courier Partner 4919,Local,3.42,partner4919@courier.example.com,Premium,Yes
PART4920,Courier Partner 4920,National,4.21,partner4920@courier.example.com,Priority,Yes
PART4921,Courier Partner 4921,Local,4.46,partner4921@courier.example.com,Basic,No
PART4922,Courier Partner 4922,Local,4.32,partner4922@courier.example.com,Priority,Yes
PART4923,Courier Partner 4923,National,3.95,partner4923@courier.example.com,Basic,Yes
PART4924,Courier Partner 4924,Local,3.1,partner4924@courier.example.com,Priority,Yes
PART4925,Courier Partner 4925,International,4.92,partner4925@courier.example.com,Premium,Yes
PART4926,Courier Partner 4926,Local,3.34,partner4926@courier.example.com,Basic,Yes
PART4927,Courier Partner 4927,National,4.34,partner4927@courier.example.com,Basic,Yes
PART4928,Courier Partner 4928,International,4.83,partner4928@courier.example.com,Premium,Yes
PART4929,Courier Partner 4929,Local,4.4,partner4929@courier.example.com,Premium,Yes
PART4930,Courier Partner 4930,Local,3.44,partner4930@courier.example.com,Priority,Yes
PART4931,Courier Partner 4931,National,3.63,partner4931@courier.example.com,Premium,Yes
PART4932,Courier Partner 4932,Local,3.06,partner4932@courier.example.com,Premium,Yes
PART4933,Courier Partner 4933,National,4.23,partner4933@courier.example.com,Priority,Yes
PART4934,Courier Partner 4934,Local,4.23,partner4934@courier.example.com,Premium,Yes
PART4935,Courier Partner 4935,Local,4.45,partner4935@courier.example.com,Premium,Yes
PART4936,Courier Partner 4936,Local,3.02,partner4936@courier.example.com,Premium,Yes
PART4937,Courier Partner 4937,International,4.64,partner4937@courier.example.com,Priority,Yes
PART4938,Courier Partner 4938,Local,4.48,partner4938@courier.example.com,Basic,Yes
PART4939,Courier Partner 4939,Local,3.28,partner4939@courier.example.com,Premium,Yes
PART4940,Courier Partner 4940,National,3.7,partner4940@courier.example.com,Premium,Yes
PART4941,Courier Partner 4941,Local,4.28,partner4941@courier.example.com,Premium,Yes
PART4942,Courier Partner 4942,Local,3.99,partner4942@courier.example.com,Premium,Yes
PART4943,Courier Partner 4943,Local,3.23,partner4943@courier.example.com,Premium,Yes
PART4944,Courier Partner 4944,National,3.17,partner4944@courier.example.com,Basic,Yes
PART4945,Courier Partner 4945,National,4.56,partner4945@courier.example.com,Premium,No
PART4946,Courier Partner 4946,Local,3.31,partner4946@courier.example.com,Basic,Yes
PART4947,Courier Partner 4947,Local,3.34,partner4947@courier.example.com,Basic,Yes
PART4948,Courier Partner 4948,National,4.66,partner4948@courier.example.com,Premium,Yes
PART4949,Courier Partner 4949,National,4.22,partner4949@courier.example.com,Basic,Yes
PART4950,Courier Partner 4950,Local,4.21,partner4950@courier.example.com,Basic,Yes
PART4951,Courier Partner 4951,Local,3.96,partner4951@courier.example.com,Premium,Yes
PART4952,Courier Partner 4952,Local,4.14,partner4952@courier.example.com,Basic,Yes
PART4953,Courier Partner 4953,National,4.2,partner4953@courier.example.com,Basic,Yes
PART4954,Courier Partner 4954,International,4.94,partner4954@courier.example.com,Priority,Yes
PART4955,Courier Partner 4955,Local,3.45,partner4955@courier.example.com,Premium,Yes
PART4956,Courier Partner 4956,Local,3.43,partner4956@courier.example.com,Basic,Yes
PART4957,Courier Partner 4957,Local,3.11,partner4957@courier.example.com,Basic,Yes
PART4958,Courier Partner 4958,Local,4.32,partner4958@courier.example.com,Priority,Yes
PART4959,Courier Partner 4959,Local,4.1,partner4959@courier.example.com,Basic,Yes
PART4960,Courier Partner 4960,International,3.22,partner4960@courier.example.com,Premium,Yes
PART4961,Courier Partner 4961,Local,3.73,partner4961@courier.example.com,Premium,Yes
PART4962,Courier Partner 4962,National,3.36,partner4962@courier.example.com,Premium,Yes
PART4963,Courier Partner 4963,Local,3.66,partner4963@courier.example.com,Priority,Yes
PART4964,Courier Partner 4964,National,4.9,partner4964@courier.example.com,Basic,Yes
PART4965,Courier Partner 4965,National,4.37,partner4965@courier.example.com,Basic,Yes
PART4966,Courier Partner 4966,Local,3.02,partner4966@courier.example.com,Premium,Yes
PART4967,Courier Partner 4967,International,3.51,partner4967@courier.example.com,Priority,Yes
PART4968,Courier Partner 4968,Local,3.02,partner4968@courier.example.com,Priority,Yes
PART4969,Courier Partner 4969,National,4.43,partner4969@courier.example.com,Premium,Yes
PART4970,Courier Partner 4970,National,3.94,partner4970@courier.example.com,Priority,Yes
PART4971,Courier Partner 4971,Local,4.99,partner4971@courier.example.com,Basic,Yes
PART4972,Courier Partner 4972,National,4.47,partner4972@courier.example.com,Basic,Yes
PART4973,Courier Partner 4973,National,4.04,partner4973@courier.example.com,Basic,Yes
PART4974,Courier Partner 4974,International,4.61,partner4974@courier.example.com,Basic,Yes
PART4975,Courier Partner 4975,National,4.41,partner4975@courier.example.com,Premium,Yes
PART4976,Courier Partner 4976,Local,3.49,partner4976@courier.example.com,Priority,Yes
PART4977,Courier Partner 4977,National,4.06,partner4977@courier.example.com,Premium,Yes
PART4978,Courier Partner 4978,National,4.11,partner4978@courier.example.com,Premium,Yes
PART4979,Courier Partner 4979,National,3.9,partner4979@courier.example.com,Basic,Yes
PART4980,Courier Partner 4980,National,3.36,partner4980@courier.example.com,Premium,Yes
PART4981,Courier Partner 4981,Local,3.45,partner4981@courier.example.com,Premium,Yes
PART4982,Courier Partner 4982,Local,3.56,partner4982@courier.example.com,Premium,Yes
PART4983,Courier Partner 4983,National,3.02,partner4983@courier.example.com,Basic,Yes
PART4984,Courier Partner 4984,International,4.83,partner4984@courier.example.com,Premium,Yes
PART4985,Courier Partner 4985,National,4.37,partner4985@courier.example.com,Basic,Yes
PART4986,Courier Partner 4986,International,4.38,partner4986@courier.example.com,Premium,Yes
PART4987,Courier Partner 4987,International,4.14,partner4987@courier.example.com,Basic,Yes
PART4988,Courier Partner 4988,International,4.38,partner4988@courier.example.com,Basic,Yes
PART4989,Courier Partner 4989,International,4.96,partner4989@courier.example.com,Basic,Yes
PART4990,Courier Partner 4990,National,3.77,partner4990@courier.example.com,Premium,Yes
PART4991,Courier Partner 4991,National,4.43,partner4991@courier.example.com,Premium,No
PART4992,Courier Partner 4992,National,3.72,partner4992@courier.example.com,Priority,Yes
PART4993,Courier Partner 4993,Local,4.71,partner4993@courier.example.com,Premium,Yes
PART4994,Courier Partner 4994,Local,4.72,partner4994@courier.example.com,Basic,Yes
PART4995,Courier Partner 4995,Local,4.8,partner4995@courier.example.com,Premium,Yes
PART4996,Courier Partner 4996,Local,3.01,partner4996@courier.example.com,Premium,Yes
PART4997,Courier Partner 4997,Local,3.6,partner4997@courier.example.com,Basic,Yes
PART4998,Courier Partner 4998,International,3.27,partner4998@courier.example.com,Premium,Yes
PART4999,Courier Partner 4999,National,3.91,partner4999@courier.example.com,Basic,Yes
PART5000,Courier Partner 5000,Local,3.99,partner5000@courier.example.com,Basic,Yes
