customer_id,customer_name,email,phone,city,state,customer_type,registration_date
CUST00001,Vivek Bose,customer00001@example.com,9811886592,Kolkata,West Bengal,Individual,2025-10-23
CUST00002,Swetha Mishra,customer00002@example.com,9158735632,Mumbai,Maharashtra,Individual,2026-07-10
CUST00003,Rahul Verma,customer00003@example.com,9379196477,Jaipur,Rajasthan,Individual,2025-03-09
CUST00004,Rohit Nair,customer00004@example.com,9513375535,Vijayawada,Andhra Pradesh,Individual,2023-11-17
CUST00005,Rohit Joshi,customer00005@example.com,9610581821,Salem,Tamil Nadu,Individual,2023-09-03
CUST00006,Swetha Iyer,customer00006@example.com,9483161412,Coimbatore,Tamil Nadu,Individual,2024-04-21
CUST00007,Ajay Singh,customer00007@example.com,9455516050,Jaipur,Rajasthan,Individual,2026-07-06
CUST00008,Priya Bose,customer00008@example.com,9643158118,Pune,Maharashtra,Individual,2026-01-21
CUST00009,Rohit Rao,customer00009@example.com,9427793005,Kolkata,West Bengal,Business,2025-02-21
CUST00010,Sneha Gupta,customer00010@example.com,9263550369,Trichy,Tamil Nadu,Individual,2024-06-16
CUST00011,Arun Singh,customer00011@example.com,9796583088,Hyderabad,Telangana,Individual,2026-09-24
CUST00012,Ajay Joshi,customer00012@example.com,9503340239,Kolkata,West Bengal,Individual,2026-07-07
CUST00013,Ajay Sharma,customer00013@example.com,9598992615,Salem,Tamil Nadu,Individual,2023-08-25
CUST00014,Rohit Das,customer00014@example.com,9784511217,Salem,Tamil Nadu,Individual,2026-03-10
CUST00015,Karthik Singh,customer00015@example.com,9336302766,Coimbatore,Tamil Nadu,Individual,2025-09-01
CUST00016,Swetha Patel,customer00016@example.com,9386676966,Pune,Maharashtra,Individual,2024-11-09
CUST00017,Sneha Verma,customer00017@example.com,9259826778,Mumbai,Maharashtra,Individual,2024-08-01
CUST00018,Kavya Das,customer00018@example.com,9916799973,Coimbatore,Tamil Nadu,Individual,2026-10-05
CUST00019,Arun Singh,customer00019@example.com,9685197937,Coimbatore,Tamil Nadu,Business,2023-05-10
CUST00020,Suresh Patel,customer00020@example.com,9151847345,Hyderabad,Telangana,Individual,2023-01-11
CUST00021,Ajay Mehta,customer00021@example.com,9735154264,Delhi,Delhi,Individual,2023-09-14
CUST00022,Meena Verma,customer00022@example.com,9261302093,Pune,Maharashtra,Business,2025-03-26
CUST00023,Vivek Menon,customer00023@example.com,9542973453,Bengaluru,Karnataka,Business,2024-01-04
CUST00024,Nithya Joshi,customer00024@example.com,9250895821,Coimbatore,Tamil Nadu,Individual,2025-08-01
CUST00025,Vijay Reddy,customer00025@example.com,9959769624,Kochi,Kerala,Individual,2025-05-31
CUST00026,Priya Mehta,customer00026@example.com,9939333603,Ahmedabad,Gujarat,Individual,2023-01-19
CUST00027,Ananya Mishra,customer00027@example.com,9437079171,Delhi,Delhi,Individual,2023-04-20
CUST00028,Meena Patel,customer00028@example.com,9147908590,Bengaluru,Karnataka,Business,2024-05-19
CUST00029,Rahul Pillai,customer00029@example.com,9597234894,Kochi,Kerala,Individual,2025-11-23
CUST00030,Sneha Mehta,customer00030@example.com,9957284689,Pune,Maharashtra,Individual,2026-08-04
CUST00031,Kavya Kapoor,customer00031@example.com,9867837005,Chennai,Tamil Nadu,Business,2025-09-29
CUST00032,Suresh Singh,customer00032@example.com,9439634937,Kochi,Kerala,Individual,2023-09-12
CUST00033,Sneha Kumar,customer00033@example.com,9507466601,Trichy,Tamil Nadu,Individual,2024-09-29
CUST00034,Harini Bose,customer00034@example.com,9138669500,Delhi,Delhi,Business,2023-05-14
CUST00035,Vivek Mehta,customer00035@example.com,9691924297,Jaipur,Rajasthan,Business,2024-05-13
CUST00036,Divya Verma,customer00036@example.com,9176643337,Kochi,Kerala,Business,2024-02-01
CUST00037,Meena Pillai,customer00037@example.com,9932183930,Madurai,Tamil Nadu,Individual,2024-10-08
CUST00038,Rohit Sharma,customer00038@example.com,9534899159,Chennai,Tamil Nadu,Business,2024-11-15
CUST00039,Vijay Reddy,customer00039@example.com,9721177121,Salem,Tamil Nadu,Individual,2026-05-21
CUST00040,Karthik Kumar,customer00040@example.com,9810992316,Salem,Tamil Nadu,Individual,2026-10-05
CUST00041,Karthik Kapoor,customer00041@example.com,9626000091,Vijayawada,Andhra Pradesh,Business,2023-01-19
CUST00042,Kavya Bose,customer00042@example.com,9983628583,Trichy,Tamil Nadu,Individual,2025-10-07
CUST00043,Pooja Gupta,customer00043@example.com,9205009344,Kochi,Kerala,Business,2023-04-29
CUST00044,Ananya Joshi,customer00044@example.com,9860387198,Kochi,Kerala,Individual,2023-10-29
CUST00045,Karthik Singh,customer00045@example.com,9675528899,Vijayawada,Andhra Pradesh,Individual,2026-08-01
CUST00046,Vivek Naidu,customer00046@example.com,9326904646,Ahmedabad,Gujarat,Individual,2023-08-15
CUST00047,Rohit Gupta,customer00047@example.com,9590282632,Ahmedabad,Gujarat,Individual,2026-05-20
CUST00048,Divya Kumar,customer00048@example.com,9207439247,Vijayawada,Andhra Pradesh,Individual,2023-12-22
CUST00049,Divya Joshi,customer00049@example.com,9539655812,Ahmedabad,Gujarat,Individual,2024-12-01
CUST00050,Ananya Das,customer00050@example.com,9546152545,Hyderabad,Telangana,Business,2024-05-01
CUST00051,Rahul Rao,customer00051@example.com,9128143483,Kochi,Kerala,Individual,2026-09-06
CUST00052,Priya Sharma,customer00052@example.com,9724129430,Kolkata,West Bengal,Individual,2023-08-11
CUST00053,Ajay Pillai,customer00053@example.com,9574650410,Mumbai,Maharashtra,Individual,2026-04-29
CUST00054,Kavya Singh,customer00054@example.com,9308481649,Madurai,Tamil Nadu,Business,2025-09-21
CUST00055,Divya Rao,customer00055@example.com,9590494808,Hyderabad,Telangana,Individual,2024-05-14
CUST00056,Vijay Kapoor,customer00056@example.com,9557706936,Pune,Maharashtra,Individual,2026-06-14
CUST00057,Swetha Gupta,customer00057@example.com,9212321407,Hyderabad,Telangana,Individual,2025-11-11
CUST00058,Vivek Rao,customer00058@example.com,9242685079,Kolkata,West Bengal,Individual,2026-09-12
CUST00059,Manoj Verma,customer00059@example.com,9723245875,Pune,Maharashtra,Individual,2026-02-24
CUST00060,Karthik Menon,customer00060@example.com,9938268580,Madurai,Tamil Nadu,Individual,2023-12-31
CUST00061,Meena Joshi,customer00061@example.com,9718235916,Kolkata,West Bengal,Individual,2025-12-03
CUST00062,Dinesh Gupta,customer00062@example.com,9810391485,Bengaluru,Karnataka,Business,2024-06-02
CUST00063,Ajay Das,customer00063@example.com,9578104538,Mumbai,Maharashtra,Business,2026-02-25
CUST00064,Divya Singh,customer00064@example.com,9216656467,Madurai,Tamil Nadu,Individual,2026-02-27
CUST00065,Vivek Gupta,customer00065@example.com,9291028064,Kochi,Kerala,Individual,2024-06-12
CUST00066,Suresh Kumar,customer00066@example.com,9109117535,Ahmedabad,Gujarat,Business,2026-09-06
CUST00067,Manoj Pillai,customer00067@example.com,9214427655,Bengaluru,Karnataka,Individual,2023-07-05
CUST00068,Harini Reddy,customer00068@example.com,9439857719,Trichy,Tamil Nadu,Individual,2025-03-08
CUST00069,Vivek Rao,customer00069@example.com,9965635036,Madurai,Tamil Nadu,Individual,2025-09-08
CUST00070,Nithya Sinha,customer00070@example.com,9772040039,Trichy,Tamil Nadu,Individual,2023-12-14
CUST00071,Manoj Sinha,customer00071@example.com,9441926226,Pune,Maharashtra,Business,2025-07-10
CUST00072,Vijay Kapoor,customer00072@example.com,9179273157,Bengaluru,Karnataka,Individual,2025-07-09
CUST00073,Harini Rao,customer00073@example.com,9646126123,Mumbai,Maharashtra,Individual,2025-08-14
CUST00074,Suresh Kumar,customer00074@example.com,9451706555,Kochi,Kerala,Individual,2023-12-27
CUST00075,Swetha Reddy,customer00075@example.com,9605721190,Vijayawada,Andhra Pradesh,Individual,2026-08-03
CUST00076,Priya Pillai,customer00076@example.com,9850329199,Kochi,Kerala,Individual,2023-07-01
CUST00077,Nithya Iyer,customer00077@example.com,9963615144,Kolkata,West Bengal,Individual,2023-04-07
CUST00078,Sneha Reddy,customer00078@example.com,9166561172,Kochi,Kerala,Business,2024-07-16
CUST00079,Swetha Mishra,customer00079@example.com,9165997560,Jaipur,Rajasthan,Business,2023-11-10
CUST00080,Meena Mishra,customer00080@example.com,9149361663,Coimbatore,Tamil Nadu,Business,2025-08-12
CUST00081,Ajay Patel,customer00081@example.com,9857820373,Vijayawada,Andhra Pradesh,Business,2023-01-21
CUST00082,Sneha Das,customer00082@example.com,9556097791,Hyderabad,Telangana,Individual,2025-03-15
CUST00083,Kavya Joshi,customer00083@example.com,9406450633,Ahmedabad,Gujarat,Individual,2024-07-29
CUST00084,Suresh Verma,customer00084@example.com,9348097737,Chennai,Tamil Nadu,Individual,2024-02-07
CUST00085,Arun Mehta,customer00085@example.com,9749983644,Mumbai,Maharashtra,Individual,2026-02-21
CUST00086,Pooja Gupta,customer00086@example.com,9249770703,Bengaluru,Karnataka,Business,2024-09-04
CUST00087,Ajay Sinha,customer00087@example.com,9761750208,Coimbatore,Tamil Nadu,Business,2026-02-16
CUST00088,Suresh Verma,customer00088@example.com,9110621840,Mumbai,Maharashtra,Individual,2025-08-27
CUST00089,Sneha Rao,customer00089@example.com,9729363485,Bengaluru,Karnataka,Individual,2024-11-23
CUST00090,Pooja Singh,customer00090@example.com,9231449625,Ahmedabad,Gujarat,Business,2025-08-16
CUST00091,Rahul Bose,customer00091@example.com,9884482740,Delhi,Delhi,Business,2025-05-21
CUST00092,Kavya Gupta,customer00092@example.com,9243071100,Delhi,Delhi,Individual,2025-04-19
CUST00093,Vijay Sinha,customer00093@example.com,9102250477,Trichy,Tamil Nadu,Business,2023-04-13
CUST00094,Dinesh Reddy,customer00094@example.com,9482628404,Mumbai,Maharashtra,Individual,2023-11-29
CUST00095,Swetha Reddy,customer00095@example.com,9293529428,Delhi,Delhi,Individual,2026-02-27
CUST00096,Ananya Verma,customer00096@example.com,9899010221,Jaipur,Rajasthan,Individual,2025-01-22
CUST00097,Dinesh Sharma,customer00097@example.com,9305581159,Vijayawada,Andhra Pradesh,Individual,2023-05-14
CUST00098,Manoj Gupta,customer00098@example.com,9892580308,Bengaluru,Karnataka,Individual,2026-03-26
CUST00099,Suresh Bose,customer00099@example.com,9778003636,Trichy,Tamil Nadu,Individual,2024-02-29
CUST00100,Priya Sharma,customer00100@example.com,9980616551,Kochi,Kerala,Business,2025-07-25
CUST00101,Divya Joshi,customer00101@example.com,9109449136,Bengaluru,Karnataka,Individual,2026-09-03
CUST00102,Meena Das,customer00102@example.com,9294506386,Trichy,Tamil Nadu,Individual,2024-05-19
CUST00103,Ananya Pillai,customer00103@example.com,9145172091,Ahmedabad,Gujarat,Individual,2025-05-20
CUST00104,Arun Gupta,customer00104@example.com,9661694662,Mumbai,Maharashtra,Individual,2023-07-09
CUST00105,Karthik Mehta,customer00105@example.com,9726164816,Ahmedabad,Gujarat,Individual,2024-09-03
CUST00106,Harini Sinha,customer00106@example.com,9476074944,Vijayawada,Andhra Pradesh,Individual,2023-02-21
CUST00107,Kavya Rao,customer00107@example.com,9605086500,Vijayawada,Andhra Pradesh,Individual,2024-09-03
CUST00108,Vijay Menon,customer00108@example.com,9544738936,Coimbatore,Tamil Nadu,Individual,2024-01-09
CUST00109,Ananya Iyer,customer00109@example.com,9951732293,Ahmedabad,Gujarat,Individual,2024-01-10
CUST00110,Meena Gupta,customer00110@example.com,9518112058,Kolkata,West Bengal,Individual,2024-01-24
CUST00111,Meena Das,customer00111@example.com,9951749237,Kochi,Kerala,Business,2024-11-04
CUST00112,Priya Das,customer00112@example.com,9192041092,Madurai,Tamil Nadu,Individual,2025-03-14
CUST00113,Pooja Iyer,customer00113@example.com,9888972324,Ahmedabad,Gujarat,Individual,2024-02-08
CUST00114,Rahul Verma,customer00114@example.com,9109380638,Coimbatore,Tamil Nadu,Individual,2024-08-15
CUST00115,Ajay Joshi,customer00115@example.com,9968756683,Pune,Maharashtra,Individual,2025-01-01
CUST00116,Meena Singh,customer00116@example.com,9695911266,Jaipur,Rajasthan,Individual,2024-05-19
CUST00117,Rohit Sharma,customer00117@example.com,9185908143,Bengaluru,Karnataka,Business,2023-03-24
CUST00118,Dinesh Kumar,customer00118@example.com,9124926981,Vijayawada,Andhra Pradesh,Business,2023-11-15
CUST00119,Karthik Mehta,customer00119@example.com,9821282830,Pune,Maharashtra,Individual,2025-12-26
CUST00120,Rahul Kapoor,customer00120@example.com,9318861710,Coimbatore,Tamil Nadu,Individual,2024-02-18
CUST00121,Harini Patel,customer00121@example.com,9342044092,Trichy,Tamil Nadu,Individual,2024-03-28
CUST00122,Rahul Mehta,customer00122@example.com,9805009171,Madurai,Tamil Nadu,Individual,2025-01-15
CUST00123,Karthik Mishra,customer00123@example.com,9289677388,Kochi,Kerala,Individual,2023-07-17
CUST00124,Manoj Sinha,customer00124@example.com,9926821931,Kochi,Kerala,Individual,2023-09-16
CUST00125,Ajay Kapoor,customer00125@example.com,9969591465,Kochi,Kerala,Business,2023-10-25
CUST00126,Harini Sinha,customer00126@example.com,9997837150,Jaipur,Rajasthan,Individual,2026-07-27
CUST00127,Ananya Kumar,customer00127@example.com,9366801057,Madurai,Tamil Nadu,Business,2023-10-27
CUST00128,Swetha Kumar,customer00128@example.com,9110319935,Jaipur,Rajasthan,Business,2023-05-09
CUST00129,Ajay Kapoor,customer00129@example.com,9817168258,Vijayawada,Andhra Pradesh,Business,2024-05-12
CUST00130,Harini Menon,customer00130@example.com,9390106376,Jaipur,Rajasthan,Individual,2024-03-13
CUST00131,Suresh Rao,customer00131@example.com,9988050122,Chennai,Tamil Nadu,Individual,2026-08-08
CUST00132,Rohit Iyer,customer00132@example.com,9575657930,Madurai,Tamil Nadu,Business,2023-07-26
CUST00133,Arun Mehta,customer00133@example.com,9827271893,Kolkata,West Bengal,Individual,2023-10-21
CUST00134,Priya Joshi,customer00134@example.com,9465259561,Madurai,Tamil Nadu,Business,2023-01-29
CUST00135,Rohit Singh,customer00135@example.com,9669483769,Coimbatore,Tamil Nadu,Individual,2023-06-28
CUST00136,Vijay Gupta,customer00136@example.com,9137859411,Chennai,Tamil Nadu,Individual,2023-02-10
CUST00137,Dinesh Patel,customer00137@example.com,9733434170,Kochi,Kerala,Individual,2026-04-30
CUST00138,Kavya Naidu,customer00138@example.com,9584423113,Coimbatore,Tamil Nadu,Individual,2023-12-10
CUST00139,Dinesh Joshi,customer00139@example.com,9505609365,Coimbatore,Tamil Nadu,Individual,2025-03-26
CUST00140,Karthik Pillai,customer00140@example.com,9139012508,Vijayawada,Andhra Pradesh,Individual,2025-01-06
CUST00141,Karthik Das,customer00141@example.com,9257421374,Salem,Tamil Nadu,Individual,2024-09-17
CUST00142,Vijay Mishra,customer00142@example.com,9887055944,Hyderabad,Telangana,Individual,2023-10-05
CUST00143,Ananya Menon,customer00143@example.com,9481978172,Chennai,Tamil Nadu,Individual,2026-10-10
CUST00144,Harini Pillai,customer00144@example.com,9644842303,Coimbatore,Tamil Nadu,Individual,2024-06-12
CUST00145,Swetha Kapoor,customer00145@example.com,9397786180,Hyderabad,Telangana,Individual,2023-03-27
CUST00146,Ajay Das,customer00146@example.com,9990208935,Hyderabad,Telangana,Individual,2023-11-13
CUST00147,Rohit Bose,customer00147@example.com,9661344714,Chennai,Tamil Nadu,Individual,2024-11-23
CUST00148,Dinesh Bose,customer00148@example.com,9837300096,Salem,Tamil Nadu,Business,2026-09-22
CUST00149,Karthik Mishra,customer00149@example.com,9844632052,Pune,Maharashtra,Business,2025-05-12
CUST00150,Nithya Singh,customer00150@example.com,9942589289,Trichy,Tamil Nadu,Business,2026-03-14
CUST00151,Vivek Patel,customer00151@example.com,9490311744,Kolkata,West Bengal,Individual,2023-11-11
CUST00152,Vijay Kumar,customer00152@example.com,9836406649,Trichy,Tamil Nadu,Business,2023-08-13
CUST00153,Rahul Pillai,customer00153@example.com,9780698173,Madurai,Tamil Nadu,Business,2025-12-13
CUST00154,Divya Singh,customer00154@example.com,9110441909,Kochi,Kerala,Business,2023-03-09
CUST00155,Priya Menon,customer00155@example.com,9523925350,Kolkata,West Bengal,Individual,2026-09-19
CUST00156,Ananya Patel,customer00156@example.com,9179707451,Madurai,Tamil Nadu,Business,2025-10-17
CUST00157,Priya Mehta,customer00157@example.com,9158613549,Coimbatore,Tamil Nadu,Individual,2026-01-05
CUST00158,Harini Joshi,customer00158@example.com,9955594756,Kochi,Kerala,Business,2025-05-05
CUST00159,Vijay Rao,customer00159@example.com,9516403056,Bengaluru,Karnataka,Individual,2026-03-24
CUST00160,Sneha Iyer,customer00160@example.com,9721883797,Chennai,Tamil Nadu,Individual,2025-12-31
CUST00161,Meena Das,customer00161@example.com,9534723801,Kolkata,West Bengal,Individual,2026-10-14
CUST00162,Karthik Nair,customer00162@example.com,9790670516,Kolkata,West Bengal,Individual,2026-07-24
CUST00163,Sneha Kapoor,customer00163@example.com,9474692933,Ahmedabad,Gujarat,Individual,2025-06-01
CUST00164,Rahul Naidu,customer00164@example.com,9210320799,Coimbatore,Tamil Nadu,Business,2026-08-29
CUST00165,Vivek Singh,customer00165@example.com,9386891247,Pune,Maharashtra,Individual,2026-02-02
CUST00166,Kavya Reddy,customer00166@example.com,9946835210,Hyderabad,Telangana,Individual,2025-08-28
CUST00167,Dinesh Singh,customer00167@example.com,9926109065,Kochi,Kerala,Individual,2026-01-23
CUST00168,Vivek Rao,customer00168@example.com,9508881646,Coimbatore,Tamil Nadu,Individual,2026-05-27
CUST00169,Vijay Joshi,customer00169@example.com,9778106358,Delhi,Delhi,Individual,2026-02-25
CUST00170,Swetha Iyer,customer00170@example.com,9480397409,Salem,Tamil Nadu,Individual,2023-07-19
CUST00171,Pooja Naidu,customer00171@example.com,9374497054,Hyderabad,Telangana,Individual,2023-11-28
CUST00172,Nithya Bose,customer00172@example.com,9277264139,Chennai,Tamil Nadu,Individual,2024-06-30
CUST00173,Vivek Singh,customer00173@example.com,9812940786,Hyderabad,Telangana,Individual,2026-08-08
CUST00174,Karthik Bose,customer00174@example.com,9625706859,Pune,Maharashtra,Individual,2023-03-07
CUST00175,Divya Mehta,customer00175@example.com,9318838351,Vijayawada,Andhra Pradesh,Individual,2024-12-31
CUST00176,Pooja Menon,customer00176@example.com,9213350053,Ahmedabad,Gujarat,Business,2024-07-21
CUST00177,Meena Sharma,customer00177@example.com,9269132866,Hyderabad,Telangana,Individual,2024-10-18
CUST00178,Rohit Mehta,customer00178@example.com,9512002497,Chennai,Tamil Nadu,Individual,2024-02-08
CUST00179,Suresh Menon,customer00179@example.com,9214207027,Pune,Maharashtra,Individual,2024-09-09
CUST00180,Manoj Singh,customer00180@example.com,9720045956,Trichy,Tamil Nadu,Individual,2024-08-18
CUST00181,Pooja Kapoor,customer00181@example.com,9405977226,Kolkata,West Bengal,Individual,2024-10-09
CUST00182,Vivek Iyer,customer00182@example.com,9132254457,Vijayawada,Andhra Pradesh,Individual,2023-05-26
CUST00183,Sneha Mehta,customer00183@example.com,9556909080,Ahmedabad,Gujarat,Individual,2025-01-30
CUST00184,Arun Naidu,customer00184@example.com,9606715938,Kolkata,West Bengal,Individual,2023-05-05
CUST00185,Ananya Mehta,customer00185@example.com,9126417826,Salem,Tamil Nadu,Individual,2026-09-17
CUST00186,Rohit Sharma,customer00186@example.com,9457381909,Madurai,Tamil Nadu,Individual,2024-04-24
CUST00187,Divya Pillai,customer00187@example.com,9119796900,Vijayawada,Andhra Pradesh,Business,2025-09-28
CUST00188,Karthik Reddy,customer00188@example.com,9983130325,Vijayawada,Andhra Pradesh,Individual,2024-12-12
CUST00189,Arun Pillai,customer00189@example.com,9954113718,Trichy,Tamil Nadu,Individual,2024-12-15
CUST00190,Karthik Mehta,customer00190@example.com,9432180170,Trichy,Tamil Nadu,Business,2025-03-25
CUST00191,Priya Rao,customer00191@example.com,9681784159,Kochi,Kerala,Business,2025-11-19
CUST00192,Rohit Joshi,customer00192@example.com,9700158690,Jaipur,Rajasthan,Individual,2023-02-25
CUST00193,Sneha Reddy,customer00193@example.com,9769590750,Hyderabad,Telangana,Individual,2023-05-12
CUST00194,Harini Kapoor,customer00194@example.com,9960309228,Vijayawada,Andhra Pradesh,Individual,2023-08-19
CUST00195,Rahul Mehta,customer00195@example.com,9966294727,Kolkata,West Bengal,Individual,2024-01-30
CUST00196,Manoj Verma,customer00196@example.com,9872000531,Chennai,Tamil Nadu,Individual,2026-03-21
CUST00197,Pooja Pillai,customer00197@example.com,9814984041,Mumbai,Maharashtra,Individual,2025-09-08
CUST00198,Ajay Kumar,customer00198@example.com,9678619907,Jaipur,Rajasthan,Individual,2025-08-20
CUST00199,Manoj Patel,customer00199@example.com,9337157905,Mumbai,Maharashtra,Individual,2025-07-21
CUST00200,Vivek Singh,customer00200@example.com,9778568242,Ahmedabad,Gujarat,Individual,2025-06-26
CUST00201,Ananya Sinha,customer00201@example.com,9978911427,Pune,Maharashtra,Individual,2024-06-16
CUST00202,Manoj Naidu,customer00202@example.com,9558514963,Kolkata,West Bengal,Individual,2025-08-22
CUST00203,Suresh Kapoor,customer00203@example.com,9652235129,Kolkata,West Bengal,Individual,2024-03-23
CUST00204,Rahul Das,customer00204@example.com,9386132872,Jaipur,Rajasthan,Individual,2023-05-06
CUST00205,Nithya Kumar,customer00205@example.com,9948089679,Vijayawada,Andhra Pradesh,Individual,2024-07-08
CUST00206,Nithya Sharma,customer00206@example.com,9766459289,Salem,Tamil Nadu,Business,2024-11-24
CUST00207,Ananya Naidu,customer00207@example.com,9126762085,Jaipur,Rajasthan,Individual,2024-05-03
CUST00208,Sneha Kumar,customer00208@example.com,9130940696,Mumbai,Maharashtra,Individual,2024-09-03
CUST00209,Manoj Das,customer00209@example.com,9210089667,Jaipur,Rajasthan,Business,2025-06-09
CUST00210,Dinesh Kumar,customer00210@example.com,9499498408,Kolkata,West Bengal,Individual,2024-03-21
CUST00211,Vijay Bose,customer00211@example.com,9850534714,Salem,Tamil Nadu,Business,2026-10-04
CUST00212,Sneha Das,customer00212@example.com,9891345452,Hyderabad,Telangana,Individual,2024-05-22
CUST00213,Ajay Bose,customer00213@example.com,9537385768,Delhi,Delhi,Individual,2024-04-01
CUST00214,Rahul Naidu,customer00214@example.com,9557188901,Kochi,Kerala,Individual,2025-09-12
CUST00215,Kavya Bose,customer00215@example.com,9204186996,Bengaluru,Karnataka,Individual,2024-01-20
CUST00216,Suresh Menon,customer00216@example.com,9957484414,Trichy,Tamil Nadu,Individual,2024-12-12
CUST00217,Harini Singh,customer00217@example.com,9622366356,Jaipur,Rajasthan,Business,2025-07-17
CUST00218,Kavya Sharma,customer00218@example.com,9357159566,Ahmedabad,Gujarat,Individual,2026-02-12
CUST00219,Dinesh Iyer,customer00219@example.com,9587016962,Madurai,Tamil Nadu,Individual,2024-03-27
CUST00220,Divya Nair,customer00220@example.com,9123314292,Pune,Maharashtra,Business,2024-10-15
CUST00221,Nithya Patel,customer00221@example.com,9310246129,Delhi,Delhi,Individual,2026-02-16
CUST00222,Swetha Bose,customer00222@example.com,9128738477,Kochi,Kerala,Individual,2026-01-21
CUST00223,Dinesh Naidu,customer00223@example.com,9300389135,Kochi,Kerala,Individual,2024-06-04
CUST00224,Swetha Kapoor,customer00224@example.com,9287972872,Kochi,Kerala,Business,2024-06-21
CUST00225,Pooja Das,customer00225@example.com,9421922798,Kochi,Kerala,Individual,2023-05-25
CUST00226,Arun Mehta,customer00226@example.com,9387530246,Mumbai,Maharashtra,Individual,2025-12-27
CUST00227,Kavya Gupta,customer00227@example.com,9700999309,Ahmedabad,Gujarat,Business,2024-11-30
CUST00228,Vijay Verma,customer00228@example.com,9736556933,Ahmedabad,Gujarat,Individual,2023-05-11
CUST00229,Manoj Reddy,customer00229@example.com,9748019668,Salem,Tamil Nadu,Individual,2025-01-02
CUST00230,Arun Iyer,customer00230@example.com,9194336526,Trichy,Tamil Nadu,Individual,2026-07-28
CUST00231,Nithya Iyer,customer00231@example.com,9265036871,Kolkata,West Bengal,Individual,2024-05-27
CUST00232,Arun Sinha,customer00232@example.com,9549286049,Kochi,Kerala,Individual,2024-10-01
CUST00233,Pooja Rao,customer00233@example.com,9751506023,Madurai,Tamil Nadu,Business,2023-01-01
CUST00234,Dinesh Iyer,customer00234@example.com,9310768735,Kolkata,West Bengal,Individual,2024-03-07
CUST00235,Priya Pillai,customer00235@example.com,9609504121,Ahmedabad,Gujarat,Individual,2024-01-26
CUST00236,Karthik Singh,customer00236@example.com,9197484016,Chennai,Tamil Nadu,Individual,2026-07-13
CUST00237,Arun Joshi,customer00237@example.com,9278570866,Chennai,Tamil Nadu,Individual,2024-02-03
CUST00238,Harini Nair,customer00238@example.com,9314914756,Madurai,Tamil Nadu,Individual,2025-03-18
CUST00239,Vivek Mishra,customer00239@example.com,9653247965,Salem,Tamil Nadu,Business,2026-07-03
CUST00240,Dinesh Kapoor,customer00240@example.com,9517319125,Ahmedabad,Gujarat,Individual,2024-01-30
CUST00241,Swetha Menon,customer00241@example.com,9552322195,Madurai,Tamil Nadu,Individual,2025-08-09
CUST00242,Rohit Das,customer00242@example.com,9668355407,Mumbai,Maharashtra,Individual,2023-06-23
CUST00243,Meena Mehta,customer00243@example.com,9475445254,Jaipur,Rajasthan,Individual,2025-12-04
CUST00244,Priya Reddy,customer00244@example.com,9860207494,Madurai,Tamil Nadu,Individual,2025-05-04
CUST00245,Vijay Rao,customer00245@example.com,9697397297,Hyderabad,Telangana,Business,2026-03-10
CUST00246,Vijay Sinha,customer00246@example.com,9851819505,Kolkata,West Bengal,Individual,2024-06-22
CUST00247,Harini Rao,customer00247@example.com,9906711681,Delhi,Delhi,Business,2025-01-14
CUST00248,Manoj Mehta,customer00248@example.com,9330332173,Coimbatore,Tamil Nadu,Individual,2024-12-21
CUST00249,Kavya Nair,customer00249@example.com,9104163121,Salem,Tamil Nadu,Individual,2023-02-19
CUST00250,Rahul Menon,customer00250@example.com,9636718632,Madurai,Tamil Nadu,Individual,2025-12-20
CUST00251,Priya Patel,customer00251@example.com,9560969485,Ahmedabad,Gujarat,Individual,2023-08-31
CUST00252,Pooja Sharma,customer00252@example.com,9640557700,Pune,Maharashtra,Business,2026-07-16
CUST00253,Meena Reddy,customer00253@example.com,9548708042,Chennai,Tamil Nadu,Individual,2026-03-09
CUST00254,Suresh Nair,customer00254@example.com,9287222759,Hyderabad,Telangana,Individual,2026-03-26
CUST00255,Vivek Reddy,customer00255@example.com,9955969028,Trichy,Tamil Nadu,Business,2024-08-19
CUST00256,Harini Rao,customer00256@example.com,9231383999,Kochi,Kerala,Individual,2023-10-03
CUST00257,Harini Verma,customer00257@example.com,9259382428,Coimbatore,Tamil Nadu,Business,2025-11-20
CUST00258,Dinesh Kapoor,customer00258@example.com,9343947210,Vijayawada,Andhra Pradesh,Individual,2023-01-08
CUST00259,Rahul Pillai,customer00259@example.com,9549415940,Salem,Tamil Nadu,Individual,2024-12-15
CUST00260,Priya Sharma,customer00260@example.com,9996482416,Delhi,Delhi,Business,2023-02-02
CUST00261,Rahul Reddy,customer00261@example.com,9157991029,Coimbatore,Tamil Nadu,Individual,2025-03-20
CUST00262,Vivek Menon,customer00262@example.com,9677377119,Madurai,Tamil Nadu,Business,2025-07-16
CUST00263,Rohit Kumar,customer00263@example.com,9146351395,Mumbai,Maharashtra,Individual,2025-05-11
CUST00264,Pooja Reddy,customer00264@example.com,9375165262,Chennai,Tamil Nadu,Business,2023-02-06
CUST00265,Rohit Singh,customer00265@example.com,9343819794,Ahmedabad,Gujarat,Individual,2023-02-03
CUST00266,Priya Singh,customer00266@example.com,9555737279,Chennai,Tamil Nadu,Individual,2024-03-30
CUST00267,Arun Naidu,customer00267@example.com,9792585749,Trichy,Tamil Nadu,Business,2024-03-19
CUST00268,Meena Pillai,customer00268@example.com,9957006753,Mumbai,Maharashtra,Individual,2026-06-14
CUST00269,Dinesh Bose,customer00269@example.com,9484523792,Kochi,Kerala,Individual,2023-07-31
CUST00270,Ananya Sharma,customer00270@example.com,9598290891,Ahmedabad,Gujarat,Business,2026-03-09
CUST00271,Ajay Kumar,customer00271@example.com,9564483288,Kolkata,West Bengal,Individual,2024-12-02
CUST00272,Manoj Joshi,customer00272@example.com,9842676407,Bengaluru,Karnataka,Business,2024-08-30
CUST00273,Ananya Nair,customer00273@example.com,9127922448,Hyderabad,Telangana,Individual,2025-09-08
CUST00274,Manoj Rao,customer00274@example.com,9883605449,Chennai,Tamil Nadu,Individual,2023-12-27
CUST00275,Ananya Naidu,customer00275@example.com,9468554459,Pune,Maharashtra,Individual,2023-10-31
CUST00276,Arun Menon,customer00276@example.com,9386764542,Chennai,Tamil Nadu,Individual,2023-10-23
CUST00277,Ananya Rao,customer00277@example.com,9943047121,Coimbatore,Tamil Nadu,Individual,2023-06-01
CUST00278,Ajay Mishra,customer00278@example.com,9266150642,Chennai,Tamil Nadu,Individual,2026-05-31
CUST00279,Meena Reddy,customer00279@example.com,9980704913,Salem,Tamil Nadu,Individual,2026-05-04
CUST00280,Pooja Reddy,customer00280@example.com,9115049132,Chennai,Tamil Nadu,Individual,2024-08-22
CUST00281,Manoj Menon,customer00281@example.com,9726032607,Bengaluru,Karnataka,Individual,2026-08-15
CUST00282,Swetha Sinha,customer00282@example.com,9207813965,Bengaluru,Karnataka,Business,2023-07-30
CUST00283,Rahul Kapoor,customer00283@example.com,9512331575,Kochi,Kerala,Individual,2023-08-20
CUST00284,Vivek Pillai,customer00284@example.com,9609471823,Delhi,Delhi,Individual,2025-05-19
CUST00285,Ananya Rao,customer00285@example.com,9382789945,Kolkata,West Bengal,Business,2024-11-25
CUST00286,Dinesh Mehta,customer00286@example.com,9624702927,Pune,Maharashtra,Individual,2024-01-02
CUST00287,Suresh Rao,customer00287@example.com,9466018512,Chennai,Tamil Nadu,Business,2024-04-25
CUST00288,Meena Sinha,customer00288@example.com,9232642635,Chennai,Tamil Nadu,Individual,2024-07-25
CUST00289,Harini Joshi,customer00289@example.com,9788146953,Hyderabad,Telangana,Individual,2026-04-17
CUST00290,Divya Nair,customer00290@example.com,9332400724,Ahmedabad,Gujarat,Individual,2025-07-18
CUST00291,Manoj Pillai,customer00291@example.com,9957814098,Bengaluru,Karnataka,Individual,2025-11-05
CUST00292,Harini Pillai,customer00292@example.com,9458799980,Pune,Maharashtra,Individual,2024-04-10
CUST00293,Arun Mishra,customer00293@example.com,9287958315,Kochi,Kerala,Business,2023-10-21
CUST00294,Vijay Gupta,customer00294@example.com,9766158562,Trichy,Tamil Nadu,Individual,2023-06-20
CUST00295,Pooja Sharma,customer00295@example.com,9530492613,Delhi,Delhi,Individual,2025-11-21
CUST00296,Divya Gupta,customer00296@example.com,9882378627,Kolkata,West Bengal,Individual,2023-09-20
CUST00297,Swetha Patel,customer00297@example.com,9449729260,Mumbai,Maharashtra,Individual,2026-05-23
CUST00298,Arun Gupta,customer00298@example.com,9634878706,Kolkata,West Bengal,Individual,2024-07-11
CUST00299,Pooja Sinha,customer00299@example.com,9898178321,Salem,Tamil Nadu,Business,2023-07-08
CUST00300,Pooja Menon,customer00300@example.com,9446944092,Coimbatore,Tamil Nadu,Individual,2025-02-24
CUST00301,Swetha Reddy,customer00301@example.com,9339833058,Salem,Tamil Nadu,Individual,2024-08-05
CUST00302,Dinesh Singh,customer00302@example.com,9689661107,Chennai,Tamil Nadu,Individual,2025-09-28
CUST00303,Ajay Mishra,customer00303@example.com,9766390821,Vijayawada,Andhra Pradesh,Business,2024-08-22
CUST00304,Rahul Menon,customer00304@example.com,9530366671,Delhi,Delhi,Business,2025-04-25
CUST00305,Sneha Kumar,customer00305@example.com,9158637783,Coimbatore,Tamil Nadu,Individual,2026-07-08
CUST00306,Nithya Das,customer00306@example.com,9499382498,Pune,Maharashtra,Business,2026-04-20
CUST00307,Dinesh Mishra,customer00307@example.com,9935551403,Mumbai,Maharashtra,Business,2023-12-08
CUST00308,Meena Mehta,customer00308@example.com,9125417266,Bengaluru,Karnataka,Business,2025-08-11
CUST00309,Rohit Reddy,customer00309@example.com,9338301714,Delhi,Delhi,Individual,2023-01-22
CUST00310,Suresh Nair,customer00310@example.com,9722077047,Delhi,Delhi,Individual,2026-01-02
CUST00311,Manoj Kumar,customer00311@example.com,9248350787,Salem,Tamil Nadu,Individual,2023-06-15
CUST00312,Vijay Rao,customer00312@example.com,9397343041,Vijayawada,Andhra Pradesh,Individual,2023-08-22
CUST00313,Swetha Sharma,customer00313@example.com,9443140797,Chennai,Tamil Nadu,Individual,2026-10-30
CUST00314,Suresh Reddy,customer00314@example.com,9129625849,Madurai,Tamil Nadu,Individual,2024-10-02
CUST00315,Divya Singh,customer00315@example.com,9553058748,Kochi,Kerala,Individual,2026-09-19
CUST00316,Swetha Gupta,customer00316@example.com,9852488428,Salem,Tamil Nadu,Business,2024-08-29
CUST00317,Vijay Pillai,customer00317@example.com,9494690717,Delhi,Delhi,Individual,2024-06-23
CUST00318,Swetha Sharma,customer00318@example.com,9918912865,Jaipur,Rajasthan,Individual,2025-11-24
CUST00319,Suresh Joshi,customer00319@example.com,9462728093,Hyderabad,Telangana,Individual,2026-06-08
CUST00320,Ananya Nair,customer00320@example.com,9498518194,Mumbai,Maharashtra,Business,2023-11-14
CUST00321,Suresh Singh,customer00321@example.com,9575832565,Kochi,Kerala,Business,2023-12-09
CUST00322,Vivek Kumar,customer00322@example.com,9581934255,Salem,Tamil Nadu,Individual,2025-09-05
CUST00323,Rahul Mishra,customer00323@example.com,9234826731,Mumbai,Maharashtra,Individual,2024-09-28
CUST00324,Sneha Sinha,customer00324@example.com,9756645152,Hyderabad,Telangana,Individual,2023-03-20
CUST00325,Arun Reddy,customer00325@example.com,9326549096,Trichy,Tamil Nadu,Individual,2025-06-11
CUST00326,Sneha Bose,customer00326@example.com,9384192496,Hyderabad,Telangana,Individual,2024-07-26
CUST00327,Vijay Mehta,customer00327@example.com,9666862673,Vijayawada,Andhra Pradesh,Business,2024-03-24
CUST00328,Meena Sinha,customer00328@example.com,9649127954,Hyderabad,Telangana,Business,2023-10-09
CUST00329,Karthik Patel,customer00329@example.com,9984036678,Mumbai,Maharashtra,Individual,2024-11-05
CUST00330,Ajay Pillai,customer00330@example.com,9368031288,Kolkata,West Bengal,Individual,2023-02-26
CUST00331,Harini Naidu,customer00331@example.com,9316297362,Mumbai,Maharashtra,Individual,2023-07-10
CUST00332,Rahul Singh,customer00332@example.com,9161775575,Madurai,Tamil Nadu,Individual,2024-10-05
CUST00333,Vijay Kumar,customer00333@example.com,9821438798,Chennai,Tamil Nadu,Individual,2023-02-11
CUST00334,Ananya Verma,customer00334@example.com,9481218984,Coimbatore,Tamil Nadu,Individual,2026-04-11
CUST00335,Meena Kapoor,customer00335@example.com,9264043561,Kolkata,West Bengal,Business,2024-11-09
CUST00336,Ajay Mishra,customer00336@example.com,9271232214,Bengaluru,Karnataka,Individual,2026-06-27
CUST00337,Vijay Singh,customer00337@example.com,9281115059,Coimbatore,Tamil Nadu,Individual,2024-05-16
CUST00338,Nithya Menon,customer00338@example.com,9771045235,Chennai,Tamil Nadu,Business,2026-05-01
CUST00339,Manoj Menon,customer00339@example.com,9567113445,Salem,Tamil Nadu,Individual,2025-02-28
CUST00340,Karthik Bose,customer00340@example.com,9314636291,Kochi,Kerala,Individual,2025-01-19
CUST00341,Arun Mehta,customer00341@example.com,9794848516,Madurai,Tamil Nadu,Individual,2025-01-11
CUST00342,Rohit Reddy,customer00342@example.com,9788802088,Madurai,Tamil Nadu,Individual,2023-06-14
CUST00343,Dinesh Joshi,customer00343@example.com,9733875286,Bengaluru,Karnataka,Individual,2025-01-24
CUST00344,Rahul Nair,customer00344@example.com,9806611559,Kolkata,West Bengal,Individual,2023-03-31
CUST00345,Rohit Iyer,customer00345@example.com,9870627700,Vijayawada,Andhra Pradesh,Individual,2025-09-13
CUST00346,Meena Mehta,customer00346@example.com,9495850084,Ahmedabad,Gujarat,Individual,2025-12-17
CUST00347,Kavya Bose,customer00347@example.com,9759786684,Trichy,Tamil Nadu,Individual,2026-07-10
CUST00348,Rahul Rao,customer00348@example.com,9873171638,Hyderabad,Telangana,Business,2024-10-09
CUST00349,Vivek Iyer,customer00349@example.com,9124571210,Kolkata,West Bengal,Individual,2025-01-19
CUST00350,Ajay Mishra,customer00350@example.com,9888581900,Kochi,Kerala,Business,2025-03-29
CUST00351,Harini Pillai,customer00351@example.com,9749913997,Trichy,Tamil Nadu,Individual,2023-08-31
CUST00352,Pooja Joshi,customer00352@example.com,9344380859,Madurai,Tamil Nadu,Individual,2024-10-24
CUST00353,Manoj Das,customer00353@example.com,9969568455,Mumbai,Maharashtra,Individual,2025-05-07
CUST00354,Priya Iyer,customer00354@example.com,9288646680,Kochi,Kerala,Individual,2023-08-07
CUST00355,Sneha Verma,customer00355@example.com,9701789950,Chennai,Tamil Nadu,Individual,2023-01-09
CUST00356,Swetha Kumar,customer00356@example.com,9116805885,Bengaluru,Karnataka,Individual,2024-03-05
CUST00357,Manoj Gupta,customer00357@example.com,9568350417,Chennai,Tamil Nadu,Individual,2023-01-13
CUST00358,Meena Naidu,customer00358@example.com,9615251314,Ahmedabad,Gujarat,Business,2025-06-25
CUST00359,Nithya Menon,customer00359@example.com,9429541547,Kochi,Kerala,Business,2025-08-27
CUST00360,Vivek Naidu,customer00360@example.com,9252964331,Pune,Maharashtra,Individual,2026-06-02
CUST00361,Ananya Sharma,customer00361@example.com,9556934737,Pune,Maharashtra,Individual,2024-11-20
CUST00362,Rohit Menon,customer00362@example.com,9358644489,Salem,Tamil Nadu,Individual,2025-12-26
CUST00363,Suresh Mishra,customer00363@example.com,9449996795,Kolkata,West Bengal,Business,2024-11-07
CUST00364,Karthik Pillai,customer00364@example.com,9569107761,Madurai,Tamil Nadu,Business,2023-07-03
CUST00365,Dinesh Pillai,customer00365@example.com,9714236075,Madurai,Tamil Nadu,Business,2025-10-01
CUST00366,Divya Gupta,customer00366@example.com,9206980493,Hyderabad,Telangana,Individual,2023-07-27
CUST00367,Rohit Pillai,customer00367@example.com,9507661213,Hyderabad,Telangana,Individual,2024-06-11
CUST00368,Arun Kumar,customer00368@example.com,9866786589,Hyderabad,Telangana,Individual,2026-08-16
CUST00369,Dinesh Patel,customer00369@example.com,9421367121,Mumbai,Maharashtra,Individual,2025-03-28
CUST00370,Meena Das,customer00370@example.com,9143266078,Coimbatore,Tamil Nadu,Business,2025-09-29
CUST00371,Vivek Menon,customer00371@example.com,9208969707,Delhi,Delhi,Individual,2026-06-18
CUST00372,Arun Sinha,customer00372@example.com,9100645452,Coimbatore,Tamil Nadu,Business,2024-03-30
CUST00373,Priya Naidu,customer00373@example.com,9806298515,Chennai,Tamil Nadu,Individual,2025-06-20
CUST00374,Ajay Kumar,customer00374@example.com,9558332529,Coimbatore,Tamil Nadu,Business,2023-09-01
CUST00375,Priya Bose,customer00375@example.com,9462811938,Mumbai,Maharashtra,Individual,2025-02-09
CUST00376,Vivek Joshi,customer00376@example.com,9843926294,Salem,Tamil Nadu,Individual,2023-08-26
CUST00377,Pooja Mehta,customer00377@example.com,9831391081,Chennai,Tamil Nadu,Individual,2026-06-23
CUST00378,Karthik Mehta,customer00378@example.com,9336271712,Coimbatore,Tamil Nadu,Individual,2023-12-11
CUST00379,Karthik Joshi,customer00379@example.com,9431045093,Mumbai,Maharashtra,Individual,2023-11-06
CUST00380,Vijay Mehta,customer00380@example.com,9628060786,Delhi,Delhi,Individual,2026-07-31
CUST00381,Rahul Nair,customer00381@example.com,9125687139,Coimbatore,Tamil Nadu,Individual,2023-02-07
CUST00382,Manoj Nair,customer00382@example.com,9588007100,Mumbai,Maharashtra,Individual,2023-02-01
CUST00383,Arun Mehta,customer00383@example.com,9237516499,Ahmedabad,Gujarat,Individual,2026-06-20
CUST00384,Manoj Gupta,customer00384@example.com,9621922614,Hyderabad,Telangana,Individual,2023-10-19
CUST00385,Rahul Pillai,customer00385@example.com,9300649922,Ahmedabad,Gujarat,Business,2023-10-19
CUST00386,Suresh Bose,customer00386@example.com,9997170951,Madurai,Tamil Nadu,Business,2025-01-27
CUST00387,Rohit Kumar,customer00387@example.com,9463448743,Hyderabad,Telangana,Individual,2024-07-31
CUST00388,Pooja Rao,customer00388@example.com,9208001594,Madurai,Tamil Nadu,Individual,2026-03-07
CUST00389,Dinesh Verma,customer00389@example.com,9833766783,Jaipur,Rajasthan,Individual,2026-05-08
CUST00390,Dinesh Rao,customer00390@example.com,9886323487,Bengaluru,Karnataka,Individual,2026-09-20
CUST00391,Karthik Mishra,customer00391@example.com,9924814086,Ahmedabad,Gujarat,Individual,2024-08-27
CUST00392,Dinesh Naidu,customer00392@example.com,9340862465,Bengaluru,Karnataka,Individual,2024-03-22
CUST00393,Priya Rao,customer00393@example.com,9763251796,Bengaluru,Karnataka,Individual,2026-10-03
CUST00394,Ajay Pillai,customer00394@example.com,9492689541,Delhi,Delhi,Individual,2023-10-05
CUST00395,Rahul Gupta,customer00395@example.com,9950851035,Hyderabad,Telangana,Individual,2025-09-20
CUST00396,Nithya Das,customer00396@example.com,9565185519,Jaipur,Rajasthan,Individual,2024-06-15
CUST00397,Swetha Naidu,customer00397@example.com,9210840937,Madurai,Tamil Nadu,Individual,2025-09-10
CUST00398,Pooja Sharma,customer00398@example.com,9187101855,Mumbai,Maharashtra,Individual,2024-08-24
CUST00399,Divya Reddy,customer00399@example.com,9112724780,Chennai,Tamil Nadu,Individual,2024-07-15
CUST00400,Kavya Pillai,customer00400@example.com,9625340457,Mumbai,Maharashtra,Individual,2025-10-30
CUST00401,Divya Singh,customer00401@example.com,9794389101,Chennai,Tamil Nadu,Individual,2024-08-13
CUST00402,Vivek Kapoor,customer00402@example.com,9416835336,Ahmedabad,Gujarat,Business,2023-02-28
CUST00403,Manoj Joshi,customer00403@example.com,9362172106,Pune,Maharashtra,Individual,2026-01-16
CUST00404,Swetha Sharma,customer00404@example.com,9400694897,Mumbai,Maharashtra,Individual,2024-04-03
CUST00405,Ajay Joshi,customer00405@example.com,9794810954,Coimbatore,Tamil Nadu,Individual,2023-04-14
CUST00406,Vivek Kapoor,customer00406@example.com,9484373424,Coimbatore,Tamil Nadu,Individual,2025-04-10
CUST00407,Meena Patel,customer00407@example.com,9955430785,Kolkata,West Bengal,Individual,2025-02-27
CUST00408,Dinesh Patel,customer00408@example.com,9873775042,Hyderabad,Telangana,Individual,2023-04-14
CUST00409,Nithya Das,customer00409@example.com,9425380106,Chennai,Tamil Nadu,Business,2026-07-01
CUST00410,Ananya Kapoor,customer00410@example.com,9349682737,Chennai,Tamil Nadu,Individual,2025-01-11
CUST00411,Suresh Gupta,customer00411@example.com,9536573690,Kochi,Kerala,Business,2026-09-20
CUST00412,Suresh Sharma,customer00412@example.com,9869298850,Salem,Tamil Nadu,Individual,2023-10-28
CUST00413,Manoj Rao,customer00413@example.com,9769484153,Hyderabad,Telangana,Business,2024-10-15
CUST00414,Priya Pillai,customer00414@example.com,9529803038,Delhi,Delhi,Individual,2024-07-08
CUST00415,Pooja Singh,customer00415@example.com,9836684379,Kolkata,West Bengal,Business,2024-09-19
CUST00416,Divya Rao,customer00416@example.com,9145337533,Delhi,Delhi,Individual,2026-09-26
CUST00417,Vijay Bose,customer00417@example.com,9192541339,Ahmedabad,Gujarat,Individual,2026-01-12
CUST00418,Ajay Nair,customer00418@example.com,9301503967,Ahmedabad,Gujarat,Individual,2025-07-17
CUST00419,Harini Mehta,customer00419@example.com,9903812563,Delhi,Delhi,Business,2026-07-06
CUST00420,Rahul Iyer,customer00420@example.com,9447234395,Delhi,Delhi,Business,2023-12-26
CUST00421,Dinesh Verma,customer00421@example.com,9240119960,Jaipur,Rajasthan,Individual,2023-03-28
CUST00422,Karthik Rao,customer00422@example.com,9636584522,Hyderabad,Telangana,Business,2024-03-03
CUST00423,Sneha Mehta,customer00423@example.com,9941088466,Delhi,Delhi,Individual,2024-01-02
CUST00424,Pooja Patel,customer00424@example.com,9567083099,Coimbatore,Tamil Nadu,Individual,2023-12-09
CUST00425,Ananya Menon,customer00425@example.com,9854800256,Salem,Tamil Nadu,Individual,2023-12-13
CUST00426,Vijay Menon,customer00426@example.com,9759579834,Salem,Tamil Nadu,Individual,2023-04-06
CUST00427,Kavya Menon,customer00427@example.com,9798592964,Bengaluru,Karnataka,Business,2026-07-02
CUST00428,Ajay Gupta,customer00428@example.com,9969284809,Pune,Maharashtra,Individual,2026-03-05
CUST00429,Pooja Das,customer00429@example.com,9777489193,Ahmedabad,Gujarat,Individual,2026-06-25
CUST00430,Divya Das,customer00430@example.com,9345096301,Chennai,Tamil Nadu,Individual,2025-06-02
CUST00431,Ajay Sharma,customer00431@example.com,9448048289,Kochi,Kerala,Individual,2024-04-30
CUST00432,Kavya Menon,customer00432@example.com,9542193123,Vijayawada,Andhra Pradesh,Individual,2024-08-26
CUST00433,Kavya Gupta,customer00433@example.com,9791491009,Chennai,Tamil Nadu,Individual,2024-02-16
CUST00434,Vivek Bose,customer00434@example.com,9379413265,Pune,Maharashtra,Individual,2024-03-23
CUST00435,Manoj Sharma,customer00435@example.com,9721857612,Kochi,Kerala,Business,2023-09-04
CUST00436,Swetha Verma,customer00436@example.com,9201672178,Jaipur,Rajasthan,Business,2025-02-08
CUST00437,Dinesh Sinha,customer00437@example.com,9731563713,Hyderabad,Telangana,Individual,2024-11-29
CUST00438,Manoj Reddy,customer00438@example.com,9546272126,Mumbai,Maharashtra,Individual,2024-02-25
CUST00439,Vivek Patel,customer00439@example.com,9856594250,Hyderabad,Telangana,Individual,2023-05-04
CUST00440,Sneha Patel,customer00440@example.com,9707544893,Chennai,Tamil Nadu,Individual,2026-07-07
CUST00441,Arun Joshi,customer00441@example.com,9653404893,Chennai,Tamil Nadu,Individual,2026-04-07
CUST00442,Nithya Joshi,customer00442@example.com,9812440287,Kochi,Kerala,Individual,2025-07-29
CUST00443,Ananya Nair,customer00443@example.com,9845437471,Kochi,Kerala,Individual,2025-05-26
CUST00444,Meena Nair,customer00444@example.com,9742134713,Ahmedabad,Gujarat,Business,2026-02-08
CUST00445,Vivek Pillai,customer00445@example.com,9799387569,Jaipur,Rajasthan,Individual,2026-08-06
CUST00446,Ananya Reddy,customer00446@example.com,9430323965,Ahmedabad,Gujarat,Individual,2023-01-13
CUST00447,Harini Iyer,customer00447@example.com,9497522597,Pune,Maharashtra,Business,2026-07-10
CUST00448,Harini Verma,customer00448@example.com,9776432566,Delhi,Delhi,Individual,2025-03-10
CUST00449,Arun Das,customer00449@example.com,9935883337,Hyderabad,Telangana,Individual,2025-11-12
CUST00450,Arun Iyer,customer00450@example.com,9703431381,Kochi,Kerala,Individual,2025-08-02
CUST00451,Sneha Patel,customer00451@example.com,9704376822,Madurai,Tamil Nadu,Business,2023-07-19
CUST00452,Vivek Iyer,customer00452@example.com,9698661968,Pune,Maharashtra,Individual,2026-06-19
CUST00453,Nithya Sinha,customer00453@example.com,9944235285,Coimbatore,Tamil Nadu,Business,2026-06-16
CUST00454,Pooja Reddy,customer00454@example.com,9793876650,Jaipur,Rajasthan,Individual,2023-10-30
CUST00455,Nithya Das,customer00455@example.com,9781860048,Chennai,Tamil Nadu,Individual,2026-04-03
CUST00456,Karthik Das,customer00456@example.com,9823103703,Ahmedabad,Gujarat,Individual,2025-01-07
CUST00457,Ajay Reddy,customer00457@example.com,9841661091,Pune,Maharashtra,Individual,2023-06-25
CUST00458,Swetha Sharma,customer00458@example.com,9111459705,Vijayawada,Andhra Pradesh,Business,2025-11-18
CUST00459,Divya Gupta,customer00459@example.com,9950956279,Hyderabad,Telangana,Individual,2024-11-07
CUST00460,Arun Reddy,customer00460@example.com,9717652985,Kochi,Kerala,Individual,2024-06-18
CUST00461,Pooja Kapoor,customer00461@example.com,9905417965,Chennai,Tamil Nadu,Individual,2026-08-10
CUST00462,Kavya Gupta,customer00462@example.com,9674792570,Mumbai,Maharashtra,Business,2024-04-21
CUST00463,Meena Patel,customer00463@example.com,9387606691,Vijayawada,Andhra Pradesh,Individual,2024-01-18
CUST00464,Ajay Patel,customer00464@example.com,9993029275,Jaipur,Rajasthan,Business,2024-07-09
CUST00465,Vivek Bose,customer00465@example.com,9977394253,Pune,Maharashtra,Individual,2026-08-12
CUST00466,Ajay Mehta,customer00466@example.com,9397792441,Kolkata,West Bengal,Individual,2023-11-30
CUST00467,Rahul Kapoor,customer00467@example.com,9112064163,Chennai,Tamil Nadu,Individual,2026-06-25
CUST00468,Suresh Naidu,customer00468@example.com,9927268421,Hyderabad,Telangana,Individual,2026-06-18
CUST00469,Suresh Bose,customer00469@example.com,9137682173,Bengaluru,Karnataka,Individual,2026-02-03
CUST00470,Rahul Reddy,customer00470@example.com,9495953800,Madurai,Tamil Nadu,Individual,2025-06-16
CUST00471,Nithya Sinha,customer00471@example.com,9362507284,Trichy,Tamil Nadu,Individual,2025-07-19
CUST00472,Manoj Singh,customer00472@example.com,9652751935,Vijayawada,Andhra Pradesh,Business,2024-11-15
CUST00473,Vivek Gupta,customer00473@example.com,9315716683,Delhi,Delhi,Individual,2024-07-14
CUST00474,Rahul Patel,customer00474@example.com,9559083324,Trichy,Tamil Nadu,Individual,2023-05-03
CUST00475,Pooja Iyer,customer00475@example.com,9745253369,Hyderabad,Telangana,Individual,2025-11-24
CUST00476,Meena Naidu,customer00476@example.com,9314257629,Coimbatore,Tamil Nadu,Individual,2024-09-09
CUST00477,Ananya Naidu,customer00477@example.com,9915565918,Ahmedabad,Gujarat,Individual,2025-09-14
CUST00478,Suresh Sharma,customer00478@example.com,9770433463,Coimbatore,Tamil Nadu,Individual,2025-04-19
CUST00479,Meena Gupta,customer00479@example.com,9262276611,Bengaluru,Karnataka,Individual,2024-02-20
CUST00480,Harini Bose,customer00480@example.com,9661466142,Vijayawada,Andhra Pradesh,Individual,2024-12-08
CUST00481,Dinesh Gupta,customer00481@example.com,9284743578,Delhi,Delhi,Individual,2024-09-28
CUST00482,Nithya Sharma,customer00482@example.com,9406505913,Kolkata,West Bengal,Individual,2026-09-12
CUST00483,Vijay Iyer,customer00483@example.com,9615633144,Bengaluru,Karnataka,Individual,2026-08-11
CUST00484,Dinesh Verma,customer00484@example.com,9116016792,Vijayawada,Andhra Pradesh,Individual,2023-12-13
CUST00485,Swetha Singh,customer00485@example.com,9866192708,Salem,Tamil Nadu,Individual,2023-02-06
CUST00486,Manoj Menon,customer00486@example.com,9320642117,Trichy,Tamil Nadu,Individual,2024-05-26
CUST00487,Harini Reddy,customer00487@example.com,9789481476,Bengaluru,Karnataka,Individual,2025-04-28
CUST00488,Nithya Gupta,customer00488@example.com,9401666930,Trichy,Tamil Nadu,Individual,2024-06-18
CUST00489,Suresh Sinha,customer00489@example.com,9592387162,Chennai,Tamil Nadu,Individual,2025-06-28
CUST00490,Swetha Gupta,customer00490@example.com,9911558919,Coimbatore,Tamil Nadu,Individual,2025-02-11
CUST00491,Kavya Iyer,customer00491@example.com,9526142984,Chennai,Tamil Nadu,Individual,2024-10-25
CUST00492,Rohit Rao,customer00492@example.com,9851387406,Madurai,Tamil Nadu,Individual,2025-11-07
CUST00493,Meena Naidu,customer00493@example.com,9513972216,Salem,Tamil Nadu,Individual,2023-01-27
CUST00494,Arun Nair,customer00494@example.com,9617160552,Delhi,Delhi,Individual,2024-06-19
CUST00495,Ananya Kumar,customer00495@example.com,9468046854,Kolkata,West Bengal,Individual,2025-11-18
CUST00496,Vivek Das,customer00496@example.com,9570062815,Jaipur,Rajasthan,Individual,2025-10-04
CUST00497,Kavya Sinha,customer00497@example.com,9121821255,Trichy,Tamil Nadu,Individual,2024-10-19
CUST00498,Vivek Mehta,customer00498@example.com,9858952942,Kolkata,West Bengal,Individual,2024-10-01
CUST00499,Nithya Mishra,customer00499@example.com,9112639602,Trichy,Tamil Nadu,Individual,2026-02-14
CUST00500,Swetha Kapoor,customer00500@example.com,9953225230,Hyderabad,Telangana,Individual,2026-03-01
CUST00501,Swetha Bose,customer00501@example.com,9176645028,Bengaluru,Karnataka,Individual,2026-08-05
CUST00502,Arun Gupta,customer00502@example.com,9130825554,Madurai,Tamil Nadu,Individual,2026-06-13
CUST00503,Vivek Verma,customer00503@example.com,9704497702,Coimbatore,Tamil Nadu,Individual,2023-02-11
CUST00504,Divya Kapoor,customer00504@example.com,9375242629,Jaipur,Rajasthan,Individual,2026-03-29
CUST00505,Sneha Patel,customer00505@example.com,9478408954,Kochi,Kerala,Business,2026-02-22
CUST00506,Ajay Joshi,customer00506@example.com,9241865170,Trichy,Tamil Nadu,Individual,2026-07-07
CUST00507,Priya Iyer,customer00507@example.com,9819484216,Kolkata,West Bengal,Individual,2026-07-23
CUST00508,Manoj Reddy,customer00508@example.com,9692270939,Madurai,Tamil Nadu,Individual,2023-08-01
CUST00509,Priya Singh,customer00509@example.com,9299812432,Mumbai,Maharashtra,Business,2025-04-15
CUST00510,Suresh Das,customer00510@example.com,9491885289,Jaipur,Rajasthan,Business,2024-12-02
CUST00511,Kavya Das,customer00511@example.com,9125621906,Mumbai,Maharashtra,Individual,2023-03-21
CUST00512,Suresh Kapoor,customer00512@example.com,9378252158,Chennai,Tamil Nadu,Business,2025-08-12
CUST00513,Divya Das,customer00513@example.com,9324836254,Coimbatore,Tamil Nadu,Individual,2026-06-05
CUST00514,Manoj Kapoor,customer00514@example.com,9292357194,Ahmedabad,Gujarat,Individual,2025-06-20
CUST00515,Harini Bose,customer00515@example.com,9953221710,Ahmedabad,Gujarat,Individual,2026-01-23
CUST00516,Nithya Gupta,customer00516@example.com,9703807241,Kochi,Kerala,Individual,2024-02-28
CUST00517,Karthik Bose,customer00517@example.com,9707696490,Hyderabad,Telangana,Individual,2025-07-07
CUST00518,Ajay Pillai,customer00518@example.com,9614065494,Kolkata,West Bengal,Individual,2024-05-30
CUST00519,Pooja Rao,customer00519@example.com,9645112642,Vijayawada,Andhra Pradesh,Individual,2023-06-14
CUST00520,Rahul Naidu,customer00520@example.com,9855449917,Kochi,Kerala,Individual,2025-09-23
CUST00521,Harini Iyer,customer00521@example.com,9856154754,Bengaluru,Karnataka,Business,2025-09-19
CUST00522,Meena Mehta,customer00522@example.com,9559491480,Bengaluru,Karnataka,Individual,2025-06-11
CUST00523,Vivek Das,customer00523@example.com,9495555434,Kolkata,West Bengal,Individual,2025-10-12
CUST00524,Vivek Mishra,customer00524@example.com,9154494867,Vijayawada,Andhra Pradesh,Individual,2025-12-01
CUST00525,Harini Nair,customer00525@example.com,9854826588,Delhi,Delhi,Individual,2025-01-10
CUST00526,Kavya Mehta,customer00526@example.com,9646142037,Hyderabad,Telangana,Individual,2025-01-24
CUST00527,Manoj Menon,customer00527@example.com,9723861624,Madurai,Tamil Nadu,Business,2024-02-20
CUST00528,Dinesh Mishra,customer00528@example.com,9115760206,Trichy,Tamil Nadu,Business,2026-08-16
CUST00529,Suresh Sharma,customer00529@example.com,9636772361,Vijayawada,Andhra Pradesh,Business,2025-12-14
CUST00530,Swetha Nair,customer00530@example.com,9575246228,Ahmedabad,Gujarat,Individual,2023-12-02
CUST00531,Kavya Sharma,customer00531@example.com,9847658486,Jaipur,Rajasthan,Individual,2025-05-30
CUST00532,Harini Sinha,customer00532@example.com,9193730045,Delhi,Delhi,Individual,2025-08-29
CUST00533,Sneha Menon,customer00533@example.com,9831929075,Trichy,Tamil Nadu,Individual,2024-11-15
CUST00534,Harini Pillai,customer00534@example.com,9930972444,Trichy,Tamil Nadu,Individual,2026-09-19
CUST00535,Vijay Kapoor,customer00535@example.com,9878534239,Delhi,Delhi,Individual,2025-01-10
CUST00536,Rahul Iyer,customer00536@example.com,9710014719,Chennai,Tamil Nadu,Business,2023-01-30
CUST00537,Divya Das,customer00537@example.com,9735133705,Mumbai,Maharashtra,Individual,2024-07-28
CUST00538,Divya Verma,customer00538@example.com,9233408780,Trichy,Tamil Nadu,Individual,2023-08-09
CUST00539,Divya Gupta,customer00539@example.com,9971947822,Delhi,Delhi,Individual,2025-04-06
CUST00540,Nithya Das,customer00540@example.com,9724472214,Vijayawada,Andhra Pradesh,Individual,2024-08-16
CUST00541,Meena Nair,customer00541@example.com,9970945841,Delhi,Delhi,Business,2025-01-23
CUST00542,Manoj Singh,customer00542@example.com,9316982742,Salem,Tamil Nadu,Individual,2026-06-30
CUST00543,Ajay Singh,customer00543@example.com,9280413406,Kochi,Kerala,Individual,2026-09-06
CUST00544,Vijay Singh,customer00544@example.com,9812317571,Pune,Maharashtra,Individual,2025-11-28
CUST00545,Swetha Reddy,customer00545@example.com,9773763699,Chennai,Tamil Nadu,Individual,2025-10-17
CUST00546,Priya Gupta,customer00546@example.com,9407860592,Coimbatore,Tamil Nadu,Individual,2024-05-06
CUST00547,Nithya Iyer,customer00547@example.com,9985678018,Pune,Maharashtra,Business,2024-03-13
CUST00548,Sneha Menon,customer00548@example.com,9245905716,Kochi,Kerala,Individual,2024-04-23
CUST00549,Divya Mishra,customer00549@example.com,9385471873,Kochi,Kerala,Individual,2025-02-21
CUST00550,Rahul Verma,customer00550@example.com,9497102915,Kochi,Kerala,Individual,2025-08-06
CUST00551,Pooja Mehta,customer00551@example.com,9741601728,Pune,Maharashtra,Individual,2025-10-04
CUST00552,Arun Menon,customer00552@example.com,9501381472,Kolkata,West Bengal,Individual,2023-03-13
CUST00553,Meena Sharma,customer00553@example.com,9448438725,Mumbai,Maharashtra,Individual,2024-08-04
CUST00554,Rohit Joshi,customer00554@example.com,9988282758,Delhi,Delhi,Individual,2023-08-08
CUST00555,Pooja Sinha,customer00555@example.com,9166496658,Jaipur,Rajasthan,Business,2025-10-24
CUST00556,Dinesh Verma,customer00556@example.com,9198428478,Mumbai,Maharashtra,Individual,2025-09-29
CUST00557,Divya Mehta,customer00557@example.com,9920119104,Ahmedabad,Gujarat,Business,2023-10-17
CUST00558,Vivek Menon,customer00558@example.com,9110542374,Vijayawada,Andhra Pradesh,Business,2024-01-15
CUST00559,Vivek Pillai,customer00559@example.com,9167312338,Hyderabad,Telangana,Individual,2025-03-14
CUST00560,Karthik Joshi,customer00560@example.com,9811724652,Kolkata,West Bengal,Individual,2026-10-10
CUST00561,Manoj Rao,customer00561@example.com,9821547033,Coimbatore,Tamil Nadu,Business,2025-01-12
CUST00562,Divya Kapoor,customer00562@example.com,9467774731,Mumbai,Maharashtra,Business,2023-03-21
CUST00563,Swetha Joshi,customer00563@example.com,9309473429,Jaipur,Rajasthan,Individual,2023-03-07
CUST00564,Pooja Rao,customer00564@example.com,9504455756,Bengaluru,Karnataka,Individual,2023-05-16
CUST00565,Kavya Verma,customer00565@example.com,9938333659,Kochi,Kerala,Business,2024-02-03
CUST00566,Sneha Naidu,customer00566@example.com,9174429837,Trichy,Tamil Nadu,Individual,2023-12-13
CUST00567,Karthik Patel,customer00567@example.com,9566023765,Ahmedabad,Gujarat,Business,2023-02-28
CUST00568,Pooja Sinha,customer00568@example.com,9660314141,Hyderabad,Telangana,Individual,2025-02-16
CUST00569,Pooja Nair,customer00569@example.com,9119872255,Chennai,Tamil Nadu,Individual,2024-06-02
CUST00570,Ananya Das,customer00570@example.com,9228465067,Coimbatore,Tamil Nadu,Individual,2024-12-14
CUST00571,Ajay Joshi,customer00571@example.com,9847959763,Vijayawada,Andhra Pradesh,Individual,2025-09-03
CUST00572,Manoj Mehta,customer00572@example.com,9396298219,Hyderabad,Telangana,Individual,2026-06-14
CUST00573,Vijay Reddy,customer00573@example.com,9208730330,Kochi,Kerala,Individual,2023-03-20
CUST00574,Dinesh Joshi,customer00574@example.com,9419667898,Trichy,Tamil Nadu,Individual,2023-04-25
CUST00575,Nithya Singh,customer00575@example.com,9689135017,Kolkata,West Bengal,Business,2025-09-12
CUST00576,Karthik Das,customer00576@example.com,9940268339,Trichy,Tamil Nadu,Individual,2023-05-06
CUST00577,Ajay Reddy,customer00577@example.com,9139623167,Pune,Maharashtra,Individual,2024-07-26
CUST00578,Sneha Patel,customer00578@example.com,9848683070,Trichy,Tamil Nadu,Individual,2025-08-22
CUST00579,Rahul Joshi,customer00579@example.com,9625440188,Pune,Maharashtra,Individual,2024-05-14
CUST00580,Priya Bose,customer00580@example.com,9926364008,Ahmedabad,Gujarat,Individual,2025-04-08
CUST00581,Sneha Das,customer00581@example.com,9608414625,Kolkata,West Bengal,Individual,2026-01-30
CUST00582,Divya Reddy,customer00582@example.com,9362710136,Vijayawada,Andhra Pradesh,Individual,2024-09-17
CUST00583,Nithya Patel,customer00583@example.com,9272993387,Madurai,Tamil Nadu,Individual,2026-04-12
CUST00584,Meena Patel,customer00584@example.com,9685900352,Kochi,Kerala,Individual,2024-03-27
CUST00585,Kavya Mehta,customer00585@example.com,9197685365,Pune,Maharashtra,Individual,2026-01-20
CUST00586,Vijay Kapoor,customer00586@example.com,9771402318,Chennai,Tamil Nadu,Individual,2024-01-20
CUST00587,Rohit Kapoor,customer00587@example.com,9823209375,Trichy,Tamil Nadu,Business,2026-05-13
CUST00588,Karthik Singh,customer00588@example.com,9816564743,Trichy,Tamil Nadu,Business,2023-12-29
CUST00589,Ajay Joshi,customer00589@example.com,9175144032,Chennai,Tamil Nadu,Business,2024-05-12
CUST00590,Meena Sinha,customer00590@example.com,9199151377,Vijayawada,Andhra Pradesh,Business,2024-06-20
CUST00591,Manoj Kapoor,customer00591@example.com,9672868060,Bengaluru,Karnataka,Individual,2026-06-11
CUST00592,Harini Joshi,customer00592@example.com,9268999263,Ahmedabad,Gujarat,Individual,2023-01-16
CUST00593,Manoj Singh,customer00593@example.com,9764094240,Delhi,Delhi,Individual,2025-09-07
CUST00594,Arun Kumar,customer00594@example.com,9597538820,Madurai,Tamil Nadu,Business,2026-03-10
CUST00595,Vivek Joshi,customer00595@example.com,9324578769,Coimbatore,Tamil Nadu,Business,2024-09-11
CUST00596,Manoj Das,customer00596@example.com,9667551471,Jaipur,Rajasthan,Business,2023-10-27
CUST00597,Swetha Joshi,customer00597@example.com,9510079225,Pune,Maharashtra,Individual,2023-12-05
CUST00598,Nithya Das,customer00598@example.com,9513878089,Chennai,Tamil Nadu,Individual,2023-10-30
CUST00599,Divya Pillai,customer00599@example.com,9956171901,Jaipur,Rajasthan,Individual,2024-08-14
CUST00600,Ajay Nair,customer00600@example.com,9526830499,Kolkata,West Bengal,Individual,2023-03-17
CUST00601,Vijay Mehta,customer00601@example.com,9839988960,Vijayawada,Andhra Pradesh,Individual,2025-07-02
CUST00602,Pooja Sharma,customer00602@example.com,9903781526,Pune,Maharashtra,Individual,2025-02-18
CUST00603,Swetha Mehta,customer00603@example.com,9110999719,Delhi,Delhi,Business,2025-07-09
CUST00604,Karthik Joshi,customer00604@example.com,9817438980,Jaipur,Rajasthan,Individual,2026-09-01
CUST00605,Swetha Mishra,customer00605@example.com,9625187105,Kolkata,West Bengal,Business,2026-01-03
CUST00606,Swetha Joshi,customer00606@example.com,9564503952,Hyderabad,Telangana,Individual,2024-01-01
CUST00607,Suresh Bose,customer00607@example.com,9121383518,Kochi,Kerala,Business,2024-10-14
CUST00608,Manoj Das,customer00608@example.com,9106867526,Trichy,Tamil Nadu,Business,2025-10-02
CUST00609,Dinesh Kapoor,customer00609@example.com,9482147024,Hyderabad,Telangana,Business,2024-01-31
CUST00610,Vivek Rao,customer00610@example.com,9194339419,Pune,Maharashtra,Individual,2026-06-08
CUST00611,Harini Menon,customer00611@example.com,9577812453,Delhi,Delhi,Business,2025-03-14
CUST00612,Kavya Kapoor,customer00612@example.com,9371034133,Madurai,Tamil Nadu,Individual,2025-11-17
CUST00613,Arun Kapoor,customer00613@example.com,9308522510,Jaipur,Rajasthan,Individual,2026-08-11
CUST00614,Rohit Pillai,customer00614@example.com,9243464804,Ahmedabad,Gujarat,Individual,2025-04-24
CUST00615,Arun Verma,customer00615@example.com,9749366030,Kochi,Kerala,Business,2025-05-21
CUST00616,Rahul Gupta,customer00616@example.com,9491204593,Pune,Maharashtra,Individual,2026-01-19
CUST00617,Priya Bose,customer00617@example.com,9310998424,Vijayawada,Andhra Pradesh,Business,2023-04-25
CUST00618,Rohit Pillai,customer00618@example.com,9451592500,Chennai,Tamil Nadu,Individual,2026-03-28
CUST00619,Kavya Kumar,customer00619@example.com,9463970708,Ahmedabad,Gujarat,Individual,2026-07-05
CUST00620,Ajay Mishra,customer00620@example.com,9318210806,Ahmedabad,Gujarat,Business,2024-01-08
CUST00621,Divya Das,customer00621@example.com,9139895909,Ahmedabad,Gujarat,Individual,2025-04-29
CUST00622,Kavya Kumar,customer00622@example.com,9238932442,Mumbai,Maharashtra,Business,2023-03-31
CUST00623,Suresh Das,customer00623@example.com,9323477360,Pune,Maharashtra,Individual,2025-01-26
CUST00624,Meena Naidu,customer00624@example.com,9175878175,Kochi,Kerala,Individual,2026-08-14
CUST00625,Suresh Nair,customer00625@example.com,9561178132,Trichy,Tamil Nadu,Individual,2023-01-31
CUST00626,Suresh Mehta,customer00626@example.com,9794053315,Trichy,Tamil Nadu,Individual,2023-12-24
CUST00627,Arun Das,customer00627@example.com,9607934802,Pune,Maharashtra,Individual,2024-04-14
CUST00628,Sneha Sinha,customer00628@example.com,9295636441,Kolkata,West Bengal,Individual,2026-02-25
CUST00629,Sneha Iyer,customer00629@example.com,9932000737,Mumbai,Maharashtra,Individual,2023-09-27
CUST00630,Ajay Naidu,customer00630@example.com,9315723789,Chennai,Tamil Nadu,Individual,2023-07-28
CUST00631,Divya Rao,customer00631@example.com,9293649166,Ahmedabad,Gujarat,Individual,2024-11-20
CUST00632,Manoj Patel,customer00632@example.com,9233613971,Ahmedabad,Gujarat,Business,2026-08-22
CUST00633,Dinesh Gupta,customer00633@example.com,9156987937,Pune,Maharashtra,Individual,2026-04-29
CUST00634,Manoj Naidu,customer00634@example.com,9779557539,Kolkata,West Bengal,Business,2026-10-12
CUST00635,Priya Das,customer00635@example.com,9305349202,Trichy,Tamil Nadu,Individual,2024-04-01
CUST00636,Dinesh Nair,customer00636@example.com,9202402824,Trichy,Tamil Nadu,Individual,2024-03-24
CUST00637,Manoj Reddy,customer00637@example.com,9664029085,Delhi,Delhi,Individual,2023-03-09
CUST00638,Dinesh Reddy,customer00638@example.com,9397059290,Pune,Maharashtra,Individual,2025-05-23
CUST00639,Priya Reddy,customer00639@example.com,9362730686,Mumbai,Maharashtra,Individual,2024-04-11
CUST00640,Vijay Naidu,customer00640@example.com,9769666722,Bengaluru,Karnataka,Individual,2026-10-15
CUST00641,Harini Singh,customer00641@example.com,9441630860,Mumbai,Maharashtra,Business,2023-05-08
CUST00642,Manoj Gupta,customer00642@example.com,9923981262,Vijayawada,Andhra Pradesh,Individual,2025-01-02
CUST00643,Ananya Joshi,customer00643@example.com,9665308077,Trichy,Tamil Nadu,Individual,2026-06-21
CUST00644,Harini Mehta,customer00644@example.com,9127365047,Trichy,Tamil Nadu,Individual,2025-11-08
CUST00645,Rohit Singh,customer00645@example.com,9606967304,Hyderabad,Telangana,Individual,2026-06-06
CUST00646,Nithya Naidu,customer00646@example.com,9662147308,Trichy,Tamil Nadu,Individual,2024-01-03
CUST00647,Rahul Mishra,customer00647@example.com,9915931125,Chennai,Tamil Nadu,Individual,2023-02-27
CUST00648,Divya Kumar,customer00648@example.com,9710012195,Coimbatore,Tamil Nadu,Business,2026-07-28
CUST00649,Meena Sinha,customer00649@example.com,9765417191,Pune,Maharashtra,Individual,2024-07-10
CUST00650,Pooja Das,customer00650@example.com,9183479810,Jaipur,Rajasthan,Business,2026-01-30
CUST00651,Arun Verma,customer00651@example.com,9357715169,Mumbai,Maharashtra,Individual,2023-02-17
CUST00652,Divya Bose,customer00652@example.com,9552010514,Coimbatore,Tamil Nadu,Individual,2024-07-15
CUST00653,Swetha Singh,customer00653@example.com,9960668827,Kolkata,West Bengal,Individual,2024-08-15
CUST00654,Sneha Verma,customer00654@example.com,9181391638,Bengaluru,Karnataka,Individual,2025-03-22
CUST00655,Rohit Pillai,customer00655@example.com,9729954663,Chennai,Tamil Nadu,Individual,2023-02-28
CUST00656,Pooja Verma,customer00656@example.com,9910148080,Kochi,Kerala,Individual,2023-06-10
CUST00657,Nithya Joshi,customer00657@example.com,9971035884,Salem,Tamil Nadu,Individual,2023-04-13
CUST00658,Priya Patel,customer00658@example.com,9291350632,Mumbai,Maharashtra,Individual,2025-04-25
CUST00659,Meena Rao,customer00659@example.com,9271855100,Coimbatore,Tamil Nadu,Individual,2024-02-16
CUST00660,Harini Das,customer00660@example.com,9453518381,Kochi,Kerala,Individual,2025-02-24
CUST00661,Meena Naidu,customer00661@example.com,9257319950,Bengaluru,Karnataka,Individual,2023-07-02
CUST00662,Rahul Iyer,customer00662@example.com,9377100850,Hyderabad,Telangana,Individual,2024-02-21
CUST00663,Rahul Bose,customer00663@example.com,9993276119,Kochi,Kerala,Individual,2026-02-13
CUST00664,Manoj Pillai,customer00664@example.com,9959799027,Chennai,Tamil Nadu,Individual,2024-02-03
CUST00665,Rahul Verma,customer00665@example.com,9480214893,Chennai,Tamil Nadu,Individual,2025-08-14
CUST00666,Rohit Verma,customer00666@example.com,9427573511,Jaipur,Rajasthan,Individual,2025-02-17
CUST00667,Vivek Sharma,customer00667@example.com,9147447108,Hyderabad,Telangana,Individual,2024-10-16
CUST00668,Swetha Kapoor,customer00668@example.com,9356456370,Salem,Tamil Nadu,Individual,2024-03-12
CUST00669,Kavya Singh,customer00669@example.com,9196841421,Pune,Maharashtra,Individual,2023-11-14
CUST00670,Pooja Bose,customer00670@example.com,9409007247,Kochi,Kerala,Individual,2024-08-28
CUST00671,Arun Sharma,customer00671@example.com,9636825811,Hyderabad,Telangana,Individual,2026-06-27
CUST00672,Rahul Kapoor,customer00672@example.com,9297762455,Chennai,Tamil Nadu,Business,2025-06-29
CUST00673,Manoj Kapoor,customer00673@example.com,9171393797,Chennai,Tamil Nadu,Individual,2024-05-11
CUST00674,Arun Kapoor,customer00674@example.com,9542485878,Coimbatore,Tamil Nadu,Individual,2026-09-28
CUST00675,Sneha Pillai,customer00675@example.com,9581804088,Trichy,Tamil Nadu,Individual,2024-03-02
CUST00676,Nithya Kapoor,customer00676@example.com,9394957538,Salem,Tamil Nadu,Individual,2025-03-28
CUST00677,Vivek Mishra,customer00677@example.com,9547002830,Kochi,Kerala,Individual,2025-10-19
CUST00678,Vijay Reddy,customer00678@example.com,9786697116,Jaipur,Rajasthan,Business,2023-08-28
CUST00679,Manoj Gupta,customer00679@example.com,9268936002,Jaipur,Rajasthan,Business,2025-12-18
CUST00680,Pooja Verma,customer00680@example.com,9675856586,Kochi,Kerala,Individual,2025-03-07
CUST00681,Vivek Singh,customer00681@example.com,9238858882,Vijayawada,Andhra Pradesh,Individual,2023-07-22
CUST00682,Swetha Patel,customer00682@example.com,9203559579,Ahmedabad,Gujarat,Individual,2026-08-12
CUST00683,Divya Patel,customer00683@example.com,9281634889,Bengaluru,Karnataka,Individual,2023-10-14
CUST00684,Divya Sinha,customer00684@example.com,9734639729,Jaipur,Rajasthan,Individual,2023-03-14
CUST00685,Meena Kapoor,customer00685@example.com,9769058400,Hyderabad,Telangana,Individual,2024-12-26
CUST00686,Manoj Das,customer00686@example.com,9183507119,Bengaluru,Karnataka,Individual,2023-12-03
CUST00687,Suresh Iyer,customer00687@example.com,9708253263,Hyderabad,Telangana,Individual,2026-09-03
CUST00688,Ajay Iyer,customer00688@example.com,9999736457,Kolkata,West Bengal,Individual,2023-07-22
CUST00689,Ajay Reddy,customer00689@example.com,9575567392,Chennai,Tamil Nadu,Business,2023-08-19
CUST00690,Vijay Rao,customer00690@example.com,9230555875,Trichy,Tamil Nadu,Individual,2025-06-22
CUST00691,Pooja Sharma,customer00691@example.com,9972207298,Coimbatore,Tamil Nadu,Business,2025-12-16
CUST00692,Arun Das,customer00692@example.com,9888652996,Jaipur,Rajasthan,Individual,2024-10-05
CUST00693,Dinesh Gupta,customer00693@example.com,9844855691,Trichy,Tamil Nadu,Individual,2025-07-03
CUST00694,Kavya Verma,customer00694@example.com,9398551224,Trichy,Tamil Nadu,Individual,2023-10-07
CUST00695,Karthik Joshi,customer00695@example.com,9840628779,Trichy,Tamil Nadu,Individual,2025-03-19
CUST00696,Divya Rao,customer00696@example.com,9643765516,Ahmedabad,Gujarat,Individual,2026-08-21
CUST00697,Karthik Pillai,customer00697@example.com,9382219159,Bengaluru,Karnataka,Business,2024-04-10
CUST00698,Priya Kapoor,customer00698@example.com,9865435307,Hyderabad,Telangana,Business,2025-01-06
CUST00699,Kavya Kumar,customer00699@example.com,9758248504,Madurai,Tamil Nadu,Individual,2026-04-12
CUST00700,Divya Iyer,customer00700@example.com,9223717471,Kolkata,West Bengal,Individual,2025-03-14
CUST00701,Vivek Kumar,customer00701@example.com,9896912015,Mumbai,Maharashtra,Individual,2023-09-23
CUST00702,Arun Menon,customer00702@example.com,9116335839,Trichy,Tamil Nadu,Individual,2023-09-04
CUST00703,Meena Pillai,customer00703@example.com,9958559596,Pune,Maharashtra,Individual,2023-03-19
CUST00704,Manoj Reddy,customer00704@example.com,9913051364,Bengaluru,Karnataka,Individual,2025-05-03
CUST00705,Rahul Joshi,customer00705@example.com,9593186935,Jaipur,Rajasthan,Individual,2023-09-10
CUST00706,Pooja Das,customer00706@example.com,9987142548,Salem,Tamil Nadu,Individual,2024-04-19
CUST00707,Vivek Mehta,customer00707@example.com,9979615854,Jaipur,Rajasthan,Individual,2023-06-25
CUST00708,Manoj Joshi,customer00708@example.com,9607967179,Coimbatore,Tamil Nadu,Individual,2025-08-28
CUST00709,Manoj Reddy,customer00709@example.com,9619969074,Mumbai,Maharashtra,Individual,2023-09-11
CUST00710,Manoj Bose,customer00710@example.com,9728149780,Madurai,Tamil Nadu,Business,2025-06-21
CUST00711,Nithya Joshi,customer00711@example.com,9676504891,Pune,Maharashtra,Individual,2023-04-17
CUST00712,Sneha Patel,customer00712@example.com,9249250482,Jaipur,Rajasthan,Business,2026-04-09
CUST00713,Nithya Mishra,customer00713@example.com,9177987860,Madurai,Tamil Nadu,Business,2023-02-27
CUST00714,Vivek Das,customer00714@example.com,9696503402,Mumbai,Maharashtra,Business,2026-09-22
CUST00715,Vivek Joshi,customer00715@example.com,9708155892,Trichy,Tamil Nadu,Business,2026-09-27
CUST00716,Manoj Patel,customer00716@example.com,9467372165,Pune,Maharashtra,Individual,2025-07-30
CUST00717,Sneha Iyer,customer00717@example.com,9716561736,Madurai,Tamil Nadu,Business,2026-08-06
CUST00718,Manoj Sharma,customer00718@example.com,9740558528,Coimbatore,Tamil Nadu,Individual,2023-03-25
CUST00719,Vivek Iyer,customer00719@example.com,9753591627,Hyderabad,Telangana,Individual,2026-02-14
CUST00720,Harini Reddy,customer00720@example.com,9950156217,Chennai,Tamil Nadu,Business,2024-12-12
CUST00721,Sneha Sinha,customer00721@example.com,9135850829,Hyderabad,Telangana,Individual,2026-05-27
CUST00722,Swetha Singh,customer00722@example.com,9535003781,Mumbai,Maharashtra,Business,2025-06-19
CUST00723,Manoj Mishra,customer00723@example.com,9789413696,Bengaluru,Karnataka,Individual,2026-01-30
CUST00724,Nithya Joshi,customer00724@example.com,9210185813,Chennai,Tamil Nadu,Business,2024-10-18
CUST00725,Karthik Verma,customer00725@example.com,9598769185,Kolkata,West Bengal,Individual,2024-03-31
CUST00726,Vivek Naidu,customer00726@example.com,9263850807,Coimbatore,Tamil Nadu,Individual,2024-10-20
CUST00727,Suresh Pillai,customer00727@example.com,9417724930,Kolkata,West Bengal,Individual,2025-02-11
CUST00728,Kavya Patel,customer00728@example.com,9954593961,Ahmedabad,Gujarat,Business,2025-03-01
CUST00729,Manoj Patel,customer00729@example.com,9868276157,Pune,Maharashtra,Business,2025-04-30
CUST00730,Dinesh Kapoor,customer00730@example.com,9916567301,Kochi,Kerala,Business,2024-06-09
CUST00731,Ananya Patel,customer00731@example.com,9371433733,Chennai,Tamil Nadu,Individual,2023-09-23
CUST00732,Pooja Verma,customer00732@example.com,9668336574,Kolkata,West Bengal,Individual,2026-08-03
CUST00733,Divya Mehta,customer00733@example.com,9796770707,Jaipur,Rajasthan,Individual,2023-05-21
CUST00734,Karthik Gupta,customer00734@example.com,9946049684,Kolkata,West Bengal,Business,2025-06-13
CUST00735,Swetha Kumar,customer00735@example.com,9357396993,Madurai,Tamil Nadu,Individual,2024-02-10
CUST00736,Rahul Singh,customer00736@example.com,9125705177,Hyderabad,Telangana,Individual,2023-10-20
CUST00737,Ajay Reddy,customer00737@example.com,9744173278,Madurai,Tamil Nadu,Individual,2025-11-20
CUST00738,Nithya Iyer,customer00738@example.com,9789977433,Ahmedabad,Gujarat,Business,2026-04-09
CUST00739,Pooja Pillai,customer00739@example.com,9908203063,Chennai,Tamil Nadu,Business,2023-12-21
CUST00740,Vivek Singh,customer00740@example.com,9591954015,Chennai,Tamil Nadu,Business,2023-07-24
CUST00741,Divya Bose,customer00741@example.com,9255051094,Ahmedabad,Gujarat,Individual,2025-09-20
CUST00742,Pooja Singh,customer00742@example.com,9173068281,Mumbai,Maharashtra,Individual,2023-10-18
CUST00743,Ajay Joshi,customer00743@example.com,9622056517,Madurai,Tamil Nadu,Individual,2023-04-21
CUST00744,Priya Patel,customer00744@example.com,9924523926,Delhi,Delhi,Individual,2025-12-27
CUST00745,Divya Pillai,customer00745@example.com,9599946459,Jaipur,Rajasthan,Business,2024-01-08
CUST00746,Suresh Rao,customer00746@example.com,9978129181,Salem,Tamil Nadu,Individual,2023-07-15
CUST00747,Karthik Joshi,customer00747@example.com,9192276863,Hyderabad,Telangana,Individual,2023-05-06
CUST00748,Priya Das,customer00748@example.com,9462032205,Chennai,Tamil Nadu,Individual,2023-09-19
CUST00749,Karthik Verma,customer00749@example.com,9186833572,Mumbai,Maharashtra,Individual,2025-06-05
CUST00750,Dinesh Nair,customer00750@example.com,9615531830,Kochi,Kerala,Business,2025-07-12
CUST00751,Meena Bose,customer00751@example.com,9833408735,Jaipur,Rajasthan,Individual,2023-06-04
CUST00752,Rahul Menon,customer00752@example.com,9732875312,Madurai,Tamil Nadu,Individual,2023-04-18
CUST00753,Sneha Sinha,customer00753@example.com,9787035496,Hyderabad,Telangana,Individual,2023-02-04
CUST00754,Swetha Iyer,customer00754@example.com,9515581355,Kochi,Kerala,Individual,2025-12-03
CUST00755,Karthik Sharma,customer00755@example.com,9161109746,Madurai,Tamil Nadu,Individual,2024-10-16
CUST00756,Suresh Joshi,customer00756@example.com,9582773013,Kolkata,West Bengal,Individual,2024-12-23
CUST00757,Vijay Reddy,customer00757@example.com,9237825566,Kochi,Kerala,Business,2025-09-24
CUST00758,Nithya Verma,customer00758@example.com,9547826310,Ahmedabad,Gujarat,Individual,2024-02-20
CUST00759,Ananya Reddy,customer00759@example.com,9367559528,Vijayawada,Andhra Pradesh,Individual,2025-09-26
CUST00760,Meena Sinha,customer00760@example.com,9195785108,Mumbai,Maharashtra,Individual,2023-10-12
CUST00761,Vivek Das,customer00761@example.com,9795880975,Hyderabad,Telangana,Individual,2024-06-01
CUST00762,Rohit Iyer,customer00762@example.com,9570320915,Trichy,Tamil Nadu,Business,2023-01-27
CUST00763,Meena Kapoor,customer00763@example.com,9606085547,Vijayawada,Andhra Pradesh,Individual,2023-08-15
CUST00764,Sneha Bose,customer00764@example.com,9888320302,Pune,Maharashtra,Individual,2026-10-23
CUST00765,Rahul Menon,customer00765@example.com,9811508593,Pune,Maharashtra,Business,2026-08-26
CUST00766,Suresh Gupta,customer00766@example.com,9452362287,Hyderabad,Telangana,Individual,2025-04-27
CUST00767,Manoj Singh,customer00767@example.com,9621342943,Kochi,Kerala,Individual,2026-02-02
CUST00768,Ananya Mehta,customer00768@example.com,9357009870,Madurai,Tamil Nadu,Individual,2023-01-18
CUST00769,Rohit Naidu,customer00769@example.com,9866583236,Mumbai,Maharashtra,Individual,2026-05-13
CUST00770,Vijay Reddy,customer00770@example.com,9929138314,Salem,Tamil Nadu,Individual,2023-02-12
CUST00771,Rahul Kumar,customer00771@example.com,9129564878,Pune,Maharashtra,Individual,2023-03-30
CUST00772,Harini Bose,customer00772@example.com,9871521436,Mumbai,Maharashtra,Business,2024-08-08
CUST00773,Suresh Joshi,customer00773@example.com,9304505841,Pune,Maharashtra,Individual,2023-06-06
CUST00774,Meena Patel,customer00774@example.com,9798887468,Kolkata,West Bengal,Business,2026-07-13
CUST00775,Rohit Verma,customer00775@example.com,9998210499,Madurai,Tamil Nadu,Individual,2023-05-14
CUST00776,Nithya Kumar,customer00776@example.com,9839185648,Kolkata,West Bengal,Individual,2024-04-08
CUST00777,Swetha Mehta,customer00777@example.com,9408701859,Jaipur,Rajasthan,Individual,2026-03-01
CUST00778,Rohit Rao,customer00778@example.com,9109428143,Pune,Maharashtra,Individual,2025-01-10
CUST00779,Meena Naidu,customer00779@example.com,9441228374,Trichy,Tamil Nadu,Individual,2025-11-23
CUST00780,Vivek Iyer,customer00780@example.com,9421051406,Trichy,Tamil Nadu,Individual,2023-03-24
CUST00781,Vivek Kapoor,customer00781@example.com,9753669485,Kolkata,West Bengal,Individual,2025-07-17
CUST00782,Priya Joshi,customer00782@example.com,9464206763,Ahmedabad,Gujarat,Individual,2026-03-01
CUST00783,Pooja Pillai,customer00783@example.com,9151129282,Vijayawada,Andhra Pradesh,Individual,2025-05-15
CUST00784,Meena Mishra,customer00784@example.com,9150703199,Trichy,Tamil Nadu,Business,2023-07-23
CUST00785,Meena Mishra,customer00785@example.com,9439714215,Pune,Maharashtra,Business,2026-09-21
CUST00786,Rohit Mishra,customer00786@example.com,9529526629,Hyderabad,Telangana,Individual,2025-08-19
CUST00787,Rahul Kapoor,customer00787@example.com,9245842261,Kolkata,West Bengal,Business,2024-05-11
CUST00788,Pooja Sharma,customer00788@example.com,9445024141,Jaipur,Rajasthan,Business,2024-03-17
CUST00789,Meena Patel,customer00789@example.com,9364914878,Salem,Tamil Nadu,Individual,2025-04-07
CUST00790,Suresh Gupta,customer00790@example.com,9996556756,Salem,Tamil Nadu,Individual,2026-07-05
CUST00791,Ajay Nair,customer00791@example.com,9378740018,Bengaluru,Karnataka,Individual,2026-08-08
CUST00792,Manoj Sharma,customer00792@example.com,9640878286,Vijayawada,Andhra Pradesh,Individual,2026-02-22
CUST00793,Kavya Menon,customer00793@example.com,9469254399,Kochi,Kerala,Individual,2025-05-20
CUST00794,Swetha Gupta,customer00794@example.com,9816612025,Madurai,Tamil Nadu,Individual,2026-04-13
CUST00795,Pooja Mehta,customer00795@example.com,9500859406,Trichy,Tamil Nadu,Individual,2025-05-18
CUST00796,Dinesh Sinha,customer00796@example.com,9626071360,Trichy,Tamil Nadu,Individual,2023-03-21
CUST00797,Rahul Bose,customer00797@example.com,9931650294,Kochi,Kerala,Business,2025-03-22
CUST00798,Sneha Verma,customer00798@example.com,9481140811,Chennai,Tamil Nadu,Individual,2025-07-03
CUST00799,Suresh Pillai,customer00799@example.com,9930934025,Jaipur,Rajasthan,Individual,2026-08-21
CUST00800,Vivek Bose,customer00800@example.com,9364919533,Delhi,Delhi,Business,2026-09-29
CUST00801,Meena Verma,customer00801@example.com,9917767657,Kolkata,West Bengal,Individual,2024-07-23
CUST00802,Ajay Singh,customer00802@example.com,9499916329,Ahmedabad,Gujarat,Individual,2026-01-19
CUST00803,Karthik Sharma,customer00803@example.com,9334129651,Jaipur,Rajasthan,Business,2025-05-11
CUST00804,Vivek Das,customer00804@example.com,9625338108,Coimbatore,Tamil Nadu,Business,2023-06-18
CUST00805,Karthik Pillai,customer00805@example.com,9530435678,Trichy,Tamil Nadu,Individual,2026-09-19
CUST00806,Nithya Das,customer00806@example.com,9229077514,Madurai,Tamil Nadu,Individual,2025-10-08
CUST00807,Kavya Joshi,customer00807@example.com,9201793423,Bengaluru,Karnataka,Business,2023-08-24
CUST00808,Suresh Mehta,customer00808@example.com,9710440060,Salem,Tamil Nadu,Individual,2024-02-03
CUST00809,Manoj Singh,customer00809@example.com,9850328008,Trichy,Tamil Nadu,Individual,2024-08-10
CUST00810,Divya Iyer,customer00810@example.com,9232227310,Bengaluru,Karnataka,Individual,2025-03-31
CUST00811,Pooja Singh,customer00811@example.com,9423861837,Pune,Maharashtra,Individual,2025-10-09
CUST00812,Vivek Verma,customer00812@example.com,9956589726,Jaipur,Rajasthan,Individual,2024-04-21
CUST00813,Vijay Bose,customer00813@example.com,9767732936,Pune,Maharashtra,Individual,2025-04-24
CUST00814,Nithya Menon,customer00814@example.com,9674732771,Delhi,Delhi,Business,2024-08-07
CUST00815,Karthik Joshi,customer00815@example.com,9295765684,Hyderabad,Telangana,Individual,2026-01-16
CUST00816,Harini Iyer,customer00816@example.com,9396640486,Coimbatore,Tamil Nadu,Individual,2024-09-06
CUST00817,Rahul Pillai,customer00817@example.com,9460061173,Jaipur,Rajasthan,Individual,2024-08-28
CUST00818,Ananya Pillai,customer00818@example.com,9669464665,Chennai,Tamil Nadu,Business,2025-08-18
CUST00819,Nithya Kapoor,customer00819@example.com,9835742983,Delhi,Delhi,Individual,2025-02-16
CUST00820,Dinesh Joshi,customer00820@example.com,9425687447,Mumbai,Maharashtra,Individual,2026-06-30
CUST00821,Meena Iyer,customer00821@example.com,9489390702,Chennai,Tamil Nadu,Business,2023-12-24
CUST00822,Harini Kapoor,customer00822@example.com,9252292271,Vijayawada,Andhra Pradesh,Individual,2025-12-17
CUST00823,Sneha Singh,customer00823@example.com,9818311069,Kolkata,West Bengal,Individual,2024-06-04
CUST00824,Priya Bose,customer00824@example.com,9825431865,Madurai,Tamil Nadu,Business,2024-06-08
CUST00825,Swetha Iyer,customer00825@example.com,9243442005,Jaipur,Rajasthan,Business,2024-01-28
CUST00826,Ananya Joshi,customer00826@example.com,9897588534,Mumbai,Maharashtra,Individual,2026-05-30
CUST00827,Dinesh Sharma,customer00827@example.com,9701683656,Mumbai,Maharashtra,Business,2026-09-14
CUST00828,Ajay Gupta,customer00828@example.com,9562239737,Delhi,Delhi,Individual,2026-10-27
CUST00829,Ananya Kapoor,customer00829@example.com,9462400189,Kochi,Kerala,Individual,2023-06-02
CUST00830,Harini Pillai,customer00830@example.com,9759092075,Vijayawada,Andhra Pradesh,Business,2025-06-11
CUST00831,Ananya Rao,customer00831@example.com,9536518910,Hyderabad,Telangana,Business,2025-09-10
CUST00832,Karthik Naidu,customer00832@example.com,9987970095,Jaipur,Rajasthan,Individual,2024-04-24
CUST00833,Dinesh Reddy,customer00833@example.com,9370049411,Kochi,Kerala,Individual,2024-08-05
CUST00834,Sneha Kapoor,customer00834@example.com,9622395044,Delhi,Delhi,Individual,2025-05-06
CUST00835,Vivek Pillai,customer00835@example.com,9626386055,Kolkata,West Bengal,Individual,2023-01-20
CUST00836,Harini Rao,customer00836@example.com,9650743424,Salem,Tamil Nadu,Individual,2024-08-15
CUST00837,Ananya Sinha,customer00837@example.com,9910341339,Trichy,Tamil Nadu,Individual,2023-08-16
CUST00838,Swetha Iyer,customer00838@example.com,9165201349,Trichy,Tamil Nadu,Individual,2026-10-01
CUST00839,Harini Gupta,customer00839@example.com,9396540206,Hyderabad,Telangana,Individual,2023-01-19
CUST00840,Vijay Singh,customer00840@example.com,9466126819,Kolkata,West Bengal,Individual,2024-03-19
CUST00841,Kavya Sharma,customer00841@example.com,9431105482,Ahmedabad,Gujarat,Business,2024-01-03
CUST00842,Ajay Menon,customer00842@example.com,9244475396,Hyderabad,Telangana,Individual,2025-06-17
CUST00843,Rohit Menon,customer00843@example.com,9322647319,Jaipur,Rajasthan,Individual,2025-06-07
CUST00844,Karthik Singh,customer00844@example.com,9920941486,Jaipur,Rajasthan,Business,2024-12-26
CUST00845,Dinesh Menon,customer00845@example.com,9153400337,Bengaluru,Karnataka,Individual,2023-05-27
CUST00846,Rahul Naidu,customer00846@example.com,9619541147,Kochi,Kerala,Individual,2024-03-05
CUST00847,Priya Kapoor,customer00847@example.com,9699689164,Ahmedabad,Gujarat,Individual,2025-04-27
CUST00848,Meena Sharma,customer00848@example.com,9398417412,Trichy,Tamil Nadu,Individual,2023-07-17
CUST00849,Priya Mehta,customer00849@example.com,9557232669,Mumbai,Maharashtra,Individual,2025-09-23
CUST00850,Pooja Bose,customer00850@example.com,9148913920,Kochi,Kerala,Individual,2026-08-03
CUST00851,Nithya Nair,customer00851@example.com,9122930517,Coimbatore,Tamil Nadu,Individual,2024-07-18
CUST00852,Suresh Kumar,customer00852@example.com,9751346349,Jaipur,Rajasthan,Individual,2024-01-04
CUST00853,Suresh Singh,customer00853@example.com,9134723396,Vijayawada,Andhra Pradesh,Individual,2026-06-17
CUST00854,Karthik Pillai,customer00854@example.com,9810701086,Madurai,Tamil Nadu,Individual,2025-03-12
CUST00855,Swetha Verma,customer00855@example.com,9905260997,Kolkata,West Bengal,Business,2026-08-03
CUST00856,Manoj Kumar,customer00856@example.com,9214418266,Chennai,Tamil Nadu,Individual,2024-11-30
CUST00857,Suresh Kumar,customer00857@example.com,9125960887,Hyderabad,Telangana,Individual,2025-09-22
CUST00858,Vivek Menon,customer00858@example.com,9614938204,Jaipur,Rajasthan,Individual,2024-06-01
CUST00859,Karthik Sharma,customer00859@example.com,9206555262,Kochi,Kerala,Individual,2025-02-13
CUST00860,Meena Singh,customer00860@example.com,9793703067,Ahmedabad,Gujarat,Business,2024-07-14
CUST00861,Kavya Naidu,customer00861@example.com,9674554639,Madurai,Tamil Nadu,Individual,2023-03-01
CUST00862,Suresh Das,customer00862@example.com,9707947700,Vijayawada,Andhra Pradesh,Business,2024-06-28
CUST00863,Swetha Gupta,customer00863@example.com,9875654795,Kochi,Kerala,Individual,2025-10-13
CUST00864,Suresh Joshi,customer00864@example.com,9265070161,Chennai,Tamil Nadu,Business,2023-10-30
CUST00865,Rahul Verma,customer00865@example.com,9792050593,Madurai,Tamil Nadu,Individual,2026-06-21
CUST00866,Rahul Menon,customer00866@example.com,9207608054,Coimbatore,Tamil Nadu,Individual,2026-05-15
CUST00867,Manoj Sharma,customer00867@example.com,9288856756,Chennai,Tamil Nadu,Individual,2026-10-30
CUST00868,Manoj Bose,customer00868@example.com,9464479167,Delhi,Delhi,Individual,2023-10-10
CUST00869,Priya Kapoor,customer00869@example.com,9471917462,Pune,Maharashtra,Individual,2024-04-22
CUST00870,Sneha Menon,customer00870@example.com,9288506476,Delhi,Delhi,Individual,2025-11-11
CUST00871,Meena Das,customer00871@example.com,9344390000,Trichy,Tamil Nadu,Individual,2024-07-12
CUST00872,Arun Joshi,customer00872@example.com,9882659344,Kochi,Kerala,Business,2023-12-15
CUST00873,Rohit Menon,customer00873@example.com,9325452207,Jaipur,Rajasthan,Individual,2024-10-31
CUST00874,Vivek Iyer,customer00874@example.com,9821269908,Jaipur,Rajasthan,Business,2023-09-15
CUST00875,Pooja Joshi,customer00875@example.com,9862025137,Jaipur,Rajasthan,Business,2024-10-16
CUST00876,Harini Sinha,customer00876@example.com,9870597799,Vijayawada,Andhra Pradesh,Business,2025-12-06
CUST00877,Suresh Rao,customer00877@example.com,9880935549,Pune,Maharashtra,Individual,2025-11-16
CUST00878,Pooja Sharma,customer00878@example.com,9921574878,Delhi,Delhi,Individual,2025-11-16
CUST00879,Priya Verma,customer00879@example.com,9254277122,Pune,Maharashtra,Individual,2023-05-25
CUST00880,Divya Rao,customer00880@example.com,9381870096,Salem,Tamil Nadu,Individual,2024-08-09
CUST00881,Kavya Rao,customer00881@example.com,9860886460,Kochi,Kerala,Individual,2024-06-05
CUST00882,Meena Sharma,customer00882@example.com,9750445105,Pune,Maharashtra,Business,2026-02-18
CUST00883,Pooja Kapoor,customer00883@example.com,9537802361,Mumbai,Maharashtra,Individual,2025-03-11
CUST00884,Karthik Sharma,customer00884@example.com,9163771225,Hyderabad,Telangana,Individual,2024-01-17
CUST00885,Arun Naidu,customer00885@example.com,9809426949,Hyderabad,Telangana,Business,2025-02-14
CUST00886,Ananya Sharma,customer00886@example.com,9944163227,Mumbai,Maharashtra,Individual,2024-11-03
CUST00887,Nithya Sharma,customer00887@example.com,9802214855,Madurai,Tamil Nadu,Individual,2023-11-23
CUST00888,Vivek Verma,customer00888@example.com,9190840118,Bengaluru,Karnataka,Individual,2026-08-13
CUST00889,Vijay Kapoor,customer00889@example.com,9845545469,Vijayawada,Andhra Pradesh,Individual,2024-09-21
CUST00890,Karthik Menon,customer00890@example.com,9300623545,Madurai,Tamil Nadu,Individual,2023-03-25
CUST00891,Nithya Mishra,customer00891@example.com,9970276780,Chennai,Tamil Nadu,Individual,2023-05-26
CUST00892,Vijay Sinha,customer00892@example.com,9495029703,Ahmedabad,Gujarat,Business,2026-04-09
CUST00893,Nithya Sharma,customer00893@example.com,9927949458,Vijayawada,Andhra Pradesh,Individual,2026-09-19
CUST00894,Kavya Reddy,customer00894@example.com,9144511845,Vijayawada,Andhra Pradesh,Individual,2024-02-28
CUST00895,Ananya Joshi,customer00895@example.com,9173276188,Chennai,Tamil Nadu,Individual,2026-08-25
CUST00896,Ananya Mishra,customer00896@example.com,9686137238,Pune,Maharashtra,Individual,2024-10-22
CUST00897,Pooja Singh,customer00897@example.com,9916663150,Delhi,Delhi,Individual,2025-02-01
CUST00898,Arun Joshi,customer00898@example.com,9717979807,Delhi,Delhi,Individual,2024-07-22
CUST00899,Ananya Kapoor,customer00899@example.com,9297453577,Hyderabad,Telangana,Individual,2023-12-13
CUST00900,Swetha Reddy,customer00900@example.com,9307792730,Kolkata,West Bengal,Individual,2026-08-18
CUST00901,Rahul Joshi,customer00901@example.com,9571130288,Madurai,Tamil Nadu,Individual,2023-12-13
CUST00902,Pooja Iyer,customer00902@example.com,9776860352,Salem,Tamil Nadu,Individual,2024-02-12
CUST00903,Ananya Das,customer00903@example.com,9574964710,Kochi,Kerala,Individual,2023-05-13
CUST00904,Dinesh Mishra,customer00904@example.com,9463648540,Trichy,Tamil Nadu,Individual,2024-09-05
CUST00905,Karthik Mishra,customer00905@example.com,9648607930,Coimbatore,Tamil Nadu,Individual,2025-09-14
CUST00906,Sneha Verma,customer00906@example.com,9350792236,Delhi,Delhi,Individual,2023-04-16
CUST00907,Pooja Mehta,customer00907@example.com,9902069186,Kochi,Kerala,Business,2023-06-20
CUST00908,Ajay Mishra,customer00908@example.com,9233550386,Coimbatore,Tamil Nadu,Individual,2024-10-01
CUST00909,Karthik Mishra,customer00909@example.com,9143877102,Kochi,Kerala,Individual,2026-06-27
CUST00910,Vivek Verma,customer00910@example.com,9224997598,Pune,Maharashtra,Individual,2023-09-19
CUST00911,Manoj Rao,customer00911@example.com,9642039306,Coimbatore,Tamil Nadu,Individual,2024-05-08
CUST00912,Vivek Verma,customer00912@example.com,9288113109,Trichy,Tamil Nadu,Individual,2026-06-21
CUST00913,Priya Iyer,customer00913@example.com,9834262911,Kochi,Kerala,Individual,2025-06-21
CUST00914,Ajay Kapoor,customer00914@example.com,9226454242,Mumbai,Maharashtra,Individual,2023-10-17
CUST00915,Divya Mishra,customer00915@example.com,9182971909,Trichy,Tamil Nadu,Individual,2026-07-10
CUST00916,Vivek Gupta,customer00916@example.com,9108644157,Coimbatore,Tamil Nadu,Individual,2026-08-30
CUST00917,Arun Patel,customer00917@example.com,9633657732,Trichy,Tamil Nadu,Business,2023-03-26
CUST00918,Manoj Naidu,customer00918@example.com,9479278984,Kochi,Kerala,Individual,2026-09-14
CUST00919,Nithya Das,customer00919@example.com,9834486043,Bengaluru,Karnataka,Individual,2023-02-14
CUST00920,Ajay Kapoor,customer00920@example.com,9500949759,Kochi,Kerala,Business,2025-03-25
CUST00921,Rahul Iyer,customer00921@example.com,9855349714,Kochi,Kerala,Business,2023-11-29
CUST00922,Rohit Reddy,customer00922@example.com,9823123163,Pune,Maharashtra,Individual,2024-04-09
CUST00923,Priya Joshi,customer00923@example.com,9903902426,Madurai,Tamil Nadu,Individual,2023-07-19
CUST00924,Vijay Das,customer00924@example.com,9200090108,Mumbai,Maharashtra,Individual,2026-05-09
CUST00925,Arun Kapoor,customer00925@example.com,9389361957,Salem,Tamil Nadu,Business,2023-11-25
CUST00926,Kavya Gupta,customer00926@example.com,9534408852,Delhi,Delhi,Individual,2023-08-28
CUST00927,Karthik Pillai,customer00927@example.com,9521209050,Vijayawada,Andhra Pradesh,Business,2025-03-08
CUST00928,Suresh Bose,customer00928@example.com,9577169341,Chennai,Tamil Nadu,Individual,2024-12-02
CUST00929,Rahul Kapoor,customer00929@example.com,9514468141,Madurai,Tamil Nadu,Individual,2024-08-05
CUST00930,Nithya Patel,customer00930@example.com,9539006661,Chennai,Tamil Nadu,Business,2024-10-18
CUST00931,Arun Pillai,customer00931@example.com,9510945189,Pune,Maharashtra,Individual,2026-10-14
CUST00932,Arun Mehta,customer00932@example.com,9330957360,Mumbai,Maharashtra,Individual,2024-12-21
CUST00933,Priya Kapoor,customer00933@example.com,9731525620,Jaipur,Rajasthan,Individual,2023-12-26
CUST00934,Sneha Das,customer00934@example.com,9442128336,Kochi,Kerala,Individual,2024-01-20
CUST00935,Pooja Naidu,customer00935@example.com,9751725559,Jaipur,Rajasthan,Individual,2026-05-30
CUST00936,Arun Patel,customer00936@example.com,9104668710,Jaipur,Rajasthan,Individual,2025-03-09
CUST00937,Rahul Iyer,customer00937@example.com,9437193798,Ahmedabad,Gujarat,Individual,2023-12-31
CUST00938,Kavya Verma,customer00938@example.com,9747064958,Hyderabad,Telangana,Individual,2023-03-13
CUST00939,Harini Joshi,customer00939@example.com,9969521565,Jaipur,Rajasthan,Individual,2026-06-17
CUST00940,Harini Rao,customer00940@example.com,9401669780,Delhi,Delhi,Business,2024-05-18
CUST00941,Karthik Singh,customer00941@example.com,9206841088,Bengaluru,Karnataka,Individual,2023-05-07
CUST00942,Dinesh Naidu,customer00942@example.com,9598200792,Hyderabad,Telangana,Individual,2026-06-25
CUST00943,Sneha Joshi,customer00943@example.com,9644754591,Pune,Maharashtra,Individual,2024-04-26
CUST00944,Suresh Joshi,customer00944@example.com,9440140538,Vijayawada,Andhra Pradesh,Individual,2026-08-28
CUST00945,Ajay Kapoor,customer00945@example.com,9726201336,Madurai,Tamil Nadu,Business,2023-10-10
CUST00946,Vivek Joshi,customer00946@example.com,9743525511,Bengaluru,Karnataka,Business,2025-10-22
CUST00947,Suresh Naidu,customer00947@example.com,9205814596,Trichy,Tamil Nadu,Individual,2023-03-15
CUST00948,Divya Kapoor,customer00948@example.com,9246220061,Coimbatore,Tamil Nadu,Individual,2025-12-23
CUST00949,Divya Menon,customer00949@example.com,9199134066,Ahmedabad,Gujarat,Business,2025-02-11
CUST00950,Pooja Naidu,customer00950@example.com,9405252871,Bengaluru,Karnataka,Business,2023-12-13
CUST00951,Suresh Joshi,customer00951@example.com,9326010992,Salem,Tamil Nadu,Business,2023-11-20
CUST00952,Rohit Kapoor,customer00952@example.com,9296964626,Jaipur,Rajasthan,Individual,2023-08-27
CUST00953,Dinesh Bose,customer00953@example.com,9582382315,Pune,Maharashtra,Business,2023-12-03
CUST00954,Karthik Naidu,customer00954@example.com,9478573626,Kolkata,West Bengal,Individual,2023-12-07
CUST00955,Kavya Pillai,customer00955@example.com,9908883126,Coimbatore,Tamil Nadu,Individual,2026-07-26
CUST00956,Nithya Gupta,customer00956@example.com,9103832733,Chennai,Tamil Nadu,Individual,2026-10-08
CUST00957,Meena Gupta,customer00957@example.com,9502856995,Delhi,Delhi,Individual,2025-08-03
CUST00958,Sneha Sharma,customer00958@example.com,9722386486,Chennai,Tamil Nadu,Individual,2025-06-10
CUST00959,Suresh Naidu,customer00959@example.com,9993565995,Bengaluru,Karnataka,Business,2024-04-06
CUST00960,Sneha Mishra,customer00960@example.com,9848180634,Vijayawada,Andhra Pradesh,Individual,2026-08-09
CUST00961,Harini Reddy,customer00961@example.com,9417187148,Chennai,Tamil Nadu,Individual,2025-03-08
CUST00962,Manoj Menon,customer00962@example.com,9978177869,Salem,Tamil Nadu,Individual,2025-01-02
CUST00963,Arun Patel,customer00963@example.com,9686393188,Pune,Maharashtra,Individual,2023-06-11
CUST00964,Divya Das,customer00964@example.com,9884612789,Trichy,Tamil Nadu,Individual,2024-03-23
CUST00965,Harini Pillai,customer00965@example.com,9664979119,Vijayawada,Andhra Pradesh,Business,2023-09-22
CUST00966,Karthik Gupta,customer00966@example.com,9162246429,Madurai,Tamil Nadu,Individual,2025-10-06
CUST00967,Karthik Singh,customer00967@example.com,9241262886,Delhi,Delhi,Individual,2023-05-12
CUST00968,Kavya Reddy,customer00968@example.com,9743791086,Salem,Tamil Nadu,Individual,2023-04-30
CUST00969,Nithya Verma,customer00969@example.com,9139111692,Salem,Tamil Nadu,Business,2026-05-27
CUST00970,Suresh Naidu,customer00970@example.com,9486406521,Chennai,Tamil Nadu,Individual,2024-11-02
CUST00971,Vijay Mishra,customer00971@example.com,9156094863,Jaipur,Rajasthan,Individual,2024-05-19
CUST00972,Pooja Joshi,customer00972@example.com,9372231083,Chennai,Tamil Nadu,Individual,2026-08-16
CUST00973,Harini Singh,customer00973@example.com,9805894854,Bengaluru,Karnataka,Individual,2023-04-19
CUST00974,Suresh Mehta,customer00974@example.com,9588606063,Madurai,Tamil Nadu,Business,2026-06-15
CUST00975,Karthik Mishra,customer00975@example.com,9696037878,Hyderabad,Telangana,Individual,2023-10-20
CUST00976,Suresh Rao,customer00976@example.com,9601603226,Vijayawada,Andhra Pradesh,Individual,2025-09-14
CUST00977,Ajay Sinha,customer00977@example.com,9314879276,Chennai,Tamil Nadu,Business,2025-04-07
CUST00978,Suresh Pillai,customer00978@example.com,9900047868,Pune,Maharashtra,Individual,2023-07-06
CUST00979,Dinesh Kumar,customer00979@example.com,9235948662,Kolkata,West Bengal,Individual,2025-11-25
CUST00980,Ananya Mishra,customer00980@example.com,9289883682,Delhi,Delhi,Individual,2023-09-13
CUST00981,Nithya Patel,customer00981@example.com,9547705294,Kochi,Kerala,Individual,2025-10-28
CUST00982,Manoj Patel,customer00982@example.com,9386668770,Chennai,Tamil Nadu,Individual,2025-01-17
CUST00983,Pooja Mishra,customer00983@example.com,9166779654,Pune,Maharashtra,Individual,2026-04-16
CUST00984,Harini Joshi,customer00984@example.com,9148746429,Vijayawada,Andhra Pradesh,Business,2026-06-19
CUST00985,Vivek Mishra,customer00985@example.com,9396925425,Pune,Maharashtra,Individual,2023-02-10
CUST00986,Dinesh Reddy,customer00986@example.com,9153620333,Delhi,Delhi,Individual,2026-10-12
CUST00987,Meena Pillai,customer00987@example.com,9732925297,Hyderabad,Telangana,Individual,2025-01-26
CUST00988,Harini Reddy,customer00988@example.com,9934197805,Pune,Maharashtra,Individual,2023-04-23
CUST00989,Meena Nair,customer00989@example.com,9712465759,Kolkata,West Bengal,Individual,2025-02-06
CUST00990,Manoj Sinha,customer00990@example.com,9135374373,Pune,Maharashtra,Individual,2026-04-04
CUST00991,Manoj Rao,customer00991@example.com,9674374588,Pune,Maharashtra,Individual,2025-05-03
CUST00992,Meena Menon,customer00992@example.com,9657145447,Pune,Maharashtra,Individual,2023-03-19
CUST00993,Karthik Bose,customer00993@example.com,9957827481,Trichy,Tamil Nadu,Individual,2024-12-19
CUST00994,Swetha Reddy,customer00994@example.com,9329410361,Trichy,Tamil Nadu,Individual,2025-05-27
CUST00995,Harini Kumar,customer00995@example.com,9947329702,Hyderabad,Telangana,Individual,2026-05-04
CUST00996,Arun Verma,customer00996@example.com,9594464915,Chennai,Tamil Nadu,Individual,2024-02-06
CUST00997,Priya Singh,customer00997@example.com,9496456785,Pune,Maharashtra,Individual,2025-04-12
CUST00998,Manoj Singh,customer00998@example.com,9303575345,Ahmedabad,Gujarat,Business,2023-03-05
CUST00999,Suresh Singh,customer00999@example.com,9917554638,Madurai,Tamil Nadu,Individual,2024-10-13
CUST01000,Arun Nair,customer01000@example.com,9584137523,Ahmedabad,Gujarat,Business,2025-06-04
CUST01001,Swetha Rao,customer01001@example.com,9989576277,Chennai,Tamil Nadu,Individual,2025-12-01
CUST01002,Rahul Das,customer01002@example.com,9476535701,Hyderabad,Telangana,Business,2024-01-08
CUST01003,Dinesh Singh,customer01003@example.com,9764242740,Jaipur,Rajasthan,Individual,2023-11-02
CUST01004,Swetha Kapoor,customer01004@example.com,9391797204,Jaipur,Rajasthan,Individual,2023-07-28
CUST01005,Suresh Mishra,customer01005@example.com,9331202023,Mumbai,Maharashtra,Individual,2024-04-11
CUST01006,Swetha Bose,customer01006@example.com,9543005777,Ahmedabad,Gujarat,Individual,2025-07-20
CUST01007,Rahul Pillai,customer01007@example.com,9281827222,Chennai,Tamil Nadu,Individual,2026-08-20
CUST01008,Ananya Iyer,customer01008@example.com,9117331916,Chennai,Tamil Nadu,Individual,2026-03-22
CUST01009,Manoj Nair,customer01009@example.com,9148100671,Coimbatore,Tamil Nadu,Business,2024-10-08
CUST01010,Pooja Mishra,customer01010@example.com,9343091198,Bengaluru,Karnataka,Individual,2023-12-28
CUST01011,Pooja Nair,customer01011@example.com,9993640680,Kochi,Kerala,Individual,2026-07-11
CUST01012,Rohit Singh,customer01012@example.com,9461970824,Vijayawada,Andhra Pradesh,Individual,2026-05-24
CUST01013,Suresh Sharma,customer01013@example.com,9666233968,Coimbatore,Tamil Nadu,Business,2024-12-21
CUST01014,Kavya Verma,customer01014@example.com,9352509830,Kolkata,West Bengal,Business,2024-12-16
CUST01015,Ananya Sinha,customer01015@example.com,9805853352,Trichy,Tamil Nadu,Business,2024-06-26
CUST01016,Karthik Kumar,customer01016@example.com,9787898165,Trichy,Tamil Nadu,Individual,2023-07-13
CUST01017,Ajay Reddy,customer01017@example.com,9519470849,Bengaluru,Karnataka,Individual,2024-10-13
CUST01018,Sneha Verma,customer01018@example.com,9885339523,Delhi,Delhi,Individual,2025-11-16
CUST01019,Divya Naidu,customer01019@example.com,9599935565,Delhi,Delhi,Individual,2025-12-05
CUST01020,Vijay Sinha,customer01020@example.com,9948990239,Hyderabad,Telangana,Individual,2024-10-08
CUST01021,Vijay Menon,customer01021@example.com,9267056227,Salem,Tamil Nadu,Individual,2025-08-11
CUST01022,Arun Menon,customer01022@example.com,9308235393,Bengaluru,Karnataka,Individual,2025-12-17
CUST01023,Vijay Verma,customer01023@example.com,9598445809,Kochi,Kerala,Individual,2025-11-02
CUST01024,Karthik Rao,customer01024@example.com,9723359218,Chennai,Tamil Nadu,Individual,2025-08-06
CUST01025,Kavya Kumar,customer01025@example.com,9199243199,Delhi,Delhi,Business,2025-08-18
CUST01026,Suresh Pillai,customer01026@example.com,9239011213,Kochi,Kerala,Individual,2023-02-18
CUST01027,Priya Kapoor,customer01027@example.com,9319608723,Pune,Maharashtra,Business,2025-03-13
CUST01028,Karthik Verma,customer01028@example.com,9295846744,Ahmedabad,Gujarat,Individual,2026-01-22
CUST01029,Swetha Patel,customer01029@example.com,9977283305,Ahmedabad,Gujarat,Individual,2024-08-29
CUST01030,Karthik Gupta,customer01030@example.com,9937543472,Salem,Tamil Nadu,Individual,2023-01-10
CUST01031,Swetha Verma,customer01031@example.com,9711114631,Madurai,Tamil Nadu,Individual,2024-11-04
CUST01032,Sneha Iyer,customer01032@example.com,9995407294,Chennai,Tamil Nadu,Individual,2024-12-26
CUST01033,Arun Verma,customer01033@example.com,9391740820,Vijayawada,Andhra Pradesh,Business,2024-05-30
CUST01034,Suresh Singh,customer01034@example.com,9325278550,Vijayawada,Andhra Pradesh,Individual,2023-08-12
CUST01035,Swetha Singh,customer01035@example.com,9564545183,Kolkata,West Bengal,Individual,2026-08-18
CUST01036,Manoj Sharma,customer01036@example.com,9138123230,Vijayawada,Andhra Pradesh,Individual,2023-07-22
CUST01037,Priya Verma,customer01037@example.com,9303228004,Pune,Maharashtra,Individual,2025-07-30
CUST01038,Sneha Menon,customer01038@example.com,9351524903,Pune,Maharashtra,Business,2024-08-11
CUST01039,Pooja Mishra,customer01039@example.com,9965780841,Ahmedabad,Gujarat,Individual,2024-07-24
CUST01040,Karthik Naidu,customer01040@example.com,9712274458,Bengaluru,Karnataka,Individual,2025-08-14
CUST01041,Manoj Rao,customer01041@example.com,9936811879,Salem,Tamil Nadu,Individual,2023-07-15
CUST01042,Ajay Iyer,customer01042@example.com,9479220328,Hyderabad,Telangana,Business,2026-09-07
CUST01043,Vijay Menon,customer01043@example.com,9227168145,Kolkata,West Bengal,Individual,2024-02-22
CUST01044,Meena Nair,customer01044@example.com,9538524016,Delhi,Delhi,Business,2026-09-27
CUST01045,Vivek Nair,customer01045@example.com,9805812787,Kochi,Kerala,Individual,2023-01-09
CUST01046,Vivek Patel,customer01046@example.com,9980297870,Bengaluru,Karnataka,Business,2024-06-15
CUST01047,Dinesh Menon,customer01047@example.com,9661132478,Delhi,Delhi,Individual,2023-05-29
CUST01048,Vivek Patel,customer01048@example.com,9556033332,Bengaluru,Karnataka,Individual,2024-01-18
CUST01049,Sneha Verma,customer01049@example.com,9700997722,Bengaluru,Karnataka,Individual,2025-11-01
CUST01050,Vivek Reddy,customer01050@example.com,9946484560,Bengaluru,Karnataka,Individual,2024-04-20
CUST01051,Ajay Naidu,customer01051@example.com,9195143527,Ahmedabad,Gujarat,Individual,2024-08-01
CUST01052,Rahul Das,customer01052@example.com,9541989953,Vijayawada,Andhra Pradesh,Individual,2025-12-12
CUST01053,Divya Kapoor,customer01053@example.com,9575030896,Salem,Tamil Nadu,Individual,2023-07-25
CUST01054,Vivek Singh,customer01054@example.com,9439613937,Hyderabad,Telangana,Business,2025-09-12
CUST01055,Dinesh Patel,customer01055@example.com,9156827934,Vijayawada,Andhra Pradesh,Individual,2025-07-03
CUST01056,Ajay Das,customer01056@example.com,9892314559,Bengaluru,Karnataka,Individual,2025-01-14
CUST01057,Pooja Joshi,customer01057@example.com,9300565604,Mumbai,Maharashtra,Individual,2025-07-01
CUST01058,Rahul Bose,customer01058@example.com,9182023784,Madurai,Tamil Nadu,Business,2023-02-23
CUST01059,Rohit Mishra,customer01059@example.com,9938328552,Delhi,Delhi,Individual,2025-09-28
CUST01060,Ajay Nair,customer01060@example.com,9988512097,Chennai,Tamil Nadu,Individual,2023-12-10
CUST01061,Vivek Nair,customer01061@example.com,9373740833,Coimbatore,Tamil Nadu,Individual,2026-04-07
CUST01062,Sneha Sharma,customer01062@example.com,9682489330,Vijayawada,Andhra Pradesh,Individual,2026-03-30
CUST01063,Rohit Mehta,customer01063@example.com,9927163574,Kochi,Kerala,Individual,2024-12-03
CUST01064,Vijay Verma,customer01064@example.com,9737149242,Ahmedabad,Gujarat,Individual,2024-06-10
CUST01065,Arun Menon,customer01065@example.com,9592374786,Kolkata,West Bengal,Individual,2026-08-03
CUST01066,Suresh Bose,customer01066@example.com,9169242384,Trichy,Tamil Nadu,Individual,2024-02-16
CUST01067,Nithya Das,customer01067@example.com,9473337165,Hyderabad,Telangana,Individual,2024-07-22
CUST01068,Manoj Sinha,customer01068@example.com,9393550797,Chennai,Tamil Nadu,Individual,2023-07-18
CUST01069,Kavya Mehta,customer01069@example.com,9218677805,Pune,Maharashtra,Individual,2026-03-30
CUST01070,Nithya Bose,customer01070@example.com,9428130213,Jaipur,Rajasthan,Business,2025-02-13
CUST01071,Nithya Rao,customer01071@example.com,9460737570,Mumbai,Maharashtra,Business,2024-01-24
CUST01072,Ananya Gupta,customer01072@example.com,9151235712,Trichy,Tamil Nadu,Individual,2024-04-18
CUST01073,Sneha Pillai,customer01073@example.com,9702519549,Coimbatore,Tamil Nadu,Individual,2025-02-03
CUST01074,Vijay Gupta,customer01074@example.com,9911112559,Chennai,Tamil Nadu,Individual,2024-08-14
CUST01075,Swetha Joshi,customer01075@example.com,9686538396,Trichy,Tamil Nadu,Individual,2026-02-21
CUST01076,Suresh Mishra,customer01076@example.com,9845990019,Chennai,Tamil Nadu,Individual,2025-12-31
CUST01077,Swetha Naidu,customer01077@example.com,9485804128,Kochi,Kerala,Individual,2025-09-08
CUST01078,Vivek Rao,customer01078@example.com,9807253392,Mumbai,Maharashtra,Business,2025-09-20
CUST01079,Divya Kapoor,customer01079@example.com,9112429979,Coimbatore,Tamil Nadu,Business,2023-06-17
CUST01080,Arun Singh,customer01080@example.com,9382686129,Pune,Maharashtra,Individual,2023-10-11
CUST01081,Nithya Sharma,customer01081@example.com,9369106823,Bengaluru,Karnataka,Individual,2025-11-25
CUST01082,Pooja Patel,customer01082@example.com,9776935585,Delhi,Delhi,Business,2025-04-03
CUST01083,Divya Reddy,customer01083@example.com,9865505338,Pune,Maharashtra,Business,2026-04-13
CUST01084,Pooja Bose,customer01084@example.com,9487887121,Bengaluru,Karnataka,Business,2026-05-07
CUST01085,Karthik Joshi,customer01085@example.com,9568933982,Jaipur,Rajasthan,Individual,2026-02-13
CUST01086,Ajay Iyer,customer01086@example.com,9759375258,Ahmedabad,Gujarat,Individual,2026-08-31
CUST01087,Harini Sinha,customer01087@example.com,9816721935,Salem,Tamil Nadu,Individual,2026-05-28
CUST01088,Vivek Sinha,customer01088@example.com,9737990393,Salem,Tamil Nadu,Individual,2025-06-09
CUST01089,Priya Menon,customer01089@example.com,9532943881,Salem,Tamil Nadu,Individual,2023-05-14
CUST01090,Ajay Sinha,customer01090@example.com,9829657703,Hyderabad,Telangana,Individual,2023-05-02
CUST01091,Vivek Verma,customer01091@example.com,9143032907,Vijayawada,Andhra Pradesh,Business,2025-04-12
CUST01092,Vivek Joshi,customer01092@example.com,9671512725,Madurai,Tamil Nadu,Business,2025-10-18
CUST01093,Swetha Pillai,customer01093@example.com,9622340363,Kolkata,West Bengal,Individual,2025-06-13
CUST01094,Suresh Naidu,customer01094@example.com,9318113098,Kolkata,West Bengal,Business,2023-10-16
CUST01095,Rahul Nair,customer01095@example.com,9585884115,Vijayawada,Andhra Pradesh,Individual,2025-12-12
CUST01096,Nithya Mishra,customer01096@example.com,9965880704,Salem,Tamil Nadu,Business,2026-05-13
CUST01097,Ajay Verma,customer01097@example.com,9595757594,Delhi,Delhi,Individual,2026-10-03
CUST01098,Rohit Kumar,customer01098@example.com,9943140290,Coimbatore,Tamil Nadu,Individual,2025-12-10
CUST01099,Dinesh Gupta,customer01099@example.com,9907156491,Mumbai,Maharashtra,Individual,2025-04-18
CUST01100,Dinesh Sinha,customer01100@example.com,9722335005,Coimbatore,Tamil Nadu,Individual,2025-06-30
CUST01101,Kavya Kumar,customer01101@example.com,9497190152,Mumbai,Maharashtra,Individual,2023-02-09
CUST01102,Dinesh Kapoor,customer01102@example.com,9861546036,Coimbatore,Tamil Nadu,Individual,2023-09-07
CUST01103,Manoj Iyer,customer01103@example.com,9515071676,Madurai,Tamil Nadu,Business,2023-08-06
CUST01104,Rahul Sharma,customer01104@example.com,9583931445,Hyderabad,Telangana,Individual,2023-06-28
CUST01105,Rahul Das,customer01105@example.com,9713153472,Hyderabad,Telangana,Individual,2023-07-02
CUST01106,Pooja Reddy,customer01106@example.com,9895720105,Salem,Tamil Nadu,Individual,2026-04-02
CUST01107,Ajay Bose,customer01107@example.com,9118786096,Jaipur,Rajasthan,Individual,2024-12-05
CUST01108,Pooja Patel,customer01108@example.com,9202528703,Bengaluru,Karnataka,Individual,2024-05-11
CUST01109,Ajay Mishra,customer01109@example.com,9761770830,Jaipur,Rajasthan,Individual,2024-08-19
CUST01110,Divya Verma,customer01110@example.com,9519313330,Trichy,Tamil Nadu,Individual,2024-04-05
CUST01111,Divya Rao,customer01111@example.com,9759859546,Hyderabad,Telangana,Individual,2024-04-18
CUST01112,Arun Reddy,customer01112@example.com,9311595719,Hyderabad,Telangana,Individual,2024-11-15
CUST01113,Dinesh Gupta,customer01113@example.com,9181055739,Pune,Maharashtra,Individual,2025-11-26
CUST01114,Suresh Joshi,customer01114@example.com,9672899771,Pune,Maharashtra,Individual,2023-11-15
CUST01115,Suresh Sinha,customer01115@example.com,9646832086,Bengaluru,Karnataka,Business,2023-12-22
CUST01116,Vivek Kumar,customer01116@example.com,9574771534,Kochi,Kerala,Individual,2024-09-08
CUST01117,Karthik Joshi,customer01117@example.com,9237586138,Trichy,Tamil Nadu,Individual,2023-08-17
CUST01118,Kavya Sinha,customer01118@example.com,9839132318,Jaipur,Rajasthan,Business,2024-12-29
CUST01119,Dinesh Pillai,customer01119@example.com,9104932206,Delhi,Delhi,Individual,2026-07-11
CUST01120,Divya Naidu,customer01120@example.com,9400885447,Pune,Maharashtra,Individual,2024-07-14
CUST01121,Meena Nair,customer01121@example.com,9485600477,Delhi,Delhi,Business,2026-10-07
CUST01122,Swetha Bose,customer01122@example.com,9259690041,Chennai,Tamil Nadu,Individual,2024-09-26
CUST01123,Harini Reddy,customer01123@example.com,9182406646,Pune,Maharashtra,Individual,2024-04-03
CUST01124,Rohit Joshi,customer01124@example.com,9576168425,Madurai,Tamil Nadu,Business,2023-01-25
CUST01125,Divya Bose,customer01125@example.com,9868173649,Kochi,Kerala,Business,2026-02-28
CUST01126,Ajay Joshi,customer01126@example.com,9175025027,Trichy,Tamil Nadu,Individual,2024-01-05
CUST01127,Manoj Kapoor,customer01127@example.com,9136317166,Ahmedabad,Gujarat,Individual,2026-06-01
CUST01128,Vijay Mehta,customer01128@example.com,9926236138,Bengaluru,Karnataka,Business,2025-10-08
CUST01129,Rohit Sharma,customer01129@example.com,9623139861,Chennai,Tamil Nadu,Individual,2024-09-02
CUST01130,Swetha Rao,customer01130@example.com,9110617218,Ahmedabad,Gujarat,Individual,2026-10-07
CUST01131,Sneha Gupta,customer01131@example.com,9903538530,Trichy,Tamil Nadu,Individual,2026-05-05
CUST01132,Sneha Reddy,customer01132@example.com,9475590949,Jaipur,Rajasthan,Individual,2023-04-19
CUST01133,Ajay Gupta,customer01133@example.com,9828736928,Salem,Tamil Nadu,Business,2026-05-28
CUST01134,Nithya Sharma,customer01134@example.com,9348681933,Madurai,Tamil Nadu,Business,2024-12-20
CUST01135,Divya Patel,customer01135@example.com,9116668096,Trichy,Tamil Nadu,Business,2026-09-04
CUST01136,Rahul Kumar,customer01136@example.com,9527285620,Madurai,Tamil Nadu,Business,2026-01-10
CUST01137,Dinesh Sinha,customer01137@example.com,9697254384,Vijayawada,Andhra Pradesh,Individual,2024-03-07
CUST01138,Manoj Kapoor,customer01138@example.com,9837563673,Madurai,Tamil Nadu,Individual,2025-10-28
CUST01139,Ajay Patel,customer01139@example.com,9885818161,Delhi,Delhi,Individual,2024-09-27
CUST01140,Arun Singh,customer01140@example.com,9433989839,Vijayawada,Andhra Pradesh,Individual,2026-03-18
CUST01141,Ajay Mehta,customer01141@example.com,9379750537,Coimbatore,Tamil Nadu,Individual,2026-01-26
CUST01142,Suresh Sharma,customer01142@example.com,9307108393,Ahmedabad,Gujarat,Individual,2026-01-29
CUST01143,Pooja Sharma,customer01143@example.com,9891212836,Salem,Tamil Nadu,Business,2024-01-02
CUST01144,Dinesh Naidu,customer01144@example.com,9886299033,Vijayawada,Andhra Pradesh,Individual,2025-07-13
CUST01145,Pooja Naidu,customer01145@example.com,9680799195,Jaipur,Rajasthan,Individual,2024-02-18
CUST01146,Rohit Kumar,customer01146@example.com,9819513227,Chennai,Tamil Nadu,Individual,2026-07-06
CUST01147,Meena Naidu,customer01147@example.com,9197397203,Trichy,Tamil Nadu,Individual,2023-12-22
CUST01148,Arun Sharma,customer01148@example.com,9959527216,Mumbai,Maharashtra,Individual,2023-01-11
CUST01149,Pooja Verma,customer01149@example.com,9919283597,Chennai,Tamil Nadu,Business,2026-06-27
CUST01150,Divya Sinha,customer01150@example.com,9671125410,Coimbatore,Tamil Nadu,Individual,2026-02-19
CUST01151,Priya Joshi,customer01151@example.com,9993401867,Chennai,Tamil Nadu,Individual,2023-03-06
CUST01152,Sneha Reddy,customer01152@example.com,9608792913,Hyderabad,Telangana,Individual,2026-08-18
CUST01153,Rohit Bose,customer01153@example.com,9956202283,Jaipur,Rajasthan,Individual,2023-05-05
CUST01154,Suresh Nair,customer01154@example.com,9673218497,Mumbai,Maharashtra,Business,2023-11-08
CUST01155,Meena Menon,customer01155@example.com,9853471233,Vijayawada,Andhra Pradesh,Business,2026-04-29
CUST01156,Harini Sinha,customer01156@example.com,9372358330,Vijayawada,Andhra Pradesh,Business,2025-02-13
CUST01157,Harini Rao,customer01157@example.com,9123599376,Vijayawada,Andhra Pradesh,Individual,2025-09-28
CUST01158,Vivek Singh,customer01158@example.com,9660867721,Coimbatore,Tamil Nadu,Individual,2025-05-22
CUST01159,Divya Rao,customer01159@example.com,9551278609,Delhi,Delhi,Individual,2024-11-24
CUST01160,Ajay Rao,customer01160@example.com,9179663893,Ahmedabad,Gujarat,Individual,2026-03-28
CUST01161,Ananya Mehta,customer01161@example.com,9910156626,Trichy,Tamil Nadu,Business,2026-10-08
CUST01162,Pooja Pillai,customer01162@example.com,9238840628,Kochi,Kerala,Individual,2025-09-16
CUST01163,Rahul Kapoor,customer01163@example.com,9528519424,Kolkata,West Bengal,Business,2025-03-09
CUST01164,Vijay Iyer,customer01164@example.com,9371973692,Ahmedabad,Gujarat,Individual,2024-11-04
CUST01165,Harini Pillai,customer01165@example.com,9290676195,Coimbatore,Tamil Nadu,Individual,2026-07-10
CUST01166,Swetha Pillai,customer01166@example.com,9521512664,Bengaluru,Karnataka,Individual,2025-06-30
CUST01167,Priya Joshi,customer01167@example.com,9390049507,Jaipur,Rajasthan,Individual,2024-02-10
CUST01168,Ananya Menon,customer01168@example.com,9899937277,Trichy,Tamil Nadu,Individual,2025-09-22
CUST01169,Ajay Menon,customer01169@example.com,9773790462,Ahmedabad,Gujarat,Individual,2025-11-06
CUST01170,Rohit Das,customer01170@example.com,9556353345,Salem,Tamil Nadu,Individual,2024-09-28
CUST01171,Rahul Bose,customer01171@example.com,9147088530,Coimbatore,Tamil Nadu,Individual,2026-07-07
CUST01172,Nithya Rao,customer01172@example.com,9589178932,Hyderabad,Telangana,Individual,2025-06-08
CUST01173,Suresh Patel,customer01173@example.com,9829253835,Kolkata,West Bengal,Individual,2026-10-10
CUST01174,Vijay Menon,customer01174@example.com,9364789449,Hyderabad,Telangana,Individual,2024-05-03
CUST01175,Ajay Singh,customer01175@example.com,9755097950,Vijayawada,Andhra Pradesh,Individual,2026-05-22
CUST01176,Ajay Verma,customer01176@example.com,9581377020,Kolkata,West Bengal,Individual,2023-08-27
CUST01177,Vijay Menon,customer01177@example.com,9937995517,Ahmedabad,Gujarat,Individual,2023-06-29
CUST01178,Rohit Kapoor,customer01178@example.com,9262627733,Salem,Tamil Nadu,Individual,2026-03-12
CUST01179,Karthik Sharma,customer01179@example.com,9676078870,Vijayawada,Andhra Pradesh,Individual,2023-11-13
CUST01180,Karthik Das,customer01180@example.com,9116681715,Kochi,Kerala,Individual,2026-06-21
CUST01181,Karthik Mishra,customer01181@example.com,9644265430,Jaipur,Rajasthan,Individual,2023-08-20
CUST01182,Dinesh Iyer,customer01182@example.com,9158548622,Bengaluru,Karnataka,Individual,2026-08-19
CUST01183,Swetha Kapoor,customer01183@example.com,9907385218,Trichy,Tamil Nadu,Business,2023-11-27
CUST01184,Kavya Mehta,customer01184@example.com,9182506582,Delhi,Delhi,Individual,2024-07-14
CUST01185,Ajay Sharma,customer01185@example.com,9412735891,Hyderabad,Telangana,Individual,2025-08-06
CUST01186,Ajay Nair,customer01186@example.com,9953037436,Hyderabad,Telangana,Business,2023-09-05
CUST01187,Meena Reddy,customer01187@example.com,9295370092,Vijayawada,Andhra Pradesh,Individual,2023-10-10
CUST01188,Rahul Patel,customer01188@example.com,9671802151,Madurai,Tamil Nadu,Individual,2026-08-03
CUST01189,Swetha Gupta,customer01189@example.com,9732536184,Kolkata,West Bengal,Individual,2025-07-28
CUST01190,Harini Iyer,customer01190@example.com,9970007927,Pune,Maharashtra,Individual,2023-02-01
CUST01191,Dinesh Naidu,customer01191@example.com,9849781447,Kochi,Kerala,Individual,2024-06-13
CUST01192,Vivek Bose,customer01192@example.com,9663488273,Trichy,Tamil Nadu,Individual,2024-01-16
CUST01193,Rohit Singh,customer01193@example.com,9464224680,Kolkata,West Bengal,Individual,2023-03-04
CUST01194,Vivek Verma,customer01194@example.com,9835261381,Madurai,Tamil Nadu,Individual,2023-05-08
CUST01195,Rahul Mishra,customer01195@example.com,9329132186,Chennai,Tamil Nadu,Individual,2023-06-12
CUST01196,Manoj Naidu,customer01196@example.com,9484686051,Kolkata,West Bengal,Individual,2025-08-15
CUST01197,Sneha Singh,customer01197@example.com,9519077262,Delhi,Delhi,Individual,2026-06-28
CUST01198,Karthik Naidu,customer01198@example.com,9487635236,Trichy,Tamil Nadu,Business,2023-10-22
CUST01199,Manoj Bose,customer01199@example.com,9656242617,Ahmedabad,Gujarat,Business,2023-06-28
CUST01200,Vivek Das,customer01200@example.com,9924104196,Kochi,Kerala,Individual,2023-08-17
CUST01201,Dinesh Das,customer01201@example.com,9448348669,Madurai,Tamil Nadu,Business,2025-06-01
CUST01202,Swetha Bose,customer01202@example.com,9701139528,Chennai,Tamil Nadu,Individual,2024-01-29
CUST01203,Harini Naidu,customer01203@example.com,9125698182,Jaipur,Rajasthan,Individual,2024-11-22
CUST01204,Meena Mehta,customer01204@example.com,9509470248,Mumbai,Maharashtra,Business,2023-03-13
CUST01205,Ajay Joshi,customer01205@example.com,9738409683,Madurai,Tamil Nadu,Individual,2023-11-14
CUST01206,Karthik Menon,customer01206@example.com,9301627657,Mumbai,Maharashtra,Individual,2024-08-17
CUST01207,Priya Singh,customer01207@example.com,9613808829,Trichy,Tamil Nadu,Individual,2024-01-14
CUST01208,Sneha Sinha,customer01208@example.com,9278191257,Hyderabad,Telangana,Individual,2025-06-25
CUST01209,Sneha Mehta,customer01209@example.com,9816008259,Madurai,Tamil Nadu,Business,2023-05-16
CUST01210,Nithya Gupta,customer01210@example.com,9527310309,Jaipur,Rajasthan,Individual,2024-12-30
CUST01211,Dinesh Sharma,customer01211@example.com,9412512023,Bengaluru,Karnataka,Individual,2026-02-16
CUST01212,Rahul Gupta,customer01212@example.com,9412518733,Vijayawada,Andhra Pradesh,Individual,2025-06-24
CUST01213,Sneha Mishra,customer01213@example.com,9524209832,Mumbai,Maharashtra,Business,2024-06-13
CUST01214,Dinesh Bose,customer01214@example.com,9853576128,Vijayawada,Andhra Pradesh,Individual,2025-07-23
CUST01215,Karthik Das,customer01215@example.com,9812606096,Delhi,Delhi,Individual,2024-10-27
CUST01216,Dinesh Kapoor,customer01216@example.com,9477383020,Bengaluru,Karnataka,Individual,2024-06-06
CUST01217,Pooja Nair,customer01217@example.com,9337861655,Vijayawada,Andhra Pradesh,Individual,2024-01-22
CUST01218,Rohit Joshi,customer01218@example.com,9886323354,Coimbatore,Tamil Nadu,Individual,2024-07-27
CUST01219,Arun Das,customer01219@example.com,9853957126,Coimbatore,Tamil Nadu,Individual,2024-08-05
CUST01220,Ananya Patel,customer01220@example.com,9445827656,Chennai,Tamil Nadu,Individual,2024-07-26
CUST01221,Rahul Joshi,customer01221@example.com,9639902314,Kochi,Kerala,Individual,2024-10-05
CUST01222,Divya Nair,customer01222@example.com,9506089570,Hyderabad,Telangana,Individual,2024-07-26
CUST01223,Arun Bose,customer01223@example.com,9133750393,Trichy,Tamil Nadu,Individual,2025-05-19
CUST01224,Sneha Nair,customer01224@example.com,9275509259,Madurai,Tamil Nadu,Individual,2026-07-16
CUST01225,Kavya Rao,customer01225@example.com,9229912148,Pune,Maharashtra,Individual,2024-06-30
CUST01226,Suresh Menon,customer01226@example.com,9170854914,Delhi,Delhi,Individual,2024-03-13
CUST01227,Arun Sinha,customer01227@example.com,9976541262,Mumbai,Maharashtra,Individual,2024-07-08
CUST01228,Ananya Iyer,customer01228@example.com,9153837908,Trichy,Tamil Nadu,Individual,2023-04-21
CUST01229,Rohit Mehta,customer01229@example.com,9143447817,Bengaluru,Karnataka,Individual,2026-09-07
CUST01230,Rahul Bose,customer01230@example.com,9129263648,Salem,Tamil Nadu,Individual,2024-06-10
CUST01231,Vijay Bose,customer01231@example.com,9924225581,Coimbatore,Tamil Nadu,Business,2023-06-26
CUST01232,Rahul Kapoor,customer01232@example.com,9942939962,Salem,Tamil Nadu,Individual,2024-11-04
CUST01233,Vivek Patel,customer01233@example.com,9229229107,Jaipur,Rajasthan,Individual,2024-09-15
CUST01234,Harini Mishra,customer01234@example.com,9936612357,Delhi,Delhi,Business,2025-08-01
CUST01235,Pooja Mehta,customer01235@example.com,9449284225,Pune,Maharashtra,Individual,2024-04-17
CUST01236,Harini Sinha,customer01236@example.com,9441949212,Madurai,Tamil Nadu,Individual,2025-09-20
CUST01237,Swetha Mishra,customer01237@example.com,9594117494,Chennai,Tamil Nadu,Individual,2025-05-28
CUST01238,Swetha Pillai,customer01238@example.com,9506082215,Pune,Maharashtra,Individual,2026-01-26
CUST01239,Vivek Reddy,customer01239@example.com,9530404448,Delhi,Delhi,Business,2026-10-30
CUST01240,Vivek Sinha,customer01240@example.com,9483868604,Pune,Maharashtra,Individual,2023-06-19
CUST01241,Ananya Das,customer01241@example.com,9846085827,Delhi,Delhi,Individual,2025-10-10
CUST01242,Vivek Patel,customer01242@example.com,9891256314,Delhi,Delhi,Business,2023-02-25
CUST01243,Vivek Joshi,customer01243@example.com,9133327427,Kolkata,West Bengal,Business,2023-11-21
CUST01244,Rohit Sharma,customer01244@example.com,9615087260,Mumbai,Maharashtra,Individual,2024-10-19
CUST01245,Divya Kapoor,customer01245@example.com,9954611645,Ahmedabad,Gujarat,Individual,2025-08-14
CUST01246,Manoj Joshi,customer01246@example.com,9928077883,Salem,Tamil Nadu,Individual,2023-09-17
CUST01247,Arun Sharma,customer01247@example.com,9443465595,Ahmedabad,Gujarat,Business,2024-10-02
CUST01248,Vivek Verma,customer01248@example.com,9647073619,Ahmedabad,Gujarat,Individual,2024-07-15
CUST01249,Nithya Sharma,customer01249@example.com,9349830696,Ahmedabad,Gujarat,Individual,2023-12-06
CUST01250,Swetha Nair,customer01250@example.com,9660968940,Vijayawada,Andhra Pradesh,Individual,2024-02-08
CUST01251,Sneha Mishra,customer01251@example.com,9389902808,Coimbatore,Tamil Nadu,Individual,2024-06-15
CUST01252,Divya Sharma,customer01252@example.com,9679116864,Kolkata,West Bengal,Individual,2026-04-12
CUST01253,Manoj Iyer,customer01253@example.com,9133432821,Madurai,Tamil Nadu,Individual,2025-03-05
CUST01254,Nithya Kapoor,customer01254@example.com,9688009919,Kolkata,West Bengal,Individual,2026-03-29
CUST01255,Rahul Iyer,customer01255@example.com,9856908350,Hyderabad,Telangana,Individual,2025-10-30
CUST01256,Pooja Sinha,customer01256@example.com,9874912993,Hyderabad,Telangana,Individual,2024-08-16
CUST01257,Manoj Gupta,customer01257@example.com,9453385903,Vijayawada,Andhra Pradesh,Individual,2026-07-03
CUST01258,Manoj Bose,customer01258@example.com,9701148819,Coimbatore,Tamil Nadu,Individual,2024-09-08
CUST01259,Priya Singh,customer01259@example.com,9747362421,Pune,Maharashtra,Business,2024-10-13
CUST01260,Karthik Sharma,customer01260@example.com,9253761828,Mumbai,Maharashtra,Individual,2024-12-14
CUST01261,Sneha Mehta,customer01261@example.com,9524656447,Coimbatore,Tamil Nadu,Individual,2023-12-10
CUST01262,Karthik Iyer,customer01262@example.com,9298666970,Vijayawada,Andhra Pradesh,Individual,2026-10-28
CUST01263,Vijay Kapoor,customer01263@example.com,9602971733,Delhi,Delhi,Individual,2023-02-15
CUST01264,Pooja Naidu,customer01264@example.com,9293309682,Bengaluru,Karnataka,Individual,2025-06-22
CUST01265,Rohit Iyer,customer01265@example.com,9311942788,Mumbai,Maharashtra,Individual,2023-02-24
CUST01266,Divya Rao,customer01266@example.com,9932865858,Kochi,Kerala,Individual,2026-01-06
CUST01267,Vijay Menon,customer01267@example.com,9671525328,Salem,Tamil Nadu,Individual,2025-05-05
CUST01268,Priya Rao,customer01268@example.com,9332760151,Mumbai,Maharashtra,Individual,2026-07-19
CUST01269,Suresh Singh,customer01269@example.com,9450641303,Vijayawada,Andhra Pradesh,Individual,2024-10-21
CUST01270,Priya Reddy,customer01270@example.com,9981998722,Delhi,Delhi,Business,2023-04-21
CUST01271,Nithya Kumar,customer01271@example.com,9727187052,Delhi,Delhi,Individual,2025-11-04
CUST01272,Swetha Nair,customer01272@example.com,9819297734,Chennai,Tamil Nadu,Individual,2023-03-19
CUST01273,Arun Kumar,customer01273@example.com,9807037784,Ahmedabad,Gujarat,Individual,2024-05-15
CUST01274,Arun Singh,customer01274@example.com,9134675447,Coimbatore,Tamil Nadu,Individual,2024-08-10
CUST01275,Ananya Sinha,customer01275@example.com,9176040002,Delhi,Delhi,Business,2024-02-22
CUST01276,Suresh Kumar,customer01276@example.com,9715171150,Hyderabad,Telangana,Business,2023-10-02
CUST01277,Meena Rao,customer01277@example.com,9580064988,Ahmedabad,Gujarat,Individual,2026-05-05
CUST01278,Ananya Reddy,customer01278@example.com,9427977393,Madurai,Tamil Nadu,Individual,2026-10-31
CUST01279,Pooja Sharma,customer01279@example.com,9848521244,Bengaluru,Karnataka,Individual,2025-12-22
CUST01280,Swetha Menon,customer01280@example.com,9174281801,Vijayawada,Andhra Pradesh,Business,2026-10-16
CUST01281,Manoj Joshi,customer01281@example.com,9623479071,Salem,Tamil Nadu,Individual,2025-08-30
CUST01282,Swetha Joshi,customer01282@example.com,9218312022,Coimbatore,Tamil Nadu,Individual,2025-09-17
CUST01283,Manoj Iyer,customer01283@example.com,9207249190,Trichy,Tamil Nadu,Individual,2026-02-07
CUST01284,Suresh Nair,customer01284@example.com,9196135560,Hyderabad,Telangana,Individual,2023-07-13
CUST01285,Meena Mehta,customer01285@example.com,9742125412,Jaipur,Rajasthan,Individual,2025-05-04
CUST01286,Vivek Sinha,customer01286@example.com,9876363251,Kochi,Kerala,Individual,2025-03-09
CUST01287,Dinesh Sharma,customer01287@example.com,9736152717,Pune,Maharashtra,Individual,2023-10-28
CUST01288,Ananya Patel,customer01288@example.com,9532475715,Delhi,Delhi,Individual,2025-08-25
CUST01289,Karthik Sinha,customer01289@example.com,9590875071,Trichy,Tamil Nadu,Business,2024-07-21
CUST01290,Meena Nair,customer01290@example.com,9846006419,Delhi,Delhi,Individual,2024-11-02
CUST01291,Divya Reddy,customer01291@example.com,9345457165,Mumbai,Maharashtra,Business,2023-05-29
CUST01292,Arun Singh,customer01292@example.com,9766098401,Hyderabad,Telangana,Individual,2025-02-07
CUST01293,Nithya Mehta,customer01293@example.com,9361806156,Mumbai,Maharashtra,Individual,2023-05-19
CUST01294,Harini Sinha,customer01294@example.com,9612561886,Chennai,Tamil Nadu,Individual,2025-05-10
CUST01295,Suresh Mishra,customer01295@example.com,9712462560,Mumbai,Maharashtra,Individual,2023-10-19
CUST01296,Rohit Pillai,customer01296@example.com,9343604646,Chennai,Tamil Nadu,Individual,2023-12-01
CUST01297,Kavya Menon,customer01297@example.com,9448698907,Kochi,Kerala,Individual,2024-11-29
CUST01298,Dinesh Naidu,customer01298@example.com,9397455295,Vijayawada,Andhra Pradesh,Individual,2026-04-22
CUST01299,Sneha Kapoor,customer01299@example.com,9646055256,Chennai,Tamil Nadu,Business,2023-11-03
CUST01300,Sneha Das,customer01300@example.com,9711826207,Trichy,Tamil Nadu,Individual,2025-07-13
CUST01301,Arun Mehta,customer01301@example.com,9470950792,Ahmedabad,Gujarat,Individual,2025-09-07
CUST01302,Manoj Pillai,customer01302@example.com,9225920411,Delhi,Delhi,Individual,2025-06-16
CUST01303,Karthik Naidu,customer01303@example.com,9839096825,Pune,Maharashtra,Individual,2026-07-09
CUST01304,Rahul Gupta,customer01304@example.com,9879151454,Ahmedabad,Gujarat,Individual,2025-07-15
CUST01305,Harini Naidu,customer01305@example.com,9237953296,Salem,Tamil Nadu,Individual,2026-08-26
CUST01306,Rohit Menon,customer01306@example.com,9887423348,Vijayawada,Andhra Pradesh,Business,2023-12-10
CUST01307,Priya Kumar,customer01307@example.com,9672945366,Mumbai,Maharashtra,Individual,2024-10-18
CUST01308,Pooja Sinha,customer01308@example.com,9153516620,Jaipur,Rajasthan,Individual,2023-09-18
CUST01309,Manoj Reddy,customer01309@example.com,9900462646,Salem,Tamil Nadu,Individual,2026-10-17
CUST01310,Nithya Pillai,customer01310@example.com,9722904841,Hyderabad,Telangana,Business,2023-06-18
CUST01311,Nithya Patel,customer01311@example.com,9523365253,Chennai,Tamil Nadu,Business,2024-10-21
CUST01312,Dinesh Verma,customer01312@example.com,9562085551,Delhi,Delhi,Individual,2023-07-19
CUST01313,Priya Patel,customer01313@example.com,9751246794,Bengaluru,Karnataka,Individual,2026-08-28
CUST01314,Swetha Kumar,customer01314@example.com,9351645945,Coimbatore,Tamil Nadu,Individual,2024-08-04
CUST01315,Harini Reddy,customer01315@example.com,9443414899,Trichy,Tamil Nadu,Individual,2026-08-28
CUST01316,Vijay Kumar,customer01316@example.com,9763207131,Pune,Maharashtra,Business,2024-07-19
CUST01317,Dinesh Kumar,customer01317@example.com,9412593576,Kolkata,West Bengal,Individual,2024-01-30
CUST01318,Pooja Verma,customer01318@example.com,9886305870,Trichy,Tamil Nadu,Individual,2023-12-17
CUST01319,Divya Bose,customer01319@example.com,9273062459,Kochi,Kerala,Individual,2023-01-28
CUST01320,Arun Singh,customer01320@example.com,9971730892,Bengaluru,Karnataka,Individual,2024-09-23
CUST01321,Meena Gupta,customer01321@example.com,9884531827,Jaipur,Rajasthan,Individual,2026-03-02
CUST01322,Manoj Nair,customer01322@example.com,9774917111,Coimbatore,Tamil Nadu,Individual,2024-01-15
CUST01323,Kavya Nair,customer01323@example.com,9571882604,Bengaluru,Karnataka,Individual,2024-06-11
CUST01324,Kavya Pillai,customer01324@example.com,9244122011,Mumbai,Maharashtra,Business,2026-08-03
CUST01325,Priya Mishra,customer01325@example.com,9376925029,Chennai,Tamil Nadu,Individual,2026-07-31
CUST01326,Ajay Singh,customer01326@example.com,9422493452,Vijayawada,Andhra Pradesh,Individual,2025-06-21
CUST01327,Nithya Mishra,customer01327@example.com,9438860539,Pune,Maharashtra,Individual,2025-03-17
CUST01328,Pooja Nair,customer01328@example.com,9594625232,Madurai,Tamil Nadu,Individual,2023-08-15
CUST01329,Dinesh Sharma,customer01329@example.com,9544175118,Chennai,Tamil Nadu,Individual,2023-01-27
CUST01330,Meena Sinha,customer01330@example.com,9820745251,Madurai,Tamil Nadu,Individual,2026-09-17
CUST01331,Manoj Iyer,customer01331@example.com,9697528795,Salem,Tamil Nadu,Individual,2026-02-14
CUST01332,Kavya Reddy,customer01332@example.com,9156055822,Vijayawada,Andhra Pradesh,Individual,2023-03-30
CUST01333,Rohit Kapoor,customer01333@example.com,9347572205,Coimbatore,Tamil Nadu,Individual,2024-09-10
CUST01334,Arun Pillai,customer01334@example.com,9404947316,Delhi,Delhi,Individual,2023-05-02
CUST01335,Sneha Naidu,customer01335@example.com,9429685322,Kolkata,West Bengal,Individual,2025-05-15
CUST01336,Swetha Reddy,customer01336@example.com,9281266487,Hyderabad,Telangana,Business,2023-02-02
CUST01337,Ajay Kumar,customer01337@example.com,9810968670,Ahmedabad,Gujarat,Individual,2024-08-25
CUST01338,Ajay Nair,customer01338@example.com,9697798019,Vijayawada,Andhra Pradesh,Individual,2024-11-26
CUST01339,Vivek Verma,customer01339@example.com,9755980514,Chennai,Tamil Nadu,Individual,2025-06-06
CUST01340,Arun Pillai,customer01340@example.com,9854195681,Pune,Maharashtra,Business,2024-06-08
CUST01341,Ananya Joshi,customer01341@example.com,9501281331,Ahmedabad,Gujarat,Individual,2025-11-13
CUST01342,Vijay Sharma,customer01342@example.com,9748122249,Kochi,Kerala,Individual,2026-09-10
CUST01343,Arun Bose,customer01343@example.com,9416043485,Kochi,Kerala,Business,2023-02-03
CUST01344,Sneha Bose,customer01344@example.com,9147719596,Bengaluru,Karnataka,Business,2023-09-04
CUST01345,Nithya Patel,customer01345@example.com,9929934931,Ahmedabad,Gujarat,Individual,2025-11-08
CUST01346,Vivek Patel,customer01346@example.com,9917401652,Pune,Maharashtra,Individual,2025-11-19
CUST01347,Priya Kumar,customer01347@example.com,9913784220,Coimbatore,Tamil Nadu,Individual,2023-02-18
CUST01348,Rohit Rao,customer01348@example.com,9287588758,Salem,Tamil Nadu,Individual,2025-06-30
CUST01349,Karthik Patel,customer01349@example.com,9811691441,Madurai,Tamil Nadu,Individual,2023-06-29
CUST01350,Swetha Gupta,customer01350@example.com,9309909268,Bengaluru,Karnataka,Individual,2026-10-25
CUST01351,Karthik Rao,customer01351@example.com,9258728303,Kochi,Kerala,Individual,2025-01-07
CUST01352,Arun Mishra,customer01352@example.com,9686793642,Hyderabad,Telangana,Individual,2024-08-12
CUST01353,Harini Reddy,customer01353@example.com,9297674121,Hyderabad,Telangana,Individual,2024-05-10
CUST01354,Karthik Menon,customer01354@example.com,9519339496,Chennai,Tamil Nadu,Individual,2024-03-06
CUST01355,Karthik Sharma,customer01355@example.com,9301984331,Coimbatore,Tamil Nadu,Individual,2026-05-15
CUST01356,Ananya Mehta,customer01356@example.com,9329094268,Delhi,Delhi,Individual,2025-11-24
CUST01357,Arun Menon,customer01357@example.com,9738230688,Kochi,Kerala,Individual,2023-12-30
CUST01358,Dinesh Pillai,customer01358@example.com,9579479185,Jaipur,Rajasthan,Individual,2023-11-06
CUST01359,Meena Naidu,customer01359@example.com,9189050701,Coimbatore,Tamil Nadu,Individual,2025-09-08
CUST01360,Kavya Bose,customer01360@example.com,9995951125,Salem,Tamil Nadu,Individual,2026-07-26
CUST01361,Rohit Pillai,customer01361@example.com,9946079508,Madurai,Tamil Nadu,Individual,2026-03-21
CUST01362,Manoj Mishra,customer01362@example.com,9350633088,Pune,Maharashtra,Individual,2023-08-15
CUST01363,Swetha Sharma,customer01363@example.com,9677658218,Ahmedabad,Gujarat,Individual,2026-06-20
CUST01364,Ananya Sinha,customer01364@example.com,9417420915,Kochi,Kerala,Individual,2023-01-10
CUST01365,Karthik Joshi,customer01365@example.com,9856918139,Ahmedabad,Gujarat,Individual,2023-02-17
CUST01366,Vivek Kumar,customer01366@example.com,9160502670,Hyderabad,Telangana,Business,2023-07-23
CUST01367,Suresh Menon,customer01367@example.com,9490482979,Pune,Maharashtra,Individual,2025-09-15
CUST01368,Vijay Bose,customer01368@example.com,9656974382,Pune,Maharashtra,Business,2025-06-12
CUST01369,Suresh Reddy,customer01369@example.com,9286978741,Pune,Maharashtra,Business,2023-06-06
CUST01370,Rohit Joshi,customer01370@example.com,9552119253,Hyderabad,Telangana,Individual,2025-05-04
CUST01371,Divya Mishra,customer01371@example.com,9488848671,Salem,Tamil Nadu,Individual,2023-01-26
CUST01372,Arun Mehta,customer01372@example.com,9569274809,Ahmedabad,Gujarat,Individual,2024-02-25
CUST01373,Vijay Sharma,customer01373@example.com,9672812461,Trichy,Tamil Nadu,Individual,2025-01-30
CUST01374,Rohit Singh,customer01374@example.com,9954423093,Ahmedabad,Gujarat,Individual,2025-02-12
CUST01375,Manoj Mehta,customer01375@example.com,9788886432,Mumbai,Maharashtra,Business,2023-09-21
CUST01376,Swetha Bose,customer01376@example.com,9484713704,Madurai,Tamil Nadu,Individual,2024-08-10
CUST01377,Divya Gupta,customer01377@example.com,9111955962,Jaipur,Rajasthan,Individual,2025-08-15
CUST01378,Swetha Menon,customer01378@example.com,9466030758,Trichy,Tamil Nadu,Individual,2024-04-14
CUST01379,Ajay Mehta,customer01379@example.com,9620550678,Madurai,Tamil Nadu,Business,2023-09-11
CUST01380,Swetha Menon,customer01380@example.com,9280581034,Bengaluru,Karnataka,Individual,2026-03-16
CUST01381,Pooja Kapoor,customer01381@example.com,9115189686,Coimbatore,Tamil Nadu,Individual,2026-09-11
CUST01382,Vijay Joshi,customer01382@example.com,9521927937,Coimbatore,Tamil Nadu,Individual,2026-09-23
CUST01383,Swetha Mehta,customer01383@example.com,9877952449,Kolkata,West Bengal,Individual,2025-01-09
CUST01384,Rohit Mishra,customer01384@example.com,9550198693,Coimbatore,Tamil Nadu,Individual,2023-04-28
CUST01385,Manoj Singh,customer01385@example.com,9578678774,Ahmedabad,Gujarat,Business,2026-04-03
CUST01386,Swetha Kapoor,customer01386@example.com,9665107698,Hyderabad,Telangana,Individual,2024-07-03
CUST01387,Vivek Gupta,customer01387@example.com,9731067548,Jaipur,Rajasthan,Business,2025-06-29
CUST01388,Kavya Rao,customer01388@example.com,9847793517,Delhi,Delhi,Individual,2025-05-19
CUST01389,Ajay Pillai,customer01389@example.com,9648469115,Chennai,Tamil Nadu,Business,2025-03-18
CUST01390,Vivek Iyer,customer01390@example.com,9650406978,Kolkata,West Bengal,Individual,2025-03-31
CUST01391,Dinesh Kapoor,customer01391@example.com,9639657190,Vijayawada,Andhra Pradesh,Individual,2026-05-06
CUST01392,Nithya Mehta,customer01392@example.com,9331685702,Vijayawada,Andhra Pradesh,Business,2026-10-29
CUST01393,Swetha Patel,customer01393@example.com,9705847203,Chennai,Tamil Nadu,Individual,2024-07-17
CUST01394,Priya Kumar,customer01394@example.com,9314712604,Madurai,Tamil Nadu,Individual,2026-02-26
CUST01395,Meena Naidu,customer01395@example.com,9999039094,Chennai,Tamil Nadu,Individual,2024-02-18
CUST01396,Manoj Verma,customer01396@example.com,9897991332,Chennai,Tamil Nadu,Individual,2025-05-29
CUST01397,Arun Verma,customer01397@example.com,9549103984,Vijayawada,Andhra Pradesh,Individual,2025-09-19
CUST01398,Manoj Patel,customer01398@example.com,9758115577,Kolkata,West Bengal,Individual,2023-01-01
CUST01399,Suresh Mehta,customer01399@example.com,9898238947,Bengaluru,Karnataka,Individual,2023-06-16
CUST01400,Rahul Das,customer01400@example.com,9996452054,Ahmedabad,Gujarat,Individual,2023-01-16
CUST01401,Harini Singh,customer01401@example.com,9176787500,Pune,Maharashtra,Individual,2024-10-18
CUST01402,Karthik Mishra,customer01402@example.com,9131085071,Coimbatore,Tamil Nadu,Individual,2023-04-22
CUST01403,Nithya Singh,customer01403@example.com,9332026142,Coimbatore,Tamil Nadu,Individual,2026-10-23
CUST01404,Pooja Kumar,customer01404@example.com,9398414241,Hyderabad,Telangana,Business,2026-01-30
CUST01405,Manoj Menon,customer01405@example.com,9402305984,Kolkata,West Bengal,Individual,2024-08-16
CUST01406,Pooja Bose,customer01406@example.com,9606389201,Hyderabad,Telangana,Individual,2024-05-21
CUST01407,Divya Nair,customer01407@example.com,9127821433,Delhi,Delhi,Business,2024-11-01
CUST01408,Sneha Bose,customer01408@example.com,9472261309,Delhi,Delhi,Individual,2025-11-29
CUST01409,Harini Bose,customer01409@example.com,9574933991,Hyderabad,Telangana,Individual,2025-01-28
CUST01410,Karthik Rao,customer01410@example.com,9110490282,Kolkata,West Bengal,Individual,2024-05-11
CUST01411,Nithya Gupta,customer01411@example.com,9479408055,Hyderabad,Telangana,Individual,2025-08-22
CUST01412,Nithya Nair,customer01412@example.com,9428632823,Coimbatore,Tamil Nadu,Individual,2023-10-08
CUST01413,Arun Joshi,customer01413@example.com,9338409230,Trichy,Tamil Nadu,Individual,2023-12-17
CUST01414,Harini Patel,customer01414@example.com,9915910704,Mumbai,Maharashtra,Individual,2023-11-30
CUST01415,Harini Singh,customer01415@example.com,9959280080,Vijayawada,Andhra Pradesh,Individual,2025-01-30
CUST01416,Suresh Sharma,customer01416@example.com,9509106185,Vijayawada,Andhra Pradesh,Individual,2026-07-30
CUST01417,Nithya Verma,customer01417@example.com,9459407123,Jaipur,Rajasthan,Individual,2024-12-28
CUST01418,Manoj Verma,customer01418@example.com,9612821829,Chennai,Tamil Nadu,Individual,2026-09-04
CUST01419,Kavya Kumar,customer01419@example.com,9749502215,Mumbai,Maharashtra,Individual,2025-04-02
CUST01420,Ajay Mishra,customer01420@example.com,9242157740,Ahmedabad,Gujarat,Individual,2023-01-14
CUST01421,Priya Verma,customer01421@example.com,9641606945,Kolkata,West Bengal,Individual,2025-12-15
CUST01422,Pooja Singh,customer01422@example.com,9529946876,Salem,Tamil Nadu,Individual,2023-12-08
CUST01423,Divya Sharma,customer01423@example.com,9714003423,Mumbai,Maharashtra,Business,2023-07-18
CUST01424,Meena Rao,customer01424@example.com,9535675893,Jaipur,Rajasthan,Business,2024-11-08
CUST01425,Vivek Joshi,customer01425@example.com,9541712105,Delhi,Delhi,Individual,2026-08-08
CUST01426,Manoj Bose,customer01426@example.com,9771106819,Madurai,Tamil Nadu,Individual,2024-10-19
CUST01427,Priya Kapoor,customer01427@example.com,9724191083,Chennai,Tamil Nadu,Individual,2023-03-19
CUST01428,Harini Mishra,customer01428@example.com,9127366129,Jaipur,Rajasthan,Business,2023-04-22
CUST01429,Rahul Verma,customer01429@example.com,9300949158,Pune,Maharashtra,Individual,2024-06-18
CUST01430,Divya Sharma,customer01430@example.com,9504176339,Salem,Tamil Nadu,Individual,2026-10-30
CUST01431,Ananya Mishra,customer01431@example.com,9993986007,Kolkata,West Bengal,Individual,2026-02-13
CUST01432,Pooja Naidu,customer01432@example.com,9482570550,Chennai,Tamil Nadu,Individual,2026-03-11
CUST01433,Priya Verma,customer01433@example.com,9455445785,Ahmedabad,Gujarat,Individual,2025-09-18
CUST01434,Nithya Reddy,customer01434@example.com,9967706136,Mumbai,Maharashtra,Individual,2026-05-05
CUST01435,Ajay Singh,customer01435@example.com,9621886499,Delhi,Delhi,Individual,2025-02-28
CUST01436,Swetha Verma,customer01436@example.com,9537950790,Bengaluru,Karnataka,Individual,2026-08-15
CUST01437,Harini Naidu,customer01437@example.com,9357995721,Trichy,Tamil Nadu,Individual,2026-01-04
CUST01438,Divya Nair,customer01438@example.com,9413784505,Pune,Maharashtra,Individual,2024-06-13
CUST01439,Pooja Naidu,customer01439@example.com,9961671040,Salem,Tamil Nadu,Individual,2023-04-10
CUST01440,Sneha Kapoor,customer01440@example.com,9321605747,Trichy,Tamil Nadu,Business,2025-08-30
CUST01441,Suresh Iyer,customer01441@example.com,9846893745,Chennai,Tamil Nadu,Individual,2026-08-08
CUST01442,Pooja Nair,customer01442@example.com,9584474776,Delhi,Delhi,Individual,2025-10-11
CUST01443,Vijay Gupta,customer01443@example.com,9139563471,Delhi,Delhi,Individual,2023-05-05
CUST01444,Vivek Patel,customer01444@example.com,9284692868,Jaipur,Rajasthan,Individual,2025-10-11
CUST01445,Vijay Iyer,customer01445@example.com,9937735762,Vijayawada,Andhra Pradesh,Individual,2024-06-02
CUST01446,Rohit Pillai,customer01446@example.com,9622982595,Vijayawada,Andhra Pradesh,Individual,2023-01-23
CUST01447,Rahul Reddy,customer01447@example.com,9307033605,Mumbai,Maharashtra,Individual,2023-06-11
CUST01448,Manoj Das,customer01448@example.com,9594740761,Jaipur,Rajasthan,Individual,2024-09-20
CUST01449,Suresh Reddy,customer01449@example.com,9972640880,Coimbatore,Tamil Nadu,Individual,2024-05-20
CUST01450,Divya Menon,customer01450@example.com,9384806246,Mumbai,Maharashtra,Individual,2025-05-31
CUST01451,Rahul Mishra,customer01451@example.com,9874340215,Coimbatore,Tamil Nadu,Individual,2025-11-10
CUST01452,Nithya Menon,customer01452@example.com,9495017224,Vijayawada,Andhra Pradesh,Individual,2024-04-27
CUST01453,Kavya Reddy,customer01453@example.com,9367316780,Jaipur,Rajasthan,Individual,2023-11-05
CUST01454,Kavya Mishra,customer01454@example.com,9869352461,Coimbatore,Tamil Nadu,Individual,2025-05-23
CUST01455,Priya Rao,customer01455@example.com,9147503983,Pune,Maharashtra,Individual,2023-07-22
CUST01456,Meena Mehta,customer01456@example.com,9559227702,Jaipur,Rajasthan,Individual,2024-10-01
CUST01457,Manoj Patel,customer01457@example.com,9205594248,Vijayawada,Andhra Pradesh,Individual,2023-05-22
CUST01458,Dinesh Kumar,customer01458@example.com,9378368782,Mumbai,Maharashtra,Business,2025-09-30
CUST01459,Kavya Nair,customer01459@example.com,9576442801,Kochi,Kerala,Business,2024-09-06
CUST01460,Ananya Menon,customer01460@example.com,9476480382,Jaipur,Rajasthan,Individual,2023-04-17
CUST01461,Ajay Sharma,customer01461@example.com,9407719796,Bengaluru,Karnataka,Individual,2024-06-12
CUST01462,Meena Singh,customer01462@example.com,9625226055,Salem,Tamil Nadu,Individual,2024-07-29
CUST01463,Swetha Iyer,customer01463@example.com,9387271263,Vijayawada,Andhra Pradesh,Individual,2025-08-26
CUST01464,Dinesh Sharma,customer01464@example.com,9523430766,Hyderabad,Telangana,Individual,2024-11-18
CUST01465,Kavya Mehta,customer01465@example.com,9467338644,Hyderabad,Telangana,Individual,2023-10-18
CUST01466,Meena Sharma,customer01466@example.com,9804669368,Mumbai,Maharashtra,Business,2025-03-15
CUST01467,Sneha Das,customer01467@example.com,9475349352,Mumbai,Maharashtra,Individual,2026-08-27
CUST01468,Dinesh Gupta,customer01468@example.com,9115877778,Trichy,Tamil Nadu,Individual,2024-10-29
CUST01469,Kavya Rao,customer01469@example.com,9627593692,Salem,Tamil Nadu,Business,2024-01-20
CUST01470,Priya Das,customer01470@example.com,9614402105,Salem,Tamil Nadu,Individual,2025-12-12
CUST01471,Suresh Singh,customer01471@example.com,9463537246,Pune,Maharashtra,Business,2026-04-21
CUST01472,Meena Kapoor,customer01472@example.com,9881790581,Mumbai,Maharashtra,Individual,2026-10-24
CUST01473,Pooja Das,customer01473@example.com,9299698949,Salem,Tamil Nadu,Individual,2024-12-01
CUST01474,Ananya Menon,customer01474@example.com,9350674435,Ahmedabad,Gujarat,Individual,2023-01-13
CUST01475,Kavya Mishra,customer01475@example.com,9576553514,Trichy,Tamil Nadu,Individual,2025-08-17
CUST01476,Pooja Sinha,customer01476@example.com,9157568092,Coimbatore,Tamil Nadu,Individual,2023-06-09
CUST01477,Kavya Sinha,customer01477@example.com,9502468905,Delhi,Delhi,Individual,2026-07-31
CUST01478,Karthik Kapoor,customer01478@example.com,9116876290,Delhi,Delhi,Individual,2024-07-18
CUST01479,Karthik Rao,customer01479@example.com,9503176320,Coimbatore,Tamil Nadu,Individual,2026-08-03
CUST01480,Arun Reddy,customer01480@example.com,9908084918,Kolkata,West Bengal,Individual,2023-01-08
CUST01481,Sneha Verma,customer01481@example.com,9530477070,Vijayawada,Andhra Pradesh,Individual,2023-03-13
CUST01482,Kavya Menon,customer01482@example.com,9692743470,Trichy,Tamil Nadu,Business,2025-06-10
CUST01483,Sneha Mehta,customer01483@example.com,9118794580,Ahmedabad,Gujarat,Individual,2023-04-08
CUST01484,Dinesh Sinha,customer01484@example.com,9350750637,Salem,Tamil Nadu,Individual,2023-03-28
CUST01485,Sneha Naidu,customer01485@example.com,9211991865,Kochi,Kerala,Business,2023-04-11
CUST01486,Meena Das,customer01486@example.com,9188163294,Trichy,Tamil Nadu,Business,2023-10-08
CUST01487,Sneha Nair,customer01487@example.com,9931701702,Jaipur,Rajasthan,Individual,2025-06-01
CUST01488,Arun Sinha,customer01488@example.com,9473806327,Coimbatore,Tamil Nadu,Individual,2026-08-05
CUST01489,Harini Verma,customer01489@example.com,9599627218,Ahmedabad,Gujarat,Individual,2025-01-18
CUST01490,Pooja Menon,customer01490@example.com,9257450278,Bengaluru,Karnataka,Individual,2023-07-15
CUST01491,Meena Mishra,customer01491@example.com,9257959419,Madurai,Tamil Nadu,Individual,2024-01-26
CUST01492,Harini Menon,customer01492@example.com,9235249538,Chennai,Tamil Nadu,Individual,2024-08-31
CUST01493,Meena Gupta,customer01493@example.com,9762854557,Vijayawada,Andhra Pradesh,Business,2024-03-25
CUST01494,Priya Kapoor,customer01494@example.com,9751065122,Coimbatore,Tamil Nadu,Individual,2026-10-23
CUST01495,Divya Nair,customer01495@example.com,9648868857,Kochi,Kerala,Business,2026-01-24
CUST01496,Divya Kumar,customer01496@example.com,9732045496,Salem,Tamil Nadu,Individual,2026-07-08
CUST01497,Priya Sinha,customer01497@example.com,9950134428,Kochi,Kerala,Individual,2023-05-01
CUST01498,Vivek Kumar,customer01498@example.com,9819088561,Kochi,Kerala,Individual,2026-10-21
CUST01499,Vijay Sharma,customer01499@example.com,9408733373,Mumbai,Maharashtra,Business,2023-11-28
CUST01500,Harini Patel,customer01500@example.com,9872393011,Mumbai,Maharashtra,Individual,2025-12-11
CUST01501,Dinesh Sinha,customer01501@example.com,9338641525,Pune,Maharashtra,Individual,2023-11-14
CUST01502,Swetha Mishra,customer01502@example.com,9362086157,Coimbatore,Tamil Nadu,Business,2024-11-05
CUST01503,Divya Verma,customer01503@example.com,9568029595,Pune,Maharashtra,Individual,2024-12-02
CUST01504,Meena Kapoor,customer01504@example.com,9106999993,Coimbatore,Tamil Nadu,Individual,2026-07-24
CUST01505,Manoj Gupta,customer01505@example.com,9103143197,Vijayawada,Andhra Pradesh,Business,2026-05-02
CUST01506,Priya Singh,customer01506@example.com,9200017241,Trichy,Tamil Nadu,Business,2024-11-23
CUST01507,Arun Pillai,customer01507@example.com,9720789638,Chennai,Tamil Nadu,Individual,2025-10-13
CUST01508,Ajay Das,customer01508@example.com,9552946598,Kochi,Kerala,Individual,2023-01-21
CUST01509,Ananya Menon,customer01509@example.com,9699379106,Vijayawada,Andhra Pradesh,Individual,2024-02-03
CUST01510,Dinesh Sinha,customer01510@example.com,9143246833,Trichy,Tamil Nadu,Individual,2023-07-21
CUST01511,Vijay Naidu,customer01511@example.com,9803372782,Madurai,Tamil Nadu,Individual,2024-04-10
CUST01512,Pooja Kumar,customer01512@example.com,9805236019,Delhi,Delhi,Individual,2026-03-20
CUST01513,Kavya Sharma,customer01513@example.com,9465544077,Hyderabad,Telangana,Individual,2025-06-14
CUST01514,Divya Sinha,customer01514@example.com,9291369278,Jaipur,Rajasthan,Individual,2026-03-28
CUST01515,Pooja Iyer,customer01515@example.com,9585564924,Ahmedabad,Gujarat,Individual,2023-11-06
CUST01516,Ajay Naidu,customer01516@example.com,9247925283,Coimbatore,Tamil Nadu,Individual,2024-05-18
CUST01517,Rahul Das,customer01517@example.com,9209735002,Madurai,Tamil Nadu,Individual,2023-01-26
CUST01518,Kavya Sharma,customer01518@example.com,9867567511,Delhi,Delhi,Individual,2023-03-07
CUST01519,Suresh Verma,customer01519@example.com,9221771431,Salem,Tamil Nadu,Individual,2023-09-20
CUST01520,Swetha Joshi,customer01520@example.com,9743212652,Kolkata,West Bengal,Individual,2024-04-16
CUST01521,Vijay Verma,customer01521@example.com,9404433301,Chennai,Tamil Nadu,Individual,2023-06-16
CUST01522,Priya Iyer,customer01522@example.com,9470052935,Ahmedabad,Gujarat,Individual,2025-03-10
CUST01523,Karthik Verma,customer01523@example.com,9290360432,Pune,Maharashtra,Business,2026-03-23
CUST01524,Pooja Das,customer01524@example.com,9365057860,Pune,Maharashtra,Individual,2023-12-09
CUST01525,Rohit Pillai,customer01525@example.com,9627406195,Trichy,Tamil Nadu,Individual,2024-12-18
CUST01526,Vijay Joshi,customer01526@example.com,9138277823,Ahmedabad,Gujarat,Individual,2024-02-17
CUST01527,Vijay Gupta,customer01527@example.com,9301810435,Mumbai,Maharashtra,Individual,2026-04-22
CUST01528,Meena Kapoor,customer01528@example.com,9167857994,Delhi,Delhi,Business,2026-05-02
CUST01529,Ajay Rao,customer01529@example.com,9164337809,Kolkata,West Bengal,Individual,2025-10-22
CUST01530,Nithya Sinha,customer01530@example.com,9748931113,Madurai,Tamil Nadu,Individual,2026-05-23
CUST01531,Vivek Menon,customer01531@example.com,9661501424,Chennai,Tamil Nadu,Individual,2024-11-17
CUST01532,Karthik Das,customer01532@example.com,9962019613,Vijayawada,Andhra Pradesh,Individual,2025-03-07
CUST01533,Rahul Pillai,customer01533@example.com,9132883013,Delhi,Delhi,Individual,2024-04-27
CUST01534,Pooja Singh,customer01534@example.com,9770994102,Kolkata,West Bengal,Individual,2025-11-21
CUST01535,Sneha Kumar,customer01535@example.com,9841637044,Hyderabad,Telangana,Individual,2023-01-15
CUST01536,Ananya Gupta,customer01536@example.com,9679997711,Coimbatore,Tamil Nadu,Individual,2026-09-03
CUST01537,Kavya Iyer,customer01537@example.com,9655114606,Vijayawada,Andhra Pradesh,Individual,2026-06-20
CUST01538,Pooja Joshi,customer01538@example.com,9471399527,Pune,Maharashtra,Individual,2023-01-17
CUST01539,Ajay Mehta,customer01539@example.com,9393411528,Vijayawada,Andhra Pradesh,Individual,2024-06-17
CUST01540,Karthik Das,customer01540@example.com,9958800234,Madurai,Tamil Nadu,Individual,2023-03-22
CUST01541,Ajay Bose,customer01541@example.com,9335309434,Pune,Maharashtra,Individual,2024-10-17
CUST01542,Ananya Das,customer01542@example.com,9338958753,Madurai,Tamil Nadu,Individual,2024-03-11
CUST01543,Pooja Menon,customer01543@example.com,9973189658,Trichy,Tamil Nadu,Individual,2025-10-28
CUST01544,Kavya Verma,customer01544@example.com,9647803404,Mumbai,Maharashtra,Business,2025-10-15
CUST01545,Vijay Bose,customer01545@example.com,9706718435,Madurai,Tamil Nadu,Individual,2024-11-09
CUST01546,Arun Rao,customer01546@example.com,9266156954,Pune,Maharashtra,Individual,2026-08-03
CUST01547,Kavya Iyer,customer01547@example.com,9683576648,Trichy,Tamil Nadu,Individual,2025-02-18
CUST01548,Harini Patel,customer01548@example.com,9535688644,Madurai,Tamil Nadu,Individual,2023-07-05
CUST01549,Vijay Sharma,customer01549@example.com,9906393074,Hyderabad,Telangana,Individual,2024-02-26
CUST01550,Nithya Sharma,customer01550@example.com,9817689429,Vijayawada,Andhra Pradesh,Business,2024-04-10
CUST01551,Ajay Nair,customer01551@example.com,9651920414,Mumbai,Maharashtra,Business,2023-03-24
CUST01552,Meena Joshi,customer01552@example.com,9243422722,Madurai,Tamil Nadu,Individual,2024-07-20
CUST01553,Pooja Mishra,customer01553@example.com,9476814365,Trichy,Tamil Nadu,Individual,2024-10-04
CUST01554,Suresh Menon,customer01554@example.com,9682898836,Salem,Tamil Nadu,Individual,2023-11-21
CUST01555,Sneha Singh,customer01555@example.com,9479729762,Delhi,Delhi,Individual,2023-02-20
CUST01556,Arun Nair,customer01556@example.com,9759532165,Bengaluru,Karnataka,Individual,2025-11-16
CUST01557,Rohit Das,customer01557@example.com,9553167067,Kolkata,West Bengal,Individual,2024-11-07
CUST01558,Vijay Naidu,customer01558@example.com,9448062121,Bengaluru,Karnataka,Individual,2025-09-07
CUST01559,Meena Gupta,customer01559@example.com,9986967268,Salem,Tamil Nadu,Individual,2025-03-03
CUST01560,Vivek Reddy,customer01560@example.com,9310302653,Bengaluru,Karnataka,Business,2025-12-21
CUST01561,Vivek Iyer,customer01561@example.com,9582017183,Salem,Tamil Nadu,Individual,2024-10-18
CUST01562,Dinesh Naidu,customer01562@example.com,9207391842,Chennai,Tamil Nadu,Individual,2026-04-09
CUST01563,Meena Verma,customer01563@example.com,9253683159,Salem,Tamil Nadu,Individual,2026-08-02
CUST01564,Ananya Sinha,customer01564@example.com,9867957414,Salem,Tamil Nadu,Business,2023-04-27
CUST01565,Pooja Das,customer01565@example.com,9406531647,Kochi,Kerala,Individual,2025-10-24
CUST01566,Ananya Verma,customer01566@example.com,9344813941,Salem,Tamil Nadu,Business,2025-12-25
CUST01567,Priya Singh,customer01567@example.com,9261009565,Hyderabad,Telangana,Individual,2025-12-19
CUST01568,Vijay Patel,customer01568@example.com,9737406142,Delhi,Delhi,Individual,2025-06-23
CUST01569,Rohit Sinha,customer01569@example.com,9820706417,Coimbatore,Tamil Nadu,Individual,2024-05-16
CUST01570,Suresh Patel,customer01570@example.com,9957099231,Madurai,Tamil Nadu,Business,2025-03-09
CUST01571,Priya Rao,customer01571@example.com,9699759262,Kolkata,West Bengal,Individual,2025-05-06
CUST01572,Nithya Singh,customer01572@example.com,9286212950,Mumbai,Maharashtra,Individual,2026-06-06
CUST01573,Rohit Joshi,customer01573@example.com,9322390311,Delhi,Delhi,Individual,2026-01-28
CUST01574,Swetha Pillai,customer01574@example.com,9396912032,Pune,Maharashtra,Business,2026-02-16
CUST01575,Meena Bose,customer01575@example.com,9203312062,Coimbatore,Tamil Nadu,Business,2023-03-10
CUST01576,Kavya Kapoor,customer01576@example.com,9400796440,Chennai,Tamil Nadu,Business,2024-10-25
CUST01577,Vijay Sharma,customer01577@example.com,9380000931,Chennai,Tamil Nadu,Business,2025-03-02
CUST01578,Meena Kumar,customer01578@example.com,9276878231,Jaipur,Rajasthan,Individual,2023-08-09
CUST01579,Karthik Mehta,customer01579@example.com,9314415454,Vijayawada,Andhra Pradesh,Individual,2025-10-06
CUST01580,Pooja Patel,customer01580@example.com,9537448121,Salem,Tamil Nadu,Individual,2023-08-11
CUST01581,Nithya Menon,customer01581@example.com,9596312230,Delhi,Delhi,Individual,2024-11-07
CUST01582,Karthik Mehta,customer01582@example.com,9413505325,Trichy,Tamil Nadu,Business,2023-07-30
CUST01583,Sneha Singh,customer01583@example.com,9406518988,Kochi,Kerala,Business,2025-07-19
CUST01584,Manoj Rao,customer01584@example.com,9994972553,Bengaluru,Karnataka,Individual,2025-06-04
CUST01585,Ananya Nair,customer01585@example.com,9145346774,Pune,Maharashtra,Individual,2025-05-31
CUST01586,Priya Mehta,customer01586@example.com,9216159953,Chennai,Tamil Nadu,Business,2023-09-19
CUST01587,Divya Pillai,customer01587@example.com,9498968483,Kolkata,West Bengal,Individual,2024-06-01
CUST01588,Vivek Das,customer01588@example.com,9959115931,Chennai,Tamil Nadu,Individual,2026-06-25
CUST01589,Pooja Naidu,customer01589@example.com,9823138959,Mumbai,Maharashtra,Individual,2025-03-08
CUST01590,Suresh Sharma,customer01590@example.com,9459721487,Madurai,Tamil Nadu,Individual,2026-07-04
CUST01591,Manoj Bose,customer01591@example.com,9868570385,Chennai,Tamil Nadu,Individual,2025-12-22
CUST01592,Vivek Joshi,customer01592@example.com,9235610503,Mumbai,Maharashtra,Individual,2024-06-23
CUST01593,Vivek Singh,customer01593@example.com,9790423785,Delhi,Delhi,Individual,2024-02-21
CUST01594,Pooja Verma,customer01594@example.com,9433270479,Delhi,Delhi,Business,2023-02-22
CUST01595,Ananya Patel,customer01595@example.com,9723154423,Kochi,Kerala,Individual,2023-02-07
CUST01596,Manoj Sinha,customer01596@example.com,9678456394,Vijayawada,Andhra Pradesh,Individual,2023-11-04
CUST01597,Swetha Mehta,customer01597@example.com,9955460549,Jaipur,Rajasthan,Business,2025-04-25
CUST01598,Kavya Singh,customer01598@example.com,9399136000,Coimbatore,Tamil Nadu,Individual,2025-06-16
CUST01599,Kavya Kapoor,customer01599@example.com,9196603837,Chennai,Tamil Nadu,Individual,2023-02-22
CUST01600,Vivek Bose,customer01600@example.com,9663110268,Kolkata,West Bengal,Business,2024-08-28
CUST01601,Vijay Pillai,customer01601@example.com,9557169404,Chennai,Tamil Nadu,Individual,2024-03-27
CUST01602,Manoj Sinha,customer01602@example.com,9588390091,Jaipur,Rajasthan,Business,2024-04-05
CUST01603,Vijay Joshi,customer01603@example.com,9934930168,Ahmedabad,Gujarat,Individual,2025-02-13
CUST01604,Dinesh Joshi,customer01604@example.com,9630969381,Kolkata,West Bengal,Individual,2026-03-06
CUST01605,Swetha Mishra,customer01605@example.com,9177681115,Hyderabad,Telangana,Individual,2026-10-27
CUST01606,Ananya Singh,customer01606@example.com,9469300409,Salem,Tamil Nadu,Individual,2026-07-03
CUST01607,Harini Kapoor,customer01607@example.com,9747070544,Coimbatore,Tamil Nadu,Individual,2024-01-30
CUST01608,Dinesh Joshi,customer01608@example.com,9627037312,Hyderabad,Telangana,Individual,2025-11-26
CUST01609,Kavya Nair,customer01609@example.com,9411175047,Ahmedabad,Gujarat,Business,2026-03-16
CUST01610,Kavya Singh,customer01610@example.com,9405473653,Ahmedabad,Gujarat,Business,2025-10-28
CUST01611,Priya Sharma,customer01611@example.com,9119939111,Jaipur,Rajasthan,Individual,2026-06-28
CUST01612,Vijay Menon,customer01612@example.com,9894483895,Chennai,Tamil Nadu,Business,2024-10-08
CUST01613,Meena Rao,customer01613@example.com,9682070462,Jaipur,Rajasthan,Individual,2023-09-20
CUST01614,Ajay Nair,customer01614@example.com,9686634989,Jaipur,Rajasthan,Individual,2024-09-23
CUST01615,Vijay Menon,customer01615@example.com,9184016855,Ahmedabad,Gujarat,Business,2026-07-06
CUST01616,Meena Reddy,customer01616@example.com,9203843913,Coimbatore,Tamil Nadu,Individual,2026-09-08
CUST01617,Dinesh Das,customer01617@example.com,9530223982,Hyderabad,Telangana,Individual,2024-06-13
CUST01618,Arun Mehta,customer01618@example.com,9670651750,Bengaluru,Karnataka,Individual,2023-10-28
CUST01619,Karthik Mishra,customer01619@example.com,9539937894,Chennai,Tamil Nadu,Individual,2024-04-29
CUST01620,Manoj Rao,customer01620@example.com,9213381961,Ahmedabad,Gujarat,Individual,2023-04-02
CUST01621,Manoj Iyer,customer01621@example.com,9757013155,Hyderabad,Telangana,Individual,2026-04-02
CUST01622,Harini Das,customer01622@example.com,9866050776,Vijayawada,Andhra Pradesh,Individual,2026-09-20
CUST01623,Sneha Gupta,customer01623@example.com,9171026427,Bengaluru,Karnataka,Individual,2023-11-11
CUST01624,Dinesh Singh,customer01624@example.com,9255418737,Bengaluru,Karnataka,Individual,2025-08-02
CUST01625,Swetha Kumar,customer01625@example.com,9378279546,Delhi,Delhi,Individual,2023-08-26
CUST01626,Ajay Mishra,customer01626@example.com,9109200952,Kochi,Kerala,Individual,2023-03-24
CUST01627,Arun Gupta,customer01627@example.com,9568982089,Chennai,Tamil Nadu,Individual,2024-10-30
CUST01628,Manoj Singh,customer01628@example.com,9663781970,Bengaluru,Karnataka,Individual,2026-02-06
CUST01629,Kavya Menon,customer01629@example.com,9445393389,Ahmedabad,Gujarat,Individual,2023-06-27
CUST01630,Sneha Kumar,customer01630@example.com,9104031660,Delhi,Delhi,Individual,2023-09-07
CUST01631,Karthik Bose,customer01631@example.com,9417669454,Hyderabad,Telangana,Individual,2025-02-03
CUST01632,Nithya Kapoor,customer01632@example.com,9963916495,Vijayawada,Andhra Pradesh,Individual,2024-10-28
CUST01633,Harini Reddy,customer01633@example.com,9851605633,Mumbai,Maharashtra,Business,2025-06-21
CUST01634,Vijay Sinha,customer01634@example.com,9152005468,Chennai,Tamil Nadu,Business,2023-04-01
CUST01635,Vivek Reddy,customer01635@example.com,9699979971,Coimbatore,Tamil Nadu,Business,2023-12-05
CUST01636,Dinesh Kumar,customer01636@example.com,9870178548,Jaipur,Rajasthan,Business,2023-06-18
CUST01637,Arun Joshi,customer01637@example.com,9566809393,Kolkata,West Bengal,Individual,2026-03-08
CUST01638,Rahul Menon,customer01638@example.com,9333500956,Kolkata,West Bengal,Individual,2024-07-31
CUST01639,Rahul Rao,customer01639@example.com,9960213470,Hyderabad,Telangana,Individual,2026-04-22
CUST01640,Divya Patel,customer01640@example.com,9823790416,Trichy,Tamil Nadu,Individual,2025-02-18
CUST01641,Ajay Reddy,customer01641@example.com,9984438682,Trichy,Tamil Nadu,Business,2023-06-19
CUST01642,Ajay Kapoor,customer01642@example.com,9623385204,Hyderabad,Telangana,Individual,2023-12-28
CUST01643,Harini Verma,customer01643@example.com,9374130152,Ahmedabad,Gujarat,Business,2023-09-01
CUST01644,Ajay Sharma,customer01644@example.com,9309607566,Bengaluru,Karnataka,Individual,2023-05-18
CUST01645,Pooja Reddy,customer01645@example.com,9661333051,Kochi,Kerala,Business,2025-11-17
CUST01646,Dinesh Joshi,customer01646@example.com,9565385707,Chennai,Tamil Nadu,Individual,2024-06-02
CUST01647,Manoj Rao,customer01647@example.com,9265341854,Kolkata,West Bengal,Individual,2023-11-29
CUST01648,Manoj Sharma,customer01648@example.com,9709047355,Kolkata,West Bengal,Individual,2025-08-22
CUST01649,Dinesh Naidu,customer01649@example.com,9656804858,Kochi,Kerala,Business,2026-09-02
CUST01650,Karthik Menon,customer01650@example.com,9803499577,Bengaluru,Karnataka,Business,2024-07-16
CUST01651,Meena Kapoor,customer01651@example.com,9293877928,Kolkata,West Bengal,Individual,2024-03-01
CUST01652,Rohit Mehta,customer01652@example.com,9236347436,Jaipur,Rajasthan,Individual,2026-03-05
CUST01653,Vivek Sharma,customer01653@example.com,9287238779,Coimbatore,Tamil Nadu,Individual,2024-10-02
CUST01654,Ananya Naidu,customer01654@example.com,9552430617,Chennai,Tamil Nadu,Business,2024-12-09
CUST01655,Manoj Iyer,customer01655@example.com,9337986405,Madurai,Tamil Nadu,Individual,2026-07-14
CUST01656,Karthik Sinha,customer01656@example.com,9418988850,Kolkata,West Bengal,Individual,2023-04-17
CUST01657,Karthik Mehta,customer01657@example.com,9940964515,Hyderabad,Telangana,Individual,2024-07-13
CUST01658,Karthik Singh,customer01658@example.com,9456726835,Coimbatore,Tamil Nadu,Individual,2023-05-18
CUST01659,Divya Joshi,customer01659@example.com,9963770320,Kolkata,West Bengal,Individual,2024-09-06
CUST01660,Ananya Reddy,customer01660@example.com,9907942962,Salem,Tamil Nadu,Individual,2023-02-16
CUST01661,Vijay Verma,customer01661@example.com,9430849922,Vijayawada,Andhra Pradesh,Business,2024-01-03
CUST01662,Ananya Rao,customer01662@example.com,9190897916,Jaipur,Rajasthan,Business,2023-01-06
CUST01663,Ananya Naidu,customer01663@example.com,9222337037,Coimbatore,Tamil Nadu,Individual,2024-06-06
CUST01664,Nithya Iyer,customer01664@example.com,9472398000,Delhi,Delhi,Business,2024-06-12
CUST01665,Swetha Menon,customer01665@example.com,9676157900,Madurai,Tamil Nadu,Individual,2026-07-19
CUST01666,Dinesh Verma,customer01666@example.com,9720518376,Vijayawada,Andhra Pradesh,Individual,2023-03-07
CUST01667,Swetha Mehta,customer01667@example.com,9767822224,Pune,Maharashtra,Individual,2024-02-24
CUST01668,Suresh Patel,customer01668@example.com,9730470639,Hyderabad,Telangana,Individual,2026-09-24
CUST01669,Manoj Kumar,customer01669@example.com,9258455473,Hyderabad,Telangana,Business,2025-07-22
CUST01670,Vivek Rao,customer01670@example.com,9813183201,Chennai,Tamil Nadu,Individual,2024-05-12
CUST01671,Vivek Patel,customer01671@example.com,9840073717,Kochi,Kerala,Individual,2023-11-27
CUST01672,Dinesh Joshi,customer01672@example.com,9355848438,Vijayawada,Andhra Pradesh,Individual,2025-02-06
CUST01673,Kavya Kapoor,customer01673@example.com,9597559738,Coimbatore,Tamil Nadu,Individual,2025-09-27
CUST01674,Arun Mehta,customer01674@example.com,9602013264,Bengaluru,Karnataka,Business,2026-02-28
CUST01675,Ajay Kumar,customer01675@example.com,9438091266,Hyderabad,Telangana,Individual,2024-06-13
CUST01676,Meena Pillai,customer01676@example.com,9246465633,Coimbatore,Tamil Nadu,Individual,2023-08-31
CUST01677,Karthik Sinha,customer01677@example.com,9590850343,Ahmedabad,Gujarat,Business,2023-12-16
CUST01678,Pooja Mishra,customer01678@example.com,9444956540,Coimbatore,Tamil Nadu,Individual,2025-11-06
CUST01679,Swetha Nair,customer01679@example.com,9805409985,Ahmedabad,Gujarat,Individual,2025-01-04
CUST01680,Manoj Sinha,customer01680@example.com,9688354977,Salem,Tamil Nadu,Individual,2025-05-31
CUST01681,Kavya Das,customer01681@example.com,9951934558,Mumbai,Maharashtra,Individual,2023-12-29
CUST01682,Priya Nair,customer01682@example.com,9110864648,Mumbai,Maharashtra,Business,2026-05-18
CUST01683,Ananya Sinha,customer01683@example.com,9190957907,Pune,Maharashtra,Individual,2025-10-11
CUST01684,Sneha Rao,customer01684@example.com,9238420756,Delhi,Delhi,Individual,2024-06-08
CUST01685,Rohit Mishra,customer01685@example.com,9948696284,Pune,Maharashtra,Business,2025-04-10
CUST01686,Divya Naidu,customer01686@example.com,9370174202,Ahmedabad,Gujarat,Individual,2025-02-20
CUST01687,Rahul Sinha,customer01687@example.com,9608510565,Vijayawada,Andhra Pradesh,Individual,2024-02-24
CUST01688,Vijay Mishra,customer01688@example.com,9352526969,Kolkata,West Bengal,Individual,2025-02-24
CUST01689,Ananya Nair,customer01689@example.com,9126077355,Bengaluru,Karnataka,Business,2023-05-13
CUST01690,Harini Verma,customer01690@example.com,9521417352,Kolkata,West Bengal,Individual,2023-01-14
CUST01691,Priya Gupta,customer01691@example.com,9438637926,Trichy,Tamil Nadu,Individual,2025-12-03
CUST01692,Nithya Bose,customer01692@example.com,9945746877,Kolkata,West Bengal,Individual,2023-10-22
CUST01693,Harini Reddy,customer01693@example.com,9759229931,Chennai,Tamil Nadu,Individual,2026-02-01
CUST01694,Ananya Pillai,customer01694@example.com,9227106872,Kolkata,West Bengal,Individual,2024-03-20
CUST01695,Arun Nair,customer01695@example.com,9843967268,Pune,Maharashtra,Individual,2025-12-21
CUST01696,Kavya Menon,customer01696@example.com,9403842063,Hyderabad,Telangana,Individual,2024-02-16
CUST01697,Vijay Verma,customer01697@example.com,9253179940,Jaipur,Rajasthan,Individual,2024-09-21
CUST01698,Swetha Menon,customer01698@example.com,9195144267,Hyderabad,Telangana,Individual,2023-11-17
CUST01699,Sneha Verma,customer01699@example.com,9592920471,Mumbai,Maharashtra,Business,2026-02-28
CUST01700,Karthik Sinha,customer01700@example.com,9864541721,Jaipur,Rajasthan,Individual,2025-03-28
CUST01701,Priya Menon,customer01701@example.com,9680333075,Kochi,Kerala,Individual,2026-05-07
CUST01702,Vivek Verma,customer01702@example.com,9147790728,Bengaluru,Karnataka,Individual,2025-06-23
CUST01703,Manoj Singh,customer01703@example.com,9292996310,Bengaluru,Karnataka,Individual,2023-02-05
CUST01704,Karthik Rao,customer01704@example.com,9464457830,Chennai,Tamil Nadu,Individual,2025-03-01
CUST01705,Dinesh Nair,customer01705@example.com,9821943580,Vijayawada,Andhra Pradesh,Individual,2026-05-24
CUST01706,Priya Reddy,customer01706@example.com,9604538130,Pune,Maharashtra,Individual,2024-08-08
CUST01707,Swetha Reddy,customer01707@example.com,9860960147,Mumbai,Maharashtra,Business,2023-11-02
CUST01708,Ajay Naidu,customer01708@example.com,9871775958,Salem,Tamil Nadu,Individual,2025-10-04
CUST01709,Priya Verma,customer01709@example.com,9750201578,Trichy,Tamil Nadu,Individual,2025-06-11
CUST01710,Vivek Mishra,customer01710@example.com,9486024285,Vijayawada,Andhra Pradesh,Individual,2023-01-12
CUST01711,Sneha Sinha,customer01711@example.com,9321857620,Bengaluru,Karnataka,Business,2023-03-24
CUST01712,Vijay Sinha,customer01712@example.com,9666634283,Hyderabad,Telangana,Individual,2025-11-21
CUST01713,Rahul Patel,customer01713@example.com,9557926293,Kolkata,West Bengal,Individual,2026-01-14
CUST01714,Meena Naidu,customer01714@example.com,9344624713,Kolkata,West Bengal,Business,2025-08-14
CUST01715,Rahul Verma,customer01715@example.com,9510516734,Kochi,Kerala,Individual,2024-12-13
CUST01716,Pooja Mehta,customer01716@example.com,9791996246,Mumbai,Maharashtra,Individual,2026-07-03
CUST01717,Karthik Joshi,customer01717@example.com,9737310350,Pune,Maharashtra,Individual,2023-08-29
CUST01718,Priya Singh,customer01718@example.com,9455496797,Pune,Maharashtra,Business,2025-06-16
CUST01719,Meena Nair,customer01719@example.com,9684288865,Delhi,Delhi,Individual,2025-06-14
CUST01720,Manoj Kapoor,customer01720@example.com,9667429004,Ahmedabad,Gujarat,Business,2025-06-25
CUST01721,Sneha Naidu,customer01721@example.com,9956826363,Madurai,Tamil Nadu,Individual,2025-01-25
CUST01722,Vijay Menon,customer01722@example.com,9505485187,Bengaluru,Karnataka,Individual,2025-10-21
CUST01723,Rohit Joshi,customer01723@example.com,9399727671,Pune,Maharashtra,Individual,2024-08-23
CUST01724,Dinesh Reddy,customer01724@example.com,9637906582,Kochi,Kerala,Individual,2023-10-09
CUST01725,Ananya Patel,customer01725@example.com,9125266784,Hyderabad,Telangana,Individual,2024-10-12
CUST01726,Rahul Singh,customer01726@example.com,9525256033,Mumbai,Maharashtra,Individual,2024-08-21
CUST01727,Vijay Das,customer01727@example.com,9945300001,Trichy,Tamil Nadu,Individual,2025-09-05
CUST01728,Pooja Patel,customer01728@example.com,9556416099,Delhi,Delhi,Individual,2026-02-16
CUST01729,Kavya Das,customer01729@example.com,9168261602,Kochi,Kerala,Individual,2025-10-08
CUST01730,Ajay Singh,customer01730@example.com,9604495760,Coimbatore,Tamil Nadu,Business,2025-06-18
CUST01731,Nithya Mishra,customer01731@example.com,9258489755,Chennai,Tamil Nadu,Individual,2026-01-08
CUST01732,Ajay Reddy,customer01732@example.com,9914172941,Trichy,Tamil Nadu,Business,2025-06-12
CUST01733,Manoj Singh,customer01733@example.com,9362219937,Ahmedabad,Gujarat,Individual,2025-08-14
CUST01734,Divya Mehta,customer01734@example.com,9782228335,Coimbatore,Tamil Nadu,Business,2023-08-07
CUST01735,Rahul Mehta,customer01735@example.com,9675264586,Salem,Tamil Nadu,Individual,2024-12-27
CUST01736,Rohit Sharma,customer01736@example.com,9985391032,Ahmedabad,Gujarat,Individual,2025-10-05
CUST01737,Ajay Kapoor,customer01737@example.com,9180433868,Kolkata,West Bengal,Business,2024-06-01
CUST01738,Priya Kapoor,customer01738@example.com,9756071776,Chennai,Tamil Nadu,Business,2025-03-22
CUST01739,Suresh Pillai,customer01739@example.com,9753092216,Bengaluru,Karnataka,Individual,2024-05-16
CUST01740,Suresh Patel,customer01740@example.com,9426246966,Hyderabad,Telangana,Individual,2023-02-27
CUST01741,Rahul Verma,customer01741@example.com,9678356673,Chennai,Tamil Nadu,Individual,2026-09-22
CUST01742,Vijay Kapoor,customer01742@example.com,9939267297,Ahmedabad,Gujarat,Individual,2025-03-24
CUST01743,Karthik Nair,customer01743@example.com,9179950964,Madurai,Tamil Nadu,Business,2024-09-05
CUST01744,Ajay Rao,customer01744@example.com,9111779676,Coimbatore,Tamil Nadu,Individual,2024-03-01
CUST01745,Ajay Verma,customer01745@example.com,9177627172,Bengaluru,Karnataka,Business,2026-10-25
CUST01746,Ajay Menon,customer01746@example.com,9363735235,Jaipur,Rajasthan,Individual,2025-06-01
CUST01747,Arun Das,customer01747@example.com,9805654475,Madurai,Tamil Nadu,Business,2024-03-07
CUST01748,Pooja Joshi,customer01748@example.com,9620040217,Kolkata,West Bengal,Business,2026-05-04
CUST01749,Rahul Patel,customer01749@example.com,9113999609,Madurai,Tamil Nadu,Individual,2025-08-05
CUST01750,Vijay Gupta,customer01750@example.com,9592457148,Delhi,Delhi,Individual,2026-10-20
CUST01751,Karthik Menon,customer01751@example.com,9146362075,Delhi,Delhi,Business,2025-07-23
CUST01752,Meena Kapoor,customer01752@example.com,9357382995,Salem,Tamil Nadu,Individual,2024-02-09
CUST01753,Priya Patel,customer01753@example.com,9409868489,Ahmedabad,Gujarat,Individual,2024-05-06
CUST01754,Divya Gupta,customer01754@example.com,9180678067,Mumbai,Maharashtra,Individual,2023-03-07
CUST01755,Ajay Nair,customer01755@example.com,9398211089,Trichy,Tamil Nadu,Individual,2025-06-30
CUST01756,Ajay Sharma,customer01756@example.com,9789312702,Trichy,Tamil Nadu,Business,2024-01-26
CUST01757,Sneha Rao,customer01757@example.com,9930572212,Jaipur,Rajasthan,Individual,2023-03-24
CUST01758,Harini Sharma,customer01758@example.com,9926909684,Jaipur,Rajasthan,Business,2025-09-29
CUST01759,Swetha Bose,customer01759@example.com,9409835546,Bengaluru,Karnataka,Individual,2024-04-25
CUST01760,Kavya Nair,customer01760@example.com,9365646554,Kolkata,West Bengal,Individual,2025-02-15
CUST01761,Karthik Mehta,customer01761@example.com,9645702505,Pune,Maharashtra,Individual,2026-06-06
CUST01762,Ajay Gupta,customer01762@example.com,9162157440,Salem,Tamil Nadu,Individual,2025-02-23
CUST01763,Sneha Mishra,customer01763@example.com,9546134533,Delhi,Delhi,Individual,2026-06-02
CUST01764,Sneha Reddy,customer01764@example.com,9658218762,Bengaluru,Karnataka,Individual,2026-02-10
CUST01765,Priya Kapoor,customer01765@example.com,9996948179,Pune,Maharashtra,Individual,2024-10-13
CUST01766,Vivek Mehta,customer01766@example.com,9775833790,Trichy,Tamil Nadu,Business,2026-04-23
CUST01767,Divya Iyer,customer01767@example.com,9343837108,Mumbai,Maharashtra,Individual,2026-04-11
CUST01768,Manoj Kapoor,customer01768@example.com,9954209236,Madurai,Tamil Nadu,Individual,2024-06-06
CUST01769,Arun Sinha,customer01769@example.com,9762148881,Delhi,Delhi,Individual,2023-07-24
CUST01770,Vivek Iyer,customer01770@example.com,9956207380,Bengaluru,Karnataka,Individual,2025-01-11
CUST01771,Karthik Sinha,customer01771@example.com,9337288722,Chennai,Tamil Nadu,Individual,2023-11-15
CUST01772,Sneha Iyer,customer01772@example.com,9995840515,Pune,Maharashtra,Individual,2026-03-28
CUST01773,Dinesh Menon,customer01773@example.com,9205020748,Madurai,Tamil Nadu,Individual,2023-10-05
CUST01774,Vivek Menon,customer01774@example.com,9630135505,Delhi,Delhi,Individual,2025-06-20
CUST01775,Pooja Verma,customer01775@example.com,9653763955,Trichy,Tamil Nadu,Individual,2023-05-28
CUST01776,Swetha Kumar,customer01776@example.com,9720176796,Kochi,Kerala,Individual,2025-02-16
CUST01777,Pooja Reddy,customer01777@example.com,9458162968,Kolkata,West Bengal,Individual,2026-01-11
CUST01778,Rahul Sharma,customer01778@example.com,9869384268,Pune,Maharashtra,Business,2024-02-23
CUST01779,Priya Joshi,customer01779@example.com,9283020285,Trichy,Tamil Nadu,Individual,2024-06-21
CUST01780,Rohit Bose,customer01780@example.com,9996191422,Delhi,Delhi,Individual,2024-01-27
CUST01781,Vijay Nair,customer01781@example.com,9410669210,Pune,Maharashtra,Individual,2026-03-02
CUST01782,Ajay Kapoor,customer01782@example.com,9179779771,Salem,Tamil Nadu,Business,2025-07-28
CUST01783,Ajay Nair,customer01783@example.com,9907444178,Madurai,Tamil Nadu,Individual,2023-08-30
CUST01784,Meena Pillai,customer01784@example.com,9493668400,Vijayawada,Andhra Pradesh,Individual,2025-09-25
CUST01785,Sneha Iyer,customer01785@example.com,9346798144,Delhi,Delhi,Business,2026-05-08
CUST01786,Priya Pillai,customer01786@example.com,9359857317,Salem,Tamil Nadu,Individual,2026-02-14
CUST01787,Pooja Naidu,customer01787@example.com,9375100928,Coimbatore,Tamil Nadu,Individual,2026-05-27
CUST01788,Rohit Naidu,customer01788@example.com,9264529319,Bengaluru,Karnataka,Individual,2026-08-21
CUST01789,Karthik Singh,customer01789@example.com,9807186512,Kochi,Kerala,Individual,2023-08-31
CUST01790,Rahul Kapoor,customer01790@example.com,9796955412,Jaipur,Rajasthan,Business,2026-08-08
CUST01791,Suresh Kumar,customer01791@example.com,9124026709,Madurai,Tamil Nadu,Individual,2025-09-02
CUST01792,Sneha Gupta,customer01792@example.com,9712214798,Pune,Maharashtra,Individual,2026-08-17
CUST01793,Arun Nair,customer01793@example.com,9283752753,Kolkata,West Bengal,Individual,2024-11-14
CUST01794,Sneha Mishra,customer01794@example.com,9360115430,Trichy,Tamil Nadu,Business,2024-08-10
CUST01795,Priya Singh,customer01795@example.com,9687640294,Jaipur,Rajasthan,Individual,2026-05-17
CUST01796,Suresh Pillai,customer01796@example.com,9590877343,Chennai,Tamil Nadu,Individual,2026-08-30
CUST01797,Swetha Kumar,customer01797@example.com,9243186115,Trichy,Tamil Nadu,Individual,2024-09-08
CUST01798,Rahul Patel,customer01798@example.com,9257556587,Pune,Maharashtra,Individual,2023-01-26
CUST01799,Karthik Kumar,customer01799@example.com,9563835948,Kochi,Kerala,Individual,2025-05-12
CUST01800,Suresh Reddy,customer01800@example.com,9870173727,Ahmedabad,Gujarat,Individual,2023-03-20
CUST01801,Harini Patel,customer01801@example.com,9119204852,Trichy,Tamil Nadu,Individual,2025-10-08
CUST01802,Dinesh Sharma,customer01802@example.com,9456912992,Ahmedabad,Gujarat,Individual,2023-05-08
CUST01803,Swetha Verma,customer01803@example.com,9741235398,Bengaluru,Karnataka,Individual,2024-02-17
CUST01804,Meena Iyer,customer01804@example.com,9898311112,Kochi,Kerala,Individual,2023-05-17
CUST01805,Rohit Sharma,customer01805@example.com,9133905344,Delhi,Delhi,Individual,2026-09-19
CUST01806,Priya Reddy,customer01806@example.com,9605277263,Salem,Tamil Nadu,Business,2024-07-01
CUST01807,Meena Sinha,customer01807@example.com,9358582161,Chennai,Tamil Nadu,Individual,2024-01-23
CUST01808,Kavya Singh,customer01808@example.com,9454968885,Hyderabad,Telangana,Individual,2024-07-24
CUST01809,Manoj Pillai,customer01809@example.com,9482774398,Pune,Maharashtra,Individual,2026-06-07
CUST01810,Sneha Bose,customer01810@example.com,9463471022,Mumbai,Maharashtra,Business,2025-10-12
CUST01811,Manoj Patel,customer01811@example.com,9785984901,Hyderabad,Telangana,Individual,2024-02-25
CUST01812,Meena Iyer,customer01812@example.com,9934327617,Trichy,Tamil Nadu,Individual,2026-02-21
CUST01813,Nithya Joshi,customer01813@example.com,9139708040,Jaipur,Rajasthan,Individual,2026-01-16
CUST01814,Sneha Verma,customer01814@example.com,9174246083,Pune,Maharashtra,Individual,2023-05-21
CUST01815,Divya Iyer,customer01815@example.com,9934403692,Salem,Tamil Nadu,Business,2023-02-20
CUST01816,Vivek Bose,customer01816@example.com,9419535382,Coimbatore,Tamil Nadu,Individual,2025-09-13
CUST01817,Arun Bose,customer01817@example.com,9580178933,Salem,Tamil Nadu,Individual,2025-07-17
CUST01818,Vijay Patel,customer01818@example.com,9385940074,Mumbai,Maharashtra,Business,2026-09-22
CUST01819,Harini Pillai,customer01819@example.com,9380413932,Chennai,Tamil Nadu,Individual,2024-10-23
CUST01820,Ajay Bose,customer01820@example.com,9608981418,Salem,Tamil Nadu,Business,2024-01-01
CUST01821,Suresh Sharma,customer01821@example.com,9698824263,Kolkata,West Bengal,Individual,2025-06-26
CUST01822,Sneha Reddy,customer01822@example.com,9880468070,Coimbatore,Tamil Nadu,Individual,2025-09-24
CUST01823,Nithya Gupta,customer01823@example.com,9948294552,Hyderabad,Telangana,Business,2025-05-03
CUST01824,Divya Das,customer01824@example.com,9675742543,Delhi,Delhi,Individual,2023-09-15
CUST01825,Arun Nair,customer01825@example.com,9796527778,Bengaluru,Karnataka,Individual,2023-02-14
CUST01826,Sneha Das,customer01826@example.com,9130004368,Kolkata,West Bengal,Individual,2023-09-26
CUST01827,Dinesh Kapoor,customer01827@example.com,9987699729,Vijayawada,Andhra Pradesh,Individual,2026-08-27
CUST01828,Divya Mishra,customer01828@example.com,9324133115,Coimbatore,Tamil Nadu,Individual,2024-11-02
CUST01829,Swetha Bose,customer01829@example.com,9714309018,Delhi,Delhi,Individual,2025-10-15
CUST01830,Rohit Pillai,customer01830@example.com,9143954062,Delhi,Delhi,Individual,2026-07-25
CUST01831,Meena Bose,customer01831@example.com,9984169211,Pune,Maharashtra,Individual,2025-05-06
CUST01832,Ananya Kapoor,customer01832@example.com,9195174480,Coimbatore,Tamil Nadu,Business,2023-05-25
CUST01833,Ajay Iyer,customer01833@example.com,9161507946,Chennai,Tamil Nadu,Individual,2023-08-23
CUST01834,Karthik Rao,customer01834@example.com,9135861828,Trichy,Tamil Nadu,Individual,2024-11-21
CUST01835,Divya Bose,customer01835@example.com,9308282447,Mumbai,Maharashtra,Individual,2024-12-20
CUST01836,Sneha Bose,customer01836@example.com,9573971342,Vijayawada,Andhra Pradesh,Individual,2026-03-05
CUST01837,Sneha Mishra,customer01837@example.com,9749585185,Mumbai,Maharashtra,Individual,2023-12-19
CUST01838,Arun Rao,customer01838@example.com,9178460370,Hyderabad,Telangana,Individual,2025-09-20
CUST01839,Ajay Naidu,customer01839@example.com,9610945518,Hyderabad,Telangana,Business,2023-10-02
CUST01840,Manoj Gupta,customer01840@example.com,9340544393,Mumbai,Maharashtra,Business,2025-06-28
CUST01841,Divya Iyer,customer01841@example.com,9938692605,Salem,Tamil Nadu,Individual,2026-09-08
CUST01842,Meena Nair,customer01842@example.com,9647268100,Chennai,Tamil Nadu,Individual,2026-04-21
CUST01843,Meena Singh,customer01843@example.com,9282444915,Ahmedabad,Gujarat,Individual,2024-03-15
CUST01844,Rohit Mishra,customer01844@example.com,9295689647,Salem,Tamil Nadu,Individual,2025-12-22
CUST01845,Priya Rao,customer01845@example.com,9787607668,Jaipur,Rajasthan,Individual,2025-05-21
CUST01846,Arun Menon,customer01846@example.com,9563673753,Salem,Tamil Nadu,Individual,2024-10-12
CUST01847,Meena Kapoor,customer01847@example.com,9676019157,Bengaluru,Karnataka,Individual,2025-07-31
CUST01848,Rahul Reddy,customer01848@example.com,9864763499,Madurai,Tamil Nadu,Individual,2023-02-03
CUST01849,Sneha Sharma,customer01849@example.com,9297921085,Trichy,Tamil Nadu,Business,2024-12-05
CUST01850,Swetha Sharma,customer01850@example.com,9337312524,Bengaluru,Karnataka,Individual,2025-05-16
CUST01851,Kavya Iyer,customer01851@example.com,9364639368,Pune,Maharashtra,Individual,2025-09-11
CUST01852,Harini Nair,customer01852@example.com,9977915135,Madurai,Tamil Nadu,Individual,2025-04-11
CUST01853,Pooja Kapoor,customer01853@example.com,9815277240,Madurai,Tamil Nadu,Business,2026-01-15
CUST01854,Arun Kumar,customer01854@example.com,9506670564,Coimbatore,Tamil Nadu,Business,2026-05-18
CUST01855,Manoj Kumar,customer01855@example.com,9618876823,Chennai,Tamil Nadu,Individual,2024-04-06
CUST01856,Harini Joshi,customer01856@example.com,9615848992,Chennai,Tamil Nadu,Individual,2023-03-22
CUST01857,Rohit Pillai,customer01857@example.com,9439029947,Madurai,Tamil Nadu,Business,2023-11-18
CUST01858,Rahul Mishra,customer01858@example.com,9786099631,Jaipur,Rajasthan,Individual,2024-02-19
CUST01859,Suresh Verma,customer01859@example.com,9872477247,Salem,Tamil Nadu,Business,2025-09-18
CUST01860,Ajay Joshi,customer01860@example.com,9708039787,Coimbatore,Tamil Nadu,Individual,2023-07-09
CUST01861,Arun Menon,customer01861@example.com,9843184712,Trichy,Tamil Nadu,Individual,2026-06-10
CUST01862,Rahul Singh,customer01862@example.com,9392968300,Madurai,Tamil Nadu,Individual,2024-01-27
CUST01863,Pooja Das,customer01863@example.com,9513504240,Kolkata,West Bengal,Individual,2026-04-07
CUST01864,Pooja Mehta,customer01864@example.com,9124275600,Hyderabad,Telangana,Individual,2023-06-17
CUST01865,Dinesh Pillai,customer01865@example.com,9831010403,Hyderabad,Telangana,Individual,2026-06-08
CUST01866,Pooja Pillai,customer01866@example.com,9885522758,Bengaluru,Karnataka,Business,2026-03-19
CUST01867,Priya Gupta,customer01867@example.com,9475270202,Pune,Maharashtra,Individual,2024-10-25
CUST01868,Arun Pillai,customer01868@example.com,9957217888,Kochi,Kerala,Individual,2024-01-16
CUST01869,Dinesh Singh,customer01869@example.com,9624113707,Kochi,Kerala,Individual,2026-07-22
CUST01870,Suresh Iyer,customer01870@example.com,9138878111,Hyderabad,Telangana,Individual,2025-06-16
CUST01871,Rahul Joshi,customer01871@example.com,9391739146,Ahmedabad,Gujarat,Individual,2025-05-13
CUST01872,Meena Gupta,customer01872@example.com,9843719681,Delhi,Delhi,Individual,2023-03-03
CUST01873,Swetha Sharma,customer01873@example.com,9669436121,Bengaluru,Karnataka,Individual,2024-06-11
CUST01874,Karthik Rao,customer01874@example.com,9723098051,Kochi,Kerala,Individual,2025-05-11
CUST01875,Meena Sinha,customer01875@example.com,9229673360,Hyderabad,Telangana,Business,2023-05-30
CUST01876,Karthik Nair,customer01876@example.com,9860790992,Pune,Maharashtra,Individual,2026-03-11
CUST01877,Rahul Verma,customer01877@example.com,9274218971,Kochi,Kerala,Business,2023-04-26
CUST01878,Karthik Mehta,customer01878@example.com,9588027485,Salem,Tamil Nadu,Individual,2025-04-03
CUST01879,Arun Iyer,customer01879@example.com,9219483815,Salem,Tamil Nadu,Individual,2023-03-06
CUST01880,Pooja Pillai,customer01880@example.com,9630274774,Chennai,Tamil Nadu,Business,2023-11-06
CUST01881,Priya Rao,customer01881@example.com,9818198445,Jaipur,Rajasthan,Individual,2024-12-06
CUST01882,Karthik Singh,customer01882@example.com,9726439260,Chennai,Tamil Nadu,Individual,2025-05-03
CUST01883,Harini Sinha,customer01883@example.com,9434791589,Trichy,Tamil Nadu,Individual,2025-10-20
CUST01884,Ananya Joshi,customer01884@example.com,9593003326,Madurai,Tamil Nadu,Individual,2026-03-30
CUST01885,Arun Patel,customer01885@example.com,9217691932,Kolkata,West Bengal,Individual,2023-11-02
CUST01886,Pooja Singh,customer01886@example.com,9788844634,Chennai,Tamil Nadu,Business,2026-10-16
CUST01887,Pooja Naidu,customer01887@example.com,9322245148,Vijayawada,Andhra Pradesh,Individual,2026-07-25
CUST01888,Arun Iyer,customer01888@example.com,9229673699,Kochi,Kerala,Individual,2026-08-12
CUST01889,Dinesh Gupta,customer01889@example.com,9968865954,Ahmedabad,Gujarat,Business,2025-05-22
CUST01890,Ajay Kapoor,customer01890@example.com,9552405619,Coimbatore,Tamil Nadu,Individual,2023-06-18
CUST01891,Vijay Singh,customer01891@example.com,9315573782,Hyderabad,Telangana,Individual,2025-10-27
CUST01892,Ananya Singh,customer01892@example.com,9919752678,Coimbatore,Tamil Nadu,Individual,2026-03-01
CUST01893,Ananya Kapoor,customer01893@example.com,9127683117,Vijayawada,Andhra Pradesh,Individual,2024-08-10
CUST01894,Swetha Sinha,customer01894@example.com,9932913662,Pune,Maharashtra,Individual,2025-01-31
CUST01895,Pooja Rao,customer01895@example.com,9890554283,Chennai,Tamil Nadu,Individual,2023-12-13
CUST01896,Swetha Sharma,customer01896@example.com,9794377391,Kolkata,West Bengal,Individual,2025-08-12
CUST01897,Ananya Verma,customer01897@example.com,9351138739,Pune,Maharashtra,Individual,2025-01-04
CUST01898,Karthik Pillai,customer01898@example.com,9385417142,Delhi,Delhi,Individual,2026-06-30
CUST01899,Karthik Mehta,customer01899@example.com,9166773825,Delhi,Delhi,Individual,2024-02-14
CUST01900,Pooja Naidu,customer01900@example.com,9399379111,Coimbatore,Tamil Nadu,Individual,2024-06-26
CUST01901,Rohit Mishra,customer01901@example.com,9498868216,Madurai,Tamil Nadu,Individual,2023-12-21
CUST01902,Manoj Iyer,customer01902@example.com,9200109982,Bengaluru,Karnataka,Individual,2024-12-13
CUST01903,Priya Kapoor,customer01903@example.com,9128444659,Madurai,Tamil Nadu,Business,2026-10-23
CUST01904,Pooja Mishra,customer01904@example.com,9402614447,Kochi,Kerala,Individual,2024-08-06
CUST01905,Nithya Kumar,customer01905@example.com,9355778915,Vijayawada,Andhra Pradesh,Individual,2024-05-25
CUST01906,Rahul Nair,customer01906@example.com,9496953404,Salem,Tamil Nadu,Individual,2024-06-16
CUST01907,Vivek Naidu,customer01907@example.com,9839298415,Trichy,Tamil Nadu,Individual,2024-06-11
CUST01908,Harini Sharma,customer01908@example.com,9873892403,Madurai,Tamil Nadu,Individual,2025-08-04
CUST01909,Dinesh Rao,customer01909@example.com,9773118885,Jaipur,Rajasthan,Business,2026-04-13
CUST01910,Dinesh Iyer,customer01910@example.com,9472087258,Trichy,Tamil Nadu,Business,2025-04-03
CUST01911,Swetha Bose,customer01911@example.com,9900372259,Vijayawada,Andhra Pradesh,Business,2023-03-19
CUST01912,Ananya Verma,customer01912@example.com,9785121647,Trichy,Tamil Nadu,Business,2024-03-15
CUST01913,Karthik Mishra,customer01913@example.com,9271420758,Kolkata,West Bengal,Business,2024-07-02
CUST01914,Kavya Patel,customer01914@example.com,9909550006,Chennai,Tamil Nadu,Individual,2026-06-09
CUST01915,Vijay Mehta,customer01915@example.com,9391691092,Kolkata,West Bengal,Individual,2024-02-04
CUST01916,Meena Menon,customer01916@example.com,9340316172,Trichy,Tamil Nadu,Business,2026-05-21
CUST01917,Suresh Mehta,customer01917@example.com,9273867172,Pune,Maharashtra,Individual,2026-05-01
CUST01918,Vijay Joshi,customer01918@example.com,9661027886,Delhi,Delhi,Individual,2024-12-01
CUST01919,Meena Rao,customer01919@example.com,9485321049,Trichy,Tamil Nadu,Individual,2026-07-14
CUST01920,Manoj Kumar,customer01920@example.com,9898671302,Kolkata,West Bengal,Individual,2023-05-06
CUST01921,Ananya Singh,customer01921@example.com,9807557350,Ahmedabad,Gujarat,Individual,2025-04-13
CUST01922,Swetha Rao,customer01922@example.com,9647518997,Vijayawada,Andhra Pradesh,Individual,2024-06-27
CUST01923,Swetha Mishra,customer01923@example.com,9281034662,Pune,Maharashtra,Individual,2024-05-16
CUST01924,Vivek Reddy,customer01924@example.com,9954774486,Kolkata,West Bengal,Business,2025-04-03
CUST01925,Meena Pillai,customer01925@example.com,9976410937,Madurai,Tamil Nadu,Individual,2026-07-08
CUST01926,Ananya Sinha,customer01926@example.com,9258745117,Hyderabad,Telangana,Business,2024-01-22
CUST01927,Swetha Mehta,customer01927@example.com,9319944849,Coimbatore,Tamil Nadu,Individual,2024-02-16
CUST01928,Kavya Nair,customer01928@example.com,9193063785,Bengaluru,Karnataka,Individual,2026-10-01
CUST01929,Pooja Gupta,customer01929@example.com,9828128493,Salem,Tamil Nadu,Individual,2026-01-22
CUST01930,Nithya Patel,customer01930@example.com,9482645065,Kolkata,West Bengal,Individual,2023-11-24
CUST01931,Dinesh Sinha,customer01931@example.com,9242595750,Jaipur,Rajasthan,Individual,2023-04-10
CUST01932,Meena Reddy,customer01932@example.com,9529774489,Bengaluru,Karnataka,Business,2024-04-05
CUST01933,Ajay Menon,customer01933@example.com,9618515526,Vijayawada,Andhra Pradesh,Individual,2026-08-31
CUST01934,Swetha Kapoor,customer01934@example.com,9480916230,Ahmedabad,Gujarat,Business,2023-01-25
CUST01935,Pooja Reddy,customer01935@example.com,9675656132,Mumbai,Maharashtra,Individual,2024-05-08
CUST01936,Ajay Singh,customer01936@example.com,9221958208,Kolkata,West Bengal,Individual,2023-12-19
CUST01937,Nithya Kumar,customer01937@example.com,9502233389,Hyderabad,Telangana,Individual,2025-05-18
CUST01938,Harini Iyer,customer01938@example.com,9500841233,Bengaluru,Karnataka,Individual,2026-02-14
CUST01939,Divya Verma,customer01939@example.com,9147789452,Salem,Tamil Nadu,Individual,2023-07-18
CUST01940,Priya Verma,customer01940@example.com,9841557912,Trichy,Tamil Nadu,Individual,2026-07-26
CUST01941,Vijay Iyer,customer01941@example.com,9519632103,Kolkata,West Bengal,Individual,2025-04-26
CUST01942,Ajay Rao,customer01942@example.com,9152787975,Chennai,Tamil Nadu,Individual,2026-01-07
CUST01943,Meena Kumar,customer01943@example.com,9597924169,Ahmedabad,Gujarat,Individual,2026-10-09
CUST01944,Rahul Sinha,customer01944@example.com,9502234783,Vijayawada,Andhra Pradesh,Individual,2024-06-09
CUST01945,Kavya Patel,customer01945@example.com,9893239184,Coimbatore,Tamil Nadu,Individual,2024-06-24
CUST01946,Rohit Sharma,customer01946@example.com,9687269733,Hyderabad,Telangana,Individual,2024-04-21
CUST01947,Rahul Mishra,customer01947@example.com,9857807438,Kochi,Kerala,Individual,2023-01-10
CUST01948,Ananya Naidu,customer01948@example.com,9832993358,Kochi,Kerala,Individual,2026-07-07
CUST01949,Ajay Nair,customer01949@example.com,9214881144,Jaipur,Rajasthan,Individual,2024-06-07
CUST01950,Kavya Patel,customer01950@example.com,9578384702,Bengaluru,Karnataka,Individual,2025-03-20
CUST01951,Rohit Sharma,customer01951@example.com,9370727463,Hyderabad,Telangana,Business,2025-02-10
CUST01952,Rohit Verma,customer01952@example.com,9641421554,Pune,Maharashtra,Individual,2025-05-09
CUST01953,Kavya Pillai,customer01953@example.com,9757134675,Salem,Tamil Nadu,Individual,2025-10-26
CUST01954,Priya Sinha,customer01954@example.com,9231290126,Coimbatore,Tamil Nadu,Individual,2025-11-24
CUST01955,Ajay Mishra,customer01955@example.com,9375171170,Trichy,Tamil Nadu,Business,2023-06-24
CUST01956,Vijay Menon,customer01956@example.com,9375915229,Kolkata,West Bengal,Individual,2024-03-17
CUST01957,Kavya Menon,customer01957@example.com,9850369400,Kolkata,West Bengal,Business,2026-03-16
CUST01958,Suresh Sharma,customer01958@example.com,9895729287,Kochi,Kerala,Individual,2026-05-01
CUST01959,Vijay Nair,customer01959@example.com,9262941406,Kolkata,West Bengal,Individual,2025-11-02
CUST01960,Sneha Patel,customer01960@example.com,9593936255,Vijayawada,Andhra Pradesh,Business,2023-09-03
CUST01961,Ajay Patel,customer01961@example.com,9698309231,Coimbatore,Tamil Nadu,Individual,2024-11-05
CUST01962,Sneha Gupta,customer01962@example.com,9236970606,Chennai,Tamil Nadu,Individual,2023-04-24
CUST01963,Manoj Menon,customer01963@example.com,9661560863,Mumbai,Maharashtra,Individual,2025-10-08
CUST01964,Kavya Mehta,customer01964@example.com,9976734252,Jaipur,Rajasthan,Individual,2025-03-04
CUST01965,Ananya Sharma,customer01965@example.com,9132889209,Delhi,Delhi,Individual,2023-08-21
CUST01966,Suresh Nair,customer01966@example.com,9754321331,Madurai,Tamil Nadu,Individual,2025-09-06
CUST01967,Priya Sinha,customer01967@example.com,9372603598,Jaipur,Rajasthan,Individual,2026-09-07
CUST01968,Ananya Das,customer01968@example.com,9272848721,Bengaluru,Karnataka,Business,2023-05-06
CUST01969,Harini Mishra,customer01969@example.com,9615407884,Chennai,Tamil Nadu,Individual,2026-08-29
CUST01970,Kavya Sinha,customer01970@example.com,9775734039,Jaipur,Rajasthan,Individual,2024-05-25
CUST01971,Suresh Das,customer01971@example.com,9237317543,Trichy,Tamil Nadu,Individual,2023-10-08
CUST01972,Priya Pillai,customer01972@example.com,9376334861,Kochi,Kerala,Business,2025-03-08
CUST01973,Rohit Naidu,customer01973@example.com,9558686427,Ahmedabad,Gujarat,Individual,2025-09-04
CUST01974,Harini Das,customer01974@example.com,9284307658,Bengaluru,Karnataka,Individual,2025-06-21
CUST01975,Dinesh Iyer,customer01975@example.com,9281320773,Kolkata,West Bengal,Business,2026-07-30
CUST01976,Suresh Pillai,customer01976@example.com,9198835773,Hyderabad,Telangana,Business,2024-10-12
CUST01977,Divya Naidu,customer01977@example.com,9134914679,Trichy,Tamil Nadu,Individual,2024-01-27
CUST01978,Divya Naidu,customer01978@example.com,9643095896,Bengaluru,Karnataka,Individual,2024-01-17
CUST01979,Swetha Menon,customer01979@example.com,9789825468,Ahmedabad,Gujarat,Individual,2023-08-04
CUST01980,Karthik Rao,customer01980@example.com,9434725376,Salem,Tamil Nadu,Individual,2024-06-25
CUST01981,Arun Naidu,customer01981@example.com,9163695064,Kolkata,West Bengal,Business,2024-08-28
CUST01982,Vijay Naidu,customer01982@example.com,9991011521,Jaipur,Rajasthan,Business,2023-04-26
CUST01983,Arun Pillai,customer01983@example.com,9353846397,Jaipur,Rajasthan,Individual,2024-05-23
CUST01984,Pooja Nair,customer01984@example.com,9909438348,Bengaluru,Karnataka,Individual,2023-09-28
CUST01985,Kavya Das,customer01985@example.com,9463390112,Hyderabad,Telangana,Individual,2026-08-07
CUST01986,Vijay Menon,customer01986@example.com,9268794143,Salem,Tamil Nadu,Business,2025-11-28
CUST01987,Vijay Mehta,customer01987@example.com,9659180951,Kolkata,West Bengal,Individual,2025-11-13
CUST01988,Vijay Pillai,customer01988@example.com,9538034266,Ahmedabad,Gujarat,Individual,2025-02-14
CUST01989,Ajay Kumar,customer01989@example.com,9449091075,Mumbai,Maharashtra,Individual,2025-12-02
CUST01990,Suresh Kumar,customer01990@example.com,9252977111,Jaipur,Rajasthan,Individual,2026-04-08
CUST01991,Suresh Sinha,customer01991@example.com,9189529622,Ahmedabad,Gujarat,Individual,2023-12-06
CUST01992,Swetha Bose,customer01992@example.com,9652956513,Chennai,Tamil Nadu,Business,2023-06-18
CUST01993,Ajay Nair,customer01993@example.com,9965395604,Jaipur,Rajasthan,Individual,2024-10-23
CUST01994,Arun Bose,customer01994@example.com,9656939805,Ahmedabad,Gujarat,Individual,2023-05-23
CUST01995,Arun Mehta,customer01995@example.com,9977933199,Pune,Maharashtra,Individual,2026-01-29
CUST01996,Sneha Sharma,customer01996@example.com,9735840578,Kochi,Kerala,Business,2024-07-28
CUST01997,Manoj Reddy,customer01997@example.com,9451784804,Madurai,Tamil Nadu,Individual,2024-04-19
CUST01998,Nithya Sinha,customer01998@example.com,9634400999,Coimbatore,Tamil Nadu,Individual,2023-11-07
CUST01999,Sneha Menon,customer01999@example.com,9242827435,Kochi,Kerala,Business,2025-12-19
CUST02000,Swetha Rao,customer02000@example.com,9424736792,Vijayawada,Andhra Pradesh,Business,2025-11-18
CUST02001,Divya Menon,customer02001@example.com,9902188011,Madurai,Tamil Nadu,Business,2024-06-14
CUST02002,Manoj Reddy,customer02002@example.com,9763847354,Trichy,Tamil Nadu,Individual,2025-09-17
CUST02003,Nithya Reddy,customer02003@example.com,9328166528,Ahmedabad,Gujarat,Individual,2023-03-14
CUST02004,Karthik Verma,customer02004@example.com,9686026848,Madurai,Tamil Nadu,Individual,2025-05-18
CUST02005,Rahul Mishra,customer02005@example.com,9858808974,Vijayawada,Andhra Pradesh,Individual,2024-01-29
CUST02006,Dinesh Bose,customer02006@example.com,9207242623,Kolkata,West Bengal,Individual,2024-04-25
CUST02007,Karthik Das,customer02007@example.com,9679452240,Mumbai,Maharashtra,Individual,2024-04-17
CUST02008,Swetha Joshi,customer02008@example.com,9694606561,Pune,Maharashtra,Individual,2023-11-09
CUST02009,Rohit Menon,customer02009@example.com,9556552144,Chennai,Tamil Nadu,Individual,2025-08-09
CUST02010,Rohit Pillai,customer02010@example.com,9614395059,Ahmedabad,Gujarat,Individual,2023-11-20
CUST02011,Harini Sharma,customer02011@example.com,9958949800,Chennai,Tamil Nadu,Business,2025-10-09
CUST02012,Ajay Sharma,customer02012@example.com,9126127619,Hyderabad,Telangana,Individual,2025-08-22
CUST02013,Dinesh Sharma,customer02013@example.com,9828956620,Jaipur,Rajasthan,Individual,2023-03-28
CUST02014,Rahul Reddy,customer02014@example.com,9100677510,Ahmedabad,Gujarat,Individual,2023-12-25
CUST02015,Rahul Menon,customer02015@example.com,9610547501,Coimbatore,Tamil Nadu,Individual,2024-11-25
CUST02016,Sneha Bose,customer02016@example.com,9528050952,Ahmedabad,Gujarat,Individual,2023-07-16
CUST02017,Manoj Naidu,customer02017@example.com,9577158870,Bengaluru,Karnataka,Individual,2025-01-25
CUST02018,Rahul Sinha,customer02018@example.com,9995287456,Mumbai,Maharashtra,Individual,2025-09-03
CUST02019,Karthik Rao,customer02019@example.com,9996594259,Bengaluru,Karnataka,Business,2026-02-15
CUST02020,Harini Verma,customer02020@example.com,9305627267,Ahmedabad,Gujarat,Individual,2024-05-12
CUST02021,Vijay Patel,customer02021@example.com,9924479552,Pune,Maharashtra,Individual,2025-06-26
CUST02022,Suresh Singh,customer02022@example.com,9359329525,Madurai,Tamil Nadu,Individual,2025-07-19
CUST02023,Vijay Kumar,customer02023@example.com,9720686441,Chennai,Tamil Nadu,Individual,2024-04-06
CUST02024,Swetha Verma,customer02024@example.com,9735471649,Pune,Maharashtra,Individual,2025-08-27
CUST02025,Ajay Rao,customer02025@example.com,9528226010,Ahmedabad,Gujarat,Individual,2026-06-24
CUST02026,Priya Iyer,customer02026@example.com,9850219092,Vijayawada,Andhra Pradesh,Individual,2023-08-22
CUST02027,Ajay Bose,customer02027@example.com,9529663831,Madurai,Tamil Nadu,Business,2024-02-21
CUST02028,Pooja Patel,customer02028@example.com,9338966222,Vijayawada,Andhra Pradesh,Business,2026-10-20
CUST02029,Ananya Gupta,customer02029@example.com,9933500642,Chennai,Tamil Nadu,Business,2023-06-02
CUST02030,Nithya Patel,customer02030@example.com,9632314815,Madurai,Tamil Nadu,Individual,2023-09-29
CUST02031,Pooja Pillai,customer02031@example.com,9376268184,Coimbatore,Tamil Nadu,Individual,2024-01-27
CUST02032,Meena Rao,customer02032@example.com,9296275848,Mumbai,Maharashtra,Business,2024-06-30
CUST02033,Suresh Bose,customer02033@example.com,9473510928,Kochi,Kerala,Individual,2024-12-25
CUST02034,Meena Mehta,customer02034@example.com,9296766907,Salem,Tamil Nadu,Business,2023-07-08
CUST02035,Dinesh Sharma,customer02035@example.com,9387883394,Trichy,Tamil Nadu,Individual,2025-03-22
CUST02036,Priya Reddy,customer02036@example.com,9725859075,Pune,Maharashtra,Individual,2026-06-29
CUST02037,Dinesh Das,customer02037@example.com,9360754922,Jaipur,Rajasthan,Individual,2024-01-30
CUST02038,Rahul Mishra,customer02038@example.com,9923854555,Pune,Maharashtra,Individual,2024-10-23
CUST02039,Pooja Kumar,customer02039@example.com,9391527942,Salem,Tamil Nadu,Business,2025-05-02
CUST02040,Rahul Sinha,customer02040@example.com,9622346009,Kochi,Kerala,Business,2026-05-27
CUST02041,Rohit Reddy,customer02041@example.com,9924122826,Delhi,Delhi,Individual,2024-08-16
CUST02042,Arun Menon,customer02042@example.com,9379370263,Kolkata,West Bengal,Individual,2023-07-09
CUST02043,Sneha Verma,customer02043@example.com,9800350442,Coimbatore,Tamil Nadu,Business,2023-08-22
CUST02044,Ananya Joshi,customer02044@example.com,9214871012,Vijayawada,Andhra Pradesh,Individual,2023-08-20
CUST02045,Manoj Das,customer02045@example.com,9878130188,Ahmedabad,Gujarat,Individual,2023-12-24
CUST02046,Harini Patel,customer02046@example.com,9512126844,Coimbatore,Tamil Nadu,Individual,2024-04-22
CUST02047,Kavya Nair,customer02047@example.com,9819218347,Salem,Tamil Nadu,Individual,2023-08-25
CUST02048,Kavya Sharma,customer02048@example.com,9752871401,Ahmedabad,Gujarat,Individual,2025-11-22
CUST02049,Nithya Iyer,customer02049@example.com,9966428198,Jaipur,Rajasthan,Individual,2023-08-01
CUST02050,Rohit Gupta,customer02050@example.com,9990419090,Bengaluru,Karnataka,Business,2024-01-14
CUST02051,Vijay Patel,customer02051@example.com,9127194802,Madurai,Tamil Nadu,Individual,2025-10-22
CUST02052,Manoj Sharma,customer02052@example.com,9228686667,Kolkata,West Bengal,Individual,2025-06-27
CUST02053,Arun Nair,customer02053@example.com,9872590564,Mumbai,Maharashtra,Individual,2024-03-25
CUST02054,Nithya Iyer,customer02054@example.com,9537617015,Mumbai,Maharashtra,Individual,2024-07-22
CUST02055,Dinesh Gupta,customer02055@example.com,9147365277,Salem,Tamil Nadu,Individual,2025-03-23
CUST02056,Priya Das,customer02056@example.com,9807657517,Coimbatore,Tamil Nadu,Individual,2023-10-06
CUST02057,Rohit Patel,customer02057@example.com,9858307019,Mumbai,Maharashtra,Individual,2023-08-02
CUST02058,Priya Nair,customer02058@example.com,9557722844,Jaipur,Rajasthan,Individual,2026-08-01
CUST02059,Vijay Iyer,customer02059@example.com,9543703956,Vijayawada,Andhra Pradesh,Individual,2024-12-18
CUST02060,Harini Joshi,customer02060@example.com,9972539515,Delhi,Delhi,Individual,2025-08-27
CUST02061,Harini Reddy,customer02061@example.com,9675062756,Pune,Maharashtra,Individual,2026-07-21
CUST02062,Harini Sinha,customer02062@example.com,9828441135,Hyderabad,Telangana,Individual,2025-10-31
CUST02063,Priya Reddy,customer02063@example.com,9597255485,Jaipur,Rajasthan,Individual,2025-05-20
CUST02064,Rohit Patel,customer02064@example.com,9808377145,Ahmedabad,Gujarat,Individual,2025-12-06
CUST02065,Arun Kumar,customer02065@example.com,9659756049,Trichy,Tamil Nadu,Business,2024-03-13
CUST02066,Dinesh Iyer,customer02066@example.com,9593044922,Salem,Tamil Nadu,Individual,2024-11-01
CUST02067,Ajay Naidu,customer02067@example.com,9632818906,Bengaluru,Karnataka,Business,2025-06-22
CUST02068,Kavya Bose,customer02068@example.com,9306168292,Madurai,Tamil Nadu,Individual,2026-02-27
CUST02069,Dinesh Patel,customer02069@example.com,9388106302,Trichy,Tamil Nadu,Business,2025-11-11
CUST02070,Kavya Iyer,customer02070@example.com,9496208929,Madurai,Tamil Nadu,Individual,2025-06-10
CUST02071,Priya Nair,customer02071@example.com,9413654204,Chennai,Tamil Nadu,Individual,2024-01-24
CUST02072,Ajay Pillai,customer02072@example.com,9899937381,Trichy,Tamil Nadu,Individual,2023-05-15
CUST02073,Rahul Kapoor,customer02073@example.com,9392533428,Hyderabad,Telangana,Individual,2024-06-15
CUST02074,Vijay Das,customer02074@example.com,9522786072,Coimbatore,Tamil Nadu,Individual,2023-08-08
CUST02075,Arun Das,customer02075@example.com,9859357373,Delhi,Delhi,Individual,2023-11-29
CUST02076,Swetha Kapoor,customer02076@example.com,9539806173,Pune,Maharashtra,Individual,2026-02-27
CUST02077,Pooja Sinha,customer02077@example.com,9297673949,Pune,Maharashtra,Individual,2025-11-21
CUST02078,Harini Verma,customer02078@example.com,9619226281,Delhi,Delhi,Business,2026-08-14
CUST02079,Ajay Joshi,customer02079@example.com,9960887550,Vijayawada,Andhra Pradesh,Individual,2023-12-23
CUST02080,Meena Nair,customer02080@example.com,9117726000,Kolkata,West Bengal,Individual,2024-02-05
CUST02081,Nithya Bose,customer02081@example.com,9415808589,Chennai,Tamil Nadu,Individual,2025-06-14
CUST02082,Vivek Verma,customer02082@example.com,9190300855,Madurai,Tamil Nadu,Individual,2025-09-16
CUST02083,Rohit Das,customer02083@example.com,9558071214,Hyderabad,Telangana,Individual,2024-12-09
CUST02084,Swetha Sinha,customer02084@example.com,9502065718,Mumbai,Maharashtra,Individual,2025-11-23
CUST02085,Ajay Sinha,customer02085@example.com,9177319441,Trichy,Tamil Nadu,Business,2023-09-05
CUST02086,Vivek Singh,customer02086@example.com,9915362082,Chennai,Tamil Nadu,Business,2025-08-03
CUST02087,Manoj Iyer,customer02087@example.com,9381596624,Jaipur,Rajasthan,Individual,2023-02-11
CUST02088,Pooja Rao,customer02088@example.com,9381677471,Salem,Tamil Nadu,Individual,2025-03-11
CUST02089,Meena Sinha,customer02089@example.com,9432798967,Trichy,Tamil Nadu,Individual,2023-05-03
CUST02090,Manoj Sinha,customer02090@example.com,9899178135,Hyderabad,Telangana,Individual,2023-01-27
CUST02091,Karthik Singh,customer02091@example.com,9798483206,Bengaluru,Karnataka,Individual,2024-07-24
CUST02092,Vijay Bose,customer02092@example.com,9916070924,Bengaluru,Karnataka,Individual,2026-03-16
CUST02093,Rahul Sinha,customer02093@example.com,9692917117,Ahmedabad,Gujarat,Individual,2024-05-10
CUST02094,Nithya Pillai,customer02094@example.com,9655334106,Chennai,Tamil Nadu,Individual,2024-04-30
CUST02095,Manoj Kumar,customer02095@example.com,9897163375,Coimbatore,Tamil Nadu,Individual,2025-06-17
CUST02096,Manoj Gupta,customer02096@example.com,9193050180,Hyderabad,Telangana,Business,2024-12-11
CUST02097,Manoj Mishra,customer02097@example.com,9281343587,Hyderabad,Telangana,Individual,2026-02-25
CUST02098,Harini Naidu,customer02098@example.com,9176910681,Delhi,Delhi,Individual,2024-01-11
CUST02099,Karthik Joshi,customer02099@example.com,9813266217,Jaipur,Rajasthan,Individual,2024-10-26
CUST02100,Swetha Mishra,customer02100@example.com,9977831532,Coimbatore,Tamil Nadu,Individual,2025-02-21
CUST02101,Arun Nair,customer02101@example.com,9501286814,Jaipur,Rajasthan,Individual,2025-04-30
CUST02102,Divya Sinha,customer02102@example.com,9703008201,Vijayawada,Andhra Pradesh,Individual,2026-01-11
CUST02103,Rohit Kumar,customer02103@example.com,9812494873,Madurai,Tamil Nadu,Individual,2024-11-04
CUST02104,Manoj Naidu,customer02104@example.com,9490147029,Madurai,Tamil Nadu,Individual,2026-01-31
CUST02105,Sneha Patel,customer02105@example.com,9219037771,Mumbai,Maharashtra,Business,2023-12-28
CUST02106,Vijay Sharma,customer02106@example.com,9653781535,Ahmedabad,Gujarat,Individual,2024-11-14
CUST02107,Harini Singh,customer02107@example.com,9906981210,Pune,Maharashtra,Individual,2026-07-03
CUST02108,Meena Menon,customer02108@example.com,9148478844,Bengaluru,Karnataka,Business,2023-09-04
CUST02109,Suresh Bose,customer02109@example.com,9570417908,Salem,Tamil Nadu,Business,2026-04-30
CUST02110,Manoj Bose,customer02110@example.com,9105891709,Madurai,Tamil Nadu,Individual,2024-06-18
CUST02111,Karthik Bose,customer02111@example.com,9849955123,Coimbatore,Tamil Nadu,Individual,2023-11-10
CUST02112,Rahul Bose,customer02112@example.com,9615645331,Hyderabad,Telangana,Individual,2026-07-23
CUST02113,Divya Verma,customer02113@example.com,9427524454,Salem,Tamil Nadu,Individual,2026-10-28
CUST02114,Rahul Mehta,customer02114@example.com,9844701288,Kochi,Kerala,Individual,2024-03-19
CUST02115,Swetha Gupta,customer02115@example.com,9461108903,Jaipur,Rajasthan,Individual,2025-05-18
CUST02116,Ananya Bose,customer02116@example.com,9522562490,Madurai,Tamil Nadu,Individual,2026-05-03
CUST02117,Manoj Rao,customer02117@example.com,9196406732,Hyderabad,Telangana,Individual,2026-07-05
CUST02118,Sneha Kapoor,customer02118@example.com,9432057613,Madurai,Tamil Nadu,Individual,2024-08-04
CUST02119,Priya Rao,customer02119@example.com,9311122091,Bengaluru,Karnataka,Individual,2025-05-20
CUST02120,Sneha Patel,customer02120@example.com,9684701543,Kochi,Kerala,Individual,2026-10-15
CUST02121,Harini Reddy,customer02121@example.com,9771619541,Trichy,Tamil Nadu,Individual,2024-07-01
CUST02122,Karthik Kumar,customer02122@example.com,9889775663,Madurai,Tamil Nadu,Individual,2026-02-05
CUST02123,Arun Iyer,customer02123@example.com,9665091932,Vijayawada,Andhra Pradesh,Individual,2025-11-13
CUST02124,Sneha Joshi,customer02124@example.com,9184748714,Coimbatore,Tamil Nadu,Individual,2024-04-09
CUST02125,Priya Pillai,customer02125@example.com,9311707535,Madurai,Tamil Nadu,Individual,2025-11-11
CUST02126,Vivek Joshi,customer02126@example.com,9604887405,Pune,Maharashtra,Individual,2024-05-16
CUST02127,Nithya Nair,customer02127@example.com,9934752162,Salem,Tamil Nadu,Business,2025-04-30
CUST02128,Nithya Menon,customer02128@example.com,9505296692,Salem,Tamil Nadu,Business,2024-12-16
CUST02129,Manoj Mishra,customer02129@example.com,9453157025,Bengaluru,Karnataka,Individual,2025-06-10
CUST02130,Divya Singh,customer02130@example.com,9507652866,Coimbatore,Tamil Nadu,Business,2024-05-15
CUST02131,Pooja Joshi,customer02131@example.com,9513814851,Kochi,Kerala,Individual,2025-01-04
CUST02132,Harini Sinha,customer02132@example.com,9440348149,Vijayawada,Andhra Pradesh,Individual,2024-08-15
CUST02133,Nithya Sinha,customer02133@example.com,9866495108,Delhi,Delhi,Business,2024-02-11
CUST02134,Vijay Rao,customer02134@example.com,9477755273,Coimbatore,Tamil Nadu,Individual,2026-09-15
CUST02135,Rahul Das,customer02135@example.com,9976241203,Salem,Tamil Nadu,Individual,2024-12-03
CUST02136,Harini Menon,customer02136@example.com,9980340892,Pune,Maharashtra,Individual,2023-10-13
CUST02137,Dinesh Patel,customer02137@example.com,9147265119,Trichy,Tamil Nadu,Individual,2023-05-27
CUST02138,Suresh Gupta,customer02138@example.com,9573011998,Bengaluru,Karnataka,Individual,2025-03-04
CUST02139,Manoj Bose,customer02139@example.com,9803579201,Delhi,Delhi,Individual,2024-01-19
CUST02140,Karthik Singh,customer02140@example.com,9295269067,Pune,Maharashtra,Individual,2023-01-11
CUST02141,Dinesh Verma,customer02141@example.com,9777861700,Kochi,Kerala,Individual,2023-10-03
CUST02142,Vivek Gupta,customer02142@example.com,9517288100,Jaipur,Rajasthan,Individual,2025-06-04
CUST02143,Vijay Iyer,customer02143@example.com,9689333146,Kochi,Kerala,Business,2025-08-21
CUST02144,Vivek Sinha,customer02144@example.com,9356661078,Pune,Maharashtra,Business,2023-10-30
CUST02145,Suresh Verma,customer02145@example.com,9482751776,Jaipur,Rajasthan,Individual,2023-07-23
CUST02146,Priya Kapoor,customer02146@example.com,9942739779,Chennai,Tamil Nadu,Individual,2023-12-11
CUST02147,Vivek Kapoor,customer02147@example.com,9736160186,Bengaluru,Karnataka,Business,2025-04-05
CUST02148,Ananya Sinha,customer02148@example.com,9306674111,Coimbatore,Tamil Nadu,Individual,2026-07-13
CUST02149,Sneha Naidu,customer02149@example.com,9284992980,Jaipur,Rajasthan,Individual,2023-01-22
CUST02150,Suresh Sharma,customer02150@example.com,9971941719,Ahmedabad,Gujarat,Individual,2025-04-18
CUST02151,Divya Gupta,customer02151@example.com,9299784875,Jaipur,Rajasthan,Business,2024-06-19
CUST02152,Vijay Sinha,customer02152@example.com,9648717918,Hyderabad,Telangana,Individual,2026-01-24
CUST02153,Swetha Mishra,customer02153@example.com,9839400811,Trichy,Tamil Nadu,Individual,2025-09-07
CUST02154,Meena Patel,customer02154@example.com,9529632751,Hyderabad,Telangana,Individual,2023-09-20
CUST02155,Rohit Patel,customer02155@example.com,9609712599,Coimbatore,Tamil Nadu,Individual,2024-08-06
CUST02156,Suresh Verma,customer02156@example.com,9133243312,Coimbatore,Tamil Nadu,Individual,2025-10-09
CUST02157,Kavya Patel,customer02157@example.com,9932419380,Bengaluru,Karnataka,Individual,2024-01-18
CUST02158,Karthik Mishra,customer02158@example.com,9107726409,Coimbatore,Tamil Nadu,Individual,2025-07-05
CUST02159,Suresh Nair,customer02159@example.com,9507964528,Salem,Tamil Nadu,Individual,2024-01-27
CUST02160,Meena Gupta,customer02160@example.com,9869647217,Jaipur,Rajasthan,Individual,2025-06-07
CUST02161,Vivek Naidu,customer02161@example.com,9403930817,Jaipur,Rajasthan,Business,2024-06-23
CUST02162,Pooja Kapoor,customer02162@example.com,9629328734,Chennai,Tamil Nadu,Business,2026-01-20
CUST02163,Kavya Sinha,customer02163@example.com,9689077950,Delhi,Delhi,Individual,2024-07-19
CUST02164,Ajay Iyer,customer02164@example.com,9627724056,Coimbatore,Tamil Nadu,Individual,2026-03-28
CUST02165,Ananya Mishra,customer02165@example.com,9626536323,Hyderabad,Telangana,Individual,2025-06-02
CUST02166,Divya Rao,customer02166@example.com,9493154738,Coimbatore,Tamil Nadu,Individual,2023-08-16
CUST02167,Dinesh Patel,customer02167@example.com,9779174538,Kochi,Kerala,Individual,2024-04-17
CUST02168,Vijay Sinha,customer02168@example.com,9877741456,Chennai,Tamil Nadu,Individual,2024-01-07
CUST02169,Arun Das,customer02169@example.com,9575042667,Salem,Tamil Nadu,Individual,2026-10-31
CUST02170,Dinesh Mehta,customer02170@example.com,9749982913,Salem,Tamil Nadu,Individual,2023-02-06
CUST02171,Manoj Gupta,customer02171@example.com,9948437445,Madurai,Tamil Nadu,Business,2024-11-21
CUST02172,Priya Reddy,customer02172@example.com,9221652168,Jaipur,Rajasthan,Individual,2025-04-23
CUST02173,Nithya Patel,customer02173@example.com,9817352772,Salem,Tamil Nadu,Individual,2025-11-26
CUST02174,Kavya Singh,customer02174@example.com,9938716499,Jaipur,Rajasthan,Individual,2023-04-11
CUST02175,Kavya Joshi,customer02175@example.com,9346971476,Madurai,Tamil Nadu,Business,2026-04-28
CUST02176,Priya Sharma,customer02176@example.com,9207547080,Pune,Maharashtra,Business,2024-10-19
CUST02177,Vivek Mehta,customer02177@example.com,9802471643,Trichy,Tamil Nadu,Individual,2023-03-31
CUST02178,Karthik Mishra,customer02178@example.com,9709150204,Mumbai,Maharashtra,Individual,2025-10-26
CUST02179,Kavya Mehta,customer02179@example.com,9750090358,Vijayawada,Andhra Pradesh,Individual,2025-06-23
CUST02180,Nithya Reddy,customer02180@example.com,9116085063,Salem,Tamil Nadu,Individual,2026-03-08
CUST02181,Dinesh Reddy,customer02181@example.com,9543642078,Delhi,Delhi,Individual,2023-04-05
CUST02182,Swetha Iyer,customer02182@example.com,9238115347,Kochi,Kerala,Individual,2024-09-23
CUST02183,Sneha Sharma,customer02183@example.com,9412925978,Kolkata,West Bengal,Individual,2023-05-03
CUST02184,Divya Pillai,customer02184@example.com,9560234503,Pune,Maharashtra,Individual,2026-08-01
CUST02185,Vivek Gupta,customer02185@example.com,9750757365,Salem,Tamil Nadu,Individual,2024-01-01
CUST02186,Arun Sinha,customer02186@example.com,9708716116,Jaipur,Rajasthan,Individual,2024-11-21
CUST02187,Kavya Verma,customer02187@example.com,9869219132,Trichy,Tamil Nadu,Individual,2023-11-21
CUST02188,Suresh Das,customer02188@example.com,9483419291,Madurai,Tamil Nadu,Business,2024-02-11
CUST02189,Karthik Sharma,customer02189@example.com,9210320069,Hyderabad,Telangana,Individual,2025-09-22
CUST02190,Suresh Menon,customer02190@example.com,9852582596,Vijayawada,Andhra Pradesh,Business,2024-06-02
CUST02191,Rahul Kapoor,customer02191@example.com,9794873032,Kolkata,West Bengal,Individual,2025-06-14
CUST02192,Meena Sinha,customer02192@example.com,9206178566,Trichy,Tamil Nadu,Business,2023-03-18
CUST02193,Nithya Sinha,customer02193@example.com,9182030779,Trichy,Tamil Nadu,Business,2023-08-22
CUST02194,Divya Menon,customer02194@example.com,9945211651,Salem,Tamil Nadu,Individual,2025-04-09
CUST02195,Ajay Das,customer02195@example.com,9246439910,Pune,Maharashtra,Business,2024-08-08
CUST02196,Ananya Singh,customer02196@example.com,9531388292,Ahmedabad,Gujarat,Individual,2024-04-28
CUST02197,Vijay Kumar,customer02197@example.com,9893725834,Kolkata,West Bengal,Individual,2023-09-28
CUST02198,Manoj Sharma,customer02198@example.com,9768255356,Vijayawada,Andhra Pradesh,Individual,2025-07-27
CUST02199,Divya Nair,customer02199@example.com,9476835086,Bengaluru,Karnataka,Individual,2024-04-13
CUST02200,Vivek Iyer,customer02200@example.com,9992076001,Mumbai,Maharashtra,Individual,2024-09-23
CUST02201,Priya Nair,customer02201@example.com,9262281996,Bengaluru,Karnataka,Individual,2024-06-30
CUST02202,Divya Nair,customer02202@example.com,9769532789,Ahmedabad,Gujarat,Individual,2024-12-19
CUST02203,Karthik Mishra,customer02203@example.com,9233726982,Jaipur,Rajasthan,Individual,2025-10-04
CUST02204,Swetha Reddy,customer02204@example.com,9119947879,Jaipur,Rajasthan,Individual,2023-09-27
CUST02205,Ananya Menon,customer02205@example.com,9631152823,Kochi,Kerala,Individual,2024-08-27
CUST02206,Swetha Verma,customer02206@example.com,9346209766,Kolkata,West Bengal,Individual,2025-08-22
CUST02207,Pooja Nair,customer02207@example.com,9312019121,Bengaluru,Karnataka,Business,2024-01-13
CUST02208,Sneha Iyer,customer02208@example.com,9909983005,Jaipur,Rajasthan,Individual,2023-06-26
CUST02209,Rahul Verma,customer02209@example.com,9403529493,Ahmedabad,Gujarat,Individual,2023-10-01
CUST02210,Vivek Menon,customer02210@example.com,9387527832,Salem,Tamil Nadu,Business,2024-09-28
CUST02211,Harini Naidu,customer02211@example.com,9275975579,Chennai,Tamil Nadu,Individual,2023-01-27
CUST02212,Pooja Gupta,customer02212@example.com,9762740597,Madurai,Tamil Nadu,Individual,2024-07-29
CUST02213,Divya Patel,customer02213@example.com,9711339091,Chennai,Tamil Nadu,Individual,2023-03-01
CUST02214,Karthik Nair,customer02214@example.com,9443737254,Coimbatore,Tamil Nadu,Individual,2024-12-31
CUST02215,Nithya Sharma,customer02215@example.com,9873031874,Vijayawada,Andhra Pradesh,Business,2026-05-25
CUST02216,Meena Naidu,customer02216@example.com,9201702030,Bengaluru,Karnataka,Individual,2024-10-22
CUST02217,Rohit Bose,customer02217@example.com,9464942681,Kochi,Kerala,Individual,2023-09-27
CUST02218,Dinesh Sinha,customer02218@example.com,9223204802,Coimbatore,Tamil Nadu,Individual,2026-02-13
CUST02219,Rohit Bose,customer02219@example.com,9557463975,Jaipur,Rajasthan,Individual,2023-09-02
CUST02220,Ajay Menon,customer02220@example.com,9864371320,Hyderabad,Telangana,Business,2024-10-21
CUST02221,Harini Mishra,customer02221@example.com,9646958824,Delhi,Delhi,Business,2023-03-26
CUST02222,Kavya Naidu,customer02222@example.com,9867731438,Hyderabad,Telangana,Business,2025-06-25
CUST02223,Karthik Pillai,customer02223@example.com,9763043433,Ahmedabad,Gujarat,Individual,2024-06-19
CUST02224,Pooja Das,customer02224@example.com,9614590177,Kolkata,West Bengal,Individual,2023-03-30
CUST02225,Meena Singh,customer02225@example.com,9211023347,Trichy,Tamil Nadu,Individual,2024-07-02
CUST02226,Dinesh Naidu,customer02226@example.com,9954507076,Madurai,Tamil Nadu,Individual,2025-05-03
CUST02227,Vivek Mishra,customer02227@example.com,9278563678,Bengaluru,Karnataka,Individual,2025-06-13
CUST02228,Arun Bose,customer02228@example.com,9595172172,Vijayawada,Andhra Pradesh,Individual,2024-05-21
CUST02229,Meena Naidu,customer02229@example.com,9862969600,Kochi,Kerala,Business,2024-02-12
CUST02230,Rahul Iyer,customer02230@example.com,9439889557,Kochi,Kerala,Individual,2026-07-18
CUST02231,Rohit Sinha,customer02231@example.com,9405552957,Vijayawada,Andhra Pradesh,Individual,2024-06-07
CUST02232,Suresh Bose,customer02232@example.com,9683787726,Ahmedabad,Gujarat,Individual,2024-08-29
CUST02233,Priya Verma,customer02233@example.com,9519237649,Pune,Maharashtra,Individual,2025-09-29
CUST02234,Sneha Gupta,customer02234@example.com,9633358639,Jaipur,Rajasthan,Individual,2024-03-23
CUST02235,Divya Verma,customer02235@example.com,9157736192,Delhi,Delhi,Individual,2024-06-26
CUST02236,Priya Rao,customer02236@example.com,9633823210,Mumbai,Maharashtra,Individual,2025-08-06
CUST02237,Vivek Sharma,customer02237@example.com,9981928072,Mumbai,Maharashtra,Individual,2023-12-16
CUST02238,Arun Menon,customer02238@example.com,9412168191,Mumbai,Maharashtra,Individual,2025-05-01
CUST02239,Priya Verma,customer02239@example.com,9161177238,Bengaluru,Karnataka,Individual,2023-11-24
CUST02240,Divya Iyer,customer02240@example.com,9472419690,Mumbai,Maharashtra,Individual,2026-08-02
CUST02241,Arun Pillai,customer02241@example.com,9787001772,Salem,Tamil Nadu,Individual,2025-11-24
CUST02242,Sneha Verma,customer02242@example.com,9849668857,Chennai,Tamil Nadu,Individual,2024-09-14
CUST02243,Divya Joshi,customer02243@example.com,9811212161,Kochi,Kerala,Business,2024-05-02
CUST02244,Dinesh Kumar,customer02244@example.com,9404146829,Delhi,Delhi,Individual,2024-05-01
CUST02245,Suresh Kapoor,customer02245@example.com,9439284261,Chennai,Tamil Nadu,Individual,2023-05-25
CUST02246,Arun Das,customer02246@example.com,9745186087,Trichy,Tamil Nadu,Business,2025-01-25
CUST02247,Vijay Mehta,customer02247@example.com,9982333118,Delhi,Delhi,Individual,2023-05-26
CUST02248,Divya Menon,customer02248@example.com,9430378065,Chennai,Tamil Nadu,Individual,2025-10-17
CUST02249,Priya Rao,customer02249@example.com,9854820111,Delhi,Delhi,Individual,2025-04-07
CUST02250,Rahul Sinha,customer02250@example.com,9550614910,Trichy,Tamil Nadu,Individual,2024-09-18
CUST02251,Karthik Pillai,customer02251@example.com,9342934644,Coimbatore,Tamil Nadu,Business,2026-07-19
CUST02252,Harini Sinha,customer02252@example.com,9299756779,Salem,Tamil Nadu,Individual,2024-06-17
CUST02253,Rahul Mishra,customer02253@example.com,9913864138,Bengaluru,Karnataka,Individual,2024-09-21
CUST02254,Priya Mishra,customer02254@example.com,9143544709,Bengaluru,Karnataka,Individual,2025-05-30
CUST02255,Suresh Bose,customer02255@example.com,9359617538,Ahmedabad,Gujarat,Individual,2026-01-23
CUST02256,Divya Nair,customer02256@example.com,9820154125,Vijayawada,Andhra Pradesh,Individual,2024-02-19
CUST02257,Suresh Patel,customer02257@example.com,9212772161,Jaipur,Rajasthan,Individual,2023-09-14
CUST02258,Manoj Mishra,customer02258@example.com,9379917023,Kochi,Kerala,Individual,2026-07-09
CUST02259,Sneha Das,customer02259@example.com,9644338782,Mumbai,Maharashtra,Individual,2023-03-28
CUST02260,Vijay Das,customer02260@example.com,9949936842,Salem,Tamil Nadu,Business,2025-06-23
CUST02261,Priya Pillai,customer02261@example.com,9941334101,Hyderabad,Telangana,Individual,2024-07-23
CUST02262,Kavya Mehta,customer02262@example.com,9354557890,Mumbai,Maharashtra,Individual,2025-01-11
CUST02263,Arun Pillai,customer02263@example.com,9111145841,Jaipur,Rajasthan,Individual,2023-04-18
CUST02264,Nithya Kapoor,customer02264@example.com,9110301598,Kochi,Kerala,Business,2025-11-08
CUST02265,Pooja Rao,customer02265@example.com,9992082336,Kolkata,West Bengal,Individual,2026-10-20
CUST02266,Arun Mehta,customer02266@example.com,9480876029,Jaipur,Rajasthan,Business,2023-06-09
CUST02267,Ajay Iyer,customer02267@example.com,9229542103,Salem,Tamil Nadu,Individual,2023-04-10
CUST02268,Meena Reddy,customer02268@example.com,9130115712,Chennai,Tamil Nadu,Business,2023-09-22
CUST02269,Dinesh Joshi,customer02269@example.com,9993727659,Delhi,Delhi,Individual,2025-01-19
CUST02270,Arun Kapoor,customer02270@example.com,9288521998,Vijayawada,Andhra Pradesh,Individual,2025-12-08
CUST02271,Vivek Mishra,customer02271@example.com,9644807066,Vijayawada,Andhra Pradesh,Individual,2024-11-07
CUST02272,Divya Menon,customer02272@example.com,9309689061,Hyderabad,Telangana,Business,2025-03-09
CUST02273,Rohit Mehta,customer02273@example.com,9287019695,Salem,Tamil Nadu,Individual,2025-12-18
CUST02274,Rohit Patel,customer02274@example.com,9282424602,Trichy,Tamil Nadu,Business,2023-07-02
CUST02275,Suresh Verma,customer02275@example.com,9255831307,Kolkata,West Bengal,Business,2024-10-20
CUST02276,Meena Mehta,customer02276@example.com,9534186306,Trichy,Tamil Nadu,Individual,2026-08-17
CUST02277,Manoj Gupta,customer02277@example.com,9110488349,Bengaluru,Karnataka,Individual,2024-08-30
CUST02278,Ananya Nair,customer02278@example.com,9345753951,Ahmedabad,Gujarat,Individual,2026-10-09
CUST02279,Nithya Nair,customer02279@example.com,9996962774,Bengaluru,Karnataka,Business,2026-05-21
CUST02280,Divya Kumar,customer02280@example.com,9988375489,Jaipur,Rajasthan,Individual,2026-04-27
CUST02281,Ananya Verma,customer02281@example.com,9945207174,Mumbai,Maharashtra,Business,2024-10-04
CUST02282,Rahul Joshi,customer02282@example.com,9630461985,Chennai,Tamil Nadu,Individual,2023-12-13
CUST02283,Harini Reddy,customer02283@example.com,9712376095,Hyderabad,Telangana,Individual,2025-03-22
CUST02284,Suresh Singh,customer02284@example.com,9562639988,Jaipur,Rajasthan,Individual,2025-03-11
CUST02285,Harini Bose,customer02285@example.com,9993708326,Madurai,Tamil Nadu,Individual,2026-03-06
CUST02286,Karthik Gupta,customer02286@example.com,9505469023,Kolkata,West Bengal,Business,2025-11-19
CUST02287,Arun Nair,customer02287@example.com,9281633962,Vijayawada,Andhra Pradesh,Individual,2023-05-26
CUST02288,Kavya Nair,customer02288@example.com,9973165738,Kolkata,West Bengal,Individual,2024-05-17
CUST02289,Karthik Menon,customer02289@example.com,9203649485,Jaipur,Rajasthan,Individual,2025-03-09
CUST02290,Pooja Das,customer02290@example.com,9574215341,Jaipur,Rajasthan,Individual,2025-08-25
CUST02291,Rohit Rao,customer02291@example.com,9510324895,Salem,Tamil Nadu,Individual,2026-04-29
CUST02292,Priya Joshi,customer02292@example.com,9727169763,Mumbai,Maharashtra,Individual,2024-04-15
CUST02293,Ajay Singh,customer02293@example.com,9867861506,Bengaluru,Karnataka,Business,2024-11-20
CUST02294,Kavya Mehta,customer02294@example.com,9351085048,Vijayawada,Andhra Pradesh,Individual,2026-09-30
CUST02295,Priya Joshi,customer02295@example.com,9786940532,Ahmedabad,Gujarat,Individual,2023-01-01
CUST02296,Swetha Pillai,customer02296@example.com,9564656190,Mumbai,Maharashtra,Individual,2023-04-20
CUST02297,Divya Pillai,customer02297@example.com,9219245678,Delhi,Delhi,Individual,2025-06-12
CUST02298,Arun Kapoor,customer02298@example.com,9705232935,Salem,Tamil Nadu,Individual,2025-12-23
CUST02299,Meena Verma,customer02299@example.com,9442806289,Salem,Tamil Nadu,Individual,2025-01-25
CUST02300,Vijay Rao,customer02300@example.com,9199570498,Hyderabad,Telangana,Individual,2023-02-22
CUST02301,Divya Bose,customer02301@example.com,9745815142,Chennai,Tamil Nadu,Individual,2023-09-19
CUST02302,Nithya Joshi,customer02302@example.com,9740574141,Ahmedabad,Gujarat,Individual,2026-08-18
CUST02303,Ajay Iyer,customer02303@example.com,9130042249,Kochi,Kerala,Individual,2025-06-04
CUST02304,Pooja Gupta,customer02304@example.com,9141843501,Coimbatore,Tamil Nadu,Business,2023-08-22
CUST02305,Vijay Joshi,customer02305@example.com,9142408758,Kochi,Kerala,Individual,2023-03-14
CUST02306,Suresh Naidu,customer02306@example.com,9759661741,Jaipur,Rajasthan,Individual,2026-10-12
CUST02307,Rahul Pillai,customer02307@example.com,9361222218,Pune,Maharashtra,Individual,2025-08-08
CUST02308,Karthik Nair,customer02308@example.com,9763034299,Vijayawada,Andhra Pradesh,Individual,2024-04-28
CUST02309,Sneha Patel,customer02309@example.com,9903494240,Pune,Maharashtra,Business,2025-10-26
CUST02310,Ajay Nair,customer02310@example.com,9632063001,Salem,Tamil Nadu,Individual,2025-05-26
CUST02311,Vijay Sinha,customer02311@example.com,9174414490,Mumbai,Maharashtra,Individual,2025-05-08
CUST02312,Divya Mehta,customer02312@example.com,9376775589,Delhi,Delhi,Individual,2023-05-17
CUST02313,Harini Kumar,customer02313@example.com,9421738517,Hyderabad,Telangana,Individual,2025-02-17
CUST02314,Nithya Mehta,customer02314@example.com,9968877849,Madurai,Tamil Nadu,Individual,2024-09-19
CUST02315,Meena Verma,customer02315@example.com,9284656324,Pune,Maharashtra,Business,2024-07-08
CUST02316,Pooja Mishra,customer02316@example.com,9994757282,Hyderabad,Telangana,Individual,2025-01-12
CUST02317,Pooja Das,customer02317@example.com,9438016705,Salem,Tamil Nadu,Individual,2024-07-23
CUST02318,Meena Mehta,customer02318@example.com,9638508258,Chennai,Tamil Nadu,Individual,2026-05-14
CUST02319,Swetha Kapoor,customer02319@example.com,9730525512,Trichy,Tamil Nadu,Individual,2024-02-14
CUST02320,Pooja Mehta,customer02320@example.com,9914306418,Kochi,Kerala,Individual,2025-11-25
CUST02321,Pooja Naidu,customer02321@example.com,9875508018,Delhi,Delhi,Individual,2023-08-18
CUST02322,Divya Reddy,customer02322@example.com,9236533360,Vijayawada,Andhra Pradesh,Individual,2026-06-04
CUST02323,Sneha Rao,customer02323@example.com,9865976465,Bengaluru,Karnataka,Individual,2023-09-19
CUST02324,Ananya Verma,customer02324@example.com,9848318378,Jaipur,Rajasthan,Business,2026-02-28
CUST02325,Kavya Mehta,customer02325@example.com,9449585163,Hyderabad,Telangana,Individual,2025-06-10
CUST02326,Vivek Rao,customer02326@example.com,9750245634,Chennai,Tamil Nadu,Business,2024-03-23
CUST02327,Karthik Menon,customer02327@example.com,9364246135,Madurai,Tamil Nadu,Individual,2023-07-05
CUST02328,Pooja Verma,customer02328@example.com,9587234533,Coimbatore,Tamil Nadu,Individual,2026-04-24
CUST02329,Karthik Sinha,customer02329@example.com,9688228486,Kochi,Kerala,Business,2026-07-21
CUST02330,Vivek Reddy,customer02330@example.com,9413719776,Bengaluru,Karnataka,Individual,2023-12-18
CUST02331,Kavya Gupta,customer02331@example.com,9393199660,Vijayawada,Andhra Pradesh,Business,2026-03-20
CUST02332,Harini Patel,customer02332@example.com,9809005182,Kochi,Kerala,Individual,2024-01-19
CUST02333,Priya Reddy,customer02333@example.com,9821200981,Salem,Tamil Nadu,Individual,2025-11-25
CUST02334,Vijay Sinha,customer02334@example.com,9740361074,Coimbatore,Tamil Nadu,Individual,2023-11-22
CUST02335,Pooja Das,customer02335@example.com,9992577202,Kochi,Kerala,Business,2024-04-09
CUST02336,Harini Gupta,customer02336@example.com,9762766818,Ahmedabad,Gujarat,Business,2024-04-10
CUST02337,Meena Verma,customer02337@example.com,9832172950,Madurai,Tamil Nadu,Individual,2026-01-23
CUST02338,Sneha Kapoor,customer02338@example.com,9638284299,Chennai,Tamil Nadu,Individual,2026-03-03
CUST02339,Vijay Rao,customer02339@example.com,9913278807,Jaipur,Rajasthan,Individual,2023-06-11
CUST02340,Pooja Mishra,customer02340@example.com,9795568189,Pune,Maharashtra,Business,2024-07-09
CUST02341,Divya Kapoor,customer02341@example.com,9305603569,Coimbatore,Tamil Nadu,Individual,2023-10-27
CUST02342,Dinesh Mishra,customer02342@example.com,9921394791,Vijayawada,Andhra Pradesh,Individual,2023-12-22
CUST02343,Karthik Iyer,customer02343@example.com,9202913352,Salem,Tamil Nadu,Individual,2026-06-17
CUST02344,Swetha Sharma,customer02344@example.com,9834922572,Ahmedabad,Gujarat,Individual,2024-07-17
CUST02345,Suresh Das,customer02345@example.com,9161076519,Bengaluru,Karnataka,Individual,2025-03-03
CUST02346,Arun Verma,customer02346@example.com,9239051189,Mumbai,Maharashtra,Business,2025-10-19
CUST02347,Priya Sinha,customer02347@example.com,9447522537,Kolkata,West Bengal,Individual,2024-08-08
CUST02348,Karthik Mehta,customer02348@example.com,9470392272,Hyderabad,Telangana,Business,2025-01-19
CUST02349,Nithya Nair,customer02349@example.com,9639403142,Jaipur,Rajasthan,Individual,2026-04-05
CUST02350,Rahul Reddy,customer02350@example.com,9330968592,Kochi,Kerala,Individual,2023-05-20
CUST02351,Harini Sharma,customer02351@example.com,9322139510,Pune,Maharashtra,Individual,2026-03-08
CUST02352,Manoj Verma,customer02352@example.com,9515067517,Coimbatore,Tamil Nadu,Individual,2023-08-23
CUST02353,Kavya Mehta,customer02353@example.com,9965496599,Kochi,Kerala,Business,2025-10-23
CUST02354,Meena Patel,customer02354@example.com,9419248641,Trichy,Tamil Nadu,Individual,2023-09-13
CUST02355,Harini Sinha,customer02355@example.com,9347199202,Hyderabad,Telangana,Individual,2024-01-06
CUST02356,Ajay Verma,customer02356@example.com,9267135740,Mumbai,Maharashtra,Individual,2023-10-05
CUST02357,Manoj Singh,customer02357@example.com,9331336027,Ahmedabad,Gujarat,Individual,2024-05-30
CUST02358,Meena Gupta,customer02358@example.com,9647346386,Vijayawada,Andhra Pradesh,Business,2025-06-22
CUST02359,Sneha Reddy,customer02359@example.com,9399242656,Madurai,Tamil Nadu,Individual,2026-05-20
CUST02360,Rohit Pillai,customer02360@example.com,9384266644,Ahmedabad,Gujarat,Individual,2026-05-24
CUST02361,Priya Singh,customer02361@example.com,9918284660,Ahmedabad,Gujarat,Individual,2023-09-27
CUST02362,Vijay Mehta,customer02362@example.com,9581679817,Kolkata,West Bengal,Individual,2024-04-20
CUST02363,Divya Das,customer02363@example.com,9110971700,Chennai,Tamil Nadu,Individual,2025-07-16
CUST02364,Kavya Das,customer02364@example.com,9311532589,Ahmedabad,Gujarat,Individual,2023-03-05
CUST02365,Dinesh Patel,customer02365@example.com,9198907912,Kochi,Kerala,Individual,2024-04-04
CUST02366,Swetha Naidu,customer02366@example.com,9676341989,Mumbai,Maharashtra,Individual,2025-11-05
CUST02367,Dinesh Pillai,customer02367@example.com,9196786226,Mumbai,Maharashtra,Business,2024-07-17
CUST02368,Sneha Bose,customer02368@example.com,9688666868,Madurai,Tamil Nadu,Individual,2025-11-08
CUST02369,Divya Bose,customer02369@example.com,9420743657,Delhi,Delhi,Individual,2026-09-10
CUST02370,Swetha Kapoor,customer02370@example.com,9525506166,Madurai,Tamil Nadu,Business,2025-06-26
CUST02371,Pooja Gupta,customer02371@example.com,9600275025,Kochi,Kerala,Business,2023-04-03
CUST02372,Karthik Mehta,customer02372@example.com,9582338740,Vijayawada,Andhra Pradesh,Business,2025-02-11
CUST02373,Manoj Verma,customer02373@example.com,9901058706,Delhi,Delhi,Business,2025-03-20
CUST02374,Ajay Menon,customer02374@example.com,9509200836,Delhi,Delhi,Individual,2025-11-06
CUST02375,Karthik Mishra,customer02375@example.com,9861108504,Pune,Maharashtra,Individual,2025-04-19
CUST02376,Arun Mehta,customer02376@example.com,9486099594,Pune,Maharashtra,Individual,2024-05-02
CUST02377,Ananya Iyer,customer02377@example.com,9628433865,Bengaluru,Karnataka,Individual,2026-01-22
CUST02378,Harini Nair,customer02378@example.com,9744036368,Coimbatore,Tamil Nadu,Business,2025-10-30
CUST02379,Meena Mehta,customer02379@example.com,9313847513,Coimbatore,Tamil Nadu,Individual,2025-01-18
CUST02380,Karthik Kumar,customer02380@example.com,9784613854,Salem,Tamil Nadu,Individual,2024-06-11
CUST02381,Karthik Gupta,customer02381@example.com,9530310239,Jaipur,Rajasthan,Individual,2026-03-13
CUST02382,Rohit Verma,customer02382@example.com,9773726228,Chennai,Tamil Nadu,Individual,2024-07-07
CUST02383,Rahul Singh,customer02383@example.com,9609694481,Coimbatore,Tamil Nadu,Business,2024-05-29
CUST02384,Ananya Joshi,customer02384@example.com,9151434683,Pune,Maharashtra,Individual,2024-01-12
CUST02385,Dinesh Menon,customer02385@example.com,9224470673,Bengaluru,Karnataka,Individual,2024-04-28
CUST02386,Vijay Nair,customer02386@example.com,9584770445,Ahmedabad,Gujarat,Business,2024-03-27
CUST02387,Pooja Kumar,customer02387@example.com,9302892423,Bengaluru,Karnataka,Individual,2025-02-25
CUST02388,Kavya Sharma,customer02388@example.com,9878444737,Ahmedabad,Gujarat,Individual,2026-01-03
CUST02389,Karthik Gupta,customer02389@example.com,9322390066,Vijayawada,Andhra Pradesh,Individual,2025-11-29
CUST02390,Ajay Sharma,customer02390@example.com,9902970190,Vijayawada,Andhra Pradesh,Individual,2023-10-29
CUST02391,Karthik Pillai,customer02391@example.com,9519037627,Delhi,Delhi,Business,2025-12-21
CUST02392,Suresh Sharma,customer02392@example.com,9268716705,Salem,Tamil Nadu,Individual,2025-09-25
CUST02393,Karthik Singh,customer02393@example.com,9138362403,Jaipur,Rajasthan,Individual,2026-06-22
CUST02394,Suresh Sharma,customer02394@example.com,9528102205,Madurai,Tamil Nadu,Individual,2023-01-18
CUST02395,Pooja Nair,customer02395@example.com,9302209408,Chennai,Tamil Nadu,Business,2024-02-02
CUST02396,Ajay Iyer,customer02396@example.com,9905802994,Kochi,Kerala,Individual,2025-10-03
CUST02397,Manoj Verma,customer02397@example.com,9858288724,Delhi,Delhi,Business,2024-08-16
CUST02398,Dinesh Nair,customer02398@example.com,9898663936,Madurai,Tamil Nadu,Individual,2023-07-08
CUST02399,Sneha Das,customer02399@example.com,9976841951,Coimbatore,Tamil Nadu,Individual,2023-04-14
CUST02400,Ajay Iyer,customer02400@example.com,9576966611,Salem,Tamil Nadu,Business,2026-09-29
CUST02401,Priya Rao,customer02401@example.com,9199970613,Delhi,Delhi,Individual,2026-10-26
CUST02402,Suresh Reddy,customer02402@example.com,9883425635,Hyderabad,Telangana,Individual,2023-02-02
CUST02403,Karthik Nair,customer02403@example.com,9175212838,Coimbatore,Tamil Nadu,Individual,2025-01-18
CUST02404,Dinesh Reddy,customer02404@example.com,9989470877,Madurai,Tamil Nadu,Individual,2024-01-09
CUST02405,Suresh Gupta,customer02405@example.com,9400902662,Chennai,Tamil Nadu,Individual,2026-04-16
CUST02406,Karthik Sharma,customer02406@example.com,9725275029,Kochi,Kerala,Individual,2025-11-01
CUST02407,Dinesh Singh,customer02407@example.com,9429079596,Madurai,Tamil Nadu,Individual,2025-01-10
CUST02408,Sneha Mehta,customer02408@example.com,9509826633,Ahmedabad,Gujarat,Business,2025-06-08
CUST02409,Vijay Nair,customer02409@example.com,9112584519,Vijayawada,Andhra Pradesh,Individual,2024-03-31
CUST02410,Rohit Kumar,customer02410@example.com,9323607002,Delhi,Delhi,Individual,2023-09-06
CUST02411,Arun Naidu,customer02411@example.com,9849734793,Delhi,Delhi,Business,2024-03-23
CUST02412,Sneha Sinha,customer02412@example.com,9267292813,Kochi,Kerala,Individual,2025-10-14
CUST02413,Meena Gupta,customer02413@example.com,9475068461,Mumbai,Maharashtra,Individual,2025-09-06
CUST02414,Arun Kumar,customer02414@example.com,9142937466,Chennai,Tamil Nadu,Individual,2025-10-24
CUST02415,Ajay Iyer,customer02415@example.com,9648204787,Trichy,Tamil Nadu,Individual,2026-06-13
CUST02416,Harini Kumar,customer02416@example.com,9525180021,Coimbatore,Tamil Nadu,Individual,2023-06-22
CUST02417,Harini Patel,customer02417@example.com,9313586506,Bengaluru,Karnataka,Individual,2026-09-07
CUST02418,Swetha Rao,customer02418@example.com,9975543045,Kochi,Kerala,Individual,2024-01-06
CUST02419,Nithya Mehta,customer02419@example.com,9415468820,Chennai,Tamil Nadu,Individual,2025-03-01
CUST02420,Nithya Singh,customer02420@example.com,9507886013,Bengaluru,Karnataka,Individual,2025-01-18
CUST02421,Vijay Mehta,customer02421@example.com,9762559968,Chennai,Tamil Nadu,Individual,2025-02-25
CUST02422,Priya Iyer,customer02422@example.com,9461622118,Chennai,Tamil Nadu,Individual,2026-08-12
CUST02423,Ananya Singh,customer02423@example.com,9433062999,Madurai,Tamil Nadu,Individual,2025-04-19
CUST02424,Sneha Kapoor,customer02424@example.com,9177158865,Jaipur,Rajasthan,Individual,2024-02-04
CUST02425,Ajay Iyer,customer02425@example.com,9843647330,Ahmedabad,Gujarat,Individual,2025-12-17
CUST02426,Karthik Kapoor,customer02426@example.com,9183137341,Chennai,Tamil Nadu,Business,2024-07-01
CUST02427,Arun Mishra,customer02427@example.com,9440452714,Jaipur,Rajasthan,Business,2024-02-12
CUST02428,Ananya Mehta,customer02428@example.com,9437992786,Mumbai,Maharashtra,Business,2024-10-02
CUST02429,Nithya Bose,customer02429@example.com,9831276980,Trichy,Tamil Nadu,Individual,2023-03-05
CUST02430,Nithya Bose,customer02430@example.com,9988641175,Delhi,Delhi,Individual,2024-07-27
CUST02431,Harini Das,customer02431@example.com,9296028093,Kolkata,West Bengal,Individual,2024-02-24
CUST02432,Rahul Naidu,customer02432@example.com,9587008161,Bengaluru,Karnataka,Individual,2023-05-26
CUST02433,Arun Sharma,customer02433@example.com,9665408789,Delhi,Delhi,Individual,2026-07-19
CUST02434,Vivek Menon,customer02434@example.com,9196770627,Kolkata,West Bengal,Individual,2023-01-17
CUST02435,Swetha Mishra,customer02435@example.com,9391029176,Trichy,Tamil Nadu,Individual,2023-04-08
CUST02436,Manoj Joshi,customer02436@example.com,9203825929,Ahmedabad,Gujarat,Individual,2024-03-27
CUST02437,Arun Iyer,customer02437@example.com,9587713031,Trichy,Tamil Nadu,Business,2025-09-01
CUST02438,Ajay Mishra,customer02438@example.com,9652977632,Bengaluru,Karnataka,Individual,2025-06-16
CUST02439,Rahul Pillai,customer02439@example.com,9589842298,Vijayawada,Andhra Pradesh,Business,2025-10-12
CUST02440,Dinesh Mehta,customer02440@example.com,9468260133,Bengaluru,Karnataka,Individual,2026-06-20
CUST02441,Rahul Bose,customer02441@example.com,9519496938,Trichy,Tamil Nadu,Business,2024-04-23
CUST02442,Nithya Verma,customer02442@example.com,9155213885,Kolkata,West Bengal,Individual,2023-07-20
CUST02443,Kavya Gupta,customer02443@example.com,9252923291,Kochi,Kerala,Business,2023-06-28
CUST02444,Manoj Das,customer02444@example.com,9563732617,Chennai,Tamil Nadu,Individual,2024-05-22
CUST02445,Manoj Kapoor,customer02445@example.com,9334215724,Coimbatore,Tamil Nadu,Individual,2024-03-28
CUST02446,Suresh Sharma,customer02446@example.com,9540597312,Salem,Tamil Nadu,Individual,2023-09-27
CUST02447,Meena Menon,customer02447@example.com,9596105441,Jaipur,Rajasthan,Individual,2026-06-11
CUST02448,Suresh Reddy,customer02448@example.com,9539102530,Hyderabad,Telangana,Business,2024-04-30
CUST02449,Ananya Verma,customer02449@example.com,9533285000,Salem,Tamil Nadu,Business,2024-07-31
CUST02450,Suresh Joshi,customer02450@example.com,9535370628,Delhi,Delhi,Individual,2023-12-04
CUST02451,Vijay Reddy,customer02451@example.com,9475200617,Madurai,Tamil Nadu,Individual,2025-05-10
CUST02452,Arun Reddy,customer02452@example.com,9968368011,Delhi,Delhi,Individual,2025-01-26
CUST02453,Swetha Rao,customer02453@example.com,9830941009,Madurai,Tamil Nadu,Business,2025-01-26
CUST02454,Vivek Das,customer02454@example.com,9205442873,Kolkata,West Bengal,Individual,2024-08-06
CUST02455,Dinesh Bose,customer02455@example.com,9852370324,Vijayawada,Andhra Pradesh,Individual,2026-10-12
CUST02456,Sneha Reddy,customer02456@example.com,9998012564,Madurai,Tamil Nadu,Individual,2025-12-08
CUST02457,Rahul Menon,customer02457@example.com,9972551554,Bengaluru,Karnataka,Individual,2023-12-12
CUST02458,Arun Mishra,customer02458@example.com,9737792324,Kochi,Kerala,Individual,2024-12-02
CUST02459,Ananya Verma,customer02459@example.com,9771063384,Coimbatore,Tamil Nadu,Individual,2023-10-20
CUST02460,Sneha Gupta,customer02460@example.com,9221395961,Coimbatore,Tamil Nadu,Individual,2026-03-19
CUST02461,Kavya Menon,customer02461@example.com,9991322687,Bengaluru,Karnataka,Business,2025-03-06
CUST02462,Swetha Nair,customer02462@example.com,9164039088,Kochi,Kerala,Individual,2025-10-18
CUST02463,Karthik Gupta,customer02463@example.com,9223429447,Ahmedabad,Gujarat,Individual,2026-07-07
CUST02464,Ananya Kapoor,customer02464@example.com,9655781648,Mumbai,Maharashtra,Individual,2026-09-07
CUST02465,Arun Joshi,customer02465@example.com,9107148703,Ahmedabad,Gujarat,Individual,2023-03-18
CUST02466,Swetha Rao,customer02466@example.com,9916931397,Vijayawada,Andhra Pradesh,Individual,2026-02-07
CUST02467,Rohit Rao,customer02467@example.com,9871157616,Salem,Tamil Nadu,Business,2025-03-27
CUST02468,Meena Sharma,customer02468@example.com,9844474343,Vijayawada,Andhra Pradesh,Business,2025-06-14
CUST02469,Sneha Pillai,customer02469@example.com,9844242310,Kolkata,West Bengal,Business,2024-10-12
CUST02470,Rahul Gupta,customer02470@example.com,9692824070,Salem,Tamil Nadu,Business,2024-06-30
CUST02471,Sneha Patel,customer02471@example.com,9413176174,Mumbai,Maharashtra,Individual,2024-01-29
CUST02472,Suresh Pillai,customer02472@example.com,9844711142,Mumbai,Maharashtra,Individual,2026-06-12
CUST02473,Ajay Kapoor,customer02473@example.com,9328745973,Delhi,Delhi,Individual,2026-09-15
CUST02474,Meena Reddy,customer02474@example.com,9512909850,Trichy,Tamil Nadu,Business,2023-11-21
CUST02475,Vivek Sinha,customer02475@example.com,9290971848,Delhi,Delhi,Individual,2023-05-31
CUST02476,Swetha Nair,customer02476@example.com,9417947675,Trichy,Tamil Nadu,Individual,2025-05-28
CUST02477,Vivek Sinha,customer02477@example.com,9158668750,Vijayawada,Andhra Pradesh,Individual,2025-11-21
CUST02478,Swetha Kapoor,customer02478@example.com,9183450049,Hyderabad,Telangana,Individual,2023-09-29
CUST02479,Rohit Sharma,customer02479@example.com,9433495238,Vijayawada,Andhra Pradesh,Individual,2025-04-15
CUST02480,Divya Kapoor,customer02480@example.com,9240252206,Madurai,Tamil Nadu,Business,2024-01-03
CUST02481,Priya Gupta,customer02481@example.com,9708574417,Kochi,Kerala,Individual,2026-09-01
CUST02482,Karthik Reddy,customer02482@example.com,9480254549,Trichy,Tamil Nadu,Business,2024-08-12
CUST02483,Meena Iyer,customer02483@example.com,9761314801,Ahmedabad,Gujarat,Individual,2024-08-10
CUST02484,Suresh Kumar,customer02484@example.com,9459627273,Salem,Tamil Nadu,Individual,2024-07-25
CUST02485,Priya Kumar,customer02485@example.com,9644686069,Bengaluru,Karnataka,Business,2026-10-23
CUST02486,Dinesh Sharma,customer02486@example.com,9757282417,Delhi,Delhi,Business,2023-03-21
CUST02487,Harini Singh,customer02487@example.com,9650540064,Kochi,Kerala,Individual,2026-04-10
CUST02488,Kavya Kapoor,customer02488@example.com,9943971462,Kolkata,West Bengal,Individual,2023-09-15
CUST02489,Swetha Kumar,customer02489@example.com,9302883202,Kochi,Kerala,Individual,2023-10-06
CUST02490,Arun Mishra,customer02490@example.com,9328039469,Jaipur,Rajasthan,Individual,2024-05-18
CUST02491,Ananya Iyer,customer02491@example.com,9502964540,Madurai,Tamil Nadu,Individual,2024-07-11
CUST02492,Suresh Joshi,customer02492@example.com,9581249443,Jaipur,Rajasthan,Business,2024-05-05
CUST02493,Pooja Joshi,customer02493@example.com,9589760268,Hyderabad,Telangana,Individual,2024-07-19
CUST02494,Priya Bose,customer02494@example.com,9645009935,Trichy,Tamil Nadu,Individual,2026-09-22
CUST02495,Sneha Mishra,customer02495@example.com,9576118735,Hyderabad,Telangana,Individual,2024-06-04
CUST02496,Arun Mehta,customer02496@example.com,9105875445,Kolkata,West Bengal,Business,2023-11-22
CUST02497,Suresh Naidu,customer02497@example.com,9113801604,Ahmedabad,Gujarat,Business,2026-04-10
CUST02498,Rahul Gupta,customer02498@example.com,9944387571,Mumbai,Maharashtra,Individual,2023-03-25
CUST02499,Vijay Mehta,customer02499@example.com,9329351384,Jaipur,Rajasthan,Individual,2025-04-20
CUST02500,Karthik Menon,customer02500@example.com,9214761509,Coimbatore,Tamil Nadu,Business,2026-09-24
CUST02501,Suresh Patel,customer02501@example.com,9582294757,Jaipur,Rajasthan,Individual,2023-11-16
CUST02502,Harini Menon,customer02502@example.com,9548165297,Kolkata,West Bengal,Individual,2023-10-31
CUST02503,Meena Mishra,customer02503@example.com,9594141477,Pune,Maharashtra,Business,2026-07-19
CUST02504,Kavya Pillai,customer02504@example.com,9422803558,Kolkata,West Bengal,Business,2024-11-20
CUST02505,Meena Menon,customer02505@example.com,9655843127,Hyderabad,Telangana,Individual,2026-02-11
CUST02506,Dinesh Kumar,customer02506@example.com,9519009854,Kochi,Kerala,Individual,2024-02-11
CUST02507,Meena Sharma,customer02507@example.com,9268549885,Bengaluru,Karnataka,Individual,2025-11-15
CUST02508,Manoj Nair,customer02508@example.com,9592879223,Delhi,Delhi,Individual,2026-06-14
CUST02509,Karthik Kapoor,customer02509@example.com,9475892584,Bengaluru,Karnataka,Individual,2026-08-26
CUST02510,Rohit Sharma,customer02510@example.com,9805987033,Hyderabad,Telangana,Individual,2024-11-14
CUST02511,Nithya Mehta,customer02511@example.com,9888398138,Delhi,Delhi,Individual,2023-08-21
CUST02512,Arun Rao,customer02512@example.com,9877980492,Pune,Maharashtra,Individual,2025-10-18
CUST02513,Harini Naidu,customer02513@example.com,9850090155,Coimbatore,Tamil Nadu,Individual,2024-07-02
CUST02514,Ananya Das,customer02514@example.com,9263199474,Madurai,Tamil Nadu,Individual,2026-07-12
CUST02515,Ajay Singh,customer02515@example.com,9709696985,Salem,Tamil Nadu,Individual,2025-11-02
CUST02516,Rohit Rao,customer02516@example.com,9553244798,Hyderabad,Telangana,Individual,2024-05-10
CUST02517,Swetha Verma,customer02517@example.com,9157526838,Kochi,Kerala,Individual,2026-09-01
CUST02518,Meena Gupta,customer02518@example.com,9355925376,Trichy,Tamil Nadu,Individual,2024-09-09
CUST02519,Karthik Rao,customer02519@example.com,9554316935,Hyderabad,Telangana,Business,2025-04-27
CUST02520,Sneha Naidu,customer02520@example.com,9330404478,Hyderabad,Telangana,Individual,2025-10-02
CUST02521,Pooja Pillai,customer02521@example.com,9219924099,Jaipur,Rajasthan,Business,2024-01-19
CUST02522,Karthik Bose,customer02522@example.com,9515129684,Jaipur,Rajasthan,Individual,2025-10-13
CUST02523,Vijay Bose,customer02523@example.com,9702646013,Delhi,Delhi,Individual,2024-10-03
CUST02524,Arun Naidu,customer02524@example.com,9179679189,Vijayawada,Andhra Pradesh,Individual,2023-11-12
CUST02525,Vijay Nair,customer02525@example.com,9314698610,Vijayawada,Andhra Pradesh,Individual,2023-09-13
CUST02526,Dinesh Iyer,customer02526@example.com,9546021044,Chennai,Tamil Nadu,Business,2024-03-16
CUST02527,Manoj Das,customer02527@example.com,9801868857,Kolkata,West Bengal,Business,2026-02-12
CUST02528,Arun Sharma,customer02528@example.com,9904804900,Kochi,Kerala,Business,2023-10-26
CUST02529,Vivek Kapoor,customer02529@example.com,9412167472,Chennai,Tamil Nadu,Individual,2025-07-03
CUST02530,Swetha Gupta,customer02530@example.com,9413943106,Ahmedabad,Gujarat,Individual,2026-02-21
CUST02531,Meena Singh,customer02531@example.com,9846582144,Pune,Maharashtra,Individual,2023-09-13
CUST02532,Vijay Singh,customer02532@example.com,9971237660,Vijayawada,Andhra Pradesh,Individual,2024-10-12
CUST02533,Ajay Joshi,customer02533@example.com,9697622102,Trichy,Tamil Nadu,Individual,2023-02-16
CUST02534,Swetha Sharma,customer02534@example.com,9589813536,Jaipur,Rajasthan,Business,2025-06-21
CUST02535,Pooja Kumar,customer02535@example.com,9404008310,Coimbatore,Tamil Nadu,Business,2024-04-07
CUST02536,Dinesh Rao,customer02536@example.com,9144077747,Mumbai,Maharashtra,Individual,2026-10-05
CUST02537,Rahul Nair,customer02537@example.com,9353417384,Pune,Maharashtra,Individual,2026-02-20
CUST02538,Meena Kumar,customer02538@example.com,9889347990,Mumbai,Maharashtra,Individual,2023-01-31
CUST02539,Meena Rao,customer02539@example.com,9770494852,Kochi,Kerala,Individual,2023-02-24
CUST02540,Vivek Pillai,customer02540@example.com,9500596294,Kochi,Kerala,Individual,2023-06-02
CUST02541,Rahul Iyer,customer02541@example.com,9911427000,Ahmedabad,Gujarat,Business,2024-03-31
CUST02542,Rohit Rao,customer02542@example.com,9128004997,Mumbai,Maharashtra,Individual,2023-10-13
CUST02543,Karthik Verma,customer02543@example.com,9921451440,Kochi,Kerala,Individual,2023-02-05
CUST02544,Rohit Reddy,customer02544@example.com,9329050901,Coimbatore,Tamil Nadu,Individual,2025-03-28
CUST02545,Priya Rao,customer02545@example.com,9481369584,Bengaluru,Karnataka,Individual,2023-09-13
CUST02546,Manoj Kumar,customer02546@example.com,9362819531,Chennai,Tamil Nadu,Business,2023-06-27
CUST02547,Dinesh Reddy,customer02547@example.com,9538133251,Hyderabad,Telangana,Individual,2026-07-01
CUST02548,Vijay Sharma,customer02548@example.com,9957618429,Madurai,Tamil Nadu,Business,2024-05-22
CUST02549,Rohit Mishra,customer02549@example.com,9800872519,Mumbai,Maharashtra,Individual,2023-01-21
CUST02550,Ananya Singh,customer02550@example.com,9339164351,Trichy,Tamil Nadu,Individual,2023-03-16
CUST02551,Vivek Das,customer02551@example.com,9517540260,Pune,Maharashtra,Individual,2024-12-19
CUST02552,Ananya Bose,customer02552@example.com,9794135710,Bengaluru,Karnataka,Individual,2024-04-04
CUST02553,Ananya Bose,customer02553@example.com,9283977599,Mumbai,Maharashtra,Individual,2026-04-16
CUST02554,Kavya Bose,customer02554@example.com,9847676204,Bengaluru,Karnataka,Individual,2025-11-26
CUST02555,Dinesh Das,customer02555@example.com,9870981081,Vijayawada,Andhra Pradesh,Individual,2026-02-17
CUST02556,Sneha Menon,customer02556@example.com,9381273991,Bengaluru,Karnataka,Individual,2024-09-21
CUST02557,Vijay Sinha,customer02557@example.com,9111025063,Mumbai,Maharashtra,Business,2023-01-01
CUST02558,Meena Menon,customer02558@example.com,9282543328,Delhi,Delhi,Business,2025-07-24
CUST02559,Karthik Sinha,customer02559@example.com,9854302700,Kolkata,West Bengal,Individual,2023-11-07
CUST02560,Arun Nair,customer02560@example.com,9660293468,Trichy,Tamil Nadu,Business,2026-05-16
CUST02561,Arun Pillai,customer02561@example.com,9781278468,Hyderabad,Telangana,Individual,2026-03-23
CUST02562,Ananya Kapoor,customer02562@example.com,9154486683,Hyderabad,Telangana,Individual,2025-01-31
CUST02563,Meena Rao,customer02563@example.com,9393568359,Trichy,Tamil Nadu,Individual,2024-11-13
CUST02564,Priya Mishra,customer02564@example.com,9624616784,Delhi,Delhi,Business,2023-11-11
CUST02565,Pooja Kumar,customer02565@example.com,9154084854,Jaipur,Rajasthan,Individual,2023-11-03
CUST02566,Priya Nair,customer02566@example.com,9580242518,Kochi,Kerala,Individual,2024-09-10
CUST02567,Meena Kapoor,customer02567@example.com,9736615148,Hyderabad,Telangana,Individual,2026-01-25
CUST02568,Arun Joshi,customer02568@example.com,9889492360,Jaipur,Rajasthan,Individual,2023-01-07
CUST02569,Arun Iyer,customer02569@example.com,9449349249,Bengaluru,Karnataka,Individual,2025-11-01
CUST02570,Pooja Pillai,customer02570@example.com,9718270270,Coimbatore,Tamil Nadu,Individual,2024-05-28
CUST02571,Manoj Bose,customer02571@example.com,9537343199,Pune,Maharashtra,Individual,2023-12-15
CUST02572,Ajay Gupta,customer02572@example.com,9212878898,Vijayawada,Andhra Pradesh,Business,2025-07-05
CUST02573,Manoj Mehta,customer02573@example.com,9602020638,Chennai,Tamil Nadu,Business,2025-10-27
CUST02574,Priya Joshi,customer02574@example.com,9163424518,Hyderabad,Telangana,Business,2024-05-14
CUST02575,Nithya Gupta,customer02575@example.com,9138664093,Trichy,Tamil Nadu,Individual,2024-04-19
CUST02576,Meena Patel,customer02576@example.com,9621151417,Coimbatore,Tamil Nadu,Individual,2024-06-07
CUST02577,Manoj Pillai,customer02577@example.com,9192292914,Mumbai,Maharashtra,Individual,2025-12-16
CUST02578,Rohit Menon,customer02578@example.com,9580796215,Ahmedabad,Gujarat,Individual,2024-08-12
CUST02579,Divya Joshi,customer02579@example.com,9679926088,Kolkata,West Bengal,Business,2023-08-21
CUST02580,Swetha Iyer,customer02580@example.com,9928372540,Trichy,Tamil Nadu,Individual,2025-03-01
CUST02581,Sneha Mehta,customer02581@example.com,9648650989,Kochi,Kerala,Business,2025-11-19
CUST02582,Suresh Kapoor,customer02582@example.com,9121356665,Ahmedabad,Gujarat,Individual,2024-01-02
CUST02583,Pooja Rao,customer02583@example.com,9883741614,Ahmedabad,Gujarat,Business,2023-02-25
CUST02584,Priya Iyer,customer02584@example.com,9863959257,Bengaluru,Karnataka,Individual,2023-01-10
CUST02585,Arun Singh,customer02585@example.com,9536259328,Kolkata,West Bengal,Individual,2023-05-27
CUST02586,Ananya Patel,customer02586@example.com,9314354909,Pune,Maharashtra,Individual,2023-12-30
CUST02587,Rohit Verma,customer02587@example.com,9436519608,Pune,Maharashtra,Individual,2023-09-10
CUST02588,Meena Sharma,customer02588@example.com,9447733029,Delhi,Delhi,Individual,2025-07-28
CUST02589,Suresh Menon,customer02589@example.com,9423291837,Jaipur,Rajasthan,Individual,2026-06-30
CUST02590,Sneha Sinha,customer02590@example.com,9825729870,Madurai,Tamil Nadu,Individual,2025-01-05
CUST02591,Priya Sharma,customer02591@example.com,9415082072,Ahmedabad,Gujarat,Business,2023-12-06
CUST02592,Meena Bose,customer02592@example.com,9941123153,Delhi,Delhi,Individual,2026-10-08
CUST02593,Kavya Kumar,customer02593@example.com,9530727104,Kochi,Kerala,Individual,2024-09-15
CUST02594,Divya Bose,customer02594@example.com,9469833143,Jaipur,Rajasthan,Individual,2024-12-05
CUST02595,Swetha Joshi,customer02595@example.com,9249354562,Vijayawada,Andhra Pradesh,Individual,2023-11-19
CUST02596,Vivek Verma,customer02596@example.com,9654960912,Ahmedabad,Gujarat,Individual,2026-03-09
CUST02597,Divya Menon,customer02597@example.com,9467119239,Coimbatore,Tamil Nadu,Individual,2025-05-10
CUST02598,Nithya Iyer,customer02598@example.com,9453703408,Kolkata,West Bengal,Individual,2023-04-05
CUST02599,Swetha Naidu,customer02599@example.com,9130088999,Madurai,Tamil Nadu,Individual,2024-07-06
CUST02600,Vivek Reddy,customer02600@example.com,9316017616,Mumbai,Maharashtra,Individual,2025-02-28
CUST02601,Suresh Gupta,customer02601@example.com,9530402904,Bengaluru,Karnataka,Individual,2026-03-19
CUST02602,Harini Kapoor,customer02602@example.com,9191347901,Kolkata,West Bengal,Individual,2024-07-06
CUST02603,Swetha Sinha,customer02603@example.com,9553305896,Delhi,Delhi,Individual,2026-10-06
CUST02604,Meena Sharma,customer02604@example.com,9593638539,Chennai,Tamil Nadu,Individual,2023-04-26
CUST02605,Rohit Mishra,customer02605@example.com,9855097714,Salem,Tamil Nadu,Individual,2024-09-23
CUST02606,Dinesh Menon,customer02606@example.com,9578091363,Madurai,Tamil Nadu,Individual,2026-06-14
CUST02607,Ananya Reddy,customer02607@example.com,9411721844,Madurai,Tamil Nadu,Individual,2023-09-27
CUST02608,Nithya Singh,customer02608@example.com,9390137432,Kochi,Kerala,Individual,2025-05-10
CUST02609,Vivek Bose,customer02609@example.com,9241336714,Bengaluru,Karnataka,Business,2023-10-18
CUST02610,Karthik Mehta,customer02610@example.com,9551582275,Hyderabad,Telangana,Individual,2023-01-09
CUST02611,Dinesh Naidu,customer02611@example.com,9193672269,Pune,Maharashtra,Individual,2024-09-21
CUST02612,Manoj Reddy,customer02612@example.com,9611733037,Pune,Maharashtra,Individual,2025-05-13
CUST02613,Suresh Bose,customer02613@example.com,9736639525,Vijayawada,Andhra Pradesh,Individual,2024-04-19
CUST02614,Divya Gupta,customer02614@example.com,9227080380,Chennai,Tamil Nadu,Individual,2024-06-20
CUST02615,Karthik Naidu,customer02615@example.com,9459552528,Coimbatore,Tamil Nadu,Business,2024-11-15
CUST02616,Meena Rao,customer02616@example.com,9152764481,Kochi,Kerala,Business,2025-10-31
CUST02617,Ananya Pillai,customer02617@example.com,9268150307,Coimbatore,Tamil Nadu,Individual,2024-09-04
CUST02618,Ajay Sharma,customer02618@example.com,9541663561,Mumbai,Maharashtra,Individual,2025-02-15
CUST02619,Priya Bose,customer02619@example.com,9898748422,Jaipur,Rajasthan,Business,2026-09-12
CUST02620,Rohit Joshi,customer02620@example.com,9327516899,Kolkata,West Bengal,Business,2024-08-17
CUST02621,Rahul Rao,customer02621@example.com,9508301583,Vijayawada,Andhra Pradesh,Individual,2023-10-03
CUST02622,Ajay Sharma,customer02622@example.com,9553559821,Vijayawada,Andhra Pradesh,Individual,2024-01-05
CUST02623,Divya Rao,customer02623@example.com,9847423055,Salem,Tamil Nadu,Individual,2023-12-11
CUST02624,Pooja Sharma,customer02624@example.com,9861346840,Trichy,Tamil Nadu,Individual,2024-01-03
CUST02625,Sneha Das,customer02625@example.com,9672933992,Hyderabad,Telangana,Individual,2026-08-27
CUST02626,Vijay Rao,customer02626@example.com,9489061123,Delhi,Delhi,Business,2024-12-31
CUST02627,Arun Rao,customer02627@example.com,9657939612,Ahmedabad,Gujarat,Individual,2023-01-15
CUST02628,Meena Singh,customer02628@example.com,9587167102,Trichy,Tamil Nadu,Business,2025-01-27
CUST02629,Rahul Menon,customer02629@example.com,9146013239,Jaipur,Rajasthan,Individual,2024-11-18
CUST02630,Vivek Gupta,customer02630@example.com,9242481925,Trichy,Tamil Nadu,Individual,2023-01-04
CUST02631,Nithya Reddy,customer02631@example.com,9453448064,Kochi,Kerala,Individual,2026-10-31
CUST02632,Kavya Joshi,customer02632@example.com,9548856574,Ahmedabad,Gujarat,Individual,2026-10-24
CUST02633,Manoj Bose,customer02633@example.com,9601326246,Madurai,Tamil Nadu,Individual,2024-06-16
CUST02634,Rahul Sharma,customer02634@example.com,9999451264,Chennai,Tamil Nadu,Individual,2025-09-12
CUST02635,Suresh Rao,customer02635@example.com,9139126898,Pune,Maharashtra,Business,2026-03-06
CUST02636,Rahul Sinha,customer02636@example.com,9211764414,Mumbai,Maharashtra,Business,2025-04-13
CUST02637,Harini Pillai,customer02637@example.com,9820954168,Coimbatore,Tamil Nadu,Individual,2023-12-29
CUST02638,Nithya Sharma,customer02638@example.com,9746757570,Salem,Tamil Nadu,Individual,2026-05-24
CUST02639,Manoj Das,customer02639@example.com,9222634304,Kochi,Kerala,Individual,2026-10-23
CUST02640,Meena Sinha,customer02640@example.com,9212267878,Chennai,Tamil Nadu,Business,2023-04-27
CUST02641,Dinesh Das,customer02641@example.com,9635801108,Madurai,Tamil Nadu,Individual,2026-04-17
CUST02642,Divya Patel,customer02642@example.com,9250640620,Delhi,Delhi,Individual,2026-06-23
CUST02643,Rahul Verma,customer02643@example.com,9133529501,Mumbai,Maharashtra,Individual,2023-05-08
CUST02644,Manoj Singh,customer02644@example.com,9303963615,Kochi,Kerala,Individual,2026-10-13
CUST02645,Manoj Mishra,customer02645@example.com,9931865632,Madurai,Tamil Nadu,Individual,2023-03-19
CUST02646,Dinesh Rao,customer02646@example.com,9511490223,Salem,Tamil Nadu,Business,2025-01-10
CUST02647,Kavya Iyer,customer02647@example.com,9412107285,Pune,Maharashtra,Business,2026-08-09
CUST02648,Suresh Kapoor,customer02648@example.com,9377223389,Vijayawada,Andhra Pradesh,Individual,2025-02-12
CUST02649,Rahul Pillai,customer02649@example.com,9407472053,Pune,Maharashtra,Individual,2023-03-23
CUST02650,Nithya Gupta,customer02650@example.com,9362465901,Kochi,Kerala,Individual,2023-12-08
CUST02651,Harini Das,customer02651@example.com,9987888387,Pune,Maharashtra,Business,2026-09-23
CUST02652,Ananya Verma,customer02652@example.com,9243918294,Chennai,Tamil Nadu,Individual,2025-03-29
CUST02653,Divya Reddy,customer02653@example.com,9312457910,Chennai,Tamil Nadu,Individual,2024-07-31
CUST02654,Vivek Verma,customer02654@example.com,9415478443,Coimbatore,Tamil Nadu,Individual,2023-04-06
CUST02655,Pooja Bose,customer02655@example.com,9670064080,Kochi,Kerala,Individual,2026-03-14
CUST02656,Harini Kapoor,customer02656@example.com,9791672564,Coimbatore,Tamil Nadu,Individual,2024-07-30
CUST02657,Ananya Gupta,customer02657@example.com,9157512521,Kochi,Kerala,Individual,2024-06-04
CUST02658,Ajay Rao,customer02658@example.com,9902204898,Vijayawada,Andhra Pradesh,Individual,2025-09-22
CUST02659,Ananya Verma,customer02659@example.com,9528478838,Vijayawada,Andhra Pradesh,Individual,2023-12-23
CUST02660,Rohit Joshi,customer02660@example.com,9215239859,Delhi,Delhi,Individual,2023-07-05
CUST02661,Pooja Reddy,customer02661@example.com,9943866204,Kochi,Kerala,Individual,2024-06-26
CUST02662,Meena Joshi,customer02662@example.com,9621481675,Salem,Tamil Nadu,Individual,2023-05-31
CUST02663,Karthik Naidu,customer02663@example.com,9394237760,Jaipur,Rajasthan,Individual,2026-09-04
CUST02664,Dinesh Mehta,customer02664@example.com,9269179456,Mumbai,Maharashtra,Individual,2025-12-18
CUST02665,Ajay Joshi,customer02665@example.com,9824147209,Bengaluru,Karnataka,Business,2023-01-10
CUST02666,Priya Menon,customer02666@example.com,9586388625,Ahmedabad,Gujarat,Individual,2025-05-06
CUST02667,Ajay Rao,customer02667@example.com,9277372462,Bengaluru,Karnataka,Individual,2026-02-21
CUST02668,Arun Mishra,customer02668@example.com,9575206977,Madurai,Tamil Nadu,Individual,2023-12-22
CUST02669,Pooja Kapoor,customer02669@example.com,9737257520,Vijayawada,Andhra Pradesh,Individual,2026-10-01
CUST02670,Vivek Kumar,customer02670@example.com,9612175559,Pune,Maharashtra,Individual,2025-03-04
CUST02671,Manoj Joshi,customer02671@example.com,9399898133,Mumbai,Maharashtra,Individual,2023-08-25
CUST02672,Vivek Bose,customer02672@example.com,9847472469,Trichy,Tamil Nadu,Individual,2023-11-29
CUST02673,Pooja Sharma,customer02673@example.com,9819930905,Jaipur,Rajasthan,Individual,2023-01-17
CUST02674,Manoj Gupta,customer02674@example.com,9433600473,Chennai,Tamil Nadu,Business,2023-11-20
CUST02675,Divya Kapoor,customer02675@example.com,9476915336,Kolkata,West Bengal,Business,2023-01-23
CUST02676,Rahul Verma,customer02676@example.com,9873122964,Hyderabad,Telangana,Business,2025-07-19
CUST02677,Harini Bose,customer02677@example.com,9989648883,Delhi,Delhi,Individual,2024-04-03
CUST02678,Nithya Bose,customer02678@example.com,9275608766,Pune,Maharashtra,Business,2024-06-04
CUST02679,Manoj Gupta,customer02679@example.com,9442361194,Pune,Maharashtra,Individual,2024-12-19
CUST02680,Manoj Naidu,customer02680@example.com,9435144325,Salem,Tamil Nadu,Individual,2024-07-10
CUST02681,Arun Verma,customer02681@example.com,9704518135,Pune,Maharashtra,Individual,2024-02-07
CUST02682,Vivek Sinha,customer02682@example.com,9678637325,Chennai,Tamil Nadu,Individual,2026-09-16
CUST02683,Nithya Kumar,customer02683@example.com,9381544774,Chennai,Tamil Nadu,Business,2024-04-01
CUST02684,Ajay Pillai,customer02684@example.com,9535815063,Hyderabad,Telangana,Individual,2025-11-16
CUST02685,Karthik Pillai,customer02685@example.com,9606524616,Ahmedabad,Gujarat,Individual,2024-02-01
CUST02686,Harini Menon,customer02686@example.com,9837200714,Kochi,Kerala,Individual,2026-04-26
CUST02687,Nithya Reddy,customer02687@example.com,9937369207,Trichy,Tamil Nadu,Business,2023-05-20
CUST02688,Nithya Verma,customer02688@example.com,9697707478,Mumbai,Maharashtra,Individual,2024-06-04
CUST02689,Suresh Kapoor,customer02689@example.com,9728914543,Pune,Maharashtra,Business,2025-01-15
CUST02690,Dinesh Sharma,customer02690@example.com,9725821171,Bengaluru,Karnataka,Individual,2023-04-02
CUST02691,Harini Kumar,customer02691@example.com,9820936821,Coimbatore,Tamil Nadu,Individual,2023-03-18
CUST02692,Divya Mishra,customer02692@example.com,9279629222,Salem,Tamil Nadu,Individual,2025-05-01
CUST02693,Rohit Sharma,customer02693@example.com,9164903427,Salem,Tamil Nadu,Individual,2026-06-21
CUST02694,Vijay Das,customer02694@example.com,9520412607,Ahmedabad,Gujarat,Individual,2025-04-24
CUST02695,Pooja Bose,customer02695@example.com,9160183753,Bengaluru,Karnataka,Individual,2024-10-28
CUST02696,Ajay Kapoor,customer02696@example.com,9229568517,Madurai,Tamil Nadu,Individual,2025-08-16
CUST02697,Vivek Kumar,customer02697@example.com,9282301880,Bengaluru,Karnataka,Individual,2025-09-15
CUST02698,Rahul Reddy,customer02698@example.com,9482179485,Jaipur,Rajasthan,Individual,2025-03-07
CUST02699,Nithya Singh,customer02699@example.com,9449568757,Madurai,Tamil Nadu,Individual,2023-03-29
CUST02700,Swetha Pillai,customer02700@example.com,9656969581,Kolkata,West Bengal,Individual,2025-07-03
CUST02701,Rohit Sinha,customer02701@example.com,9149102946,Vijayawada,Andhra Pradesh,Individual,2026-08-10
CUST02702,Rahul Menon,customer02702@example.com,9692283888,Coimbatore,Tamil Nadu,Individual,2023-04-05
CUST02703,Manoj Nair,customer02703@example.com,9862144234,Vijayawada,Andhra Pradesh,Individual,2026-06-30
CUST02704,Vivek Kumar,customer02704@example.com,9762261961,Salem,Tamil Nadu,Individual,2024-07-04
CUST02705,Suresh Mehta,customer02705@example.com,9788644729,Bengaluru,Karnataka,Individual,2024-02-03
CUST02706,Vijay Nair,customer02706@example.com,9635723516,Kolkata,West Bengal,Individual,2025-02-05
CUST02707,Dinesh Pillai,customer02707@example.com,9698023263,Kochi,Kerala,Business,2025-12-13
CUST02708,Rahul Pillai,customer02708@example.com,9127566658,Delhi,Delhi,Individual,2023-08-31
CUST02709,Vijay Verma,customer02709@example.com,9706575833,Mumbai,Maharashtra,Business,2026-02-07
CUST02710,Harini Iyer,customer02710@example.com,9967383822,Kolkata,West Bengal,Individual,2024-09-15
CUST02711,Rahul Rao,customer02711@example.com,9525956113,Ahmedabad,Gujarat,Individual,2024-12-01
CUST02712,Rohit Nair,customer02712@example.com,9877047922,Jaipur,Rajasthan,Individual,2026-05-29
CUST02713,Priya Bose,customer02713@example.com,9510893970,Mumbai,Maharashtra,Business,2024-07-17
CUST02714,Rohit Joshi,customer02714@example.com,9977739339,Bengaluru,Karnataka,Individual,2023-06-11
CUST02715,Dinesh Kapoor,customer02715@example.com,9670871639,Trichy,Tamil Nadu,Individual,2023-02-04
CUST02716,Manoj Reddy,customer02716@example.com,9983581380,Kochi,Kerala,Business,2025-08-23
CUST02717,Ananya Kumar,customer02717@example.com,9934184343,Kolkata,West Bengal,Individual,2023-02-06
CUST02718,Swetha Naidu,customer02718@example.com,9364927578,Coimbatore,Tamil Nadu,Individual,2025-04-25
CUST02719,Rohit Joshi,customer02719@example.com,9484422703,Bengaluru,Karnataka,Individual,2025-04-08
CUST02720,Divya Joshi,customer02720@example.com,9348218013,Pune,Maharashtra,Individual,2024-09-14
CUST02721,Vivek Gupta,customer02721@example.com,9505882382,Chennai,Tamil Nadu,Individual,2026-10-25
CUST02722,Kavya Mishra,customer02722@example.com,9267530926,Kolkata,West Bengal,Individual,2026-04-15
CUST02723,Ananya Kumar,customer02723@example.com,9639736442,Coimbatore,Tamil Nadu,Individual,2024-06-04
CUST02724,Ananya Naidu,customer02724@example.com,9788960382,Jaipur,Rajasthan,Individual,2026-07-22
CUST02725,Rohit Menon,customer02725@example.com,9203038817,Delhi,Delhi,Individual,2023-04-15
CUST02726,Ananya Kapoor,customer02726@example.com,9696084634,Pune,Maharashtra,Individual,2023-06-05
CUST02727,Rohit Joshi,customer02727@example.com,9121976147,Vijayawada,Andhra Pradesh,Individual,2023-12-02
CUST02728,Kavya Gupta,customer02728@example.com,9434790847,Delhi,Delhi,Individual,2025-11-15
CUST02729,Kavya Sinha,customer02729@example.com,9996319528,Vijayawada,Andhra Pradesh,Individual,2023-10-23
CUST02730,Kavya Bose,customer02730@example.com,9842471519,Bengaluru,Karnataka,Individual,2026-10-10
CUST02731,Vijay Kapoor,customer02731@example.com,9840435779,Chennai,Tamil Nadu,Individual,2025-06-04
CUST02732,Kavya Gupta,customer02732@example.com,9827914244,Kolkata,West Bengal,Individual,2023-03-10
CUST02733,Rohit Sinha,customer02733@example.com,9173665913,Kolkata,West Bengal,Business,2026-09-12
CUST02734,Rahul Kapoor,customer02734@example.com,9591692167,Trichy,Tamil Nadu,Individual,2023-05-31
CUST02735,Manoj Mishra,customer02735@example.com,9401307669,Salem,Tamil Nadu,Individual,2025-05-06
CUST02736,Arun Mehta,customer02736@example.com,9871698793,Trichy,Tamil Nadu,Individual,2024-07-30
CUST02737,Divya Iyer,customer02737@example.com,9657478406,Ahmedabad,Gujarat,Individual,2024-10-23
CUST02738,Vijay Rao,customer02738@example.com,9534734997,Bengaluru,Karnataka,Business,2026-09-05
CUST02739,Rahul Naidu,customer02739@example.com,9560421933,Bengaluru,Karnataka,Individual,2025-01-26
CUST02740,Rohit Sinha,customer02740@example.com,9374359837,Chennai,Tamil Nadu,Individual,2024-03-27
CUST02741,Pooja Kumar,customer02741@example.com,9637104509,Trichy,Tamil Nadu,Individual,2024-07-23
CUST02742,Priya Mishra,customer02742@example.com,9891174500,Coimbatore,Tamil Nadu,Individual,2026-02-09
CUST02743,Nithya Kumar,customer02743@example.com,9153207428,Vijayawada,Andhra Pradesh,Individual,2024-09-26
CUST02744,Pooja Pillai,customer02744@example.com,9828661570,Coimbatore,Tamil Nadu,Individual,2023-12-28
CUST02745,Vivek Verma,customer02745@example.com,9741648150,Chennai,Tamil Nadu,Individual,2023-07-22
CUST02746,Pooja Mishra,customer02746@example.com,9908203964,Kochi,Kerala,Individual,2024-05-01
CUST02747,Vivek Pillai,customer02747@example.com,9135668996,Salem,Tamil Nadu,Individual,2023-01-04
CUST02748,Dinesh Das,customer02748@example.com,9774199446,Coimbatore,Tamil Nadu,Individual,2026-02-26
CUST02749,Priya Sharma,customer02749@example.com,9718422353,Madurai,Tamil Nadu,Individual,2025-11-15
CUST02750,Meena Patel,customer02750@example.com,9880408344,Ahmedabad,Gujarat,Individual,2025-03-11
CUST02751,Manoj Das,customer02751@example.com,9680271508,Mumbai,Maharashtra,Business,2025-09-03
CUST02752,Ananya Mishra,customer02752@example.com,9702684929,Chennai,Tamil Nadu,Individual,2023-01-27
CUST02753,Meena Kumar,customer02753@example.com,9135221781,Chennai,Tamil Nadu,Business,2025-12-01
CUST02754,Ananya Kumar,customer02754@example.com,9475237447,Hyderabad,Telangana,Individual,2025-08-22
CUST02755,Manoj Mehta,customer02755@example.com,9707569750,Vijayawada,Andhra Pradesh,Business,2023-03-05
CUST02756,Karthik Kapoor,customer02756@example.com,9963176927,Ahmedabad,Gujarat,Individual,2025-11-14
CUST02757,Vivek Joshi,customer02757@example.com,9393078599,Pune,Maharashtra,Individual,2023-03-13
CUST02758,Priya Naidu,customer02758@example.com,9272117059,Pune,Maharashtra,Business,2025-06-18
CUST02759,Ajay Gupta,customer02759@example.com,9197041727,Madurai,Tamil Nadu,Business,2023-09-25
CUST02760,Vivek Menon,customer02760@example.com,9244753245,Trichy,Tamil Nadu,Individual,2023-04-05
CUST02761,Rohit Rao,customer02761@example.com,9436328722,Ahmedabad,Gujarat,Individual,2024-01-30
CUST02762,Harini Kumar,customer02762@example.com,9583644031,Kochi,Kerala,Individual,2025-05-18
CUST02763,Manoj Verma,customer02763@example.com,9961629782,Bengaluru,Karnataka,Business,2023-12-30
CUST02764,Meena Iyer,customer02764@example.com,9796061521,Bengaluru,Karnataka,Individual,2026-08-31
CUST02765,Swetha Pillai,customer02765@example.com,9764139517,Delhi,Delhi,Individual,2023-04-27
CUST02766,Sneha Nair,customer02766@example.com,9935927988,Vijayawada,Andhra Pradesh,Individual,2023-06-13
CUST02767,Manoj Reddy,customer02767@example.com,9310704092,Madurai,Tamil Nadu,Individual,2025-05-26
CUST02768,Divya Verma,customer02768@example.com,9585234006,Chennai,Tamil Nadu,Individual,2025-02-28
CUST02769,Nithya Verma,customer02769@example.com,9544975200,Madurai,Tamil Nadu,Individual,2024-07-30
CUST02770,Meena Kapoor,customer02770@example.com,9652276142,Madurai,Tamil Nadu,Business,2023-11-02
CUST02771,Vivek Nair,customer02771@example.com,9668638801,Jaipur,Rajasthan,Individual,2025-02-10
CUST02772,Rohit Menon,customer02772@example.com,9492621749,Madurai,Tamil Nadu,Individual,2023-07-19
CUST02773,Meena Bose,customer02773@example.com,9987185323,Pune,Maharashtra,Individual,2023-06-29
CUST02774,Karthik Iyer,customer02774@example.com,9865511008,Jaipur,Rajasthan,Individual,2023-12-24
CUST02775,Rahul Sinha,customer02775@example.com,9497708678,Vijayawada,Andhra Pradesh,Individual,2025-01-09
CUST02776,Suresh Pillai,customer02776@example.com,9909548914,Madurai,Tamil Nadu,Individual,2026-06-29
CUST02777,Harini Iyer,customer02777@example.com,9553443931,Salem,Tamil Nadu,Individual,2026-08-15
CUST02778,Kavya Singh,customer02778@example.com,9447193344,Mumbai,Maharashtra,Individual,2024-03-05
CUST02779,Vivek Rao,customer02779@example.com,9908943678,Bengaluru,Karnataka,Individual,2025-10-24
CUST02780,Karthik Menon,customer02780@example.com,9782100471,Jaipur,Rajasthan,Individual,2024-10-14
CUST02781,Ajay Das,customer02781@example.com,9102125542,Delhi,Delhi,Individual,2024-11-08
CUST02782,Kavya Naidu,customer02782@example.com,9927990241,Ahmedabad,Gujarat,Individual,2023-09-11
CUST02783,Arun Bose,customer02783@example.com,9285670054,Mumbai,Maharashtra,Individual,2025-07-29
CUST02784,Manoj Sinha,customer02784@example.com,9959063314,Delhi,Delhi,Individual,2026-01-24
CUST02785,Suresh Sinha,customer02785@example.com,9744904990,Hyderabad,Telangana,Individual,2023-06-16
CUST02786,Karthik Sinha,customer02786@example.com,9786041720,Delhi,Delhi,Business,2026-09-16
CUST02787,Divya Reddy,customer02787@example.com,9529486103,Bengaluru,Karnataka,Individual,2025-08-22
CUST02788,Karthik Menon,customer02788@example.com,9416013380,Bengaluru,Karnataka,Individual,2025-05-03
CUST02789,Suresh Joshi,customer02789@example.com,9511745238,Jaipur,Rajasthan,Individual,2025-12-21
CUST02790,Rohit Nair,customer02790@example.com,9491709906,Madurai,Tamil Nadu,Individual,2023-06-23
CUST02791,Rohit Joshi,customer02791@example.com,9939092160,Kolkata,West Bengal,Individual,2026-06-30
CUST02792,Rahul Patel,customer02792@example.com,9795431328,Hyderabad,Telangana,Individual,2024-09-15
CUST02793,Arun Kapoor,customer02793@example.com,9592692734,Jaipur,Rajasthan,Individual,2026-05-23
CUST02794,Priya Patel,customer02794@example.com,9388053361,Salem,Tamil Nadu,Individual,2026-06-16
CUST02795,Vivek Reddy,customer02795@example.com,9366430967,Chennai,Tamil Nadu,Individual,2024-02-19
CUST02796,Ajay Kumar,customer02796@example.com,9745564320,Coimbatore,Tamil Nadu,Individual,2025-01-08
CUST02797,Harini Naidu,customer02797@example.com,9769664927,Ahmedabad,Gujarat,Individual,2024-11-05
CUST02798,Arun Sharma,customer02798@example.com,9615785658,Delhi,Delhi,Individual,2023-05-06
CUST02799,Vivek Mishra,customer02799@example.com,9271576539,Kolkata,West Bengal,Business,2025-07-29
CUST02800,Dinesh Gupta,customer02800@example.com,9124322404,Madurai,Tamil Nadu,Business,2023-09-10
CUST02801,Vivek Reddy,customer02801@example.com,9375888296,Pune,Maharashtra,Business,2023-07-16
CUST02802,Harini Rao,customer02802@example.com,9322408203,Vijayawada,Andhra Pradesh,Business,2024-02-17
CUST02803,Vijay Kapoor,customer02803@example.com,9933455048,Chennai,Tamil Nadu,Individual,2025-02-14
CUST02804,Priya Reddy,customer02804@example.com,9813605361,Kochi,Kerala,Business,2025-12-13
CUST02805,Swetha Naidu,customer02805@example.com,9770657910,Trichy,Tamil Nadu,Individual,2026-09-24
CUST02806,Rohit Reddy,customer02806@example.com,9780595594,Kolkata,West Bengal,Individual,2026-10-14
CUST02807,Nithya Joshi,customer02807@example.com,9550652256,Vijayawada,Andhra Pradesh,Business,2026-03-20
CUST02808,Suresh Verma,customer02808@example.com,9111508917,Pune,Maharashtra,Individual,2026-01-28
CUST02809,Dinesh Naidu,customer02809@example.com,9302126392,Hyderabad,Telangana,Business,2023-08-22
CUST02810,Dinesh Joshi,customer02810@example.com,9431535401,Kochi,Kerala,Individual,2025-12-21
CUST02811,Nithya Sinha,customer02811@example.com,9980589665,Jaipur,Rajasthan,Individual,2023-07-15
CUST02812,Kavya Singh,customer02812@example.com,9259432390,Madurai,Tamil Nadu,Individual,2024-06-25
CUST02813,Meena Mehta,customer02813@example.com,9716662017,Chennai,Tamil Nadu,Individual,2026-02-03
CUST02814,Ananya Verma,customer02814@example.com,9362664146,Chennai,Tamil Nadu,Individual,2023-10-22
CUST02815,Ajay Singh,customer02815@example.com,9201518623,Chennai,Tamil Nadu,Business,2024-10-06
CUST02816,Meena Patel,customer02816@example.com,9272725385,Hyderabad,Telangana,Individual,2023-06-05
CUST02817,Vivek Sharma,customer02817@example.com,9724023144,Kochi,Kerala,Individual,2024-02-10
CUST02818,Manoj Reddy,customer02818@example.com,9242926553,Delhi,Delhi,Individual,2025-06-14
CUST02819,Divya Patel,customer02819@example.com,9206634461,Trichy,Tamil Nadu,Individual,2024-12-26
CUST02820,Swetha Kumar,customer02820@example.com,9880384586,Salem,Tamil Nadu,Individual,2025-01-07
CUST02821,Pooja Nair,customer02821@example.com,9475077480,Hyderabad,Telangana,Individual,2025-03-07
CUST02822,Rahul Singh,customer02822@example.com,9108614291,Coimbatore,Tamil Nadu,Individual,2024-07-07
CUST02823,Rohit Iyer,customer02823@example.com,9671689467,Ahmedabad,Gujarat,Individual,2024-01-10
CUST02824,Dinesh Pillai,customer02824@example.com,9428447891,Ahmedabad,Gujarat,Individual,2024-03-30
CUST02825,Divya Reddy,customer02825@example.com,9315663742,Trichy,Tamil Nadu,Individual,2023-07-21
CUST02826,Swetha Naidu,customer02826@example.com,9434249224,Bengaluru,Karnataka,Individual,2026-04-25
CUST02827,Vivek Nair,customer02827@example.com,9566814663,Ahmedabad,Gujarat,Individual,2025-05-03
CUST02828,Meena Reddy,customer02828@example.com,9755639566,Madurai,Tamil Nadu,Business,2024-12-24
CUST02829,Nithya Mehta,customer02829@example.com,9736131553,Hyderabad,Telangana,Individual,2026-10-23
CUST02830,Rohit Naidu,customer02830@example.com,9446102743,Pune,Maharashtra,Individual,2023-12-06
CUST02831,Vijay Nair,customer02831@example.com,9364342368,Trichy,Tamil Nadu,Individual,2023-09-19
CUST02832,Dinesh Kapoor,customer02832@example.com,9552901992,Coimbatore,Tamil Nadu,Individual,2024-06-26
CUST02833,Karthik Sharma,customer02833@example.com,9832680936,Bengaluru,Karnataka,Individual,2024-07-04
CUST02834,Pooja Joshi,customer02834@example.com,9235522796,Delhi,Delhi,Individual,2026-08-22
CUST02835,Divya Reddy,customer02835@example.com,9164434494,Kochi,Kerala,Business,2024-09-29
CUST02836,Sneha Rao,customer02836@example.com,9490365159,Pune,Maharashtra,Individual,2023-06-14
CUST02837,Ananya Gupta,customer02837@example.com,9978150874,Jaipur,Rajasthan,Individual,2025-01-27
CUST02838,Vijay Mehta,customer02838@example.com,9315366932,Trichy,Tamil Nadu,Individual,2024-09-12
CUST02839,Harini Nair,customer02839@example.com,9527254532,Madurai,Tamil Nadu,Individual,2026-01-16
CUST02840,Vivek Pillai,customer02840@example.com,9729679996,Kochi,Kerala,Business,2026-05-08
CUST02841,Nithya Joshi,customer02841@example.com,9965279906,Pune,Maharashtra,Individual,2026-07-18
CUST02842,Suresh Joshi,customer02842@example.com,9615411284,Bengaluru,Karnataka,Business,2023-02-20
CUST02843,Rohit Menon,customer02843@example.com,9391785155,Pune,Maharashtra,Individual,2024-05-03
CUST02844,Ananya Mehta,customer02844@example.com,9249466480,Vijayawada,Andhra Pradesh,Individual,2023-07-17
CUST02845,Nithya Sinha,customer02845@example.com,9810063023,Kochi,Kerala,Individual,2025-11-12
CUST02846,Suresh Bose,customer02846@example.com,9794729551,Mumbai,Maharashtra,Individual,2024-10-26
CUST02847,Arun Nair,customer02847@example.com,9896269560,Vijayawada,Andhra Pradesh,Individual,2026-05-31
CUST02848,Meena Rao,customer02848@example.com,9103987422,Salem,Tamil Nadu,Individual,2026-05-29
CUST02849,Rahul Mishra,customer02849@example.com,9608972505,Kolkata,West Bengal,Individual,2024-10-24
CUST02850,Vivek Sharma,customer02850@example.com,9374547901,Delhi,Delhi,Individual,2023-09-23
CUST02851,Nithya Bose,customer02851@example.com,9591400051,Ahmedabad,Gujarat,Individual,2023-03-14
CUST02852,Karthik Singh,customer02852@example.com,9930107333,Bengaluru,Karnataka,Individual,2023-03-18
CUST02853,Swetha Iyer,customer02853@example.com,9217248864,Kochi,Kerala,Business,2024-06-27
CUST02854,Sneha Nair,customer02854@example.com,9636511252,Salem,Tamil Nadu,Individual,2025-05-30
CUST02855,Vivek Kumar,customer02855@example.com,9747972687,Salem,Tamil Nadu,Individual,2024-03-10
CUST02856,Ananya Kumar,customer02856@example.com,9163238638,Jaipur,Rajasthan,Individual,2025-12-24
CUST02857,Suresh Sinha,customer02857@example.com,9370349350,Pune,Maharashtra,Individual,2023-12-23
CUST02858,Nithya Gupta,customer02858@example.com,9418523369,Kolkata,West Bengal,Individual,2025-07-24
CUST02859,Meena Mehta,customer02859@example.com,9493140344,Salem,Tamil Nadu,Individual,2023-01-18
CUST02860,Ananya Pillai,customer02860@example.com,9103243899,Kolkata,West Bengal,Individual,2024-11-06
CUST02861,Pooja Joshi,customer02861@example.com,9141879950,Vijayawada,Andhra Pradesh,Individual,2024-07-28
CUST02862,Rohit Gupta,customer02862@example.com,9321149121,Pune,Maharashtra,Individual,2025-01-20
CUST02863,Suresh Reddy,customer02863@example.com,9985215959,Kochi,Kerala,Individual,2025-09-22
CUST02864,Arun Reddy,customer02864@example.com,9966434871,Vijayawada,Andhra Pradesh,Business,2025-10-29
CUST02865,Ajay Iyer,customer02865@example.com,9983171888,Madurai,Tamil Nadu,Individual,2024-09-23
CUST02866,Vivek Sinha,customer02866@example.com,9167750491,Mumbai,Maharashtra,Individual,2026-10-03
CUST02867,Harini Mishra,customer02867@example.com,9124523904,Salem,Tamil Nadu,Individual,2024-01-07
CUST02868,Vivek Iyer,customer02868@example.com,9417763392,Hyderabad,Telangana,Business,2025-08-27
CUST02869,Ananya Sharma,customer02869@example.com,9964731675,Vijayawada,Andhra Pradesh,Individual,2026-04-13
CUST02870,Karthik Menon,customer02870@example.com,9653195875,Mumbai,Maharashtra,Individual,2026-02-27
CUST02871,Pooja Menon,customer02871@example.com,9995570579,Pune,Maharashtra,Business,2026-08-09
CUST02872,Swetha Mehta,customer02872@example.com,9881138351,Jaipur,Rajasthan,Individual,2023-12-19
CUST02873,Ajay Kumar,customer02873@example.com,9146421831,Delhi,Delhi,Individual,2023-08-12
CUST02874,Arun Pillai,customer02874@example.com,9276385088,Hyderabad,Telangana,Individual,2025-08-11
CUST02875,Arun Reddy,customer02875@example.com,9884878809,Bengaluru,Karnataka,Business,2024-01-03
CUST02876,Ajay Kumar,customer02876@example.com,9919123626,Ahmedabad,Gujarat,Business,2026-01-18
CUST02877,Vijay Rao,customer02877@example.com,9615207984,Jaipur,Rajasthan,Individual,2024-10-17
CUST02878,Manoj Bose,customer02878@example.com,9802048152,Mumbai,Maharashtra,Individual,2025-12-31
CUST02879,Divya Mehta,customer02879@example.com,9620863179,Pune,Maharashtra,Individual,2024-03-08
CUST02880,Vivek Kumar,customer02880@example.com,9651304616,Mumbai,Maharashtra,Individual,2026-10-03
CUST02881,Kavya Iyer,customer02881@example.com,9432778182,Ahmedabad,Gujarat,Individual,2026-07-10
CUST02882,Sneha Kumar,customer02882@example.com,9666269119,Salem,Tamil Nadu,Individual,2026-07-18
CUST02883,Arun Menon,customer02883@example.com,9572951996,Jaipur,Rajasthan,Business,2024-05-23
CUST02884,Meena Patel,customer02884@example.com,9467153163,Vijayawada,Andhra Pradesh,Individual,2024-05-22
CUST02885,Manoj Naidu,customer02885@example.com,9530029038,Kochi,Kerala,Individual,2024-09-08
CUST02886,Suresh Sinha,customer02886@example.com,9771137360,Hyderabad,Telangana,Individual,2024-02-24
CUST02887,Priya Rao,customer02887@example.com,9115960516,Coimbatore,Tamil Nadu,Individual,2025-12-31
CUST02888,Manoj Mishra,customer02888@example.com,9252582526,Trichy,Tamil Nadu,Individual,2023-03-15
CUST02889,Ananya Mehta,customer02889@example.com,9145517581,Mumbai,Maharashtra,Individual,2024-07-27
CUST02890,Manoj Verma,customer02890@example.com,9264069423,Ahmedabad,Gujarat,Individual,2023-05-26
CUST02891,Harini Sinha,customer02891@example.com,9241191376,Bengaluru,Karnataka,Individual,2023-02-15
CUST02892,Rahul Gupta,customer02892@example.com,9220509986,Bengaluru,Karnataka,Individual,2026-02-02
CUST02893,Swetha Singh,customer02893@example.com,9691101046,Chennai,Tamil Nadu,Business,2026-02-06
CUST02894,Manoj Sinha,customer02894@example.com,9792466240,Jaipur,Rajasthan,Individual,2026-09-02
CUST02895,Vijay Mishra,customer02895@example.com,9331299386,Mumbai,Maharashtra,Individual,2023-05-01
CUST02896,Meena Pillai,customer02896@example.com,9180732913,Trichy,Tamil Nadu,Individual,2025-12-02
CUST02897,Arun Bose,customer02897@example.com,9274071793,Madurai,Tamil Nadu,Individual,2023-04-09
CUST02898,Suresh Kapoor,customer02898@example.com,9915128014,Ahmedabad,Gujarat,Individual,2024-12-06
CUST02899,Sneha Bose,customer02899@example.com,9407994363,Salem,Tamil Nadu,Individual,2023-11-07
CUST02900,Priya Kumar,customer02900@example.com,9902610066,Kolkata,West Bengal,Business,2026-05-22
CUST02901,Rohit Verma,customer02901@example.com,9287091698,Vijayawada,Andhra Pradesh,Individual,2024-02-27
CUST02902,Manoj Pillai,customer02902@example.com,9428839721,Kochi,Kerala,Individual,2026-02-09
CUST02903,Dinesh Menon,customer02903@example.com,9896598674,Trichy,Tamil Nadu,Individual,2023-09-29
CUST02904,Kavya Mishra,customer02904@example.com,9617113894,Kolkata,West Bengal,Individual,2025-04-04
CUST02905,Rohit Joshi,customer02905@example.com,9627378611,Jaipur,Rajasthan,Individual,2026-01-30
CUST02906,Rahul Mishra,customer02906@example.com,9765409547,Vijayawada,Andhra Pradesh,Individual,2023-07-29
CUST02907,Meena Bose,customer02907@example.com,9380472914,Kolkata,West Bengal,Business,2025-01-08
CUST02908,Karthik Singh,customer02908@example.com,9658803886,Vijayawada,Andhra Pradesh,Business,2025-03-03
CUST02909,Harini Gupta,customer02909@example.com,9186310603,Coimbatore,Tamil Nadu,Individual,2025-11-11
CUST02910,Pooja Kapoor,customer02910@example.com,9711599485,Chennai,Tamil Nadu,Individual,2025-01-29
CUST02911,Ananya Mehta,customer02911@example.com,9747459659,Trichy,Tamil Nadu,Individual,2023-06-08
CUST02912,Ajay Gupta,customer02912@example.com,9713256273,Jaipur,Rajasthan,Business,2025-01-10
CUST02913,Rahul Rao,customer02913@example.com,9866878704,Trichy,Tamil Nadu,Individual,2023-12-09
CUST02914,Sneha Gupta,customer02914@example.com,9534329394,Coimbatore,Tamil Nadu,Individual,2024-11-29
CUST02915,Pooja Naidu,customer02915@example.com,9105646319,Mumbai,Maharashtra,Individual,2026-03-12
CUST02916,Vijay Mishra,customer02916@example.com,9581944874,Mumbai,Maharashtra,Individual,2024-02-01
CUST02917,Manoj Patel,customer02917@example.com,9543033633,Mumbai,Maharashtra,Individual,2024-06-19
CUST02918,Ananya Bose,customer02918@example.com,9414082031,Delhi,Delhi,Business,2023-05-21
CUST02919,Pooja Singh,customer02919@example.com,9233034032,Kolkata,West Bengal,Business,2025-08-18
CUST02920,Dinesh Mehta,customer02920@example.com,9918356881,Delhi,Delhi,Individual,2023-08-28
CUST02921,Ajay Kumar,customer02921@example.com,9601081724,Chennai,Tamil Nadu,Individual,2023-10-19
CUST02922,Kavya Singh,customer02922@example.com,9299738044,Kochi,Kerala,Business,2025-03-27
CUST02923,Suresh Iyer,customer02923@example.com,9963158108,Coimbatore,Tamil Nadu,Individual,2023-03-23
CUST02924,Priya Mehta,customer02924@example.com,9892078444,Jaipur,Rajasthan,Individual,2024-07-13
CUST02925,Divya Reddy,customer02925@example.com,9897525508,Trichy,Tamil Nadu,Individual,2025-05-19
CUST02926,Rohit Joshi,customer02926@example.com,9746171608,Vijayawada,Andhra Pradesh,Business,2023-06-20
CUST02927,Suresh Bose,customer02927@example.com,9811563287,Salem,Tamil Nadu,Individual,2025-09-03
CUST02928,Pooja Sharma,customer02928@example.com,9164817087,Jaipur,Rajasthan,Individual,2024-08-02
CUST02929,Meena Verma,customer02929@example.com,9868958778,Kolkata,West Bengal,Business,2024-06-09
CUST02930,Divya Gupta,customer02930@example.com,9403053093,Delhi,Delhi,Individual,2024-06-25
CUST02931,Meena Joshi,customer02931@example.com,9453157024,Delhi,Delhi,Business,2023-04-20
CUST02932,Manoj Nair,customer02932@example.com,9926027017,Pune,Maharashtra,Individual,2026-05-20
CUST02933,Rahul Kapoor,customer02933@example.com,9996652964,Delhi,Delhi,Individual,2023-11-18
CUST02934,Ajay Naidu,customer02934@example.com,9342318331,Kochi,Kerala,Individual,2025-06-18
CUST02935,Karthik Rao,customer02935@example.com,9502038240,Madurai,Tamil Nadu,Individual,2024-12-14
CUST02936,Dinesh Joshi,customer02936@example.com,9175636438,Trichy,Tamil Nadu,Individual,2023-03-25
CUST02937,Divya Sinha,customer02937@example.com,9174494969,Madurai,Tamil Nadu,Business,2025-08-13
CUST02938,Priya Sinha,customer02938@example.com,9567186301,Vijayawada,Andhra Pradesh,Individual,2024-01-11
CUST02939,Swetha Gupta,customer02939@example.com,9726706698,Trichy,Tamil Nadu,Business,2025-12-12
CUST02940,Arun Mishra,customer02940@example.com,9751976471,Coimbatore,Tamil Nadu,Individual,2026-07-03
CUST02941,Pooja Gupta,customer02941@example.com,9910711494,Trichy,Tamil Nadu,Individual,2024-08-08
CUST02942,Arun Nair,customer02942@example.com,9310683505,Madurai,Tamil Nadu,Individual,2026-05-28
CUST02943,Pooja Mishra,customer02943@example.com,9370654996,Jaipur,Rajasthan,Individual,2023-04-10
CUST02944,Vivek Mishra,customer02944@example.com,9686394771,Trichy,Tamil Nadu,Individual,2023-05-09
CUST02945,Suresh Bose,customer02945@example.com,9848886772,Coimbatore,Tamil Nadu,Business,2025-07-06
CUST02946,Dinesh Mehta,customer02946@example.com,9367501321,Coimbatore,Tamil Nadu,Individual,2023-08-07
CUST02947,Sneha Gupta,customer02947@example.com,9167047128,Chennai,Tamil Nadu,Individual,2024-04-21
CUST02948,Manoj Rao,customer02948@example.com,9109013678,Trichy,Tamil Nadu,Individual,2023-01-22
CUST02949,Swetha Mehta,customer02949@example.com,9393335011,Salem,Tamil Nadu,Individual,2024-07-13
CUST02950,Kavya Iyer,customer02950@example.com,9979994607,Pune,Maharashtra,Individual,2024-09-20
CUST02951,Suresh Singh,customer02951@example.com,9606898350,Mumbai,Maharashtra,Individual,2025-10-15
CUST02952,Ananya Patel,customer02952@example.com,9639400107,Bengaluru,Karnataka,Individual,2026-09-14
CUST02953,Manoj Nair,customer02953@example.com,9450856935,Coimbatore,Tamil Nadu,Individual,2023-12-05
CUST02954,Ananya Joshi,customer02954@example.com,9879526385,Hyderabad,Telangana,Individual,2023-06-28
CUST02955,Kavya Kumar,customer02955@example.com,9331502525,Mumbai,Maharashtra,Individual,2024-02-25
CUST02956,Dinesh Kapoor,customer02956@example.com,9165401572,Kochi,Kerala,Individual,2025-10-03
CUST02957,Swetha Gupta,customer02957@example.com,9455833921,Kolkata,West Bengal,Business,2023-02-18
CUST02958,Harini Patel,customer02958@example.com,9655686859,Trichy,Tamil Nadu,Individual,2025-02-05
CUST02959,Manoj Verma,customer02959@example.com,9591387257,Madurai,Tamil Nadu,Individual,2023-01-30
CUST02960,Meena Das,customer02960@example.com,9147282563,Bengaluru,Karnataka,Individual,2023-03-26
CUST02961,Vivek Iyer,customer02961@example.com,9801134614,Hyderabad,Telangana,Business,2025-02-27
CUST02962,Ananya Kapoor,customer02962@example.com,9760026124,Mumbai,Maharashtra,Individual,2023-11-25
CUST02963,Dinesh Singh,customer02963@example.com,9599482014,Trichy,Tamil Nadu,Individual,2024-09-01
CUST02964,Vivek Mehta,customer02964@example.com,9620286223,Chennai,Tamil Nadu,Individual,2024-03-09
CUST02965,Kavya Patel,customer02965@example.com,9766406184,Kolkata,West Bengal,Individual,2024-08-10
CUST02966,Meena Pillai,customer02966@example.com,9126145753,Bengaluru,Karnataka,Individual,2026-06-26
CUST02967,Meena Sinha,customer02967@example.com,9429309403,Pune,Maharashtra,Individual,2026-03-03
CUST02968,Arun Patel,customer02968@example.com,9133767168,Vijayawada,Andhra Pradesh,Individual,2024-11-20
CUST02969,Kavya Kumar,customer02969@example.com,9427573870,Chennai,Tamil Nadu,Individual,2026-10-20
CUST02970,Rahul Patel,customer02970@example.com,9282641892,Hyderabad,Telangana,Individual,2024-02-29
CUST02971,Vijay Naidu,customer02971@example.com,9937369462,Kochi,Kerala,Individual,2025-02-08
CUST02972,Arun Singh,customer02972@example.com,9829057719,Bengaluru,Karnataka,Individual,2024-05-26
CUST02973,Ananya Mehta,customer02973@example.com,9350802865,Chennai,Tamil Nadu,Business,2025-10-08
CUST02974,Nithya Sinha,customer02974@example.com,9644853441,Kolkata,West Bengal,Individual,2024-07-17
CUST02975,Arun Bose,customer02975@example.com,9276403491,Pune,Maharashtra,Business,2023-10-30
CUST02976,Rahul Rao,customer02976@example.com,9236246094,Chennai,Tamil Nadu,Individual,2023-04-09
CUST02977,Ananya Iyer,customer02977@example.com,9166207637,Delhi,Delhi,Business,2026-08-22
CUST02978,Suresh Rao,customer02978@example.com,9390063979,Pune,Maharashtra,Individual,2024-07-10
CUST02979,Rahul Reddy,customer02979@example.com,9387163580,Vijayawada,Andhra Pradesh,Individual,2023-02-11
CUST02980,Suresh Rao,customer02980@example.com,9276970929,Hyderabad,Telangana,Individual,2025-09-17
CUST02981,Vivek Patel,customer02981@example.com,9317010783,Kochi,Kerala,Individual,2024-04-12
CUST02982,Arun Kapoor,customer02982@example.com,9356660794,Kolkata,West Bengal,Individual,2024-03-15
CUST02983,Dinesh Mishra,customer02983@example.com,9742842643,Salem,Tamil Nadu,Individual,2023-11-23
CUST02984,Manoj Mishra,customer02984@example.com,9565142435,Trichy,Tamil Nadu,Individual,2024-07-22
CUST02985,Manoj Mishra,customer02985@example.com,9468689760,Madurai,Tamil Nadu,Individual,2023-02-02
CUST02986,Kavya Bose,customer02986@example.com,9851052017,Ahmedabad,Gujarat,Individual,2024-02-16
CUST02987,Arun Joshi,customer02987@example.com,9620284397,Jaipur,Rajasthan,Individual,2025-03-22
CUST02988,Sneha Mehta,customer02988@example.com,9267019650,Jaipur,Rajasthan,Individual,2026-02-11
CUST02989,Kavya Naidu,customer02989@example.com,9839672046,Madurai,Tamil Nadu,Individual,2024-05-22
CUST02990,Sneha Nair,customer02990@example.com,9858490714,Ahmedabad,Gujarat,Business,2023-02-25
CUST02991,Arun Kumar,customer02991@example.com,9152530820,Madurai,Tamil Nadu,Individual,2026-10-07
CUST02992,Vijay Reddy,customer02992@example.com,9303658362,Bengaluru,Karnataka,Individual,2026-09-14
CUST02993,Pooja Bose,customer02993@example.com,9716207262,Hyderabad,Telangana,Business,2024-06-29
CUST02994,Nithya Kumar,customer02994@example.com,9219363925,Kolkata,West Bengal,Individual,2026-07-17
CUST02995,Ajay Kapoor,customer02995@example.com,9235120290,Pune,Maharashtra,Individual,2023-07-15
CUST02996,Meena Menon,customer02996@example.com,9297297781,Bengaluru,Karnataka,Business,2024-02-17
CUST02997,Rohit Joshi,customer02997@example.com,9882043590,Hyderabad,Telangana,Individual,2024-09-28
CUST02998,Rahul Sinha,customer02998@example.com,9507060761,Trichy,Tamil Nadu,Individual,2026-01-07
CUST02999,Harini Sharma,customer02999@example.com,9523912448,Delhi,Delhi,Business,2026-01-11
CUST03000,Manoj Naidu,customer03000@example.com,9687100882,Jaipur,Rajasthan,Business,2025-01-11
CUST03001,Ajay Joshi,customer03001@example.com,9429463558,Kolkata,West Bengal,Individual,2023-05-17
CUST03002,Arun Sharma,customer03002@example.com,9320463011,Madurai,Tamil Nadu,Individual,2024-06-22
CUST03003,Arun Iyer,customer03003@example.com,9128740939,Chennai,Tamil Nadu,Individual,2024-11-19
CUST03004,Rahul Nair,customer03004@example.com,9552691155,Salem,Tamil Nadu,Individual,2024-12-19
CUST03005,Ajay Sinha,customer03005@example.com,9975884630,Kolkata,West Bengal,Individual,2025-07-21
CUST03006,Karthik Kumar,customer03006@example.com,9982627224,Coimbatore,Tamil Nadu,Individual,2023-11-02
CUST03007,Vijay Mehta,customer03007@example.com,9874010554,Kochi,Kerala,Business,2026-08-27
CUST03008,Divya Pillai,customer03008@example.com,9967317820,Ahmedabad,Gujarat,Business,2024-01-23
CUST03009,Harini Singh,customer03009@example.com,9281820188,Hyderabad,Telangana,Individual,2024-12-25
CUST03010,Priya Iyer,customer03010@example.com,9568891742,Mumbai,Maharashtra,Individual,2025-07-03
CUST03011,Arun Iyer,customer03011@example.com,9444933137,Trichy,Tamil Nadu,Individual,2024-07-02
CUST03012,Sneha Sharma,customer03012@example.com,9863475496,Delhi,Delhi,Individual,2024-05-20
CUST03013,Arun Singh,customer03013@example.com,9879598994,Trichy,Tamil Nadu,Individual,2024-01-23
CUST03014,Karthik Kumar,customer03014@example.com,9297766389,Kolkata,West Bengal,Individual,2023-10-20
CUST03015,Arun Das,customer03015@example.com,9527124355,Jaipur,Rajasthan,Individual,2023-06-28
CUST03016,Harini Bose,customer03016@example.com,9748276928,Ahmedabad,Gujarat,Business,2024-11-02
CUST03017,Ajay Sinha,customer03017@example.com,9876604794,Mumbai,Maharashtra,Individual,2026-08-28
CUST03018,Harini Menon,customer03018@example.com,9634019726,Coimbatore,Tamil Nadu,Individual,2023-03-21
CUST03019,Kavya Kumar,customer03019@example.com,9346682293,Pune,Maharashtra,Individual,2025-11-03
CUST03020,Meena Rao,customer03020@example.com,9194850751,Chennai,Tamil Nadu,Individual,2025-12-13
CUST03021,Rahul Naidu,customer03021@example.com,9980082375,Mumbai,Maharashtra,Business,2024-03-22
CUST03022,Rohit Menon,customer03022@example.com,9479300238,Hyderabad,Telangana,Individual,2025-02-04
CUST03023,Dinesh Bose,customer03023@example.com,9295227342,Madurai,Tamil Nadu,Individual,2025-12-24
CUST03024,Swetha Mishra,customer03024@example.com,9444193969,Coimbatore,Tamil Nadu,Individual,2026-10-27
CUST03025,Rahul Sharma,customer03025@example.com,9692647398,Chennai,Tamil Nadu,Individual,2024-05-17
CUST03026,Arun Sinha,customer03026@example.com,9542860053,Salem,Tamil Nadu,Business,2024-07-23
CUST03027,Rohit Joshi,customer03027@example.com,9673727121,Delhi,Delhi,Individual,2023-04-06
CUST03028,Priya Nair,customer03028@example.com,9167502209,Madurai,Tamil Nadu,Individual,2026-07-07
CUST03029,Pooja Naidu,customer03029@example.com,9378194467,Kolkata,West Bengal,Individual,2024-08-07
CUST03030,Vivek Gupta,customer03030@example.com,9992645651,Mumbai,Maharashtra,Individual,2023-09-05
CUST03031,Arun Nair,customer03031@example.com,9208824386,Jaipur,Rajasthan,Individual,2023-05-07
CUST03032,Harini Das,customer03032@example.com,9402148509,Chennai,Tamil Nadu,Individual,2024-05-13
CUST03033,Meena Iyer,customer03033@example.com,9716050742,Kochi,Kerala,Individual,2023-02-15
CUST03034,Rohit Kumar,customer03034@example.com,9129134401,Bengaluru,Karnataka,Business,2025-09-08
CUST03035,Priya Naidu,customer03035@example.com,9375458786,Kochi,Kerala,Individual,2023-09-25
CUST03036,Nithya Kapoor,customer03036@example.com,9486583577,Pune,Maharashtra,Individual,2023-04-04
CUST03037,Meena Rao,customer03037@example.com,9451245052,Kochi,Kerala,Business,2025-01-05
CUST03038,Meena Reddy,customer03038@example.com,9284263876,Salem,Tamil Nadu,Individual,2026-09-01
CUST03039,Manoj Reddy,customer03039@example.com,9415368065,Pune,Maharashtra,Individual,2024-09-03
CUST03040,Ananya Kapoor,customer03040@example.com,9333630962,Coimbatore,Tamil Nadu,Individual,2023-03-12
CUST03041,Rahul Naidu,customer03041@example.com,9169711671,Delhi,Delhi,Individual,2024-08-15
CUST03042,Swetha Singh,customer03042@example.com,9989422547,Coimbatore,Tamil Nadu,Individual,2024-03-24
CUST03043,Divya Mehta,customer03043@example.com,9957732285,Bengaluru,Karnataka,Individual,2026-10-22
CUST03044,Vijay Joshi,customer03044@example.com,9468997153,Hyderabad,Telangana,Individual,2024-09-11
CUST03045,Arun Joshi,customer03045@example.com,9503571425,Delhi,Delhi,Individual,2024-09-05
CUST03046,Ananya Mishra,customer03046@example.com,9676549621,Kochi,Kerala,Business,2023-04-01
CUST03047,Rahul Iyer,customer03047@example.com,9620009271,Jaipur,Rajasthan,Individual,2025-05-26
CUST03048,Karthik Kumar,customer03048@example.com,9418569014,Trichy,Tamil Nadu,Business,2024-06-11
CUST03049,Kavya Gupta,customer03049@example.com,9815654419,Hyderabad,Telangana,Individual,2026-02-07
CUST03050,Divya Reddy,customer03050@example.com,9311013016,Delhi,Delhi,Individual,2025-02-13
CUST03051,Priya Naidu,customer03051@example.com,9768270931,Delhi,Delhi,Individual,2024-11-02
CUST03052,Harini Kapoor,customer03052@example.com,9643850648,Bengaluru,Karnataka,Individual,2025-02-03
CUST03053,Nithya Kumar,customer03053@example.com,9280803124,Kolkata,West Bengal,Individual,2026-01-17
CUST03054,Meena Bose,customer03054@example.com,9406357645,Kochi,Kerala,Business,2026-07-19
CUST03055,Ananya Gupta,customer03055@example.com,9166565563,Bengaluru,Karnataka,Individual,2026-06-24
CUST03056,Pooja Kapoor,customer03056@example.com,9150708078,Delhi,Delhi,Individual,2023-12-27
CUST03057,Arun Bose,customer03057@example.com,9486878443,Chennai,Tamil Nadu,Individual,2024-01-13
CUST03058,Dinesh Rao,customer03058@example.com,9343588074,Hyderabad,Telangana,Individual,2026-05-14
CUST03059,Rohit Rao,customer03059@example.com,9362037437,Bengaluru,Karnataka,Individual,2023-12-11
CUST03060,Manoj Verma,customer03060@example.com,9171036390,Kolkata,West Bengal,Business,2025-03-08
CUST03061,Ajay Das,customer03061@example.com,9340769227,Ahmedabad,Gujarat,Business,2024-03-30
CUST03062,Pooja Sinha,customer03062@example.com,9902333807,Mumbai,Maharashtra,Individual,2025-06-26
CUST03063,Arun Kumar,customer03063@example.com,9819767876,Coimbatore,Tamil Nadu,Individual,2023-03-08
CUST03064,Kavya Reddy,customer03064@example.com,9765313214,Delhi,Delhi,Individual,2025-09-13
CUST03065,Rohit Iyer,customer03065@example.com,9982224385,Kochi,Kerala,Individual,2025-09-05
CUST03066,Pooja Sinha,customer03066@example.com,9640132277,Trichy,Tamil Nadu,Individual,2023-02-12
CUST03067,Manoj Sinha,customer03067@example.com,9903200527,Mumbai,Maharashtra,Business,2023-08-17
CUST03068,Arun Naidu,customer03068@example.com,9810408174,Pune,Maharashtra,Business,2023-08-22
CUST03069,Divya Patel,customer03069@example.com,9987120828,Jaipur,Rajasthan,Business,2026-05-07
CUST03070,Vijay Das,customer03070@example.com,9102205349,Jaipur,Rajasthan,Individual,2024-05-11
CUST03071,Dinesh Sinha,customer03071@example.com,9965206060,Vijayawada,Andhra Pradesh,Individual,2025-04-27
CUST03072,Swetha Kumar,customer03072@example.com,9443993213,Vijayawada,Andhra Pradesh,Individual,2025-11-21
CUST03073,Vivek Sinha,customer03073@example.com,9589441714,Madurai,Tamil Nadu,Individual,2026-07-11
CUST03074,Karthik Bose,customer03074@example.com,9758120105,Kolkata,West Bengal,Individual,2023-04-23
CUST03075,Pooja Pillai,customer03075@example.com,9406455831,Trichy,Tamil Nadu,Individual,2025-08-30
CUST03076,Sneha Rao,customer03076@example.com,9632922738,Ahmedabad,Gujarat,Individual,2024-04-03
CUST03077,Karthik Mishra,customer03077@example.com,9187763876,Ahmedabad,Gujarat,Individual,2026-07-23
CUST03078,Suresh Bose,customer03078@example.com,9777267704,Madurai,Tamil Nadu,Individual,2026-03-15
CUST03079,Sneha Bose,customer03079@example.com,9301841530,Kolkata,West Bengal,Business,2026-10-12
CUST03080,Harini Bose,customer03080@example.com,9170178996,Kochi,Kerala,Individual,2023-01-06
CUST03081,Kavya Mehta,customer03081@example.com,9574215102,Chennai,Tamil Nadu,Individual,2026-09-25
CUST03082,Vijay Joshi,customer03082@example.com,9284015846,Kochi,Kerala,Business,2025-09-18
CUST03083,Divya Iyer,customer03083@example.com,9884443469,Coimbatore,Tamil Nadu,Individual,2024-05-08
CUST03084,Kavya Rao,customer03084@example.com,9241552534,Mumbai,Maharashtra,Individual,2026-02-05
CUST03085,Rahul Patel,customer03085@example.com,9406665807,Hyderabad,Telangana,Individual,2023-03-12
CUST03086,Arun Sinha,customer03086@example.com,9625760596,Ahmedabad,Gujarat,Individual,2025-07-27
CUST03087,Kavya Rao,customer03087@example.com,9852942774,Jaipur,Rajasthan,Individual,2026-09-25
CUST03088,Rohit Sinha,customer03088@example.com,9672533430,Kolkata,West Bengal,Business,2024-11-04
CUST03089,Swetha Nair,customer03089@example.com,9546986243,Kochi,Kerala,Business,2026-01-28
CUST03090,Ananya Joshi,customer03090@example.com,9703845600,Hyderabad,Telangana,Individual,2026-09-12
CUST03091,Manoj Sharma,customer03091@example.com,9334246069,Coimbatore,Tamil Nadu,Individual,2025-11-22
CUST03092,Nithya Patel,customer03092@example.com,9493890108,Delhi,Delhi,Business,2023-05-23
CUST03093,Vijay Mishra,customer03093@example.com,9496039278,Pune,Maharashtra,Individual,2026-06-21
CUST03094,Rahul Nair,customer03094@example.com,9736376914,Mumbai,Maharashtra,Individual,2025-01-05
CUST03095,Swetha Joshi,customer03095@example.com,9728040442,Coimbatore,Tamil Nadu,Business,2024-12-26
CUST03096,Meena Joshi,customer03096@example.com,9761511300,Coimbatore,Tamil Nadu,Business,2023-08-05
CUST03097,Pooja Rao,customer03097@example.com,9196950883,Kochi,Kerala,Business,2024-03-09
CUST03098,Priya Iyer,customer03098@example.com,9169447646,Chennai,Tamil Nadu,Individual,2025-04-13
CUST03099,Manoj Singh,customer03099@example.com,9810820844,Madurai,Tamil Nadu,Individual,2025-12-13
CUST03100,Manoj Rao,customer03100@example.com,9493714577,Ahmedabad,Gujarat,Business,2024-12-20
CUST03101,Harini Sharma,customer03101@example.com,9437153707,Pune,Maharashtra,Individual,2025-07-30
CUST03102,Swetha Gupta,customer03102@example.com,9154364958,Mumbai,Maharashtra,Business,2025-06-25
CUST03103,Ajay Das,customer03103@example.com,9105169501,Delhi,Delhi,Individual,2025-09-21
CUST03104,Arun Mehta,customer03104@example.com,9418933908,Delhi,Delhi,Business,2026-03-20
CUST03105,Kavya Singh,customer03105@example.com,9598639534,Bengaluru,Karnataka,Individual,2023-02-24
CUST03106,Ajay Rao,customer03106@example.com,9911822134,Coimbatore,Tamil Nadu,Individual,2025-11-24
CUST03107,Karthik Iyer,customer03107@example.com,9447320680,Kolkata,West Bengal,Individual,2025-05-10
CUST03108,Vijay Mehta,customer03108@example.com,9924150723,Chennai,Tamil Nadu,Individual,2025-10-03
CUST03109,Rohit Reddy,customer03109@example.com,9978964164,Pune,Maharashtra,Individual,2026-02-16
CUST03110,Dinesh Bose,customer03110@example.com,9758296360,Kochi,Kerala,Individual,2026-05-05
CUST03111,Priya Menon,customer03111@example.com,9456797100,Delhi,Delhi,Business,2024-07-19
CUST03112,Pooja Iyer,customer03112@example.com,9330627657,Mumbai,Maharashtra,Individual,2025-02-09
CUST03113,Vivek Joshi,customer03113@example.com,9380082650,Bengaluru,Karnataka,Individual,2025-05-27
CUST03114,Ajay Joshi,customer03114@example.com,9372324815,Jaipur,Rajasthan,Individual,2025-04-03
CUST03115,Vivek Mishra,customer03115@example.com,9760047517,Ahmedabad,Gujarat,Business,2024-05-28
CUST03116,Divya Gupta,customer03116@example.com,9741805132,Mumbai,Maharashtra,Individual,2025-05-11
CUST03117,Swetha Singh,customer03117@example.com,9728010723,Chennai,Tamil Nadu,Individual,2024-02-26
CUST03118,Meena Kumar,customer03118@example.com,9444354900,Kolkata,West Bengal,Business,2024-05-31
CUST03119,Vijay Joshi,customer03119@example.com,9930554796,Bengaluru,Karnataka,Individual,2026-03-08
CUST03120,Arun Das,customer03120@example.com,9794776052,Jaipur,Rajasthan,Individual,2024-12-05
CUST03121,Rahul Patel,customer03121@example.com,9259255399,Bengaluru,Karnataka,Individual,2025-03-19
CUST03122,Karthik Singh,customer03122@example.com,9526938028,Madurai,Tamil Nadu,Individual,2023-02-13
CUST03123,Rahul Pillai,customer03123@example.com,9122467918,Pune,Maharashtra,Individual,2025-05-07
CUST03124,Divya Patel,customer03124@example.com,9312536531,Bengaluru,Karnataka,Business,2025-03-11
CUST03125,Karthik Sinha,customer03125@example.com,9483324755,Salem,Tamil Nadu,Business,2023-08-07
CUST03126,Suresh Gupta,customer03126@example.com,9697973676,Madurai,Tamil Nadu,Individual,2024-07-21
CUST03127,Manoj Reddy,customer03127@example.com,9437943734,Madurai,Tamil Nadu,Individual,2025-06-26
CUST03128,Divya Kumar,customer03128@example.com,9810700986,Chennai,Tamil Nadu,Individual,2023-09-15
CUST03129,Meena Naidu,customer03129@example.com,9856565124,Salem,Tamil Nadu,Individual,2025-08-18
CUST03130,Rahul Singh,customer03130@example.com,9601386229,Hyderabad,Telangana,Individual,2025-06-11
CUST03131,Suresh Pillai,customer03131@example.com,9941145333,Mumbai,Maharashtra,Business,2023-10-16
CUST03132,Arun Rao,customer03132@example.com,9640737403,Ahmedabad,Gujarat,Individual,2025-08-29
CUST03133,Suresh Naidu,customer03133@example.com,9298727429,Kolkata,West Bengal,Individual,2023-04-13
CUST03134,Ajay Bose,customer03134@example.com,9128954973,Trichy,Tamil Nadu,Individual,2025-03-14
CUST03135,Ananya Kumar,customer03135@example.com,9809290265,Mumbai,Maharashtra,Individual,2026-03-18
CUST03136,Harini Joshi,customer03136@example.com,9533314084,Bengaluru,Karnataka,Individual,2026-01-12
CUST03137,Arun Iyer,customer03137@example.com,9311698956,Kolkata,West Bengal,Individual,2025-11-15
CUST03138,Vijay Mishra,customer03138@example.com,9553420892,Delhi,Delhi,Individual,2026-04-13
CUST03139,Nithya Das,customer03139@example.com,9342154692,Hyderabad,Telangana,Individual,2026-10-01
CUST03140,Ananya Nair,customer03140@example.com,9872548120,Delhi,Delhi,Individual,2023-10-29
CUST03141,Harini Naidu,customer03141@example.com,9713884887,Salem,Tamil Nadu,Individual,2026-08-14
CUST03142,Vivek Singh,customer03142@example.com,9184319966,Vijayawada,Andhra Pradesh,Business,2026-03-04
CUST03143,Dinesh Rao,customer03143@example.com,9577300755,Delhi,Delhi,Business,2025-12-14
CUST03144,Ajay Mishra,customer03144@example.com,9820275387,Kochi,Kerala,Individual,2023-02-25
CUST03145,Nithya Menon,customer03145@example.com,9677488584,Pune,Maharashtra,Individual,2025-10-11
CUST03146,Pooja Iyer,customer03146@example.com,9208915092,Mumbai,Maharashtra,Business,2024-01-09
CUST03147,Sneha Sharma,customer03147@example.com,9269243762,Trichy,Tamil Nadu,Individual,2025-04-10
CUST03148,Ajay Joshi,customer03148@example.com,9592586878,Kochi,Kerala,Individual,2025-07-08
CUST03149,Dinesh Sinha,customer03149@example.com,9797631420,Vijayawada,Andhra Pradesh,Individual,2026-09-24
CUST03150,Dinesh Kumar,customer03150@example.com,9585855182,Chennai,Tamil Nadu,Individual,2024-04-01
CUST03151,Divya Bose,customer03151@example.com,9325347609,Trichy,Tamil Nadu,Individual,2026-10-10
CUST03152,Priya Das,customer03152@example.com,9233157429,Delhi,Delhi,Individual,2023-05-12
CUST03153,Sneha Bose,customer03153@example.com,9679776169,Bengaluru,Karnataka,Business,2024-05-07
CUST03154,Suresh Mehta,customer03154@example.com,9885826186,Jaipur,Rajasthan,Individual,2023-04-20
CUST03155,Dinesh Gupta,customer03155@example.com,9448907428,Hyderabad,Telangana,Individual,2024-08-04
CUST03156,Divya Singh,customer03156@example.com,9690089192,Ahmedabad,Gujarat,Business,2025-03-06
CUST03157,Suresh Das,customer03157@example.com,9250719868,Coimbatore,Tamil Nadu,Business,2026-02-23
CUST03158,Rohit Sharma,customer03158@example.com,9664036106,Trichy,Tamil Nadu,Business,2026-08-12
CUST03159,Pooja Reddy,customer03159@example.com,9288278298,Ahmedabad,Gujarat,Business,2026-04-17
CUST03160,Dinesh Das,customer03160@example.com,9469437533,Ahmedabad,Gujarat,Individual,2025-03-20
CUST03161,Nithya Bose,customer03161@example.com,9125457746,Delhi,Delhi,Business,2025-06-04
CUST03162,Kavya Iyer,customer03162@example.com,9222841889,Hyderabad,Telangana,Individual,2026-05-05
CUST03163,Dinesh Sinha,customer03163@example.com,9669090597,Kolkata,West Bengal,Individual,2025-02-11
CUST03164,Rohit Sharma,customer03164@example.com,9792181078,Mumbai,Maharashtra,Individual,2026-01-29
CUST03165,Harini Verma,customer03165@example.com,9865288372,Ahmedabad,Gujarat,Individual,2025-07-25
CUST03166,Priya Menon,customer03166@example.com,9841794624,Madurai,Tamil Nadu,Business,2024-07-26
CUST03167,Arun Singh,customer03167@example.com,9753668738,Vijayawada,Andhra Pradesh,Individual,2026-04-21
CUST03168,Kavya Rao,customer03168@example.com,9247256258,Pune,Maharashtra,Individual,2025-03-19
CUST03169,Ananya Rao,customer03169@example.com,9682965915,Hyderabad,Telangana,Individual,2025-05-28
CUST03170,Sneha Kumar,customer03170@example.com,9816686733,Bengaluru,Karnataka,Individual,2025-10-29
CUST03171,Meena Mishra,customer03171@example.com,9225001523,Salem,Tamil Nadu,Individual,2024-02-17
CUST03172,Swetha Reddy,customer03172@example.com,9743727645,Bengaluru,Karnataka,Individual,2025-04-09
CUST03173,Swetha Kapoor,customer03173@example.com,9251006901,Hyderabad,Telangana,Business,2024-07-19
CUST03174,Pooja Pillai,customer03174@example.com,9355663044,Bengaluru,Karnataka,Individual,2023-04-14
CUST03175,Pooja Das,customer03175@example.com,9746893936,Ahmedabad,Gujarat,Individual,2026-02-23
CUST03176,Ajay Gupta,customer03176@example.com,9450075534,Mumbai,Maharashtra,Individual,2024-11-07
CUST03177,Karthik Mehta,customer03177@example.com,9662054565,Bengaluru,Karnataka,Individual,2025-08-02
CUST03178,Swetha Naidu,customer03178@example.com,9659158989,Trichy,Tamil Nadu,Individual,2023-09-27
CUST03179,Ajay Pillai,customer03179@example.com,9785177485,Madurai,Tamil Nadu,Individual,2024-04-10
CUST03180,Arun Bose,customer03180@example.com,9304572090,Bengaluru,Karnataka,Individual,2025-03-11
CUST03181,Vijay Patel,customer03181@example.com,9363743216,Madurai,Tamil Nadu,Individual,2026-02-15
CUST03182,Meena Naidu,customer03182@example.com,9571260159,Jaipur,Rajasthan,Individual,2026-01-20
CUST03183,Vijay Nair,customer03183@example.com,9361615175,Delhi,Delhi,Individual,2025-10-01
CUST03184,Nithya Patel,customer03184@example.com,9622920850,Chennai,Tamil Nadu,Individual,2026-01-15
CUST03185,Ajay Joshi,customer03185@example.com,9116032031,Mumbai,Maharashtra,Individual,2023-08-22
CUST03186,Meena Sharma,customer03186@example.com,9505762142,Vijayawada,Andhra Pradesh,Individual,2025-07-01
CUST03187,Sneha Das,customer03187@example.com,9794811292,Ahmedabad,Gujarat,Business,2026-02-21
CUST03188,Ananya Verma,customer03188@example.com,9507545896,Chennai,Tamil Nadu,Individual,2026-05-11
CUST03189,Vivek Das,customer03189@example.com,9612479562,Ahmedabad,Gujarat,Individual,2025-11-21
CUST03190,Karthik Mishra,customer03190@example.com,9249919532,Delhi,Delhi,Individual,2023-12-23
CUST03191,Dinesh Mishra,customer03191@example.com,9523831308,Ahmedabad,Gujarat,Individual,2025-08-21
CUST03192,Ajay Kumar,customer03192@example.com,9278848922,Jaipur,Rajasthan,Individual,2023-04-04
CUST03193,Dinesh Kumar,customer03193@example.com,9408578807,Mumbai,Maharashtra,Business,2026-01-28
CUST03194,Ananya Menon,customer03194@example.com,9692040210,Hyderabad,Telangana,Business,2023-09-01
CUST03195,Rahul Kapoor,customer03195@example.com,9511319961,Hyderabad,Telangana,Business,2023-02-27
CUST03196,Rohit Patel,customer03196@example.com,9534120244,Madurai,Tamil Nadu,Business,2025-08-22
CUST03197,Sneha Reddy,customer03197@example.com,9788674994,Delhi,Delhi,Individual,2026-10-12
CUST03198,Kavya Kumar,customer03198@example.com,9322996388,Madurai,Tamil Nadu,Individual,2023-11-16
CUST03199,Pooja Iyer,customer03199@example.com,9467077103,Jaipur,Rajasthan,Individual,2025-11-08
CUST03200,Rohit Menon,customer03200@example.com,9808999304,Pune,Maharashtra,Business,2023-12-23
CUST03201,Ajay Pillai,customer03201@example.com,9663974910,Bengaluru,Karnataka,Individual,2023-04-27
CUST03202,Kavya Iyer,customer03202@example.com,9128320731,Coimbatore,Tamil Nadu,Individual,2026-03-05
CUST03203,Vijay Sinha,customer03203@example.com,9494958559,Pune,Maharashtra,Individual,2023-10-23
CUST03204,Kavya Patel,customer03204@example.com,9411051443,Bengaluru,Karnataka,Business,2024-06-08
CUST03205,Karthik Mehta,customer03205@example.com,9773864885,Mumbai,Maharashtra,Individual,2026-01-29
CUST03206,Dinesh Sinha,customer03206@example.com,9408762866,Madurai,Tamil Nadu,Individual,2026-03-24
CUST03207,Arun Iyer,customer03207@example.com,9158295391,Vijayawada,Andhra Pradesh,Business,2026-02-02
CUST03208,Priya Kumar,customer03208@example.com,9677888452,Mumbai,Maharashtra,Individual,2026-02-25
CUST03209,Karthik Gupta,customer03209@example.com,9995618951,Jaipur,Rajasthan,Business,2024-02-05
CUST03210,Suresh Sinha,customer03210@example.com,9891929357,Kochi,Kerala,Individual,2025-01-08
CUST03211,Manoj Sharma,customer03211@example.com,9164696951,Kochi,Kerala,Individual,2024-06-12
CUST03212,Karthik Nair,customer03212@example.com,9245040770,Kochi,Kerala,Business,2024-07-10
CUST03213,Meena Patel,customer03213@example.com,9950047383,Jaipur,Rajasthan,Individual,2024-07-03
CUST03214,Kavya Patel,customer03214@example.com,9817194508,Vijayawada,Andhra Pradesh,Individual,2026-02-21
CUST03215,Suresh Verma,customer03215@example.com,9664645447,Ahmedabad,Gujarat,Individual,2023-12-26
CUST03216,Ananya Bose,customer03216@example.com,9695708073,Mumbai,Maharashtra,Individual,2023-03-05
CUST03217,Harini Sinha,customer03217@example.com,9705057182,Bengaluru,Karnataka,Individual,2025-02-03
CUST03218,Ananya Reddy,customer03218@example.com,9691244796,Jaipur,Rajasthan,Individual,2025-02-12
CUST03219,Vivek Kumar,customer03219@example.com,9485292734,Kochi,Kerala,Individual,2024-09-15
CUST03220,Rahul Iyer,customer03220@example.com,9854890393,Vijayawada,Andhra Pradesh,Business,2023-04-12
CUST03221,Manoj Mishra,customer03221@example.com,9639260817,Delhi,Delhi,Individual,2024-07-14
CUST03222,Rohit Patel,customer03222@example.com,9423503097,Jaipur,Rajasthan,Individual,2026-07-24
CUST03223,Ajay Patel,customer03223@example.com,9235107640,Salem,Tamil Nadu,Individual,2026-06-04
CUST03224,Suresh Sharma,customer03224@example.com,9208121606,Ahmedabad,Gujarat,Individual,2025-11-12
CUST03225,Vivek Joshi,customer03225@example.com,9939561327,Bengaluru,Karnataka,Business,2025-04-23
CUST03226,Dinesh Bose,customer03226@example.com,9909295919,Kochi,Kerala,Individual,2025-12-23
CUST03227,Swetha Nair,customer03227@example.com,9208654159,Kolkata,West Bengal,Business,2026-03-26
CUST03228,Ajay Singh,customer03228@example.com,9324262006,Hyderabad,Telangana,Individual,2026-03-18
CUST03229,Rohit Menon,customer03229@example.com,9321868407,Vijayawada,Andhra Pradesh,Individual,2025-04-18
CUST03230,Rohit Nair,customer03230@example.com,9347653179,Hyderabad,Telangana,Individual,2026-10-18
CUST03231,Vivek Das,customer03231@example.com,9742209824,Pune,Maharashtra,Individual,2024-11-11
CUST03232,Dinesh Gupta,customer03232@example.com,9217578231,Hyderabad,Telangana,Individual,2024-10-06
CUST03233,Vijay Sharma,customer03233@example.com,9425342210,Bengaluru,Karnataka,Individual,2024-02-03
CUST03234,Meena Bose,customer03234@example.com,9679886595,Trichy,Tamil Nadu,Individual,2024-02-09
CUST03235,Ajay Das,customer03235@example.com,9694540387,Madurai,Tamil Nadu,Business,2025-04-05
CUST03236,Rohit Gupta,customer03236@example.com,9643555331,Bengaluru,Karnataka,Individual,2026-03-01
CUST03237,Suresh Bose,customer03237@example.com,9403548457,Ahmedabad,Gujarat,Individual,2026-05-05
CUST03238,Meena Verma,customer03238@example.com,9682486024,Salem,Tamil Nadu,Individual,2024-10-08
CUST03239,Sneha Verma,customer03239@example.com,9963992807,Bengaluru,Karnataka,Individual,2023-02-04
CUST03240,Meena Sinha,customer03240@example.com,9230278194,Jaipur,Rajasthan,Business,2024-02-24
CUST03241,Swetha Singh,customer03241@example.com,9545149840,Vijayawada,Andhra Pradesh,Individual,2024-01-12
CUST03242,Rohit Nair,customer03242@example.com,9524488848,Coimbatore,Tamil Nadu,Individual,2023-08-08
CUST03243,Swetha Das,customer03243@example.com,9725004128,Vijayawada,Andhra Pradesh,Individual,2024-11-27
CUST03244,Suresh Nair,customer03244@example.com,9898009107,Madurai,Tamil Nadu,Individual,2023-12-08
CUST03245,Rohit Das,customer03245@example.com,9599219597,Kolkata,West Bengal,Individual,2025-01-22
CUST03246,Rahul Mehta,customer03246@example.com,9217396245,Hyderabad,Telangana,Individual,2024-02-20
CUST03247,Priya Pillai,customer03247@example.com,9703108787,Madurai,Tamil Nadu,Business,2026-08-13
CUST03248,Nithya Sinha,customer03248@example.com,9752803098,Hyderabad,Telangana,Individual,2025-07-26
CUST03249,Pooja Kapoor,customer03249@example.com,9185920810,Pune,Maharashtra,Individual,2026-09-16
CUST03250,Ananya Kapoor,customer03250@example.com,9848106882,Madurai,Tamil Nadu,Individual,2025-10-03
CUST03251,Sneha Reddy,customer03251@example.com,9250248663,Kochi,Kerala,Individual,2024-11-10
CUST03252,Suresh Mehta,customer03252@example.com,9531621725,Ahmedabad,Gujarat,Business,2026-09-24
CUST03253,Rahul Joshi,customer03253@example.com,9147531527,Ahmedabad,Gujarat,Business,2025-01-17
CUST03254,Rahul Bose,customer03254@example.com,9223297112,Hyderabad,Telangana,Individual,2025-03-16
CUST03255,Vivek Gupta,customer03255@example.com,9985288443,Kolkata,West Bengal,Individual,2026-08-14
CUST03256,Swetha Pillai,customer03256@example.com,9784447369,Kochi,Kerala,Individual,2023-11-08
CUST03257,Vijay Bose,customer03257@example.com,9740992668,Chennai,Tamil Nadu,Individual,2023-02-24
CUST03258,Pooja Mehta,customer03258@example.com,9194589863,Mumbai,Maharashtra,Individual,2024-11-24
CUST03259,Rohit Patel,customer03259@example.com,9450915829,Mumbai,Maharashtra,Business,2024-06-17
CUST03260,Harini Joshi,customer03260@example.com,9428199616,Kolkata,West Bengal,Individual,2023-04-15
CUST03261,Rahul Nair,customer03261@example.com,9681446643,Coimbatore,Tamil Nadu,Individual,2026-04-13
CUST03262,Sneha Rao,customer03262@example.com,9428306708,Chennai,Tamil Nadu,Business,2023-10-21
CUST03263,Kavya Pillai,customer03263@example.com,9768623846,Pune,Maharashtra,Individual,2025-05-29
CUST03264,Harini Patel,customer03264@example.com,9632948375,Kolkata,West Bengal,Business,2024-07-04
CUST03265,Meena Kumar,customer03265@example.com,9660157128,Kochi,Kerala,Individual,2025-06-29
CUST03266,Dinesh Naidu,customer03266@example.com,9713682165,Mumbai,Maharashtra,Business,2024-01-10
CUST03267,Ajay Verma,customer03267@example.com,9570917017,Jaipur,Rajasthan,Individual,2024-03-25
CUST03268,Arun Naidu,customer03268@example.com,9379699720,Mumbai,Maharashtra,Individual,2025-12-19
CUST03269,Pooja Pillai,customer03269@example.com,9918777747,Mumbai,Maharashtra,Individual,2025-03-22
CUST03270,Pooja Gupta,customer03270@example.com,9966314466,Kochi,Kerala,Individual,2024-01-25
CUST03271,Sneha Gupta,customer03271@example.com,9828657699,Delhi,Delhi,Individual,2026-05-20
CUST03272,Rahul Pillai,customer03272@example.com,9356720873,Kolkata,West Bengal,Business,2024-10-28
CUST03273,Arun Nair,customer03273@example.com,9514793251,Bengaluru,Karnataka,Business,2026-06-17
CUST03274,Arun Mehta,customer03274@example.com,9271739134,Vijayawada,Andhra Pradesh,Individual,2026-02-19
CUST03275,Rohit Joshi,customer03275@example.com,9567127368,Pune,Maharashtra,Individual,2026-06-30
CUST03276,Suresh Kapoor,customer03276@example.com,9807231232,Mumbai,Maharashtra,Individual,2023-05-21
CUST03277,Sneha Kumar,customer03277@example.com,9526454084,Vijayawada,Andhra Pradesh,Individual,2025-05-23
CUST03278,Karthik Verma,customer03278@example.com,9422606024,Ahmedabad,Gujarat,Individual,2026-03-22
CUST03279,Harini Naidu,customer03279@example.com,9438653988,Jaipur,Rajasthan,Business,2026-08-24
CUST03280,Manoj Singh,customer03280@example.com,9258499538,Hyderabad,Telangana,Individual,2026-09-02
CUST03281,Rahul Kumar,customer03281@example.com,9409375977,Kolkata,West Bengal,Individual,2026-08-12
CUST03282,Swetha Pillai,customer03282@example.com,9223943786,Salem,Tamil Nadu,Individual,2025-04-22
CUST03283,Divya Kumar,customer03283@example.com,9369704799,Kochi,Kerala,Business,2026-09-30
CUST03284,Harini Mishra,customer03284@example.com,9375717516,Delhi,Delhi,Individual,2024-08-19
CUST03285,Ananya Iyer,customer03285@example.com,9222331219,Ahmedabad,Gujarat,Individual,2026-07-29
CUST03286,Ajay Pillai,customer03286@example.com,9262878179,Kolkata,West Bengal,Individual,2026-05-16
CUST03287,Sneha Kumar,customer03287@example.com,9510807594,Pune,Maharashtra,Individual,2025-08-09
CUST03288,Dinesh Joshi,customer03288@example.com,9808054308,Jaipur,Rajasthan,Individual,2024-07-05
CUST03289,Sneha Pillai,customer03289@example.com,9847100105,Delhi,Delhi,Individual,2026-01-24
CUST03290,Pooja Bose,customer03290@example.com,9498121752,Pune,Maharashtra,Individual,2024-01-08
CUST03291,Meena Rao,customer03291@example.com,9360557532,Ahmedabad,Gujarat,Individual,2024-10-09
CUST03292,Rohit Mehta,customer03292@example.com,9247401943,Kolkata,West Bengal,Business,2026-01-01
CUST03293,Manoj Mehta,customer03293@example.com,9795344358,Bengaluru,Karnataka,Individual,2023-11-29
CUST03294,Kavya Joshi,customer03294@example.com,9391365192,Ahmedabad,Gujarat,Individual,2024-01-28
CUST03295,Kavya Mishra,customer03295@example.com,9761553577,Salem,Tamil Nadu,Individual,2026-02-03
CUST03296,Meena Naidu,customer03296@example.com,9866010113,Pune,Maharashtra,Individual,2026-01-29
CUST03297,Priya Singh,customer03297@example.com,9198022595,Delhi,Delhi,Individual,2026-10-14
CUST03298,Dinesh Nair,customer03298@example.com,9160116871,Delhi,Delhi,Individual,2026-09-14
CUST03299,Vivek Pillai,customer03299@example.com,9780206943,Vijayawada,Andhra Pradesh,Individual,2024-01-30
CUST03300,Sneha Patel,customer03300@example.com,9323500813,Pune,Maharashtra,Business,2023-02-04
CUST03301,Sneha Bose,customer03301@example.com,9509725552,Trichy,Tamil Nadu,Business,2023-06-06
CUST03302,Priya Nair,customer03302@example.com,9791664894,Kolkata,West Bengal,Individual,2025-06-22
CUST03303,Suresh Nair,customer03303@example.com,9890578452,Trichy,Tamil Nadu,Individual,2026-07-20
CUST03304,Ananya Kapoor,customer03304@example.com,9811332759,Coimbatore,Tamil Nadu,Business,2025-08-24
CUST03305,Karthik Singh,customer03305@example.com,9466181297,Kolkata,West Bengal,Individual,2024-01-31
CUST03306,Kavya Iyer,customer03306@example.com,9976487121,Pune,Maharashtra,Individual,2023-07-26
CUST03307,Dinesh Iyer,customer03307@example.com,9930625215,Chennai,Tamil Nadu,Business,2024-09-12
CUST03308,Dinesh Patel,customer03308@example.com,9552295999,Jaipur,Rajasthan,Business,2026-08-22
CUST03309,Suresh Nair,customer03309@example.com,9817455335,Pune,Maharashtra,Individual,2025-03-15
CUST03310,Manoj Rao,customer03310@example.com,9456280217,Trichy,Tamil Nadu,Individual,2024-04-06
CUST03311,Rohit Menon,customer03311@example.com,9721073567,Bengaluru,Karnataka,Individual,2023-09-09
CUST03312,Ajay Pillai,customer03312@example.com,9398592747,Jaipur,Rajasthan,Business,2026-07-14
CUST03313,Vijay Patel,customer03313@example.com,9872426040,Pune,Maharashtra,Business,2025-05-16
CUST03314,Divya Kapoor,customer03314@example.com,9304797558,Pune,Maharashtra,Individual,2023-07-28
CUST03315,Meena Joshi,customer03315@example.com,9250751223,Bengaluru,Karnataka,Individual,2025-08-12
CUST03316,Rahul Das,customer03316@example.com,9362520756,Pune,Maharashtra,Individual,2024-06-22
CUST03317,Rohit Verma,customer03317@example.com,9980690336,Jaipur,Rajasthan,Individual,2025-04-14
CUST03318,Suresh Sharma,customer03318@example.com,9924097075,Mumbai,Maharashtra,Business,2024-05-17
CUST03319,Swetha Rao,customer03319@example.com,9274591838,Chennai,Tamil Nadu,Individual,2025-08-13
CUST03320,Priya Sharma,customer03320@example.com,9528944529,Hyderabad,Telangana,Individual,2024-05-28
CUST03321,Rahul Bose,customer03321@example.com,9507764363,Chennai,Tamil Nadu,Individual,2024-08-02
CUST03322,Dinesh Singh,customer03322@example.com,9848255320,Kochi,Kerala,Individual,2026-03-17
CUST03323,Swetha Kapoor,customer03323@example.com,9133693676,Salem,Tamil Nadu,Individual,2025-04-19
CUST03324,Swetha Menon,customer03324@example.com,9122571742,Vijayawada,Andhra Pradesh,Individual,2025-09-12
CUST03325,Suresh Mehta,customer03325@example.com,9268493833,Pune,Maharashtra,Business,2023-03-24
CUST03326,Harini Bose,customer03326@example.com,9287977011,Mumbai,Maharashtra,Individual,2025-12-01
CUST03327,Harini Joshi,customer03327@example.com,9750034721,Kolkata,West Bengal,Business,2023-06-05
CUST03328,Priya Sharma,customer03328@example.com,9169699954,Pune,Maharashtra,Individual,2024-03-28
CUST03329,Nithya Singh,customer03329@example.com,9543633645,Trichy,Tamil Nadu,Individual,2026-07-31
CUST03330,Manoj Joshi,customer03330@example.com,9641307046,Ahmedabad,Gujarat,Individual,2026-04-26
CUST03331,Ananya Patel,customer03331@example.com,9825420423,Mumbai,Maharashtra,Business,2024-09-08
CUST03332,Kavya Das,customer03332@example.com,9894959484,Bengaluru,Karnataka,Individual,2024-09-15
CUST03333,Priya Reddy,customer03333@example.com,9765826015,Mumbai,Maharashtra,Individual,2024-05-21
CUST03334,Meena Verma,customer03334@example.com,9251960042,Kochi,Kerala,Business,2026-03-02
CUST03335,Meena Menon,customer03335@example.com,9941167772,Bengaluru,Karnataka,Individual,2026-07-18
CUST03336,Rahul Kapoor,customer03336@example.com,9880752021,Coimbatore,Tamil Nadu,Business,2024-09-13
CUST03337,Meena Rao,customer03337@example.com,9514799315,Hyderabad,Telangana,Business,2026-01-01
CUST03338,Harini Naidu,customer03338@example.com,9561703109,Madurai,Tamil Nadu,Individual,2023-10-20
CUST03339,Nithya Sharma,customer03339@example.com,9469041084,Jaipur,Rajasthan,Individual,2024-10-16
CUST03340,Vijay Kapoor,customer03340@example.com,9582321450,Mumbai,Maharashtra,Individual,2025-07-25
CUST03341,Divya Nair,customer03341@example.com,9136275120,Jaipur,Rajasthan,Individual,2025-01-26
CUST03342,Sneha Gupta,customer03342@example.com,9784220444,Delhi,Delhi,Business,2025-09-22
CUST03343,Kavya Sinha,customer03343@example.com,9406038633,Trichy,Tamil Nadu,Business,2024-10-28
CUST03344,Dinesh Menon,customer03344@example.com,9542464080,Pune,Maharashtra,Individual,2023-03-01
CUST03345,Nithya Patel,customer03345@example.com,9408411060,Trichy,Tamil Nadu,Individual,2023-11-23
CUST03346,Swetha Pillai,customer03346@example.com,9542156705,Jaipur,Rajasthan,Individual,2026-04-20
CUST03347,Sneha Menon,customer03347@example.com,9504912255,Chennai,Tamil Nadu,Individual,2025-03-09
CUST03348,Kavya Nair,customer03348@example.com,9351570942,Madurai,Tamil Nadu,Individual,2025-02-23
CUST03349,Manoj Kumar,customer03349@example.com,9455921189,Chennai,Tamil Nadu,Individual,2025-02-05
CUST03350,Swetha Pillai,customer03350@example.com,9658377400,Coimbatore,Tamil Nadu,Individual,2024-06-02
CUST03351,Dinesh Kumar,customer03351@example.com,9321887332,Madurai,Tamil Nadu,Individual,2024-09-29
CUST03352,Vijay Pillai,customer03352@example.com,9586634883,Madurai,Tamil Nadu,Individual,2023-03-24
CUST03353,Rahul Kumar,customer03353@example.com,9473348093,Chennai,Tamil Nadu,Individual,2023-01-28
CUST03354,Divya Verma,customer03354@example.com,9786392961,Bengaluru,Karnataka,Business,2023-09-23
CUST03355,Dinesh Verma,customer03355@example.com,9113742603,Kochi,Kerala,Individual,2026-07-30
CUST03356,Ajay Kumar,customer03356@example.com,9290473925,Jaipur,Rajasthan,Business,2024-02-01
CUST03357,Dinesh Reddy,customer03357@example.com,9747078647,Chennai,Tamil Nadu,Individual,2025-08-19
CUST03358,Divya Singh,customer03358@example.com,9157157741,Trichy,Tamil Nadu,Business,2025-02-01
CUST03359,Vijay Nair,customer03359@example.com,9671942215,Bengaluru,Karnataka,Business,2025-09-06
CUST03360,Ananya Kapoor,customer03360@example.com,9817432052,Trichy,Tamil Nadu,Individual,2025-03-21
CUST03361,Ananya Pillai,customer03361@example.com,9649992610,Kochi,Kerala,Individual,2024-08-03
CUST03362,Vijay Rao,customer03362@example.com,9917586574,Coimbatore,Tamil Nadu,Business,2026-09-04
CUST03363,Priya Nair,customer03363@example.com,9733309766,Pune,Maharashtra,Individual,2024-09-02
CUST03364,Manoj Bose,customer03364@example.com,9691456654,Kochi,Kerala,Business,2023-07-12
CUST03365,Manoj Kapoor,customer03365@example.com,9110512005,Salem,Tamil Nadu,Business,2023-08-15
CUST03366,Priya Gupta,customer03366@example.com,9191357422,Kolkata,West Bengal,Individual,2024-03-26
CUST03367,Priya Kumar,customer03367@example.com,9631516880,Bengaluru,Karnataka,Individual,2026-04-20
CUST03368,Priya Rao,customer03368@example.com,9836147011,Coimbatore,Tamil Nadu,Individual,2025-07-20
CUST03369,Priya Pillai,customer03369@example.com,9512602133,Salem,Tamil Nadu,Business,2026-09-12
CUST03370,Meena Pillai,customer03370@example.com,9699649311,Delhi,Delhi,Individual,2024-10-16
CUST03371,Meena Mehta,customer03371@example.com,9606012794,Coimbatore,Tamil Nadu,Individual,2023-07-22
CUST03372,Rohit Sinha,customer03372@example.com,9842696469,Chennai,Tamil Nadu,Individual,2024-02-06
CUST03373,Ananya Rao,customer03373@example.com,9106942362,Vijayawada,Andhra Pradesh,Individual,2024-04-16
CUST03374,Pooja Singh,customer03374@example.com,9884935021,Chennai,Tamil Nadu,Individual,2025-06-08
CUST03375,Pooja Naidu,customer03375@example.com,9861081211,Kochi,Kerala,Individual,2023-06-28
CUST03376,Arun Reddy,customer03376@example.com,9493113202,Kolkata,West Bengal,Individual,2025-11-07
CUST03377,Meena Bose,customer03377@example.com,9164198373,Coimbatore,Tamil Nadu,Individual,2024-04-07
CUST03378,Ananya Joshi,customer03378@example.com,9357209083,Jaipur,Rajasthan,Business,2025-04-14
CUST03379,Pooja Kapoor,customer03379@example.com,9374809080,Hyderabad,Telangana,Individual,2024-08-31
CUST03380,Sneha Gupta,customer03380@example.com,9940264200,Pune,Maharashtra,Business,2025-07-14
CUST03381,Rahul Kapoor,customer03381@example.com,9608530915,Kochi,Kerala,Business,2025-07-24
CUST03382,Meena Kumar,customer03382@example.com,9594236232,Chennai,Tamil Nadu,Individual,2023-10-27
CUST03383,Harini Gupta,customer03383@example.com,9102817422,Kolkata,West Bengal,Individual,2023-12-17
CUST03384,Kavya Mishra,customer03384@example.com,9747650237,Pune,Maharashtra,Individual,2023-07-06
CUST03385,Divya Gupta,customer03385@example.com,9700181548,Coimbatore,Tamil Nadu,Individual,2026-10-02
CUST03386,Ananya Nair,customer03386@example.com,9469148627,Jaipur,Rajasthan,Individual,2024-09-14
CUST03387,Meena Naidu,customer03387@example.com,9702028615,Coimbatore,Tamil Nadu,Business,2023-03-12
CUST03388,Ananya Sharma,customer03388@example.com,9898458425,Madurai,Tamil Nadu,Individual,2026-09-12
CUST03389,Swetha Mishra,customer03389@example.com,9246612443,Kolkata,West Bengal,Business,2026-05-20
CUST03390,Pooja Gupta,customer03390@example.com,9688260722,Salem,Tamil Nadu,Individual,2023-11-05
CUST03391,Meena Mehta,customer03391@example.com,9566901519,Chennai,Tamil Nadu,Individual,2026-02-05
CUST03392,Nithya Singh,customer03392@example.com,9138176842,Jaipur,Rajasthan,Business,2023-06-26
CUST03393,Dinesh Sharma,customer03393@example.com,9108844905,Hyderabad,Telangana,Individual,2024-03-02
CUST03394,Karthik Rao,customer03394@example.com,9119427463,Coimbatore,Tamil Nadu,Individual,2025-01-09
CUST03395,Dinesh Bose,customer03395@example.com,9296300704,Hyderabad,Telangana,Individual,2024-06-14
CUST03396,Pooja Sinha,customer03396@example.com,9967660029,Coimbatore,Tamil Nadu,Individual,2024-02-22
CUST03397,Suresh Nair,customer03397@example.com,9705096977,Chennai,Tamil Nadu,Individual,2023-09-05
CUST03398,Rohit Singh,customer03398@example.com,9280238242,Pune,Maharashtra,Individual,2023-07-28
CUST03399,Ajay Singh,customer03399@example.com,9645577981,Mumbai,Maharashtra,Individual,2023-08-04
CUST03400,Dinesh Sharma,customer03400@example.com,9877273393,Pune,Maharashtra,Individual,2024-12-13
CUST03401,Rohit Verma,customer03401@example.com,9302975975,Coimbatore,Tamil Nadu,Business,2024-03-13
CUST03402,Priya Reddy,customer03402@example.com,9314674138,Trichy,Tamil Nadu,Individual,2023-11-07
CUST03403,Vijay Iyer,customer03403@example.com,9988973882,Vijayawada,Andhra Pradesh,Individual,2024-01-18
CUST03404,Harini Iyer,customer03404@example.com,9571990043,Ahmedabad,Gujarat,Individual,2025-09-07
CUST03405,Ananya Rao,customer03405@example.com,9436176941,Mumbai,Maharashtra,Individual,2026-07-18
CUST03406,Meena Bose,customer03406@example.com,9773124927,Salem,Tamil Nadu,Individual,2023-05-01
CUST03407,Meena Menon,customer03407@example.com,9779632453,Mumbai,Maharashtra,Individual,2024-02-11
CUST03408,Dinesh Menon,customer03408@example.com,9385736238,Vijayawada,Andhra Pradesh,Individual,2023-09-02
CUST03409,Sneha Mehta,customer03409@example.com,9819897741,Hyderabad,Telangana,Individual,2023-03-07
CUST03410,Vijay Reddy,customer03410@example.com,9703059078,Kolkata,West Bengal,Individual,2025-07-30
CUST03411,Vivek Naidu,customer03411@example.com,9795314633,Hyderabad,Telangana,Business,2023-08-16
CUST03412,Swetha Singh,customer03412@example.com,9901503438,Kochi,Kerala,Individual,2025-05-31
CUST03413,Divya Bose,customer03413@example.com,9316596894,Hyderabad,Telangana,Individual,2023-05-17
CUST03414,Dinesh Kapoor,customer03414@example.com,9496945628,Salem,Tamil Nadu,Individual,2023-07-13
CUST03415,Rahul Menon,customer03415@example.com,9624352873,Trichy,Tamil Nadu,Individual,2024-12-06
CUST03416,Priya Singh,customer03416@example.com,9812751861,Pune,Maharashtra,Business,2024-10-19
CUST03417,Sneha Gupta,customer03417@example.com,9584033616,Pune,Maharashtra,Individual,2024-10-18
CUST03418,Nithya Bose,customer03418@example.com,9222376954,Ahmedabad,Gujarat,Business,2026-10-09
CUST03419,Dinesh Sharma,customer03419@example.com,9410571570,Delhi,Delhi,Individual,2025-07-18
CUST03420,Manoj Rao,customer03420@example.com,9342142492,Coimbatore,Tamil Nadu,Individual,2024-07-09
CUST03421,Manoj Pillai,customer03421@example.com,9207648491,Trichy,Tamil Nadu,Business,2026-03-26
CUST03422,Karthik Naidu,customer03422@example.com,9458103935,Delhi,Delhi,Individual,2025-08-15
CUST03423,Rahul Kumar,customer03423@example.com,9350959193,Vijayawada,Andhra Pradesh,Business,2025-11-05
CUST03424,Ananya Sinha,customer03424@example.com,9474907083,Kochi,Kerala,Individual,2026-01-06
CUST03425,Divya Naidu,customer03425@example.com,9358858008,Chennai,Tamil Nadu,Individual,2023-02-21
CUST03426,Sneha Kumar,customer03426@example.com,9585391292,Vijayawada,Andhra Pradesh,Individual,2024-05-28
CUST03427,Divya Kumar,customer03427@example.com,9463681320,Coimbatore,Tamil Nadu,Individual,2025-01-13
CUST03428,Dinesh Gupta,customer03428@example.com,9840663364,Coimbatore,Tamil Nadu,Individual,2025-12-20
CUST03429,Vivek Gupta,customer03429@example.com,9760333059,Madurai,Tamil Nadu,Individual,2026-03-01
CUST03430,Dinesh Menon,customer03430@example.com,9189083371,Madurai,Tamil Nadu,Individual,2024-11-22
CUST03431,Kavya Kumar,customer03431@example.com,9774814191,Bengaluru,Karnataka,Individual,2024-06-26
CUST03432,Karthik Mehta,customer03432@example.com,9235639400,Vijayawada,Andhra Pradesh,Individual,2024-02-14
CUST03433,Meena Reddy,customer03433@example.com,9951404216,Bengaluru,Karnataka,Business,2023-06-04
CUST03434,Manoj Sinha,customer03434@example.com,9131634462,Hyderabad,Telangana,Individual,2024-09-24
CUST03435,Vijay Sinha,customer03435@example.com,9856725634,Chennai,Tamil Nadu,Individual,2023-02-20
CUST03436,Manoj Bose,customer03436@example.com,9363938754,Mumbai,Maharashtra,Individual,2025-10-20
CUST03437,Divya Joshi,customer03437@example.com,9619005785,Ahmedabad,Gujarat,Business,2025-09-20
CUST03438,Pooja Gupta,customer03438@example.com,9437320625,Mumbai,Maharashtra,Individual,2026-01-23
CUST03439,Sneha Patel,customer03439@example.com,9399392955,Ahmedabad,Gujarat,Business,2024-06-07
CUST03440,Arun Sinha,customer03440@example.com,9431828937,Madurai,Tamil Nadu,Business,2023-12-21
CUST03441,Vijay Joshi,customer03441@example.com,9340772417,Madurai,Tamil Nadu,Individual,2025-12-04
CUST03442,Meena Iyer,customer03442@example.com,9707035927,Madurai,Tamil Nadu,Individual,2025-03-12
CUST03443,Nithya Mehta,customer03443@example.com,9431571554,Trichy,Tamil Nadu,Business,2026-05-13
CUST03444,Arun Sharma,customer03444@example.com,9356044502,Kolkata,West Bengal,Individual,2025-04-19
CUST03445,Karthik Menon,customer03445@example.com,9651883679,Ahmedabad,Gujarat,Individual,2023-09-13
CUST03446,Harini Nair,customer03446@example.com,9894297302,Vijayawada,Andhra Pradesh,Business,2023-09-05
CUST03447,Pooja Iyer,customer03447@example.com,9841554145,Bengaluru,Karnataka,Individual,2024-06-16
CUST03448,Kavya Mehta,customer03448@example.com,9137109522,Trichy,Tamil Nadu,Business,2023-02-10
CUST03449,Pooja Kapoor,customer03449@example.com,9876717633,Pune,Maharashtra,Business,2025-02-28
CUST03450,Pooja Naidu,customer03450@example.com,9401193074,Mumbai,Maharashtra,Individual,2026-07-24
CUST03451,Vivek Verma,customer03451@example.com,9480721655,Kochi,Kerala,Individual,2023-07-14
CUST03452,Meena Sharma,customer03452@example.com,9962739540,Salem,Tamil Nadu,Individual,2025-12-30
CUST03453,Karthik Joshi,customer03453@example.com,9843785378,Coimbatore,Tamil Nadu,Individual,2026-07-17
CUST03454,Rahul Pillai,customer03454@example.com,9458509252,Bengaluru,Karnataka,Business,2026-09-20
CUST03455,Arun Patel,customer03455@example.com,9124201114,Delhi,Delhi,Business,2023-11-04
CUST03456,Meena Pillai,customer03456@example.com,9814796887,Jaipur,Rajasthan,Individual,2026-05-07
CUST03457,Sneha Kapoor,customer03457@example.com,9227988998,Pune,Maharashtra,Individual,2023-03-17
CUST03458,Vivek Nair,customer03458@example.com,9455286021,Vijayawada,Andhra Pradesh,Individual,2025-02-25
CUST03459,Vijay Singh,customer03459@example.com,9372083437,Kochi,Kerala,Individual,2025-03-05
CUST03460,Swetha Patel,customer03460@example.com,9155119136,Bengaluru,Karnataka,Individual,2023-08-18
CUST03461,Manoj Sinha,customer03461@example.com,9901285689,Salem,Tamil Nadu,Business,2023-03-26
CUST03462,Swetha Sharma,customer03462@example.com,9602833072,Trichy,Tamil Nadu,Individual,2026-03-31
CUST03463,Ajay Pillai,customer03463@example.com,9721526672,Vijayawada,Andhra Pradesh,Business,2024-02-01
CUST03464,Vijay Patel,customer03464@example.com,9294300781,Chennai,Tamil Nadu,Individual,2026-10-26
CUST03465,Vijay Iyer,customer03465@example.com,9170292829,Coimbatore,Tamil Nadu,Individual,2023-08-03
CUST03466,Vijay Patel,customer03466@example.com,9492168647,Bengaluru,Karnataka,Individual,2025-10-21
CUST03467,Rahul Kapoor,customer03467@example.com,9507037863,Kolkata,West Bengal,Business,2024-01-12
CUST03468,Swetha Kapoor,customer03468@example.com,9100065197,Madurai,Tamil Nadu,Individual,2024-02-16
CUST03469,Ananya Kumar,customer03469@example.com,9407469254,Madurai,Tamil Nadu,Individual,2025-03-10
CUST03470,Pooja Das,customer03470@example.com,9854262981,Coimbatore,Tamil Nadu,Individual,2026-05-08
CUST03471,Manoj Das,customer03471@example.com,9183473347,Salem,Tamil Nadu,Individual,2026-04-21
CUST03472,Karthik Das,customer03472@example.com,9623539328,Ahmedabad,Gujarat,Individual,2024-02-14
CUST03473,Kavya Bose,customer03473@example.com,9575477326,Kochi,Kerala,Individual,2023-08-04
CUST03474,Kavya Naidu,customer03474@example.com,9221482846,Trichy,Tamil Nadu,Individual,2025-01-21
CUST03475,Meena Nair,customer03475@example.com,9365679064,Madurai,Tamil Nadu,Individual,2023-12-15
CUST03476,Kavya Kapoor,customer03476@example.com,9688702318,Bengaluru,Karnataka,Individual,2025-04-10
CUST03477,Vijay Bose,customer03477@example.com,9441078368,Delhi,Delhi,Business,2024-10-15
CUST03478,Rohit Nair,customer03478@example.com,9843903923,Mumbai,Maharashtra,Individual,2025-10-18
CUST03479,Harini Mishra,customer03479@example.com,9323107746,Ahmedabad,Gujarat,Individual,2025-11-30
CUST03480,Suresh Nair,customer03480@example.com,9333689718,Mumbai,Maharashtra,Individual,2023-01-03
CUST03481,Meena Rao,customer03481@example.com,9772836484,Pune,Maharashtra,Individual,2026-01-22
CUST03482,Ananya Bose,customer03482@example.com,9286027235,Kochi,Kerala,Individual,2025-12-18
CUST03483,Meena Naidu,customer03483@example.com,9473695632,Hyderabad,Telangana,Business,2025-01-09
CUST03484,Manoj Rao,customer03484@example.com,9834363572,Ahmedabad,Gujarat,Individual,2024-02-11
CUST03485,Ajay Kumar,customer03485@example.com,9629635635,Chennai,Tamil Nadu,Individual,2023-01-18
CUST03486,Priya Joshi,customer03486@example.com,9829428621,Coimbatore,Tamil Nadu,Individual,2025-01-20
CUST03487,Rohit Nair,customer03487@example.com,9635051897,Pune,Maharashtra,Individual,2024-08-08
CUST03488,Pooja Naidu,customer03488@example.com,9818813468,Hyderabad,Telangana,Business,2025-06-06
CUST03489,Karthik Reddy,customer03489@example.com,9160313313,Trichy,Tamil Nadu,Business,2023-11-28
CUST03490,Swetha Naidu,customer03490@example.com,9423799399,Ahmedabad,Gujarat,Individual,2025-10-09
CUST03491,Suresh Verma,customer03491@example.com,9586822656,Kolkata,West Bengal,Individual,2023-06-18
CUST03492,Meena Joshi,customer03492@example.com,9747410460,Kolkata,West Bengal,Business,2025-02-14
CUST03493,Kavya Menon,customer03493@example.com,9617797810,Chennai,Tamil Nadu,Individual,2025-04-28
CUST03494,Harini Sinha,customer03494@example.com,9308933028,Kochi,Kerala,Individual,2025-07-29
CUST03495,Ananya Iyer,customer03495@example.com,9829584348,Madurai,Tamil Nadu,Business,2023-07-25
CUST03496,Vijay Verma,customer03496@example.com,9284263236,Vijayawada,Andhra Pradesh,Individual,2024-06-04
CUST03497,Rahul Das,customer03497@example.com,9586548276,Bengaluru,Karnataka,Individual,2025-10-14
CUST03498,Priya Sinha,customer03498@example.com,9887506399,Pune,Maharashtra,Business,2026-10-01
CUST03499,Rohit Joshi,customer03499@example.com,9150143355,Jaipur,Rajasthan,Individual,2023-10-31
CUST03500,Karthik Menon,customer03500@example.com,9214341811,Ahmedabad,Gujarat,Individual,2023-04-25
CUST03501,Rohit Pillai,customer03501@example.com,9296292951,Pune,Maharashtra,Individual,2024-10-25
CUST03502,Vijay Verma,customer03502@example.com,9648168203,Ahmedabad,Gujarat,Individual,2023-03-28
CUST03503,Arun Verma,customer03503@example.com,9137588019,Coimbatore,Tamil Nadu,Individual,2026-01-23
CUST03504,Sneha Naidu,customer03504@example.com,9895644032,Ahmedabad,Gujarat,Individual,2025-01-12
CUST03505,Dinesh Bose,customer03505@example.com,9354661766,Coimbatore,Tamil Nadu,Individual,2024-03-03
CUST03506,Dinesh Patel,customer03506@example.com,9310729616,Ahmedabad,Gujarat,Business,2024-03-25
CUST03507,Meena Sinha,customer03507@example.com,9794013054,Kolkata,West Bengal,Individual,2025-02-24
CUST03508,Ajay Sinha,customer03508@example.com,9568855521,Kolkata,West Bengal,Business,2024-12-15
CUST03509,Rahul Patel,customer03509@example.com,9413449386,Kochi,Kerala,Individual,2023-01-02
CUST03510,Kavya Kapoor,customer03510@example.com,9471898640,Salem,Tamil Nadu,Business,2026-01-06
CUST03511,Karthik Das,customer03511@example.com,9578053562,Delhi,Delhi,Individual,2026-09-09
CUST03512,Rohit Mishra,customer03512@example.com,9585499906,Delhi,Delhi,Individual,2025-01-12
CUST03513,Vijay Naidu,customer03513@example.com,9866792988,Salem,Tamil Nadu,Individual,2026-01-26
CUST03514,Pooja Verma,customer03514@example.com,9403058965,Madurai,Tamil Nadu,Individual,2023-04-20
CUST03515,Ananya Das,customer03515@example.com,9641798565,Delhi,Delhi,Individual,2024-11-09
CUST03516,Karthik Pillai,customer03516@example.com,9499086901,Kochi,Kerala,Individual,2024-01-06
CUST03517,Sneha Iyer,customer03517@example.com,9931649244,Jaipur,Rajasthan,Business,2026-09-22
CUST03518,Nithya Joshi,customer03518@example.com,9827523825,Jaipur,Rajasthan,Business,2025-06-08
CUST03519,Meena Sinha,customer03519@example.com,9952144561,Bengaluru,Karnataka,Business,2024-08-21
CUST03520,Ananya Das,customer03520@example.com,9865684469,Bengaluru,Karnataka,Individual,2025-11-11
CUST03521,Suresh Mehta,customer03521@example.com,9849171524,Jaipur,Rajasthan,Business,2024-12-22
CUST03522,Swetha Gupta,customer03522@example.com,9590120861,Pune,Maharashtra,Business,2023-11-01
CUST03523,Pooja Verma,customer03523@example.com,9152908694,Vijayawada,Andhra Pradesh,Individual,2025-07-12
CUST03524,Ajay Bose,customer03524@example.com,9986218742,Mumbai,Maharashtra,Individual,2026-07-19
CUST03525,Arun Bose,customer03525@example.com,9723051127,Salem,Tamil Nadu,Individual,2025-04-15
CUST03526,Vivek Reddy,customer03526@example.com,9873356249,Bengaluru,Karnataka,Individual,2024-03-21
CUST03527,Kavya Das,customer03527@example.com,9618348021,Vijayawada,Andhra Pradesh,Individual,2025-07-20
CUST03528,Karthik Sharma,customer03528@example.com,9732574254,Vijayawada,Andhra Pradesh,Individual,2023-10-05
CUST03529,Kavya Mishra,customer03529@example.com,9648891028,Hyderabad,Telangana,Individual,2024-01-12
CUST03530,Pooja Gupta,customer03530@example.com,9684863507,Kolkata,West Bengal,Individual,2023-08-20
CUST03531,Harini Rao,customer03531@example.com,9100509590,Coimbatore,Tamil Nadu,Individual,2024-08-14
CUST03532,Meena Mehta,customer03532@example.com,9101602243,Kochi,Kerala,Individual,2024-03-01
CUST03533,Kavya Reddy,customer03533@example.com,9178680980,Jaipur,Rajasthan,Business,2025-12-14
CUST03534,Dinesh Gupta,customer03534@example.com,9283400468,Delhi,Delhi,Business,2024-03-16
CUST03535,Rohit Reddy,customer03535@example.com,9699376128,Salem,Tamil Nadu,Individual,2023-02-03
CUST03536,Pooja Kapoor,customer03536@example.com,9310497934,Pune,Maharashtra,Individual,2023-11-25
CUST03537,Pooja Reddy,customer03537@example.com,9921841424,Jaipur,Rajasthan,Individual,2025-04-24
CUST03538,Vijay Singh,customer03538@example.com,9255713586,Chennai,Tamil Nadu,Individual,2024-03-29
CUST03539,Priya Reddy,customer03539@example.com,9937687742,Coimbatore,Tamil Nadu,Individual,2025-02-02
CUST03540,Rohit Mehta,customer03540@example.com,9873602106,Hyderabad,Telangana,Individual,2026-02-22
CUST03541,Nithya Nair,customer03541@example.com,9980067154,Vijayawada,Andhra Pradesh,Business,2024-06-06
CUST03542,Dinesh Kumar,customer03542@example.com,9920654897,Delhi,Delhi,Individual,2024-04-26
CUST03543,Harini Pillai,customer03543@example.com,9569144187,Hyderabad,Telangana,Individual,2023-11-13
CUST03544,Swetha Patel,customer03544@example.com,9190607393,Kolkata,West Bengal,Individual,2023-05-02
CUST03545,Swetha Sharma,customer03545@example.com,9283500037,Jaipur,Rajasthan,Individual,2024-08-03
CUST03546,Meena Gupta,customer03546@example.com,9848856368,Ahmedabad,Gujarat,Individual,2026-08-29
CUST03547,Rahul Nair,customer03547@example.com,9797761285,Kolkata,West Bengal,Individual,2024-05-01
CUST03548,Divya Naidu,customer03548@example.com,9278558580,Kochi,Kerala,Individual,2025-11-01
CUST03549,Swetha Joshi,customer03549@example.com,9532362613,Vijayawada,Andhra Pradesh,Individual,2023-05-05
CUST03550,Ajay Naidu,customer03550@example.com,9982247108,Madurai,Tamil Nadu,Individual,2024-10-20
CUST03551,Kavya Mehta,customer03551@example.com,9802848864,Pune,Maharashtra,Individual,2026-01-05
CUST03552,Kavya Joshi,customer03552@example.com,9935226572,Vijayawada,Andhra Pradesh,Individual,2024-08-02
CUST03553,Kavya Naidu,customer03553@example.com,9969390258,Coimbatore,Tamil Nadu,Business,2024-12-18
CUST03554,Nithya Nair,customer03554@example.com,9416958336,Trichy,Tamil Nadu,Individual,2026-06-13
CUST03555,Ajay Reddy,customer03555@example.com,9209556108,Trichy,Tamil Nadu,Individual,2025-02-08
CUST03556,Dinesh Naidu,customer03556@example.com,9665689370,Coimbatore,Tamil Nadu,Individual,2026-07-01
CUST03557,Ananya Naidu,customer03557@example.com,9847436742,Chennai,Tamil Nadu,Individual,2025-06-22
CUST03558,Rohit Bose,customer03558@example.com,9636143219,Kochi,Kerala,Individual,2024-02-10
CUST03559,Ananya Reddy,customer03559@example.com,9894500994,Pune,Maharashtra,Individual,2026-06-20
CUST03560,Divya Bose,customer03560@example.com,9352215128,Hyderabad,Telangana,Individual,2023-10-04
CUST03561,Vijay Menon,customer03561@example.com,9876123488,Chennai,Tamil Nadu,Individual,2026-05-28
CUST03562,Ajay Mishra,customer03562@example.com,9349307111,Mumbai,Maharashtra,Individual,2026-06-02
CUST03563,Karthik Kapoor,customer03563@example.com,9942945196,Coimbatore,Tamil Nadu,Business,2025-07-13
CUST03564,Sneha Nair,customer03564@example.com,9326880100,Hyderabad,Telangana,Individual,2026-01-29
CUST03565,Vijay Sinha,customer03565@example.com,9164719033,Trichy,Tamil Nadu,Individual,2025-05-03
CUST03566,Kavya Reddy,customer03566@example.com,9388127671,Bengaluru,Karnataka,Individual,2024-05-21
CUST03567,Arun Singh,customer03567@example.com,9780992693,Salem,Tamil Nadu,Individual,2026-09-16
CUST03568,Dinesh Verma,customer03568@example.com,9421894614,Madurai,Tamil Nadu,Individual,2023-08-25
CUST03569,Vivek Patel,customer03569@example.com,9498454010,Trichy,Tamil Nadu,Individual,2025-09-20
CUST03570,Harini Das,customer03570@example.com,9727914780,Pune,Maharashtra,Individual,2026-09-24
CUST03571,Suresh Bose,customer03571@example.com,9416379237,Ahmedabad,Gujarat,Business,2025-01-21
CUST03572,Rohit Patel,customer03572@example.com,9567234938,Kolkata,West Bengal,Individual,2024-05-20
CUST03573,Vijay Kapoor,customer03573@example.com,9515164005,Salem,Tamil Nadu,Individual,2023-06-14
CUST03574,Nithya Pillai,customer03574@example.com,9101516660,Salem,Tamil Nadu,Individual,2025-04-25
CUST03575,Sneha Singh,customer03575@example.com,9260432743,Bengaluru,Karnataka,Individual,2024-12-28
CUST03576,Divya Naidu,customer03576@example.com,9578851628,Madurai,Tamil Nadu,Business,2026-05-26
CUST03577,Vijay Joshi,customer03577@example.com,9497226097,Jaipur,Rajasthan,Individual,2024-01-11
CUST03578,Pooja Kumar,customer03578@example.com,9532012118,Madurai,Tamil Nadu,Business,2025-11-01
CUST03579,Ajay Gupta,customer03579@example.com,9305243934,Mumbai,Maharashtra,Individual,2023-03-24
CUST03580,Divya Das,customer03580@example.com,9729668515,Mumbai,Maharashtra,Individual,2024-03-06
CUST03581,Nithya Joshi,customer03581@example.com,9338330832,Delhi,Delhi,Business,2024-04-22
CUST03582,Rahul Singh,customer03582@example.com,9131093436,Trichy,Tamil Nadu,Individual,2025-02-21
CUST03583,Harini Pillai,customer03583@example.com,9110855716,Trichy,Tamil Nadu,Individual,2024-01-04
CUST03584,Vivek Joshi,customer03584@example.com,9534440483,Trichy,Tamil Nadu,Individual,2025-08-12
CUST03585,Rohit Menon,customer03585@example.com,9867115126,Delhi,Delhi,Individual,2023-05-21
CUST03586,Kavya Mishra,customer03586@example.com,9281465348,Kochi,Kerala,Individual,2024-12-20
CUST03587,Arun Mishra,customer03587@example.com,9641809203,Chennai,Tamil Nadu,Individual,2025-10-12
CUST03588,Nithya Das,customer03588@example.com,9860064048,Ahmedabad,Gujarat,Individual,2023-10-15
CUST03589,Pooja Mishra,customer03589@example.com,9960369925,Ahmedabad,Gujarat,Individual,2023-12-21
CUST03590,Arun Bose,customer03590@example.com,9154477178,Madurai,Tamil Nadu,Individual,2023-12-09
CUST03591,Swetha Nair,customer03591@example.com,9804843145,Bengaluru,Karnataka,Individual,2023-05-29
CUST03592,Vivek Mehta,customer03592@example.com,9730708085,Pune,Maharashtra,Individual,2023-07-29
CUST03593,Dinesh Joshi,customer03593@example.com,9589605343,Madurai,Tamil Nadu,Business,2026-02-09
CUST03594,Rohit Pillai,customer03594@example.com,9319178006,Mumbai,Maharashtra,Individual,2024-10-15
CUST03595,Rahul Kumar,customer03595@example.com,9721288080,Salem,Tamil Nadu,Individual,2025-09-02
CUST03596,Pooja Das,customer03596@example.com,9277979501,Hyderabad,Telangana,Individual,2024-06-19
CUST03597,Ajay Das,customer03597@example.com,9577661907,Vijayawada,Andhra Pradesh,Individual,2025-12-08
CUST03598,Manoj Mishra,customer03598@example.com,9549023787,Kolkata,West Bengal,Individual,2023-11-27
CUST03599,Karthik Pillai,customer03599@example.com,9887089960,Delhi,Delhi,Individual,2023-12-31
CUST03600,Pooja Naidu,customer03600@example.com,9940518827,Coimbatore,Tamil Nadu,Individual,2023-01-11
CUST03601,Sneha Kumar,customer03601@example.com,9392799469,Hyderabad,Telangana,Business,2026-04-26
CUST03602,Kavya Sinha,customer03602@example.com,9162550713,Pune,Maharashtra,Business,2024-05-23
CUST03603,Pooja Verma,customer03603@example.com,9739335125,Trichy,Tamil Nadu,Business,2024-08-02
CUST03604,Harini Joshi,customer03604@example.com,9200942129,Mumbai,Maharashtra,Individual,2026-01-18
CUST03605,Divya Kumar,customer03605@example.com,9285417267,Vijayawada,Andhra Pradesh,Individual,2024-09-13
CUST03606,Karthik Pillai,customer03606@example.com,9639006533,Jaipur,Rajasthan,Individual,2025-06-19
CUST03607,Ajay Joshi,customer03607@example.com,9531453891,Mumbai,Maharashtra,Individual,2024-12-18
CUST03608,Rohit Pillai,customer03608@example.com,9575661246,Mumbai,Maharashtra,Individual,2025-11-21
CUST03609,Ananya Joshi,customer03609@example.com,9531219641,Trichy,Tamil Nadu,Business,2023-11-23
CUST03610,Kavya Iyer,customer03610@example.com,9540128662,Coimbatore,Tamil Nadu,Individual,2023-03-15
CUST03611,Karthik Das,customer03611@example.com,9945127083,Delhi,Delhi,Business,2023-09-08
CUST03612,Vijay Rao,customer03612@example.com,9845335404,Hyderabad,Telangana,Business,2024-03-25
CUST03613,Nithya Verma,customer03613@example.com,9435220178,Trichy,Tamil Nadu,Individual,2025-06-24
CUST03614,Ananya Kapoor,customer03614@example.com,9629590901,Pune,Maharashtra,Individual,2023-12-21
CUST03615,Divya Mehta,customer03615@example.com,9638401644,Delhi,Delhi,Individual,2024-06-16
CUST03616,Divya Kumar,customer03616@example.com,9819504990,Pune,Maharashtra,Individual,2023-10-23
CUST03617,Harini Sharma,customer03617@example.com,9847054847,Delhi,Delhi,Individual,2023-10-25
CUST03618,Ananya Kumar,customer03618@example.com,9317287211,Coimbatore,Tamil Nadu,Business,2026-09-13
CUST03619,Karthik Kumar,customer03619@example.com,9343197875,Kolkata,West Bengal,Individual,2023-10-29
CUST03620,Rohit Patel,customer03620@example.com,9772686146,Pune,Maharashtra,Individual,2024-05-26
CUST03621,Kavya Naidu,customer03621@example.com,9825214018,Trichy,Tamil Nadu,Individual,2026-09-23
CUST03622,Vivek Bose,customer03622@example.com,9907928013,Delhi,Delhi,Individual,2024-08-07
CUST03623,Meena Reddy,customer03623@example.com,9746802193,Ahmedabad,Gujarat,Individual,2024-01-09
CUST03624,Manoj Mehta,customer03624@example.com,9926107570,Mumbai,Maharashtra,Individual,2026-01-22
CUST03625,Dinesh Sinha,customer03625@example.com,9995182332,Kochi,Kerala,Business,2023-05-12
CUST03626,Suresh Nair,customer03626@example.com,9189003579,Madurai,Tamil Nadu,Individual,2025-06-28
CUST03627,Meena Nair,customer03627@example.com,9198605053,Jaipur,Rajasthan,Individual,2023-02-22
CUST03628,Vijay Verma,customer03628@example.com,9546680137,Mumbai,Maharashtra,Individual,2023-08-17
CUST03629,Pooja Sinha,customer03629@example.com,9407690254,Chennai,Tamil Nadu,Individual,2024-10-01
CUST03630,Rahul Kapoor,customer03630@example.com,9709318354,Kolkata,West Bengal,Individual,2026-05-20
CUST03631,Vivek Iyer,customer03631@example.com,9980515656,Kolkata,West Bengal,Individual,2025-03-07
CUST03632,Ajay Naidu,customer03632@example.com,9742684814,Mumbai,Maharashtra,Individual,2025-03-01
CUST03633,Kavya Iyer,customer03633@example.com,9255893938,Jaipur,Rajasthan,Individual,2024-05-09
CUST03634,Sneha Nair,customer03634@example.com,9957822255,Ahmedabad,Gujarat,Individual,2025-05-02
CUST03635,Meena Bose,customer03635@example.com,9283710791,Hyderabad,Telangana,Individual,2024-11-01
CUST03636,Divya Rao,customer03636@example.com,9222372208,Coimbatore,Tamil Nadu,Individual,2026-06-10
CUST03637,Ananya Das,customer03637@example.com,9988185588,Pune,Maharashtra,Business,2025-12-30
CUST03638,Karthik Pillai,customer03638@example.com,9929629312,Trichy,Tamil Nadu,Individual,2023-07-08
CUST03639,Rahul Mehta,customer03639@example.com,9760780934,Kolkata,West Bengal,Individual,2024-10-24
CUST03640,Suresh Rao,customer03640@example.com,9675826740,Mumbai,Maharashtra,Individual,2023-01-08
CUST03641,Vijay Menon,customer03641@example.com,9460358673,Mumbai,Maharashtra,Individual,2023-11-28
CUST03642,Vivek Mishra,customer03642@example.com,9261515275,Coimbatore,Tamil Nadu,Individual,2025-11-05
CUST03643,Ananya Kapoor,customer03643@example.com,9171526191,Ahmedabad,Gujarat,Individual,2024-10-27
CUST03644,Priya Verma,customer03644@example.com,9325134842,Coimbatore,Tamil Nadu,Individual,2024-10-30
CUST03645,Arun Kapoor,customer03645@example.com,9790532334,Bengaluru,Karnataka,Business,2026-01-21
CUST03646,Vijay Reddy,customer03646@example.com,9831874822,Ahmedabad,Gujarat,Individual,2026-07-09
CUST03647,Suresh Das,customer03647@example.com,9644808027,Bengaluru,Karnataka,Business,2023-06-10
CUST03648,Karthik Singh,customer03648@example.com,9643993968,Hyderabad,Telangana,Individual,2023-12-17
CUST03649,Sneha Bose,customer03649@example.com,9218173954,Vijayawada,Andhra Pradesh,Individual,2026-04-12
CUST03650,Harini Pillai,customer03650@example.com,9514255210,Kochi,Kerala,Business,2023-11-13
CUST03651,Nithya Verma,customer03651@example.com,9461701950,Kochi,Kerala,Business,2025-07-25
CUST03652,Kavya Bose,customer03652@example.com,9482582149,Hyderabad,Telangana,Individual,2023-01-18
CUST03653,Vivek Joshi,customer03653@example.com,9992873694,Chennai,Tamil Nadu,Individual,2024-04-30
CUST03654,Suresh Mehta,customer03654@example.com,9381888101,Vijayawada,Andhra Pradesh,Individual,2024-01-02
CUST03655,Vivek Mishra,customer03655@example.com,9316143630,Ahmedabad,Gujarat,Individual,2023-12-17
CUST03656,Meena Verma,customer03656@example.com,9278062534,Hyderabad,Telangana,Individual,2024-06-11
CUST03657,Pooja Pillai,customer03657@example.com,9634800810,Delhi,Delhi,Individual,2025-05-21
CUST03658,Meena Singh,customer03658@example.com,9603678429,Coimbatore,Tamil Nadu,Business,2025-07-21
CUST03659,Rohit Kapoor,customer03659@example.com,9760062032,Jaipur,Rajasthan,Individual,2023-09-27
CUST03660,Rohit Kapoor,customer03660@example.com,9533950353,Kochi,Kerala,Individual,2025-05-20
CUST03661,Suresh Gupta,customer03661@example.com,9461835413,Ahmedabad,Gujarat,Business,2025-12-27
CUST03662,Karthik Menon,customer03662@example.com,9880000828,Trichy,Tamil Nadu,Individual,2025-11-19
CUST03663,Ananya Iyer,customer03663@example.com,9186285620,Delhi,Delhi,Individual,2023-11-12
CUST03664,Vijay Gupta,customer03664@example.com,9233645849,Pune,Maharashtra,Individual,2025-01-06
CUST03665,Rohit Bose,customer03665@example.com,9747248498,Vijayawada,Andhra Pradesh,Individual,2023-06-13
CUST03666,Rohit Singh,customer03666@example.com,9700017370,Mumbai,Maharashtra,Individual,2025-07-14
CUST03667,Priya Mishra,customer03667@example.com,9192006951,Hyderabad,Telangana,Individual,2023-11-16
CUST03668,Rahul Sinha,customer03668@example.com,9542861911,Jaipur,Rajasthan,Individual,2025-11-03
CUST03669,Sneha Gupta,customer03669@example.com,9224504691,Mumbai,Maharashtra,Individual,2023-10-06
CUST03670,Swetha Verma,customer03670@example.com,9744073607,Ahmedabad,Gujarat,Individual,2024-03-07
CUST03671,Vijay Rao,customer03671@example.com,9487014932,Kolkata,West Bengal,Individual,2024-10-29
CUST03672,Harini Sinha,customer03672@example.com,9867536938,Chennai,Tamil Nadu,Business,2024-09-25
CUST03673,Dinesh Patel,customer03673@example.com,9234295060,Kolkata,West Bengal,Individual,2026-07-10
CUST03674,Rohit Singh,customer03674@example.com,9464797826,Chennai,Tamil Nadu,Individual,2024-06-05
CUST03675,Manoj Mehta,customer03675@example.com,9437610782,Bengaluru,Karnataka,Individual,2025-08-21
CUST03676,Priya Rao,customer03676@example.com,9809546230,Vijayawada,Andhra Pradesh,Individual,2026-04-10
CUST03677,Rohit Iyer,customer03677@example.com,9853791386,Mumbai,Maharashtra,Individual,2023-12-24
CUST03678,Vivek Pillai,customer03678@example.com,9365402394,Chennai,Tamil Nadu,Individual,2025-11-02
CUST03679,Rahul Naidu,customer03679@example.com,9666882376,Salem,Tamil Nadu,Business,2024-12-25
CUST03680,Rahul Reddy,customer03680@example.com,9344055992,Kochi,Kerala,Individual,2024-11-03
CUST03681,Ananya Joshi,customer03681@example.com,9620438880,Salem,Tamil Nadu,Individual,2023-08-20
CUST03682,Ajay Gupta,customer03682@example.com,9835687328,Vijayawada,Andhra Pradesh,Business,2024-04-15
CUST03683,Vijay Kumar,customer03683@example.com,9423646809,Salem,Tamil Nadu,Individual,2026-03-29
CUST03684,Rohit Mehta,customer03684@example.com,9994850347,Madurai,Tamil Nadu,Individual,2024-09-30
CUST03685,Arun Patel,customer03685@example.com,9215805482,Kochi,Kerala,Individual,2024-07-13
CUST03686,Vivek Menon,customer03686@example.com,9894620190,Delhi,Delhi,Individual,2026-07-08
CUST03687,Divya Verma,customer03687@example.com,9330033268,Jaipur,Rajasthan,Business,2024-07-26
CUST03688,Vivek Rao,customer03688@example.com,9629386944,Chennai,Tamil Nadu,Individual,2024-08-24
CUST03689,Meena Kapoor,customer03689@example.com,9775451091,Chennai,Tamil Nadu,Business,2026-10-14
CUST03690,Rohit Pillai,customer03690@example.com,9814275915,Delhi,Delhi,Individual,2023-09-12
CUST03691,Arun Sharma,customer03691@example.com,9635089552,Mumbai,Maharashtra,Individual,2024-08-24
CUST03692,Dinesh Mishra,customer03692@example.com,9299774862,Mumbai,Maharashtra,Individual,2023-10-07
CUST03693,Divya Reddy,customer03693@example.com,9326470945,Vijayawada,Andhra Pradesh,Individual,2023-04-27
CUST03694,Kavya Pillai,customer03694@example.com,9981574385,Salem,Tamil Nadu,Individual,2024-09-01
CUST03695,Nithya Kumar,customer03695@example.com,9297974863,Vijayawada,Andhra Pradesh,Individual,2026-03-31
CUST03696,Suresh Patel,customer03696@example.com,9122089219,Delhi,Delhi,Business,2025-05-01
CUST03697,Dinesh Sinha,customer03697@example.com,9106780231,Vijayawada,Andhra Pradesh,Individual,2023-10-25
CUST03698,Harini Sharma,customer03698@example.com,9330862945,Ahmedabad,Gujarat,Individual,2025-07-04
CUST03699,Karthik Das,customer03699@example.com,9600828525,Kochi,Kerala,Individual,2026-08-13
CUST03700,Dinesh Pillai,customer03700@example.com,9327528408,Salem,Tamil Nadu,Individual,2026-10-13
CUST03701,Meena Kumar,customer03701@example.com,9292111054,Kolkata,West Bengal,Individual,2024-06-01
CUST03702,Sneha Joshi,customer03702@example.com,9589360769,Madurai,Tamil Nadu,Individual,2024-01-13
CUST03703,Nithya Patel,customer03703@example.com,9408748560,Trichy,Tamil Nadu,Individual,2024-03-01
CUST03704,Suresh Patel,customer03704@example.com,9460569657,Pune,Maharashtra,Business,2024-06-20
CUST03705,Dinesh Menon,customer03705@example.com,9178709886,Madurai,Tamil Nadu,Individual,2024-07-06
CUST03706,Vivek Gupta,customer03706@example.com,9484678089,Mumbai,Maharashtra,Individual,2023-06-18
CUST03707,Vivek Joshi,customer03707@example.com,9444489480,Jaipur,Rajasthan,Individual,2024-05-29
CUST03708,Vijay Singh,customer03708@example.com,9361332254,Trichy,Tamil Nadu,Individual,2026-10-19
CUST03709,Ajay Rao,customer03709@example.com,9104635073,Bengaluru,Karnataka,Individual,2024-03-05
CUST03710,Manoj Sharma,customer03710@example.com,9974697815,Hyderabad,Telangana,Individual,2024-07-22
CUST03711,Vijay Bose,customer03711@example.com,9704876093,Jaipur,Rajasthan,Individual,2023-03-24
CUST03712,Karthik Kumar,customer03712@example.com,9244408594,Salem,Tamil Nadu,Business,2023-11-26
CUST03713,Kavya Gupta,customer03713@example.com,9529008464,Chennai,Tamil Nadu,Individual,2024-11-21
CUST03714,Kavya Naidu,customer03714@example.com,9786869610,Ahmedabad,Gujarat,Individual,2026-03-02
CUST03715,Kavya Verma,customer03715@example.com,9364880112,Ahmedabad,Gujarat,Individual,2024-04-01
CUST03716,Nithya Sharma,customer03716@example.com,9175797961,Delhi,Delhi,Business,2023-12-19
CUST03717,Priya Singh,customer03717@example.com,9793571569,Jaipur,Rajasthan,Individual,2023-12-10
CUST03718,Harini Bose,customer03718@example.com,9818838070,Delhi,Delhi,Business,2026-01-22
CUST03719,Meena Joshi,customer03719@example.com,9637045723,Chennai,Tamil Nadu,Business,2025-01-31
CUST03720,Priya Patel,customer03720@example.com,9853056378,Salem,Tamil Nadu,Individual,2026-08-11
CUST03721,Dinesh Reddy,customer03721@example.com,9559241969,Jaipur,Rajasthan,Business,2023-07-17
CUST03722,Dinesh Kapoor,customer03722@example.com,9853768691,Hyderabad,Telangana,Individual,2023-03-20
CUST03723,Dinesh Das,customer03723@example.com,9623455040,Pune,Maharashtra,Individual,2024-11-08
CUST03724,Nithya Menon,customer03724@example.com,9632567419,Hyderabad,Telangana,Individual,2024-07-04
CUST03725,Rahul Reddy,customer03725@example.com,9723739394,Trichy,Tamil Nadu,Individual,2025-03-30
CUST03726,Vivek Sinha,customer03726@example.com,9689660366,Hyderabad,Telangana,Individual,2023-08-02
CUST03727,Nithya Naidu,customer03727@example.com,9458187955,Ahmedabad,Gujarat,Individual,2024-10-30
CUST03728,Meena Pillai,customer03728@example.com,9147098249,Trichy,Tamil Nadu,Individual,2025-09-15
CUST03729,Ananya Sharma,customer03729@example.com,9480255252,Hyderabad,Telangana,Business,2025-06-12
CUST03730,Rahul Nair,customer03730@example.com,9685385764,Pune,Maharashtra,Individual,2023-06-08
CUST03731,Pooja Menon,customer03731@example.com,9944393998,Jaipur,Rajasthan,Individual,2025-01-08
CUST03732,Dinesh Mehta,customer03732@example.com,9192274006,Pune,Maharashtra,Business,2024-07-10
CUST03733,Dinesh Iyer,customer03733@example.com,9575405005,Mumbai,Maharashtra,Individual,2023-07-20
CUST03734,Harini Joshi,customer03734@example.com,9267385038,Chennai,Tamil Nadu,Individual,2023-01-22
CUST03735,Ajay Gupta,customer03735@example.com,9729774537,Pune,Maharashtra,Individual,2026-09-24
CUST03736,Suresh Bose,customer03736@example.com,9520006007,Trichy,Tamil Nadu,Individual,2026-06-19
CUST03737,Vivek Mehta,customer03737@example.com,9781227912,Pune,Maharashtra,Individual,2026-06-15
CUST03738,Swetha Naidu,customer03738@example.com,9589053995,Mumbai,Maharashtra,Individual,2026-03-18
CUST03739,Ananya Iyer,customer03739@example.com,9243742758,Delhi,Delhi,Individual,2025-02-23
CUST03740,Karthik Sharma,customer03740@example.com,9513309316,Trichy,Tamil Nadu,Individual,2023-01-07
CUST03741,Arun Verma,customer03741@example.com,9741783320,Mumbai,Maharashtra,Individual,2026-06-10
CUST03742,Meena Das,customer03742@example.com,9419690551,Ahmedabad,Gujarat,Individual,2025-03-14
CUST03743,Arun Verma,customer03743@example.com,9275323369,Kolkata,West Bengal,Individual,2025-02-06
CUST03744,Priya Menon,customer03744@example.com,9371099512,Kolkata,West Bengal,Individual,2024-08-01
CUST03745,Manoj Patel,customer03745@example.com,9452133721,Bengaluru,Karnataka,Business,2026-01-05
CUST03746,Karthik Verma,customer03746@example.com,9255948351,Hyderabad,Telangana,Business,2024-05-03
CUST03747,Divya Kapoor,customer03747@example.com,9827868103,Chennai,Tamil Nadu,Business,2025-07-14
CUST03748,Kavya Patel,customer03748@example.com,9701748437,Coimbatore,Tamil Nadu,Individual,2023-03-28
CUST03749,Manoj Rao,customer03749@example.com,9425747891,Madurai,Tamil Nadu,Business,2023-08-10
CUST03750,Meena Reddy,customer03750@example.com,9326548568,Mumbai,Maharashtra,Individual,2024-02-17
CUST03751,Arun Verma,customer03751@example.com,9418809455,Delhi,Delhi,Individual,2024-08-06
CUST03752,Vijay Joshi,customer03752@example.com,9282119048,Madurai,Tamil Nadu,Individual,2023-07-21
CUST03753,Vivek Gupta,customer03753@example.com,9754006767,Delhi,Delhi,Business,2024-07-24
CUST03754,Divya Iyer,customer03754@example.com,9600555273,Ahmedabad,Gujarat,Individual,2026-07-23
CUST03755,Priya Verma,customer03755@example.com,9162975176,Kochi,Kerala,Individual,2023-08-09
CUST03756,Priya Bose,customer03756@example.com,9527537213,Kochi,Kerala,Individual,2023-06-06
CUST03757,Rahul Menon,customer03757@example.com,9481590746,Kochi,Kerala,Individual,2026-04-19
CUST03758,Dinesh Das,customer03758@example.com,9690842939,Madurai,Tamil Nadu,Individual,2023-05-09
CUST03759,Karthik Kumar,customer03759@example.com,9640662750,Vijayawada,Andhra Pradesh,Individual,2026-06-20
CUST03760,Kavya Iyer,customer03760@example.com,9585641874,Mumbai,Maharashtra,Individual,2026-04-10
CUST03761,Pooja Singh,customer03761@example.com,9238168938,Coimbatore,Tamil Nadu,Individual,2025-05-26
CUST03762,Manoj Sharma,customer03762@example.com,9340370213,Madurai,Tamil Nadu,Individual,2023-09-27
CUST03763,Kavya Kumar,customer03763@example.com,9924464005,Mumbai,Maharashtra,Individual,2023-06-12
CUST03764,Kavya Verma,customer03764@example.com,9127750286,Pune,Maharashtra,Individual,2025-08-12
CUST03765,Kavya Naidu,customer03765@example.com,9878487004,Ahmedabad,Gujarat,Individual,2023-01-24
CUST03766,Manoj Kapoor,customer03766@example.com,9619221038,Coimbatore,Tamil Nadu,Individual,2024-05-11
CUST03767,Suresh Joshi,customer03767@example.com,9725364908,Kochi,Kerala,Individual,2023-07-12
CUST03768,Divya Menon,customer03768@example.com,9857588813,Trichy,Tamil Nadu,Individual,2025-05-27
CUST03769,Divya Kapoor,customer03769@example.com,9822032692,Ahmedabad,Gujarat,Business,2024-01-25
CUST03770,Divya Rao,customer03770@example.com,9913814209,Delhi,Delhi,Individual,2024-05-11
CUST03771,Karthik Mishra,customer03771@example.com,9866925846,Kochi,Kerala,Individual,2025-08-21
CUST03772,Priya Gupta,customer03772@example.com,9586367275,Kolkata,West Bengal,Individual,2025-03-16
CUST03773,Divya Joshi,customer03773@example.com,9565435443,Hyderabad,Telangana,Individual,2023-05-09
CUST03774,Vivek Patel,customer03774@example.com,9745936685,Kolkata,West Bengal,Business,2025-10-17
CUST03775,Nithya Pillai,customer03775@example.com,9918348690,Kochi,Kerala,Individual,2024-07-06
CUST03776,Priya Naidu,customer03776@example.com,9150918103,Ahmedabad,Gujarat,Individual,2025-11-25
CUST03777,Kavya Kapoor,customer03777@example.com,9183549011,Coimbatore,Tamil Nadu,Business,2023-12-27
CUST03778,Ananya Patel,customer03778@example.com,9638163246,Trichy,Tamil Nadu,Individual,2025-02-03
CUST03779,Vijay Patel,customer03779@example.com,9666898522,Delhi,Delhi,Individual,2026-05-23
CUST03780,Vivek Naidu,customer03780@example.com,9422087731,Vijayawada,Andhra Pradesh,Individual,2023-10-14
CUST03781,Priya Verma,customer03781@example.com,9317723927,Trichy,Tamil Nadu,Individual,2025-02-06
CUST03782,Vijay Mehta,customer03782@example.com,9379172752,Madurai,Tamil Nadu,Business,2025-07-13
CUST03783,Nithya Menon,customer03783@example.com,9968022360,Jaipur,Rajasthan,Individual,2024-01-04
CUST03784,Rahul Singh,customer03784@example.com,9664679853,Delhi,Delhi,Business,2025-06-17
CUST03785,Sneha Bose,customer03785@example.com,9389828415,Kochi,Kerala,Business,2026-04-24
CUST03786,Karthik Pillai,customer03786@example.com,9276583798,Madurai,Tamil Nadu,Individual,2025-12-20
CUST03787,Harini Gupta,customer03787@example.com,9244829150,Jaipur,Rajasthan,Individual,2023-09-19
CUST03788,Arun Iyer,customer03788@example.com,9329066395,Mumbai,Maharashtra,Individual,2025-02-26
CUST03789,Ajay Mishra,customer03789@example.com,9480020913,Coimbatore,Tamil Nadu,Individual,2023-04-21
CUST03790,Rohit Mehta,customer03790@example.com,9417271034,Salem,Tamil Nadu,Individual,2025-07-30
CUST03791,Vivek Nair,customer03791@example.com,9778393663,Mumbai,Maharashtra,Individual,2023-05-21
CUST03792,Kavya Reddy,customer03792@example.com,9254216347,Bengaluru,Karnataka,Individual,2025-01-14
CUST03793,Pooja Iyer,customer03793@example.com,9601259831,Trichy,Tamil Nadu,Business,2024-06-18
CUST03794,Rohit Mishra,customer03794@example.com,9349318458,Salem,Tamil Nadu,Individual,2023-03-20
CUST03795,Divya Mishra,customer03795@example.com,9622771332,Madurai,Tamil Nadu,Individual,2025-11-20
CUST03796,Kavya Menon,customer03796@example.com,9343159477,Pune,Maharashtra,Business,2024-05-23
CUST03797,Harini Kapoor,customer03797@example.com,9378844843,Mumbai,Maharashtra,Individual,2025-08-28
CUST03798,Ajay Naidu,customer03798@example.com,9829641385,Bengaluru,Karnataka,Individual,2023-03-07
CUST03799,Vivek Das,customer03799@example.com,9229680327,Chennai,Tamil Nadu,Individual,2026-10-26
CUST03800,Meena Patel,customer03800@example.com,9251602556,Salem,Tamil Nadu,Individual,2023-10-14
CUST03801,Rahul Iyer,customer03801@example.com,9750535397,Kolkata,West Bengal,Individual,2026-04-14
CUST03802,Pooja Mehta,customer03802@example.com,9240125915,Delhi,Delhi,Individual,2023-05-03
CUST03803,Sneha Kapoor,customer03803@example.com,9982326712,Vijayawada,Andhra Pradesh,Individual,2026-06-08
CUST03804,Harini Bose,customer03804@example.com,9844836654,Vijayawada,Andhra Pradesh,Business,2024-07-08
CUST03805,Priya Kapoor,customer03805@example.com,9302193355,Bengaluru,Karnataka,Individual,2025-09-30
CUST03806,Vivek Sinha,customer03806@example.com,9178806904,Coimbatore,Tamil Nadu,Individual,2023-01-04
CUST03807,Arun Naidu,customer03807@example.com,9880290968,Salem,Tamil Nadu,Individual,2024-02-16
CUST03808,Kavya Das,customer03808@example.com,9124403045,Mumbai,Maharashtra,Individual,2023-09-07
CUST03809,Sneha Verma,customer03809@example.com,9987293483,Coimbatore,Tamil Nadu,Individual,2026-09-30
CUST03810,Karthik Sinha,customer03810@example.com,9165895438,Vijayawada,Andhra Pradesh,Business,2026-09-18
CUST03811,Nithya Das,customer03811@example.com,9574524395,Kolkata,West Bengal,Individual,2024-03-28
CUST03812,Harini Mishra,customer03812@example.com,9357791848,Pune,Maharashtra,Individual,2023-06-07
CUST03813,Vijay Rao,customer03813@example.com,9441409842,Trichy,Tamil Nadu,Individual,2025-04-16
CUST03814,Divya Sharma,customer03814@example.com,9219871796,Trichy,Tamil Nadu,Individual,2025-10-10
CUST03815,Pooja Joshi,customer03815@example.com,9939685153,Kochi,Kerala,Individual,2026-07-17
CUST03816,Karthik Bose,customer03816@example.com,9422386924,Coimbatore,Tamil Nadu,Individual,2025-11-18
CUST03817,Karthik Mishra,customer03817@example.com,9677549900,Ahmedabad,Gujarat,Individual,2025-09-04
CUST03818,Nithya Verma,customer03818@example.com,9912963719,Madurai,Tamil Nadu,Individual,2023-12-01
CUST03819,Arun Kumar,customer03819@example.com,9466656122,Pune,Maharashtra,Individual,2026-06-15
CUST03820,Kavya Kapoor,customer03820@example.com,9543863244,Trichy,Tamil Nadu,Individual,2023-06-02
CUST03821,Vivek Singh,customer03821@example.com,9934865891,Pune,Maharashtra,Individual,2025-01-18
CUST03822,Karthik Bose,customer03822@example.com,9234526021,Bengaluru,Karnataka,Business,2025-04-13
CUST03823,Rahul Nair,customer03823@example.com,9527015397,Pune,Maharashtra,Individual,2026-02-12
CUST03824,Sneha Bose,customer03824@example.com,9610410207,Hyderabad,Telangana,Individual,2025-03-18
CUST03825,Divya Reddy,customer03825@example.com,9597545748,Kolkata,West Bengal,Individual,2025-01-27
CUST03826,Meena Bose,customer03826@example.com,9365816171,Trichy,Tamil Nadu,Individual,2025-11-21
CUST03827,Suresh Joshi,customer03827@example.com,9281803883,Pune,Maharashtra,Individual,2024-06-15
CUST03828,Sneha Kumar,customer03828@example.com,9932099568,Coimbatore,Tamil Nadu,Individual,2023-02-22
CUST03829,Dinesh Verma,customer03829@example.com,9833409530,Chennai,Tamil Nadu,Individual,2024-12-18
CUST03830,Sneha Sinha,customer03830@example.com,9617820550,Hyderabad,Telangana,Individual,2026-05-03
CUST03831,Ajay Nair,customer03831@example.com,9987745625,Hyderabad,Telangana,Business,2026-08-21
CUST03832,Ajay Das,customer03832@example.com,9615139150,Madurai,Tamil Nadu,Individual,2023-12-11
CUST03833,Manoj Rao,customer03833@example.com,9714776105,Pune,Maharashtra,Individual,2026-01-10
CUST03834,Harini Joshi,customer03834@example.com,9399442582,Kochi,Kerala,Individual,2023-01-01
CUST03835,Priya Singh,customer03835@example.com,9496995891,Madurai,Tamil Nadu,Business,2023-06-16
CUST03836,Priya Singh,customer03836@example.com,9244920677,Jaipur,Rajasthan,Individual,2023-11-13
CUST03837,Swetha Iyer,customer03837@example.com,9969449550,Madurai,Tamil Nadu,Individual,2026-04-21
CUST03838,Dinesh Menon,customer03838@example.com,9115052399,Chennai,Tamil Nadu,Business,2025-08-22
CUST03839,Swetha Menon,customer03839@example.com,9218668903,Bengaluru,Karnataka,Individual,2025-06-16
CUST03840,Vijay Mehta,customer03840@example.com,9313890575,Pune,Maharashtra,Individual,2023-09-30
CUST03841,Ajay Mehta,customer03841@example.com,9417142623,Mumbai,Maharashtra,Individual,2024-01-08
CUST03842,Rohit Verma,customer03842@example.com,9875787812,Vijayawada,Andhra Pradesh,Business,2026-10-17
CUST03843,Nithya Mishra,customer03843@example.com,9956685713,Trichy,Tamil Nadu,Business,2025-06-18
CUST03844,Divya Iyer,customer03844@example.com,9733541011,Madurai,Tamil Nadu,Business,2023-07-20
CUST03845,Dinesh Mishra,customer03845@example.com,9361002029,Kolkata,West Bengal,Individual,2026-04-30
CUST03846,Rohit Nair,customer03846@example.com,9685686017,Delhi,Delhi,Business,2026-09-26
CUST03847,Divya Mishra,customer03847@example.com,9483888214,Kolkata,West Bengal,Individual,2026-08-15
CUST03848,Nithya Gupta,customer03848@example.com,9856344413,Chennai,Tamil Nadu,Individual,2023-05-20
CUST03849,Nithya Das,customer03849@example.com,9391032254,Chennai,Tamil Nadu,Individual,2023-11-02
CUST03850,Rahul Sinha,customer03850@example.com,9634017020,Coimbatore,Tamil Nadu,Individual,2026-05-04
CUST03851,Rahul Joshi,customer03851@example.com,9672890598,Jaipur,Rajasthan,Individual,2025-12-20
CUST03852,Kavya Pillai,customer03852@example.com,9939895216,Jaipur,Rajasthan,Individual,2023-12-26
CUST03853,Swetha Iyer,customer03853@example.com,9114046464,Bengaluru,Karnataka,Business,2023-11-03
CUST03854,Karthik Gupta,customer03854@example.com,9587918440,Kochi,Kerala,Individual,2023-11-29
CUST03855,Suresh Pillai,customer03855@example.com,9856833813,Trichy,Tamil Nadu,Individual,2026-01-11
CUST03856,Meena Pillai,customer03856@example.com,9607443676,Salem,Tamil Nadu,Business,2023-11-30
CUST03857,Ajay Mishra,customer03857@example.com,9379206285,Madurai,Tamil Nadu,Individual,2024-05-31
CUST03858,Manoj Joshi,customer03858@example.com,9654440175,Kolkata,West Bengal,Individual,2024-12-31
CUST03859,Meena Kumar,customer03859@example.com,9414347739,Delhi,Delhi,Individual,2025-07-12
CUST03860,Arun Pillai,customer03860@example.com,9670939348,Chennai,Tamil Nadu,Individual,2025-02-04
CUST03861,Pooja Verma,customer03861@example.com,9996017797,Chennai,Tamil Nadu,Individual,2025-02-23
CUST03862,Sneha Reddy,customer03862@example.com,9790860533,Bengaluru,Karnataka,Individual,2023-01-21
CUST03863,Kavya Pillai,customer03863@example.com,9368217920,Delhi,Delhi,Business,2025-05-28
CUST03864,Ananya Singh,customer03864@example.com,9669767700,Ahmedabad,Gujarat,Individual,2023-06-26
CUST03865,Priya Verma,customer03865@example.com,9251014136,Delhi,Delhi,Individual,2026-10-18
CUST03866,Karthik Kapoor,customer03866@example.com,9325316099,Bengaluru,Karnataka,Individual,2023-01-22
CUST03867,Rohit Rao,customer03867@example.com,9823306626,Chennai,Tamil Nadu,Individual,2025-04-16
CUST03868,Divya Mishra,customer03868@example.com,9285826416,Trichy,Tamil Nadu,Individual,2025-08-17
CUST03869,Arun Verma,customer03869@example.com,9835120158,Pune,Maharashtra,Business,2024-07-01
CUST03870,Priya Joshi,customer03870@example.com,9889152673,Pune,Maharashtra,Individual,2023-09-07
CUST03871,Ananya Kapoor,customer03871@example.com,9837579730,Bengaluru,Karnataka,Individual,2024-10-22
CUST03872,Swetha Naidu,customer03872@example.com,9149335315,Delhi,Delhi,Business,2025-08-09
CUST03873,Pooja Mishra,customer03873@example.com,9380332502,Madurai,Tamil Nadu,Individual,2026-01-01
CUST03874,Divya Verma,customer03874@example.com,9500549173,Bengaluru,Karnataka,Individual,2026-01-19
CUST03875,Rohit Reddy,customer03875@example.com,9931841530,Trichy,Tamil Nadu,Individual,2026-04-14
CUST03876,Swetha Sharma,customer03876@example.com,9833950439,Bengaluru,Karnataka,Individual,2023-05-06
CUST03877,Divya Mishra,customer03877@example.com,9532151933,Hyderabad,Telangana,Business,2026-05-12
CUST03878,Sneha Menon,customer03878@example.com,9503557784,Jaipur,Rajasthan,Individual,2026-06-23
CUST03879,Divya Mehta,customer03879@example.com,9429305358,Kolkata,West Bengal,Individual,2024-09-02
CUST03880,Kavya Mehta,customer03880@example.com,9779172005,Delhi,Delhi,Individual,2026-07-18
CUST03881,Ajay Naidu,customer03881@example.com,9553270934,Kochi,Kerala,Business,2025-10-06
CUST03882,Kavya Bose,customer03882@example.com,9936984499,Coimbatore,Tamil Nadu,Business,2023-02-13
CUST03883,Vijay Bose,customer03883@example.com,9743278017,Vijayawada,Andhra Pradesh,Individual,2024-07-01
CUST03884,Sneha Gupta,customer03884@example.com,9126322360,Coimbatore,Tamil Nadu,Individual,2026-04-06
CUST03885,Manoj Mishra,customer03885@example.com,9607474232,Delhi,Delhi,Individual,2024-03-10
CUST03886,Sneha Gupta,customer03886@example.com,9360569267,Kochi,Kerala,Individual,2025-11-19
CUST03887,Kavya Joshi,customer03887@example.com,9205896939,Salem,Tamil Nadu,Business,2025-03-04
CUST03888,Ananya Nair,customer03888@example.com,9222065570,Trichy,Tamil Nadu,Business,2023-12-23
CUST03889,Priya Reddy,customer03889@example.com,9781580233,Hyderabad,Telangana,Business,2026-06-25
CUST03890,Sneha Sinha,customer03890@example.com,9285589773,Hyderabad,Telangana,Individual,2023-09-10
CUST03891,Harini Das,customer03891@example.com,9179059802,Vijayawada,Andhra Pradesh,Business,2025-02-23
CUST03892,Divya Das,customer03892@example.com,9453618165,Chennai,Tamil Nadu,Business,2024-12-21
CUST03893,Divya Kumar,customer03893@example.com,9421882109,Kolkata,West Bengal,Individual,2025-01-06
CUST03894,Priya Verma,customer03894@example.com,9579298573,Pune,Maharashtra,Individual,2025-06-18
CUST03895,Vivek Singh,customer03895@example.com,9573634914,Mumbai,Maharashtra,Individual,2023-05-03
CUST03896,Rahul Mishra,customer03896@example.com,9832524576,Trichy,Tamil Nadu,Individual,2026-08-10
CUST03897,Divya Joshi,customer03897@example.com,9673416883,Vijayawada,Andhra Pradesh,Business,2024-11-15
CUST03898,Dinesh Iyer,customer03898@example.com,9894190080,Mumbai,Maharashtra,Individual,2023-05-23
CUST03899,Ajay Kapoor,customer03899@example.com,9917049633,Ahmedabad,Gujarat,Individual,2025-09-29
CUST03900,Arun Bose,customer03900@example.com,9767064338,Mumbai,Maharashtra,Business,2025-07-26
CUST03901,Priya Nair,customer03901@example.com,9928538519,Delhi,Delhi,Individual,2024-05-25
CUST03902,Sneha Iyer,customer03902@example.com,9245493993,Vijayawada,Andhra Pradesh,Business,2023-02-26
CUST03903,Ananya Sharma,customer03903@example.com,9605169155,Coimbatore,Tamil Nadu,Individual,2023-02-11
CUST03904,Meena Iyer,customer03904@example.com,9600177484,Coimbatore,Tamil Nadu,Individual,2025-03-31
CUST03905,Swetha Menon,customer03905@example.com,9285601439,Pune,Maharashtra,Individual,2026-02-18
CUST03906,Vivek Rao,customer03906@example.com,9409561480,Vijayawada,Andhra Pradesh,Individual,2023-12-09
CUST03907,Suresh Mehta,customer03907@example.com,9597807055,Delhi,Delhi,Individual,2023-11-28
CUST03908,Rohit Bose,customer03908@example.com,9173757425,Mumbai,Maharashtra,Business,2023-12-07
CUST03909,Sneha Gupta,customer03909@example.com,9270374722,Kochi,Kerala,Individual,2023-12-07
CUST03910,Manoj Singh,customer03910@example.com,9948907379,Ahmedabad,Gujarat,Individual,2025-04-28
CUST03911,Vivek Kumar,customer03911@example.com,9366236307,Salem,Tamil Nadu,Individual,2023-07-01
CUST03912,Harini Kumar,customer03912@example.com,9609715657,Jaipur,Rajasthan,Individual,2025-09-10
CUST03913,Rohit Verma,customer03913@example.com,9932902519,Madurai,Tamil Nadu,Business,2026-07-11
CUST03914,Ananya Joshi,customer03914@example.com,9143337977,Coimbatore,Tamil Nadu,Individual,2026-05-18
CUST03915,Karthik Das,customer03915@example.com,9912424121,Trichy,Tamil Nadu,Individual,2024-06-06
CUST03916,Ajay Gupta,customer03916@example.com,9644743701,Kochi,Kerala,Individual,2023-07-01
CUST03917,Rohit Bose,customer03917@example.com,9398575810,Trichy,Tamil Nadu,Individual,2023-09-08
CUST03918,Meena Gupta,customer03918@example.com,9605171416,Chennai,Tamil Nadu,Individual,2023-05-18
CUST03919,Kavya Mishra,customer03919@example.com,9791219177,Vijayawada,Andhra Pradesh,Individual,2026-05-26
CUST03920,Dinesh Verma,customer03920@example.com,9878453383,Bengaluru,Karnataka,Individual,2025-01-20
CUST03921,Swetha Mehta,customer03921@example.com,9381487502,Madurai,Tamil Nadu,Business,2024-03-29
CUST03922,Rahul Kumar,customer03922@example.com,9689719732,Coimbatore,Tamil Nadu,Business,2025-06-01
CUST03923,Dinesh Singh,customer03923@example.com,9515083074,Ahmedabad,Gujarat,Business,2023-03-28
CUST03924,Pooja Verma,customer03924@example.com,9807521309,Hyderabad,Telangana,Business,2023-10-20
CUST03925,Ajay Mehta,customer03925@example.com,9877605388,Coimbatore,Tamil Nadu,Business,2023-04-02
CUST03926,Divya Joshi,customer03926@example.com,9255274475,Kochi,Kerala,Individual,2023-07-27
CUST03927,Harini Iyer,customer03927@example.com,9997678612,Chennai,Tamil Nadu,Individual,2026-05-12
CUST03928,Swetha Pillai,customer03928@example.com,9406752040,Trichy,Tamil Nadu,Individual,2023-07-05
CUST03929,Kavya Mehta,customer03929@example.com,9695880568,Mumbai,Maharashtra,Business,2026-01-13
CUST03930,Vivek Sharma,customer03930@example.com,9158202093,Hyderabad,Telangana,Individual,2023-06-05
CUST03931,Sneha Mehta,customer03931@example.com,9516813330,Delhi,Delhi,Individual,2023-10-20
CUST03932,Pooja Mehta,customer03932@example.com,9272080943,Kolkata,West Bengal,Individual,2024-06-16
CUST03933,Harini Rao,customer03933@example.com,9212255061,Mumbai,Maharashtra,Individual,2023-06-10
CUST03934,Vijay Kumar,customer03934@example.com,9805563710,Kolkata,West Bengal,Individual,2025-04-30
CUST03935,Sneha Mishra,customer03935@example.com,9373231140,Madurai,Tamil Nadu,Individual,2023-06-05
CUST03936,Manoj Naidu,customer03936@example.com,9452708605,Salem,Tamil Nadu,Individual,2023-05-23
CUST03937,Arun Kumar,customer03937@example.com,9364930334,Bengaluru,Karnataka,Individual,2026-07-31
CUST03938,Ajay Mishra,customer03938@example.com,9601968201,Salem,Tamil Nadu,Individual,2024-07-15
CUST03939,Sneha Reddy,customer03939@example.com,9973134186,Hyderabad,Telangana,Individual,2023-02-04
CUST03940,Arun Mishra,customer03940@example.com,9357521510,Pune,Maharashtra,Individual,2023-08-12
CUST03941,Rahul Menon,customer03941@example.com,9853142381,Hyderabad,Telangana,Individual,2024-10-29
CUST03942,Dinesh Naidu,customer03942@example.com,9664314387,Salem,Tamil Nadu,Individual,2024-01-28
CUST03943,Dinesh Singh,customer03943@example.com,9310190033,Coimbatore,Tamil Nadu,Individual,2024-02-12
CUST03944,Harini Naidu,customer03944@example.com,9115078997,Kochi,Kerala,Individual,2023-10-24
CUST03945,Meena Sharma,customer03945@example.com,9884150522,Trichy,Tamil Nadu,Business,2023-11-19
CUST03946,Ananya Reddy,customer03946@example.com,9271883051,Coimbatore,Tamil Nadu,Individual,2023-02-08
CUST03947,Karthik Bose,customer03947@example.com,9123045201,Coimbatore,Tamil Nadu,Individual,2024-05-19
CUST03948,Karthik Sinha,customer03948@example.com,9962649407,Kochi,Kerala,Business,2025-01-22
CUST03949,Harini Naidu,customer03949@example.com,9677320825,Kochi,Kerala,Individual,2026-09-01
CUST03950,Rohit Kapoor,customer03950@example.com,9898900129,Madurai,Tamil Nadu,Individual,2026-02-14
CUST03951,Meena Joshi,customer03951@example.com,9583417942,Mumbai,Maharashtra,Individual,2026-09-27
CUST03952,Swetha Bose,customer03952@example.com,9120438848,Pune,Maharashtra,Business,2023-08-28
CUST03953,Manoj Joshi,customer03953@example.com,9871979830,Pune,Maharashtra,Individual,2024-11-17
CUST03954,Kavya Menon,customer03954@example.com,9335942473,Coimbatore,Tamil Nadu,Individual,2025-01-09
CUST03955,Arun Das,customer03955@example.com,9144166004,Kolkata,West Bengal,Individual,2025-09-23
CUST03956,Swetha Sharma,customer03956@example.com,9572727680,Madurai,Tamil Nadu,Individual,2024-05-01
CUST03957,Pooja Verma,customer03957@example.com,9832453797,Vijayawada,Andhra Pradesh,Individual,2025-02-03
CUST03958,Rohit Patel,customer03958@example.com,9312226278,Vijayawada,Andhra Pradesh,Individual,2024-09-14
CUST03959,Ananya Sharma,customer03959@example.com,9524627696,Ahmedabad,Gujarat,Individual,2025-01-05
CUST03960,Divya Menon,customer03960@example.com,9414586248,Coimbatore,Tamil Nadu,Individual,2023-10-25
CUST03961,Pooja Gupta,customer03961@example.com,9281943134,Bengaluru,Karnataka,Individual,2025-12-11
CUST03962,Swetha Mishra,customer03962@example.com,9144637638,Trichy,Tamil Nadu,Individual,2025-01-02
CUST03963,Divya Pillai,customer03963@example.com,9847085712,Kochi,Kerala,Individual,2025-09-27
CUST03964,Manoj Sinha,customer03964@example.com,9111995490,Mumbai,Maharashtra,Individual,2023-10-31
CUST03965,Sneha Mishra,customer03965@example.com,9260351855,Delhi,Delhi,Individual,2026-08-04
CUST03966,Rahul Nair,customer03966@example.com,9596995812,Kochi,Kerala,Individual,2024-10-25
CUST03967,Vivek Bose,customer03967@example.com,9933842995,Bengaluru,Karnataka,Individual,2025-06-17
CUST03968,Pooja Das,customer03968@example.com,9677415167,Kolkata,West Bengal,Individual,2026-02-15
CUST03969,Karthik Reddy,customer03969@example.com,9985063614,Hyderabad,Telangana,Individual,2025-03-01
CUST03970,Priya Joshi,customer03970@example.com,9433630496,Jaipur,Rajasthan,Individual,2024-10-08
CUST03971,Kavya Pillai,customer03971@example.com,9302920195,Hyderabad,Telangana,Individual,2023-07-28
CUST03972,Rohit Sharma,customer03972@example.com,9863185238,Salem,Tamil Nadu,Business,2026-02-24
CUST03973,Manoj Iyer,customer03973@example.com,9285918282,Bengaluru,Karnataka,Individual,2026-08-09
CUST03974,Suresh Naidu,customer03974@example.com,9706103475,Salem,Tamil Nadu,Individual,2024-06-02
CUST03975,Karthik Sharma,customer03975@example.com,9974336063,Coimbatore,Tamil Nadu,Individual,2026-05-30
CUST03976,Pooja Verma,customer03976@example.com,9602779421,Delhi,Delhi,Business,2023-03-18
CUST03977,Vivek Kumar,customer03977@example.com,9484934279,Chennai,Tamil Nadu,Business,2023-12-04
CUST03978,Ajay Reddy,customer03978@example.com,9991996391,Kochi,Kerala,Individual,2025-05-12
CUST03979,Ajay Sinha,customer03979@example.com,9855917700,Chennai,Tamil Nadu,Individual,2025-07-01
CUST03980,Rahul Kumar,customer03980@example.com,9794891083,Kolkata,West Bengal,Individual,2026-07-22
CUST03981,Vivek Joshi,customer03981@example.com,9721554110,Coimbatore,Tamil Nadu,Individual,2025-03-17
CUST03982,Vijay Joshi,customer03982@example.com,9850929024,Pune,Maharashtra,Individual,2026-02-14
CUST03983,Vijay Naidu,customer03983@example.com,9860513806,Kochi,Kerala,Business,2026-08-08
CUST03984,Swetha Menon,customer03984@example.com,9462593368,Salem,Tamil Nadu,Individual,2026-07-18
CUST03985,Divya Pillai,customer03985@example.com,9359940817,Pune,Maharashtra,Individual,2026-03-26
CUST03986,Harini Singh,customer03986@example.com,9745168037,Mumbai,Maharashtra,Individual,2024-07-25
CUST03987,Priya Reddy,customer03987@example.com,9781715839,Ahmedabad,Gujarat,Individual,2026-04-22
CUST03988,Rahul Nair,customer03988@example.com,9178662829,Delhi,Delhi,Individual,2024-02-28
CUST03989,Meena Reddy,customer03989@example.com,9746567860,Ahmedabad,Gujarat,Individual,2024-11-03
CUST03990,Pooja Sharma,customer03990@example.com,9862950681,Delhi,Delhi,Individual,2025-11-05
CUST03991,Manoj Joshi,customer03991@example.com,9843397948,Hyderabad,Telangana,Individual,2025-07-14
CUST03992,Arun Reddy,customer03992@example.com,9775748350,Madurai,Tamil Nadu,Individual,2023-04-08
CUST03993,Vijay Joshi,customer03993@example.com,9379208423,Kochi,Kerala,Business,2023-10-27
CUST03994,Swetha Verma,customer03994@example.com,9440478530,Salem,Tamil Nadu,Individual,2025-01-16
CUST03995,Karthik Pillai,customer03995@example.com,9440247477,Ahmedabad,Gujarat,Individual,2026-08-23
CUST03996,Rahul Bose,customer03996@example.com,9702681749,Kolkata,West Bengal,Individual,2023-10-01
CUST03997,Arun Bose,customer03997@example.com,9281543961,Chennai,Tamil Nadu,Individual,2023-09-18
CUST03998,Kavya Naidu,customer03998@example.com,9620516690,Vijayawada,Andhra Pradesh,Business,2026-06-16
CUST03999,Divya Verma,customer03999@example.com,9472609003,Jaipur,Rajasthan,Business,2025-07-24
CUST04000,Vivek Sharma,customer04000@example.com,9980554347,Kolkata,West Bengal,Individual,2023-11-28
CUST04001,Manoj Nair,customer04001@example.com,9205538926,Pune,Maharashtra,Individual,2023-04-25
CUST04002,Ajay Kumar,customer04002@example.com,9679609659,Pune,Maharashtra,Individual,2023-09-25
CUST04003,Sneha Joshi,customer04003@example.com,9239506214,Ahmedabad,Gujarat,Business,2023-01-12
CUST04004,Suresh Menon,customer04004@example.com,9404312611,Jaipur,Rajasthan,Individual,2023-03-14
CUST04005,Pooja Kapoor,customer04005@example.com,9432471060,Bengaluru,Karnataka,Individual,2025-10-12
CUST04006,Manoj Mehta,customer04006@example.com,9210507944,Mumbai,Maharashtra,Individual,2025-05-23
CUST04007,Ananya Iyer,customer04007@example.com,9820789365,Kochi,Kerala,Business,2024-02-10
CUST04008,Nithya Kapoor,customer04008@example.com,9299924527,Delhi,Delhi,Individual,2023-06-27
CUST04009,Meena Mishra,customer04009@example.com,9812132377,Trichy,Tamil Nadu,Individual,2025-02-10
CUST04010,Arun Gupta,customer04010@example.com,9264143294,Vijayawada,Andhra Pradesh,Individual,2025-08-03
CUST04011,Swetha Bose,customer04011@example.com,9761373388,Salem,Tamil Nadu,Business,2026-07-06
CUST04012,Swetha Das,customer04012@example.com,9934625315,Kolkata,West Bengal,Individual,2024-02-04
CUST04013,Meena Menon,customer04013@example.com,9991042455,Salem,Tamil Nadu,Business,2023-09-27
CUST04014,Vijay Menon,customer04014@example.com,9579513049,Pune,Maharashtra,Individual,2024-04-30
CUST04015,Swetha Reddy,customer04015@example.com,9535407505,Madurai,Tamil Nadu,Individual,2023-02-28
CUST04016,Rahul Das,customer04016@example.com,9199422478,Hyderabad,Telangana,Business,2024-10-03
CUST04017,Rohit Iyer,customer04017@example.com,9572366926,Chennai,Tamil Nadu,Business,2025-06-05
CUST04018,Priya Sharma,customer04018@example.com,9476267909,Mumbai,Maharashtra,Individual,2023-09-23
CUST04019,Karthik Mehta,customer04019@example.com,9359731626,Madurai,Tamil Nadu,Individual,2023-03-16
CUST04020,Meena Verma,customer04020@example.com,9665114270,Mumbai,Maharashtra,Individual,2026-01-18
CUST04021,Priya Menon,customer04021@example.com,9807362843,Bengaluru,Karnataka,Individual,2024-05-19
CUST04022,Harini Kumar,customer04022@example.com,9128725383,Trichy,Tamil Nadu,Individual,2023-12-23
CUST04023,Ananya Joshi,customer04023@example.com,9849218716,Ahmedabad,Gujarat,Individual,2023-06-03
CUST04024,Kavya Gupta,customer04024@example.com,9180517524,Ahmedabad,Gujarat,Individual,2026-05-26
CUST04025,Meena Pillai,customer04025@example.com,9760278224,Pune,Maharashtra,Individual,2024-04-30
CUST04026,Vijay Mehta,customer04026@example.com,9227038327,Hyderabad,Telangana,Individual,2026-02-27
CUST04027,Vijay Sharma,customer04027@example.com,9582670072,Jaipur,Rajasthan,Individual,2023-03-07
CUST04028,Rohit Reddy,customer04028@example.com,9669574640,Kochi,Kerala,Individual,2026-03-13
CUST04029,Swetha Mishra,customer04029@example.com,9877659223,Jaipur,Rajasthan,Individual,2024-01-15
CUST04030,Dinesh Mishra,customer04030@example.com,9935104697,Madurai,Tamil Nadu,Individual,2026-08-29
CUST04031,Divya Mehta,customer04031@example.com,9289995451,Mumbai,Maharashtra,Individual,2024-02-11
CUST04032,Rahul Menon,customer04032@example.com,9531888817,Delhi,Delhi,Individual,2023-10-04
CUST04033,Manoj Gupta,customer04033@example.com,9961357283,Bengaluru,Karnataka,Individual,2024-09-06
CUST04034,Divya Kumar,customer04034@example.com,9193827580,Delhi,Delhi,Individual,2023-11-10
CUST04035,Ajay Singh,customer04035@example.com,9638578718,Hyderabad,Telangana,Individual,2024-07-02
CUST04036,Karthik Mishra,customer04036@example.com,9387627297,Kochi,Kerala,Individual,2026-06-26
CUST04037,Vijay Gupta,customer04037@example.com,9187696385,Kochi,Kerala,Individual,2024-04-05
CUST04038,Manoj Iyer,customer04038@example.com,9759538281,Madurai,Tamil Nadu,Individual,2024-02-03
CUST04039,Harini Patel,customer04039@example.com,9927671746,Salem,Tamil Nadu,Business,2024-03-26
CUST04040,Vijay Pillai,customer04040@example.com,9483844957,Bengaluru,Karnataka,Individual,2024-04-15
CUST04041,Dinesh Bose,customer04041@example.com,9114833479,Vijayawada,Andhra Pradesh,Business,2025-08-13
CUST04042,Divya Joshi,customer04042@example.com,9935319091,Kochi,Kerala,Individual,2024-12-07
CUST04043,Pooja Patel,customer04043@example.com,9556836742,Kochi,Kerala,Individual,2023-04-13
CUST04044,Arun Rao,customer04044@example.com,9198448075,Madurai,Tamil Nadu,Individual,2023-11-24
CUST04045,Rohit Mehta,customer04045@example.com,9921537017,Pune,Maharashtra,Individual,2024-08-23
CUST04046,Priya Rao,customer04046@example.com,9828688786,Coimbatore,Tamil Nadu,Business,2023-09-03
CUST04047,Dinesh Joshi,customer04047@example.com,9556555865,Bengaluru,Karnataka,Individual,2025-12-17
CUST04048,Vijay Rao,customer04048@example.com,9669722109,Delhi,Delhi,Individual,2023-04-15
CUST04049,Ajay Kumar,customer04049@example.com,9966992526,Hyderabad,Telangana,Individual,2024-11-22
CUST04050,Vivek Singh,customer04050@example.com,9301487693,Kochi,Kerala,Individual,2025-08-29
CUST04051,Ananya Kapoor,customer04051@example.com,9416065916,Kochi,Kerala,Business,2025-12-28
CUST04052,Meena Reddy,customer04052@example.com,9117615610,Ahmedabad,Gujarat,Individual,2025-09-19
CUST04053,Kavya Kapoor,customer04053@example.com,9564894349,Trichy,Tamil Nadu,Business,2026-08-18
CUST04054,Pooja Patel,customer04054@example.com,9499153282,Pune,Maharashtra,Business,2023-06-02
CUST04055,Nithya Kumar,customer04055@example.com,9525285169,Kochi,Kerala,Individual,2025-11-24
CUST04056,Meena Pillai,customer04056@example.com,9134687867,Coimbatore,Tamil Nadu,Individual,2025-08-14
CUST04057,Karthik Singh,customer04057@example.com,9937378869,Trichy,Tamil Nadu,Individual,2025-11-04
CUST04058,Nithya Bose,customer04058@example.com,9514233477,Ahmedabad,Gujarat,Individual,2026-02-03
CUST04059,Nithya Patel,customer04059@example.com,9749937840,Chennai,Tamil Nadu,Business,2024-12-30
CUST04060,Manoj Mishra,customer04060@example.com,9204721814,Pune,Maharashtra,Individual,2023-03-15
CUST04061,Swetha Patel,customer04061@example.com,9927108059,Hyderabad,Telangana,Individual,2025-05-05
CUST04062,Dinesh Patel,customer04062@example.com,9112883789,Mumbai,Maharashtra,Business,2023-10-12
CUST04063,Kavya Iyer,customer04063@example.com,9555651661,Bengaluru,Karnataka,Individual,2026-05-05
CUST04064,Meena Rao,customer04064@example.com,9829454796,Madurai,Tamil Nadu,Individual,2023-10-07
CUST04065,Arun Joshi,customer04065@example.com,9583188314,Hyderabad,Telangana,Individual,2025-02-25
CUST04066,Rahul Naidu,customer04066@example.com,9556580027,Vijayawada,Andhra Pradesh,Business,2024-11-16
CUST04067,Suresh Bose,customer04067@example.com,9356831842,Bengaluru,Karnataka,Individual,2025-08-26
CUST04068,Sneha Patel,customer04068@example.com,9773203372,Trichy,Tamil Nadu,Individual,2026-03-22
CUST04069,Dinesh Reddy,customer04069@example.com,9649831868,Salem,Tamil Nadu,Individual,2023-10-18
CUST04070,Divya Joshi,customer04070@example.com,9122279169,Madurai,Tamil Nadu,Individual,2025-07-20
CUST04071,Kavya Menon,customer04071@example.com,9804866152,Kolkata,West Bengal,Individual,2026-03-11
CUST04072,Rahul Singh,customer04072@example.com,9334172583,Delhi,Delhi,Individual,2025-02-06
CUST04073,Arun Joshi,customer04073@example.com,9442442519,Chennai,Tamil Nadu,Individual,2023-11-08
CUST04074,Ananya Gupta,customer04074@example.com,9323721372,Pune,Maharashtra,Business,2024-10-07
CUST04075,Dinesh Gupta,customer04075@example.com,9538681452,Kochi,Kerala,Individual,2025-11-21
CUST04076,Kavya Gupta,customer04076@example.com,9979700547,Salem,Tamil Nadu,Individual,2023-01-26
CUST04077,Sneha Verma,customer04077@example.com,9867286641,Ahmedabad,Gujarat,Business,2023-09-12
CUST04078,Rohit Menon,customer04078@example.com,9320868289,Vijayawada,Andhra Pradesh,Individual,2025-12-15
CUST04079,Rahul Patel,customer04079@example.com,9418699091,Salem,Tamil Nadu,Business,2023-10-20
CUST04080,Harini Bose,customer04080@example.com,9962733237,Hyderabad,Telangana,Individual,2024-09-28
CUST04081,Rahul Menon,customer04081@example.com,9169676468,Chennai,Tamil Nadu,Individual,2023-08-18
CUST04082,Suresh Das,customer04082@example.com,9204198350,Mumbai,Maharashtra,Individual,2023-02-22
CUST04083,Sneha Kapoor,customer04083@example.com,9636837168,Jaipur,Rajasthan,Individual,2025-08-11
CUST04084,Suresh Verma,customer04084@example.com,9381579324,Bengaluru,Karnataka,Individual,2023-04-11
CUST04085,Pooja Sinha,customer04085@example.com,9679612329,Bengaluru,Karnataka,Individual,2025-03-14
CUST04086,Ajay Patel,customer04086@example.com,9467628416,Hyderabad,Telangana,Individual,2025-05-18
CUST04087,Vivek Mishra,customer04087@example.com,9689346238,Coimbatore,Tamil Nadu,Individual,2023-09-24
CUST04088,Swetha Mishra,customer04088@example.com,9178166629,Coimbatore,Tamil Nadu,Individual,2023-01-02
CUST04089,Vijay Mishra,customer04089@example.com,9783075618,Kochi,Kerala,Individual,2023-01-22
CUST04090,Divya Pillai,customer04090@example.com,9324103218,Vijayawada,Andhra Pradesh,Individual,2024-07-31
CUST04091,Vivek Naidu,customer04091@example.com,9945661996,Kolkata,West Bengal,Individual,2023-07-31
CUST04092,Harini Reddy,customer04092@example.com,9845775180,Delhi,Delhi,Individual,2026-06-13
CUST04093,Dinesh Das,customer04093@example.com,9237716080,Madurai,Tamil Nadu,Individual,2024-06-12
CUST04094,Sneha Kapoor,customer04094@example.com,9295768845,Mumbai,Maharashtra,Individual,2024-01-23
CUST04095,Vivek Patel,customer04095@example.com,9210084444,Kochi,Kerala,Individual,2023-01-14
CUST04096,Meena Pillai,customer04096@example.com,9505934585,Chennai,Tamil Nadu,Individual,2024-06-02
CUST04097,Pooja Mehta,customer04097@example.com,9491918210,Coimbatore,Tamil Nadu,Business,2026-05-30
CUST04098,Dinesh Gupta,customer04098@example.com,9476967405,Kolkata,West Bengal,Individual,2024-09-07
CUST04099,Pooja Iyer,customer04099@example.com,9900789783,Kolkata,West Bengal,Individual,2025-08-19
CUST04100,Vijay Mishra,customer04100@example.com,9451290799,Vijayawada,Andhra Pradesh,Business,2024-02-07
CUST04101,Swetha Das,customer04101@example.com,9194805260,Hyderabad,Telangana,Individual,2023-10-14
CUST04102,Vijay Nair,customer04102@example.com,9387330019,Mumbai,Maharashtra,Individual,2024-01-19
CUST04103,Pooja Mishra,customer04103@example.com,9447499720,Trichy,Tamil Nadu,Individual,2026-06-24
CUST04104,Vijay Rao,customer04104@example.com,9943668621,Madurai,Tamil Nadu,Individual,2026-01-19
CUST04105,Ananya Singh,customer04105@example.com,9282303331,Vijayawada,Andhra Pradesh,Individual,2025-04-05
CUST04106,Pooja Mehta,customer04106@example.com,9764909449,Delhi,Delhi,Individual,2023-11-08
CUST04107,Vivek Singh,customer04107@example.com,9996793255,Vijayawada,Andhra Pradesh,Individual,2024-12-26
CUST04108,Sneha Bose,customer04108@example.com,9893943958,Vijayawada,Andhra Pradesh,Individual,2023-02-12
CUST04109,Ananya Reddy,customer04109@example.com,9984837986,Pune,Maharashtra,Individual,2026-01-02
CUST04110,Vijay Bose,customer04110@example.com,9883599414,Hyderabad,Telangana,Individual,2025-01-23
CUST04111,Pooja Menon,customer04111@example.com,9764995646,Madurai,Tamil Nadu,Individual,2025-09-19
CUST04112,Rohit Singh,customer04112@example.com,9730487878,Pune,Maharashtra,Individual,2025-05-25
CUST04113,Nithya Singh,customer04113@example.com,9286387369,Pune,Maharashtra,Individual,2026-09-01
CUST04114,Kavya Menon,customer04114@example.com,9926077538,Ahmedabad,Gujarat,Individual,2025-01-03
CUST04115,Ananya Sinha,customer04115@example.com,9385256257,Mumbai,Maharashtra,Business,2023-05-24
CUST04116,Ajay Joshi,customer04116@example.com,9793324622,Ahmedabad,Gujarat,Individual,2026-09-14
CUST04117,Nithya Sinha,customer04117@example.com,9322600520,Mumbai,Maharashtra,Individual,2023-07-28
CUST04118,Arun Bose,customer04118@example.com,9106717998,Kochi,Kerala,Individual,2026-01-27
CUST04119,Vivek Iyer,customer04119@example.com,9550710352,Chennai,Tamil Nadu,Individual,2024-11-30
CUST04120,Sneha Reddy,customer04120@example.com,9580175997,Kolkata,West Bengal,Individual,2023-04-24
CUST04121,Rahul Bose,customer04121@example.com,9195978726,Madurai,Tamil Nadu,Individual,2023-06-24
CUST04122,Kavya Singh,customer04122@example.com,9833363507,Hyderabad,Telangana,Individual,2023-09-28
CUST04123,Arun Singh,customer04123@example.com,9836642705,Kochi,Kerala,Business,2023-03-04
CUST04124,Arun Das,customer04124@example.com,9601595854,Jaipur,Rajasthan,Individual,2025-10-04
CUST04125,Vijay Sharma,customer04125@example.com,9378525073,Vijayawada,Andhra Pradesh,Business,2025-03-06
CUST04126,Kavya Mehta,customer04126@example.com,9719533463,Bengaluru,Karnataka,Individual,2023-08-13
CUST04127,Karthik Gupta,customer04127@example.com,9973342742,Hyderabad,Telangana,Individual,2023-06-10
CUST04128,Ananya Iyer,customer04128@example.com,9851114379,Chennai,Tamil Nadu,Business,2025-11-25
CUST04129,Sneha Gupta,customer04129@example.com,9969638806,Delhi,Delhi,Individual,2024-01-16
CUST04130,Arun Menon,customer04130@example.com,9519868692,Salem,Tamil Nadu,Business,2023-11-14
CUST04131,Harini Gupta,customer04131@example.com,9822668797,Salem,Tamil Nadu,Individual,2024-12-08
CUST04132,Manoj Das,customer04132@example.com,9643914047,Kolkata,West Bengal,Individual,2024-03-31
CUST04133,Ajay Kapoor,customer04133@example.com,9883729881,Salem,Tamil Nadu,Individual,2026-07-16
CUST04134,Swetha Bose,customer04134@example.com,9417459527,Salem,Tamil Nadu,Individual,2023-12-10
CUST04135,Priya Iyer,customer04135@example.com,9587295965,Bengaluru,Karnataka,Individual,2025-11-29
CUST04136,Swetha Patel,customer04136@example.com,9216711585,Coimbatore,Tamil Nadu,Individual,2024-02-18
CUST04137,Manoj Bose,customer04137@example.com,9795611521,Ahmedabad,Gujarat,Individual,2026-05-30
CUST04138,Sneha Naidu,customer04138@example.com,9156785476,Delhi,Delhi,Individual,2026-07-28
CUST04139,Karthik Sinha,customer04139@example.com,9760563870,Ahmedabad,Gujarat,Individual,2023-08-13
CUST04140,Nithya Reddy,customer04140@example.com,9864121667,Mumbai,Maharashtra,Individual,2026-03-23
CUST04141,Divya Pillai,customer04141@example.com,9906667717,Pune,Maharashtra,Individual,2023-10-07
CUST04142,Vivek Pillai,customer04142@example.com,9543968470,Coimbatore,Tamil Nadu,Individual,2026-10-08
CUST04143,Pooja Kumar,customer04143@example.com,9118389996,Ahmedabad,Gujarat,Individual,2025-11-28
CUST04144,Suresh Iyer,customer04144@example.com,9351719570,Hyderabad,Telangana,Business,2024-12-29
CUST04145,Vijay Reddy,customer04145@example.com,9681705087,Hyderabad,Telangana,Individual,2024-09-12
CUST04146,Priya Reddy,customer04146@example.com,9385575788,Ahmedabad,Gujarat,Individual,2025-09-01
CUST04147,Nithya Gupta,customer04147@example.com,9972078438,Vijayawada,Andhra Pradesh,Individual,2024-07-26
CUST04148,Ananya Rao,customer04148@example.com,9236690240,Ahmedabad,Gujarat,Business,2024-05-03
CUST04149,Rahul Bose,customer04149@example.com,9490055045,Salem,Tamil Nadu,Individual,2025-10-04
CUST04150,Suresh Singh,customer04150@example.com,9667085254,Mumbai,Maharashtra,Individual,2025-07-25
CUST04151,Arun Bose,customer04151@example.com,9979034223,Chennai,Tamil Nadu,Individual,2026-05-06
CUST04152,Dinesh Bose,customer04152@example.com,9493583101,Madurai,Tamil Nadu,Individual,2026-07-23
CUST04153,Suresh Das,customer04153@example.com,9944751514,Coimbatore,Tamil Nadu,Individual,2026-04-10
CUST04154,Arun Rao,customer04154@example.com,9582207822,Coimbatore,Tamil Nadu,Business,2025-02-22
CUST04155,Kavya Das,customer04155@example.com,9268359859,Ahmedabad,Gujarat,Business,2024-05-22
CUST04156,Manoj Menon,customer04156@example.com,9145161953,Trichy,Tamil Nadu,Individual,2024-02-09
CUST04157,Karthik Naidu,customer04157@example.com,9934650623,Delhi,Delhi,Individual,2026-07-18
CUST04158,Sneha Naidu,customer04158@example.com,9784171513,Kolkata,West Bengal,Business,2025-02-10
CUST04159,Swetha Pillai,customer04159@example.com,9575661176,Delhi,Delhi,Individual,2024-10-25
CUST04160,Priya Mishra,customer04160@example.com,9624788735,Madurai,Tamil Nadu,Individual,2023-05-11
CUST04161,Meena Bose,customer04161@example.com,9842055727,Hyderabad,Telangana,Individual,2026-08-12
CUST04162,Karthik Das,customer04162@example.com,9151409648,Ahmedabad,Gujarat,Individual,2026-07-07
CUST04163,Meena Pillai,customer04163@example.com,9849773399,Hyderabad,Telangana,Individual,2023-10-08
CUST04164,Divya Joshi,customer04164@example.com,9155036878,Hyderabad,Telangana,Business,2026-10-11
CUST04165,Kavya Das,customer04165@example.com,9385460962,Trichy,Tamil Nadu,Individual,2024-02-24
CUST04166,Vivek Verma,customer04166@example.com,9294259779,Hyderabad,Telangana,Individual,2026-04-30
CUST04167,Suresh Naidu,customer04167@example.com,9316422571,Madurai,Tamil Nadu,Individual,2024-09-28
CUST04168,Nithya Sinha,customer04168@example.com,9108043364,Kochi,Kerala,Individual,2025-03-18
CUST04169,Ajay Singh,customer04169@example.com,9890087696,Mumbai,Maharashtra,Individual,2023-12-14
CUST04170,Manoj Naidu,customer04170@example.com,9532285406,Jaipur,Rajasthan,Individual,2024-03-04
CUST04171,Rohit Nair,customer04171@example.com,9456128037,Kolkata,West Bengal,Individual,2026-09-26
CUST04172,Arun Nair,customer04172@example.com,9538826805,Ahmedabad,Gujarat,Business,2024-06-30
CUST04173,Karthik Kapoor,customer04173@example.com,9367652593,Vijayawada,Andhra Pradesh,Individual,2025-07-28
CUST04174,Karthik Das,customer04174@example.com,9871068137,Madurai,Tamil Nadu,Business,2024-02-06
CUST04175,Pooja Patel,customer04175@example.com,9229791365,Salem,Tamil Nadu,Individual,2025-12-06
CUST04176,Ajay Menon,customer04176@example.com,9634718711,Kochi,Kerala,Individual,2024-10-26
CUST04177,Swetha Nair,customer04177@example.com,9160245893,Kolkata,West Bengal,Individual,2025-01-19
CUST04178,Vijay Nair,customer04178@example.com,9808147251,Madurai,Tamil Nadu,Individual,2025-08-17
CUST04179,Manoj Singh,customer04179@example.com,9713246990,Kochi,Kerala,Individual,2024-09-28
CUST04180,Pooja Naidu,customer04180@example.com,9702443075,Hyderabad,Telangana,Individual,2025-05-28
CUST04181,Meena Patel,customer04181@example.com,9973513400,Vijayawada,Andhra Pradesh,Individual,2026-09-13
CUST04182,Rahul Mehta,customer04182@example.com,9261698927,Mumbai,Maharashtra,Individual,2023-03-28
CUST04183,Meena Mehta,customer04183@example.com,9310952181,Ahmedabad,Gujarat,Individual,2024-05-29
CUST04184,Manoj Singh,customer04184@example.com,9499887031,Coimbatore,Tamil Nadu,Individual,2025-09-30
CUST04185,Sneha Verma,customer04185@example.com,9136183911,Delhi,Delhi,Individual,2026-04-03
CUST04186,Harini Mehta,customer04186@example.com,9286785798,Pune,Maharashtra,Individual,2026-05-31
CUST04187,Manoj Menon,customer04187@example.com,9983066418,Jaipur,Rajasthan,Individual,2025-05-10
CUST04188,Karthik Bose,customer04188@example.com,9525444153,Mumbai,Maharashtra,Individual,2026-08-13
CUST04189,Ajay Patel,customer04189@example.com,9290058224,Coimbatore,Tamil Nadu,Individual,2025-07-04
CUST04190,Priya Bose,customer04190@example.com,9395486708,Chennai,Tamil Nadu,Individual,2024-03-26
CUST04191,Sneha Reddy,customer04191@example.com,9333135551,Ahmedabad,Gujarat,Individual,2026-09-28
CUST04192,Ajay Nair,customer04192@example.com,9320204396,Madurai,Tamil Nadu,Business,2023-12-07
CUST04193,Vijay Nair,customer04193@example.com,9258952814,Chennai,Tamil Nadu,Individual,2024-02-25
CUST04194,Priya Mehta,customer04194@example.com,9725647513,Coimbatore,Tamil Nadu,Business,2024-01-16
CUST04195,Ajay Bose,customer04195@example.com,9778444729,Mumbai,Maharashtra,Individual,2023-01-05
CUST04196,Harini Sharma,customer04196@example.com,9910026270,Madurai,Tamil Nadu,Business,2024-10-09
CUST04197,Vijay Sinha,customer04197@example.com,9351260865,Ahmedabad,Gujarat,Individual,2025-10-24
CUST04198,Karthik Gupta,customer04198@example.com,9364709723,Salem,Tamil Nadu,Business,2023-11-12
CUST04199,Suresh Mehta,customer04199@example.com,9479305065,Pune,Maharashtra,Individual,2026-01-06
CUST04200,Pooja Joshi,customer04200@example.com,9928105740,Hyderabad,Telangana,Individual,2024-06-14
CUST04201,Vijay Kapoor,customer04201@example.com,9365237649,Madurai,Tamil Nadu,Individual,2023-12-21
CUST04202,Pooja Bose,customer04202@example.com,9237953757,Salem,Tamil Nadu,Individual,2025-11-22
CUST04203,Pooja Mishra,customer04203@example.com,9788712310,Ahmedabad,Gujarat,Business,2024-10-23
CUST04204,Sneha Sharma,customer04204@example.com,9891290570,Ahmedabad,Gujarat,Individual,2026-03-08
CUST04205,Nithya Bose,customer04205@example.com,9458229644,Madurai,Tamil Nadu,Business,2026-07-19
CUST04206,Harini Joshi,customer04206@example.com,9689842546,Mumbai,Maharashtra,Individual,2026-05-04
CUST04207,Vivek Verma,customer04207@example.com,9493813143,Salem,Tamil Nadu,Individual,2023-05-07
CUST04208,Rohit Sinha,customer04208@example.com,9273013048,Mumbai,Maharashtra,Individual,2023-12-15
CUST04209,Nithya Kapoor,customer04209@example.com,9266716572,Kochi,Kerala,Business,2025-12-03
CUST04210,Ananya Das,customer04210@example.com,9690546741,Coimbatore,Tamil Nadu,Individual,2025-01-11
CUST04211,Divya Bose,customer04211@example.com,9132136324,Bengaluru,Karnataka,Individual,2024-12-28
CUST04212,Meena Mehta,customer04212@example.com,9644502946,Madurai,Tamil Nadu,Individual,2023-09-01
CUST04213,Arun Sinha,customer04213@example.com,9826708498,Jaipur,Rajasthan,Individual,2023-01-09
CUST04214,Meena Singh,customer04214@example.com,9329615286,Ahmedabad,Gujarat,Business,2024-12-12
CUST04215,Arun Singh,customer04215@example.com,9303154508,Delhi,Delhi,Individual,2025-04-25
CUST04216,Ananya Singh,customer04216@example.com,9902448077,Madurai,Tamil Nadu,Individual,2026-01-07
CUST04217,Manoj Rao,customer04217@example.com,9500350757,Coimbatore,Tamil Nadu,Individual,2026-04-28
CUST04218,Dinesh Joshi,customer04218@example.com,9534987325,Vijayawada,Andhra Pradesh,Business,2023-03-27
CUST04219,Ananya Iyer,customer04219@example.com,9297267989,Vijayawada,Andhra Pradesh,Individual,2023-09-28
CUST04220,Ajay Bose,customer04220@example.com,9412481352,Kolkata,West Bengal,Individual,2024-05-27
CUST04221,Vijay Das,customer04221@example.com,9579332080,Jaipur,Rajasthan,Individual,2025-11-09
CUST04222,Pooja Kumar,customer04222@example.com,9606650535,Ahmedabad,Gujarat,Individual,2023-05-10
CUST04223,Sneha Gupta,customer04223@example.com,9903781785,Chennai,Tamil Nadu,Individual,2025-04-17
CUST04224,Pooja Iyer,customer04224@example.com,9870296044,Ahmedabad,Gujarat,Individual,2025-02-08
CUST04225,Pooja Nair,customer04225@example.com,9117939324,Kochi,Kerala,Business,2025-10-27
CUST04226,Dinesh Kumar,customer04226@example.com,9469523204,Hyderabad,Telangana,Business,2025-05-01
CUST04227,Rohit Sinha,customer04227@example.com,9525788636,Salem,Tamil Nadu,Individual,2025-07-25
CUST04228,Ajay Pillai,customer04228@example.com,9388228661,Ahmedabad,Gujarat,Individual,2026-08-26
CUST04229,Rahul Menon,customer04229@example.com,9837100976,Bengaluru,Karnataka,Individual,2025-06-19
CUST04230,Rohit Joshi,customer04230@example.com,9895264770,Pune,Maharashtra,Individual,2024-04-17
CUST04231,Pooja Patel,customer04231@example.com,9719953371,Vijayawada,Andhra Pradesh,Individual,2026-01-30
CUST04232,Vivek Mehta,customer04232@example.com,9980072741,Pune,Maharashtra,Individual,2023-12-04
CUST04233,Nithya Nair,customer04233@example.com,9997238446,Pune,Maharashtra,Individual,2023-11-15
CUST04234,Harini Bose,customer04234@example.com,9877652109,Mumbai,Maharashtra,Individual,2025-11-14
CUST04235,Divya Singh,customer04235@example.com,9476079082,Pune,Maharashtra,Business,2024-12-21
CUST04236,Harini Pillai,customer04236@example.com,9339328458,Hyderabad,Telangana,Individual,2023-05-23
CUST04237,Vijay Joshi,customer04237@example.com,9588874824,Kochi,Kerala,Individual,2024-10-18
CUST04238,Sneha Iyer,customer04238@example.com,9595542053,Chennai,Tamil Nadu,Individual,2026-03-18
CUST04239,Manoj Nair,customer04239@example.com,9412175039,Pune,Maharashtra,Individual,2025-12-14
CUST04240,Sneha Sharma,customer04240@example.com,9731043566,Jaipur,Rajasthan,Individual,2024-04-15
CUST04241,Suresh Nair,customer04241@example.com,9395574187,Madurai,Tamil Nadu,Individual,2023-12-29
CUST04242,Divya Iyer,customer04242@example.com,9407263612,Jaipur,Rajasthan,Business,2024-10-11
CUST04243,Swetha Bose,customer04243@example.com,9352034885,Madurai,Tamil Nadu,Individual,2023-07-28
CUST04244,Nithya Verma,customer04244@example.com,9447956288,Mumbai,Maharashtra,Individual,2026-04-23
CUST04245,Manoj Iyer,customer04245@example.com,9529392664,Hyderabad,Telangana,Individual,2025-12-24
CUST04246,Nithya Reddy,customer04246@example.com,9385645583,Chennai,Tamil Nadu,Business,2024-07-02
CUST04247,Vivek Nair,customer04247@example.com,9135035361,Bengaluru,Karnataka,Individual,2026-02-09
CUST04248,Nithya Sinha,customer04248@example.com,9757570256,Coimbatore,Tamil Nadu,Individual,2023-09-20
CUST04249,Arun Reddy,customer04249@example.com,9508898178,Chennai,Tamil Nadu,Individual,2026-01-04
CUST04250,Rahul Iyer,customer04250@example.com,9898441764,Coimbatore,Tamil Nadu,Individual,2026-08-12
CUST04251,Kavya Gupta,customer04251@example.com,9556956624,Jaipur,Rajasthan,Business,2026-04-16
CUST04252,Ajay Bose,customer04252@example.com,9120615094,Kolkata,West Bengal,Individual,2025-02-04
CUST04253,Swetha Mehta,customer04253@example.com,9451266172,Vijayawada,Andhra Pradesh,Individual,2023-01-01
CUST04254,Manoj Gupta,customer04254@example.com,9139143024,Coimbatore,Tamil Nadu,Individual,2023-05-28
CUST04255,Harini Menon,customer04255@example.com,9527555571,Kochi,Kerala,Individual,2025-05-25
CUST04256,Pooja Sharma,customer04256@example.com,9338450853,Delhi,Delhi,Business,2025-09-12
CUST04257,Manoj Kapoor,customer04257@example.com,9342286270,Kochi,Kerala,Individual,2026-02-26
CUST04258,Meena Joshi,customer04258@example.com,9421858304,Ahmedabad,Gujarat,Individual,2024-05-27
CUST04259,Kavya Pillai,customer04259@example.com,9103714886,Vijayawada,Andhra Pradesh,Business,2024-09-20
CUST04260,Karthik Joshi,customer04260@example.com,9119657945,Vijayawada,Andhra Pradesh,Individual,2025-08-29
CUST04261,Kavya Verma,customer04261@example.com,9814976102,Madurai,Tamil Nadu,Individual,2026-03-18
CUST04262,Priya Iyer,customer04262@example.com,9279830034,Hyderabad,Telangana,Individual,2026-07-16
CUST04263,Priya Kapoor,customer04263@example.com,9650114355,Trichy,Tamil Nadu,Individual,2024-10-14
CUST04264,Ajay Patel,customer04264@example.com,9487991197,Mumbai,Maharashtra,Individual,2026-02-02
CUST04265,Suresh Bose,customer04265@example.com,9744676970,Jaipur,Rajasthan,Individual,2024-04-10
CUST04266,Arun Naidu,customer04266@example.com,9736951094,Delhi,Delhi,Individual,2025-02-02
CUST04267,Suresh Rao,customer04267@example.com,9762946829,Coimbatore,Tamil Nadu,Business,2025-10-16
CUST04268,Nithya Rao,customer04268@example.com,9552415244,Pune,Maharashtra,Individual,2025-07-17
CUST04269,Karthik Bose,customer04269@example.com,9467170899,Hyderabad,Telangana,Individual,2026-07-28
CUST04270,Rahul Naidu,customer04270@example.com,9852237145,Delhi,Delhi,Individual,2025-03-04
CUST04271,Ananya Nair,customer04271@example.com,9831145304,Mumbai,Maharashtra,Business,2025-06-18
CUST04272,Kavya Sinha,customer04272@example.com,9505543816,Madurai,Tamil Nadu,Individual,2026-10-13
CUST04273,Vijay Menon,customer04273@example.com,9915028264,Jaipur,Rajasthan,Business,2024-11-05
CUST04274,Kavya Das,customer04274@example.com,9665017903,Hyderabad,Telangana,Individual,2025-10-05
CUST04275,Dinesh Pillai,customer04275@example.com,9858064395,Mumbai,Maharashtra,Business,2026-05-11
CUST04276,Arun Patel,customer04276@example.com,9438052233,Kolkata,West Bengal,Individual,2023-10-08
CUST04277,Swetha Sinha,customer04277@example.com,9238363909,Kolkata,West Bengal,Individual,2025-07-04
CUST04278,Priya Iyer,customer04278@example.com,9372624307,Kochi,Kerala,Individual,2026-07-04
CUST04279,Arun Menon,customer04279@example.com,9955112488,Kochi,Kerala,Business,2026-01-22
CUST04280,Harini Menon,customer04280@example.com,9809002194,Mumbai,Maharashtra,Individual,2023-11-20
CUST04281,Vijay Sinha,customer04281@example.com,9918815493,Delhi,Delhi,Individual,2025-03-01
CUST04282,Vivek Kapoor,customer04282@example.com,9484955265,Kochi,Kerala,Individual,2026-10-17
CUST04283,Divya Mehta,customer04283@example.com,9149570574,Jaipur,Rajasthan,Business,2026-10-06
CUST04284,Kavya Verma,customer04284@example.com,9574070416,Hyderabad,Telangana,Individual,2025-12-21
CUST04285,Arun Singh,customer04285@example.com,9942803983,Delhi,Delhi,Individual,2023-07-06
CUST04286,Divya Kumar,customer04286@example.com,9859788699,Kochi,Kerala,Individual,2025-07-03
CUST04287,Vivek Sinha,customer04287@example.com,9609269001,Bengaluru,Karnataka,Individual,2024-06-25
CUST04288,Arun Gupta,customer04288@example.com,9245670281,Coimbatore,Tamil Nadu,Business,2025-06-15
CUST04289,Priya Kumar,customer04289@example.com,9618972145,Bengaluru,Karnataka,Business,2026-08-20
CUST04290,Kavya Bose,customer04290@example.com,9732236937,Salem,Tamil Nadu,Individual,2024-09-30
CUST04291,Meena Sinha,customer04291@example.com,9125252552,Kolkata,West Bengal,Individual,2024-03-11
CUST04292,Vivek Mehta,customer04292@example.com,9910727579,Madurai,Tamil Nadu,Business,2023-08-01
CUST04293,Meena Patel,customer04293@example.com,9693119639,Chennai,Tamil Nadu,Business,2025-03-28
CUST04294,Pooja Reddy,customer04294@example.com,9218594784,Coimbatore,Tamil Nadu,Individual,2025-08-19
CUST04295,Rahul Rao,customer04295@example.com,9795198275,Kolkata,West Bengal,Individual,2026-03-03
CUST04296,Suresh Joshi,customer04296@example.com,9402263479,Delhi,Delhi,Individual,2025-08-17
CUST04297,Swetha Singh,customer04297@example.com,9102183721,Delhi,Delhi,Individual,2025-07-05
CUST04298,Divya Joshi,customer04298@example.com,9570000011,Delhi,Delhi,Individual,2025-09-19
CUST04299,Meena Sharma,customer04299@example.com,9362875025,Madurai,Tamil Nadu,Individual,2025-07-03
CUST04300,Divya Reddy,customer04300@example.com,9187914134,Bengaluru,Karnataka,Individual,2026-05-27
CUST04301,Pooja Sinha,customer04301@example.com,9529667923,Chennai,Tamil Nadu,Individual,2024-02-25
CUST04302,Manoj Reddy,customer04302@example.com,9300299653,Jaipur,Rajasthan,Individual,2023-11-15
CUST04303,Ajay Mishra,customer04303@example.com,9543192628,Kochi,Kerala,Individual,2026-03-26
CUST04304,Meena Gupta,customer04304@example.com,9883177569,Delhi,Delhi,Individual,2023-07-07
CUST04305,Ajay Verma,customer04305@example.com,9725701673,Trichy,Tamil Nadu,Individual,2023-06-11
CUST04306,Rohit Singh,customer04306@example.com,9432626881,Salem,Tamil Nadu,Individual,2023-05-09
CUST04307,Karthik Sharma,customer04307@example.com,9205929736,Coimbatore,Tamil Nadu,Individual,2023-10-31
CUST04308,Karthik Rao,customer04308@example.com,9991030490,Hyderabad,Telangana,Business,2026-01-17
CUST04309,Vijay Pillai,customer04309@example.com,9853008809,Kochi,Kerala,Individual,2025-07-05
CUST04310,Swetha Singh,customer04310@example.com,9886000161,Trichy,Tamil Nadu,Individual,2026-03-31
CUST04311,Dinesh Kapoor,customer04311@example.com,9883813799,Chennai,Tamil Nadu,Business,2025-07-10
CUST04312,Karthik Das,customer04312@example.com,9729673303,Madurai,Tamil Nadu,Individual,2025-11-25
CUST04313,Manoj Joshi,customer04313@example.com,9194186640,Jaipur,Rajasthan,Business,2026-06-04
CUST04314,Suresh Kumar,customer04314@example.com,9931655324,Jaipur,Rajasthan,Individual,2023-05-31
CUST04315,Priya Mehta,customer04315@example.com,9675984355,Chennai,Tamil Nadu,Individual,2024-08-15
CUST04316,Vijay Reddy,customer04316@example.com,9907071408,Hyderabad,Telangana,Individual,2023-02-16
CUST04317,Karthik Pillai,customer04317@example.com,9225606588,Coimbatore,Tamil Nadu,Individual,2025-07-28
CUST04318,Dinesh Bose,customer04318@example.com,9530918610,Ahmedabad,Gujarat,Individual,2024-10-21
CUST04319,Ajay Iyer,customer04319@example.com,9142825005,Hyderabad,Telangana,Business,2023-08-19
CUST04320,Rahul Patel,customer04320@example.com,9736868653,Jaipur,Rajasthan,Business,2025-09-28
CUST04321,Dinesh Mishra,customer04321@example.com,9479948925,Mumbai,Maharashtra,Individual,2023-06-14
CUST04322,Pooja Mehta,customer04322@example.com,9967736592,Coimbatore,Tamil Nadu,Individual,2024-12-24
CUST04323,Ananya Joshi,customer04323@example.com,9738379585,Chennai,Tamil Nadu,Individual,2025-03-30
CUST04324,Divya Naidu,customer04324@example.com,9482997764,Jaipur,Rajasthan,Individual,2025-12-25
CUST04325,Vijay Sharma,customer04325@example.com,9848340346,Jaipur,Rajasthan,Individual,2026-01-08
CUST04326,Vivek Sharma,customer04326@example.com,9900018662,Delhi,Delhi,Individual,2023-05-20
CUST04327,Suresh Joshi,customer04327@example.com,9469703861,Chennai,Tamil Nadu,Individual,2024-02-04
CUST04328,Meena Patel,customer04328@example.com,9669797244,Ahmedabad,Gujarat,Individual,2023-05-10
CUST04329,Vijay Patel,customer04329@example.com,9829186415,Chennai,Tamil Nadu,Individual,2025-09-11
CUST04330,Sneha Joshi,customer04330@example.com,9620240911,Ahmedabad,Gujarat,Individual,2025-02-04
CUST04331,Meena Naidu,customer04331@example.com,9446866256,Coimbatore,Tamil Nadu,Individual,2024-03-21
CUST04332,Divya Sinha,customer04332@example.com,9197197301,Salem,Tamil Nadu,Individual,2023-01-29
CUST04333,Rahul Mehta,customer04333@example.com,9132848262,Mumbai,Maharashtra,Business,2026-05-10
CUST04334,Divya Menon,customer04334@example.com,9381635207,Kochi,Kerala,Individual,2026-06-14
CUST04335,Priya Verma,customer04335@example.com,9921885255,Chennai,Tamil Nadu,Individual,2025-03-09
CUST04336,Sneha Sharma,customer04336@example.com,9480704607,Trichy,Tamil Nadu,Individual,2026-09-24
CUST04337,Rahul Mehta,customer04337@example.com,9879242218,Kolkata,West Bengal,Individual,2023-10-16
CUST04338,Karthik Iyer,customer04338@example.com,9286739054,Pune,Maharashtra,Individual,2026-06-29
CUST04339,Arun Das,customer04339@example.com,9614533457,Pune,Maharashtra,Individual,2025-09-03
CUST04340,Kavya Mishra,customer04340@example.com,9729254965,Chennai,Tamil Nadu,Individual,2023-04-10
CUST04341,Pooja Menon,customer04341@example.com,9167630155,Ahmedabad,Gujarat,Business,2024-02-26
CUST04342,Vivek Pillai,customer04342@example.com,9469397262,Trichy,Tamil Nadu,Individual,2024-10-04
CUST04343,Meena Nair,customer04343@example.com,9507293659,Salem,Tamil Nadu,Individual,2024-11-24
CUST04344,Rahul Sharma,customer04344@example.com,9301426422,Delhi,Delhi,Individual,2024-12-06
CUST04345,Sneha Rao,customer04345@example.com,9515997669,Ahmedabad,Gujarat,Business,2023-01-18
CUST04346,Meena Singh,customer04346@example.com,9949315761,Madurai,Tamil Nadu,Individual,2024-04-15
CUST04347,Rahul Rao,customer04347@example.com,9257066167,Madurai,Tamil Nadu,Individual,2024-12-23
CUST04348,Manoj Mishra,customer04348@example.com,9652945118,Coimbatore,Tamil Nadu,Individual,2025-10-27
CUST04349,Meena Joshi,customer04349@example.com,9900641395,Pune,Maharashtra,Individual,2024-02-23
CUST04350,Kavya Kumar,customer04350@example.com,9247762440,Chennai,Tamil Nadu,Individual,2024-01-15
CUST04351,Dinesh Naidu,customer04351@example.com,9805962093,Madurai,Tamil Nadu,Individual,2024-05-22
CUST04352,Sneha Joshi,customer04352@example.com,9424136850,Chennai,Tamil Nadu,Individual,2023-04-24
CUST04353,Dinesh Joshi,customer04353@example.com,9935946802,Coimbatore,Tamil Nadu,Business,2025-05-01
CUST04354,Ananya Sharma,customer04354@example.com,9822572487,Pune,Maharashtra,Individual,2024-05-25
CUST04355,Vivek Verma,customer04355@example.com,9891118049,Hyderabad,Telangana,Individual,2025-04-30
CUST04356,Karthik Kapoor,customer04356@example.com,9262433987,Salem,Tamil Nadu,Individual,2025-09-02
CUST04357,Swetha Joshi,customer04357@example.com,9448688414,Kolkata,West Bengal,Individual,2024-09-05
CUST04358,Manoj Singh,customer04358@example.com,9996349954,Kolkata,West Bengal,Business,2024-04-13
CUST04359,Nithya Kapoor,customer04359@example.com,9893690210,Madurai,Tamil Nadu,Individual,2023-04-03
CUST04360,Ajay Patel,customer04360@example.com,9192083538,Kolkata,West Bengal,Individual,2026-01-30
CUST04361,Swetha Mishra,customer04361@example.com,9902202410,Jaipur,Rajasthan,Business,2024-05-07
CUST04362,Vivek Patel,customer04362@example.com,9285191689,Salem,Tamil Nadu,Individual,2025-02-01
CUST04363,Arun Mehta,customer04363@example.com,9996731787,Ahmedabad,Gujarat,Individual,2025-09-15
CUST04364,Rahul Mishra,customer04364@example.com,9582203421,Hyderabad,Telangana,Individual,2024-04-23
CUST04365,Rahul Joshi,customer04365@example.com,9883326557,Salem,Tamil Nadu,Business,2025-05-26
CUST04366,Vivek Sinha,customer04366@example.com,9821093627,Jaipur,Rajasthan,Business,2023-06-16
CUST04367,Nithya Patel,customer04367@example.com,9709340369,Vijayawada,Andhra Pradesh,Individual,2023-05-20
CUST04368,Dinesh Das,customer04368@example.com,9429940695,Ahmedabad,Gujarat,Individual,2023-04-04
CUST04369,Ananya Singh,customer04369@example.com,9840675016,Jaipur,Rajasthan,Business,2026-04-19
CUST04370,Dinesh Gupta,customer04370@example.com,9691154990,Chennai,Tamil Nadu,Individual,2024-07-29
CUST04371,Arun Das,customer04371@example.com,9535116119,Coimbatore,Tamil Nadu,Business,2025-10-24
CUST04372,Vivek Kumar,customer04372@example.com,9824161598,Kochi,Kerala,Individual,2024-08-28
CUST04373,Karthik Kapoor,customer04373@example.com,9530323074,Hyderabad,Telangana,Individual,2026-07-19
CUST04374,Harini Gupta,customer04374@example.com,9388079638,Kochi,Kerala,Individual,2026-03-01
CUST04375,Nithya Bose,customer04375@example.com,9882996938,Coimbatore,Tamil Nadu,Individual,2024-08-06
CUST04376,Nithya Verma,customer04376@example.com,9269679433,Coimbatore,Tamil Nadu,Individual,2025-03-26
CUST04377,Manoj Mishra,customer04377@example.com,9534805553,Jaipur,Rajasthan,Business,2024-08-15
CUST04378,Meena Mishra,customer04378@example.com,9919997603,Pune,Maharashtra,Individual,2024-11-16
CUST04379,Swetha Rao,customer04379@example.com,9715986811,Jaipur,Rajasthan,Business,2025-08-20
CUST04380,Manoj Reddy,customer04380@example.com,9835898892,Kochi,Kerala,Individual,2025-09-13
CUST04381,Divya Joshi,customer04381@example.com,9750565501,Jaipur,Rajasthan,Individual,2025-12-11
CUST04382,Swetha Iyer,customer04382@example.com,9546743324,Chennai,Tamil Nadu,Business,2026-08-06
CUST04383,Sneha Naidu,customer04383@example.com,9849242277,Jaipur,Rajasthan,Individual,2024-03-21
CUST04384,Ananya Nair,customer04384@example.com,9192556282,Trichy,Tamil Nadu,Individual,2023-08-25
CUST04385,Ananya Gupta,customer04385@example.com,9541857012,Kolkata,West Bengal,Individual,2026-07-27
CUST04386,Kavya Mishra,customer04386@example.com,9377736396,Kochi,Kerala,Individual,2025-12-03
CUST04387,Ajay Menon,customer04387@example.com,9639052664,Trichy,Tamil Nadu,Individual,2025-05-31
CUST04388,Swetha Bose,customer04388@example.com,9620229209,Pune,Maharashtra,Business,2025-02-04
CUST04389,Vijay Das,customer04389@example.com,9947360723,Coimbatore,Tamil Nadu,Business,2025-07-25
CUST04390,Nithya Iyer,customer04390@example.com,9272510867,Madurai,Tamil Nadu,Individual,2023-12-25
CUST04391,Divya Reddy,customer04391@example.com,9347039053,Salem,Tamil Nadu,Individual,2024-10-07
CUST04392,Pooja Singh,customer04392@example.com,9323958380,Ahmedabad,Gujarat,Individual,2024-11-20
CUST04393,Kavya Gupta,customer04393@example.com,9988579085,Kolkata,West Bengal,Individual,2024-04-06
CUST04394,Rahul Verma,customer04394@example.com,9654317103,Ahmedabad,Gujarat,Individual,2023-04-11
CUST04395,Vijay Reddy,customer04395@example.com,9195041932,Jaipur,Rajasthan,Business,2024-11-22
CUST04396,Dinesh Sinha,customer04396@example.com,9763642903,Vijayawada,Andhra Pradesh,Individual,2025-09-10
CUST04397,Pooja Gupta,customer04397@example.com,9378507598,Kolkata,West Bengal,Individual,2025-02-07
CUST04398,Vijay Rao,customer04398@example.com,9278300658,Chennai,Tamil Nadu,Business,2023-09-25
CUST04399,Rahul Das,customer04399@example.com,9935909025,Vijayawada,Andhra Pradesh,Individual,2025-06-01
CUST04400,Sneha Singh,customer04400@example.com,9239650289,Mumbai,Maharashtra,Business,2026-10-17
CUST04401,Kavya Verma,customer04401@example.com,9937243954,Bengaluru,Karnataka,Individual,2024-02-12
CUST04402,Pooja Menon,customer04402@example.com,9590693351,Bengaluru,Karnataka,Individual,2025-11-26
CUST04403,Nithya Joshi,customer04403@example.com,9417013762,Bengaluru,Karnataka,Business,2024-04-12
CUST04404,Rohit Nair,customer04404@example.com,9311634559,Mumbai,Maharashtra,Individual,2023-09-16
CUST04405,Kavya Iyer,customer04405@example.com,9693371510,Ahmedabad,Gujarat,Business,2024-05-23
CUST04406,Swetha Singh,customer04406@example.com,9105727961,Chennai,Tamil Nadu,Business,2023-11-05
CUST04407,Priya Patel,customer04407@example.com,9368114125,Vijayawada,Andhra Pradesh,Individual,2026-07-20
CUST04408,Kavya Patel,customer04408@example.com,9417181753,Mumbai,Maharashtra,Individual,2024-09-16
CUST04409,Ananya Reddy,customer04409@example.com,9754322152,Bengaluru,Karnataka,Individual,2023-04-20
CUST04410,Kavya Naidu,customer04410@example.com,9793979079,Pune,Maharashtra,Business,2024-11-09
CUST04411,Meena Kumar,customer04411@example.com,9655963702,Hyderabad,Telangana,Individual,2026-07-07
CUST04412,Manoj Bose,customer04412@example.com,9478526327,Vijayawada,Andhra Pradesh,Individual,2025-01-11
CUST04413,Rohit Rao,customer04413@example.com,9528008015,Kochi,Kerala,Individual,2025-06-25
CUST04414,Rohit Verma,customer04414@example.com,9371275049,Coimbatore,Tamil Nadu,Individual,2023-09-25
CUST04415,Rohit Pillai,customer04415@example.com,9498766612,Mumbai,Maharashtra,Business,2025-11-21
CUST04416,Priya Gupta,customer04416@example.com,9401091337,Chennai,Tamil Nadu,Business,2025-07-28
CUST04417,Suresh Das,customer04417@example.com,9172158008,Chennai,Tamil Nadu,Business,2025-03-21
CUST04418,Sneha Kapoor,customer04418@example.com,9737478040,Kochi,Kerala,Individual,2026-04-15
CUST04419,Karthik Patel,customer04419@example.com,9864482853,Trichy,Tamil Nadu,Individual,2023-04-14
CUST04420,Divya Sinha,customer04420@example.com,9256463701,Hyderabad,Telangana,Individual,2026-06-13
CUST04421,Manoj Gupta,customer04421@example.com,9669294960,Vijayawada,Andhra Pradesh,Individual,2026-01-21
CUST04422,Priya Naidu,customer04422@example.com,9466628540,Madurai,Tamil Nadu,Individual,2023-07-20
CUST04423,Karthik Sinha,customer04423@example.com,9597325230,Kolkata,West Bengal,Business,2025-06-17
CUST04424,Divya Mishra,customer04424@example.com,9153126965,Bengaluru,Karnataka,Business,2025-01-12
CUST04425,Karthik Singh,customer04425@example.com,9674616877,Vijayawada,Andhra Pradesh,Business,2025-07-13
CUST04426,Manoj Iyer,customer04426@example.com,9976349379,Jaipur,Rajasthan,Business,2024-08-19
CUST04427,Kavya Rao,customer04427@example.com,9276223747,Madurai,Tamil Nadu,Business,2025-11-24
CUST04428,Harini Joshi,customer04428@example.com,9861041629,Trichy,Tamil Nadu,Individual,2026-02-14
CUST04429,Swetha Kapoor,customer04429@example.com,9861350081,Bengaluru,Karnataka,Business,2024-11-18
CUST04430,Rohit Singh,customer04430@example.com,9881266090,Hyderabad,Telangana,Individual,2025-07-08
CUST04431,Divya Kumar,customer04431@example.com,9186047037,Salem,Tamil Nadu,Individual,2025-02-26
CUST04432,Manoj Rao,customer04432@example.com,9154645731,Jaipur,Rajasthan,Individual,2024-02-03
CUST04433,Harini Joshi,customer04433@example.com,9705501652,Trichy,Tamil Nadu,Individual,2024-08-19
CUST04434,Priya Joshi,customer04434@example.com,9339485180,Ahmedabad,Gujarat,Individual,2023-04-27
CUST04435,Rohit Kapoor,customer04435@example.com,9868139387,Bengaluru,Karnataka,Individual,2023-12-28
CUST04436,Sneha Kumar,customer04436@example.com,9901260143,Hyderabad,Telangana,Individual,2023-07-23
CUST04437,Vijay Patel,customer04437@example.com,9595291476,Delhi,Delhi,Business,2026-03-15
CUST04438,Ananya Kumar,customer04438@example.com,9685594371,Madurai,Tamil Nadu,Business,2024-03-19
CUST04439,Nithya Rao,customer04439@example.com,9100396605,Madurai,Tamil Nadu,Individual,2024-12-27
CUST04440,Ananya Sinha,customer04440@example.com,9524791385,Kolkata,West Bengal,Individual,2025-05-10
CUST04441,Nithya Singh,customer04441@example.com,9543672183,Kochi,Kerala,Individual,2026-08-13
CUST04442,Meena Patel,customer04442@example.com,9887752178,Hyderabad,Telangana,Individual,2025-05-17
CUST04443,Karthik Menon,customer04443@example.com,9948890753,Mumbai,Maharashtra,Individual,2025-02-05
CUST04444,Ajay Singh,customer04444@example.com,9641664392,Delhi,Delhi,Business,2026-06-08
CUST04445,Swetha Gupta,customer04445@example.com,9904430264,Salem,Tamil Nadu,Individual,2026-05-11
CUST04446,Ananya Mishra,customer04446@example.com,9690940204,Pune,Maharashtra,Individual,2023-12-28
CUST04447,Swetha Das,customer04447@example.com,9385145967,Bengaluru,Karnataka,Individual,2024-01-30
CUST04448,Meena Iyer,customer04448@example.com,9887648175,Jaipur,Rajasthan,Individual,2023-09-05
CUST04449,Karthik Verma,customer04449@example.com,9879686904,Delhi,Delhi,Individual,2025-07-02
CUST04450,Rahul Singh,customer04450@example.com,9230826793,Hyderabad,Telangana,Individual,2025-01-30
CUST04451,Meena Singh,customer04451@example.com,9482374696,Ahmedabad,Gujarat,Business,2024-10-17
CUST04452,Vivek Menon,customer04452@example.com,9846304458,Coimbatore,Tamil Nadu,Individual,2023-12-22
CUST04453,Pooja Pillai,customer04453@example.com,9406709592,Bengaluru,Karnataka,Individual,2023-08-29
CUST04454,Dinesh Kapoor,customer04454@example.com,9863267801,Chennai,Tamil Nadu,Individual,2026-09-26
CUST04455,Dinesh Sinha,customer04455@example.com,9947739900,Madurai,Tamil Nadu,Individual,2023-08-17
CUST04456,Kavya Bose,customer04456@example.com,9518864057,Ahmedabad,Gujarat,Individual,2024-09-12
CUST04457,Arun Bose,customer04457@example.com,9783457763,Kochi,Kerala,Individual,2025-07-19
CUST04458,Priya Pillai,customer04458@example.com,9439814185,Hyderabad,Telangana,Individual,2025-05-04
CUST04459,Karthik Kumar,customer04459@example.com,9317220386,Salem,Tamil Nadu,Individual,2024-06-12
CUST04460,Vijay Menon,customer04460@example.com,9406826661,Chennai,Tamil Nadu,Individual,2023-09-24
CUST04461,Ananya Mishra,customer04461@example.com,9297536808,Kolkata,West Bengal,Individual,2026-02-26
CUST04462,Ajay Kumar,customer04462@example.com,9751026530,Jaipur,Rajasthan,Individual,2023-08-08
CUST04463,Pooja Rao,customer04463@example.com,9427212337,Vijayawada,Andhra Pradesh,Individual,2026-01-10
CUST04464,Pooja Naidu,customer04464@example.com,9453311591,Trichy,Tamil Nadu,Individual,2024-07-14
CUST04465,Vivek Mishra,customer04465@example.com,9999016135,Pune,Maharashtra,Individual,2025-11-09
CUST04466,Harini Menon,customer04466@example.com,9884668238,Pune,Maharashtra,Individual,2026-09-12
CUST04467,Kavya Kumar,customer04467@example.com,9870978092,Ahmedabad,Gujarat,Individual,2025-11-26
CUST04468,Manoj Rao,customer04468@example.com,9363046342,Chennai,Tamil Nadu,Individual,2024-01-17
CUST04469,Dinesh Sinha,customer04469@example.com,9752342930,Vijayawada,Andhra Pradesh,Individual,2023-02-08
CUST04470,Karthik Rao,customer04470@example.com,9142488295,Vijayawada,Andhra Pradesh,Individual,2026-02-06
CUST04471,Kavya Nair,customer04471@example.com,9266067305,Madurai,Tamil Nadu,Business,2024-03-04
CUST04472,Nithya Pillai,customer04472@example.com,9585447056,Kolkata,West Bengal,Individual,2025-12-23
CUST04473,Vivek Reddy,customer04473@example.com,9887766976,Coimbatore,Tamil Nadu,Business,2026-04-13
CUST04474,Nithya Sharma,customer04474@example.com,9815842540,Madurai,Tamil Nadu,Business,2025-03-01
CUST04475,Divya Joshi,customer04475@example.com,9716456668,Delhi,Delhi,Business,2023-02-01
CUST04476,Sneha Iyer,customer04476@example.com,9911285580,Kochi,Kerala,Individual,2025-08-02
CUST04477,Vijay Kumar,customer04477@example.com,9556873271,Pune,Maharashtra,Individual,2024-06-14
CUST04478,Rohit Reddy,customer04478@example.com,9230737263,Delhi,Delhi,Individual,2023-04-16
CUST04479,Harini Nair,customer04479@example.com,9357768284,Salem,Tamil Nadu,Individual,2024-04-26
CUST04480,Rohit Iyer,customer04480@example.com,9835505192,Bengaluru,Karnataka,Individual,2023-07-25
CUST04481,Nithya Iyer,customer04481@example.com,9713107369,Mumbai,Maharashtra,Business,2026-06-24
CUST04482,Divya Nair,customer04482@example.com,9341156613,Hyderabad,Telangana,Individual,2025-04-14
CUST04483,Ajay Joshi,customer04483@example.com,9557655492,Jaipur,Rajasthan,Individual,2023-03-30
CUST04484,Divya Gupta,customer04484@example.com,9455862986,Kolkata,West Bengal,Individual,2026-09-01
CUST04485,Swetha Naidu,customer04485@example.com,9676814920,Madurai,Tamil Nadu,Individual,2025-10-31
CUST04486,Sneha Sharma,customer04486@example.com,9290468325,Pune,Maharashtra,Individual,2025-12-08
CUST04487,Ajay Gupta,customer04487@example.com,9337692071,Delhi,Delhi,Individual,2025-06-14
CUST04488,Arun Sharma,customer04488@example.com,9350916648,Trichy,Tamil Nadu,Individual,2026-04-09
CUST04489,Manoj Das,customer04489@example.com,9357146632,Ahmedabad,Gujarat,Individual,2023-05-23
CUST04490,Priya Reddy,customer04490@example.com,9870553863,Kochi,Kerala,Business,2023-07-26
CUST04491,Vijay Bose,customer04491@example.com,9381077689,Kochi,Kerala,Business,2024-05-23
CUST04492,Divya Naidu,customer04492@example.com,9417953383,Bengaluru,Karnataka,Individual,2026-05-09
CUST04493,Pooja Joshi,customer04493@example.com,9900106690,Hyderabad,Telangana,Business,2023-01-05
CUST04494,Harini Nair,customer04494@example.com,9336117260,Hyderabad,Telangana,Individual,2023-07-30
CUST04495,Pooja Bose,customer04495@example.com,9271576338,Kochi,Kerala,Individual,2023-01-29
CUST04496,Kavya Mishra,customer04496@example.com,9294484577,Kochi,Kerala,Individual,2026-04-28
CUST04497,Swetha Sinha,customer04497@example.com,9948619359,Vijayawada,Andhra Pradesh,Individual,2023-07-07
CUST04498,Pooja Kapoor,customer04498@example.com,9949105968,Madurai,Tamil Nadu,Individual,2026-03-19
CUST04499,Pooja Joshi,customer04499@example.com,9876171983,Vijayawada,Andhra Pradesh,Individual,2024-06-08
CUST04500,Rohit Rao,customer04500@example.com,9589896291,Kolkata,West Bengal,Individual,2025-08-03
CUST04501,Ajay Singh,customer04501@example.com,9107314257,Coimbatore,Tamil Nadu,Individual,2026-10-21
CUST04502,Rohit Pillai,customer04502@example.com,9817128653,Salem,Tamil Nadu,Individual,2023-06-06
CUST04503,Nithya Naidu,customer04503@example.com,9749352349,Trichy,Tamil Nadu,Individual,2023-03-21
CUST04504,Kavya Reddy,customer04504@example.com,9946372929,Salem,Tamil Nadu,Individual,2026-07-20
CUST04505,Rahul Kapoor,customer04505@example.com,9146536652,Madurai,Tamil Nadu,Business,2024-10-21
CUST04506,Pooja Kapoor,customer04506@example.com,9890530906,Delhi,Delhi,Individual,2024-09-17
CUST04507,Manoj Bose,customer04507@example.com,9606069562,Mumbai,Maharashtra,Individual,2023-08-20
CUST04508,Sneha Das,customer04508@example.com,9547622964,Kochi,Kerala,Individual,2023-06-09
CUST04509,Dinesh Sharma,customer04509@example.com,9719512115,Chennai,Tamil Nadu,Individual,2023-12-10
CUST04510,Nithya Verma,customer04510@example.com,9539807312,Coimbatore,Tamil Nadu,Individual,2026-08-05
CUST04511,Manoj Pillai,customer04511@example.com,9187363230,Kolkata,West Bengal,Individual,2023-07-24
CUST04512,Swetha Bose,customer04512@example.com,9664896526,Bengaluru,Karnataka,Individual,2025-09-21
CUST04513,Ajay Mehta,customer04513@example.com,9856941565,Coimbatore,Tamil Nadu,Individual,2025-04-17
CUST04514,Divya Kumar,customer04514@example.com,9252694163,Kochi,Kerala,Individual,2023-11-01
CUST04515,Rahul Bose,customer04515@example.com,9276221969,Pune,Maharashtra,Individual,2026-10-15
CUST04516,Priya Pillai,customer04516@example.com,9626720567,Kolkata,West Bengal,Business,2024-10-31
CUST04517,Arun Rao,customer04517@example.com,9492380234,Mumbai,Maharashtra,Business,2024-02-04
CUST04518,Pooja Singh,customer04518@example.com,9303339871,Pune,Maharashtra,Individual,2023-04-16
CUST04519,Kavya Kumar,customer04519@example.com,9131831002,Coimbatore,Tamil Nadu,Individual,2026-01-10
CUST04520,Arun Nair,customer04520@example.com,9664535140,Chennai,Tamil Nadu,Business,2023-12-08
CUST04521,Swetha Pillai,customer04521@example.com,9770342572,Chennai,Tamil Nadu,Individual,2025-09-12
CUST04522,Ajay Bose,customer04522@example.com,9555983643,Vijayawada,Andhra Pradesh,Individual,2025-08-09
CUST04523,Karthik Bose,customer04523@example.com,9628965425,Mumbai,Maharashtra,Individual,2023-02-18
CUST04524,Ajay Mishra,customer04524@example.com,9625436929,Hyderabad,Telangana,Individual,2023-07-25
CUST04525,Manoj Verma,customer04525@example.com,9238136787,Jaipur,Rajasthan,Business,2026-05-26
CUST04526,Harini Joshi,customer04526@example.com,9393245507,Trichy,Tamil Nadu,Individual,2025-03-01
CUST04527,Harini Pillai,customer04527@example.com,9726394751,Kochi,Kerala,Individual,2026-09-07
CUST04528,Ananya Sharma,customer04528@example.com,9620264012,Bengaluru,Karnataka,Business,2023-08-19
CUST04529,Swetha Sharma,customer04529@example.com,9753190167,Kochi,Kerala,Business,2025-06-01
CUST04530,Vivek Naidu,customer04530@example.com,9805507068,Hyderabad,Telangana,Individual,2024-12-26
CUST04531,Vivek Kapoor,customer04531@example.com,9512236517,Salem,Tamil Nadu,Individual,2023-10-11
CUST04532,Meena Kapoor,customer04532@example.com,9111198969,Vijayawada,Andhra Pradesh,Individual,2023-10-03
CUST04533,Suresh Menon,customer04533@example.com,9368016615,Vijayawada,Andhra Pradesh,Individual,2024-03-08
CUST04534,Vijay Rao,customer04534@example.com,9650784175,Salem,Tamil Nadu,Business,2026-04-23
CUST04535,Harini Naidu,customer04535@example.com,9480045174,Ahmedabad,Gujarat,Individual,2024-09-24
CUST04536,Ajay Sinha,customer04536@example.com,9541221852,Salem,Tamil Nadu,Individual,2023-08-04
CUST04537,Manoj Reddy,customer04537@example.com,9259796665,Chennai,Tamil Nadu,Individual,2023-04-07
CUST04538,Meena Sharma,customer04538@example.com,9254046977,Chennai,Tamil Nadu,Individual,2025-08-12
CUST04539,Sneha Joshi,customer04539@example.com,9175443070,Delhi,Delhi,Individual,2026-02-16
CUST04540,Swetha Nair,customer04540@example.com,9339964520,Pune,Maharashtra,Individual,2023-12-31
CUST04541,Priya Mishra,customer04541@example.com,9611994129,Coimbatore,Tamil Nadu,Individual,2025-10-04
CUST04542,Vijay Sinha,customer04542@example.com,9559978928,Bengaluru,Karnataka,Individual,2024-09-09
CUST04543,Suresh Menon,customer04543@example.com,9992964103,Mumbai,Maharashtra,Business,2024-02-01
CUST04544,Suresh Sharma,customer04544@example.com,9388469518,Coimbatore,Tamil Nadu,Individual,2024-04-02
CUST04545,Vivek Nair,customer04545@example.com,9340443368,Kochi,Kerala,Individual,2023-11-14
CUST04546,Rohit Iyer,customer04546@example.com,9741407888,Delhi,Delhi,Individual,2024-01-17
CUST04547,Karthik Kapoor,customer04547@example.com,9870142486,Chennai,Tamil Nadu,Individual,2023-05-22
CUST04548,Priya Patel,customer04548@example.com,9371088837,Vijayawada,Andhra Pradesh,Individual,2024-04-01
CUST04549,Priya Naidu,customer04549@example.com,9677471836,Mumbai,Maharashtra,Individual,2024-05-15
CUST04550,Ananya Kapoor,customer04550@example.com,9918034586,Chennai,Tamil Nadu,Individual,2023-11-19
CUST04551,Karthik Nair,customer04551@example.com,9160368292,Jaipur,Rajasthan,Individual,2025-09-26
CUST04552,Manoj Naidu,customer04552@example.com,9468053552,Bengaluru,Karnataka,Individual,2023-09-25
CUST04553,Pooja Patel,customer04553@example.com,9459954495,Pune,Maharashtra,Individual,2024-05-01
CUST04554,Vivek Mishra,customer04554@example.com,9228360737,Ahmedabad,Gujarat,Business,2025-05-27
CUST04555,Vivek Mishra,customer04555@example.com,9790268177,Coimbatore,Tamil Nadu,Individual,2024-11-09
CUST04556,Karthik Patel,customer04556@example.com,9780017983,Coimbatore,Tamil Nadu,Business,2026-03-29
CUST04557,Manoj Menon,customer04557@example.com,9441328201,Salem,Tamil Nadu,Business,2023-01-14
CUST04558,Vivek Reddy,customer04558@example.com,9878958693,Hyderabad,Telangana,Individual,2025-09-30
CUST04559,Manoj Mehta,customer04559@example.com,9941664427,Salem,Tamil Nadu,Individual,2024-12-05
CUST04560,Nithya Sinha,customer04560@example.com,9574958864,Jaipur,Rajasthan,Individual,2023-06-04
CUST04561,Vijay Das,customer04561@example.com,9351718074,Mumbai,Maharashtra,Individual,2023-04-11
CUST04562,Karthik Singh,customer04562@example.com,9625942924,Trichy,Tamil Nadu,Individual,2024-07-25
CUST04563,Swetha Iyer,customer04563@example.com,9561092147,Salem,Tamil Nadu,Business,2025-12-02
CUST04564,Pooja Mishra,customer04564@example.com,9644084411,Ahmedabad,Gujarat,Individual,2026-05-01
CUST04565,Dinesh Mishra,customer04565@example.com,9895277807,Delhi,Delhi,Individual,2026-08-27
CUST04566,Rohit Reddy,customer04566@example.com,9962341545,Salem,Tamil Nadu,Individual,2024-09-12
CUST04567,Manoj Naidu,customer04567@example.com,9645101274,Salem,Tamil Nadu,Individual,2025-10-11
CUST04568,Kavya Singh,customer04568@example.com,9768831551,Trichy,Tamil Nadu,Individual,2024-04-09
CUST04569,Pooja Gupta,customer04569@example.com,9846460404,Hyderabad,Telangana,Individual,2026-04-01
CUST04570,Ananya Mehta,customer04570@example.com,9374130721,Bengaluru,Karnataka,Individual,2023-12-17
CUST04571,Divya Mishra,customer04571@example.com,9598159966,Delhi,Delhi,Individual,2023-08-22
CUST04572,Priya Gupta,customer04572@example.com,9445133654,Salem,Tamil Nadu,Individual,2024-02-07
CUST04573,Suresh Reddy,customer04573@example.com,9763655110,Jaipur,Rajasthan,Individual,2023-12-17
CUST04574,Nithya Menon,customer04574@example.com,9330660031,Vijayawada,Andhra Pradesh,Individual,2026-04-05
CUST04575,Divya Nair,customer04575@example.com,9696964512,Pune,Maharashtra,Individual,2026-03-17
CUST04576,Divya Das,customer04576@example.com,9907574667,Ahmedabad,Gujarat,Business,2023-01-28
CUST04577,Priya Bose,customer04577@example.com,9336023276,Trichy,Tamil Nadu,Business,2023-09-16
CUST04578,Rohit Joshi,customer04578@example.com,9858550034,Pune,Maharashtra,Individual,2024-09-11
CUST04579,Kavya Mehta,customer04579@example.com,9318997128,Trichy,Tamil Nadu,Individual,2025-05-25
CUST04580,Priya Joshi,customer04580@example.com,9309249097,Jaipur,Rajasthan,Individual,2026-05-19
CUST04581,Arun Naidu,customer04581@example.com,9187673232,Pune,Maharashtra,Individual,2024-06-26
CUST04582,Suresh Iyer,customer04582@example.com,9619219943,Trichy,Tamil Nadu,Business,2024-03-28
CUST04583,Arun Kapoor,customer04583@example.com,9296932902,Kochi,Kerala,Individual,2024-11-27
CUST04584,Ajay Das,customer04584@example.com,9131148937,Pune,Maharashtra,Individual,2024-02-08
CUST04585,Sneha Mehta,customer04585@example.com,9790099211,Hyderabad,Telangana,Individual,2025-10-15
CUST04586,Kavya Kumar,customer04586@example.com,9227394782,Kolkata,West Bengal,Individual,2025-12-25
CUST04587,Rahul Mishra,customer04587@example.com,9782189838,Delhi,Delhi,Individual,2025-06-01
CUST04588,Divya Gupta,customer04588@example.com,9571261211,Mumbai,Maharashtra,Individual,2024-07-28
CUST04589,Nithya Das,customer04589@example.com,9595665539,Bengaluru,Karnataka,Individual,2026-06-05
CUST04590,Rahul Nair,customer04590@example.com,9902632995,Kochi,Kerala,Individual,2026-01-29
CUST04591,Dinesh Singh,customer04591@example.com,9998908992,Madurai,Tamil Nadu,Individual,2024-02-27
CUST04592,Pooja Joshi,customer04592@example.com,9171082233,Chennai,Tamil Nadu,Individual,2026-10-11
CUST04593,Harini Naidu,customer04593@example.com,9381323499,Jaipur,Rajasthan,Individual,2026-03-08
CUST04594,Vijay Iyer,customer04594@example.com,9507479800,Jaipur,Rajasthan,Individual,2026-02-28
CUST04595,Harini Singh,customer04595@example.com,9933507425,Salem,Tamil Nadu,Individual,2024-07-02
CUST04596,Priya Joshi,customer04596@example.com,9740141102,Vijayawada,Andhra Pradesh,Individual,2024-04-12
CUST04597,Pooja Sharma,customer04597@example.com,9176064080,Ahmedabad,Gujarat,Individual,2023-04-21
CUST04598,Dinesh Mehta,customer04598@example.com,9670422310,Mumbai,Maharashtra,Individual,2023-06-02
CUST04599,Vijay Sinha,customer04599@example.com,9725224741,Chennai,Tamil Nadu,Individual,2025-07-05
CUST04600,Swetha Das,customer04600@example.com,9890832427,Jaipur,Rajasthan,Individual,2025-01-31
CUST04601,Vivek Joshi,customer04601@example.com,9549013938,Delhi,Delhi,Individual,2026-06-19
CUST04602,Ajay Bose,customer04602@example.com,9488099680,Mumbai,Maharashtra,Individual,2024-12-20
CUST04603,Harini Joshi,customer04603@example.com,9965338235,Pune,Maharashtra,Individual,2025-05-29
CUST04604,Harini Sharma,customer04604@example.com,9622081748,Pune,Maharashtra,Individual,2024-11-12
CUST04605,Rahul Pillai,customer04605@example.com,9689612313,Madurai,Tamil Nadu,Individual,2025-02-07
CUST04606,Dinesh Joshi,customer04606@example.com,9261928355,Chennai,Tamil Nadu,Individual,2023-10-06
CUST04607,Vijay Reddy,customer04607@example.com,9259666628,Jaipur,Rajasthan,Individual,2023-12-29
CUST04608,Nithya Singh,customer04608@example.com,9958001504,Bengaluru,Karnataka,Business,2026-04-13
CUST04609,Dinesh Nair,customer04609@example.com,9704782336,Jaipur,Rajasthan,Individual,2024-08-23
CUST04610,Ananya Sharma,customer04610@example.com,9982923828,Delhi,Delhi,Individual,2026-03-04
CUST04611,Karthik Patel,customer04611@example.com,9818561541,Pune,Maharashtra,Individual,2023-10-21
CUST04612,Vivek Kumar,customer04612@example.com,9406825508,Salem,Tamil Nadu,Individual,2025-05-20
CUST04613,Priya Menon,customer04613@example.com,9999532545,Kolkata,West Bengal,Individual,2026-05-14
CUST04614,Pooja Pillai,customer04614@example.com,9433572340,Hyderabad,Telangana,Individual,2026-09-03
CUST04615,Vivek Mishra,customer04615@example.com,9147470842,Hyderabad,Telangana,Individual,2023-03-14
CUST04616,Nithya Reddy,customer04616@example.com,9968499780,Trichy,Tamil Nadu,Individual,2023-09-16
CUST04617,Nithya Mehta,customer04617@example.com,9654017753,Bengaluru,Karnataka,Business,2026-10-13
CUST04618,Swetha Kapoor,customer04618@example.com,9120111282,Jaipur,Rajasthan,Individual,2026-03-17
CUST04619,Dinesh Mehta,customer04619@example.com,9367295220,Hyderabad,Telangana,Business,2026-06-02
CUST04620,Pooja Das,customer04620@example.com,9888009646,Trichy,Tamil Nadu,Individual,2026-02-02
CUST04621,Karthik Kapoor,customer04621@example.com,9250400780,Chennai,Tamil Nadu,Individual,2023-12-22
CUST04622,Kavya Rao,customer04622@example.com,9470953281,Pune,Maharashtra,Individual,2026-07-08
CUST04623,Nithya Kapoor,customer04623@example.com,9215019578,Ahmedabad,Gujarat,Individual,2024-07-24
CUST04624,Arun Menon,customer04624@example.com,9916005955,Vijayawada,Andhra Pradesh,Individual,2024-07-26
CUST04625,Manoj Mehta,customer04625@example.com,9614362074,Kochi,Kerala,Individual,2025-03-27
CUST04626,Manoj Singh,customer04626@example.com,9675354353,Pune,Maharashtra,Individual,2025-12-29
CUST04627,Manoj Sinha,customer04627@example.com,9301483636,Kochi,Kerala,Business,2024-03-22
CUST04628,Harini Sharma,customer04628@example.com,9189757961,Salem,Tamil Nadu,Individual,2025-02-21
CUST04629,Divya Joshi,customer04629@example.com,9514443148,Kolkata,West Bengal,Individual,2026-07-04
CUST04630,Harini Pillai,customer04630@example.com,9713363947,Mumbai,Maharashtra,Individual,2025-06-27
CUST04631,Harini Rao,customer04631@example.com,9204790913,Hyderabad,Telangana,Individual,2025-08-01
CUST04632,Rahul Patel,customer04632@example.com,9980382169,Chennai,Tamil Nadu,Individual,2025-06-14
CUST04633,Priya Kumar,customer04633@example.com,9153499406,Kochi,Kerala,Individual,2025-07-18
CUST04634,Nithya Mehta,customer04634@example.com,9898484269,Vijayawada,Andhra Pradesh,Business,2024-09-28
CUST04635,Ajay Naidu,customer04635@example.com,9437550776,Coimbatore,Tamil Nadu,Individual,2025-07-14
CUST04636,Vivek Mishra,customer04636@example.com,9358690697,Jaipur,Rajasthan,Individual,2024-06-14
CUST04637,Priya Nair,customer04637@example.com,9563451541,Hyderabad,Telangana,Individual,2023-04-29
CUST04638,Manoj Sinha,customer04638@example.com,9975650791,Jaipur,Rajasthan,Business,2023-03-07
CUST04639,Sneha Das,customer04639@example.com,9894898008,Vijayawada,Andhra Pradesh,Individual,2023-09-02
CUST04640,Priya Kumar,customer04640@example.com,9756387022,Bengaluru,Karnataka,Individual,2023-02-26
CUST04641,Pooja Nair,customer04641@example.com,9276108108,Salem,Tamil Nadu,Business,2025-12-03
CUST04642,Suresh Pillai,customer04642@example.com,9211429255,Mumbai,Maharashtra,Business,2024-06-07
CUST04643,Ajay Sharma,customer04643@example.com,9188572820,Hyderabad,Telangana,Individual,2024-02-28
CUST04644,Nithya Reddy,customer04644@example.com,9834746068,Jaipur,Rajasthan,Business,2024-01-30
CUST04645,Rohit Nair,customer04645@example.com,9707019925,Chennai,Tamil Nadu,Individual,2024-03-25
CUST04646,Swetha Rao,customer04646@example.com,9968820077,Hyderabad,Telangana,Individual,2026-07-04
CUST04647,Ananya Rao,customer04647@example.com,9692824108,Kochi,Kerala,Individual,2025-08-11
CUST04648,Ananya Verma,customer04648@example.com,9465283418,Bengaluru,Karnataka,Business,2026-10-16
CUST04649,Ananya Kapoor,customer04649@example.com,9222603377,Coimbatore,Tamil Nadu,Individual,2025-02-01
CUST04650,Nithya Nair,customer04650@example.com,9294334613,Delhi,Delhi,Individual,2024-03-18
CUST04651,Ajay Das,customer04651@example.com,9552758941,Madurai,Tamil Nadu,Business,2025-08-24
CUST04652,Vijay Verma,customer04652@example.com,9182006717,Coimbatore,Tamil Nadu,Individual,2025-06-10
CUST04653,Ajay Kapoor,customer04653@example.com,9897173832,Trichy,Tamil Nadu,Individual,2024-06-17
CUST04654,Nithya Sinha,customer04654@example.com,9718187436,Hyderabad,Telangana,Individual,2023-06-06
CUST04655,Harini Singh,customer04655@example.com,9650493730,Pune,Maharashtra,Individual,2023-03-30
CUST04656,Swetha Nair,customer04656@example.com,9989368196,Kolkata,West Bengal,Individual,2023-07-21
CUST04657,Vivek Reddy,customer04657@example.com,9799632922,Pune,Maharashtra,Business,2025-09-06
CUST04658,Pooja Kapoor,customer04658@example.com,9645613304,Coimbatore,Tamil Nadu,Individual,2024-04-06
CUST04659,Divya Bose,customer04659@example.com,9121181637,Kochi,Kerala,Individual,2024-12-09
CUST04660,Pooja Patel,customer04660@example.com,9134610109,Pune,Maharashtra,Individual,2024-03-29
CUST04661,Manoj Rao,customer04661@example.com,9137098119,Chennai,Tamil Nadu,Individual,2024-01-15
CUST04662,Rahul Kapoor,customer04662@example.com,9694027255,Pune,Maharashtra,Individual,2024-02-05
CUST04663,Karthik Sinha,customer04663@example.com,9640679014,Mumbai,Maharashtra,Individual,2026-01-07
CUST04664,Kavya Naidu,customer04664@example.com,9690908756,Delhi,Delhi,Individual,2024-07-04
CUST04665,Pooja Mehta,customer04665@example.com,9391298961,Hyderabad,Telangana,Business,2025-07-24
CUST04666,Harini Pillai,customer04666@example.com,9427402829,Vijayawada,Andhra Pradesh,Individual,2025-10-09
CUST04667,Arun Sharma,customer04667@example.com,9983091598,Salem,Tamil Nadu,Individual,2025-09-04
CUST04668,Divya Sharma,customer04668@example.com,9449763305,Pune,Maharashtra,Business,2024-10-22
CUST04669,Dinesh Rao,customer04669@example.com,9313634457,Bengaluru,Karnataka,Business,2026-09-28
CUST04670,Rohit Joshi,customer04670@example.com,9909149364,Salem,Tamil Nadu,Individual,2025-06-21
CUST04671,Sneha Pillai,customer04671@example.com,9733862187,Delhi,Delhi,Business,2024-03-20
CUST04672,Dinesh Pillai,customer04672@example.com,9248219935,Jaipur,Rajasthan,Individual,2023-02-21
CUST04673,Swetha Nair,customer04673@example.com,9115517414,Vijayawada,Andhra Pradesh,Individual,2026-06-28
CUST04674,Suresh Das,customer04674@example.com,9513016091,Kochi,Kerala,Individual,2023-11-25
CUST04675,Sneha Das,customer04675@example.com,9115866875,Delhi,Delhi,Individual,2026-10-05
CUST04676,Priya Naidu,customer04676@example.com,9715647654,Pune,Maharashtra,Individual,2025-02-08
CUST04677,Pooja Nair,customer04677@example.com,9838607263,Delhi,Delhi,Individual,2024-05-12
CUST04678,Meena Verma,customer04678@example.com,9609758284,Salem,Tamil Nadu,Individual,2023-05-05
CUST04679,Manoj Nair,customer04679@example.com,9833074638,Kolkata,West Bengal,Individual,2023-07-23
CUST04680,Divya Nair,customer04680@example.com,9381710609,Kochi,Kerala,Individual,2025-02-06
CUST04681,Ananya Patel,customer04681@example.com,9455808358,Pune,Maharashtra,Individual,2024-10-04
CUST04682,Dinesh Pillai,customer04682@example.com,9980811589,Chennai,Tamil Nadu,Individual,2025-11-10
CUST04683,Ananya Rao,customer04683@example.com,9182599542,Coimbatore,Tamil Nadu,Individual,2024-08-12
CUST04684,Ajay Sinha,customer04684@example.com,9286986122,Mumbai,Maharashtra,Individual,2023-12-28
CUST04685,Pooja Kumar,customer04685@example.com,9581901215,Madurai,Tamil Nadu,Individual,2023-12-27
CUST04686,Ananya Sinha,customer04686@example.com,9210721255,Ahmedabad,Gujarat,Individual,2026-02-13
CUST04687,Divya Kapoor,customer04687@example.com,9280584288,Trichy,Tamil Nadu,Individual,2023-02-24
CUST04688,Pooja Gupta,customer04688@example.com,9230541991,Kochi,Kerala,Individual,2023-10-19
CUST04689,Harini Naidu,customer04689@example.com,9507262087,Delhi,Delhi,Business,2025-12-10
CUST04690,Dinesh Sinha,customer04690@example.com,9218081058,Chennai,Tamil Nadu,Individual,2025-04-21
CUST04691,Dinesh Gupta,customer04691@example.com,9883967044,Hyderabad,Telangana,Individual,2025-02-23
CUST04692,Rahul Das,customer04692@example.com,9377885821,Hyderabad,Telangana,Individual,2023-09-11
CUST04693,Harini Naidu,customer04693@example.com,9577146978,Trichy,Tamil Nadu,Individual,2024-05-06
CUST04694,Meena Bose,customer04694@example.com,9112324173,Kochi,Kerala,Individual,2025-09-11
CUST04695,Vijay Kapoor,customer04695@example.com,9408770964,Kochi,Kerala,Individual,2024-07-26
CUST04696,Rohit Das,customer04696@example.com,9777653102,Mumbai,Maharashtra,Business,2025-05-08
CUST04697,Suresh Bose,customer04697@example.com,9516470423,Delhi,Delhi,Individual,2025-09-19
CUST04698,Karthik Pillai,customer04698@example.com,9448418064,Vijayawada,Andhra Pradesh,Individual,2025-08-18
CUST04699,Harini Mehta,customer04699@example.com,9995007633,Kolkata,West Bengal,Business,2023-08-13
CUST04700,Sneha Pillai,customer04700@example.com,9228415969,Trichy,Tamil Nadu,Individual,2023-04-13
CUST04701,Divya Nair,customer04701@example.com,9940184459,Mumbai,Maharashtra,Individual,2025-08-27
CUST04702,Priya Joshi,customer04702@example.com,9501323663,Delhi,Delhi,Business,2025-12-07
CUST04703,Sneha Iyer,customer04703@example.com,9323310083,Salem,Tamil Nadu,Individual,2025-01-06
CUST04704,Harini Kumar,customer04704@example.com,9316308385,Chennai,Tamil Nadu,Individual,2026-09-27
CUST04705,Swetha Pillai,customer04705@example.com,9926656347,Ahmedabad,Gujarat,Business,2023-08-21
CUST04706,Meena Patel,customer04706@example.com,9216496383,Coimbatore,Tamil Nadu,Individual,2023-08-16
CUST04707,Vijay Joshi,customer04707@example.com,9767662509,Kolkata,West Bengal,Business,2025-10-03
CUST04708,Divya Sharma,customer04708@example.com,9512065996,Vijayawada,Andhra Pradesh,Individual,2024-06-05
CUST04709,Rohit Mehta,customer04709@example.com,9102338299,Salem,Tamil Nadu,Individual,2023-01-13
CUST04710,Swetha Joshi,customer04710@example.com,9695989656,Salem,Tamil Nadu,Individual,2024-03-20
CUST04711,Arun Verma,customer04711@example.com,9460098918,Madurai,Tamil Nadu,Individual,2023-12-06
CUST04712,Harini Kapoor,customer04712@example.com,9688406473,Hyderabad,Telangana,Individual,2026-09-09
CUST04713,Vijay Das,customer04713@example.com,9115383616,Bengaluru,Karnataka,Individual,2024-08-20
CUST04714,Vivek Patel,customer04714@example.com,9214978812,Chennai,Tamil Nadu,Individual,2023-06-06
CUST04715,Sneha Joshi,customer04715@example.com,9917345652,Hyderabad,Telangana,Individual,2024-10-17
CUST04716,Kavya Naidu,customer04716@example.com,9494870424,Pune,Maharashtra,Individual,2025-09-29
CUST04717,Swetha Kumar,customer04717@example.com,9642473371,Ahmedabad,Gujarat,Individual,2026-03-27
CUST04718,Karthik Verma,customer04718@example.com,9898559907,Salem,Tamil Nadu,Individual,2026-04-23
CUST04719,Meena Verma,customer04719@example.com,9410387793,Bengaluru,Karnataka,Individual,2025-03-08
CUST04720,Suresh Singh,customer04720@example.com,9868670213,Kochi,Kerala,Business,2024-05-05
CUST04721,Dinesh Reddy,customer04721@example.com,9925096001,Hyderabad,Telangana,Individual,2025-04-14
CUST04722,Rohit Kapoor,customer04722@example.com,9593020226,Vijayawada,Andhra Pradesh,Individual,2025-08-09
CUST04723,Meena Iyer,customer04723@example.com,9286580205,Vijayawada,Andhra Pradesh,Business,2023-12-23
CUST04724,Ajay Rao,customer04724@example.com,9936109895,Vijayawada,Andhra Pradesh,Individual,2024-12-17
CUST04725,Priya Sinha,customer04725@example.com,9247455582,Mumbai,Maharashtra,Individual,2023-12-28
CUST04726,Arun Verma,customer04726@example.com,9134793263,Kolkata,West Bengal,Individual,2026-06-01
CUST04727,Meena Sharma,customer04727@example.com,9601275633,Jaipur,Rajasthan,Business,2026-05-12
CUST04728,Rohit Sharma,customer04728@example.com,9594562629,Hyderabad,Telangana,Individual,2023-01-08
CUST04729,Nithya Gupta,customer04729@example.com,9502545229,Vijayawada,Andhra Pradesh,Business,2024-04-16
CUST04730,Suresh Mehta,customer04730@example.com,9442048834,Madurai,Tamil Nadu,Business,2023-06-21
CUST04731,Ananya Joshi,customer04731@example.com,9232857007,Coimbatore,Tamil Nadu,Individual,2023-04-06
CUST04732,Karthik Bose,customer04732@example.com,9578011200,Mumbai,Maharashtra,Individual,2024-11-04
CUST04733,Arun Joshi,customer04733@example.com,9233997822,Jaipur,Rajasthan,Individual,2024-08-30
CUST04734,Arun Gupta,customer04734@example.com,9226423102,Chennai,Tamil Nadu,Individual,2026-08-22
CUST04735,Sneha Kapoor,customer04735@example.com,9885031981,Chennai,Tamil Nadu,Individual,2026-07-05
CUST04736,Rahul Verma,customer04736@example.com,9905726162,Chennai,Tamil Nadu,Business,2024-04-18
CUST04737,Vijay Rao,customer04737@example.com,9935630408,Chennai,Tamil Nadu,Individual,2026-08-16
CUST04738,Kavya Menon,customer04738@example.com,9555675974,Coimbatore,Tamil Nadu,Individual,2024-09-05
CUST04739,Dinesh Iyer,customer04739@example.com,9933964909,Hyderabad,Telangana,Individual,2024-11-19
CUST04740,Vijay Rao,customer04740@example.com,9819076068,Vijayawada,Andhra Pradesh,Individual,2025-06-16
CUST04741,Harini Mehta,customer04741@example.com,9793914545,Delhi,Delhi,Individual,2026-09-13
CUST04742,Meena Kumar,customer04742@example.com,9166724926,Hyderabad,Telangana,Individual,2023-04-20
CUST04743,Pooja Pillai,customer04743@example.com,9909958696,Salem,Tamil Nadu,Individual,2024-12-10
CUST04744,Manoj Kapoor,customer04744@example.com,9939381236,Pune,Maharashtra,Individual,2026-02-26
CUST04745,Ajay Kumar,customer04745@example.com,9622185222,Jaipur,Rajasthan,Business,2025-08-22
CUST04746,Divya Iyer,customer04746@example.com,9245261315,Vijayawada,Andhra Pradesh,Individual,2025-05-20
CUST04747,Sneha Kapoor,customer04747@example.com,9640667480,Ahmedabad,Gujarat,Individual,2026-03-06
CUST04748,Nithya Gupta,customer04748@example.com,9762842544,Jaipur,Rajasthan,Individual,2024-10-10
CUST04749,Sneha Gupta,customer04749@example.com,9863354315,Vijayawada,Andhra Pradesh,Individual,2026-04-02
CUST04750,Ajay Verma,customer04750@example.com,9249186181,Kolkata,West Bengal,Individual,2023-12-15
CUST04751,Priya Patel,customer04751@example.com,9505689937,Bengaluru,Karnataka,Individual,2024-04-07
CUST04752,Ananya Mehta,customer04752@example.com,9378601703,Delhi,Delhi,Business,2025-06-03
CUST04753,Sneha Nair,customer04753@example.com,9618850068,Jaipur,Rajasthan,Individual,2026-03-20
CUST04754,Vivek Gupta,customer04754@example.com,9861637774,Delhi,Delhi,Business,2023-09-03
CUST04755,Rahul Reddy,customer04755@example.com,9997451135,Salem,Tamil Nadu,Individual,2026-02-07
CUST04756,Priya Mishra,customer04756@example.com,9970995138,Hyderabad,Telangana,Business,2025-03-08
CUST04757,Rohit Sinha,customer04757@example.com,9771789302,Delhi,Delhi,Individual,2026-07-22
CUST04758,Dinesh Verma,customer04758@example.com,9124334184,Trichy,Tamil Nadu,Individual,2025-05-19
CUST04759,Ajay Verma,customer04759@example.com,9805306471,Trichy,Tamil Nadu,Individual,2025-12-26
CUST04760,Kavya Sinha,customer04760@example.com,9238921978,Ahmedabad,Gujarat,Business,2025-12-09
CUST04761,Rohit Mehta,customer04761@example.com,9340433475,Pune,Maharashtra,Business,2025-03-26
CUST04762,Pooja Mehta,customer04762@example.com,9731052447,Kochi,Kerala,Individual,2024-05-29
CUST04763,Divya Gupta,customer04763@example.com,9619758529,Bengaluru,Karnataka,Individual,2023-08-14
CUST04764,Priya Das,customer04764@example.com,9333196141,Madurai,Tamil Nadu,Individual,2024-07-31
CUST04765,Kavya Kumar,customer04765@example.com,9873028764,Coimbatore,Tamil Nadu,Business,2024-05-20
CUST04766,Ajay Mehta,customer04766@example.com,9816556353,Hyderabad,Telangana,Business,2023-06-04
CUST04767,Nithya Mishra,customer04767@example.com,9322268321,Coimbatore,Tamil Nadu,Business,2023-04-21
CUST04768,Pooja Mehta,customer04768@example.com,9873697789,Ahmedabad,Gujarat,Business,2024-04-27
CUST04769,Sneha Nair,customer04769@example.com,9299053594,Madurai,Tamil Nadu,Business,2025-03-18
CUST04770,Arun Pillai,customer04770@example.com,9904346939,Ahmedabad,Gujarat,Individual,2023-10-01
CUST04771,Harini Sinha,customer04771@example.com,9454998389,Vijayawada,Andhra Pradesh,Business,2023-06-04
CUST04772,Ajay Sharma,customer04772@example.com,9402580134,Hyderabad,Telangana,Individual,2026-04-05
CUST04773,Dinesh Pillai,customer04773@example.com,9497965867,Hyderabad,Telangana,Business,2025-11-08
CUST04774,Kavya Pillai,customer04774@example.com,9953567461,Bengaluru,Karnataka,Individual,2023-12-11
CUST04775,Swetha Mishra,customer04775@example.com,9549409059,Coimbatore,Tamil Nadu,Individual,2025-01-04
CUST04776,Sneha Verma,customer04776@example.com,9940688146,Trichy,Tamil Nadu,Individual,2024-07-22
CUST04777,Harini Reddy,customer04777@example.com,9934650202,Chennai,Tamil Nadu,Individual,2023-10-21
CUST04778,Rohit Singh,customer04778@example.com,9794107859,Coimbatore,Tamil Nadu,Individual,2024-10-06
CUST04779,Manoj Sharma,customer04779@example.com,9987392150,Kolkata,West Bengal,Individual,2023-12-04
CUST04780,Pooja Mishra,customer04780@example.com,9299085789,Ahmedabad,Gujarat,Individual,2024-03-27
CUST04781,Divya Mishra,customer04781@example.com,9137971160,Kolkata,West Bengal,Individual,2023-12-10
CUST04782,Priya Bose,customer04782@example.com,9313329630,Hyderabad,Telangana,Individual,2024-12-17
CUST04783,Ananya Kumar,customer04783@example.com,9633381018,Chennai,Tamil Nadu,Individual,2024-09-22
CUST04784,Harini Mishra,customer04784@example.com,9907962055,Mumbai,Maharashtra,Business,2025-02-03
CUST04785,Divya Patel,customer04785@example.com,9863826706,Madurai,Tamil Nadu,Individual,2023-03-26
CUST04786,Vijay Reddy,customer04786@example.com,9131533593,Pune,Maharashtra,Individual,2025-01-06
CUST04787,Divya Reddy,customer04787@example.com,9185184063,Chennai,Tamil Nadu,Individual,2024-10-21
CUST04788,Sneha Singh,customer04788@example.com,9268039747,Vijayawada,Andhra Pradesh,Individual,2023-08-15
CUST04789,Karthik Naidu,customer04789@example.com,9792976862,Pune,Maharashtra,Individual,2026-08-02
CUST04790,Karthik Patel,customer04790@example.com,9942661967,Jaipur,Rajasthan,Individual,2026-07-31
CUST04791,Divya Kumar,customer04791@example.com,9654840677,Coimbatore,Tamil Nadu,Individual,2023-04-19
CUST04792,Arun Mishra,customer04792@example.com,9926476719,Coimbatore,Tamil Nadu,Individual,2023-05-15
CUST04793,Sneha Menon,customer04793@example.com,9561343241,Pune,Maharashtra,Individual,2025-07-26
CUST04794,Nithya Singh,customer04794@example.com,9834177004,Kochi,Kerala,Individual,2023-10-18
CUST04795,Sneha Bose,customer04795@example.com,9350295752,Madurai,Tamil Nadu,Individual,2025-04-01
CUST04796,Arun Reddy,customer04796@example.com,9964276902,Vijayawada,Andhra Pradesh,Business,2025-11-18
CUST04797,Rohit Pillai,customer04797@example.com,9578299235,Chennai,Tamil Nadu,Individual,2024-01-29
CUST04798,Kavya Patel,customer04798@example.com,9625072370,Mumbai,Maharashtra,Individual,2023-01-27
CUST04799,Suresh Pillai,customer04799@example.com,9448471161,Hyderabad,Telangana,Individual,2023-01-13
CUST04800,Rahul Mishra,customer04800@example.com,9633851875,Bengaluru,Karnataka,Individual,2024-07-07
CUST04801,Priya Singh,customer04801@example.com,9237620882,Vijayawada,Andhra Pradesh,Individual,2025-07-21
CUST04802,Dinesh Verma,customer04802@example.com,9356150079,Coimbatore,Tamil Nadu,Individual,2024-03-20
CUST04803,Priya Mehta,customer04803@example.com,9305030779,Kolkata,West Bengal,Individual,2023-08-12
CUST04804,Rahul Menon,customer04804@example.com,9390900498,Madurai,Tamil Nadu,Individual,2023-01-21
CUST04805,Pooja Rao,customer04805@example.com,9457417291,Bengaluru,Karnataka,Individual,2026-09-11
CUST04806,Suresh Pillai,customer04806@example.com,9809751436,Ahmedabad,Gujarat,Individual,2024-04-11
CUST04807,Rahul Bose,customer04807@example.com,9840142616,Ahmedabad,Gujarat,Individual,2026-06-02
CUST04808,Kavya Iyer,customer04808@example.com,9762553315,Mumbai,Maharashtra,Business,2024-10-14
CUST04809,Karthik Rao,customer04809@example.com,9663311704,Ahmedabad,Gujarat,Individual,2024-09-09
CUST04810,Swetha Das,customer04810@example.com,9717084507,Vijayawada,Andhra Pradesh,Individual,2025-02-18
CUST04811,Kavya Kapoor,customer04811@example.com,9326582569,Delhi,Delhi,Individual,2024-04-02
CUST04812,Priya Menon,customer04812@example.com,9903342237,Salem,Tamil Nadu,Individual,2024-10-01
CUST04813,Dinesh Rao,customer04813@example.com,9107556484,Hyderabad,Telangana,Individual,2026-05-21
CUST04814,Divya Kumar,customer04814@example.com,9593078608,Coimbatore,Tamil Nadu,Individual,2024-10-24
CUST04815,Sneha Verma,customer04815@example.com,9636236433,Hyderabad,Telangana,Business,2025-08-18
CUST04816,Dinesh Mehta,customer04816@example.com,9703113578,Ahmedabad,Gujarat,Individual,2023-06-29
CUST04817,Priya Gupta,customer04817@example.com,9314520942,Kochi,Kerala,Individual,2024-06-21
CUST04818,Swetha Gupta,customer04818@example.com,9664223252,Jaipur,Rajasthan,Individual,2024-06-10
CUST04819,Swetha Das,customer04819@example.com,9461874645,Jaipur,Rajasthan,Business,2023-01-22
CUST04820,Vivek Rao,customer04820@example.com,9154535910,Bengaluru,Karnataka,Individual,2026-09-30
CUST04821,Vivek Nair,customer04821@example.com,9332711985,Jaipur,Rajasthan,Individual,2024-07-30
CUST04822,Harini Joshi,customer04822@example.com,9292029177,Jaipur,Rajasthan,Individual,2025-02-01
CUST04823,Ajay Kumar,customer04823@example.com,9177347973,Hyderabad,Telangana,Individual,2025-07-10
CUST04824,Harini Singh,customer04824@example.com,9631801905,Salem,Tamil Nadu,Individual,2025-11-10
CUST04825,Ananya Singh,customer04825@example.com,9330970063,Delhi,Delhi,Business,2025-01-14
CUST04826,Ajay Sharma,customer04826@example.com,9326230209,Bengaluru,Karnataka,Individual,2026-07-19
CUST04827,Vivek Singh,customer04827@example.com,9848922226,Coimbatore,Tamil Nadu,Individual,2026-05-13
CUST04828,Sneha Patel,customer04828@example.com,9697623040,Chennai,Tamil Nadu,Business,2026-08-14
CUST04829,Karthik Reddy,customer04829@example.com,9794585016,Kolkata,West Bengal,Individual,2024-11-02
CUST04830,Rahul Singh,customer04830@example.com,9686789817,Bengaluru,Karnataka,Individual,2026-02-05
CUST04831,Meena Rao,customer04831@example.com,9866820202,Trichy,Tamil Nadu,Individual,2024-09-28
CUST04832,Sneha Kapoor,customer04832@example.com,9454556836,Kochi,Kerala,Individual,2025-10-20
CUST04833,Suresh Nair,customer04833@example.com,9663872815,Delhi,Delhi,Individual,2023-06-01
CUST04834,Swetha Singh,customer04834@example.com,9327378774,Kochi,Kerala,Individual,2023-01-13
CUST04835,Vijay Singh,customer04835@example.com,9918541440,Bengaluru,Karnataka,Business,2024-12-15
CUST04836,Ananya Joshi,customer04836@example.com,9569698578,Bengaluru,Karnataka,Business,2026-01-07
CUST04837,Pooja Mishra,customer04837@example.com,9743785773,Trichy,Tamil Nadu,Individual,2025-06-24
CUST04838,Suresh Sharma,customer04838@example.com,9536249026,Jaipur,Rajasthan,Individual,2026-04-07
CUST04839,Nithya Nair,customer04839@example.com,9521233537,Coimbatore,Tamil Nadu,Individual,2023-09-06
CUST04840,Suresh Singh,customer04840@example.com,9516732215,Vijayawada,Andhra Pradesh,Individual,2026-02-18
CUST04841,Karthik Bose,customer04841@example.com,9579032036,Vijayawada,Andhra Pradesh,Individual,2024-01-22
CUST04842,Sneha Reddy,customer04842@example.com,9264294288,Kochi,Kerala,Individual,2024-03-14
CUST04843,Priya Das,customer04843@example.com,9976837979,Bengaluru,Karnataka,Individual,2026-07-19
CUST04844,Karthik Mishra,customer04844@example.com,9363233617,Kolkata,West Bengal,Business,2023-10-27
CUST04845,Rohit Pillai,customer04845@example.com,9730625941,Hyderabad,Telangana,Individual,2024-12-21
CUST04846,Swetha Verma,customer04846@example.com,9327331944,Coimbatore,Tamil Nadu,Individual,2024-04-17
CUST04847,Dinesh Joshi,customer04847@example.com,9326154778,Kolkata,West Bengal,Individual,2026-03-27
CUST04848,Karthik Menon,customer04848@example.com,9742692406,Ahmedabad,Gujarat,Individual,2025-10-03
CUST04849,Meena Sharma,customer04849@example.com,9708613348,Coimbatore,Tamil Nadu,Business,2024-09-24
CUST04850,Nithya Joshi,customer04850@example.com,9911378847,Ahmedabad,Gujarat,Business,2026-06-04
CUST04851,Sneha Rao,customer04851@example.com,9521975355,Kolkata,West Bengal,Individual,2024-02-25
CUST04852,Ajay Rao,customer04852@example.com,9138596460,Salem,Tamil Nadu,Individual,2025-08-13
CUST04853,Ajay Iyer,customer04853@example.com,9611666130,Delhi,Delhi,Individual,2025-08-30
CUST04854,Nithya Iyer,customer04854@example.com,9490407835,Jaipur,Rajasthan,Individual,2023-01-24
CUST04855,Rohit Das,customer04855@example.com,9244352411,Kolkata,West Bengal,Individual,2024-06-21
CUST04856,Karthik Das,customer04856@example.com,9163425399,Pune,Maharashtra,Individual,2025-02-15
CUST04857,Rahul Pillai,customer04857@example.com,9731068361,Kolkata,West Bengal,Individual,2024-09-29
CUST04858,Divya Kumar,customer04858@example.com,9374344403,Chennai,Tamil Nadu,Individual,2024-06-23
CUST04859,Karthik Naidu,customer04859@example.com,9461471896,Chennai,Tamil Nadu,Individual,2025-06-21
CUST04860,Priya Mishra,customer04860@example.com,9557061204,Madurai,Tamil Nadu,Individual,2026-02-25
CUST04861,Swetha Pillai,customer04861@example.com,9534121557,Ahmedabad,Gujarat,Individual,2026-01-22
CUST04862,Nithya Naidu,customer04862@example.com,9384115060,Pune,Maharashtra,Individual,2024-02-25
CUST04863,Dinesh Mehta,customer04863@example.com,9341014425,Jaipur,Rajasthan,Individual,2026-07-19
CUST04864,Dinesh Bose,customer04864@example.com,9764239946,Pune,Maharashtra,Individual,2024-04-28
CUST04865,Harini Naidu,customer04865@example.com,9375113590,Hyderabad,Telangana,Individual,2025-10-25
CUST04866,Arun Naidu,customer04866@example.com,9869005254,Pune,Maharashtra,Business,2023-06-06
CUST04867,Karthik Gupta,customer04867@example.com,9975722640,Hyderabad,Telangana,Business,2023-02-21
CUST04868,Vijay Mehta,customer04868@example.com,9984258999,Madurai,Tamil Nadu,Business,2023-08-31
CUST04869,Suresh Das,customer04869@example.com,9113066175,Madurai,Tamil Nadu,Individual,2025-02-12
CUST04870,Meena Verma,customer04870@example.com,9972972947,Delhi,Delhi,Individual,2024-02-24
CUST04871,Meena Joshi,customer04871@example.com,9915262885,Vijayawada,Andhra Pradesh,Individual,2024-02-29
CUST04872,Swetha Menon,customer04872@example.com,9531441994,Chennai,Tamil Nadu,Individual,2023-03-21
CUST04873,Dinesh Kapoor,customer04873@example.com,9726683627,Kolkata,West Bengal,Individual,2024-11-25
CUST04874,Manoj Kapoor,customer04874@example.com,9723770425,Kolkata,West Bengal,Individual,2023-12-20
CUST04875,Pooja Iyer,customer04875@example.com,9227907506,Ahmedabad,Gujarat,Individual,2023-10-20
CUST04876,Rahul Pillai,customer04876@example.com,9582175478,Trichy,Tamil Nadu,Individual,2024-12-17
CUST04877,Priya Joshi,customer04877@example.com,9888230938,Trichy,Tamil Nadu,Business,2026-02-13
CUST04878,Divya Mehta,customer04878@example.com,9252847922,Mumbai,Maharashtra,Individual,2024-06-12
CUST04879,Ananya Naidu,customer04879@example.com,9214889290,Coimbatore,Tamil Nadu,Business,2024-04-24
CUST04880,Rohit Pillai,customer04880@example.com,9759544719,Delhi,Delhi,Individual,2026-08-04
CUST04881,Rohit Rao,customer04881@example.com,9262512214,Mumbai,Maharashtra,Individual,2024-04-21
CUST04882,Nithya Bose,customer04882@example.com,9768150459,Mumbai,Maharashtra,Individual,2023-01-25
CUST04883,Manoj Joshi,customer04883@example.com,9231932794,Bengaluru,Karnataka,Individual,2024-03-06
CUST04884,Rohit Pillai,customer04884@example.com,9497040459,Ahmedabad,Gujarat,Individual,2026-07-25
CUST04885,Karthik Kumar,customer04885@example.com,9377837050,Bengaluru,Karnataka,Individual,2023-11-13
CUST04886,Arun Iyer,customer04886@example.com,9528039975,Kochi,Kerala,Individual,2024-09-29
CUST04887,Rohit Verma,customer04887@example.com,9746033765,Ahmedabad,Gujarat,Individual,2023-12-24
CUST04888,Sneha Joshi,customer04888@example.com,9839372975,Mumbai,Maharashtra,Individual,2026-07-23
CUST04889,Divya Pillai,customer04889@example.com,9693783475,Pune,Maharashtra,Individual,2024-11-20
CUST04890,Sneha Reddy,customer04890@example.com,9760329879,Coimbatore,Tamil Nadu,Individual,2023-12-10
CUST04891,Ananya Gupta,customer04891@example.com,9683092060,Vijayawada,Andhra Pradesh,Business,2024-07-12
CUST04892,Swetha Patel,customer04892@example.com,9672204526,Delhi,Delhi,Individual,2024-12-12
CUST04893,Rahul Verma,customer04893@example.com,9844268397,Ahmedabad,Gujarat,Individual,2024-07-16
CUST04894,Sneha Reddy,customer04894@example.com,9977310433,Vijayawada,Andhra Pradesh,Individual,2024-03-14
CUST04895,Divya Pillai,customer04895@example.com,9202757331,Mumbai,Maharashtra,Business,2026-07-17
CUST04896,Swetha Kapoor,customer04896@example.com,9171776081,Jaipur,Rajasthan,Individual,2025-11-10
CUST04897,Pooja Reddy,customer04897@example.com,9294892753,Salem,Tamil Nadu,Individual,2023-05-23
CUST04898,Manoj Rao,customer04898@example.com,9567871233,Kolkata,West Bengal,Individual,2025-05-17
CUST04899,Dinesh Sinha,customer04899@example.com,9191864384,Coimbatore,Tamil Nadu,Individual,2023-12-19
CUST04900,Vijay Reddy,customer04900@example.com,9766877715,Bengaluru,Karnataka,Individual,2025-10-13
CUST04901,Kavya Gupta,customer04901@example.com,9933972513,Kochi,Kerala,Individual,2024-04-12
CUST04902,Pooja Kapoor,customer04902@example.com,9768194088,Kolkata,West Bengal,Business,2025-05-26
CUST04903,Manoj Kapoor,customer04903@example.com,9828913576,Vijayawada,Andhra Pradesh,Individual,2025-07-07
CUST04904,Rohit Kumar,customer04904@example.com,9785660911,Ahmedabad,Gujarat,Business,2025-12-17
CUST04905,Rahul Rao,customer04905@example.com,9141052106,Bengaluru,Karnataka,Business,2026-02-23
CUST04906,Dinesh Joshi,customer04906@example.com,9222813914,Bengaluru,Karnataka,Individual,2025-04-20
CUST04907,Nithya Kapoor,customer04907@example.com,9782423077,Coimbatore,Tamil Nadu,Individual,2025-05-27
CUST04908,Dinesh Nair,customer04908@example.com,9407483458,Bengaluru,Karnataka,Individual,2023-02-21
CUST04909,Ananya Verma,customer04909@example.com,9838756925,Vijayawada,Andhra Pradesh,Business,2025-10-08
CUST04910,Nithya Sharma,customer04910@example.com,9831818781,Salem,Tamil Nadu,Individual,2025-03-24
CUST04911,Arun Sinha,customer04911@example.com,9350129374,Madurai,Tamil Nadu,Individual,2023-09-26
CUST04912,Harini Das,customer04912@example.com,9654845014,Kochi,Kerala,Individual,2023-04-06
CUST04913,Rahul Reddy,customer04913@example.com,9770776512,Chennai,Tamil Nadu,Business,2023-09-30
CUST04914,Ajay Rao,customer04914@example.com,9988605352,Vijayawada,Andhra Pradesh,Business,2026-09-08
CUST04915,Rohit Kapoor,customer04915@example.com,9552314003,Madurai,Tamil Nadu,Individual,2023-05-13
CUST04916,Rohit Pillai,customer04916@example.com,9791059829,Vijayawada,Andhra Pradesh,Individual,2025-07-16
CUST04917,Ajay Bose,customer04917@example.com,9887766277,Chennai,Tamil Nadu,Individual,2023-03-30
CUST04918,Priya Mishra,customer04918@example.com,9336262218,Trichy,Tamil Nadu,Individual,2024-11-15
CUST04919,Sneha Sharma,customer04919@example.com,9555309794,Jaipur,Rajasthan,Business,2025-04-03
CUST04920,Divya Singh,customer04920@example.com,9569591132,Trichy,Tamil Nadu,Individual,2023-01-05
CUST04921,Nithya Gupta,customer04921@example.com,9324132858,Bengaluru,Karnataka,Individual,2023-12-23
CUST04922,Nithya Verma,customer04922@example.com,9346631945,Delhi,Delhi,Individual,2026-09-28
CUST04923,Pooja Reddy,customer04923@example.com,9912711474,Delhi,Delhi,Individual,2023-07-23
CUST04924,Harini Kumar,customer04924@example.com,9699843676,Chennai,Tamil Nadu,Individual,2024-04-15
CUST04925,Kavya Nair,customer04925@example.com,9901866021,Kolkata,West Bengal,Individual,2024-04-08
CUST04926,Divya Rao,customer04926@example.com,9401165184,Coimbatore,Tamil Nadu,Individual,2024-05-11
CUST04927,Priya Mehta,customer04927@example.com,9952124647,Bengaluru,Karnataka,Individual,2024-12-02
CUST04928,Harini Joshi,customer04928@example.com,9584915591,Coimbatore,Tamil Nadu,Individual,2025-04-16
CUST04929,Vijay Menon,customer04929@example.com,9782511973,Madurai,Tamil Nadu,Individual,2023-03-04
CUST04930,Kavya Mehta,customer04930@example.com,9954482514,Delhi,Delhi,Individual,2023-08-27
CUST04931,Sneha Patel,customer04931@example.com,9179174334,Pune,Maharashtra,Individual,2024-06-23
CUST04932,Vivek Nair,customer04932@example.com,9735460750,Kochi,Kerala,Individual,2023-07-17
CUST04933,Sneha Singh,customer04933@example.com,9680146412,Madurai,Tamil Nadu,Individual,2025-02-19
CUST04934,Dinesh Iyer,customer04934@example.com,9650420766,Jaipur,Rajasthan,Individual,2023-01-30
CUST04935,Rahul Rao,customer04935@example.com,9441342484,Kochi,Kerala,Individual,2024-10-27
CUST04936,Sneha Joshi,customer04936@example.com,9889117314,Salem,Tamil Nadu,Individual,2026-05-17
CUST04937,Harini Singh,customer04937@example.com,9354470434,Madurai,Tamil Nadu,Business,2025-12-22
CUST04938,Priya Singh,customer04938@example.com,9843091368,Chennai,Tamil Nadu,Individual,2025-12-16
CUST04939,Divya Joshi,customer04939@example.com,9683031226,Salem,Tamil Nadu,Individual,2026-08-24
CUST04940,Meena Sinha,customer04940@example.com,9346295183,Hyderabad,Telangana,Individual,2026-02-04
CUST04941,Rohit Kumar,customer04941@example.com,9307262903,Madurai,Tamil Nadu,Individual,2024-08-22
CUST04942,Ajay Sinha,customer04942@example.com,9695250220,Salem,Tamil Nadu,Individual,2025-10-14
CUST04943,Vivek Sharma,customer04943@example.com,9426720314,Bengaluru,Karnataka,Individual,2026-08-17
CUST04944,Suresh Mishra,customer04944@example.com,9673628372,Kochi,Kerala,Individual,2024-09-11
CUST04945,Vivek Mishra,customer04945@example.com,9243794428,Mumbai,Maharashtra,Individual,2025-12-05
CUST04946,Pooja Pillai,customer04946@example.com,9428804640,Mumbai,Maharashtra,Individual,2023-03-18
CUST04947,Dinesh Rao,customer04947@example.com,9571844051,Bengaluru,Karnataka,Business,2024-12-29
CUST04948,Vijay Iyer,customer04948@example.com,9850259888,Vijayawada,Andhra Pradesh,Individual,2026-04-07
CUST04949,Suresh Kapoor,customer04949@example.com,9635466004,Hyderabad,Telangana,Business,2025-03-24
CUST04950,Ananya Kapoor,customer04950@example.com,9176386619,Jaipur,Rajasthan,Individual,2026-02-26
CUST04951,Swetha Patel,customer04951@example.com,9110349107,Hyderabad,Telangana,Individual,2024-12-08
CUST04952,Ananya Mishra,customer04952@example.com,9244135605,Chennai,Tamil Nadu,Individual,2023-09-25
CUST04953,Karthik Das,customer04953@example.com,9590628518,Delhi,Delhi,Individual,2025-02-03
CUST04954,Pooja Kapoor,customer04954@example.com,9705159344,Coimbatore,Tamil Nadu,Individual,2024-08-07
CUST04955,Vivek Nair,customer04955@example.com,9307005818,Kochi,Kerala,Individual,2024-02-23
CUST04956,Manoj Verma,customer04956@example.com,9544771177,Hyderabad,Telangana,Individual,2025-05-19
CUST04957,Swetha Mishra,customer04957@example.com,9508482751,Pune,Maharashtra,Individual,2026-03-30
CUST04958,Vivek Pillai,customer04958@example.com,9481062755,Chennai,Tamil Nadu,Individual,2025-12-17
CUST04959,Vijay Bose,customer04959@example.com,9538749397,Trichy,Tamil Nadu,Individual,2024-01-19
CUST04960,Vijay Sharma,customer04960@example.com,9631326873,Kolkata,West Bengal,Business,2025-03-13
CUST04961,Harini Rao,customer04961@example.com,9975885382,Trichy,Tamil Nadu,Individual,2024-05-24
CUST04962,Rohit Singh,customer04962@example.com,9269458310,Jaipur,Rajasthan,Business,2024-03-05
CUST04963,Vivek Gupta,customer04963@example.com,9778327239,Chennai,Tamil Nadu,Individual,2026-09-25
CUST04964,Arun Sinha,customer04964@example.com,9846227517,Kochi,Kerala,Business,2024-07-31
CUST04965,Arun Das,customer04965@example.com,9569492311,Salem,Tamil Nadu,Individual,2025-07-28
CUST04966,Pooja Sinha,customer04966@example.com,9273683479,Madurai,Tamil Nadu,Individual,2025-11-15
CUST04967,Rohit Verma,customer04967@example.com,9307613991,Coimbatore,Tamil Nadu,Individual,2024-08-11
CUST04968,Dinesh Sinha,customer04968@example.com,9713292783,Kolkata,West Bengal,Individual,2025-03-08
CUST04969,Vijay Sharma,customer04969@example.com,9625167947,Trichy,Tamil Nadu,Individual,2024-01-07
CUST04970,Karthik Menon,customer04970@example.com,9820876167,Vijayawada,Andhra Pradesh,Individual,2025-07-16
CUST04971,Vivek Nair,customer04971@example.com,9879481269,Kolkata,West Bengal,Business,2025-11-25
CUST04972,Vijay Pillai,customer04972@example.com,9356782600,Pune,Maharashtra,Individual,2026-07-14
CUST04973,Harini Kapoor,customer04973@example.com,9617040898,Pune,Maharashtra,Individual,2025-11-08
CUST04974,Vivek Menon,customer04974@example.com,9194289589,Salem,Tamil Nadu,Individual,2026-09-24
CUST04975,Nithya Menon,customer04975@example.com,9716660500,Jaipur,Rajasthan,Individual,2023-05-20
CUST04976,Manoj Mishra,customer04976@example.com,9899179614,Pune,Maharashtra,Individual,2023-03-08
CUST04977,Priya Bose,customer04977@example.com,9791605935,Chennai,Tamil Nadu,Individual,2025-10-11
CUST04978,Ajay Rao,customer04978@example.com,9756015278,Coimbatore,Tamil Nadu,Business,2026-10-24
CUST04979,Karthik Bose,customer04979@example.com,9793383127,Kochi,Kerala,Individual,2023-09-18
CUST04980,Meena Rao,customer04980@example.com,9285877699,Salem,Tamil Nadu,Individual,2025-08-31
CUST04981,Karthik Bose,customer04981@example.com,9520581075,Chennai,Tamil Nadu,Individual,2024-09-18
CUST04982,Rohit Mehta,customer04982@example.com,9432050940,Mumbai,Maharashtra,Business,2024-08-01
CUST04983,Harini Nair,customer04983@example.com,9107844286,Vijayawada,Andhra Pradesh,Individual,2025-10-18
CUST04984,Suresh Das,customer04984@example.com,9980542223,Madurai,Tamil Nadu,Business,2026-05-11
CUST04985,Karthik Naidu,customer04985@example.com,9957660617,Ahmedabad,Gujarat,Individual,2024-09-30
CUST04986,Harini Verma,customer04986@example.com,9163114090,Madurai,Tamil Nadu,Individual,2024-02-14
CUST04987,Karthik Das,customer04987@example.com,9584710105,Pune,Maharashtra,Individual,2025-04-12
CUST04988,Karthik Reddy,customer04988@example.com,9908676484,Mumbai,Maharashtra,Individual,2026-01-08
CUST04989,Rohit Joshi,customer04989@example.com,9847422858,Hyderabad,Telangana,Individual,2023-04-23
CUST04990,Karthik Das,customer04990@example.com,9154702748,Hyderabad,Telangana,Individual,2024-09-14
CUST04991,Manoj Mehta,customer04991@example.com,9548490988,Kochi,Kerala,Individual,2025-03-31
CUST04992,Pooja Sharma,customer04992@example.com,9976439621,Pune,Maharashtra,Business,2026-03-06
CUST04993,Divya Mehta,customer04993@example.com,9723188783,Trichy,Tamil Nadu,Business,2025-04-19
CUST04994,Ajay Sinha,customer04994@example.com,9346851306,Chennai,Tamil Nadu,Business,2023-07-08
CUST04995,Meena Sharma,customer04995@example.com,9664088019,Pune,Maharashtra,Business,2023-10-04
CUST04996,Priya Mishra,customer04996@example.com,9718227489,Delhi,Delhi,Individual,2023-04-13
CUST04997,Pooja Nair,customer04997@example.com,9895720763,Kolkata,West Bengal,Individual,2023-04-17
CUST04998,Kavya Mishra,customer04998@example.com,9584707579,Kochi,Kerala,Business,2025-01-26
CUST04999,Ananya Singh,customer04999@example.com,9552329917,Madurai,Tamil Nadu,Individual,2023-06-22
CUST05000,Swetha Patel,customer05000@example.com,9476055531,Hyderabad,Telangana,Individual,2025-09-25
