attempt_id,shipment_id,employee_id,attempt_date,attempt_number,attempt_status,delivery_lat,delivery_long
ATT000001,SHP004739,EMP04607,2025-02-16,2,Successful,27.481044,80.485031
ATT000002,SHP003306,EMP04316,2025-03-20,3,Successful,9.155331,84.432888
ATT000003,SHP002598,EMP03154,2025-11-10,1,Successful,25.720456,79.664387
ATT000004,SHP002852,EMP03595,2025-08-22,2,Successful,23.42028,83.767815
ATT000005,SHP000391,EMP03040,2025-03-19,2,Successful,11.780457,84.385004
ATT000006,SHP003428,EMP03077,2025-11-28,2,Successful,24.638852,87.724464
ATT000007,SHP003661,EMP00149,2025-02-28,3,Successful,21.88773,78.470134
ATT000008,SHP000552,EMP00611,2025-12-14,3,Successful,16.391133,80.713542
ATT000009,SHP003960,EMP04377,2025-02-24,1,Successful,19.46329,87.067408
ATT000010,SHP001444,EMP04004,2025-02-20,2,Customer Unavailable,11.159677,79.338168
ATT000011,SHP002930,EMP02572,2025-03-19,2,Rescheduled,18.494682,84.383636
ATT000012,SHP004061,EMP01070,2025-08-10,2,Successful,18.721893,87.119018
ATT000013,SHP004260,EMP00783,2025-05-18,3,Successful,13.115788,76.906166
ATT000014,SHP000338,EMP02639,2025-01-25,1,Successful,18.843042,79.068825
ATT000015,SHP002992,EMP00714,2025-07-25,1,Successful,21.030807,82.620511
ATT000016,SHP004776,EMP03087,2025-08-08,1,Rescheduled,27.608694,84.421676
ATT000017,SHP002529,EMP00049,2025-10-14,3,Successful,13.774989,83.726665
ATT000018,SHP002837,EMP03817,2025-06-27,3,Successful,24.948538,79.550739
ATT000019,SHP000364,EMP02843,2025-10-05,1,Successful,18.684761,86.690302
ATT000020,SHP004378,EMP00373,2025-07-19,1,Rescheduled,24.834879,78.420512
ATT000021,SHP004302,EMP03008,2025-01-02,1,Address Issue,25.275037,76.11928
ATT000022,SHP004303,EMP02800,2025-09-20,3,Rescheduled,13.306012,81.790542
ATT000023,SHP000851,EMP02166,2025-08-23,2,Successful,13.484234,88.086914
ATT000024,SHP000594,EMP04139,2025-12-07,2,Successful,10.963808,81.540757
ATT000025,SHP004912,EMP00824,2025-03-31,2,Successful,22.053498,85.030565
ATT000026,SHP004967,EMP02237,2025-01-23,2,Successful,22.776571,87.625703
ATT000027,SHP000722,EMP03335,2025-11-26,3,Successful,27.590269,84.751091
ATT000028,SHP002472,EMP04411,2025-12-28,1,Successful,16.056711,79.118756
ATT000029,SHP002049,EMP03702,2025-03-21,2,Successful,10.734543,76.178823
ATT000030,SHP000275,EMP00881,2025-01-06,2,Successful,16.862459,85.739959
ATT000031,SHP001394,EMP01357,2025-11-11,3,Successful,19.085018,87.457588
ATT000032,SHP000677,EMP03807,2025-08-11,2,Rescheduled,26.986,77.430455
ATT000033,SHP000730,EMP02058,2025-06-09,1,Successful,25.553891,86.551094
ATT000034,SHP002958,EMP00927,2025-09-10,2,Successful,9.605114,85.856372
ATT000035,SHP000585,EMP00429,2025-12-20,2,Successful,9.083296,83.376601
ATT000036,SHP002355,EMP02120,2025-11-12,2,Successful,10.130039,84.151223
ATT000037,SHP003945,EMP02273,2025-03-03,1,Successful,26.876567,86.88226
ATT000038,SHP003454,EMP02623,2025-12-26,3,Successful,19.240896,79.877549
ATT000039,SHP000489,EMP03620,2025-09-25,1,Refused,9.855446,78.580288
ATT000040,SHP004324,EMP04980,2025-01-29,3,Customer Unavailable,21.48078,82.587548
ATT000041,SHP002179,EMP03940,2025-04-03,1,Address Issue,10.217521,80.381248
ATT000042,SHP002499,EMP00835,2025-05-08,3,Successful,13.616698,77.064597
ATT000043,SHP004854,EMP01034,2025-05-02,3,Customer Unavailable,21.083051,81.281179
ATT000044,SHP002251,EMP02522,2025-03-28,1,Rescheduled,16.096149,78.04156
ATT000045,SHP003518,EMP02223,2025-09-20,1,Successful,12.307004,85.986348
ATT000046,SHP003188,EMP03110,2025-12-16,1,Rescheduled,21.421885,86.410174
ATT000047,SHP001130,EMP01942,2025-06-15,2,Successful,25.619039,77.778307
ATT000048,SHP002374,EMP03777,2025-08-20,2,Successful,13.524661,86.022778
ATT000049,SHP000127,EMP03352,2025-06-02,2,Refused,27.616439,77.58821
ATT000050,SHP004057,EMP00258,2025-05-22,3,Successful,8.757179,79.473025
ATT000051,SHP004114,EMP01902,2025-04-09,2,Successful,9.374273,78.024075
ATT000052,SHP004121,EMP01740,2025-06-23,1,Successful,27.302391,85.531346
ATT000053,SHP000072,EMP02917,2025-02-24,2,Successful,10.62854,78.391875
ATT000054,SHP003536,EMP01519,2025-04-11,3,Successful,16.644404,86.369484
ATT000055,SHP002089,EMP04985,2025-12-11,1,Refused,16.12461,78.683655
ATT000056,SHP000502,EMP01669,2025-06-23,2,Successful,11.234552,77.400684
ATT000057,SHP003295,EMP00564,2025-10-07,1,Successful,28.264115,83.499553
ATT000058,SHP000019,EMP00927,2025-02-03,2,Successful,16.482024,80.627625
ATT000059,SHP002075,EMP04368,2025-10-30,3,Successful,16.59649,86.210123
ATT000060,SHP003405,EMP00440,2025-12-31,1,Successful,14.683553,86.10546
ATT000061,SHP004201,EMP01945,2025-04-23,1,Successful,16.050892,81.234238
ATT000062,SHP000766,EMP03822,2025-03-05,2,Successful,24.705797,83.302741
ATT000063,SHP002959,EMP04051,2025-06-09,3,Customer Unavailable,14.870422,82.234517
ATT000064,SHP000852,EMP02856,2025-01-05,1,Successful,15.565469,77.432588
ATT000065,SHP002590,EMP00682,2025-09-06,2,Customer Unavailable,8.28184,76.191638
ATT000066,SHP000890,EMP02166,2025-02-02,3,Rescheduled,12.291797,85.180372
ATT000067,SHP000940,EMP02625,2025-02-14,1,Address Issue,9.16892,84.326901
ATT000068,SHP002435,EMP04494,2025-04-29,1,Address Issue,11.558695,86.020221
ATT000069,SHP003416,EMP01568,2025-04-21,2,Address Issue,21.689048,81.104878
ATT000070,SHP002883,EMP02366,2025-10-02,3,Customer Unavailable,27.547844,78.236526
ATT000071,SHP003071,EMP04880,2025-04-05,3,Successful,12.257072,86.423294
ATT000072,SHP001634,EMP01998,2025-04-11,1,Successful,25.347021,82.181105
ATT000073,SHP004868,EMP02962,2025-08-02,3,Rescheduled,13.155545,76.246876
ATT000074,SHP001813,EMP02335,2025-04-13,2,Successful,14.053164,85.685851
ATT000075,SHP000135,EMP02304,2025-08-10,1,Successful,11.740494,82.45468
ATT000076,SHP000745,EMP04178,2025-11-23,3,Successful,18.712698,85.581822
ATT000077,SHP000281,EMP03191,2025-06-30,1,Refused,25.535691,83.185093
ATT000078,SHP001472,EMP01228,2025-05-24,3,Successful,20.570926,84.950895
ATT000079,SHP002939,EMP03307,2025-08-19,1,Rescheduled,15.072025,86.920028
ATT000080,SHP004553,EMP01423,2025-09-28,2,Successful,10.303436,80.45892
ATT000081,SHP002755,EMP01302,2025-07-21,3,Rescheduled,20.629497,85.712359
ATT000082,SHP002436,EMP02765,2025-09-03,3,Successful,12.872309,80.097152
ATT000083,SHP001406,EMP02159,2025-08-09,1,Customer Unavailable,24.693939,78.94902
ATT000084,SHP000458,EMP04763,2025-10-09,2,Successful,18.400952,76.956196
ATT000085,SHP004659,EMP04561,2025-03-23,1,Successful,25.343042,86.098396
ATT000086,SHP000652,EMP03269,2025-03-13,3,Address Issue,12.413846,78.354461
ATT000087,SHP003498,EMP04695,2025-02-12,2,Customer Unavailable,16.782863,77.09682
ATT000088,SHP000090,EMP02771,2025-02-15,2,Successful,8.82566,80.326433
ATT000089,SHP002369,EMP03589,2025-09-01,1,Successful,9.56775,84.15305
ATT000090,SHP001668,EMP04376,2025-10-05,1,Address Issue,12.479479,76.185292
ATT000091,SHP000133,EMP02980,2025-11-02,2,Successful,11.130694,86.613467
ATT000092,SHP000786,EMP02525,2025-07-20,1,Customer Unavailable,26.623628,85.533748
ATT000093,SHP001251,EMP00933,2025-04-24,3,Successful,23.983696,87.963642
ATT000094,SHP001617,EMP03009,2025-12-18,1,Customer Unavailable,15.81881,82.377774
ATT000095,SHP002306,EMP01561,2025-01-17,3,Refused,12.81474,76.550922
ATT000096,SHP001294,EMP02021,2025-12-14,3,Successful,21.061406,78.346829
ATT000097,SHP003448,EMP00418,2025-01-22,3,Successful,24.193683,78.550314
ATT000098,SHP000771,EMP02916,2025-12-25,1,Rescheduled,25.215352,86.849257
ATT000099,SHP004668,EMP01682,2025-11-13,1,Successful,11.205148,82.218398
ATT000100,SHP001556,EMP03506,2025-08-21,1,Customer Unavailable,10.869836,79.366333
ATT000101,SHP003140,EMP03040,2025-04-13,1,Successful,10.48205,84.113602
ATT000102,SHP000007,EMP02084,2025-11-16,3,Refused,12.080288,88.084344
ATT000103,SHP004580,EMP00833,2025-02-25,3,Successful,17.76591,81.649807
ATT000104,SHP001306,EMP04747,2025-05-19,2,Address Issue,21.619731,85.742427
ATT000105,SHP003249,EMP01845,2025-04-18,2,Rescheduled,17.273106,83.877378
ATT000106,SHP003504,EMP00253,2025-12-09,2,Rescheduled,17.772307,83.916114
ATT000107,SHP002704,EMP04215,2025-05-28,2,Customer Unavailable,14.364215,80.007331
ATT000108,SHP003935,EMP04302,2025-12-27,3,Successful,26.406798,86.787773
ATT000109,SHP002290,EMP03642,2025-03-17,3,Successful,19.580685,76.310011
ATT000110,SHP004517,EMP03132,2025-03-31,2,Successful,8.711521,83.072647
ATT000111,SHP004271,EMP02202,2025-12-15,1,Successful,13.944801,76.804528
ATT000112,SHP003859,EMP04364,2025-02-04,2,Rescheduled,23.023384,78.067553
ATT000113,SHP004330,EMP04321,2025-01-17,2,Customer Unavailable,17.474475,84.638091
ATT000114,SHP002774,EMP03600,2025-10-12,2,Customer Unavailable,26.88627,77.121728
ATT000115,SHP001965,EMP00712,2025-04-17,1,Successful,17.680074,77.902963
ATT000116,SHP001659,EMP00983,2025-02-17,1,Customer Unavailable,22.406312,78.356179
ATT000117,SHP000018,EMP01592,2025-02-24,1,Refused,20.92831,76.356533
ATT000118,SHP003456,EMP03087,2025-07-08,1,Successful,9.010455,83.049726
ATT000119,SHP003327,EMP01857,2025-12-25,3,Successful,15.259628,86.22781
ATT000120,SHP001536,EMP04842,2025-09-28,3,Address Issue,18.2547,78.797871
ATT000121,SHP000740,EMP02177,2025-09-23,2,Successful,20.492311,85.717276
ATT000122,SHP002819,EMP01086,2025-08-18,3,Rescheduled,17.022063,84.863174
ATT000123,SHP000635,EMP02344,2025-01-18,1,Customer Unavailable,11.362647,83.5598
ATT000124,SHP001239,EMP03447,2025-06-11,1,Successful,26.378663,80.799228
ATT000125,SHP000754,EMP01016,2025-09-16,1,Successful,18.975427,76.479755
ATT000126,SHP004990,EMP01821,2025-06-23,3,Successful,10.340284,77.679999
ATT000127,SHP000040,EMP01657,2025-01-17,3,Refused,8.259099,77.79928
ATT000128,SHP003445,EMP00437,2025-05-07,3,Rescheduled,21.351349,86.609162
ATT000129,SHP002072,EMP01787,2025-11-02,3,Rescheduled,17.49138,82.137798
ATT000130,SHP004707,EMP00542,2025-02-17,1,Customer Unavailable,9.256376,87.437985
ATT000131,SHP000289,EMP03090,2025-08-08,1,Customer Unavailable,9.387998,76.211124
ATT000132,SHP003805,EMP03038,2025-02-18,2,Successful,8.673902,81.302756
ATT000133,SHP004440,EMP03901,2025-06-22,1,Successful,10.8972,86.638246
ATT000134,SHP004722,EMP04280,2025-08-11,1,Successful,22.277055,80.656891
ATT000135,SHP001971,EMP03224,2025-05-21,1,Successful,15.693264,78.974216
ATT000136,SHP001148,EMP00491,2025-04-06,3,Refused,24.934006,82.6644
ATT000137,SHP001296,EMP03232,2025-08-31,3,Successful,27.493843,81.907926
ATT000138,SHP000700,EMP04384,2025-03-23,2,Successful,9.757085,79.789629
ATT000139,SHP002831,EMP03297,2025-01-31,1,Successful,20.548517,86.940874
ATT000140,SHP003157,EMP01733,2025-10-30,1,Successful,8.541527,86.768415
ATT000141,SHP000637,EMP01542,2025-07-27,2,Successful,14.626291,79.831232
ATT000142,SHP004633,EMP02746,2025-06-07,2,Successful,13.612716,86.82133
ATT000143,SHP003388,EMP03037,2025-12-01,3,Successful,28.199739,76.786947
ATT000144,SHP003372,EMP01937,2025-06-03,3,Successful,13.798533,78.894043
ATT000145,SHP001852,EMP04227,2025-09-13,2,Customer Unavailable,22.970834,83.258442
ATT000146,SHP002366,EMP02177,2025-06-24,3,Customer Unavailable,8.515546,84.936631
ATT000147,SHP001491,EMP03046,2025-01-07,3,Customer Unavailable,27.152155,77.362752
ATT000148,SHP003959,EMP00990,2025-06-22,2,Address Issue,10.885371,77.905438
ATT000149,SHP001621,EMP03391,2025-02-27,1,Successful,9.940489,80.581162
ATT000150,SHP003245,EMP00505,2025-08-06,1,Successful,27.324604,78.624445
ATT000151,SHP001731,EMP03528,2025-04-16,1,Successful,9.696201,82.398123
ATT000152,SHP004099,EMP04967,2025-01-21,1,Successful,19.099405,76.51007
ATT000153,SHP003072,EMP01812,2025-06-26,3,Successful,21.930104,79.041726
ATT000154,SHP002530,EMP03541,2025-11-06,2,Successful,18.707808,87.538888
ATT000155,SHP001413,EMP02519,2025-09-21,3,Customer Unavailable,21.074963,85.874434
ATT000156,SHP000791,EMP04488,2025-11-05,2,Successful,18.201293,81.649395
ATT000157,SHP000008,EMP02268,2025-05-02,2,Successful,17.955205,87.050943
ATT000158,SHP001219,EMP04432,2025-06-09,3,Rescheduled,16.291385,85.27196
ATT000159,SHP004771,EMP02219,2025-02-05,1,Successful,19.036821,87.883665
ATT000160,SHP000059,EMP03260,2025-06-04,2,Customer Unavailable,9.609913,77.046194
ATT000161,SHP001278,EMP02797,2025-08-22,2,Customer Unavailable,15.711615,84.016634
ATT000162,SHP001286,EMP03778,2025-01-19,1,Address Issue,17.20476,87.226203
ATT000163,SHP002817,EMP04430,2025-08-11,2,Successful,17.626263,78.279923
ATT000164,SHP002513,EMP00271,2025-02-25,1,Address Issue,17.360773,85.119048
ATT000165,SHP000653,EMP00025,2025-11-27,1,Successful,20.80214,86.208446
ATT000166,SHP001252,EMP03132,2025-05-17,2,Successful,16.945997,79.673631
ATT000167,SHP003860,EMP02726,2025-06-03,2,Customer Unavailable,22.606341,78.038256
ATT000168,SHP003024,EMP01829,2025-09-27,1,Successful,28.027511,79.620432
ATT000169,SHP001543,EMP01307,2025-09-08,1,Customer Unavailable,20.082844,82.498293
ATT000170,SHP004405,EMP04240,2025-07-14,1,Successful,25.647796,83.838885
ATT000171,SHP004274,EMP01766,2025-07-25,1,Address Issue,21.835793,78.945563
ATT000172,SHP002638,EMP04543,2025-07-15,3,Successful,11.77673,83.320799
ATT000173,SHP002856,EMP02182,2025-06-08,3,Successful,11.396761,79.113689
ATT000174,SHP002848,EMP00523,2025-10-09,3,Successful,20.138089,77.93932
ATT000175,SHP004741,EMP00991,2025-08-29,1,Successful,11.737544,76.976833
ATT000176,SHP004456,EMP04792,2025-04-23,1,Successful,9.642398,77.605107
ATT000177,SHP004302,EMP04558,2025-05-11,3,Successful,28.174421,84.579671
ATT000178,SHP004182,EMP04552,2025-02-17,3,Successful,18.851507,79.83385
ATT000179,SHP000097,EMP02718,2025-05-20,1,Successful,18.498381,84.829468
ATT000180,SHP003310,EMP00297,2025-06-01,2,Successful,23.894252,85.153834
ATT000181,SHP001891,EMP01172,2025-07-17,2,Successful,19.800855,78.89842
ATT000182,SHP002655,EMP02606,2025-11-03,3,Successful,17.599664,80.664788
ATT000183,SHP002223,EMP02346,2025-06-03,3,Refused,17.37994,83.106664
ATT000184,SHP003180,EMP01791,2025-12-29,3,Successful,27.730752,82.542392
ATT000185,SHP003280,EMP04085,2025-11-21,1,Customer Unavailable,8.744967,84.037072
ATT000186,SHP000427,EMP04850,2025-09-02,1,Successful,13.428956,88.079541
ATT000187,SHP002463,EMP00973,2025-06-10,1,Successful,21.348404,87.385976
ATT000188,SHP001263,EMP03186,2025-09-08,3,Customer Unavailable,8.287564,86.085995
ATT000189,SHP003221,EMP04516,2025-06-09,3,Address Issue,21.751256,83.806665
ATT000190,SHP001775,EMP00197,2025-01-02,1,Successful,18.310053,82.935474
ATT000191,SHP001871,EMP02525,2025-04-26,1,Customer Unavailable,19.378072,79.796234
ATT000192,SHP002355,EMP02035,2025-06-23,3,Successful,21.158088,86.823907
ATT000193,SHP002767,EMP04730,2025-07-18,3,Successful,17.113479,86.526048
ATT000194,SHP001450,EMP04600,2025-05-12,3,Successful,14.581746,86.417949
ATT000195,SHP001001,EMP01335,2025-09-06,2,Refused,23.470374,77.217719
ATT000196,SHP004960,EMP01929,2025-03-13,1,Successful,22.694454,87.393775
ATT000197,SHP002414,EMP03419,2025-12-09,2,Successful,13.565017,81.384178
ATT000198,SHP001593,EMP01679,2025-12-08,1,Successful,20.298813,76.069511
ATT000199,SHP001920,EMP04784,2025-11-23,3,Customer Unavailable,23.253664,76.039517
ATT000200,SHP000172,EMP00138,2025-11-21,3,Customer Unavailable,20.433917,84.355837
ATT000201,SHP004470,EMP02590,2025-01-07,1,Successful,13.125122,85.223951
ATT000202,SHP003700,EMP01670,2025-10-04,1,Successful,14.158733,79.852119
ATT000203,SHP004504,EMP01068,2025-12-13,1,Successful,8.844051,83.811575
ATT000204,SHP001692,EMP04442,2025-09-01,1,Successful,12.273354,76.42189
ATT000205,SHP000659,EMP00782,2025-11-15,3,Address Issue,14.392403,85.599283
ATT000206,SHP000946,EMP03178,2025-06-14,3,Successful,24.292539,85.998644
ATT000207,SHP000425,EMP02535,2025-08-14,2,Rescheduled,15.948483,79.255492
ATT000208,SHP003724,EMP02867,2025-02-07,1,Successful,27.661171,84.284743
ATT000209,SHP000785,EMP01363,2025-11-13,2,Address Issue,28.206152,80.037184
ATT000210,SHP002601,EMP03053,2025-02-20,3,Successful,17.142519,86.525622
ATT000211,SHP002573,EMP01232,2025-05-30,1,Successful,19.264933,83.494849
ATT000212,SHP001488,EMP03653,2025-06-22,1,Successful,12.241348,87.154553
ATT000213,SHP002560,EMP01455,2025-01-16,2,Rescheduled,19.144199,85.229366
ATT000214,SHP003162,EMP00682,2025-12-06,2,Refused,12.293903,78.449587
ATT000215,SHP004681,EMP04197,2025-05-17,1,Successful,23.281648,78.355215
ATT000216,SHP002611,EMP04594,2025-08-15,1,Rescheduled,19.800883,79.067215
ATT000217,SHP000102,EMP02369,2025-11-23,2,Successful,24.468645,76.27696
ATT000218,SHP001640,EMP04683,2025-01-22,3,Customer Unavailable,28.088751,81.941185
ATT000219,SHP002216,EMP04151,2025-05-14,3,Successful,11.547103,85.12245
ATT000220,SHP002568,EMP00091,2025-04-05,3,Successful,17.443599,85.441002
ATT000221,SHP002329,EMP00658,2025-06-03,1,Successful,8.106941,84.418785
ATT000222,SHP000042,EMP03508,2025-10-07,1,Successful,9.329018,76.498501
ATT000223,SHP000312,EMP04526,2025-01-02,1,Successful,27.458882,78.850475
ATT000224,SHP003427,EMP01724,2025-09-16,1,Refused,11.344434,87.087941
ATT000225,SHP003020,EMP02969,2025-03-26,1,Address Issue,18.227746,80.793586
ATT000226,SHP003593,EMP03068,2025-09-17,2,Successful,22.296488,77.738158
ATT000227,SHP000128,EMP02607,2025-09-23,2,Successful,13.058013,85.314013
ATT000228,SHP002911,EMP02136,2025-08-24,1,Successful,13.031077,78.209241
ATT000229,SHP003153,EMP03417,2025-12-17,3,Customer Unavailable,23.096454,81.584291
ATT000230,SHP001965,EMP01988,2025-09-02,2,Rescheduled,8.727765,84.084769
ATT000231,SHP003893,EMP02676,2025-04-05,3,Refused,22.379834,77.562206
ATT000232,SHP003580,EMP02151,2025-03-28,1,Successful,18.618806,76.738236
ATT000233,SHP001466,EMP01278,2025-01-02,2,Customer Unavailable,24.401129,83.223807
ATT000234,SHP003769,EMP01350,2025-04-24,2,Successful,27.576257,78.289441
ATT000235,SHP001242,EMP00734,2025-12-08,2,Successful,20.620049,87.403515
ATT000236,SHP000316,EMP04247,2025-01-15,3,Successful,14.739501,84.05238
ATT000237,SHP004424,EMP01617,2025-01-23,1,Successful,24.233221,78.86861
ATT000238,SHP002732,EMP02168,2025-09-20,2,Successful,10.422606,82.164855
ATT000239,SHP001986,EMP02316,2025-05-24,3,Successful,12.419553,80.457231
ATT000240,SHP004451,EMP03655,2025-11-11,3,Successful,18.52023,78.924762
ATT000241,SHP002657,EMP02683,2025-10-05,3,Customer Unavailable,14.73127,78.436671
ATT000242,SHP002695,EMP03122,2025-12-03,3,Successful,23.366807,82.684956
ATT000243,SHP003515,EMP03125,2025-03-20,2,Successful,18.21603,81.50323
ATT000244,SHP003588,EMP02323,2025-04-06,3,Rescheduled,25.315146,77.280805
ATT000245,SHP000702,EMP02858,2025-12-01,3,Customer Unavailable,19.512751,82.262742
ATT000246,SHP003121,EMP01093,2025-08-21,1,Successful,20.338555,87.1704
ATT000247,SHP001803,EMP04147,2025-04-14,3,Successful,15.604217,84.730181
ATT000248,SHP002850,EMP00596,2025-08-02,1,Address Issue,15.801724,85.942737
ATT000249,SHP000409,EMP04105,2025-08-05,3,Successful,8.560787,83.005754
ATT000250,SHP000290,EMP03120,2025-10-06,2,Customer Unavailable,19.43632,80.588403
ATT000251,SHP004802,EMP03162,2025-06-29,2,Successful,16.251923,84.780116
ATT000252,SHP001808,EMP04504,2025-05-10,3,Customer Unavailable,8.499375,76.64301
ATT000253,SHP004181,EMP01936,2025-12-08,2,Successful,17.739869,80.14352
ATT000254,SHP004818,EMP04342,2025-08-25,3,Successful,16.354703,78.838113
ATT000255,SHP003529,EMP03132,2025-05-21,2,Customer Unavailable,28.415966,81.846413
ATT000256,SHP002030,EMP02050,2025-05-04,2,Customer Unavailable,25.433137,76.145524
ATT000257,SHP001586,EMP00409,2025-11-20,3,Successful,24.908231,76.970275
ATT000258,SHP003169,EMP00247,2025-04-17,2,Successful,22.16091,76.902723
ATT000259,SHP002226,EMP01208,2025-12-13,1,Address Issue,25.058076,81.784659
ATT000260,SHP001208,EMP00691,2025-02-17,1,Successful,12.62394,77.998653
ATT000261,SHP002081,EMP04015,2025-08-21,2,Successful,22.101594,85.668584
ATT000262,SHP001087,EMP04636,2025-02-12,3,Successful,27.447447,81.557668
ATT000263,SHP001470,EMP04061,2025-10-21,1,Customer Unavailable,17.333793,77.542467
ATT000264,SHP004287,EMP04324,2025-09-02,3,Customer Unavailable,25.114836,78.92455
ATT000265,SHP003803,EMP01625,2025-03-29,1,Successful,17.405977,82.391483
ATT000266,SHP000710,EMP01476,2025-08-28,3,Successful,10.466513,84.313874
ATT000267,SHP003831,EMP04637,2025-01-13,1,Successful,9.098628,77.818372
ATT000268,SHP003849,EMP01538,2025-02-07,1,Rescheduled,23.677878,83.646631
ATT000269,SHP001151,EMP00611,2025-03-23,3,Successful,16.339989,84.863269
ATT000270,SHP003789,EMP01571,2025-10-02,2,Successful,20.829881,88.285041
ATT000271,SHP002756,EMP02255,2025-04-03,2,Refused,18.232897,85.294502
ATT000272,SHP003709,EMP00418,2025-08-14,2,Customer Unavailable,25.462826,78.706744
ATT000273,SHP001113,EMP04558,2025-08-11,2,Successful,18.159937,80.076672
ATT000274,SHP002850,EMP01806,2025-06-06,3,Successful,20.431617,76.527535
ATT000275,SHP001750,EMP00143,2025-06-02,1,Successful,13.063625,77.188301
ATT000276,SHP001041,EMP02895,2025-02-02,1,Successful,11.677231,78.164373
ATT000277,SHP002145,EMP02122,2025-06-11,3,Successful,13.253324,79.500355
ATT000278,SHP003586,EMP01052,2025-03-29,2,Successful,11.350123,85.924467
ATT000279,SHP001481,EMP02421,2025-08-02,3,Successful,19.604026,82.15615
ATT000280,SHP002411,EMP01571,2025-06-21,1,Successful,18.329816,87.59317
ATT000281,SHP003140,EMP02351,2025-02-26,2,Successful,20.143717,87.478149
ATT000282,SHP000486,EMP00106,2025-12-26,2,Successful,16.320212,78.641638
ATT000283,SHP002113,EMP02157,2025-11-23,2,Customer Unavailable,9.851291,80.473702
ATT000284,SHP002713,EMP01206,2025-08-01,1,Successful,9.124186,78.717582
ATT000285,SHP003559,EMP04022,2025-04-09,2,Successful,23.510389,76.006739
ATT000286,SHP003073,EMP00591,2025-09-26,2,Refused,25.15043,81.940622
ATT000287,SHP001500,EMP01797,2025-08-02,2,Rescheduled,24.93434,76.807305
ATT000288,SHP003225,EMP00513,2025-11-17,1,Successful,13.714785,76.765011
ATT000289,SHP001112,EMP02130,2025-08-07,3,Customer Unavailable,13.719967,88.393797
ATT000290,SHP000995,EMP01162,2025-12-17,1,Successful,19.164105,77.277529
ATT000291,SHP004346,EMP01603,2025-06-19,1,Successful,22.870817,78.972615
ATT000292,SHP002357,EMP04543,2025-09-25,1,Successful,13.00527,81.272521
ATT000293,SHP003942,EMP01433,2025-06-23,1,Customer Unavailable,22.038241,78.175186
ATT000294,SHP001123,EMP04870,2025-07-20,3,Customer Unavailable,19.366312,76.599797
ATT000295,SHP002625,EMP00175,2025-10-03,2,Customer Unavailable,11.331701,79.747102
ATT000296,SHP004635,EMP03849,2025-05-13,1,Successful,12.302002,80.941301
ATT000297,SHP002820,EMP04621,2025-09-14,3,Successful,14.549657,85.188051
ATT000298,SHP001635,EMP03000,2025-09-11,3,Customer Unavailable,26.921633,80.497563
ATT000299,SHP001708,EMP02026,2025-10-17,2,Address Issue,26.008125,87.822211
ATT000300,SHP004181,EMP04016,2025-05-20,3,Successful,12.374088,84.350786
ATT000301,SHP004232,EMP00490,2025-01-01,1,Successful,25.086203,85.403417
ATT000302,SHP001845,EMP04032,2025-07-28,3,Customer Unavailable,16.40108,76.226225
ATT000303,SHP000054,EMP02609,2025-01-24,2,Successful,14.877112,78.097421
ATT000304,SHP003956,EMP03445,2025-08-22,3,Rescheduled,13.246455,80.908768
ATT000305,SHP003173,EMP01488,2025-02-27,2,Successful,22.637576,81.534338
ATT000306,SHP000211,EMP00281,2025-12-13,1,Successful,17.635101,79.993925
ATT000307,SHP004723,EMP01743,2025-07-08,2,Successful,28.183818,84.784801
ATT000308,SHP001814,EMP03276,2025-08-22,1,Successful,19.540634,84.547331
ATT000309,SHP002183,EMP03865,2025-04-08,2,Successful,16.022503,82.125579
ATT000310,SHP003598,EMP02341,2025-11-19,1,Customer Unavailable,15.244343,82.258391
ATT000311,SHP003080,EMP02882,2025-05-14,1,Successful,20.75292,80.112042
ATT000312,SHP003314,EMP02294,2025-05-06,1,Successful,11.776876,79.315127
ATT000313,SHP002251,EMP02020,2025-02-10,2,Address Issue,19.275242,82.912842
ATT000314,SHP002022,EMP02386,2025-06-28,1,Rescheduled,25.97427,81.895557
ATT000315,SHP003171,EMP01368,2025-07-29,1,Rescheduled,23.702866,80.539964
ATT000316,SHP000481,EMP03181,2025-09-30,2,Successful,13.779371,87.959236
ATT000317,SHP000942,EMP04659,2025-11-22,2,Customer Unavailable,21.413152,85.884024
ATT000318,SHP004179,EMP02212,2025-11-26,3,Successful,18.792077,84.757427
ATT000319,SHP004218,EMP01347,2025-03-23,2,Address Issue,11.495893,82.715528
ATT000320,SHP003788,EMP00446,2025-10-29,3,Successful,9.659461,83.79
ATT000321,SHP004404,EMP02705,2025-12-03,3,Successful,15.20925,80.100632
ATT000322,SHP002606,EMP04963,2025-06-22,1,Successful,15.349446,85.591602
ATT000323,SHP002198,EMP04009,2025-12-30,3,Successful,24.527597,84.913389
ATT000324,SHP004934,EMP00224,2025-01-07,3,Successful,21.987256,88.432751
ATT000325,SHP002093,EMP02101,2025-03-21,3,Customer Unavailable,17.501617,80.312246
ATT000326,SHP002601,EMP02255,2025-08-21,2,Successful,11.890367,77.55597
ATT000327,SHP000915,EMP00254,2025-04-30,1,Customer Unavailable,20.66665,79.780394
ATT000328,SHP004970,EMP02537,2025-12-09,3,Successful,20.676864,76.626445
ATT000329,SHP003827,EMP00800,2025-12-21,1,Successful,14.266413,78.49376
ATT000330,SHP000978,EMP01808,2025-01-13,2,Successful,27.499202,79.740406
ATT000331,SHP003393,EMP02418,2025-09-29,3,Successful,25.960949,85.127717
ATT000332,SHP000579,EMP04954,2025-07-23,1,Successful,26.116556,78.449553
ATT000333,SHP003397,EMP01373,2025-04-10,2,Address Issue,11.987398,80.361855
ATT000334,SHP001768,EMP03781,2025-09-18,1,Successful,17.286011,80.054231
ATT000335,SHP001847,EMP03267,2025-01-09,3,Successful,24.242574,81.841619
ATT000336,SHP004745,EMP00324,2025-04-14,1,Refused,13.442113,82.980439
ATT000337,SHP001238,EMP03592,2025-01-01,3,Successful,9.613487,76.944234
ATT000338,SHP003220,EMP01393,2025-05-21,1,Successful,20.590126,79.462097
ATT000339,SHP004658,EMP00106,2025-06-13,2,Address Issue,14.242508,78.726434
ATT000340,SHP003651,EMP04922,2025-10-01,3,Customer Unavailable,13.515228,79.153354
ATT000341,SHP000382,EMP01087,2025-12-09,3,Address Issue,16.221315,85.450123
ATT000342,SHP003532,EMP04402,2025-08-17,2,Address Issue,19.203181,87.813002
ATT000343,SHP003923,EMP02524,2025-12-15,1,Rescheduled,26.525738,85.606045
ATT000344,SHP003530,EMP04327,2025-01-25,1,Successful,14.870561,79.009201
ATT000345,SHP003004,EMP02677,2025-05-27,2,Successful,21.091994,76.390606
ATT000346,SHP000549,EMP03889,2025-06-11,3,Customer Unavailable,10.109707,76.62121
ATT000347,SHP000572,EMP00486,2025-10-09,3,Successful,28.246856,85.201907
ATT000348,SHP002859,EMP03068,2025-08-01,1,Rescheduled,21.642392,87.593088
ATT000349,SHP002491,EMP04410,2025-06-07,2,Successful,23.100076,85.661851
ATT000350,SHP001449,EMP03703,2025-02-08,2,Successful,18.669234,84.457049
ATT000351,SHP002868,EMP00804,2025-07-25,2,Successful,8.375715,80.468669
ATT000352,SHP004872,EMP02768,2025-11-21,1,Rescheduled,26.481242,83.852018
ATT000353,SHP002735,EMP03949,2025-07-30,3,Successful,18.716302,84.459546
ATT000354,SHP000073,EMP00631,2025-03-05,2,Successful,10.593396,85.055502
ATT000355,SHP003897,EMP04604,2025-10-06,1,Customer Unavailable,22.625866,83.784308
ATT000356,SHP003042,EMP03085,2025-05-31,3,Successful,25.781187,76.465629
ATT000357,SHP000920,EMP02782,2025-09-09,2,Successful,24.699274,84.589339
ATT000358,SHP001978,EMP01338,2025-09-15,1,Address Issue,18.432059,85.112242
ATT000359,SHP004671,EMP00614,2025-03-15,3,Refused,11.827547,79.338249
ATT000360,SHP003805,EMP03467,2025-01-26,3,Successful,20.052766,86.85822
ATT000361,SHP003579,EMP03936,2025-02-26,3,Successful,28.376746,78.946315
ATT000362,SHP004005,EMP01609,2025-09-28,1,Rescheduled,8.187147,82.639344
ATT000363,SHP004531,EMP03346,2025-12-31,1,Successful,8.075528,82.018534
ATT000364,SHP001258,EMP03591,2025-08-02,3,Refused,21.295531,80.360068
ATT000365,SHP000045,EMP02262,2025-12-03,2,Refused,23.609252,80.8434
ATT000366,SHP002834,EMP03345,2025-02-24,1,Successful,18.417135,77.359495
ATT000367,SHP004280,EMP04047,2025-09-14,2,Successful,21.953364,88.000581
ATT000368,SHP002534,EMP02754,2025-11-25,1,Successful,11.638499,77.483355
ATT000369,SHP004772,EMP03501,2025-11-30,2,Successful,12.607535,79.941256
ATT000370,SHP000532,EMP02621,2025-12-02,2,Successful,15.979796,79.90574
ATT000371,SHP003517,EMP03656,2025-06-21,2,Customer Unavailable,11.032148,86.804368
ATT000372,SHP001176,EMP04743,2025-03-20,2,Successful,25.599561,85.94792
ATT000373,SHP003427,EMP03478,2025-05-22,3,Successful,16.667499,77.272861
ATT000374,SHP000161,EMP04670,2025-03-28,3,Customer Unavailable,9.013036,80.476893
ATT000375,SHP004679,EMP00087,2025-05-25,2,Customer Unavailable,27.810121,87.079179
ATT000376,SHP002732,EMP00378,2025-04-27,1,Successful,17.929824,85.399198
ATT000377,SHP001707,EMP03105,2025-11-11,1,Customer Unavailable,17.562046,79.703862
ATT000378,SHP002820,EMP00835,2025-04-07,2,Successful,23.624611,77.051108
ATT000379,SHP001076,EMP04009,2025-11-14,2,Successful,22.968417,84.086478
ATT000380,SHP004729,EMP01456,2025-11-02,1,Successful,27.867077,80.116923
ATT000381,SHP003449,EMP04404,2025-09-25,1,Successful,20.63903,87.190445
ATT000382,SHP001606,EMP01253,2025-10-20,1,Rescheduled,23.176125,78.598125
ATT000383,SHP001098,EMP03653,2025-12-02,2,Address Issue,25.97895,80.315951
ATT000384,SHP001049,EMP01995,2025-07-22,3,Refused,22.785356,87.523885
ATT000385,SHP001793,EMP02128,2025-11-30,1,Address Issue,16.330426,82.381116
ATT000386,SHP000451,EMP01462,2025-11-29,1,Successful,24.482654,87.968254
ATT000387,SHP001533,EMP02466,2025-08-13,2,Refused,17.033448,77.340621
ATT000388,SHP003289,EMP00538,2025-10-20,2,Address Issue,28.495372,88.079717
ATT000389,SHP003247,EMP03767,2025-01-22,2,Successful,13.910383,83.587193
ATT000390,SHP000462,EMP02372,2025-04-12,2,Successful,9.116253,82.612357
ATT000391,SHP004064,EMP00863,2025-04-29,1,Successful,11.236488,87.210769
ATT000392,SHP000252,EMP00496,2025-10-22,3,Rescheduled,28.001893,88.379903
ATT000393,SHP002069,EMP00487,2025-02-25,2,Rescheduled,18.900893,83.018288
ATT000394,SHP004412,EMP04570,2025-05-31,1,Rescheduled,15.945025,79.781845
ATT000395,SHP001342,EMP01919,2025-11-14,2,Refused,25.766379,85.906903
ATT000396,SHP000379,EMP03800,2025-10-01,2,Successful,12.574334,76.371278
ATT000397,SHP003931,EMP04843,2025-09-12,1,Refused,9.00068,87.771447
ATT000398,SHP003715,EMP02831,2025-12-14,3,Successful,13.545758,76.453749
ATT000399,SHP000714,EMP01812,2025-01-16,1,Address Issue,8.522864,81.385502
ATT000400,SHP003661,EMP02933,2025-10-28,1,Successful,9.502847,76.397746
ATT000401,SHP004935,EMP04277,2025-12-08,1,Customer Unavailable,22.956122,77.181402
ATT000402,SHP000963,EMP03014,2025-11-06,2,Customer Unavailable,13.278751,83.851107
ATT000403,SHP002369,EMP02288,2025-03-13,2,Customer Unavailable,13.543218,84.604951
ATT000404,SHP001993,EMP04102,2025-08-16,1,Successful,21.613821,78.319089
ATT000405,SHP001845,EMP03155,2025-02-28,3,Rescheduled,16.592986,83.853983
ATT000406,SHP000628,EMP00043,2025-05-28,3,Customer Unavailable,11.705887,88.450747
ATT000407,SHP000916,EMP03547,2025-12-12,1,Rescheduled,11.368981,83.285023
ATT000408,SHP001633,EMP03467,2025-12-22,3,Successful,9.104449,78.97046
ATT000409,SHP004230,EMP01411,2025-04-06,2,Successful,8.264471,80.035607
ATT000410,SHP000570,EMP00851,2025-11-16,2,Refused,20.317853,77.000481
ATT000411,SHP001899,EMP01370,2025-10-10,3,Customer Unavailable,26.878976,82.123763
ATT000412,SHP003543,EMP01850,2025-04-23,2,Successful,26.991163,85.008761
ATT000413,SHP003353,EMP03150,2025-05-01,3,Address Issue,9.976899,84.598822
ATT000414,SHP001077,EMP01112,2025-01-24,2,Successful,20.123706,87.307964
ATT000415,SHP000689,EMP02811,2025-04-17,3,Address Issue,26.130401,86.706214
ATT000416,SHP004957,EMP04636,2025-12-14,1,Successful,21.995308,81.006512
ATT000417,SHP004270,EMP03473,2025-01-24,1,Successful,17.19347,82.734221
ATT000418,SHP003259,EMP00923,2025-01-10,3,Rescheduled,9.603927,80.04251
ATT000419,SHP000016,EMP03155,2025-07-23,1,Successful,16.838187,77.05293
ATT000420,SHP000735,EMP01256,2025-03-14,2,Successful,16.489776,77.561175
ATT000421,SHP000450,EMP02231,2025-08-18,2,Customer Unavailable,20.846151,84.110316
ATT000422,SHP004680,EMP03150,2025-01-13,3,Successful,16.956417,87.695468
ATT000423,SHP000146,EMP04971,2025-01-14,2,Customer Unavailable,9.607926,86.358436
ATT000424,SHP001411,EMP03327,2025-03-04,2,Customer Unavailable,25.698751,83.082772
ATT000425,SHP001091,EMP01675,2025-03-13,2,Successful,25.906176,81.678226
ATT000426,SHP002148,EMP03824,2025-10-17,1,Successful,21.193243,78.994475
ATT000427,SHP003825,EMP01785,2025-03-16,2,Address Issue,24.535229,78.245086
ATT000428,SHP004429,EMP04078,2025-02-28,2,Successful,28.035493,85.969497
ATT000429,SHP000585,EMP03538,2025-09-15,2,Successful,13.221726,76.451974
ATT000430,SHP000742,EMP04479,2025-01-05,1,Successful,22.91426,78.275445
ATT000431,SHP003983,EMP01384,2025-04-22,3,Successful,8.205513,86.030091
ATT000432,SHP003065,EMP01623,2025-06-09,3,Successful,18.222275,87.258191
ATT000433,SHP000376,EMP01881,2025-09-15,1,Successful,10.940074,80.763671
ATT000434,SHP000907,EMP03738,2025-05-21,3,Address Issue,21.919927,81.390242
ATT000435,SHP000995,EMP01057,2025-07-16,1,Successful,17.243708,76.897546
ATT000436,SHP001990,EMP00822,2025-09-11,1,Address Issue,15.969808,82.671577
ATT000437,SHP004433,EMP02419,2025-05-04,1,Successful,22.084993,78.333938
ATT000438,SHP001605,EMP02589,2025-06-18,3,Successful,27.234398,84.057183
ATT000439,SHP002648,EMP04796,2025-07-06,1,Successful,12.755091,77.162331
ATT000440,SHP001116,EMP01111,2025-09-11,1,Rescheduled,28.283609,87.752037
ATT000441,SHP004876,EMP01326,2025-08-14,1,Customer Unavailable,18.416151,86.804868
ATT000442,SHP003397,EMP04872,2025-06-05,2,Successful,26.381613,78.295879
ATT000443,SHP002810,EMP01021,2025-03-27,3,Successful,23.641899,86.775307
ATT000444,SHP000153,EMP04223,2025-01-05,1,Refused,12.784833,84.869595
ATT000445,SHP000819,EMP04578,2025-09-01,1,Successful,25.820796,84.570453
ATT000446,SHP001212,EMP02447,2025-11-23,2,Customer Unavailable,22.981805,78.173479
ATT000447,SHP004899,EMP02225,2025-11-14,2,Refused,10.203527,84.035243
ATT000448,SHP003357,EMP01741,2025-05-25,3,Customer Unavailable,25.106799,82.345376
ATT000449,SHP002835,EMP00905,2025-09-01,2,Successful,11.383065,84.743452
ATT000450,SHP002409,EMP01985,2025-06-09,2,Rescheduled,18.718784,80.762355
ATT000451,SHP001264,EMP00502,2025-04-25,2,Rescheduled,20.152709,82.632466
ATT000452,SHP000443,EMP01681,2025-10-03,1,Customer Unavailable,20.573172,76.693997
ATT000453,SHP002062,EMP02256,2025-03-07,3,Successful,20.053615,84.371764
ATT000454,SHP003190,EMP02002,2025-05-16,1,Successful,25.202359,80.232932
ATT000455,SHP001648,EMP04244,2025-03-06,1,Successful,14.545089,78.88884
ATT000456,SHP003517,EMP02995,2025-12-02,3,Successful,10.373206,81.323229
ATT000457,SHP000815,EMP02158,2025-11-22,2,Address Issue,26.592025,80.213713
ATT000458,SHP001941,EMP02428,2025-12-19,1,Successful,18.933833,83.150527
ATT000459,SHP000374,EMP00477,2025-05-21,1,Successful,22.114844,76.676871
ATT000460,SHP002572,EMP00265,2025-01-09,1,Customer Unavailable,25.305472,84.685365
ATT000461,SHP000432,EMP01353,2025-05-30,1,Successful,20.696025,84.070122
ATT000462,SHP004227,EMP03366,2025-09-20,2,Address Issue,15.710097,82.817535
ATT000463,SHP002199,EMP01792,2025-08-28,3,Successful,13.314032,85.636447
ATT000464,SHP004768,EMP03753,2025-11-21,2,Rescheduled,11.526795,82.645184
ATT000465,SHP003326,EMP02964,2025-08-23,2,Successful,26.405782,85.665053
ATT000466,SHP003987,EMP01014,2025-01-09,1,Successful,25.906276,79.725409
ATT000467,SHP003148,EMP03508,2025-09-01,2,Customer Unavailable,20.77319,85.332767
ATT000468,SHP002596,EMP03017,2025-04-11,1,Customer Unavailable,11.754856,77.697705
ATT000469,SHP000391,EMP02275,2025-12-22,2,Customer Unavailable,26.653551,82.160183
ATT000470,SHP000355,EMP04336,2025-11-27,3,Successful,10.590521,78.496568
ATT000471,SHP003889,EMP00277,2025-07-11,3,Successful,11.460578,87.95123
ATT000472,SHP002099,EMP02843,2025-12-03,2,Customer Unavailable,17.05984,81.568537
ATT000473,SHP002571,EMP01970,2025-04-28,2,Successful,19.516167,78.93901
ATT000474,SHP001761,EMP03297,2025-11-06,3,Successful,24.399583,83.553395
ATT000475,SHP002962,EMP02892,2025-01-10,2,Successful,23.267434,86.137105
ATT000476,SHP002729,EMP04938,2025-06-13,2,Address Issue,10.236456,82.408511
ATT000477,SHP002861,EMP03702,2025-01-28,3,Successful,11.836291,82.097463
ATT000478,SHP004165,EMP03415,2025-06-12,2,Successful,21.753285,83.960539
ATT000479,SHP004082,EMP03783,2025-10-31,2,Rescheduled,11.733561,82.610336
ATT000480,SHP002135,EMP01256,2025-07-17,2,Refused,25.355696,76.098443
ATT000481,SHP000949,EMP01245,2025-09-27,2,Rescheduled,21.046228,81.271864
ATT000482,SHP003898,EMP00364,2025-10-22,1,Successful,16.667685,86.146983
ATT000483,SHP002519,EMP04367,2025-02-25,1,Refused,18.227799,83.882262
ATT000484,SHP002056,EMP04007,2025-04-26,1,Successful,10.170997,80.517022
ATT000485,SHP000432,EMP01315,2025-01-11,3,Successful,26.811802,80.614621
ATT000486,SHP002222,EMP01805,2025-05-23,3,Successful,13.555803,84.324315
ATT000487,SHP003304,EMP01600,2025-06-23,2,Successful,8.242442,85.115717
ATT000488,SHP004024,EMP02110,2025-06-24,2,Successful,11.892355,85.768531
ATT000489,SHP001489,EMP03238,2025-03-10,1,Successful,24.11317,86.01051
ATT000490,SHP004126,EMP03335,2025-02-21,1,Refused,10.173512,77.789865
ATT000491,SHP003184,EMP03991,2025-12-22,2,Customer Unavailable,25.017062,83.500103
ATT000492,SHP002293,EMP03650,2025-08-18,1,Refused,19.884977,77.505163
ATT000493,SHP002276,EMP01319,2025-11-06,3,Address Issue,26.60873,83.640491
ATT000494,SHP003630,EMP03369,2025-07-25,3,Successful,9.45714,78.595254
ATT000495,SHP004441,EMP01739,2025-03-03,2,Successful,26.60477,76.855336
ATT000496,SHP002665,EMP03852,2025-07-29,3,Successful,16.417746,80.314356
ATT000497,SHP002215,EMP00543,2025-07-30,3,Customer Unavailable,24.674435,84.006742
ATT000498,SHP002187,EMP04619,2025-10-17,1,Rescheduled,15.941904,85.081044
ATT000499,SHP003702,EMP03194,2025-11-10,1,Rescheduled,10.019532,80.508165
ATT000500,SHP000303,EMP04813,2025-03-06,1,Successful,26.111825,79.473123
ATT000501,SHP004438,EMP00085,2025-07-28,2,Successful,8.391568,85.181515
ATT000502,SHP004765,EMP02734,2025-03-04,1,Successful,16.971606,82.794484
ATT000503,SHP004104,EMP02236,2025-09-07,2,Customer Unavailable,15.653026,79.372135
ATT000504,SHP003651,EMP00999,2025-12-15,2,Successful,15.197399,76.828211
ATT000505,SHP000719,EMP01018,2025-06-24,3,Successful,17.361197,76.110712
ATT000506,SHP000884,EMP01279,2025-04-14,1,Successful,9.008655,86.13114
ATT000507,SHP002021,EMP02414,2025-09-04,3,Successful,22.652872,80.032328
ATT000508,SHP001112,EMP02215,2025-10-05,2,Successful,10.733129,85.529935
ATT000509,SHP004533,EMP02800,2025-07-25,3,Successful,14.015156,88.294751
ATT000510,SHP002319,EMP04542,2025-10-13,1,Successful,27.642634,85.57022
ATT000511,SHP003271,EMP00135,2025-09-14,3,Address Issue,25.306035,86.708042
ATT000512,SHP003225,EMP01643,2025-05-10,1,Successful,18.322417,85.997463
ATT000513,SHP001511,EMP02741,2025-10-04,2,Address Issue,16.261238,86.194523
ATT000514,SHP000968,EMP02956,2025-06-02,1,Successful,26.857225,86.19434
ATT000515,SHP004282,EMP00478,2025-09-26,1,Refused,26.459411,79.128883
ATT000516,SHP004338,EMP01876,2025-02-13,1,Successful,21.334461,79.176164
ATT000517,SHP003448,EMP04934,2025-02-21,3,Refused,14.426385,76.292121
ATT000518,SHP001840,EMP01897,2025-11-22,1,Successful,23.98189,76.460732
ATT000519,SHP002823,EMP01515,2025-05-02,3,Successful,20.067278,81.287508
ATT000520,SHP001159,EMP03415,2025-04-17,2,Successful,10.487219,81.250728
ATT000521,SHP001672,EMP02763,2025-03-05,3,Rescheduled,10.729138,78.46045
ATT000522,SHP001971,EMP04824,2025-04-26,2,Successful,13.421558,84.593872
ATT000523,SHP001885,EMP04599,2025-06-06,1,Successful,19.630785,87.18793
ATT000524,SHP000839,EMP01620,2025-10-17,3,Successful,8.630794,86.534955
ATT000525,SHP002778,EMP03418,2025-08-10,1,Successful,25.577788,82.31056
ATT000526,SHP004824,EMP00378,2025-03-22,3,Customer Unavailable,11.787463,80.542743
ATT000527,SHP003196,EMP03870,2025-09-21,1,Customer Unavailable,24.183764,85.933907
ATT000528,SHP000740,EMP04089,2025-07-13,3,Customer Unavailable,25.311312,86.898096
ATT000529,SHP004796,EMP03375,2025-11-18,3,Customer Unavailable,15.291956,76.686391
ATT000530,SHP003287,EMP04853,2025-09-07,3,Successful,14.911914,87.564178
ATT000531,SHP001164,EMP01908,2025-09-27,2,Successful,10.905811,86.714416
ATT000532,SHP004815,EMP00578,2025-03-10,2,Rescheduled,20.443331,86.706489
ATT000533,SHP003690,EMP00912,2025-07-01,3,Customer Unavailable,14.468284,86.541844
ATT000534,SHP000171,EMP00238,2025-06-20,1,Customer Unavailable,20.967719,86.864554
ATT000535,SHP001209,EMP00340,2025-02-01,3,Successful,15.281714,79.315078
ATT000536,SHP000581,EMP04292,2025-08-14,2,Successful,9.25811,77.818925
ATT000537,SHP001485,EMP01576,2025-11-07,3,Address Issue,17.947652,79.383221
ATT000538,SHP003477,EMP01360,2025-11-01,2,Successful,14.344536,76.208482
ATT000539,SHP002325,EMP00615,2025-08-21,1,Rescheduled,25.764712,82.721226
ATT000540,SHP004228,EMP02221,2025-10-24,3,Successful,13.411949,85.930676
ATT000541,SHP001056,EMP01225,2025-06-02,3,Successful,28.397753,82.871148
ATT000542,SHP004227,EMP01955,2025-06-01,3,Successful,28.276341,77.896741
ATT000543,SHP003296,EMP03073,2025-01-14,3,Successful,9.134045,84.175556
ATT000544,SHP003765,EMP04351,2025-05-17,2,Address Issue,18.707661,82.044784
ATT000545,SHP004240,EMP02333,2025-01-22,3,Successful,19.697962,84.998117
ATT000546,SHP000231,EMP04934,2025-01-20,1,Successful,20.04744,80.413662
ATT000547,SHP003529,EMP03214,2025-04-20,2,Successful,22.164304,78.847733
ATT000548,SHP002155,EMP01517,2025-06-15,3,Customer Unavailable,12.980602,77.01186
ATT000549,SHP000635,EMP04752,2025-05-18,3,Address Issue,19.49015,86.371123
ATT000550,SHP000232,EMP00025,2025-01-20,1,Successful,9.091788,80.959363
ATT000551,SHP003252,EMP03203,2025-05-14,3,Successful,27.125677,77.805794
ATT000552,SHP002151,EMP00977,2025-07-30,3,Successful,24.51996,85.666475
ATT000553,SHP000334,EMP04761,2025-02-17,1,Successful,17.529845,78.033086
ATT000554,SHP000246,EMP00537,2025-01-29,3,Rescheduled,18.144628,76.988278
ATT000555,SHP002450,EMP01466,2025-11-01,3,Rescheduled,20.191475,76.969992
ATT000556,SHP000740,EMP02728,2025-08-31,3,Successful,11.494203,83.630513
ATT000557,SHP004691,EMP00233,2025-12-06,3,Successful,19.831572,80.484367
ATT000558,SHP003733,EMP00224,2025-11-27,2,Successful,11.616577,86.772564
ATT000559,SHP003195,EMP01193,2025-01-17,3,Successful,11.442812,76.186502
ATT000560,SHP000362,EMP02445,2025-04-02,3,Successful,20.074059,81.389153
ATT000561,SHP001185,EMP01937,2025-12-11,3,Rescheduled,14.902612,78.850342
ATT000562,SHP002045,EMP01698,2025-12-27,3,Rescheduled,20.568503,80.79671
ATT000563,SHP001300,EMP01230,2025-10-24,1,Successful,26.472873,84.361614
ATT000564,SHP003780,EMP04380,2025-09-21,3,Successful,8.710431,84.152825
ATT000565,SHP004690,EMP00480,2025-05-04,3,Customer Unavailable,23.158222,86.145335
ATT000566,SHP003141,EMP04266,2025-09-16,2,Rescheduled,19.270014,83.664696
ATT000567,SHP003762,EMP00111,2025-11-08,1,Customer Unavailable,27.18719,81.230729
ATT000568,SHP003858,EMP03075,2025-12-14,2,Successful,15.587436,79.81798
ATT000569,SHP002486,EMP03900,2025-06-05,3,Successful,22.400089,82.527254
ATT000570,SHP004884,EMP03741,2025-12-06,1,Successful,22.509309,82.514424
ATT000571,SHP001456,EMP00991,2025-06-09,1,Successful,10.744107,76.973275
ATT000572,SHP003822,EMP02305,2025-01-19,2,Customer Unavailable,22.334757,85.592237
ATT000573,SHP004325,EMP04002,2025-07-01,3,Successful,15.377492,84.667403
ATT000574,SHP004931,EMP01195,2025-11-02,2,Successful,26.333446,80.892134
ATT000575,SHP000057,EMP04896,2025-12-23,1,Successful,27.995307,82.179591
ATT000576,SHP001614,EMP01624,2025-09-28,2,Refused,22.656317,88.088649
ATT000577,SHP000427,EMP02941,2025-06-08,3,Rescheduled,26.427769,80.266401
ATT000578,SHP000436,EMP01688,2025-03-24,2,Successful,11.060047,86.009474
ATT000579,SHP002858,EMP03611,2025-06-15,2,Successful,24.852914,78.618881
ATT000580,SHP004814,EMP01869,2025-11-10,1,Customer Unavailable,13.950487,87.768702
ATT000581,SHP001457,EMP00329,2025-09-15,3,Successful,11.597751,80.462854
ATT000582,SHP002998,EMP04262,2025-10-13,1,Successful,24.576138,82.665522
ATT000583,SHP002406,EMP02500,2025-02-14,1,Successful,9.651696,86.709527
ATT000584,SHP000941,EMP04548,2025-06-27,2,Rescheduled,19.20404,80.488895
ATT000585,SHP001335,EMP02587,2025-03-18,1,Successful,24.146646,80.432278
ATT000586,SHP003990,EMP01507,2025-05-18,1,Address Issue,19.366845,88.448714
ATT000587,SHP002784,EMP01834,2025-09-13,1,Successful,9.036184,83.617726
ATT000588,SHP000169,EMP02226,2025-01-14,2,Successful,13.844462,83.751094
ATT000589,SHP004536,EMP04972,2025-02-05,1,Successful,24.378797,77.909909
ATT000590,SHP003406,EMP03199,2025-09-01,1,Customer Unavailable,10.471637,83.365187
ATT000591,SHP004225,EMP01297,2025-10-11,3,Successful,14.126832,86.48931
ATT000592,SHP004379,EMP02019,2025-09-04,1,Refused,22.361201,76.389581
ATT000593,SHP001576,EMP04573,2025-07-16,1,Customer Unavailable,25.939636,79.163386
ATT000594,SHP000655,EMP01254,2025-05-22,1,Customer Unavailable,15.86263,88.40925
ATT000595,SHP001320,EMP00991,2025-11-25,3,Successful,12.284585,79.734021
ATT000596,SHP002896,EMP03946,2025-03-06,2,Customer Unavailable,27.537698,82.636025
ATT000597,SHP000464,EMP01335,2025-12-26,1,Successful,16.125808,77.078378
ATT000598,SHP004370,EMP04914,2025-02-17,3,Successful,25.45646,76.461533
ATT000599,SHP000094,EMP04598,2025-08-20,2,Successful,8.107064,81.922922
ATT000600,SHP002934,EMP00364,2025-12-07,1,Successful,15.529575,78.434537
ATT000601,SHP001118,EMP03665,2025-11-18,2,Successful,14.845946,80.95103
ATT000602,SHP000476,EMP02783,2025-06-18,2,Customer Unavailable,26.585215,83.366147
ATT000603,SHP001315,EMP00685,2025-05-31,1,Rescheduled,23.255442,80.997385
ATT000604,SHP002900,EMP03855,2025-04-13,3,Customer Unavailable,12.980883,82.409068
ATT000605,SHP000338,EMP00768,2025-04-07,1,Successful,25.149377,78.411269
ATT000606,SHP002778,EMP02654,2025-06-08,2,Customer Unavailable,13.407475,76.626349
ATT000607,SHP004042,EMP04641,2025-07-08,2,Successful,12.511321,80.621141
ATT000608,SHP001925,EMP00588,2025-02-21,1,Rescheduled,12.548831,79.069947
ATT000609,SHP000445,EMP00677,2025-09-01,2,Successful,28.034036,81.44276
ATT000610,SHP001981,EMP00140,2025-10-20,2,Successful,16.30494,86.425647
ATT000611,SHP003874,EMP01559,2025-08-14,1,Rescheduled,9.817543,86.831723
ATT000612,SHP000576,EMP02671,2025-06-19,2,Address Issue,18.206192,85.446915
ATT000613,SHP000075,EMP04710,2025-07-19,1,Successful,15.52743,85.420481
ATT000614,SHP002942,EMP02113,2025-11-08,1,Successful,23.950585,81.065382
ATT000615,SHP002828,EMP01405,2025-07-20,1,Successful,24.049563,83.522517
ATT000616,SHP001242,EMP03805,2025-02-27,3,Successful,22.132265,78.405018
ATT000617,SHP003499,EMP00316,2025-11-23,1,Successful,8.829593,76.09477
ATT000618,SHP002242,EMP01316,2025-03-23,2,Successful,26.227829,83.307995
ATT000619,SHP004364,EMP04363,2025-06-24,1,Customer Unavailable,25.379815,87.756247
ATT000620,SHP003758,EMP01400,2025-10-31,3,Successful,21.703665,88.109024
ATT000621,SHP001939,EMP04246,2025-03-26,1,Customer Unavailable,12.826269,84.873269
ATT000622,SHP001249,EMP04960,2025-08-12,3,Customer Unavailable,23.958066,78.391296
ATT000623,SHP001350,EMP03541,2025-11-04,3,Successful,17.244472,83.254069
ATT000624,SHP002539,EMP04082,2025-02-12,1,Successful,26.185417,87.968717
ATT000625,SHP000041,EMP02289,2025-02-26,1,Successful,11.926042,78.740301
ATT000626,SHP001056,EMP00244,2025-01-24,3,Customer Unavailable,17.706435,81.758941
ATT000627,SHP001158,EMP00622,2025-12-22,2,Customer Unavailable,11.630109,81.790927
ATT000628,SHP001847,EMP03693,2025-12-10,1,Successful,22.46602,85.114212
ATT000629,SHP000422,EMP02208,2025-08-18,1,Customer Unavailable,26.440247,87.004613
ATT000630,SHP001363,EMP03984,2025-03-20,1,Successful,20.196914,83.326237
ATT000631,SHP004556,EMP03640,2025-06-08,2,Successful,27.570797,80.438752
ATT000632,SHP004079,EMP04228,2025-05-01,1,Successful,24.75194,85.694889
ATT000633,SHP000827,EMP00609,2025-10-10,1,Successful,16.971044,79.759295
ATT000634,SHP003091,EMP02247,2025-01-22,3,Address Issue,28.489154,84.379589
ATT000635,SHP000541,EMP03111,2025-03-24,1,Successful,22.691478,85.525845
ATT000636,SHP000900,EMP01970,2025-12-04,3,Successful,12.161327,81.864436
ATT000637,SHP003323,EMP02144,2025-02-19,1,Successful,28.438479,80.915981
ATT000638,SHP002876,EMP02620,2025-05-28,3,Successful,16.744238,80.427026
ATT000639,SHP003955,EMP00151,2025-01-20,2,Successful,18.874603,76.792753
ATT000640,SHP003639,EMP00749,2025-01-02,2,Customer Unavailable,20.968107,86.96667
ATT000641,SHP001307,EMP00869,2025-11-18,2,Successful,14.292457,87.034633
ATT000642,SHP004191,EMP04466,2025-10-19,3,Successful,12.972951,79.368648
ATT000643,SHP003747,EMP02126,2025-11-10,3,Successful,14.068951,82.806988
ATT000644,SHP004315,EMP02591,2025-01-25,1,Successful,10.359091,82.603095
ATT000645,SHP000952,EMP02686,2025-12-20,1,Successful,25.069635,82.414704
ATT000646,SHP004561,EMP00954,2025-10-15,1,Successful,9.756015,77.929737
ATT000647,SHP002482,EMP02789,2025-11-15,3,Rescheduled,22.497431,82.632252
ATT000648,SHP003496,EMP00472,2025-04-08,2,Rescheduled,17.820034,77.715339
ATT000649,SHP000159,EMP04046,2025-10-29,3,Successful,12.190247,79.242684
ATT000650,SHP004338,EMP04599,2025-01-25,3,Successful,15.23307,77.32748
ATT000651,SHP001144,EMP00376,2025-01-19,1,Refused,15.991388,88.475968
ATT000652,SHP002630,EMP00742,2025-06-27,3,Successful,23.247098,78.40143
ATT000653,SHP001116,EMP03254,2025-09-19,2,Successful,14.844747,80.139504
ATT000654,SHP000378,EMP00822,2025-03-11,2,Address Issue,9.722585,86.573193
ATT000655,SHP004337,EMP04878,2025-06-05,2,Customer Unavailable,14.20646,80.948053
ATT000656,SHP002710,EMP03519,2025-12-22,2,Rescheduled,11.466989,76.427762
ATT000657,SHP004266,EMP03363,2025-02-12,1,Address Issue,22.843868,83.616742
ATT000658,SHP001446,EMP00511,2025-08-25,2,Successful,16.689584,76.022847
ATT000659,SHP002596,EMP01478,2025-10-19,3,Successful,12.441455,84.956526
ATT000660,SHP000003,EMP04042,2025-04-17,1,Customer Unavailable,24.231201,80.200136
ATT000661,SHP003161,EMP00537,2025-07-27,2,Rescheduled,23.102756,79.677228
ATT000662,SHP003546,EMP02990,2025-09-12,3,Successful,25.544022,80.057496
ATT000663,SHP004117,EMP03502,2025-03-17,2,Successful,12.170654,87.343314
ATT000664,SHP000550,EMP01361,2025-05-19,2,Successful,17.693491,78.733852
ATT000665,SHP000950,EMP00765,2025-08-07,2,Customer Unavailable,11.407968,88.497928
ATT000666,SHP002654,EMP03718,2025-01-20,3,Successful,11.884277,85.488909
ATT000667,SHP002492,EMP01479,2025-09-10,2,Address Issue,23.351918,77.934118
ATT000668,SHP000391,EMP01447,2025-01-17,2,Customer Unavailable,17.995345,84.423933
ATT000669,SHP002507,EMP03188,2025-11-04,2,Successful,16.333025,84.210161
ATT000670,SHP000374,EMP01110,2025-11-21,1,Address Issue,23.895436,80.454242
ATT000671,SHP002941,EMP00725,2025-04-06,1,Successful,10.822667,80.199889
ATT000672,SHP000536,EMP00029,2025-02-18,2,Successful,26.239643,79.061406
ATT000673,SHP004379,EMP03281,2025-05-17,3,Successful,18.852669,86.645115
ATT000674,SHP000941,EMP02289,2025-04-03,3,Successful,10.668213,80.039691
ATT000675,SHP003317,EMP04371,2025-11-23,3,Successful,13.83607,85.993684
ATT000676,SHP000849,EMP00455,2025-06-27,2,Successful,27.416132,81.370187
ATT000677,SHP000428,EMP03162,2025-12-14,1,Successful,26.563092,81.931489
ATT000678,SHP002090,EMP02371,2025-02-07,3,Successful,15.845891,86.728102
ATT000679,SHP004672,EMP04256,2025-08-14,3,Customer Unavailable,13.23566,87.757912
ATT000680,SHP001992,EMP00472,2025-10-11,2,Successful,21.935713,81.191717
ATT000681,SHP002083,EMP04810,2025-04-15,2,Successful,11.579594,85.458331
ATT000682,SHP001966,EMP04166,2025-08-11,3,Successful,15.930779,76.80949
ATT000683,SHP003970,EMP03752,2025-03-23,3,Customer Unavailable,24.438857,79.719978
ATT000684,SHP004272,EMP01723,2025-01-17,2,Successful,10.693706,85.303623
ATT000685,SHP003010,EMP01033,2025-01-22,2,Rescheduled,10.193012,77.208716
ATT000686,SHP002650,EMP02592,2025-01-19,2,Successful,17.580184,80.068421
ATT000687,SHP003707,EMP03132,2025-03-28,1,Successful,25.4236,80.042315
ATT000688,SHP001667,EMP01160,2025-02-25,2,Successful,20.306982,79.075922
ATT000689,SHP003995,EMP03879,2025-11-05,1,Address Issue,17.127382,86.342534
ATT000690,SHP004822,EMP01509,2025-07-02,2,Successful,22.289352,84.663563
ATT000691,SHP002283,EMP04486,2025-07-30,1,Successful,20.678609,87.584162
ATT000692,SHP003278,EMP00702,2025-02-28,2,Address Issue,18.958608,83.798473
ATT000693,SHP001722,EMP00503,2025-09-21,3,Successful,11.079038,78.841514
ATT000694,SHP000086,EMP02619,2025-03-11,2,Rescheduled,9.893608,85.901682
ATT000695,SHP004537,EMP00896,2025-12-26,3,Rescheduled,11.714594,78.477347
ATT000696,SHP001168,EMP04940,2025-08-03,1,Successful,23.301823,81.809985
ATT000697,SHP001561,EMP04706,2025-04-24,2,Successful,26.932912,85.239043
ATT000698,SHP001415,EMP00518,2025-08-09,2,Successful,27.172618,78.400004
ATT000699,SHP003356,EMP00145,2025-10-27,3,Refused,24.808042,81.144254
ATT000700,SHP001877,EMP00046,2025-09-18,3,Successful,15.21802,83.186641
ATT000701,SHP003995,EMP01797,2025-05-08,1,Successful,25.262859,80.572902
ATT000702,SHP000564,EMP02320,2025-04-09,3,Successful,9.123998,82.717586
ATT000703,SHP003396,EMP04177,2025-06-03,3,Successful,21.251027,81.60747
ATT000704,SHP002895,EMP01023,2025-12-30,1,Successful,20.685109,82.702635
ATT000705,SHP002037,EMP04066,2025-12-28,2,Rescheduled,27.486529,76.500278
ATT000706,SHP004309,EMP02361,2025-01-14,3,Rescheduled,23.828752,83.200037
ATT000707,SHP001486,EMP03721,2025-11-22,3,Successful,26.572072,86.187675
ATT000708,SHP001625,EMP02696,2025-05-21,1,Rescheduled,26.330968,82.051927
ATT000709,SHP004107,EMP04302,2025-09-22,2,Customer Unavailable,25.867519,76.595244
ATT000710,SHP000886,EMP02915,2025-08-06,1,Successful,19.012161,82.688566
ATT000711,SHP002055,EMP00388,2025-02-28,1,Successful,18.49085,80.205041
ATT000712,SHP000112,EMP00779,2025-10-22,3,Customer Unavailable,23.096102,78.76331
ATT000713,SHP000728,EMP01281,2025-05-16,1,Customer Unavailable,18.630235,79.132785
ATT000714,SHP000770,EMP02424,2025-03-08,1,Successful,25.032444,85.72335
ATT000715,SHP003984,EMP02261,2025-05-16,2,Successful,12.467639,80.845291
ATT000716,SHP003385,EMP04799,2025-07-26,3,Rescheduled,23.40799,77.717116
ATT000717,SHP002077,EMP03968,2025-01-21,1,Successful,17.74491,81.320433
ATT000718,SHP004280,EMP02731,2025-08-16,2,Successful,18.377842,82.531318
ATT000719,SHP002049,EMP03668,2025-01-28,2,Successful,24.358358,85.574085
ATT000720,SHP000624,EMP04254,2025-01-18,2,Address Issue,8.21674,87.807589
ATT000721,SHP002777,EMP02649,2025-09-23,1,Customer Unavailable,24.783308,86.39719
ATT000722,SHP003550,EMP02645,2025-03-17,1,Successful,10.629068,82.567299
ATT000723,SHP001606,EMP03530,2025-09-19,1,Successful,13.07618,87.001069
ATT000724,SHP003533,EMP03174,2025-04-25,2,Successful,15.449596,83.052518
ATT000725,SHP004691,EMP04985,2025-03-16,3,Customer Unavailable,17.104617,82.745668
ATT000726,SHP001617,EMP03015,2025-01-19,2,Address Issue,18.816604,86.990175
ATT000727,SHP004803,EMP02166,2025-08-24,2,Refused,14.603801,79.085639
ATT000728,SHP004366,EMP03631,2025-02-17,2,Successful,22.369889,79.868754
ATT000729,SHP002191,EMP04597,2025-07-13,1,Successful,14.445053,86.686814
ATT000730,SHP001560,EMP00196,2025-11-24,3,Successful,17.3204,87.047454
ATT000731,SHP003364,EMP01471,2025-09-14,1,Successful,22.05108,82.953665
ATT000732,SHP001039,EMP02593,2025-02-04,3,Address Issue,21.256266,78.898914
ATT000733,SHP004571,EMP04769,2025-08-02,2,Successful,16.774942,86.104851
ATT000734,SHP003443,EMP02647,2025-05-31,3,Successful,23.209381,76.213537
ATT000735,SHP000896,EMP03512,2025-11-04,1,Successful,26.912969,76.513291
ATT000736,SHP002789,EMP00375,2025-12-01,1,Address Issue,27.465991,80.479459
ATT000737,SHP000797,EMP00009,2025-06-05,1,Successful,28.290042,77.546664
ATT000738,SHP001452,EMP00781,2025-02-03,3,Refused,23.481363,86.298389
ATT000739,SHP004098,EMP03595,2025-12-27,2,Address Issue,14.845566,83.631823
ATT000740,SHP001988,EMP03555,2025-01-14,2,Successful,16.538763,83.972653
ATT000741,SHP004045,EMP02259,2025-08-23,3,Refused,21.235697,82.907564
ATT000742,SHP001925,EMP01926,2025-02-26,1,Customer Unavailable,25.626023,83.771861
ATT000743,SHP000251,EMP00727,2025-06-11,1,Successful,11.721775,85.133336
ATT000744,SHP003929,EMP01418,2025-08-29,2,Successful,9.100866,77.116355
ATT000745,SHP003459,EMP02569,2025-10-29,3,Rescheduled,11.211208,85.626496
ATT000746,SHP001888,EMP01226,2025-11-17,2,Successful,13.677039,86.030341
ATT000747,SHP004621,EMP02448,2025-02-25,1,Customer Unavailable,22.76993,78.159376
ATT000748,SHP001010,EMP02226,2025-05-03,3,Successful,23.328793,80.521003
ATT000749,SHP001301,EMP01395,2025-11-10,3,Successful,8.499464,80.336237
ATT000750,SHP004536,EMP02912,2025-04-30,1,Successful,27.010318,81.785421
ATT000751,SHP001718,EMP03371,2025-09-13,1,Successful,16.006715,86.733342
ATT000752,SHP001534,EMP01634,2025-03-16,3,Rescheduled,23.360812,82.99234
ATT000753,SHP001864,EMP03108,2025-07-24,3,Successful,24.685099,83.136443
ATT000754,SHP003693,EMP03295,2025-09-05,1,Successful,24.445046,86.722234
ATT000755,SHP002663,EMP04112,2025-09-01,3,Successful,16.438318,86.651084
ATT000756,SHP002514,EMP02060,2025-11-08,2,Rescheduled,16.78662,77.573702
ATT000757,SHP003377,EMP01934,2025-01-16,1,Refused,11.270392,84.434665
ATT000758,SHP001668,EMP01600,2025-05-07,2,Successful,21.816897,77.642327
ATT000759,SHP001338,EMP00729,2025-05-01,3,Successful,18.826006,84.031367
ATT000760,SHP002147,EMP03649,2025-10-12,3,Successful,25.223969,82.057648
ATT000761,SHP000307,EMP00240,2025-09-19,3,Customer Unavailable,26.903015,77.031411
ATT000762,SHP003268,EMP02638,2025-11-06,1,Successful,22.936817,83.140462
ATT000763,SHP001279,EMP04100,2025-07-10,1,Address Issue,25.057475,87.024406
ATT000764,SHP003877,EMP01119,2025-04-28,2,Successful,22.715175,77.91792
ATT000765,SHP001556,EMP00876,2025-03-05,3,Successful,9.613358,86.408651
ATT000766,SHP004664,EMP03994,2025-11-15,2,Customer Unavailable,25.651079,77.514726
ATT000767,SHP002545,EMP00785,2025-11-19,2,Successful,12.525387,80.089762
ATT000768,SHP003995,EMP02818,2025-10-18,2,Address Issue,11.737471,76.705132
ATT000769,SHP002899,EMP00373,2025-09-05,3,Successful,18.862141,87.47364
ATT000770,SHP000276,EMP03456,2025-09-23,3,Customer Unavailable,17.591228,83.720473
ATT000771,SHP004951,EMP00074,2025-11-28,1,Address Issue,18.72417,88.480601
ATT000772,SHP001680,EMP00323,2025-12-18,2,Successful,25.509541,76.722161
ATT000773,SHP004831,EMP00475,2025-12-20,2,Successful,14.729402,87.176982
ATT000774,SHP002984,EMP02622,2025-09-01,1,Address Issue,14.20365,81.412085
ATT000775,SHP000361,EMP02425,2025-02-18,2,Successful,23.759788,80.358393
ATT000776,SHP001840,EMP02265,2025-10-31,2,Customer Unavailable,13.491091,84.086323
ATT000777,SHP002581,EMP04429,2025-10-09,1,Successful,10.93043,76.323601
ATT000778,SHP003866,EMP04547,2025-07-26,2,Successful,23.812136,86.460457
ATT000779,SHP002941,EMP01742,2025-12-08,1,Address Issue,20.668177,80.471789
ATT000780,SHP002847,EMP00655,2025-02-18,2,Successful,27.857264,88.024439
ATT000781,SHP002368,EMP02336,2025-09-17,3,Successful,27.87921,81.217607
ATT000782,SHP003654,EMP00959,2025-06-06,1,Successful,11.411001,81.023472
ATT000783,SHP004768,EMP03254,2025-11-27,3,Successful,9.838949,85.265716
ATT000784,SHP003832,EMP03683,2025-07-30,1,Customer Unavailable,15.217585,78.416498
ATT000785,SHP000602,EMP00598,2025-02-16,2,Successful,20.092011,86.079902
ATT000786,SHP001432,EMP01995,2025-07-13,2,Successful,24.058619,81.205602
ATT000787,SHP000685,EMP00065,2025-07-24,2,Successful,21.298769,83.613626
ATT000788,SHP003295,EMP01133,2025-07-19,2,Successful,10.690739,85.434527
ATT000789,SHP004433,EMP00162,2025-04-14,2,Successful,23.422227,79.10747
ATT000790,SHP003118,EMP04267,2025-06-11,2,Successful,15.934543,80.820078
ATT000791,SHP003704,EMP01668,2025-04-27,2,Rescheduled,9.518852,78.514005
ATT000792,SHP001466,EMP02413,2025-11-23,1,Customer Unavailable,21.908084,88.445448
ATT000793,SHP000801,EMP03866,2025-11-17,1,Successful,12.146886,86.603638
ATT000794,SHP003641,EMP04466,2025-10-17,2,Successful,14.8332,78.25798
ATT000795,SHP004384,EMP03436,2025-03-19,3,Successful,27.223246,77.469933
ATT000796,SHP001440,EMP04809,2025-05-14,3,Successful,10.974439,84.079038
ATT000797,SHP000978,EMP00619,2025-02-21,2,Successful,10.887861,79.134262
ATT000798,SHP003484,EMP04855,2025-03-21,2,Successful,17.124482,78.279871
ATT000799,SHP000296,EMP00644,2025-12-12,3,Address Issue,13.548902,82.875842
ATT000800,SHP003704,EMP00768,2025-06-16,3,Successful,21.842025,84.786906
ATT000801,SHP004441,EMP00648,2025-02-25,2,Successful,18.838596,87.615937
ATT000802,SHP003108,EMP03417,2025-07-06,3,Successful,27.693603,80.666735
ATT000803,SHP000449,EMP02243,2025-10-07,2,Successful,21.216723,82.349331
ATT000804,SHP001981,EMP04230,2025-10-21,3,Successful,23.156477,77.416726
ATT000805,SHP004252,EMP01750,2025-12-04,2,Successful,11.752405,86.401068
ATT000806,SHP003845,EMP02980,2025-03-12,3,Rescheduled,14.848053,78.280118
ATT000807,SHP000878,EMP01761,2025-01-14,1,Rescheduled,9.970522,78.656534
ATT000808,SHP000192,EMP00671,2025-04-10,1,Successful,10.789654,77.504656
ATT000809,SHP000805,EMP00026,2025-07-02,1,Successful,8.15223,79.751905
ATT000810,SHP003314,EMP03794,2025-08-11,1,Successful,8.831289,84.12832
ATT000811,SHP003085,EMP04512,2025-07-01,2,Customer Unavailable,16.518799,83.20666
ATT000812,SHP003575,EMP04171,2025-07-13,2,Refused,14.408491,88.312865
ATT000813,SHP000832,EMP04571,2025-03-18,2,Customer Unavailable,10.943771,76.954304
ATT000814,SHP000771,EMP03535,2025-03-09,1,Successful,18.822035,80.401015
ATT000815,SHP001667,EMP00610,2025-12-13,2,Successful,20.747365,81.678635
ATT000816,SHP000172,EMP03200,2025-05-21,3,Successful,23.072817,81.276013
ATT000817,SHP003148,EMP04455,2025-01-06,1,Successful,23.312043,87.482107
ATT000818,SHP004352,EMP01069,2025-03-09,1,Successful,16.962683,82.050746
ATT000819,SHP003828,EMP02845,2025-01-09,3,Rescheduled,14.95763,81.413268
ATT000820,SHP003208,EMP04740,2025-02-05,2,Successful,22.315121,77.048798
ATT000821,SHP004461,EMP04051,2025-01-08,3,Successful,26.311157,81.324795
ATT000822,SHP003565,EMP00154,2025-11-08,3,Successful,22.660213,83.547079
ATT000823,SHP002911,EMP00774,2025-06-07,3,Successful,27.89004,84.038291
ATT000824,SHP002912,EMP03689,2025-12-12,1,Successful,14.136293,76.455115
ATT000825,SHP000335,EMP02339,2025-05-26,3,Successful,21.731291,84.378245
ATT000826,SHP001629,EMP01388,2025-10-21,2,Customer Unavailable,23.761919,79.502646
ATT000827,SHP000498,EMP03602,2025-08-04,1,Customer Unavailable,13.865689,85.927302
ATT000828,SHP002846,EMP03768,2025-01-19,1,Customer Unavailable,9.516647,79.550293
ATT000829,SHP004722,EMP03985,2025-01-17,2,Successful,24.651609,79.295341
ATT000830,SHP003799,EMP02044,2025-09-12,1,Refused,20.61109,76.217134
ATT000831,SHP003394,EMP04026,2025-07-15,2,Refused,21.07173,88.041094
ATT000832,SHP004004,EMP01516,2025-07-26,1,Successful,16.931352,84.532295
ATT000833,SHP002625,EMP00799,2025-04-01,1,Refused,19.659368,76.824546
ATT000834,SHP000083,EMP02616,2025-01-11,1,Successful,16.367706,86.833895
ATT000835,SHP002119,EMP02054,2025-09-09,1,Successful,8.777108,85.728675
ATT000836,SHP001161,EMP04032,2025-11-22,2,Successful,27.637877,84.08573
ATT000837,SHP004110,EMP03591,2025-11-22,3,Address Issue,15.911287,82.638397
ATT000838,SHP003475,EMP04341,2025-09-04,3,Successful,16.270107,87.645651
ATT000839,SHP000169,EMP00629,2025-07-14,3,Successful,9.136753,82.526519
ATT000840,SHP003265,EMP04466,2025-09-21,3,Successful,19.491286,76.437837
ATT000841,SHP003441,EMP04684,2025-07-12,3,Refused,18.342145,85.896929
ATT000842,SHP005000,EMP04080,2025-08-30,1,Successful,22.546414,79.111962
ATT000843,SHP004784,EMP01597,2025-11-30,3,Customer Unavailable,12.447397,78.405955
ATT000844,SHP003793,EMP04488,2025-10-07,3,Successful,13.676287,84.453293
ATT000845,SHP001388,EMP01660,2025-03-04,2,Successful,11.44279,87.27603
ATT000846,SHP003956,EMP03119,2025-09-16,1,Successful,18.424954,87.008723
ATT000847,SHP000336,EMP04000,2025-05-18,3,Successful,12.612384,76.782236
ATT000848,SHP002442,EMP04028,2025-04-01,3,Rescheduled,20.89749,76.361455
ATT000849,SHP003529,EMP03410,2025-03-11,3,Successful,15.238892,79.831655
ATT000850,SHP003847,EMP02086,2025-01-24,1,Successful,12.087896,79.389564
ATT000851,SHP000474,EMP03388,2025-10-23,1,Successful,14.649482,86.107113
ATT000852,SHP003618,EMP02832,2025-09-28,3,Successful,16.432985,82.49734
ATT000853,SHP004984,EMP03694,2025-01-09,1,Customer Unavailable,24.623121,76.474533
ATT000854,SHP000031,EMP03648,2025-03-06,1,Rescheduled,18.161988,87.325284
ATT000855,SHP004561,EMP01060,2025-06-06,1,Successful,15.880077,79.372303
ATT000856,SHP002659,EMP04579,2025-07-07,1,Successful,22.537061,79.178611
ATT000857,SHP001684,EMP02622,2025-04-22,2,Customer Unavailable,21.88565,84.424291
ATT000858,SHP004085,EMP04128,2025-10-25,1,Successful,20.338247,85.413182
ATT000859,SHP002323,EMP03862,2025-05-08,3,Rescheduled,20.25225,83.001645
ATT000860,SHP004748,EMP02104,2025-01-19,3,Successful,20.537959,86.793183
ATT000861,SHP004521,EMP01882,2025-10-10,1,Successful,19.873812,86.030478
ATT000862,SHP004765,EMP00245,2025-08-06,2,Successful,8.730276,82.565179
ATT000863,SHP000457,EMP02227,2025-11-19,3,Successful,13.827459,81.790951
ATT000864,SHP003855,EMP01705,2025-11-02,3,Customer Unavailable,18.926086,86.943423
ATT000865,SHP003332,EMP01330,2025-07-23,3,Successful,26.075554,88.258709
ATT000866,SHP003121,EMP04991,2025-12-09,2,Successful,8.488593,88.137955
ATT000867,SHP000766,EMP00202,2025-11-17,2,Customer Unavailable,25.827456,82.019498
ATT000868,SHP002169,EMP04485,2025-03-21,2,Address Issue,18.840879,82.475617
ATT000869,SHP000872,EMP04778,2025-04-01,3,Rescheduled,22.285879,85.650374
ATT000870,SHP002522,EMP01340,2025-12-19,1,Rescheduled,20.475825,82.29286
ATT000871,SHP003616,EMP00295,2025-08-10,2,Successful,18.416527,86.332736
ATT000872,SHP003100,EMP04828,2025-05-29,3,Address Issue,9.302066,83.311502
ATT000873,SHP002249,EMP03224,2025-07-19,1,Customer Unavailable,14.051112,86.588749
ATT000874,SHP001881,EMP02198,2025-08-14,1,Successful,21.673361,82.476611
ATT000875,SHP002992,EMP02944,2025-09-18,1,Successful,19.588598,82.08474
ATT000876,SHP000749,EMP00993,2025-01-23,2,Successful,18.652037,88.181918
ATT000877,SHP003419,EMP02333,2025-03-20,2,Rescheduled,12.001023,76.36134
ATT000878,SHP004365,EMP02331,2025-09-29,1,Rescheduled,18.104116,79.326788
ATT000879,SHP000376,EMP04777,2025-01-18,3,Successful,8.185417,85.530527
ATT000880,SHP002098,EMP01496,2025-11-28,3,Customer Unavailable,8.049407,80.244835
ATT000881,SHP004426,EMP03587,2025-05-30,2,Rescheduled,11.836347,83.388548
ATT000882,SHP003804,EMP00203,2025-11-25,1,Successful,21.937141,86.433841
ATT000883,SHP002073,EMP01800,2025-07-02,2,Customer Unavailable,24.801362,79.76964
ATT000884,SHP000190,EMP00011,2025-12-06,3,Successful,27.078947,81.752426
ATT000885,SHP001721,EMP00459,2025-03-30,3,Successful,10.468666,76.263181
ATT000886,SHP002338,EMP00421,2025-04-03,3,Successful,11.840835,76.898209
ATT000887,SHP002005,EMP00253,2025-06-21,3,Successful,22.082705,82.722716
ATT000888,SHP003193,EMP03813,2025-12-27,1,Customer Unavailable,25.539023,81.890698
ATT000889,SHP000362,EMP00605,2025-10-21,3,Successful,15.982134,80.97551
ATT000890,SHP004275,EMP03233,2025-12-17,1,Successful,16.620679,87.387841
ATT000891,SHP001079,EMP02560,2025-05-09,1,Rescheduled,25.173338,79.142462
ATT000892,SHP003626,EMP00839,2025-07-28,1,Successful,14.354609,77.272025
ATT000893,SHP004252,EMP02857,2025-05-06,3,Customer Unavailable,27.08176,76.288989
ATT000894,SHP000845,EMP00808,2025-04-20,3,Rescheduled,25.164139,83.868499
ATT000895,SHP004433,EMP04386,2025-06-28,2,Successful,21.376696,84.262135
ATT000896,SHP002796,EMP03216,2025-10-09,3,Refused,19.025871,77.404476
ATT000897,SHP001989,EMP01633,2025-06-08,2,Address Issue,16.21541,81.598396
ATT000898,SHP003576,EMP00440,2025-10-06,3,Successful,11.421243,86.536604
ATT000899,SHP004759,EMP00517,2025-04-11,3,Customer Unavailable,21.439318,81.620527
ATT000900,SHP000789,EMP03427,2025-08-12,2,Successful,22.408191,81.809425
ATT000901,SHP003104,EMP00155,2025-11-17,1,Successful,21.720541,80.193109
ATT000902,SHP004384,EMP03692,2025-02-01,1,Successful,16.167422,85.535714
ATT000903,SHP003604,EMP03959,2025-09-02,3,Successful,27.337411,87.296456
ATT000904,SHP003288,EMP02166,2025-07-30,1,Address Issue,9.314944,76.339974
ATT000905,SHP003089,EMP04330,2025-12-05,1,Customer Unavailable,27.409562,83.848181
ATT000906,SHP002825,EMP04573,2025-09-17,1,Successful,17.635912,87.785992
ATT000907,SHP003159,EMP04767,2025-12-03,2,Rescheduled,26.609784,79.596007
ATT000908,SHP000716,EMP00085,2025-01-02,1,Customer Unavailable,27.016756,81.134871
ATT000909,SHP003342,EMP04656,2025-11-05,2,Successful,10.287572,81.345677
ATT000910,SHP001714,EMP01527,2025-01-06,3,Successful,22.271528,83.830234
ATT000911,SHP001988,EMP03105,2025-05-14,2,Successful,13.68732,81.747797
ATT000912,SHP004704,EMP03109,2025-08-23,2,Successful,21.628179,88.16946
ATT000913,SHP001083,EMP03193,2025-05-11,1,Successful,11.679128,76.628914
ATT000914,SHP000456,EMP01675,2025-02-22,3,Successful,16.458785,84.617666
ATT000915,SHP003298,EMP01789,2025-10-11,1,Successful,9.8319,84.834949
ATT000916,SHP000036,EMP00719,2025-01-03,3,Rescheduled,8.593264,80.975468
ATT000917,SHP003827,EMP04061,2025-03-20,2,Successful,19.61694,83.814645
ATT000918,SHP004307,EMP02480,2025-01-28,3,Address Issue,22.373161,87.447938
ATT000919,SHP003549,EMP03511,2025-02-01,3,Customer Unavailable,19.272012,84.472362
ATT000920,SHP001181,EMP00288,2025-07-16,1,Successful,22.239562,82.642893
ATT000921,SHP002798,EMP00470,2025-02-12,1,Successful,13.769899,85.883947
ATT000922,SHP001258,EMP02064,2025-05-24,2,Successful,15.852337,82.86532
ATT000923,SHP000478,EMP04083,2025-09-27,1,Successful,24.02949,78.680029
ATT000924,SHP004350,EMP00439,2025-05-10,1,Successful,24.040346,78.990281
ATT000925,SHP004150,EMP01235,2025-09-24,1,Successful,23.360403,86.069275
ATT000926,SHP002503,EMP00285,2025-03-28,1,Customer Unavailable,19.613634,80.596625
ATT000927,SHP001953,EMP03859,2025-06-30,1,Successful,9.06251,78.265809
ATT000928,SHP000729,EMP02327,2025-07-14,3,Rescheduled,17.191733,83.596335
ATT000929,SHP003439,EMP04073,2025-01-20,3,Customer Unavailable,10.529978,78.480448
ATT000930,SHP002490,EMP02436,2025-02-25,2,Successful,10.068358,85.044752
ATT000931,SHP000569,EMP04103,2025-12-03,3,Successful,11.807439,86.03756
ATT000932,SHP004609,EMP04887,2025-04-20,2,Address Issue,10.370203,79.542298
ATT000933,SHP001487,EMP04096,2025-06-02,3,Successful,11.471179,88.415238
ATT000934,SHP001975,EMP01435,2025-11-04,2,Successful,10.009133,78.250391
ATT000935,SHP003059,EMP03571,2025-10-25,3,Successful,26.670754,79.649116
ATT000936,SHP002204,EMP04675,2025-05-16,2,Rescheduled,16.919661,79.677429
ATT000937,SHP003256,EMP04293,2025-03-21,1,Successful,28.204934,79.153945
ATT000938,SHP003705,EMP02855,2025-02-01,1,Successful,23.123568,81.196959
ATT000939,SHP000802,EMP00432,2025-05-18,2,Successful,21.439002,80.1536
ATT000940,SHP002518,EMP03744,2025-02-25,1,Refused,25.75579,83.684104
ATT000941,SHP001508,EMP03360,2025-01-07,1,Rescheduled,25.780821,87.420266
ATT000942,SHP002222,EMP03018,2025-06-24,3,Address Issue,10.950887,78.791587
ATT000943,SHP004994,EMP04157,2025-10-09,2,Customer Unavailable,16.320385,81.156543
ATT000944,SHP000043,EMP00338,2025-04-26,3,Rescheduled,15.880682,87.14713
ATT000945,SHP003186,EMP03685,2025-10-14,3,Successful,20.822473,80.638316
ATT000946,SHP001666,EMP01014,2025-04-01,2,Successful,27.72795,83.663379
ATT000947,SHP001309,EMP00633,2025-05-12,1,Customer Unavailable,12.684123,82.289642
ATT000948,SHP001146,EMP01837,2025-10-04,3,Successful,17.716636,76.928163
ATT000949,SHP000261,EMP01476,2025-03-15,1,Rescheduled,25.110725,87.101055
ATT000950,SHP001958,EMP01827,2025-07-10,3,Successful,11.384006,87.946407
ATT000951,SHP003017,EMP00043,2025-02-21,1,Successful,12.373712,80.69044
ATT000952,SHP000790,EMP04859,2025-08-12,1,Customer Unavailable,20.909707,81.297826
ATT000953,SHP001491,EMP01131,2025-11-11,3,Customer Unavailable,16.824184,80.608618
ATT000954,SHP003219,EMP02770,2025-11-10,1,Successful,12.622611,87.458094
ATT000955,SHP002188,EMP00729,2025-09-25,1,Customer Unavailable,13.628136,85.008966
ATT000956,SHP004772,EMP04988,2025-10-27,1,Rescheduled,17.698849,86.968974
ATT000957,SHP003577,EMP04716,2025-10-08,3,Successful,15.317988,84.337087
ATT000958,SHP002903,EMP03103,2025-10-11,1,Customer Unavailable,14.876798,81.11259
ATT000959,SHP000225,EMP04584,2025-10-25,3,Customer Unavailable,11.500991,78.947096
ATT000960,SHP002316,EMP02259,2025-09-21,2,Rescheduled,13.903963,80.655425
ATT000961,SHP003336,EMP02197,2025-11-03,1,Successful,21.128372,86.066744
ATT000962,SHP000699,EMP02233,2025-03-30,3,Successful,14.04752,83.805248
ATT000963,SHP001021,EMP04418,2025-03-26,1,Successful,11.725111,79.992979
ATT000964,SHP003910,EMP01557,2025-02-14,3,Successful,12.813218,84.664415
ATT000965,SHP000802,EMP04179,2025-02-12,1,Successful,27.698313,80.803185
ATT000966,SHP003097,EMP01144,2025-11-12,1,Successful,10.867094,82.522358
ATT000967,SHP004559,EMP03197,2025-03-08,3,Successful,19.840016,79.929608
ATT000968,SHP004571,EMP01407,2025-11-12,3,Refused,10.818993,76.173717
ATT000969,SHP003220,EMP03956,2025-02-19,1,Successful,18.802877,79.560434
ATT000970,SHP002276,EMP01880,2025-11-26,3,Successful,9.953064,86.58047
ATT000971,SHP000887,EMP04490,2025-03-25,3,Successful,25.557592,77.339859
ATT000972,SHP000429,EMP00437,2025-10-20,1,Successful,28.423405,80.842774
ATT000973,SHP001214,EMP03423,2025-02-19,1,Successful,23.446369,85.406784
ATT000974,SHP003286,EMP03237,2025-07-02,2,Successful,11.906079,85.650425
ATT000975,SHP001211,EMP00954,2025-02-01,1,Successful,14.013679,82.897523
ATT000976,SHP002022,EMP00701,2025-01-10,3,Successful,28.232671,85.234424
ATT000977,SHP001000,EMP02321,2025-08-02,2,Rescheduled,28.364882,78.049336
ATT000978,SHP002335,EMP03347,2025-09-08,3,Address Issue,10.687052,86.59408
ATT000979,SHP000982,EMP00728,2025-02-03,3,Rescheduled,14.900028,81.475245
ATT000980,SHP000710,EMP00778,2025-10-09,1,Successful,9.113108,79.428034
ATT000981,SHP001393,EMP03191,2025-09-17,1,Customer Unavailable,11.978091,80.045642
ATT000982,SHP002858,EMP01283,2025-12-31,3,Successful,16.483281,80.403099
ATT000983,SHP003008,EMP02708,2025-09-05,2,Rescheduled,17.389271,76.99919
ATT000984,SHP002624,EMP00273,2025-06-27,3,Successful,23.356725,79.755191
ATT000985,SHP004675,EMP00657,2025-08-04,1,Refused,10.19349,76.856546
ATT000986,SHP000943,EMP00172,2025-01-18,3,Successful,12.907133,77.864503
ATT000987,SHP002434,EMP00760,2025-11-23,2,Rescheduled,27.320936,77.351752
ATT000988,SHP000956,EMP01853,2025-05-13,2,Successful,8.28751,84.625411
ATT000989,SHP002167,EMP03856,2025-02-21,2,Successful,18.194724,84.067635
ATT000990,SHP001606,EMP01217,2025-05-29,2,Successful,10.851569,78.07099
ATT000991,SHP003379,EMP03428,2025-01-31,2,Customer Unavailable,11.910153,76.977305
ATT000992,SHP002597,EMP01183,2025-10-19,2,Successful,21.280607,80.680211
ATT000993,SHP001766,EMP01701,2025-12-12,2,Successful,24.950151,78.354725
ATT000994,SHP000593,EMP04157,2025-01-28,1,Customer Unavailable,8.091135,82.263513
ATT000995,SHP003674,EMP01071,2025-09-02,1,Address Issue,27.992297,77.957146
ATT000996,SHP002711,EMP02702,2025-03-21,1,Successful,28.340964,86.379015
ATT000997,SHP003801,EMP01390,2025-02-05,1,Successful,28.329099,79.056108
ATT000998,SHP000838,EMP00986,2025-09-13,2,Customer Unavailable,11.171863,86.447008
ATT000999,SHP004073,EMP01624,2025-01-04,1,Successful,22.366767,85.612702
ATT001000,SHP004834,EMP04361,2025-12-05,3,Successful,27.000736,85.055593
ATT001001,SHP003526,EMP00306,2025-09-02,3,Successful,15.126377,83.166174
ATT001002,SHP004434,EMP02107,2025-12-20,2,Successful,22.692545,86.765061
ATT001003,SHP003920,EMP03247,2025-04-24,3,Successful,26.503002,80.257875
ATT001004,SHP003069,EMP04641,2025-02-26,2,Address Issue,27.604241,86.87211
ATT001005,SHP001359,EMP02607,2025-12-30,3,Successful,12.931546,79.063144
ATT001006,SHP004098,EMP04885,2025-07-14,3,Rescheduled,21.705449,80.730389
ATT001007,SHP000452,EMP00747,2025-12-12,3,Successful,14.896741,76.357075
ATT001008,SHP000395,EMP01718,2025-12-08,3,Successful,22.590615,85.57058
ATT001009,SHP001293,EMP04300,2025-04-29,1,Refused,26.052426,79.022179
ATT001010,SHP001322,EMP02520,2025-07-26,2,Customer Unavailable,14.420573,86.947878
ATT001011,SHP000610,EMP01779,2025-04-17,2,Customer Unavailable,12.164594,83.634154
ATT001012,SHP000965,EMP02686,2025-02-01,1,Customer Unavailable,24.838699,79.338518
ATT001013,SHP001230,EMP00159,2025-05-19,3,Successful,14.337509,88.327868
ATT001014,SHP003395,EMP01800,2025-05-25,3,Address Issue,27.077438,80.751168
ATT001015,SHP004630,EMP02439,2025-01-01,2,Successful,10.447488,87.00595
ATT001016,SHP003103,EMP00424,2025-09-09,1,Address Issue,27.595406,82.271536
ATT001017,SHP004078,EMP04038,2025-11-12,2,Rescheduled,17.975055,84.073926
ATT001018,SHP004242,EMP02425,2025-01-24,3,Successful,11.656223,80.954633
ATT001019,SHP000189,EMP01065,2025-05-29,3,Customer Unavailable,28.336121,84.260262
ATT001020,SHP002312,EMP00714,2025-02-14,1,Successful,14.203119,81.167673
ATT001021,SHP004179,EMP01857,2025-06-08,1,Successful,24.588999,86.882144
ATT001022,SHP003736,EMP02338,2025-03-11,1,Refused,26.935889,81.989859
ATT001023,SHP002889,EMP03355,2025-12-05,3,Successful,8.310602,83.157886
ATT001024,SHP000090,EMP02137,2025-05-28,3,Successful,16.643668,85.773791
ATT001025,SHP004314,EMP04501,2025-03-13,2,Rescheduled,16.843226,81.571426
ATT001026,SHP000584,EMP02755,2025-10-07,1,Successful,22.506224,77.239897
ATT001027,SHP002695,EMP00447,2025-02-12,2,Successful,12.568622,76.220375
ATT001028,SHP004366,EMP01584,2025-10-25,2,Customer Unavailable,10.168738,76.560333
ATT001029,SHP000585,EMP03235,2025-12-01,2,Refused,23.339821,79.811475
ATT001030,SHP000598,EMP00709,2025-03-06,1,Customer Unavailable,14.67257,79.563065
ATT001031,SHP000152,EMP01797,2025-12-21,2,Customer Unavailable,20.848875,87.006062
ATT001032,SHP004339,EMP03605,2025-07-13,3,Customer Unavailable,20.798124,78.261678
ATT001033,SHP004834,EMP00306,2025-09-13,3,Successful,9.281501,85.474718
ATT001034,SHP002146,EMP04463,2025-07-23,2,Successful,17.376556,77.627386
ATT001035,SHP002642,EMP03817,2025-08-31,1,Successful,15.364118,84.775227
ATT001036,SHP002314,EMP04881,2025-12-11,1,Successful,24.493963,76.370299
ATT001037,SHP004703,EMP02928,2025-02-19,2,Rescheduled,18.971793,83.911894
ATT001038,SHP000680,EMP02602,2025-09-25,1,Refused,22.860613,76.156327
ATT001039,SHP001183,EMP01967,2025-06-23,1,Successful,25.104975,82.066817
ATT001040,SHP004548,EMP01856,2025-08-09,3,Refused,18.456376,88.192884
ATT001041,SHP002471,EMP04187,2025-04-01,3,Successful,13.923794,87.714422
ATT001042,SHP000493,EMP01499,2025-05-28,2,Refused,19.556181,77.231564
ATT001043,SHP001250,EMP02682,2025-12-04,1,Refused,24.786083,86.351224
ATT001044,SHP003737,EMP03909,2025-09-16,1,Rescheduled,22.493162,87.042888
ATT001045,SHP002611,EMP03451,2025-07-30,3,Successful,23.950426,87.891088
ATT001046,SHP001056,EMP00386,2025-12-22,3,Successful,15.573232,84.753995
ATT001047,SHP000086,EMP01211,2025-04-01,1,Successful,22.913645,85.839918
ATT001048,SHP000318,EMP03251,2025-06-01,3,Rescheduled,10.538259,83.095129
ATT001049,SHP001658,EMP03670,2025-04-21,3,Successful,17.222001,76.113911
ATT001050,SHP001955,EMP04198,2025-07-21,2,Customer Unavailable,27.980301,77.243176
ATT001051,SHP003835,EMP01712,2025-12-18,2,Successful,24.68731,85.038565
ATT001052,SHP000862,EMP01366,2025-10-23,3,Successful,24.008858,82.131104
ATT001053,SHP003093,EMP00605,2025-04-10,1,Successful,25.893142,86.051296
ATT001054,SHP003326,EMP01994,2025-03-14,1,Successful,18.957521,81.123419
ATT001055,SHP003986,EMP04908,2025-02-10,2,Customer Unavailable,18.165793,82.714725
ATT001056,SHP003662,EMP00436,2025-05-24,2,Rescheduled,27.467567,82.597986
ATT001057,SHP002935,EMP01311,2025-05-18,3,Rescheduled,12.444142,81.79914
ATT001058,SHP000196,EMP02133,2025-02-22,1,Successful,15.87075,87.395863
ATT001059,SHP000330,EMP02555,2025-07-24,1,Successful,22.578826,84.489047
ATT001060,SHP001993,EMP00930,2025-08-17,3,Customer Unavailable,16.990465,88.197239
ATT001061,SHP004780,EMP00417,2025-04-09,1,Successful,12.645483,77.033375
ATT001062,SHP003026,EMP00295,2025-01-14,2,Customer Unavailable,23.583641,83.716499
ATT001063,SHP000001,EMP01589,2025-09-18,2,Customer Unavailable,11.854545,86.327939
ATT001064,SHP004075,EMP02756,2025-11-26,1,Customer Unavailable,25.058682,85.490812
ATT001065,SHP002678,EMP02193,2025-04-07,2,Successful,20.236481,83.125851
ATT001066,SHP004972,EMP01547,2025-03-20,2,Successful,27.621625,81.925331
ATT001067,SHP003393,EMP03275,2025-12-09,3,Successful,22.029736,82.1956
ATT001068,SHP002402,EMP03121,2025-07-14,1,Refused,20.669542,84.498593
ATT001069,SHP004315,EMP04524,2025-05-21,2,Successful,15.542197,81.317903
ATT001070,SHP003341,EMP04465,2025-03-18,1,Address Issue,8.726653,76.359875
ATT001071,SHP002215,EMP04082,2025-01-28,3,Successful,12.543786,85.02672
ATT001072,SHP003830,EMP02651,2025-03-18,2,Customer Unavailable,20.754111,83.914781
ATT001073,SHP003823,EMP03974,2025-10-09,3,Successful,21.910676,82.458791
ATT001074,SHP002087,EMP02496,2025-01-08,1,Successful,23.281757,77.24376
ATT001075,SHP002524,EMP03446,2025-09-16,2,Successful,26.010109,80.890155
ATT001076,SHP003074,EMP04141,2025-07-13,2,Successful,20.274253,82.517715
ATT001077,SHP001983,EMP02762,2025-06-19,3,Successful,17.369983,83.839403
ATT001078,SHP001154,EMP00162,2025-12-01,1,Successful,10.754069,80.764634
ATT001079,SHP003782,EMP03646,2025-03-20,1,Successful,27.879522,76.050293
ATT001080,SHP003712,EMP02811,2025-09-04,1,Successful,13.948756,78.239438
ATT001081,SHP004463,EMP00527,2025-06-30,3,Rescheduled,26.455917,84.683641
ATT001082,SHP001767,EMP04772,2025-10-12,1,Successful,10.707773,87.844353
ATT001083,SHP003649,EMP04095,2025-09-20,2,Customer Unavailable,13.435407,80.958252
ATT001084,SHP003839,EMP02900,2025-06-19,2,Successful,10.900237,77.177457
ATT001085,SHP002504,EMP00692,2025-05-28,1,Successful,18.366294,81.308954
ATT001086,SHP002566,EMP02166,2025-08-26,3,Successful,17.539236,86.467088
ATT001087,SHP004283,EMP00348,2025-04-30,2,Successful,27.153524,85.832889
ATT001088,SHP001742,EMP04049,2025-02-07,1,Customer Unavailable,24.247405,80.645307
ATT001089,SHP003109,EMP04032,2025-03-02,3,Rescheduled,16.637903,76.029111
ATT001090,SHP004499,EMP04564,2025-11-20,3,Customer Unavailable,17.108324,80.163787
ATT001091,SHP004081,EMP04026,2025-07-27,3,Successful,9.954359,85.552145
ATT001092,SHP001496,EMP00510,2025-07-08,3,Refused,14.235736,86.869304
ATT001093,SHP001927,EMP00374,2025-06-14,2,Rescheduled,16.628205,81.510309
ATT001094,SHP001812,EMP00304,2025-03-13,2,Customer Unavailable,18.198495,76.338536
ATT001095,SHP001392,EMP03840,2025-05-20,1,Successful,10.102392,82.91446
ATT001096,SHP002125,EMP04176,2025-10-24,2,Rescheduled,15.055769,77.196829
ATT001097,SHP002559,EMP00928,2025-08-21,3,Customer Unavailable,25.132938,85.050717
ATT001098,SHP004731,EMP04105,2025-08-08,2,Successful,23.768381,83.8166
ATT001099,SHP003480,EMP01398,2025-12-15,2,Address Issue,27.591707,77.885401
ATT001100,SHP004232,EMP00510,2025-09-30,2,Rescheduled,12.888881,86.04831
ATT001101,SHP001430,EMP00702,2025-12-16,1,Successful,10.228905,80.002806
ATT001102,SHP003789,EMP04861,2025-12-01,1,Successful,22.803089,85.97767
ATT001103,SHP003599,EMP04305,2025-09-06,1,Successful,11.651763,87.750338
ATT001104,SHP004918,EMP00815,2025-08-13,1,Successful,19.087437,82.407193
ATT001105,SHP003354,EMP00398,2025-06-11,2,Successful,17.079663,76.373356
ATT001106,SHP004305,EMP00821,2025-07-09,2,Rescheduled,10.783122,81.463452
ATT001107,SHP000307,EMP01361,2025-11-27,3,Successful,11.816445,82.410694
ATT001108,SHP004055,EMP02113,2025-02-20,1,Customer Unavailable,20.317395,79.221768
ATT001109,SHP001470,EMP03219,2025-09-08,3,Successful,26.075481,80.105056
ATT001110,SHP002680,EMP01811,2025-11-19,3,Successful,14.323859,79.349622
ATT001111,SHP004179,EMP03165,2025-09-17,1,Successful,24.231166,82.118877
ATT001112,SHP001989,EMP03356,2025-08-22,3,Refused,9.292101,77.759985
ATT001113,SHP003248,EMP04424,2025-01-14,1,Successful,15.103478,78.778047
ATT001114,SHP001580,EMP02219,2025-03-08,3,Successful,12.712604,82.923388
ATT001115,SHP000535,EMP00500,2025-04-06,1,Customer Unavailable,22.579344,88.463818
ATT001116,SHP001418,EMP01531,2025-03-21,3,Address Issue,12.019871,87.18216
ATT001117,SHP002945,EMP00240,2025-10-21,3,Rescheduled,11.29509,81.391077
ATT001118,SHP002695,EMP03164,2025-05-08,2,Successful,20.501047,76.248626
ATT001119,SHP002715,EMP02489,2025-12-18,1,Successful,20.910136,83.865071
ATT001120,SHP003220,EMP00682,2025-09-05,3,Successful,14.816308,82.652836
ATT001121,SHP003155,EMP00385,2025-06-14,3,Rescheduled,12.920367,81.576823
ATT001122,SHP004328,EMP02090,2025-12-11,2,Successful,20.257501,82.544795
ATT001123,SHP003545,EMP00579,2025-08-08,2,Successful,28.481878,82.739523
ATT001124,SHP003776,EMP00793,2025-02-22,1,Successful,10.312424,83.232658
ATT001125,SHP002323,EMP04525,2025-08-26,2,Customer Unavailable,26.515316,76.492618
ATT001126,SHP002315,EMP04045,2025-03-18,2,Successful,8.287733,81.224624
ATT001127,SHP000806,EMP02942,2025-05-07,2,Successful,22.489118,83.122267
ATT001128,SHP004628,EMP01166,2025-09-18,1,Successful,10.263221,82.310714
ATT001129,SHP001464,EMP01370,2025-11-22,3,Address Issue,21.944234,85.093767
ATT001130,SHP002911,EMP03362,2025-10-16,2,Successful,20.668469,88.410303
ATT001131,SHP000889,EMP02514,2025-09-29,3,Customer Unavailable,15.836998,79.147539
ATT001132,SHP002611,EMP00711,2025-06-30,2,Customer Unavailable,22.820383,83.113151
ATT001133,SHP004172,EMP00237,2025-01-22,2,Refused,24.107184,87.048551
ATT001134,SHP003671,EMP04144,2025-02-08,2,Successful,24.289542,83.97677
ATT001135,SHP001358,EMP01504,2025-03-17,3,Rescheduled,13.579432,84.896913
ATT001136,SHP004793,EMP01142,2025-10-06,1,Successful,20.841034,76.146786
ATT001137,SHP003382,EMP04020,2025-02-26,2,Successful,15.810577,84.991103
ATT001138,SHP002238,EMP01483,2025-07-02,2,Successful,16.067322,85.564142
ATT001139,SHP004904,EMP01774,2025-09-04,3,Customer Unavailable,27.194913,77.452051
ATT001140,SHP003610,EMP04680,2025-08-27,1,Successful,25.422719,76.278614
ATT001141,SHP001248,EMP00450,2025-10-23,1,Successful,23.995372,81.880445
ATT001142,SHP004629,EMP03589,2025-03-01,2,Successful,16.945673,78.698995
ATT001143,SHP001243,EMP01409,2025-08-08,1,Successful,20.221921,86.491822
ATT001144,SHP001504,EMP02901,2025-07-27,3,Successful,24.533418,80.978731
ATT001145,SHP002839,EMP01643,2025-05-26,2,Successful,26.813082,86.28953
ATT001146,SHP004425,EMP01911,2025-12-24,3,Rescheduled,23.285213,82.109246
ATT001147,SHP003623,EMP02318,2025-05-17,3,Successful,16.402551,77.6283
ATT001148,SHP001205,EMP00500,2025-11-01,2,Successful,17.237108,84.992616
ATT001149,SHP000333,EMP01328,2025-10-14,1,Customer Unavailable,19.876763,87.062541
ATT001150,SHP001613,EMP01284,2025-04-27,3,Successful,14.473426,78.769442
ATT001151,SHP000673,EMP01564,2025-09-18,3,Successful,18.043148,86.705531
ATT001152,SHP003414,EMP02763,2025-11-27,3,Successful,18.661418,87.847099
ATT001153,SHP002651,EMP04945,2025-11-06,3,Address Issue,23.800174,80.737948
ATT001154,SHP004616,EMP03657,2025-08-09,2,Successful,19.40961,88.202643
ATT001155,SHP001129,EMP00408,2025-04-26,3,Successful,20.833157,86.420583
ATT001156,SHP002600,EMP01017,2025-08-17,3,Successful,23.332067,78.739012
ATT001157,SHP002025,EMP01642,2025-10-04,3,Address Issue,10.464844,87.350008
ATT001158,SHP004686,EMP00502,2025-04-14,3,Successful,8.169027,88.472749
ATT001159,SHP003087,EMP01204,2025-10-11,3,Successful,8.200532,77.261427
ATT001160,SHP000484,EMP00491,2025-02-01,3,Refused,25.728548,85.92611
ATT001161,SHP001180,EMP04896,2025-05-15,1,Successful,25.707012,87.363122
ATT001162,SHP001959,EMP00521,2025-06-15,2,Customer Unavailable,22.78806,83.720171
ATT001163,SHP002176,EMP01939,2025-01-12,2,Customer Unavailable,25.062017,81.308981
ATT001164,SHP004095,EMP00168,2025-02-11,1,Refused,13.613768,79.270841
ATT001165,SHP003785,EMP02865,2025-03-25,1,Successful,22.084691,85.43026
ATT001166,SHP004595,EMP00628,2025-07-16,3,Successful,10.92949,76.067433
ATT001167,SHP004200,EMP00503,2025-07-10,3,Successful,15.322513,88.040489
ATT001168,SHP003845,EMP02559,2025-05-03,1,Customer Unavailable,14.424094,86.770249
ATT001169,SHP001595,EMP00359,2025-04-25,1,Successful,21.895105,88.439979
ATT001170,SHP001725,EMP01076,2025-06-14,1,Successful,23.772124,84.443808
ATT001171,SHP002631,EMP04303,2025-05-14,2,Customer Unavailable,18.933366,86.499738
ATT001172,SHP003852,EMP03372,2025-12-09,2,Successful,27.88279,80.927555
ATT001173,SHP001249,EMP01075,2025-10-19,1,Rescheduled,20.049418,79.300913
ATT001174,SHP001796,EMP00918,2025-03-14,1,Successful,17.094144,78.069622
ATT001175,SHP004888,EMP00353,2025-03-25,3,Rescheduled,15.902211,87.545394
ATT001176,SHP001252,EMP02726,2025-04-28,3,Successful,26.393685,82.107965
ATT001177,SHP000715,EMP02719,2025-09-02,1,Customer Unavailable,20.407395,81.266464
ATT001178,SHP004038,EMP04739,2025-08-09,3,Address Issue,24.288312,76.577369
ATT001179,SHP000952,EMP03176,2025-01-07,1,Customer Unavailable,23.18378,84.68683
ATT001180,SHP000688,EMP00617,2025-01-10,1,Successful,23.063097,82.182885
ATT001181,SHP001771,EMP00808,2025-02-02,3,Customer Unavailable,21.938357,81.651481
ATT001182,SHP000746,EMP00046,2025-06-21,3,Address Issue,11.122883,76.829721
ATT001183,SHP003118,EMP01198,2025-09-11,3,Successful,12.073991,76.722744
ATT001184,SHP003956,EMP04851,2025-02-15,3,Refused,22.120304,79.029576
ATT001185,SHP003099,EMP01908,2025-03-10,2,Successful,22.639228,81.078129
ATT001186,SHP004243,EMP01540,2025-11-24,3,Successful,13.807393,76.405644
ATT001187,SHP002991,EMP03907,2025-12-26,1,Successful,20.161884,81.534511
ATT001188,SHP001682,EMP02507,2025-10-24,2,Successful,25.281843,81.969694
ATT001189,SHP003765,EMP04424,2025-04-19,2,Customer Unavailable,12.53938,85.292726
ATT001190,SHP003050,EMP01306,2025-09-06,3,Successful,9.047571,86.48895
ATT001191,SHP004635,EMP02406,2025-12-17,3,Successful,20.809585,78.864094
ATT001192,SHP000418,EMP04836,2025-09-28,2,Successful,27.106562,79.768198
ATT001193,SHP001544,EMP01778,2025-05-20,3,Rescheduled,18.328012,87.203896
ATT001194,SHP000145,EMP04556,2025-12-08,1,Customer Unavailable,15.553962,85.391971
ATT001195,SHP000217,EMP00822,2025-01-05,2,Rescheduled,23.172417,80.392649
ATT001196,SHP001268,EMP02199,2025-01-14,2,Customer Unavailable,11.194883,85.65191
ATT001197,SHP002156,EMP01208,2025-11-13,1,Successful,11.67985,79.983812
ATT001198,SHP001295,EMP03890,2025-08-01,2,Customer Unavailable,21.95081,78.554818
ATT001199,SHP003334,EMP01670,2025-10-25,1,Successful,20.309348,85.930595
ATT001200,SHP000841,EMP03044,2025-08-02,3,Rescheduled,25.136058,86.876204
ATT001201,SHP000167,EMP04236,2025-10-22,1,Successful,8.409273,83.708474
ATT001202,SHP003671,EMP04218,2025-09-22,1,Successful,12.428878,76.671295
ATT001203,SHP001988,EMP04186,2025-11-12,2,Successful,16.921092,85.525083
ATT001204,SHP004061,EMP01188,2025-10-26,3,Customer Unavailable,27.56727,77.226375
ATT001205,SHP004655,EMP04089,2025-06-15,1,Customer Unavailable,25.793517,88.443232
ATT001206,SHP001232,EMP02010,2025-07-28,3,Successful,19.893317,81.149159
ATT001207,SHP004306,EMP04123,2025-10-01,3,Refused,10.838638,82.239019
ATT001208,SHP004501,EMP01202,2025-06-19,1,Successful,12.097673,87.947683
ATT001209,SHP000633,EMP03007,2025-01-25,3,Refused,26.706744,82.963841
ATT001210,SHP000929,EMP03009,2025-12-05,3,Successful,9.812449,81.607943
ATT001211,SHP004863,EMP01064,2025-12-30,2,Address Issue,23.359844,78.850441
ATT001212,SHP002388,EMP02393,2025-09-29,1,Successful,26.384698,84.411264
ATT001213,SHP002202,EMP02918,2025-01-29,1,Successful,11.396801,84.656093
ATT001214,SHP003166,EMP04883,2025-11-23,1,Rescheduled,12.147392,81.293619
ATT001215,SHP002278,EMP03379,2025-10-24,1,Successful,9.099407,79.55047
ATT001216,SHP002363,EMP00716,2025-02-17,3,Customer Unavailable,27.663597,88.190008
ATT001217,SHP001395,EMP00273,2025-06-26,2,Successful,22.435653,86.77062
ATT001218,SHP002004,EMP03139,2025-04-24,2,Address Issue,10.934121,79.879546
ATT001219,SHP003589,EMP00601,2025-01-03,2,Rescheduled,21.619309,76.572526
ATT001220,SHP002109,EMP00471,2025-06-20,1,Successful,20.852499,81.046498
ATT001221,SHP000951,EMP02457,2025-01-09,3,Address Issue,13.111399,87.835617
ATT001222,SHP002019,EMP04604,2025-01-22,1,Successful,21.707185,83.354724
ATT001223,SHP004945,EMP04927,2025-03-01,2,Refused,24.246743,79.84711
ATT001224,SHP004307,EMP00459,2025-05-11,3,Address Issue,21.540419,80.167639
ATT001225,SHP000290,EMP04167,2025-11-06,3,Rescheduled,14.878344,81.336133
ATT001226,SHP002198,EMP02672,2025-12-16,1,Successful,12.806974,86.117636
ATT001227,SHP001997,EMP02584,2025-02-28,3,Successful,23.56569,81.054605
ATT001228,SHP002398,EMP04633,2025-07-04,1,Successful,16.427192,84.958206
ATT001229,SHP002164,EMP03993,2025-07-15,1,Refused,13.173391,77.008447
ATT001230,SHP003803,EMP02306,2025-07-27,1,Successful,19.131415,85.822395
ATT001231,SHP002777,EMP01382,2025-07-25,3,Successful,27.198059,78.116938
ATT001232,SHP000779,EMP01872,2025-05-03,3,Successful,26.104813,77.416897
ATT001233,SHP002511,EMP00545,2025-09-10,1,Successful,8.850437,80.601868
ATT001234,SHP003708,EMP01909,2025-11-06,2,Successful,13.429162,84.830111
ATT001235,SHP003544,EMP04189,2025-05-08,1,Successful,20.085856,83.604549
ATT001236,SHP001713,EMP00958,2025-10-09,3,Customer Unavailable,15.514688,82.536398
ATT001237,SHP004136,EMP00676,2025-07-02,2,Successful,19.386253,85.146348
ATT001238,SHP003065,EMP00811,2025-01-26,1,Successful,22.494561,82.035459
ATT001239,SHP000066,EMP04856,2025-02-03,2,Customer Unavailable,13.763032,77.112062
ATT001240,SHP001949,EMP01238,2025-06-27,3,Refused,13.584422,86.449402
ATT001241,SHP002799,EMP04475,2025-11-12,1,Rescheduled,9.817951,81.997266
ATT001242,SHP001178,EMP03390,2025-10-23,1,Address Issue,19.804605,86.731738
ATT001243,SHP003495,EMP03107,2025-07-22,3,Successful,15.392699,78.251914
ATT001244,SHP002353,EMP02834,2025-09-03,1,Successful,23.862772,76.953606
ATT001245,SHP001584,EMP03287,2025-02-05,2,Customer Unavailable,11.00233,85.625556
ATT001246,SHP004083,EMP02552,2025-03-09,3,Rescheduled,21.874586,87.506051
ATT001247,SHP004877,EMP03681,2025-10-29,2,Successful,15.735727,79.847618
ATT001248,SHP004579,EMP03957,2025-08-02,3,Successful,27.036805,87.525442
ATT001249,SHP004102,EMP00884,2025-03-18,3,Successful,16.529339,87.704673
ATT001250,SHP001986,EMP04405,2025-06-11,3,Refused,8.892724,82.669185
ATT001251,SHP003423,EMP02384,2025-03-16,1,Successful,10.780563,87.498862
ATT001252,SHP004510,EMP03064,2025-07-11,2,Customer Unavailable,13.971184,87.546915
ATT001253,SHP004384,EMP03223,2025-01-14,2,Successful,10.754514,83.564206
ATT001254,SHP003815,EMP02579,2025-06-07,3,Rescheduled,8.152821,87.624567
ATT001255,SHP003054,EMP04058,2025-05-19,1,Refused,26.644275,76.842916
ATT001256,SHP002021,EMP02623,2025-06-15,1,Customer Unavailable,14.215267,83.710287
ATT001257,SHP000300,EMP04363,2025-05-12,1,Successful,9.503947,77.447092
ATT001258,SHP003862,EMP01977,2025-04-10,2,Successful,13.145102,81.199992
ATT001259,SHP001950,EMP01065,2025-07-05,3,Successful,28.013199,88.341774
ATT001260,SHP002713,EMP00176,2025-01-22,1,Successful,23.474515,88.064121
ATT001261,SHP001825,EMP02923,2025-02-18,3,Successful,24.405319,80.019973
ATT001262,SHP001649,EMP00627,2025-11-10,3,Successful,26.342173,85.508883
ATT001263,SHP002930,EMP02585,2025-05-18,3,Successful,21.250886,78.509375
ATT001264,SHP000871,EMP02772,2025-09-09,2,Successful,21.64408,76.283843
ATT001265,SHP000324,EMP01201,2025-01-18,1,Address Issue,26.689247,85.255344
ATT001266,SHP003007,EMP03803,2025-12-29,3,Customer Unavailable,21.37044,80.718934
ATT001267,SHP001344,EMP00661,2025-01-07,2,Successful,11.734617,80.667186
ATT001268,SHP003327,EMP02316,2025-02-20,2,Successful,27.268999,84.737451
ATT001269,SHP004249,EMP01576,2025-08-07,3,Rescheduled,9.128743,77.959878
ATT001270,SHP002621,EMP01304,2025-12-03,3,Customer Unavailable,25.028064,86.559639
ATT001271,SHP001945,EMP01156,2025-09-13,1,Rescheduled,14.34154,83.526017
ATT001272,SHP002241,EMP00986,2025-03-25,1,Successful,14.366616,80.835836
ATT001273,SHP000048,EMP00486,2025-03-14,2,Successful,8.810776,80.56294
ATT001274,SHP003724,EMP04816,2025-12-01,1,Successful,11.287007,78.263819
ATT001275,SHP002403,EMP03283,2025-04-19,3,Rescheduled,24.712132,84.775411
ATT001276,SHP000359,EMP04913,2025-06-19,3,Refused,27.053757,88.054134
ATT001277,SHP004409,EMP01998,2025-07-21,3,Successful,13.443462,78.517589
ATT001278,SHP003441,EMP01359,2025-04-13,2,Customer Unavailable,11.004079,79.804149
ATT001279,SHP002141,EMP00002,2025-06-25,1,Successful,11.940126,80.01106
ATT001280,SHP001693,EMP02161,2025-01-03,1,Successful,26.99224,79.624231
ATT001281,SHP001757,EMP02393,2025-10-12,1,Successful,23.176602,81.994283
ATT001282,SHP003708,EMP01958,2025-02-19,1,Rescheduled,16.490529,82.0241
ATT001283,SHP004443,EMP04704,2025-11-02,2,Successful,18.437586,81.563008
ATT001284,SHP000818,EMP03793,2025-03-05,1,Customer Unavailable,21.177359,83.082199
ATT001285,SHP004917,EMP03796,2025-07-08,2,Successful,19.219756,84.87177
ATT001286,SHP003514,EMP00529,2025-03-05,3,Address Issue,17.799797,88.311205
ATT001287,SHP001023,EMP02753,2025-03-01,3,Refused,25.509393,81.769081
ATT001288,SHP002686,EMP01632,2025-12-04,2,Customer Unavailable,21.801466,84.914495
ATT001289,SHP001951,EMP04625,2025-11-07,3,Successful,27.833354,84.849857
ATT001290,SHP003446,EMP03589,2025-04-04,3,Successful,17.57575,80.251742
ATT001291,SHP002342,EMP02064,2025-08-10,3,Rescheduled,27.665644,83.548012
ATT001292,SHP003082,EMP04557,2025-04-07,2,Successful,19.328073,80.717996
ATT001293,SHP004784,EMP03244,2025-06-11,1,Customer Unavailable,17.143897,88.228725
ATT001294,SHP000293,EMP04901,2025-10-15,3,Successful,24.521032,80.278451
ATT001295,SHP003571,EMP02796,2025-03-20,2,Successful,15.198009,76.17172
ATT001296,SHP003480,EMP03719,2025-10-25,1,Successful,27.317644,81.440173
ATT001297,SHP000561,EMP01086,2025-03-22,1,Address Issue,20.635388,80.082058
ATT001298,SHP003120,EMP02992,2025-09-24,3,Address Issue,9.725897,85.05093
ATT001299,SHP000079,EMP02829,2025-06-02,3,Rescheduled,9.196776,81.036282
ATT001300,SHP004866,EMP04510,2025-08-21,1,Successful,27.665126,81.323751
ATT001301,SHP003175,EMP00111,2025-02-21,3,Successful,15.341948,85.730629
ATT001302,SHP004733,EMP02646,2025-09-03,2,Rescheduled,25.040608,88.385434
ATT001303,SHP003787,EMP01490,2025-10-02,3,Successful,14.966983,80.255013
ATT001304,SHP001218,EMP00672,2025-11-13,3,Customer Unavailable,21.918029,76.344434
ATT001305,SHP001099,EMP02887,2025-11-15,2,Customer Unavailable,13.303697,86.084162
ATT001306,SHP000794,EMP03043,2025-08-03,2,Successful,12.485887,79.545271
ATT001307,SHP002278,EMP03904,2025-01-16,3,Successful,13.570425,79.56134
ATT001308,SHP002199,EMP02784,2025-03-12,1,Rescheduled,26.287806,84.035907
ATT001309,SHP004637,EMP02736,2025-09-08,3,Successful,25.835511,81.995268
ATT001310,SHP002035,EMP01987,2025-06-01,3,Successful,16.147952,85.891357
ATT001311,SHP003504,EMP02135,2025-10-08,2,Successful,19.770529,77.169424
ATT001312,SHP002284,EMP00796,2025-11-27,1,Refused,25.757024,88.478773
ATT001313,SHP003110,EMP04115,2025-12-05,1,Successful,9.414662,78.996361
ATT001314,SHP002593,EMP02967,2025-05-04,1,Successful,8.965516,85.142567
ATT001315,SHP004641,EMP01890,2025-03-23,2,Refused,21.985018,85.726788
ATT001316,SHP004314,EMP03439,2025-07-06,1,Successful,21.448666,77.353888
ATT001317,SHP002353,EMP01582,2025-07-16,3,Successful,20.167708,78.23788
ATT001318,SHP000302,EMP00825,2025-09-15,1,Successful,10.755443,85.435254
ATT001319,SHP000575,EMP00866,2025-01-23,2,Successful,18.337462,87.4765
ATT001320,SHP003164,EMP04358,2025-04-09,3,Successful,27.21043,84.377289
ATT001321,SHP000217,EMP01092,2025-04-03,2,Successful,14.765553,80.1503
ATT001322,SHP002191,EMP02304,2025-10-01,3,Successful,18.18002,83.903014
ATT001323,SHP000694,EMP03648,2025-01-10,2,Successful,24.232719,77.406653
ATT001324,SHP003460,EMP00556,2025-02-04,1,Successful,21.575243,84.045684
ATT001325,SHP002468,EMP02235,2025-08-06,3,Successful,22.697153,82.844451
ATT001326,SHP004416,EMP03069,2025-07-26,3,Successful,17.902355,76.28199
ATT001327,SHP002424,EMP02169,2025-12-21,2,Successful,9.871692,86.787208
ATT001328,SHP000710,EMP00045,2025-08-27,2,Successful,8.995771,84.159861
ATT001329,SHP000112,EMP02345,2025-02-03,1,Successful,17.171213,76.191016
ATT001330,SHP002818,EMP03714,2025-05-15,3,Refused,23.752863,81.967199
ATT001331,SHP002639,EMP04807,2025-07-25,2,Successful,26.800234,86.341846
ATT001332,SHP002050,EMP04904,2025-06-23,3,Successful,23.102295,85.026811
ATT001333,SHP002591,EMP01408,2025-02-08,2,Rescheduled,9.09769,79.113778
ATT001334,SHP003556,EMP02435,2025-01-18,1,Successful,17.245755,79.418131
ATT001335,SHP001935,EMP04618,2025-10-05,3,Successful,17.386749,80.804801
ATT001336,SHP002955,EMP03630,2025-01-25,1,Successful,12.949301,78.789331
ATT001337,SHP000958,EMP04310,2025-12-25,1,Successful,11.838876,84.468015
ATT001338,SHP000151,EMP04204,2025-01-27,2,Successful,21.805818,86.688293
ATT001339,SHP001626,EMP00367,2025-07-04,1,Successful,28.008585,84.890034
ATT001340,SHP003743,EMP04777,2025-10-21,3,Successful,13.979175,79.123138
ATT001341,SHP002087,EMP03863,2025-12-06,2,Successful,28.225851,83.90854
ATT001342,SHP000342,EMP03412,2025-05-04,3,Customer Unavailable,13.019167,86.381248
ATT001343,SHP004187,EMP04208,2025-06-26,3,Successful,10.970767,84.295077
ATT001344,SHP001016,EMP00917,2025-10-08,3,Successful,25.358393,80.210343
ATT001345,SHP004565,EMP04903,2025-01-30,1,Successful,23.885485,82.855935
ATT001346,SHP002834,EMP02640,2025-09-29,1,Successful,24.533947,82.331506
ATT001347,SHP002604,EMP00479,2025-04-05,1,Successful,28.453568,86.778881
ATT001348,SHP004507,EMP02107,2025-08-18,3,Successful,22.48317,76.735368
ATT001349,SHP004972,EMP04511,2025-03-12,1,Successful,13.920856,81.820654
ATT001350,SHP001053,EMP03674,2025-11-25,2,Successful,22.976626,80.454824
ATT001351,SHP004949,EMP01087,2025-09-11,3,Customer Unavailable,28.25597,85.845063
ATT001352,SHP002215,EMP02135,2025-07-01,2,Successful,25.759403,85.849242
ATT001353,SHP001570,EMP04939,2025-09-18,1,Customer Unavailable,11.720307,86.156043
ATT001354,SHP001696,EMP01520,2025-10-10,1,Successful,11.890247,84.616819
ATT001355,SHP003899,EMP00039,2025-03-03,2,Successful,18.394198,83.876434
ATT001356,SHP000664,EMP02129,2025-10-11,2,Successful,19.556199,83.068579
ATT001357,SHP001519,EMP00191,2025-07-30,1,Customer Unavailable,27.138884,83.001412
ATT001358,SHP003739,EMP02770,2025-06-22,1,Customer Unavailable,17.767398,76.647105
ATT001359,SHP002460,EMP03561,2025-09-17,1,Successful,18.807643,80.883348
ATT001360,SHP004901,EMP03882,2025-07-13,3,Successful,23.164283,84.943849
ATT001361,SHP003677,EMP01147,2025-01-29,3,Customer Unavailable,19.365905,78.653171
ATT001362,SHP001961,EMP04881,2025-08-07,2,Successful,16.970239,87.465136
ATT001363,SHP004157,EMP03872,2025-06-19,2,Customer Unavailable,21.75121,76.3281
ATT001364,SHP004016,EMP02278,2025-07-25,2,Successful,24.590604,82.327367
ATT001365,SHP003383,EMP03415,2025-01-01,1,Successful,11.535779,76.125732
ATT001366,SHP003799,EMP03805,2025-05-19,2,Customer Unavailable,19.551037,79.547001
ATT001367,SHP000202,EMP00038,2025-10-31,3,Successful,13.485975,76.921508
ATT001368,SHP004155,EMP02628,2025-09-29,2,Successful,8.847818,77.574205
ATT001369,SHP001350,EMP03254,2025-11-28,2,Successful,23.646173,81.131319
ATT001370,SHP002748,EMP04976,2025-02-28,2,Successful,24.911608,84.476849
ATT001371,SHP004617,EMP03357,2025-02-11,1,Successful,22.262931,77.557001
ATT001372,SHP002806,EMP02580,2025-12-26,2,Successful,21.12868,78.783906
ATT001373,SHP002978,EMP01867,2025-12-08,1,Refused,23.799814,76.666588
ATT001374,SHP004864,EMP02747,2025-06-07,1,Successful,21.314323,81.681807
ATT001375,SHP002852,EMP02202,2025-10-23,3,Successful,14.818309,86.720455
ATT001376,SHP001433,EMP03564,2025-01-06,2,Successful,19.937512,81.944314
ATT001377,SHP003370,EMP04748,2025-04-14,2,Rescheduled,23.248572,85.676533
ATT001378,SHP000303,EMP01098,2025-04-22,3,Address Issue,27.451583,76.664706
ATT001379,SHP003299,EMP01970,2025-12-09,3,Successful,15.793948,82.690504
ATT001380,SHP004814,EMP01519,2025-10-20,3,Address Issue,13.17114,80.451286
ATT001381,SHP003171,EMP02155,2025-11-04,3,Customer Unavailable,27.536799,80.74257
ATT001382,SHP002046,EMP01018,2025-04-29,3,Customer Unavailable,25.666468,82.826549
ATT001383,SHP004898,EMP01456,2025-03-14,1,Successful,15.387188,82.419157
ATT001384,SHP002769,EMP02307,2025-01-27,1,Successful,10.168021,85.061056
ATT001385,SHP002321,EMP04243,2025-07-26,2,Successful,23.231307,83.30871
ATT001386,SHP004841,EMP04749,2025-10-14,2,Successful,18.605272,83.026641
ATT001387,SHP002612,EMP04783,2025-10-09,3,Successful,12.08511,78.038343
ATT001388,SHP002350,EMP04677,2025-08-21,3,Successful,14.222754,86.475997
ATT001389,SHP002664,EMP00032,2025-01-23,1,Successful,18.133569,87.042377
ATT001390,SHP001137,EMP01354,2025-03-21,3,Rescheduled,27.762005,81.911358
ATT001391,SHP004777,EMP00136,2025-06-11,1,Customer Unavailable,16.536846,85.938473
ATT001392,SHP003649,EMP02008,2025-06-09,1,Successful,18.287578,87.354754
ATT001393,SHP004092,EMP04532,2025-02-28,1,Refused,14.596606,84.549093
ATT001394,SHP000111,EMP00353,2025-04-13,3,Successful,9.532747,83.217367
ATT001395,SHP000430,EMP02743,2025-12-05,2,Successful,26.85942,87.865444
ATT001396,SHP002561,EMP01992,2025-06-22,3,Successful,27.447947,87.903644
ATT001397,SHP000259,EMP03617,2025-10-15,2,Successful,27.527107,80.686602
ATT001398,SHP003725,EMP04471,2025-03-04,3,Customer Unavailable,14.543503,77.661648
ATT001399,SHP001980,EMP00660,2025-01-30,2,Successful,18.639786,82.365844
ATT001400,SHP002269,EMP04428,2025-07-24,1,Successful,23.181484,85.616519
ATT001401,SHP004490,EMP01357,2025-10-21,1,Successful,23.835115,77.025371
ATT001402,SHP004880,EMP04074,2025-05-04,2,Successful,18.920415,76.300347
ATT001403,SHP000689,EMP03294,2025-04-13,3,Successful,20.438108,80.220802
ATT001404,SHP001595,EMP01058,2025-01-14,3,Successful,9.80007,77.430832
ATT001405,SHP001173,EMP01056,2025-09-27,1,Customer Unavailable,9.752691,76.777641
ATT001406,SHP004813,EMP01447,2025-10-08,1,Address Issue,20.739805,77.461116
ATT001407,SHP001695,EMP02921,2025-09-26,3,Rescheduled,10.529885,78.621043
ATT001408,SHP002750,EMP04004,2025-10-18,3,Rescheduled,21.896776,81.859979
ATT001409,SHP001358,EMP04878,2025-02-24,3,Customer Unavailable,26.346806,87.951501
ATT001410,SHP001147,EMP04281,2025-01-13,3,Rescheduled,25.619334,78.047698
ATT001411,SHP001888,EMP02605,2025-02-03,3,Successful,19.198514,80.014766
ATT001412,SHP001515,EMP02541,2025-03-05,1,Successful,12.702662,81.707128
ATT001413,SHP002741,EMP00230,2025-06-10,2,Rescheduled,9.824483,81.895743
ATT001414,SHP001059,EMP03349,2025-10-24,2,Successful,28.036892,80.332429
ATT001415,SHP004430,EMP04519,2025-08-29,2,Successful,22.858791,84.791302
ATT001416,SHP003849,EMP03369,2025-05-06,2,Successful,21.931708,83.831016
ATT001417,SHP000531,EMP01358,2025-02-27,2,Successful,27.780683,81.185072
ATT001418,SHP003496,EMP02106,2025-01-05,3,Customer Unavailable,20.375655,85.084191
ATT001419,SHP001012,EMP04990,2025-08-16,2,Successful,24.468065,78.123862
ATT001420,SHP000306,EMP02946,2025-06-18,1,Successful,17.411173,87.221335
ATT001421,SHP001340,EMP01675,2025-11-22,3,Successful,20.57266,84.124574
ATT001422,SHP000664,EMP01667,2025-06-27,3,Successful,19.276195,80.1584
ATT001423,SHP000211,EMP02838,2025-02-03,1,Successful,12.895309,88.090776
ATT001424,SHP001953,EMP03440,2025-06-02,2,Refused,13.508545,86.685864
ATT001425,SHP004213,EMP04755,2025-10-06,1,Successful,13.431312,76.575027
ATT001426,SHP002312,EMP00305,2025-03-02,3,Successful,8.35726,76.803597
ATT001427,SHP002719,EMP02524,2025-09-26,2,Refused,26.837751,80.793684
ATT001428,SHP003010,EMP04227,2025-01-23,2,Customer Unavailable,17.26977,84.185086
ATT001429,SHP000516,EMP03233,2025-07-12,2,Successful,15.474643,82.647299
ATT001430,SHP002658,EMP02214,2025-06-04,1,Successful,10.202178,83.905323
ATT001431,SHP000291,EMP02022,2025-03-25,1,Customer Unavailable,10.916161,82.742331
ATT001432,SHP004255,EMP00740,2025-02-17,3,Successful,15.871331,77.057868
ATT001433,SHP003644,EMP02594,2025-03-06,1,Address Issue,21.2234,86.392326
ATT001434,SHP001398,EMP04800,2025-04-19,1,Customer Unavailable,28.216469,88.439036
ATT001435,SHP001894,EMP01227,2025-05-29,3,Rescheduled,8.344572,85.419661
ATT001436,SHP000835,EMP03841,2025-01-01,2,Address Issue,10.812024,85.148699
ATT001437,SHP002032,EMP02143,2025-08-26,3,Successful,18.107608,86.953304
ATT001438,SHP001340,EMP04095,2025-08-25,3,Successful,20.705884,83.535733
ATT001439,SHP004781,EMP00655,2025-10-27,1,Successful,25.652645,85.811508
ATT001440,SHP004078,EMP02960,2025-08-14,3,Customer Unavailable,26.838189,84.636005
ATT001441,SHP001146,EMP00175,2025-10-03,1,Successful,24.733265,83.541127
ATT001442,SHP003216,EMP04600,2025-08-05,2,Successful,16.836999,83.146042
ATT001443,SHP003428,EMP03567,2025-03-02,1,Customer Unavailable,10.867907,84.176569
ATT001444,SHP001445,EMP04766,2025-08-09,2,Successful,8.754885,84.246961
ATT001445,SHP003026,EMP04653,2025-06-10,3,Successful,21.149157,76.783913
ATT001446,SHP000139,EMP03973,2025-11-04,3,Address Issue,28.433305,87.120298
ATT001447,SHP001719,EMP03607,2025-05-01,1,Successful,20.117106,79.930553
ATT001448,SHP001672,EMP01485,2025-06-05,2,Successful,11.849081,78.899417
ATT001449,SHP003844,EMP04085,2025-05-19,1,Customer Unavailable,21.835955,84.757647
ATT001450,SHP001597,EMP00456,2025-12-07,2,Successful,14.330714,82.995568
ATT001451,SHP004888,EMP01779,2025-02-15,3,Successful,15.889684,76.641935
ATT001452,SHP002326,EMP01955,2025-12-27,2,Successful,26.428844,80.315369
ATT001453,SHP003897,EMP04235,2025-05-31,3,Customer Unavailable,27.969924,86.582265
ATT001454,SHP000331,EMP04522,2025-09-21,1,Customer Unavailable,27.009534,77.804436
ATT001455,SHP000842,EMP01264,2025-08-28,2,Rescheduled,8.196652,88.353023
ATT001456,SHP002122,EMP04338,2025-01-23,2,Successful,18.836173,88.048794
ATT001457,SHP003659,EMP02316,2025-04-05,3,Rescheduled,26.302064,77.171482
ATT001458,SHP002914,EMP02452,2025-04-21,3,Successful,9.126466,88.469241
ATT001459,SHP004012,EMP04809,2025-02-09,3,Rescheduled,20.581427,76.528134
ATT001460,SHP002437,EMP01845,2025-12-19,1,Successful,16.373001,84.422363
ATT001461,SHP004790,EMP04028,2025-06-17,3,Successful,9.993628,84.859208
ATT001462,SHP000878,EMP04019,2025-12-06,3,Successful,8.47349,86.039448
ATT001463,SHP002921,EMP01530,2025-02-09,2,Successful,23.680123,76.316496
ATT001464,SHP000356,EMP00289,2025-08-27,1,Address Issue,20.997468,86.599791
ATT001465,SHP000018,EMP02033,2025-10-20,2,Address Issue,14.3382,79.472675
ATT001466,SHP000477,EMP00106,2025-07-06,1,Successful,16.109741,83.21904
ATT001467,SHP003435,EMP04856,2025-12-23,3,Successful,13.04559,81.994214
ATT001468,SHP001767,EMP01843,2025-03-15,2,Successful,12.434961,87.29717
ATT001469,SHP002865,EMP03279,2025-11-29,2,Successful,23.47587,78.504221
ATT001470,SHP000918,EMP04564,2025-12-18,2,Successful,22.684306,83.971232
ATT001471,SHP002673,EMP04945,2025-07-15,2,Successful,22.417571,82.811307
ATT001472,SHP002239,EMP02528,2025-01-15,1,Successful,24.530823,80.00471
ATT001473,SHP003831,EMP01942,2025-09-26,3,Successful,8.353648,79.452339
ATT001474,SHP004840,EMP00877,2025-05-15,3,Successful,8.486804,87.895063
ATT001475,SHP001789,EMP04426,2025-08-24,2,Refused,10.002698,84.234385
ATT001476,SHP003553,EMP00810,2025-02-23,2,Successful,18.618842,76.000983
ATT001477,SHP002967,EMP00585,2025-01-08,1,Successful,22.082409,79.317808
ATT001478,SHP002828,EMP04365,2025-08-03,1,Successful,26.362072,84.132315
ATT001479,SHP004172,EMP02883,2025-09-15,2,Successful,13.383338,87.733506
ATT001480,SHP002246,EMP00345,2025-08-21,1,Successful,18.09375,77.384815
ATT001481,SHP004895,EMP01423,2025-08-07,3,Successful,26.864221,86.03965
ATT001482,SHP003690,EMP00905,2025-03-13,1,Address Issue,17.499642,88.319966
ATT001483,SHP000368,EMP00887,2025-10-14,3,Successful,25.403407,86.942618
ATT001484,SHP004326,EMP00654,2025-02-02,3,Refused,22.750497,82.505387
ATT001485,SHP004730,EMP03121,2025-10-29,2,Address Issue,17.01925,86.898735
ATT001486,SHP000924,EMP00319,2025-05-25,1,Successful,19.213094,85.571361
ATT001487,SHP001765,EMP04790,2025-04-30,3,Successful,18.133251,76.766375
ATT001488,SHP003914,EMP04831,2025-12-25,2,Successful,17.862113,82.052795
ATT001489,SHP001994,EMP04171,2025-03-16,2,Successful,23.759295,85.942165
ATT001490,SHP004975,EMP03538,2025-12-31,1,Successful,25.759747,85.773445
ATT001491,SHP000199,EMP00003,2025-12-11,1,Refused,14.367299,86.270724
ATT001492,SHP002498,EMP03948,2025-01-05,2,Successful,18.573042,83.952141
ATT001493,SHP000052,EMP02897,2025-07-25,3,Refused,24.166426,80.865312
ATT001494,SHP001877,EMP01665,2025-08-14,2,Refused,16.055995,80.951368
ATT001495,SHP002716,EMP03991,2025-04-17,2,Rescheduled,8.895942,80.934901
ATT001496,SHP004597,EMP02055,2025-01-30,3,Successful,28.446896,84.19457
ATT001497,SHP002374,EMP00214,2025-12-30,3,Successful,24.108601,86.702077
ATT001498,SHP003268,EMP01220,2025-02-20,1,Successful,18.067772,86.261615
ATT001499,SHP004875,EMP03006,2025-06-09,1,Successful,15.121482,78.767359
ATT001500,SHP003071,EMP03087,2025-12-27,1,Successful,28.424604,85.898256
ATT001501,SHP000947,EMP02248,2025-01-31,3,Successful,16.058673,81.050424
ATT001502,SHP000246,EMP00455,2025-08-01,2,Successful,26.661427,80.742053
ATT001503,SHP002405,EMP03488,2025-05-23,1,Successful,23.595808,82.733701
ATT001504,SHP001865,EMP03447,2025-06-24,1,Successful,19.945771,81.889649
ATT001505,SHP004613,EMP03603,2025-04-11,1,Successful,23.873782,87.27121
ATT001506,SHP002833,EMP04468,2025-11-03,1,Successful,9.023333,79.537653
ATT001507,SHP002959,EMP04925,2025-07-29,1,Customer Unavailable,24.78644,86.151695
ATT001508,SHP004128,EMP01542,2025-11-08,3,Successful,10.344892,82.547236
ATT001509,SHP003844,EMP02933,2025-12-05,3,Successful,22.578504,81.877587
ATT001510,SHP001153,EMP03125,2025-01-18,1,Successful,9.037802,79.988596
ATT001511,SHP001008,EMP01072,2025-06-23,3,Successful,21.025093,78.810604
ATT001512,SHP003310,EMP01548,2025-08-25,1,Successful,15.17947,84.619136
ATT001513,SHP000098,EMP03865,2025-07-19,1,Successful,21.983153,82.900262
ATT001514,SHP003149,EMP01489,2025-01-04,2,Successful,13.253575,79.563774
ATT001515,SHP001431,EMP00335,2025-12-22,2,Successful,22.556149,87.646175
ATT001516,SHP003360,EMP01597,2025-10-19,3,Rescheduled,12.30106,85.052024
ATT001517,SHP000630,EMP00586,2025-10-05,1,Successful,16.672328,79.020791
ATT001518,SHP000104,EMP01522,2025-12-17,2,Successful,25.344735,84.394066
ATT001519,SHP004263,EMP01940,2025-03-31,3,Rescheduled,16.733923,86.720601
ATT001520,SHP002903,EMP00303,2025-09-14,2,Successful,19.402357,81.214101
ATT001521,SHP003689,EMP03629,2025-12-22,2,Successful,13.338033,79.428267
ATT001522,SHP001958,EMP04138,2025-07-13,2,Rescheduled,25.746341,84.108921
ATT001523,SHP002915,EMP02191,2025-03-30,3,Successful,18.128268,85.510906
ATT001524,SHP000326,EMP03199,2025-03-29,2,Successful,10.837695,80.523711
ATT001525,SHP003116,EMP03190,2025-07-08,2,Successful,26.434402,76.407109
ATT001526,SHP003694,EMP04236,2025-05-15,1,Customer Unavailable,28.294269,87.302634
ATT001527,SHP001873,EMP03656,2025-01-01,3,Address Issue,25.560307,85.169432
ATT001528,SHP001287,EMP00368,2025-07-16,2,Successful,23.061167,82.045181
ATT001529,SHP003371,EMP01998,2025-07-28,1,Successful,17.345442,87.71926
ATT001530,SHP003219,EMP02986,2025-10-20,1,Rescheduled,20.606108,81.876263
ATT001531,SHP003351,EMP01129,2025-07-27,2,Rescheduled,9.079427,79.329926
ATT001532,SHP001566,EMP01897,2025-06-11,2,Successful,22.86785,76.179016
ATT001533,SHP003106,EMP01450,2025-05-02,2,Successful,26.241985,87.071482
ATT001534,SHP004520,EMP01737,2025-12-16,2,Successful,11.498574,77.618669
ATT001535,SHP001582,EMP01641,2025-11-04,1,Address Issue,20.023719,86.635425
ATT001536,SHP004056,EMP03309,2025-04-20,3,Rescheduled,20.902133,80.257807
ATT001537,SHP001186,EMP00322,2025-03-20,2,Successful,26.285376,88.306628
ATT001538,SHP003165,EMP02237,2025-03-03,1,Successful,20.764923,82.460088
ATT001539,SHP000084,EMP01148,2025-08-13,3,Successful,15.692458,79.342863
ATT001540,SHP004336,EMP01803,2025-08-04,3,Successful,19.187256,82.183354
ATT001541,SHP001500,EMP00958,2025-05-27,2,Successful,19.684944,79.372535
ATT001542,SHP001398,EMP01280,2025-09-17,3,Successful,27.605983,81.905623
ATT001543,SHP003742,EMP01293,2025-02-18,1,Successful,24.728345,81.144866
ATT001544,SHP003466,EMP02686,2025-05-31,2,Successful,11.91904,87.711095
ATT001545,SHP003554,EMP01838,2025-01-02,1,Successful,19.524605,76.908533
ATT001546,SHP000590,EMP03455,2025-06-24,3,Successful,15.706959,86.734582
ATT001547,SHP003132,EMP01457,2025-01-19,2,Customer Unavailable,13.534103,81.078706
ATT001548,SHP003419,EMP00288,2025-02-17,1,Customer Unavailable,20.822672,82.056787
ATT001549,SHP002298,EMP01694,2025-12-10,2,Customer Unavailable,19.115045,78.307427
ATT001550,SHP004070,EMP04868,2025-05-06,2,Successful,22.586881,77.481228
ATT001551,SHP004020,EMP03858,2025-01-16,2,Refused,14.201349,87.552601
ATT001552,SHP003910,EMP01650,2025-04-11,3,Successful,26.518475,86.397026
ATT001553,SHP000521,EMP04127,2025-10-09,1,Address Issue,10.407133,76.987296
ATT001554,SHP002738,EMP03768,2025-06-07,3,Successful,17.461854,82.48759
ATT001555,SHP003515,EMP01827,2025-06-25,2,Successful,16.392113,85.846115
ATT001556,SHP001739,EMP00132,2025-05-28,1,Rescheduled,20.889107,78.937245
ATT001557,SHP001961,EMP02187,2025-12-07,1,Successful,19.221901,76.322611
ATT001558,SHP001952,EMP01991,2025-06-14,1,Customer Unavailable,20.034034,80.195189
ATT001559,SHP002957,EMP00924,2025-04-07,1,Customer Unavailable,24.319738,82.900146
ATT001560,SHP003844,EMP04187,2025-06-13,3,Successful,21.110496,76.495342
ATT001561,SHP003100,EMP00313,2025-10-12,2,Rescheduled,21.731492,77.71357
ATT001562,SHP004496,EMP03357,2025-07-14,2,Customer Unavailable,19.248951,86.291658
ATT001563,SHP000065,EMP01439,2025-03-21,2,Successful,8.15001,88.052658
ATT001564,SHP000096,EMP02904,2025-03-20,2,Successful,15.423693,85.964237
ATT001565,SHP000925,EMP03277,2025-10-19,2,Successful,10.018719,88.425486
ATT001566,SHP003081,EMP02461,2025-11-19,2,Successful,16.910926,76.76895
ATT001567,SHP003490,EMP02309,2025-07-19,2,Successful,16.968204,85.174553
ATT001568,SHP004090,EMP04276,2025-05-19,2,Successful,15.53761,80.553735
ATT001569,SHP003239,EMP00536,2025-06-12,2,Successful,21.414459,86.695874
ATT001570,SHP004721,EMP01392,2025-08-27,1,Successful,28.317682,80.73582
ATT001571,SHP000346,EMP03186,2025-01-04,2,Refused,9.616498,81.086188
ATT001572,SHP001676,EMP04224,2025-02-23,2,Successful,25.301352,83.233639
ATT001573,SHP001842,EMP00791,2025-06-12,2,Address Issue,24.269425,76.464649
ATT001574,SHP004421,EMP04813,2025-12-09,3,Customer Unavailable,17.133272,78.744076
ATT001575,SHP000583,EMP01218,2025-01-21,3,Successful,26.805223,86.389991
ATT001576,SHP002250,EMP04467,2025-02-28,2,Successful,11.404071,82.721472
ATT001577,SHP000430,EMP01316,2025-05-30,2,Successful,24.143019,83.459428
ATT001578,SHP003551,EMP03614,2025-06-16,3,Successful,22.096044,86.433679
ATT001579,SHP002920,EMP01076,2025-10-08,2,Successful,9.218143,83.502012
ATT001580,SHP000295,EMP03439,2025-01-23,3,Successful,15.942333,84.977301
ATT001581,SHP000819,EMP01451,2025-05-18,3,Successful,20.753786,78.448026
ATT001582,SHP002444,EMP00827,2025-03-06,1,Successful,16.678494,83.502357
ATT001583,SHP002246,EMP04041,2025-05-04,3,Successful,27.054546,82.225384
ATT001584,SHP002683,EMP04069,2025-12-03,1,Successful,15.324399,84.120952
ATT001585,SHP001244,EMP04254,2025-04-20,3,Successful,8.123543,85.53879
ATT001586,SHP000399,EMP02663,2025-07-05,3,Successful,22.664808,84.944675
ATT001587,SHP000454,EMP03537,2025-11-14,1,Refused,23.973639,86.781588
ATT001588,SHP002616,EMP04591,2025-12-24,3,Successful,13.892164,79.788498
ATT001589,SHP000731,EMP00227,2025-08-09,1,Refused,12.535122,78.96027
ATT001590,SHP001459,EMP03207,2025-01-05,3,Rescheduled,18.551929,84.296304
ATT001591,SHP004006,EMP04480,2025-01-11,2,Address Issue,16.288831,83.201434
ATT001592,SHP003755,EMP00786,2025-05-31,1,Successful,25.500132,80.690758
ATT001593,SHP002128,EMP04449,2025-08-24,1,Successful,15.847039,86.501377
ATT001594,SHP004396,EMP02800,2025-05-30,2,Successful,28.348008,85.519881
ATT001595,SHP000764,EMP03402,2025-05-17,2,Successful,17.154419,79.801161
ATT001596,SHP000764,EMP00604,2025-06-20,2,Successful,27.594002,77.49499
ATT001597,SHP001808,EMP03940,2025-11-23,2,Rescheduled,8.001458,84.291684
ATT001598,SHP000424,EMP01241,2025-02-24,1,Successful,23.944431,82.966772
ATT001599,SHP002069,EMP02949,2025-10-08,3,Rescheduled,10.467872,81.331436
ATT001600,SHP001933,EMP04040,2025-11-24,2,Refused,25.689845,78.612735
ATT001601,SHP002403,EMP02615,2025-05-17,3,Successful,23.681186,85.599863
ATT001602,SHP001139,EMP04270,2025-01-08,3,Successful,9.097446,80.018775
ATT001603,SHP002528,EMP01518,2025-04-19,2,Rescheduled,28.451391,81.156694
ATT001604,SHP003808,EMP03300,2025-03-27,1,Successful,19.169101,83.928803
ATT001605,SHP004453,EMP00066,2025-10-03,3,Customer Unavailable,27.516319,81.186562
ATT001606,SHP001994,EMP01448,2025-01-26,3,Customer Unavailable,10.914968,88.195582
ATT001607,SHP002172,EMP00927,2025-05-13,2,Successful,20.2619,80.28782
ATT001608,SHP004776,EMP02871,2025-11-08,3,Successful,22.489767,87.200466
ATT001609,SHP000366,EMP01553,2025-11-10,3,Customer Unavailable,25.661498,86.757694
ATT001610,SHP001997,EMP04101,2025-02-07,1,Successful,9.298854,87.611367
ATT001611,SHP004813,EMP04595,2025-03-15,2,Rescheduled,20.730858,77.449445
ATT001612,SHP004870,EMP04677,2025-09-12,3,Refused,16.829882,78.23607
ATT001613,SHP003920,EMP01944,2025-08-30,3,Successful,26.33502,77.056543
ATT001614,SHP002881,EMP00218,2025-08-15,2,Successful,25.880256,79.893308
ATT001615,SHP000327,EMP03024,2025-05-02,3,Customer Unavailable,23.147938,76.384949
ATT001616,SHP004753,EMP00470,2025-10-23,2,Address Issue,19.463458,86.920409
ATT001617,SHP002777,EMP03170,2025-12-31,3,Successful,12.744197,78.312598
ATT001618,SHP004999,EMP03542,2025-11-19,3,Address Issue,11.535007,84.706262
ATT001619,SHP000984,EMP04904,2025-08-30,1,Customer Unavailable,26.438714,86.633736
ATT001620,SHP001392,EMP02204,2025-05-04,2,Successful,26.277303,78.856931
ATT001621,SHP001376,EMP01042,2025-09-21,2,Rescheduled,15.220832,85.707169
ATT001622,SHP004925,EMP01861,2025-05-16,1,Successful,13.686112,79.897902
ATT001623,SHP002010,EMP04627,2025-11-20,2,Refused,10.140555,82.111262
ATT001624,SHP000559,EMP01126,2025-09-01,3,Successful,13.4625,86.844417
ATT001625,SHP000515,EMP01193,2025-12-17,2,Rescheduled,14.034591,81.645925
ATT001626,SHP003282,EMP01443,2025-02-01,3,Successful,20.866118,87.329745
ATT001627,SHP003333,EMP01198,2025-07-22,2,Successful,21.716747,76.268122
ATT001628,SHP001289,EMP04754,2025-12-20,1,Successful,19.316829,87.00139
ATT001629,SHP001400,EMP01772,2025-07-30,1,Address Issue,13.440913,77.998872
ATT001630,SHP001440,EMP01737,2025-07-06,3,Customer Unavailable,26.913867,80.384366
ATT001631,SHP000423,EMP04248,2025-01-22,3,Address Issue,11.318429,82.741245
ATT001632,SHP002275,EMP03822,2025-10-01,3,Successful,9.388515,77.358838
ATT001633,SHP000011,EMP00211,2025-04-30,1,Successful,28.39512,79.378007
ATT001634,SHP003250,EMP01177,2025-02-11,2,Customer Unavailable,8.410173,77.709826
ATT001635,SHP002079,EMP01079,2025-12-31,2,Rescheduled,21.728166,84.055695
ATT001636,SHP003790,EMP03541,2025-03-31,1,Successful,14.444866,78.713443
ATT001637,SHP002420,EMP02036,2025-06-12,2,Customer Unavailable,28.179014,77.740734
ATT001638,SHP003967,EMP04203,2025-02-23,3,Customer Unavailable,15.126295,87.661333
ATT001639,SHP004931,EMP03074,2025-04-17,2,Customer Unavailable,25.064662,84.937651
ATT001640,SHP000262,EMP02234,2025-01-12,3,Successful,14.542837,77.368682
ATT001641,SHP002348,EMP04488,2025-10-11,3,Successful,16.72167,84.516534
ATT001642,SHP003398,EMP02466,2025-04-06,3,Successful,21.721979,81.366168
ATT001643,SHP001432,EMP04238,2025-12-17,3,Rescheduled,25.200385,88.159752
ATT001644,SHP004955,EMP03017,2025-08-03,2,Refused,23.860234,78.232229
ATT001645,SHP000659,EMP01751,2025-08-10,2,Successful,17.191062,80.557742
ATT001646,SHP002245,EMP03925,2025-05-27,1,Successful,10.093334,77.440049
ATT001647,SHP004038,EMP00838,2025-08-03,3,Rescheduled,12.789271,82.95217
ATT001648,SHP004768,EMP04475,2025-03-11,3,Successful,9.574448,76.969602
ATT001649,SHP001631,EMP01447,2025-09-17,1,Customer Unavailable,24.982165,78.904288
ATT001650,SHP001322,EMP03599,2025-09-19,2,Successful,24.302867,80.658471
ATT001651,SHP004516,EMP01448,2025-06-20,3,Rescheduled,20.561278,87.318458
ATT001652,SHP003045,EMP00783,2025-11-03,2,Successful,24.363685,82.940266
ATT001653,SHP000985,EMP00556,2025-04-29,3,Successful,22.373306,76.176819
ATT001654,SHP000496,EMP04578,2025-09-28,1,Successful,8.285603,76.811759
ATT001655,SHP000210,EMP03122,2025-02-14,3,Customer Unavailable,13.477641,80.66566
ATT001656,SHP003996,EMP00438,2025-06-09,3,Customer Unavailable,11.114756,78.385938
ATT001657,SHP001795,EMP00952,2025-06-08,2,Rescheduled,22.316717,87.894359
ATT001658,SHP002845,EMP03845,2025-06-15,3,Rescheduled,23.234316,84.56417
ATT001659,SHP002384,EMP02411,2025-10-12,2,Customer Unavailable,18.440278,85.375474
ATT001660,SHP002485,EMP04700,2025-10-12,3,Rescheduled,10.559256,78.062572
ATT001661,SHP002038,EMP01203,2025-06-22,1,Customer Unavailable,27.454516,79.380044
ATT001662,SHP001503,EMP03714,2025-02-09,1,Customer Unavailable,21.769158,83.230146
ATT001663,SHP000167,EMP02077,2025-08-19,2,Address Issue,21.89728,83.420392
ATT001664,SHP000342,EMP03674,2025-12-28,2,Successful,15.722043,79.563448
ATT001665,SHP002537,EMP02592,2025-05-13,1,Successful,18.181016,81.029429
ATT001666,SHP003403,EMP03160,2025-10-20,3,Refused,25.070279,81.627913
ATT001667,SHP003666,EMP03900,2025-06-17,3,Successful,14.584777,79.163291
ATT001668,SHP000988,EMP04024,2025-03-31,2,Customer Unavailable,8.055107,81.218679
ATT001669,SHP002631,EMP03595,2025-01-24,1,Rescheduled,12.176574,82.912998
ATT001670,SHP003242,EMP01143,2025-04-21,2,Successful,19.427708,76.648691
ATT001671,SHP003285,EMP02693,2025-04-06,2,Successful,12.453014,83.128414
ATT001672,SHP002078,EMP03827,2025-04-12,1,Successful,22.657801,79.545597
ATT001673,SHP003921,EMP01398,2025-09-08,1,Successful,11.044722,85.309312
ATT001674,SHP003458,EMP04065,2025-04-04,1,Successful,20.171542,87.545289
ATT001675,SHP002324,EMP00714,2025-04-15,1,Refused,10.607806,84.288544
ATT001676,SHP004520,EMP00320,2025-07-12,1,Successful,22.817533,82.721438
ATT001677,SHP003536,EMP03205,2025-03-02,2,Address Issue,10.454245,82.313318
ATT001678,SHP003741,EMP00648,2025-10-10,1,Address Issue,28.423072,86.817905
ATT001679,SHP001125,EMP02202,2025-04-04,2,Successful,19.587344,80.395572
ATT001680,SHP002481,EMP03958,2025-04-05,2,Address Issue,15.266781,76.32887
ATT001681,SHP000833,EMP01135,2025-05-25,1,Successful,13.093244,86.494915
ATT001682,SHP001465,EMP04518,2025-05-14,1,Refused,23.857497,87.248101
ATT001683,SHP001146,EMP03804,2025-07-11,1,Successful,15.427101,81.832711
ATT001684,SHP000055,EMP03251,2025-04-14,1,Successful,9.690328,83.321292
ATT001685,SHP004903,EMP02690,2025-04-11,3,Successful,21.610991,79.739013
ATT001686,SHP003993,EMP03814,2025-11-22,3,Customer Unavailable,17.506108,80.218193
ATT001687,SHP004062,EMP00749,2025-10-31,1,Customer Unavailable,27.298357,81.627683
ATT001688,SHP002372,EMP02163,2025-02-15,2,Successful,21.421841,80.20666
ATT001689,SHP004300,EMP00915,2025-05-17,1,Customer Unavailable,11.624878,88.203978
ATT001690,SHP001861,EMP04421,2025-04-15,1,Customer Unavailable,18.678361,86.153544
ATT001691,SHP002415,EMP03887,2025-12-20,2,Address Issue,20.864868,79.683398
ATT001692,SHP000063,EMP00509,2025-12-08,3,Successful,13.443481,82.592441
ATT001693,SHP004949,EMP00937,2025-08-21,3,Successful,22.098027,81.613478
ATT001694,SHP004949,EMP03670,2025-12-30,3,Refused,24.024287,88.362966
ATT001695,SHP001823,EMP00413,2025-03-28,2,Successful,8.320331,78.411798
ATT001696,SHP004021,EMP00552,2025-04-04,2,Successful,12.599478,80.472535
ATT001697,SHP000998,EMP03703,2025-03-14,3,Successful,17.171506,80.642142
ATT001698,SHP003117,EMP00181,2025-02-02,2,Customer Unavailable,20.763463,84.486226
ATT001699,SHP003917,EMP03816,2025-04-21,3,Successful,12.689249,84.815171
ATT001700,SHP002946,EMP01173,2025-04-18,2,Successful,25.809829,78.897452
ATT001701,SHP003570,EMP02245,2025-06-06,1,Successful,12.277958,80.423524
ATT001702,SHP003671,EMP03398,2025-04-02,2,Successful,25.287654,79.890224
ATT001703,SHP003706,EMP04630,2025-09-26,1,Refused,17.287971,81.546521
ATT001704,SHP004868,EMP04105,2025-08-20,1,Address Issue,9.897326,76.664106
ATT001705,SHP000684,EMP01134,2025-12-08,2,Successful,22.12919,80.288582
ATT001706,SHP000149,EMP03560,2025-09-01,3,Customer Unavailable,21.83577,81.464418
ATT001707,SHP003040,EMP01326,2025-10-10,3,Successful,16.970729,86.607822
ATT001708,SHP003567,EMP00412,2025-08-01,1,Successful,10.110514,82.500041
ATT001709,SHP004555,EMP04257,2025-01-22,2,Customer Unavailable,10.084867,87.739152
ATT001710,SHP003572,EMP00587,2025-02-14,1,Successful,27.315833,82.948024
ATT001711,SHP004854,EMP01388,2025-05-26,3,Successful,13.687663,84.190736
ATT001712,SHP004517,EMP01451,2025-06-01,2,Customer Unavailable,25.076526,87.24967
ATT001713,SHP000608,EMP04597,2025-07-26,3,Successful,24.083556,77.543104
ATT001714,SHP000712,EMP02636,2025-11-14,2,Address Issue,14.358685,85.95217
ATT001715,SHP004476,EMP00891,2025-10-05,1,Successful,24.663359,77.236835
ATT001716,SHP000444,EMP03920,2025-09-14,1,Successful,10.65091,82.166417
ATT001717,SHP000959,EMP04186,2025-04-01,3,Successful,11.954268,88.040878
ATT001718,SHP000990,EMP03895,2025-05-21,1,Successful,25.307902,87.500616
ATT001719,SHP001068,EMP04010,2025-05-06,1,Successful,8.100759,83.108096
ATT001720,SHP001700,EMP04403,2025-05-14,1,Rescheduled,12.736534,84.260059
ATT001721,SHP002965,EMP03877,2025-07-07,3,Customer Unavailable,19.648088,85.1877
ATT001722,SHP003151,EMP04041,2025-09-30,1,Address Issue,24.844095,78.001608
ATT001723,SHP003527,EMP03622,2025-01-10,2,Address Issue,20.186392,79.57791
ATT001724,SHP000175,EMP02335,2025-07-02,2,Refused,21.379956,80.070295
ATT001725,SHP004884,EMP00367,2025-09-29,3,Successful,14.22783,79.298417
ATT001726,SHP002168,EMP01538,2025-09-04,3,Address Issue,26.77768,83.0051
ATT001727,SHP003377,EMP03339,2025-12-05,2,Successful,12.243762,86.353011
ATT001728,SHP003595,EMP04468,2025-09-25,2,Successful,19.062293,78.043871
ATT001729,SHP001289,EMP04695,2025-05-30,3,Successful,23.378538,80.18926
ATT001730,SHP000379,EMP00702,2025-03-18,3,Refused,22.721818,82.147462
ATT001731,SHP004899,EMP04900,2025-07-22,3,Customer Unavailable,9.723177,78.39443
ATT001732,SHP001801,EMP01169,2025-10-19,2,Successful,14.517292,87.162057
ATT001733,SHP004691,EMP03782,2025-01-11,1,Successful,12.948282,83.142733
ATT001734,SHP001905,EMP01259,2025-06-04,3,Successful,9.227769,83.586656
ATT001735,SHP000565,EMP02164,2025-07-20,3,Successful,22.309387,77.201758
ATT001736,SHP003323,EMP01362,2025-01-13,2,Successful,21.334756,78.339943
ATT001737,SHP000801,EMP01381,2025-06-27,2,Successful,11.9513,78.105225
ATT001738,SHP001425,EMP01541,2025-04-30,1,Customer Unavailable,23.055612,85.36095
ATT001739,SHP000163,EMP01213,2025-12-11,2,Rescheduled,9.941626,84.188856
ATT001740,SHP002742,EMP03181,2025-04-24,1,Successful,28.424749,85.423171
ATT001741,SHP001722,EMP02977,2025-09-12,3,Rescheduled,19.111593,78.281055
ATT001742,SHP002049,EMP03544,2025-03-07,1,Address Issue,12.845221,81.586381
ATT001743,SHP003439,EMP03368,2025-01-11,1,Successful,16.096514,76.727381
ATT001744,SHP002674,EMP03558,2025-08-26,3,Successful,21.558744,78.14898
ATT001745,SHP003624,EMP04428,2025-03-18,1,Customer Unavailable,9.04963,76.6057
ATT001746,SHP000800,EMP02352,2025-06-05,3,Successful,28.113057,80.752986
ATT001747,SHP003425,EMP01476,2025-05-18,3,Rescheduled,17.265253,86.399999
ATT001748,SHP000882,EMP03099,2025-10-19,3,Rescheduled,11.666794,78.876102
ATT001749,SHP003952,EMP02085,2025-10-18,2,Successful,23.500053,82.213041
ATT001750,SHP001601,EMP01284,2025-05-13,2,Successful,11.206482,83.241079
ATT001751,SHP003344,EMP03222,2025-12-29,2,Successful,26.288747,83.446716
ATT001752,SHP000643,EMP01623,2025-09-05,3,Successful,8.836743,79.779087
ATT001753,SHP000508,EMP00766,2025-08-11,3,Address Issue,28.250117,79.143557
ATT001754,SHP004564,EMP01821,2025-12-26,3,Rescheduled,16.865112,81.740857
ATT001755,SHP000608,EMP03321,2025-09-20,3,Rescheduled,9.202388,85.575051
ATT001756,SHP001754,EMP02155,2025-12-10,1,Customer Unavailable,26.828567,86.095917
ATT001757,SHP002119,EMP01628,2025-07-08,2,Customer Unavailable,16.949965,77.464998
ATT001758,SHP003309,EMP01375,2025-03-27,2,Successful,14.285471,76.486081
ATT001759,SHP002746,EMP02326,2025-03-16,2,Successful,23.896036,79.624006
ATT001760,SHP001580,EMP00184,2025-11-13,3,Successful,19.549998,85.977844
ATT001761,SHP000477,EMP01725,2025-05-26,1,Successful,21.420328,87.42934
ATT001762,SHP000677,EMP03287,2025-04-03,3,Successful,11.870581,86.006886
ATT001763,SHP001259,EMP01958,2025-05-13,3,Successful,27.17286,77.379984
ATT001764,SHP001233,EMP03559,2025-08-20,1,Customer Unavailable,24.862491,87.922403
ATT001765,SHP004743,EMP01013,2025-04-24,3,Customer Unavailable,21.882905,81.280004
ATT001766,SHP002815,EMP01663,2025-12-18,1,Refused,23.093271,82.571683
ATT001767,SHP003555,EMP00211,2025-10-13,1,Rescheduled,27.013946,81.788945
ATT001768,SHP002874,EMP00047,2025-11-22,3,Successful,16.718811,87.421501
ATT001769,SHP004273,EMP04735,2025-03-26,3,Customer Unavailable,21.620803,85.542917
ATT001770,SHP000104,EMP04187,2025-04-17,3,Successful,25.431093,85.488135
ATT001771,SHP004539,EMP03272,2025-10-02,2,Successful,26.903501,86.478755
ATT001772,SHP004780,EMP01623,2025-03-30,2,Refused,27.526597,76.619683
ATT001773,SHP001267,EMP04925,2025-09-12,3,Address Issue,21.456143,82.776638
ATT001774,SHP003006,EMP02010,2025-02-10,1,Refused,19.715058,82.381466
ATT001775,SHP004876,EMP01416,2025-09-06,2,Customer Unavailable,26.049744,80.405721
ATT001776,SHP002357,EMP01465,2025-11-13,3,Rescheduled,14.561803,83.13003
ATT001777,SHP004910,EMP00933,2025-09-15,1,Successful,26.967952,81.839971
ATT001778,SHP001897,EMP03634,2025-03-19,3,Successful,10.043059,82.826986
ATT001779,SHP002545,EMP00945,2025-08-25,1,Address Issue,13.846278,84.977226
ATT001780,SHP000219,EMP03504,2025-09-29,2,Successful,26.770283,84.531926
ATT001781,SHP001913,EMP03372,2025-04-11,2,Address Issue,26.301633,83.233031
ATT001782,SHP004951,EMP02145,2025-10-16,1,Successful,11.624433,80.947677
ATT001783,SHP003303,EMP01394,2025-07-01,2,Successful,23.019015,78.732428
ATT001784,SHP003467,EMP02985,2025-10-28,1,Successful,17.474861,87.564647
ATT001785,SHP000860,EMP04776,2025-05-23,2,Customer Unavailable,20.246147,77.564301
ATT001786,SHP001601,EMP00422,2025-01-27,3,Successful,27.286208,87.026754
ATT001787,SHP002817,EMP01643,2025-11-28,1,Successful,23.87341,77.037494
ATT001788,SHP003644,EMP03671,2025-10-19,2,Address Issue,16.044808,81.576306
ATT001789,SHP000484,EMP00378,2025-04-01,1,Successful,11.775706,87.146897
ATT001790,SHP001931,EMP04110,2025-04-03,2,Successful,27.558732,78.432186
ATT001791,SHP004644,EMP01007,2025-06-30,2,Successful,18.614447,85.294568
ATT001792,SHP000140,EMP03992,2025-07-29,2,Rescheduled,14.016878,76.827306
ATT001793,SHP002600,EMP01741,2025-08-19,3,Successful,15.796771,86.714696
ATT001794,SHP004001,EMP00353,2025-11-23,2,Successful,9.422061,76.132579
ATT001795,SHP000745,EMP00795,2025-02-15,2,Successful,19.952914,83.924872
ATT001796,SHP002332,EMP04195,2025-04-22,1,Successful,14.986885,82.768842
ATT001797,SHP003513,EMP01526,2025-11-27,3,Rescheduled,16.898968,86.569862
ATT001798,SHP000256,EMP00054,2025-02-19,3,Successful,25.264068,83.13024
ATT001799,SHP004905,EMP00077,2025-08-04,3,Rescheduled,27.874407,80.579188
ATT001800,SHP004443,EMP04095,2025-05-10,1,Successful,8.9845,78.908392
ATT001801,SHP001674,EMP00045,2025-09-08,2,Address Issue,26.351782,80.325486
ATT001802,SHP000611,EMP00467,2025-12-21,2,Successful,8.625852,80.360118
ATT001803,SHP001352,EMP00168,2025-11-29,1,Successful,16.278945,77.449672
ATT001804,SHP004462,EMP00119,2025-07-21,2,Successful,17.770914,88.032221
ATT001805,SHP000734,EMP00465,2025-01-02,2,Successful,23.72076,81.375459
ATT001806,SHP003363,EMP01332,2025-07-31,2,Customer Unavailable,27.180003,77.64119
ATT001807,SHP001415,EMP04326,2025-10-09,2,Customer Unavailable,27.785604,76.395096
ATT001808,SHP001206,EMP01967,2025-07-14,3,Address Issue,10.437783,86.682778
ATT001809,SHP004002,EMP04165,2025-07-24,2,Rescheduled,26.618201,83.674849
ATT001810,SHP003295,EMP04774,2025-02-02,1,Successful,15.072731,84.872739
ATT001811,SHP003410,EMP02104,2025-04-26,2,Address Issue,25.707172,88.132928
ATT001812,SHP004778,EMP01462,2025-08-18,3,Customer Unavailable,22.170042,78.43825
ATT001813,SHP002036,EMP04777,2025-06-02,3,Successful,15.677449,85.47438
ATT001814,SHP003465,EMP02155,2025-01-24,2,Customer Unavailable,24.069256,80.176327
ATT001815,SHP002581,EMP03405,2025-08-01,3,Customer Unavailable,11.798257,77.95673
ATT001816,SHP000387,EMP01625,2025-02-08,2,Successful,17.247736,77.272702
ATT001817,SHP004581,EMP00339,2025-02-10,3,Customer Unavailable,15.083632,85.756797
ATT001818,SHP003767,EMP03573,2025-10-30,2,Rescheduled,26.789122,86.979467
ATT001819,SHP001534,EMP03111,2025-11-16,2,Customer Unavailable,22.030329,80.92462
ATT001820,SHP003214,EMP01118,2025-06-18,1,Successful,28.038522,80.837442
ATT001821,SHP004811,EMP02511,2025-07-21,2,Rescheduled,19.221137,82.201003
ATT001822,SHP003051,EMP04201,2025-07-06,3,Successful,23.741655,82.724517
ATT001823,SHP001626,EMP00278,2025-03-18,3,Rescheduled,17.081794,82.349054
ATT001824,SHP000724,EMP03416,2025-05-19,1,Customer Unavailable,21.405503,84.511584
ATT001825,SHP001984,EMP00559,2025-08-20,2,Successful,23.486221,76.72645
ATT001826,SHP004957,EMP03675,2025-10-02,3,Address Issue,24.923137,83.806268
ATT001827,SHP003609,EMP01788,2025-03-02,3,Successful,14.861133,88.248006
ATT001828,SHP004270,EMP04281,2025-11-18,2,Customer Unavailable,28.240202,83.080772
ATT001829,SHP000628,EMP00153,2025-09-20,1,Successful,9.198168,76.833589
ATT001830,SHP003662,EMP00454,2025-07-13,1,Successful,10.351142,87.39605
ATT001831,SHP004665,EMP02132,2025-10-25,3,Successful,11.507645,88.141997
ATT001832,SHP000730,EMP02037,2025-10-09,2,Successful,18.055817,77.407936
ATT001833,SHP004226,EMP03562,2025-07-23,3,Successful,11.184145,85.305385
ATT001834,SHP001652,EMP04212,2025-09-29,2,Refused,14.317591,78.769515
ATT001835,SHP004505,EMP00561,2025-01-05,2,Successful,19.427455,79.90163
ATT001836,SHP002869,EMP02327,2025-01-25,1,Successful,14.616706,77.198411
ATT001837,SHP000711,EMP04726,2025-05-25,2,Successful,24.789352,81.709749
ATT001838,SHP004271,EMP03517,2025-03-14,3,Customer Unavailable,12.741222,81.564493
ATT001839,SHP001968,EMP01727,2025-02-23,2,Successful,25.526758,79.419694
ATT001840,SHP002885,EMP04619,2025-01-25,3,Address Issue,18.16748,81.573994
ATT001841,SHP002527,EMP04493,2025-05-17,1,Customer Unavailable,20.510555,79.315357
ATT001842,SHP002556,EMP04009,2025-05-14,3,Successful,9.037156,84.206493
ATT001843,SHP003609,EMP01920,2025-07-15,2,Successful,14.667835,85.093933
ATT001844,SHP001741,EMP03084,2025-10-18,2,Successful,11.941944,76.192999
ATT001845,SHP002884,EMP03705,2025-01-15,3,Successful,21.367056,79.498436
ATT001846,SHP000536,EMP04233,2025-02-17,3,Address Issue,23.989102,81.939006
ATT001847,SHP000443,EMP04256,2025-03-02,1,Customer Unavailable,11.419321,80.015828
ATT001848,SHP003460,EMP00087,2025-08-17,2,Successful,20.554108,83.557475
ATT001849,SHP000231,EMP01440,2025-10-06,3,Customer Unavailable,10.597543,87.017932
ATT001850,SHP000771,EMP04618,2025-04-16,2,Customer Unavailable,21.225672,83.129453
ATT001851,SHP004171,EMP03528,2025-10-10,3,Successful,10.685464,84.689614
ATT001852,SHP001167,EMP03818,2025-04-28,3,Customer Unavailable,25.039295,79.104152
ATT001853,SHP001038,EMP02475,2025-04-09,2,Successful,21.890931,87.863569
ATT001854,SHP003985,EMP03590,2025-12-23,1,Successful,23.916542,78.940514
ATT001855,SHP003749,EMP01816,2025-03-08,1,Successful,13.443624,76.7315
ATT001856,SHP004246,EMP03438,2025-08-13,3,Successful,24.299148,84.229903
ATT001857,SHP002186,EMP02438,2025-10-23,3,Customer Unavailable,25.171286,87.363753
ATT001858,SHP003183,EMP03566,2025-05-06,1,Successful,9.097017,83.066325
ATT001859,SHP004226,EMP04080,2025-07-23,3,Successful,16.247976,80.077303
ATT001860,SHP002919,EMP02707,2025-08-03,1,Refused,25.713579,87.373721
ATT001861,SHP004038,EMP03121,2025-10-10,1,Successful,15.82798,84.011826
ATT001862,SHP004478,EMP00405,2025-09-26,3,Successful,26.870494,83.921288
ATT001863,SHP001289,EMP02849,2025-07-19,2,Successful,10.044453,76.672037
ATT001864,SHP003565,EMP01315,2025-12-09,2,Rescheduled,20.055168,76.235
ATT001865,SHP004222,EMP01057,2025-03-03,2,Successful,13.845166,85.055411
ATT001866,SHP000130,EMP02040,2025-08-11,3,Successful,15.640168,76.949241
ATT001867,SHP000900,EMP04956,2025-10-18,2,Successful,19.471281,80.31742
ATT001868,SHP003568,EMP01745,2025-02-13,1,Successful,9.716462,82.862361
ATT001869,SHP002334,EMP03824,2025-08-08,3,Successful,15.704806,84.292854
ATT001870,SHP001941,EMP03885,2025-06-25,2,Successful,9.800655,78.938766
ATT001871,SHP004436,EMP00705,2025-06-25,1,Address Issue,13.068418,86.896926
ATT001872,SHP004258,EMP00433,2025-12-13,1,Address Issue,21.574589,78.347744
ATT001873,SHP003810,EMP02317,2025-09-01,1,Successful,10.514277,84.994446
ATT001874,SHP000875,EMP04264,2025-04-30,2,Successful,18.862328,76.134629
ATT001875,SHP000450,EMP03804,2025-05-02,3,Successful,23.110046,76.210066
ATT001876,SHP000435,EMP03787,2025-03-02,3,Successful,22.595422,83.318492
ATT001877,SHP003948,EMP00013,2025-11-24,3,Successful,9.445337,80.794121
ATT001878,SHP002323,EMP02970,2025-07-15,2,Refused,17.832165,82.967565
ATT001879,SHP003785,EMP03101,2025-01-20,1,Customer Unavailable,16.377791,77.781009
ATT001880,SHP000700,EMP02532,2025-08-29,2,Address Issue,10.336235,78.114807
ATT001881,SHP004732,EMP01083,2025-05-03,2,Successful,25.658446,88.105112
ATT001882,SHP002667,EMP04092,2025-09-04,1,Successful,25.409581,82.618658
ATT001883,SHP004433,EMP03146,2025-12-02,3,Successful,25.594913,77.106665
ATT001884,SHP000329,EMP03222,2025-02-22,3,Successful,8.16113,82.316069
ATT001885,SHP003786,EMP00178,2025-03-13,1,Successful,12.906956,76.720306
ATT001886,SHP001534,EMP00625,2025-11-04,1,Customer Unavailable,14.603053,79.755822
ATT001887,SHP000020,EMP01868,2025-03-29,2,Successful,8.470362,87.159791
ATT001888,SHP002605,EMP02324,2025-08-14,2,Successful,27.843619,83.785129
ATT001889,SHP001374,EMP00626,2025-02-25,1,Refused,8.528034,80.533398
ATT001890,SHP002654,EMP03650,2025-03-10,3,Successful,8.98003,83.605358
ATT001891,SHP000982,EMP01600,2025-08-28,1,Successful,15.129934,87.979927
ATT001892,SHP001090,EMP02492,2025-03-14,1,Rescheduled,15.552049,83.073656
ATT001893,SHP003938,EMP00399,2025-09-26,1,Refused,26.876352,86.631368
ATT001894,SHP004871,EMP03342,2025-04-23,1,Successful,16.62095,78.576638
ATT001895,SHP002901,EMP02913,2025-12-01,2,Successful,15.89489,86.317461
ATT001896,SHP004482,EMP03131,2025-03-25,1,Rescheduled,8.727446,87.947372
ATT001897,SHP004426,EMP02505,2025-12-13,3,Successful,9.387781,77.334322
ATT001898,SHP003651,EMP00966,2025-07-12,1,Successful,15.537461,86.181186
ATT001899,SHP001958,EMP00778,2025-12-14,1,Customer Unavailable,27.615576,82.672819
ATT001900,SHP004729,EMP01991,2025-10-12,3,Successful,12.238363,79.236893
ATT001901,SHP004611,EMP02837,2025-11-23,1,Rescheduled,24.797874,87.274237
ATT001902,SHP001083,EMP04973,2025-11-16,1,Customer Unavailable,14.344337,76.73778
ATT001903,SHP003011,EMP04273,2025-12-31,3,Successful,20.627918,88.189849
ATT001904,SHP002731,EMP03391,2025-12-11,1,Successful,22.498278,78.291026
ATT001905,SHP003469,EMP02181,2025-02-05,2,Refused,9.31589,88.073571
ATT001906,SHP001808,EMP02237,2025-09-11,1,Address Issue,22.439842,79.654764
ATT001907,SHP004113,EMP01119,2025-09-24,1,Refused,21.180637,84.202557
ATT001908,SHP000088,EMP01442,2025-09-11,3,Successful,20.791011,87.990725
ATT001909,SHP003172,EMP00785,2025-05-03,2,Successful,17.693355,88.198104
ATT001910,SHP000613,EMP03782,2025-10-08,3,Successful,15.690745,83.022368
ATT001911,SHP004307,EMP02970,2025-09-16,3,Successful,16.897862,86.63091
ATT001912,SHP003758,EMP01782,2025-12-25,2,Successful,12.022798,84.558504
ATT001913,SHP003601,EMP00514,2025-09-30,1,Successful,22.387323,76.197839
ATT001914,SHP001903,EMP00122,2025-11-01,3,Address Issue,13.4972,76.952691
ATT001915,SHP001980,EMP02587,2025-04-05,2,Successful,21.73728,85.20568
ATT001916,SHP004606,EMP03044,2025-09-07,1,Successful,25.832823,76.301682
ATT001917,SHP001558,EMP02283,2025-02-02,1,Customer Unavailable,27.257774,76.051287
ATT001918,SHP003585,EMP03633,2025-08-25,1,Customer Unavailable,19.945791,83.377047
ATT001919,SHP002536,EMP03263,2025-11-23,2,Refused,27.439698,78.457962
ATT001920,SHP004737,EMP00580,2025-11-03,3,Successful,9.762418,85.684677
ATT001921,SHP004345,EMP00513,2025-04-29,3,Customer Unavailable,25.703341,79.1717
ATT001922,SHP002402,EMP02633,2025-01-31,3,Rescheduled,13.345895,76.931259
ATT001923,SHP004221,EMP00148,2025-09-08,1,Successful,9.705622,76.771541
ATT001924,SHP002963,EMP01450,2025-02-17,3,Customer Unavailable,20.835126,77.177455
ATT001925,SHP003970,EMP00108,2025-11-15,3,Successful,17.950868,85.584866
ATT001926,SHP000685,EMP00497,2025-08-12,1,Rescheduled,13.654369,76.160455
ATT001927,SHP000330,EMP02951,2025-10-02,1,Successful,23.990381,85.958497
ATT001928,SHP003213,EMP02819,2025-07-20,3,Customer Unavailable,27.711728,76.96084
ATT001929,SHP002541,EMP00388,2025-04-01,3,Customer Unavailable,11.940507,78.664323
ATT001930,SHP002459,EMP02966,2025-12-20,3,Successful,12.020153,78.839041
ATT001931,SHP001923,EMP01948,2025-12-21,2,Successful,10.452233,76.397111
ATT001932,SHP000005,EMP01763,2025-03-27,3,Customer Unavailable,28.23285,78.981639
ATT001933,SHP001366,EMP03523,2025-04-17,2,Successful,16.836478,78.721172
ATT001934,SHP003585,EMP02133,2025-01-10,3,Successful,14.889992,87.25738
ATT001935,SHP001462,EMP01673,2025-05-20,3,Successful,19.585977,79.82656
ATT001936,SHP000971,EMP03713,2025-02-14,1,Successful,24.126851,78.833833
ATT001937,SHP000866,EMP02294,2025-07-27,1,Address Issue,20.898823,86.112132
ATT001938,SHP004989,EMP03784,2025-06-22,2,Successful,18.756094,86.386231
ATT001939,SHP000914,EMP03968,2025-04-09,2,Successful,23.588069,83.76785
ATT001940,SHP004208,EMP04806,2025-11-24,2,Successful,26.498706,82.014763
ATT001941,SHP001566,EMP02438,2025-08-26,1,Customer Unavailable,20.846023,76.850644
ATT001942,SHP000545,EMP00784,2025-06-07,3,Customer Unavailable,17.054678,76.488596
ATT001943,SHP001731,EMP02589,2025-11-12,2,Successful,17.250425,86.944837
ATT001944,SHP001194,EMP00058,2025-01-09,1,Successful,9.504969,78.32647
ATT001945,SHP003235,EMP04302,2025-07-19,1,Successful,15.262611,80.212536
ATT001946,SHP000836,EMP04680,2025-12-07,1,Successful,14.937183,84.278345
ATT001947,SHP002736,EMP00631,2025-02-08,3,Successful,25.000469,78.596178
ATT001948,SHP001473,EMP00086,2025-07-12,2,Successful,25.56638,78.514189
ATT001949,SHP003797,EMP00508,2025-08-21,3,Rescheduled,17.083577,87.220126
ATT001950,SHP004780,EMP03583,2025-09-16,1,Successful,21.068018,82.333874
ATT001951,SHP003162,EMP02271,2025-02-09,1,Successful,10.679767,78.800859
ATT001952,SHP000659,EMP03297,2025-10-15,2,Successful,17.320609,85.264231
ATT001953,SHP002795,EMP01756,2025-09-27,1,Customer Unavailable,25.362194,78.181213
ATT001954,SHP001239,EMP02382,2025-08-02,1,Successful,10.289894,77.420289
ATT001955,SHP000630,EMP01939,2025-07-30,1,Refused,17.867731,77.178192
ATT001956,SHP004381,EMP01785,2025-03-30,3,Successful,10.71585,80.935839
ATT001957,SHP001287,EMP00808,2025-05-26,3,Successful,17.159798,82.830729
ATT001958,SHP001626,EMP04751,2025-03-26,2,Address Issue,9.388008,82.990277
ATT001959,SHP003047,EMP02406,2025-07-03,3,Address Issue,15.499857,88.371785
ATT001960,SHP001284,EMP04837,2025-09-19,1,Customer Unavailable,28.005421,82.369224
ATT001961,SHP001428,EMP03330,2025-12-10,2,Successful,22.672768,77.537
ATT001962,SHP001220,EMP03058,2025-04-04,3,Successful,26.188639,83.35948
ATT001963,SHP004624,EMP03537,2025-11-15,1,Customer Unavailable,26.091465,84.785006
ATT001964,SHP004384,EMP03144,2025-07-03,2,Refused,26.292403,77.598074
ATT001965,SHP000434,EMP00093,2025-04-05,3,Successful,14.113139,76.634551
ATT001966,SHP003548,EMP02605,2025-01-28,2,Rescheduled,13.614111,84.39003
ATT001967,SHP000710,EMP02051,2025-04-27,2,Successful,15.735736,88.005478
ATT001968,SHP002878,EMP04109,2025-12-03,1,Successful,12.339664,78.700262
ATT001969,SHP003182,EMP01545,2025-09-03,2,Successful,16.360989,84.923546
ATT001970,SHP004702,EMP04856,2025-01-15,1,Successful,18.513654,85.302138
ATT001971,SHP000996,EMP00360,2025-04-28,2,Successful,16.007704,85.822224
ATT001972,SHP001712,EMP02094,2025-01-02,1,Refused,17.122839,76.325135
ATT001973,SHP004840,EMP01799,2025-07-30,3,Successful,26.48944,77.172646
ATT001974,SHP004935,EMP04025,2025-01-30,2,Customer Unavailable,9.207698,84.437091
ATT001975,SHP000346,EMP01536,2025-09-23,1,Successful,24.682609,87.628186
ATT001976,SHP001473,EMP00003,2025-06-13,1,Customer Unavailable,26.147489,82.173955
ATT001977,SHP002593,EMP04479,2025-07-27,1,Customer Unavailable,9.121043,80.038355
ATT001978,SHP004492,EMP01120,2025-07-31,1,Successful,12.624404,83.093265
ATT001979,SHP003781,EMP00691,2025-08-23,2,Successful,22.506643,77.551188
ATT001980,SHP003417,EMP02731,2025-05-25,3,Successful,26.340952,80.387174
ATT001981,SHP000831,EMP00735,2025-04-30,1,Address Issue,14.873076,80.825013
ATT001982,SHP000427,EMP01441,2025-04-14,1,Successful,15.249688,84.89948
ATT001983,SHP001640,EMP02340,2025-07-05,2,Rescheduled,26.607971,78.343253
ATT001984,SHP003166,EMP04108,2025-07-18,2,Successful,12.838525,86.77823
ATT001985,SHP002470,EMP04270,2025-01-21,1,Successful,11.835792,86.320284
ATT001986,SHP000483,EMP01137,2025-10-08,3,Customer Unavailable,21.755147,80.393754
ATT001987,SHP000193,EMP00417,2025-09-29,1,Rescheduled,11.738109,87.471619
ATT001988,SHP003322,EMP01039,2025-11-22,3,Successful,13.69011,77.691887
ATT001989,SHP003971,EMP03145,2025-02-04,2,Successful,16.324235,77.1012
ATT001990,SHP001640,EMP00166,2025-04-13,3,Successful,9.9172,88.416101
ATT001991,SHP004778,EMP00454,2025-02-10,1,Successful,21.258807,82.377347
ATT001992,SHP004111,EMP01243,2025-06-15,2,Successful,24.789464,85.935514
ATT001993,SHP000240,EMP04665,2025-10-27,1,Customer Unavailable,24.909939,82.101691
ATT001994,SHP003648,EMP02738,2025-06-03,2,Successful,21.142007,77.243912
ATT001995,SHP000476,EMP04966,2025-07-27,2,Customer Unavailable,17.788461,79.455561
ATT001996,SHP004023,EMP02960,2025-09-15,3,Customer Unavailable,15.124664,77.240897
ATT001997,SHP002167,EMP02751,2025-04-06,2,Customer Unavailable,8.132126,83.881191
ATT001998,SHP002560,EMP02415,2025-03-09,1,Successful,26.198682,81.311915
ATT001999,SHP002425,EMP02988,2025-10-24,3,Refused,8.446179,78.197872
ATT002000,SHP002064,EMP04264,2025-11-16,3,Customer Unavailable,19.019536,77.700454
ATT002001,SHP004300,EMP02867,2025-05-12,2,Successful,11.534068,80.919257
ATT002002,SHP000615,EMP03767,2025-04-02,3,Successful,20.655948,84.936297
ATT002003,SHP004063,EMP04093,2025-05-24,2,Successful,9.920981,77.66926
ATT002004,SHP003160,EMP02484,2025-04-18,2,Successful,19.402301,86.690757
ATT002005,SHP004238,EMP04886,2025-05-19,2,Successful,24.117268,86.931242
ATT002006,SHP002323,EMP04721,2025-06-21,3,Customer Unavailable,18.739315,81.99625
ATT002007,SHP002048,EMP00965,2025-12-19,2,Address Issue,11.574371,85.906494
ATT002008,SHP004955,EMP04404,2025-05-15,1,Successful,20.574899,87.413445
ATT002009,SHP004034,EMP02589,2025-04-22,3,Successful,19.727385,85.69026
ATT002010,SHP000642,EMP00623,2025-06-03,3,Customer Unavailable,26.239863,76.158965
ATT002011,SHP000433,EMP03380,2025-03-29,2,Customer Unavailable,8.742812,85.595593
ATT002012,SHP000458,EMP02113,2025-01-11,3,Successful,23.031083,76.199384
ATT002013,SHP002776,EMP02278,2025-06-03,1,Customer Unavailable,16.886228,79.352289
ATT002014,SHP000617,EMP02308,2025-04-06,3,Successful,17.279281,88.435692
ATT002015,SHP001342,EMP03085,2025-10-09,1,Successful,27.857257,76.257307
ATT002016,SHP002294,EMP03232,2025-07-23,2,Rescheduled,15.352098,82.860866
ATT002017,SHP004596,EMP04898,2025-07-17,1,Successful,20.128852,79.468915
ATT002018,SHP004609,EMP02994,2025-04-08,3,Customer Unavailable,13.374213,84.248196
ATT002019,SHP000757,EMP01771,2025-12-05,3,Successful,15.616438,81.640398
ATT002020,SHP001364,EMP03711,2025-04-26,1,Successful,19.561678,78.264678
ATT002021,SHP004033,EMP00385,2025-06-29,2,Refused,28.419203,87.213083
ATT002022,SHP004846,EMP04839,2025-08-19,1,Customer Unavailable,19.902035,84.923711
ATT002023,SHP003505,EMP02537,2025-06-23,1,Rescheduled,12.657511,84.406679
ATT002024,SHP001190,EMP04061,2025-07-17,3,Customer Unavailable,27.775287,82.277256
ATT002025,SHP004906,EMP02436,2025-07-07,3,Successful,13.46429,87.382919
ATT002026,SHP000765,EMP01177,2025-02-28,1,Successful,19.9257,82.867997
ATT002027,SHP001803,EMP00240,2025-09-10,1,Successful,8.821171,87.54733
ATT002028,SHP001407,EMP00409,2025-07-10,2,Rescheduled,17.261237,82.132955
ATT002029,SHP001579,EMP00284,2025-11-15,1,Successful,27.30446,77.234926
ATT002030,SHP001749,EMP00983,2025-03-28,2,Refused,8.50218,80.560154
ATT002031,SHP000396,EMP04819,2025-09-26,1,Successful,13.941482,77.234258
ATT002032,SHP004789,EMP04142,2025-06-16,2,Successful,21.263166,84.751977
ATT002033,SHP000553,EMP00218,2025-05-24,2,Successful,22.451536,83.614295
ATT002034,SHP004509,EMP03149,2025-11-05,3,Refused,18.46761,86.473705
ATT002035,SHP003725,EMP02767,2025-02-27,3,Successful,23.853862,79.510391
ATT002036,SHP003675,EMP00865,2025-04-02,3,Successful,14.3581,77.494709
ATT002037,SHP001503,EMP02041,2025-01-28,1,Refused,14.804728,78.246543
ATT002038,SHP001298,EMP03985,2025-08-06,3,Successful,19.285803,79.36198
ATT002039,SHP002042,EMP03265,2025-11-22,2,Successful,17.280828,81.122454
ATT002040,SHP002557,EMP00218,2025-04-06,3,Successful,14.574794,80.852255
ATT002041,SHP003492,EMP01158,2025-07-09,3,Successful,9.419705,82.850551
ATT002042,SHP003719,EMP00492,2025-06-01,1,Refused,8.714472,80.208737
ATT002043,SHP000464,EMP03907,2025-10-30,1,Customer Unavailable,22.910984,86.086026
ATT002044,SHP000170,EMP00937,2025-03-02,1,Successful,11.097641,80.714121
ATT002045,SHP000813,EMP02819,2025-01-05,2,Successful,10.174805,85.212769
ATT002046,SHP002888,EMP01779,2025-02-27,1,Refused,19.063398,82.592561
ATT002047,SHP001805,EMP01787,2025-07-22,3,Successful,22.951992,84.952317
ATT002048,SHP001102,EMP01073,2025-06-08,2,Successful,27.132975,88.149202
ATT002049,SHP001626,EMP03513,2025-05-11,2,Successful,20.805295,84.143443
ATT002050,SHP004915,EMP03629,2025-10-18,3,Refused,27.118696,88.142882
ATT002051,SHP004191,EMP02792,2025-10-26,2,Successful,18.760216,85.692144
ATT002052,SHP002442,EMP02145,2025-03-29,2,Successful,20.337087,84.127255
ATT002053,SHP003381,EMP02328,2025-10-20,2,Successful,24.427107,82.733348
ATT002054,SHP001734,EMP02175,2025-09-13,3,Successful,21.624506,79.444192
ATT002055,SHP004788,EMP01081,2025-02-06,2,Customer Unavailable,18.685226,85.043719
ATT002056,SHP003505,EMP04036,2025-01-07,1,Successful,18.971951,82.099343
ATT002057,SHP004040,EMP04101,2025-02-16,1,Successful,18.974727,76.597457
ATT002058,SHP000896,EMP04395,2025-10-05,3,Successful,15.178864,85.427328
ATT002059,SHP000416,EMP03072,2025-12-02,1,Successful,16.509328,83.885438
ATT002060,SHP003379,EMP01992,2025-09-20,2,Customer Unavailable,21.777515,78.882876
ATT002061,SHP004334,EMP00970,2025-09-29,3,Rescheduled,11.851676,78.274818
ATT002062,SHP000296,EMP03579,2025-03-24,3,Customer Unavailable,27.16775,80.664264
ATT002063,SHP003604,EMP02606,2025-06-19,1,Address Issue,25.439337,77.464154
ATT002064,SHP004938,EMP04839,2025-01-03,3,Successful,20.123483,80.824698
ATT002065,SHP002300,EMP01040,2025-08-14,1,Rescheduled,16.549506,79.55421
ATT002066,SHP000951,EMP03766,2025-07-06,1,Successful,25.727421,88.403167
ATT002067,SHP004440,EMP02712,2025-01-09,3,Successful,21.748993,82.819176
ATT002068,SHP001463,EMP00496,2025-08-16,2,Successful,25.331592,81.836861
ATT002069,SHP001418,EMP04845,2025-02-14,3,Successful,16.043396,87.088984
ATT002070,SHP002683,EMP04747,2025-04-30,1,Successful,25.336466,87.399595
ATT002071,SHP002789,EMP04567,2025-01-03,1,Rescheduled,8.867248,78.546979
ATT002072,SHP001986,EMP03127,2025-04-22,3,Successful,9.648263,77.604584
ATT002073,SHP003847,EMP01037,2025-10-09,1,Successful,27.017334,85.986535
ATT002074,SHP004264,EMP04988,2025-03-31,1,Successful,16.392382,78.378511
ATT002075,SHP002714,EMP02743,2025-06-26,1,Address Issue,27.723648,81.458114
ATT002076,SHP001078,EMP03459,2025-04-01,3,Successful,22.505052,78.47936
ATT002077,SHP002360,EMP01470,2025-03-23,3,Successful,20.169312,86.966401
ATT002078,SHP004750,EMP01590,2025-10-15,2,Successful,16.726146,82.717112
ATT002079,SHP002816,EMP01745,2025-06-21,1,Successful,26.995247,87.415218
ATT002080,SHP001146,EMP03112,2025-02-01,3,Customer Unavailable,23.780727,78.149591
ATT002081,SHP000764,EMP03053,2025-10-16,3,Successful,17.492965,88.257151
ATT002082,SHP002212,EMP04750,2025-12-10,1,Successful,14.412291,88.329083
ATT002083,SHP001528,EMP02214,2025-11-15,2,Rescheduled,19.025817,87.915856
ATT002084,SHP003949,EMP02731,2025-07-04,3,Successful,21.003717,77.073616
ATT002085,SHP002442,EMP02474,2025-09-11,3,Customer Unavailable,20.548442,85.680096
ATT002086,SHP000369,EMP03981,2025-07-29,1,Successful,19.876788,76.2752
ATT002087,SHP000884,EMP00978,2025-11-06,1,Successful,14.951887,84.204284
ATT002088,SHP004591,EMP00383,2025-09-20,2,Successful,25.796805,83.495571
ATT002089,SHP002883,EMP03757,2025-11-15,1,Successful,23.372983,83.230499
ATT002090,SHP002687,EMP04238,2025-12-20,2,Rescheduled,13.286439,76.996943
ATT002091,SHP004276,EMP03111,2025-06-28,3,Customer Unavailable,21.229045,85.923985
ATT002092,SHP001053,EMP02522,2025-12-20,3,Customer Unavailable,26.863948,79.391414
ATT002093,SHP004133,EMP02862,2025-05-01,3,Successful,23.302489,86.094055
ATT002094,SHP000713,EMP01829,2025-10-27,2,Rescheduled,25.434525,78.810587
ATT002095,SHP001930,EMP04854,2025-11-21,3,Successful,16.416039,86.829943
ATT002096,SHP003697,EMP03088,2025-12-12,1,Successful,19.455396,87.183022
ATT002097,SHP003949,EMP03020,2025-12-27,1,Customer Unavailable,13.583539,78.41129
ATT002098,SHP000735,EMP03725,2025-04-27,1,Address Issue,12.341678,81.482963
ATT002099,SHP003243,EMP03207,2025-12-07,2,Rescheduled,22.183143,85.28561
ATT002100,SHP004211,EMP00430,2025-12-17,3,Successful,18.474307,81.042037
ATT002101,SHP002668,EMP04712,2025-03-18,1,Successful,18.566119,77.120136
ATT002102,SHP001534,EMP00160,2025-02-21,3,Refused,14.243972,84.991419
ATT002103,SHP003494,EMP00265,2025-12-02,1,Address Issue,10.122282,88.438146
ATT002104,SHP000897,EMP01550,2025-08-20,1,Successful,19.619411,86.917385
ATT002105,SHP004229,EMP00042,2025-10-08,2,Successful,18.451628,77.209666
ATT002106,SHP001120,EMP03810,2025-02-17,1,Customer Unavailable,18.834353,77.517137
ATT002107,SHP000290,EMP04929,2025-02-12,3,Customer Unavailable,10.665196,76.933285
ATT002108,SHP003445,EMP02667,2025-10-12,2,Successful,25.575164,88.248802
ATT002109,SHP000937,EMP03205,2025-08-17,1,Successful,9.530731,81.550091
ATT002110,SHP003101,EMP02922,2025-03-02,2,Successful,23.991907,82.902498
ATT002111,SHP003233,EMP03878,2025-12-22,2,Address Issue,14.95522,84.607847
ATT002112,SHP003584,EMP03303,2025-10-22,1,Successful,26.668967,80.278236
ATT002113,SHP000660,EMP03602,2025-10-26,3,Rescheduled,17.296275,77.479395
ATT002114,SHP000222,EMP03103,2025-11-16,3,Rescheduled,25.964047,78.461785
ATT002115,SHP000696,EMP02061,2025-12-17,2,Successful,9.43521,86.702216
ATT002116,SHP000069,EMP00311,2025-01-16,1,Customer Unavailable,22.472542,86.096013
ATT002117,SHP004437,EMP04813,2025-06-13,1,Successful,17.527597,76.088233
ATT002118,SHP002855,EMP03834,2025-07-15,3,Successful,17.609167,84.651463
ATT002119,SHP004874,EMP02245,2025-04-30,3,Successful,27.986774,83.450583
ATT002120,SHP002233,EMP04691,2025-01-12,1,Customer Unavailable,13.110181,79.231281
ATT002121,SHP000803,EMP02846,2025-09-04,3,Customer Unavailable,24.124095,86.050853
ATT002122,SHP004968,EMP03792,2025-05-26,2,Rescheduled,19.133418,86.171572
ATT002123,SHP001751,EMP00689,2025-01-12,3,Successful,16.213374,87.959739
ATT002124,SHP004586,EMP03791,2025-03-08,3,Successful,15.056302,87.489178
ATT002125,SHP000725,EMP04583,2025-10-26,1,Customer Unavailable,10.549856,87.55522
ATT002126,SHP004445,EMP02162,2025-07-24,3,Rescheduled,27.575571,82.116306
ATT002127,SHP001889,EMP01820,2025-01-28,3,Successful,9.914321,84.726585
ATT002128,SHP002840,EMP02396,2025-09-08,1,Rescheduled,11.529621,85.950559
ATT002129,SHP002419,EMP02570,2025-11-18,1,Successful,22.697979,87.781579
ATT002130,SHP000221,EMP00023,2025-04-20,2,Successful,28.419109,83.260883
ATT002131,SHP000363,EMP03033,2025-06-28,3,Successful,18.125198,79.129778
ATT002132,SHP000750,EMP03643,2025-05-05,1,Successful,8.597862,88.420851
ATT002133,SHP001558,EMP00380,2025-05-31,1,Rescheduled,12.422499,87.686829
ATT002134,SHP001929,EMP04834,2025-10-24,1,Customer Unavailable,16.467608,77.366107
ATT002135,SHP001173,EMP00455,2025-06-02,3,Successful,27.62154,77.570473
ATT002136,SHP000637,EMP01664,2025-10-10,1,Customer Unavailable,10.665301,88.10446
ATT002137,SHP000354,EMP03819,2025-05-08,3,Successful,26.499292,84.22481
ATT002138,SHP004710,EMP02532,2025-11-15,1,Address Issue,13.230377,81.079298
ATT002139,SHP004955,EMP00754,2025-02-11,1,Refused,8.263651,87.651005
ATT002140,SHP003975,EMP02557,2025-10-07,1,Successful,9.650658,76.464409
ATT002141,SHP002234,EMP03866,2025-12-16,1,Successful,19.316751,82.253661
ATT002142,SHP004556,EMP01042,2025-10-17,1,Refused,27.850745,84.097254
ATT002143,SHP003122,EMP01523,2025-01-05,3,Successful,15.28532,76.101476
ATT002144,SHP004557,EMP00663,2025-02-06,2,Successful,16.820781,79.365806
ATT002145,SHP004114,EMP00784,2025-03-10,3,Address Issue,23.499456,83.689509
ATT002146,SHP004629,EMP02250,2025-03-19,2,Successful,16.913487,76.127262
ATT002147,SHP002270,EMP04173,2025-04-08,2,Successful,26.640888,87.373112
ATT002148,SHP001434,EMP04730,2025-03-14,3,Successful,28.113085,86.991191
ATT002149,SHP002757,EMP01385,2025-11-16,2,Successful,20.326282,86.820158
ATT002150,SHP003419,EMP04850,2025-01-04,2,Successful,8.647551,76.002168
ATT002151,SHP000613,EMP01951,2025-03-03,2,Successful,10.424497,82.371917
ATT002152,SHP004706,EMP01068,2025-03-14,3,Customer Unavailable,9.139934,86.688332
ATT002153,SHP004697,EMP04067,2025-03-14,3,Customer Unavailable,22.099597,84.178599
ATT002154,SHP002700,EMP00121,2025-07-25,1,Successful,11.66172,77.187948
ATT002155,SHP004896,EMP00265,2025-12-26,1,Rescheduled,18.269481,83.651048
ATT002156,SHP002593,EMP01854,2025-07-06,1,Successful,11.904158,84.009443
ATT002157,SHP000569,EMP01145,2025-07-29,2,Successful,24.786686,82.694411
ATT002158,SHP003755,EMP04778,2025-06-29,3,Address Issue,17.141853,87.801459
ATT002159,SHP002998,EMP03896,2025-12-28,1,Successful,28.345197,78.818876
ATT002160,SHP004332,EMP02029,2025-09-25,3,Address Issue,16.480908,83.476029
ATT002161,SHP003353,EMP04839,2025-10-30,3,Successful,26.341316,81.007262
ATT002162,SHP000925,EMP03101,2025-07-30,2,Successful,19.232945,81.278906
ATT002163,SHP002317,EMP02342,2025-01-11,1,Successful,20.514826,77.025649
ATT002164,SHP003548,EMP01575,2025-03-12,2,Successful,8.704705,81.024028
ATT002165,SHP004521,EMP00827,2025-04-02,2,Successful,18.563218,86.711401
ATT002166,SHP003791,EMP02224,2025-01-08,2,Successful,23.936243,76.253804
ATT002167,SHP003633,EMP02818,2025-05-21,3,Successful,18.022682,79.956712
ATT002168,SHP003501,EMP01597,2025-07-03,2,Successful,12.149027,87.812433
ATT002169,SHP002078,EMP04043,2025-07-31,2,Successful,23.252392,81.484856
ATT002170,SHP001197,EMP01501,2025-11-12,2,Customer Unavailable,26.508832,81.710843
ATT002171,SHP004345,EMP00320,2025-11-29,3,Customer Unavailable,28.092144,76.288517
ATT002172,SHP000006,EMP00170,2025-12-07,2,Successful,26.518227,82.996504
ATT002173,SHP001749,EMP02567,2025-10-16,2,Customer Unavailable,19.596979,85.495003
ATT002174,SHP003923,EMP04951,2025-09-19,3,Customer Unavailable,15.818635,80.198765
ATT002175,SHP001669,EMP00376,2025-08-07,3,Successful,20.830678,81.153372
ATT002176,SHP004370,EMP04471,2025-03-08,2,Successful,18.272812,80.201152
ATT002177,SHP003982,EMP04673,2025-08-21,1,Customer Unavailable,25.030783,85.567318
ATT002178,SHP004069,EMP04548,2025-11-22,1,Customer Unavailable,19.21805,82.223926
ATT002179,SHP004738,EMP00756,2025-10-08,1,Rescheduled,13.673658,79.85997
ATT002180,SHP004732,EMP00718,2025-09-28,2,Successful,26.573058,78.212239
ATT002181,SHP000715,EMP03167,2025-08-25,2,Customer Unavailable,20.317143,86.647804
ATT002182,SHP002349,EMP04229,2025-08-09,2,Successful,21.326544,79.337373
ATT002183,SHP004049,EMP01936,2025-07-02,2,Refused,15.190481,83.31534
ATT002184,SHP000293,EMP01719,2025-06-26,2,Successful,22.371601,80.07349
ATT002185,SHP001717,EMP01737,2025-07-26,2,Refused,10.126505,88.362439
ATT002186,SHP003190,EMP02109,2025-12-15,2,Address Issue,16.720968,80.525723
ATT002187,SHP000616,EMP04545,2025-07-04,3,Successful,15.413915,81.281925
ATT002188,SHP003046,EMP01000,2025-06-08,3,Successful,17.445024,79.146475
ATT002189,SHP004905,EMP02754,2025-04-29,2,Successful,18.16441,85.015413
ATT002190,SHP000531,EMP02489,2025-02-14,1,Successful,9.511174,79.528607
ATT002191,SHP000553,EMP00981,2025-04-09,3,Successful,26.46129,87.801491
ATT002192,SHP004980,EMP04584,2025-07-05,1,Rescheduled,19.132455,80.618749
ATT002193,SHP004971,EMP00151,2025-08-08,3,Successful,16.69462,76.734495
ATT002194,SHP003397,EMP00591,2025-10-21,1,Address Issue,16.313138,76.985603
ATT002195,SHP002477,EMP00649,2025-05-24,2,Address Issue,15.549922,86.642359
ATT002196,SHP001877,EMP04029,2025-12-07,1,Successful,9.907732,87.726399
ATT002197,SHP001154,EMP03085,2025-04-01,2,Successful,19.164534,86.24811
ATT002198,SHP004593,EMP01966,2025-02-14,2,Successful,11.047811,76.390914
ATT002199,SHP000013,EMP03633,2025-08-26,3,Successful,23.55188,87.868269
ATT002200,SHP004691,EMP04743,2025-03-02,1,Successful,11.609305,85.50896
ATT002201,SHP004469,EMP01719,2025-05-15,1,Successful,15.043527,78.022217
ATT002202,SHP002674,EMP01665,2025-03-05,2,Successful,28.452544,76.39055
ATT002203,SHP002784,EMP04307,2025-05-08,2,Successful,10.447941,85.076992
ATT002204,SHP003377,EMP02724,2025-08-03,2,Successful,22.325924,77.236283
ATT002205,SHP001974,EMP00807,2025-09-17,1,Successful,21.15896,82.193911
ATT002206,SHP000363,EMP00158,2025-11-04,2,Successful,19.162496,85.256968
ATT002207,SHP001420,EMP03357,2025-03-11,1,Successful,16.110296,84.926832
ATT002208,SHP001379,EMP01184,2025-01-15,3,Address Issue,8.672475,77.209702
ATT002209,SHP001723,EMP03833,2025-10-15,1,Rescheduled,21.552601,83.150704
ATT002210,SHP002665,EMP04014,2025-05-01,1,Successful,9.79392,86.849599
ATT002211,SHP003647,EMP02137,2025-07-23,3,Address Issue,28.202718,83.602649
ATT002212,SHP003774,EMP04001,2025-02-07,2,Customer Unavailable,12.782423,79.832197
ATT002213,SHP002061,EMP04541,2025-05-29,2,Successful,12.06052,87.968494
ATT002214,SHP003874,EMP01576,2025-10-26,3,Successful,18.0093,77.702921
ATT002215,SHP000693,EMP01842,2025-10-22,1,Successful,26.645409,76.564531
ATT002216,SHP001475,EMP02233,2025-11-13,3,Successful,16.364428,77.125604
ATT002217,SHP004089,EMP04796,2025-07-12,1,Customer Unavailable,24.512968,85.808802
ATT002218,SHP001394,EMP01828,2025-04-07,1,Customer Unavailable,19.952261,83.699517
ATT002219,SHP002163,EMP02788,2025-07-11,3,Successful,12.309598,76.408425
ATT002220,SHP002626,EMP00963,2025-07-03,2,Rescheduled,26.765727,85.046481
ATT002221,SHP002394,EMP00332,2025-10-25,2,Successful,26.518029,81.162204
ATT002222,SHP000177,EMP03510,2025-11-11,1,Successful,13.781921,83.290873
ATT002223,SHP000338,EMP02648,2025-04-08,1,Successful,11.85806,77.814431
ATT002224,SHP000073,EMP00981,2025-07-29,3,Successful,17.949185,79.485715
ATT002225,SHP000217,EMP03360,2025-02-11,3,Successful,19.489156,87.93097
ATT002226,SHP004100,EMP00020,2025-08-16,3,Customer Unavailable,24.463,77.492323
ATT002227,SHP004874,EMP04819,2025-11-04,3,Successful,8.282593,84.996218
ATT002228,SHP000017,EMP03020,2025-06-18,1,Successful,21.355797,80.496475
ATT002229,SHP001311,EMP02518,2025-01-28,1,Customer Unavailable,8.020211,80.168319
ATT002230,SHP001900,EMP00266,2025-04-20,1,Successful,12.506978,82.275449
ATT002231,SHP000118,EMP03736,2025-09-10,1,Successful,24.132184,86.620819
ATT002232,SHP003978,EMP01358,2025-05-03,3,Customer Unavailable,25.954963,81.20983
ATT002233,SHP001694,EMP00871,2025-08-08,1,Customer Unavailable,14.483176,78.867382
ATT002234,SHP002975,EMP03995,2025-05-08,1,Successful,12.153281,84.604147
ATT002235,SHP001809,EMP01903,2025-12-27,1,Successful,9.553565,79.69358
ATT002236,SHP003239,EMP00173,2025-10-12,2,Rescheduled,17.675805,79.615363
ATT002237,SHP000330,EMP01034,2025-11-04,1,Rescheduled,13.239212,86.672441
ATT002238,SHP003940,EMP00673,2025-02-06,2,Successful,13.570196,82.325595
ATT002239,SHP004281,EMP04606,2025-10-08,3,Successful,24.839872,84.873836
ATT002240,SHP000752,EMP00009,2025-06-11,2,Successful,20.061197,79.171462
ATT002241,SHP000070,EMP00077,2025-05-31,3,Customer Unavailable,10.801286,81.181647
ATT002242,SHP003920,EMP04976,2025-12-28,2,Refused,10.736603,77.176987
ATT002243,SHP003726,EMP00862,2025-07-08,3,Successful,8.113729,84.23962
ATT002244,SHP004783,EMP04156,2025-08-10,1,Successful,25.286525,84.410216
ATT002245,SHP002834,EMP02249,2025-08-04,1,Successful,24.470424,80.239928
ATT002246,SHP003677,EMP02432,2025-04-05,3,Address Issue,23.727188,81.914324
ATT002247,SHP001323,EMP02514,2025-05-18,3,Customer Unavailable,15.494607,78.094894
ATT002248,SHP001789,EMP02132,2025-09-21,1,Successful,26.421916,79.482074
ATT002249,SHP002766,EMP04250,2025-12-07,1,Successful,15.82434,85.810953
ATT002250,SHP003093,EMP02860,2025-01-18,2,Successful,15.246299,83.384405
ATT002251,SHP004597,EMP00645,2025-08-29,2,Address Issue,15.25746,77.392824
ATT002252,SHP000181,EMP02255,2025-06-18,3,Successful,20.22503,76.353683
ATT002253,SHP002484,EMP02793,2025-12-25,2,Successful,15.744742,85.448171
ATT002254,SHP001002,EMP00729,2025-12-21,3,Address Issue,13.840726,84.361623
ATT002255,SHP003925,EMP04511,2025-09-07,1,Successful,19.695246,82.967429
ATT002256,SHP001959,EMP01589,2025-01-28,2,Successful,23.134034,80.629433
ATT002257,SHP004457,EMP03899,2025-12-15,2,Successful,11.320958,83.536775
ATT002258,SHP000171,EMP02283,2025-06-13,3,Successful,26.493224,87.007631
ATT002259,SHP002081,EMP01923,2025-10-30,3,Successful,11.813286,77.086663
ATT002260,SHP003735,EMP00488,2025-05-20,3,Refused,18.008004,83.254241
ATT002261,SHP002091,EMP01616,2025-08-09,2,Successful,19.919912,86.35114
ATT002262,SHP001842,EMP03098,2025-12-10,3,Successful,9.857924,88.015714
ATT002263,SHP002588,EMP03863,2025-05-31,2,Customer Unavailable,24.693086,85.509946
ATT002264,SHP002532,EMP01829,2025-10-18,1,Successful,16.112362,87.662004
ATT002265,SHP003838,EMP04256,2025-11-04,3,Successful,22.891655,81.991588
ATT002266,SHP003875,EMP01321,2025-07-15,1,Rescheduled,12.12506,83.34902
ATT002267,SHP000586,EMP00449,2025-07-21,2,Successful,25.38865,80.686605
ATT002268,SHP001039,EMP04853,2025-01-28,3,Successful,10.565935,84.474472
ATT002269,SHP001203,EMP01150,2025-11-03,1,Successful,27.90205,86.953191
ATT002270,SHP001191,EMP02712,2025-07-28,2,Successful,10.032458,82.692036
ATT002271,SHP001488,EMP02397,2025-12-01,3,Successful,13.719586,80.308641
ATT002272,SHP003186,EMP03813,2025-05-27,3,Successful,18.24028,79.624004
ATT002273,SHP000260,EMP03604,2025-02-18,2,Successful,17.276371,81.319653
ATT002274,SHP000760,EMP00211,2025-06-01,1,Successful,19.733171,79.794293
ATT002275,SHP004999,EMP01702,2025-03-15,2,Successful,27.425648,85.718221
ATT002276,SHP002138,EMP00456,2025-10-08,1,Successful,16.606747,84.681598
ATT002277,SHP003485,EMP00493,2025-09-12,3,Rescheduled,13.284698,87.937308
ATT002278,SHP002271,EMP01458,2025-10-21,2,Successful,17.157506,77.738365
ATT002279,SHP004875,EMP02746,2025-04-19,2,Successful,24.43742,84.469279
ATT002280,SHP003494,EMP02261,2025-09-01,3,Successful,28.388514,84.010027
ATT002281,SHP002707,EMP02581,2025-05-02,1,Successful,23.575478,85.768095
ATT002282,SHP000949,EMP02517,2025-02-19,3,Successful,28.257344,78.165758
ATT002283,SHP004306,EMP01609,2025-07-03,1,Refused,22.133119,87.108637
ATT002284,SHP001951,EMP03790,2025-12-22,2,Successful,18.194951,85.940865
ATT002285,SHP001864,EMP00251,2025-01-27,1,Customer Unavailable,27.124066,87.819684
ATT002286,SHP000307,EMP02287,2025-10-13,2,Successful,10.529011,76.969993
ATT002287,SHP002292,EMP01898,2025-09-07,2,Successful,28.057171,76.690834
ATT002288,SHP001070,EMP01030,2025-11-11,3,Customer Unavailable,11.907175,76.508095
ATT002289,SHP002616,EMP01928,2025-12-27,3,Rescheduled,21.35313,87.642839
ATT002290,SHP001385,EMP00204,2025-04-13,2,Successful,15.966652,84.600567
ATT002291,SHP001276,EMP02007,2025-02-27,3,Successful,26.450749,76.759216
ATT002292,SHP003086,EMP01551,2025-01-10,1,Customer Unavailable,23.251736,85.422252
ATT002293,SHP003137,EMP01653,2025-09-16,3,Successful,19.345687,87.58487
ATT002294,SHP001133,EMP03496,2025-06-02,1,Successful,26.454616,78.832644
ATT002295,SHP003983,EMP01082,2025-10-05,1,Rescheduled,26.857454,87.768547
ATT002296,SHP002903,EMP03854,2025-04-21,1,Customer Unavailable,19.510158,76.204177
ATT002297,SHP004925,EMP02074,2025-07-06,3,Successful,17.531654,78.277162
ATT002298,SHP004204,EMP03221,2025-09-16,2,Successful,14.954149,84.640026
ATT002299,SHP004345,EMP01279,2025-05-18,1,Customer Unavailable,21.016374,83.042771
ATT002300,SHP004111,EMP00756,2025-04-30,2,Successful,8.98075,86.515893
ATT002301,SHP001188,EMP04124,2025-04-03,3,Refused,24.820879,85.884101
ATT002302,SHP004957,EMP01956,2025-12-17,1,Address Issue,19.47066,85.175227
ATT002303,SHP003062,EMP01315,2025-11-22,3,Successful,15.353985,76.074272
ATT002304,SHP003927,EMP01342,2025-02-17,3,Successful,18.166296,85.077717
ATT002305,SHP003314,EMP03654,2025-03-16,2,Successful,17.694735,77.205183
ATT002306,SHP003504,EMP02269,2025-12-27,2,Address Issue,24.739867,76.196119
ATT002307,SHP004489,EMP01202,2025-11-04,3,Successful,23.369412,77.102616
ATT002308,SHP003793,EMP02282,2025-10-20,3,Address Issue,18.785872,76.539524
ATT002309,SHP003182,EMP01310,2025-03-24,1,Address Issue,21.930558,76.319442
ATT002310,SHP000884,EMP04004,2025-03-03,3,Rescheduled,21.764582,76.671449
ATT002311,SHP004399,EMP00316,2025-12-23,3,Customer Unavailable,13.620729,87.538634
ATT002312,SHP002405,EMP02054,2025-05-22,3,Successful,26.137543,85.541407
ATT002313,SHP003533,EMP01666,2025-01-28,3,Rescheduled,20.959821,77.525241
ATT002314,SHP002998,EMP02824,2025-10-03,1,Successful,24.034539,79.417734
ATT002315,SHP001904,EMP02356,2025-04-10,3,Successful,11.461825,84.216189
ATT002316,SHP000013,EMP02337,2025-01-20,2,Address Issue,21.687323,86.223497
ATT002317,SHP000363,EMP00153,2025-06-07,3,Successful,26.716342,86.004237
ATT002318,SHP003020,EMP01242,2025-03-14,2,Rescheduled,22.965213,83.788846
ATT002319,SHP003688,EMP03237,2025-02-15,2,Successful,18.457259,86.34252
ATT002320,SHP000025,EMP01857,2025-12-24,1,Successful,18.788701,76.663113
ATT002321,SHP004425,EMP02682,2025-08-28,1,Successful,9.545016,80.56922
ATT002322,SHP003822,EMP04584,2025-05-31,1,Customer Unavailable,15.597928,80.890217
ATT002323,SHP004274,EMP04235,2025-07-14,1,Successful,21.088707,88.136558
ATT002324,SHP004616,EMP04280,2025-02-10,2,Successful,9.535135,86.425692
ATT002325,SHP000560,EMP03720,2025-04-30,3,Successful,27.328339,80.527565
ATT002326,SHP000667,EMP00566,2025-11-15,1,Successful,16.220315,79.217127
ATT002327,SHP001810,EMP01599,2025-02-19,1,Successful,21.981435,83.155152
ATT002328,SHP002162,EMP04102,2025-06-04,2,Successful,13.595664,79.326332
ATT002329,SHP003927,EMP01970,2025-10-05,1,Successful,26.397734,88.073077
ATT002330,SHP003068,EMP00463,2025-08-08,2,Successful,23.728348,84.637069
ATT002331,SHP002351,EMP02389,2025-01-02,1,Customer Unavailable,22.169486,83.305988
ATT002332,SHP000483,EMP01706,2025-12-12,1,Successful,23.009811,77.248515
ATT002333,SHP001816,EMP00981,2025-06-21,1,Successful,8.942312,77.238354
ATT002334,SHP001802,EMP02506,2025-12-23,1,Successful,25.446277,84.045671
ATT002335,SHP004305,EMP04999,2025-12-18,1,Successful,9.25661,78.058138
ATT002336,SHP001149,EMP03181,2025-10-28,1,Successful,24.32011,81.708724
ATT002337,SHP001247,EMP01289,2025-09-17,1,Successful,12.766051,79.050377
ATT002338,SHP004835,EMP04610,2025-03-06,2,Successful,22.087005,81.798656
ATT002339,SHP000447,EMP01403,2025-12-31,1,Customer Unavailable,10.976464,78.020013
ATT002340,SHP003949,EMP03613,2025-09-03,2,Address Issue,22.599236,80.302728
ATT002341,SHP000482,EMP04469,2025-03-10,3,Address Issue,16.703401,81.626923
ATT002342,SHP004673,EMP01911,2025-03-27,1,Successful,24.35161,77.400319
ATT002343,SHP004272,EMP02466,2025-09-03,1,Successful,28.256062,80.392359
ATT002344,SHP002701,EMP00137,2025-06-30,2,Successful,20.050052,86.943348
ATT002345,SHP001562,EMP04745,2025-11-13,1,Successful,21.647563,83.531839
ATT002346,SHP003026,EMP03677,2025-12-29,2,Address Issue,22.375674,83.92388
ATT002347,SHP001707,EMP02660,2025-03-08,2,Successful,20.425383,76.246414
ATT002348,SHP003835,EMP03169,2025-05-01,3,Successful,17.561306,78.178019
ATT002349,SHP001421,EMP01793,2025-04-29,3,Successful,25.704622,86.539902
ATT002350,SHP003801,EMP03260,2025-12-28,1,Successful,12.458909,85.123956
ATT002351,SHP004209,EMP02752,2025-03-27,1,Successful,9.196427,86.280661
ATT002352,SHP002078,EMP02631,2025-04-14,1,Successful,14.949548,81.009457
ATT002353,SHP003301,EMP02692,2025-01-19,2,Successful,18.226199,83.313394
ATT002354,SHP002796,EMP04968,2025-10-01,2,Successful,26.607138,83.191524
ATT002355,SHP000935,EMP04204,2025-10-26,1,Successful,27.291175,85.774986
ATT002356,SHP000527,EMP04962,2025-08-15,3,Rescheduled,19.373879,82.567426
ATT002357,SHP002852,EMP01864,2025-05-02,1,Successful,26.158255,78.090119
ATT002358,SHP000286,EMP03500,2025-05-25,3,Refused,15.947148,86.336797
ATT002359,SHP002765,EMP03504,2025-05-21,1,Successful,15.822381,76.124115
ATT002360,SHP003652,EMP03001,2025-04-27,2,Successful,19.470093,79.101455
ATT002361,SHP002147,EMP02326,2025-12-13,3,Refused,9.328821,82.649584
ATT002362,SHP001475,EMP01507,2025-04-12,2,Successful,15.465655,83.079155
ATT002363,SHP004695,EMP03603,2025-12-02,2,Customer Unavailable,18.869905,86.020402
ATT002364,SHP003666,EMP02137,2025-11-11,3,Successful,22.098647,78.385876
ATT002365,SHP000450,EMP01068,2025-02-17,2,Customer Unavailable,24.949077,77.238925
ATT002366,SHP001135,EMP00954,2025-06-17,2,Customer Unavailable,11.327203,88.151369
ATT002367,SHP000114,EMP02570,2025-04-15,1,Successful,13.8027,80.774795
ATT002368,SHP004397,EMP03140,2025-01-14,2,Successful,22.466037,79.882292
ATT002369,SHP000226,EMP03402,2025-08-12,3,Successful,9.478375,84.180044
ATT002370,SHP001576,EMP04682,2025-09-09,3,Customer Unavailable,22.015416,87.458733
ATT002371,SHP003680,EMP02020,2025-08-16,3,Customer Unavailable,17.895255,86.041182
ATT002372,SHP001064,EMP01872,2025-01-24,3,Successful,23.30116,84.50523
ATT002373,SHP001963,EMP02831,2025-10-30,3,Successful,18.602532,79.422244
ATT002374,SHP004047,EMP04209,2025-09-10,1,Successful,11.593468,85.774708
ATT002375,SHP004247,EMP01688,2025-07-07,3,Successful,25.602058,78.881959
ATT002376,SHP004109,EMP04046,2025-10-20,3,Refused,10.574352,86.691413
ATT002377,SHP004790,EMP02062,2025-05-09,3,Successful,11.224008,82.855685
ATT002378,SHP000898,EMP01349,2025-07-16,1,Successful,10.554678,84.670763
ATT002379,SHP004360,EMP01506,2025-02-17,3,Successful,14.525137,81.421208
ATT002380,SHP004863,EMP04606,2025-09-25,3,Successful,21.157213,84.060762
ATT002381,SHP001116,EMP04204,2025-02-08,2,Successful,10.77731,78.829512
ATT002382,SHP004898,EMP01848,2025-12-30,1,Successful,17.58829,86.014107
ATT002383,SHP003721,EMP01776,2025-07-03,2,Customer Unavailable,19.811687,80.655173
ATT002384,SHP002073,EMP04156,2025-02-26,3,Customer Unavailable,20.806857,83.526839
ATT002385,SHP004975,EMP00314,2025-11-19,3,Customer Unavailable,20.713809,80.698736
ATT002386,SHP000001,EMP03670,2025-02-04,3,Customer Unavailable,24.456314,81.682377
ATT002387,SHP001448,EMP03854,2025-01-10,3,Customer Unavailable,20.604988,88.423681
ATT002388,SHP000657,EMP03409,2025-08-17,3,Successful,18.151534,77.185555
ATT002389,SHP002172,EMP04812,2025-07-28,1,Customer Unavailable,27.672787,84.325091
ATT002390,SHP000138,EMP00767,2025-02-18,2,Rescheduled,13.319321,84.823779
ATT002391,SHP002082,EMP00236,2025-12-06,2,Successful,16.667729,83.829664
ATT002392,SHP001803,EMP00726,2025-11-16,2,Refused,28.220444,85.970584
ATT002393,SHP000663,EMP02541,2025-06-11,3,Successful,13.636601,78.276734
ATT002394,SHP001787,EMP00137,2025-11-08,2,Customer Unavailable,20.042804,79.59862
ATT002395,SHP001031,EMP04527,2025-04-04,3,Refused,22.875472,86.945813
ATT002396,SHP004709,EMP04439,2025-11-22,1,Successful,28.083557,88.343176
ATT002397,SHP000758,EMP01287,2025-04-28,3,Successful,21.468386,76.540137
ATT002398,SHP000634,EMP03814,2025-08-06,1,Successful,14.679545,77.200868
ATT002399,SHP000708,EMP04465,2025-07-22,3,Refused,13.062888,87.821581
ATT002400,SHP004108,EMP00350,2025-11-30,3,Customer Unavailable,11.279163,76.402325
ATT002401,SHP004733,EMP01900,2025-03-19,3,Successful,10.137317,81.070599
ATT002402,SHP003848,EMP04160,2025-01-21,2,Customer Unavailable,22.75588,80.545911
ATT002403,SHP003272,EMP02591,2025-02-27,1,Rescheduled,10.68936,77.498048
ATT002404,SHP004810,EMP00435,2025-06-30,1,Successful,22.925209,86.903593
ATT002405,SHP002226,EMP02992,2025-10-05,2,Successful,25.035302,76.81102
ATT002406,SHP001951,EMP00465,2025-02-13,1,Successful,23.657277,82.744212
ATT002407,SHP002235,EMP02186,2025-06-10,2,Successful,25.34762,80.37571
ATT002408,SHP002067,EMP00127,2025-08-11,2,Successful,8.014708,78.907388
ATT002409,SHP000050,EMP04528,2025-04-18,2,Address Issue,26.959165,83.387727
ATT002410,SHP002507,EMP02903,2025-07-12,2,Customer Unavailable,18.285259,81.31008
ATT002411,SHP003789,EMP03511,2025-07-29,2,Successful,15.396646,80.28309
ATT002412,SHP002876,EMP02422,2025-07-23,3,Customer Unavailable,15.710478,79.875691
ATT002413,SHP003897,EMP02463,2025-09-27,2,Address Issue,16.259438,84.297847
ATT002414,SHP001721,EMP00011,2025-08-02,2,Rescheduled,17.615783,83.137215
ATT002415,SHP001480,EMP03088,2025-09-14,1,Successful,9.888285,83.214257
ATT002416,SHP003845,EMP01875,2025-08-16,1,Successful,25.322451,78.796638
ATT002417,SHP001846,EMP01302,2025-05-04,3,Successful,26.357502,82.906064
ATT002418,SHP003385,EMP01599,2025-03-01,2,Rescheduled,20.538326,82.478656
ATT002419,SHP000059,EMP00640,2025-09-22,2,Successful,22.172821,85.372643
ATT002420,SHP003588,EMP04560,2025-12-30,2,Successful,10.920774,83.358852
ATT002421,SHP003680,EMP00027,2025-11-03,2,Customer Unavailable,24.923512,81.326095
ATT002422,SHP000492,EMP03135,2025-05-19,1,Successful,11.173612,85.231763
ATT002423,SHP000900,EMP00629,2025-01-23,1,Successful,27.063501,79.128411
ATT002424,SHP003076,EMP01681,2025-01-17,1,Successful,9.295669,76.349785
ATT002425,SHP004272,EMP00798,2025-08-07,1,Address Issue,11.249366,84.532873
ATT002426,SHP002844,EMP04868,2025-09-13,3,Rescheduled,9.715934,82.397858
ATT002427,SHP000621,EMP00318,2025-11-28,2,Successful,25.377636,78.70517
ATT002428,SHP002972,EMP04167,2025-08-26,3,Successful,25.367086,81.272457
ATT002429,SHP002690,EMP04533,2025-04-21,3,Customer Unavailable,18.842879,86.605965
ATT002430,SHP001034,EMP00131,2025-03-31,2,Successful,8.750925,84.583088
ATT002431,SHP001467,EMP04405,2025-08-27,2,Successful,10.575955,79.106125
ATT002432,SHP001359,EMP00919,2025-11-14,1,Successful,21.427588,82.98238
ATT002433,SHP001148,EMP04272,2025-03-29,2,Successful,19.89763,78.014328
ATT002434,SHP003614,EMP01410,2025-01-20,2,Refused,20.964042,78.298286
ATT002435,SHP002577,EMP02739,2025-11-19,1,Customer Unavailable,16.406156,77.389275
ATT002436,SHP002883,EMP03063,2025-06-21,3,Refused,22.635806,78.587106
ATT002437,SHP001300,EMP02894,2025-09-05,2,Address Issue,23.738818,80.515393
ATT002438,SHP001885,EMP01817,2025-07-03,2,Successful,18.985814,88.319549
ATT002439,SHP000986,EMP04962,2025-05-26,1,Successful,26.791096,78.485616
ATT002440,SHP003561,EMP02260,2025-09-14,2,Rescheduled,10.14438,87.960945
ATT002441,SHP001108,EMP02117,2025-04-27,1,Rescheduled,24.923891,79.015165
ATT002442,SHP001680,EMP04597,2025-11-12,1,Successful,20.745116,79.874124
ATT002443,SHP001067,EMP02948,2025-07-15,1,Successful,26.861012,77.312383
ATT002444,SHP004242,EMP01411,2025-08-14,1,Successful,16.029773,88.286067
ATT002445,SHP001784,EMP00199,2025-12-11,2,Customer Unavailable,20.98524,83.834158
ATT002446,SHP004960,EMP04872,2025-06-11,1,Customer Unavailable,19.089956,79.043329
ATT002447,SHP004783,EMP04230,2025-08-09,2,Successful,23.2481,81.088704
ATT002448,SHP002831,EMP03157,2025-01-22,1,Successful,18.905175,82.926688
ATT002449,SHP003359,EMP00738,2025-05-31,3,Refused,15.256958,84.241462
ATT002450,SHP000683,EMP04099,2025-11-06,2,Successful,21.530646,79.033723
ATT002451,SHP002476,EMP01916,2025-12-10,2,Refused,15.588913,80.332088
ATT002452,SHP002003,EMP01534,2025-12-14,1,Customer Unavailable,21.573223,82.255954
ATT002453,SHP000032,EMP04051,2025-09-24,1,Successful,17.724585,83.90314
ATT002454,SHP000848,EMP03122,2025-09-08,3,Successful,12.506698,84.210858
ATT002455,SHP000144,EMP03600,2025-07-01,2,Successful,11.525705,88.199971
ATT002456,SHP003712,EMP04478,2025-12-06,2,Customer Unavailable,10.619352,84.324694
ATT002457,SHP001003,EMP01276,2025-09-15,3,Successful,22.212251,84.129165
ATT002458,SHP002333,EMP01413,2025-05-30,1,Address Issue,28.095314,77.172397
ATT002459,SHP004189,EMP02886,2025-04-14,2,Successful,27.835043,82.464033
ATT002460,SHP002210,EMP00104,2025-08-03,3,Successful,26.711358,83.644575
ATT002461,SHP004827,EMP04915,2025-11-25,2,Address Issue,9.20704,81.987033
ATT002462,SHP001897,EMP01369,2025-01-22,1,Customer Unavailable,19.532988,80.977557
ATT002463,SHP003353,EMP00174,2025-03-05,1,Successful,9.934954,76.787375
ATT002464,SHP001360,EMP02568,2025-01-03,3,Customer Unavailable,13.596519,85.159961
ATT002465,SHP002200,EMP00907,2025-04-28,1,Successful,9.009818,80.154414
ATT002466,SHP003335,EMP00128,2025-07-16,1,Successful,22.911749,83.210519
ATT002467,SHP003430,EMP03782,2025-02-21,2,Successful,11.449435,81.128143
ATT002468,SHP000544,EMP00046,2025-05-01,3,Successful,17.540157,78.074944
ATT002469,SHP004250,EMP00550,2025-03-23,1,Successful,27.947565,83.691189
ATT002470,SHP002782,EMP00083,2025-01-28,2,Successful,18.212643,79.593037
ATT002471,SHP000196,EMP04204,2025-10-25,3,Successful,18.505492,83.179814
ATT002472,SHP002194,EMP03167,2025-07-03,1,Rescheduled,23.779608,81.169544
ATT002473,SHP004133,EMP02178,2025-04-11,1,Successful,15.217494,80.421555
ATT002474,SHP002804,EMP00797,2025-04-03,1,Rescheduled,28.060005,79.58156
ATT002475,SHP000402,EMP04837,2025-07-10,3,Rescheduled,14.305136,84.978999
ATT002476,SHP003266,EMP02947,2025-12-04,2,Successful,9.606495,83.984585
ATT002477,SHP000476,EMP01357,2025-06-15,1,Successful,17.947689,83.553843
ATT002478,SHP003064,EMP02988,2025-11-09,2,Successful,19.362172,88.04158
ATT002479,SHP003477,EMP01889,2025-09-12,2,Successful,28.243558,80.079744
ATT002480,SHP001449,EMP00788,2025-09-14,3,Successful,26.789111,85.232143
ATT002481,SHP004504,EMP02294,2025-07-28,2,Successful,17.022586,81.830752
ATT002482,SHP001185,EMP00857,2025-12-10,1,Rescheduled,16.137407,85.075082
ATT002483,SHP001239,EMP02181,2025-05-01,2,Successful,9.714524,77.563887
ATT002484,SHP001039,EMP01530,2025-08-24,2,Successful,21.289548,83.164034
ATT002485,SHP003627,EMP04975,2025-02-11,3,Successful,20.600161,78.065376
ATT002486,SHP000514,EMP02491,2025-06-14,3,Address Issue,27.640885,83.986025
ATT002487,SHP001146,EMP04403,2025-11-17,1,Customer Unavailable,24.291146,83.928239
ATT002488,SHP001142,EMP00738,2025-11-10,3,Successful,12.608294,86.820781
ATT002489,SHP001430,EMP03985,2025-01-29,2,Successful,14.377668,78.942974
ATT002490,SHP001223,EMP00432,2025-04-18,1,Successful,14.209245,83.08208
ATT002491,SHP003239,EMP00150,2025-11-24,1,Refused,10.703463,76.772425
ATT002492,SHP001550,EMP01418,2025-06-25,2,Successful,14.228631,79.978872
ATT002493,SHP001215,EMP03635,2025-04-25,3,Successful,21.093629,84.88442
ATT002494,SHP003027,EMP01209,2025-06-30,3,Customer Unavailable,17.550579,77.844131
ATT002495,SHP004347,EMP00641,2025-09-27,2,Successful,20.412529,88.499254
ATT002496,SHP002278,EMP01201,2025-12-14,1,Successful,16.683378,76.032954
ATT002497,SHP000996,EMP03571,2025-03-25,1,Successful,16.910799,77.774422
ATT002498,SHP002666,EMP02902,2025-06-03,1,Successful,8.812724,85.002134
ATT002499,SHP001369,EMP01838,2025-09-21,3,Successful,25.893394,77.261681
ATT002500,SHP001611,EMP02540,2025-09-03,1,Successful,25.993018,78.795861
ATT002501,SHP005000,EMP00151,2025-04-15,1,Successful,12.767288,87.711782
ATT002502,SHP001960,EMP03921,2025-01-20,3,Customer Unavailable,27.097651,76.539337
ATT002503,SHP001705,EMP01300,2025-01-30,3,Successful,21.226258,76.611498
ATT002504,SHP000550,EMP01962,2025-11-25,2,Rescheduled,18.114764,85.892678
ATT002505,SHP003041,EMP04479,2025-06-14,2,Successful,15.341527,78.833547
ATT002506,SHP000269,EMP04443,2025-09-07,1,Successful,16.601652,85.777063
ATT002507,SHP002932,EMP03244,2025-06-24,2,Successful,12.70072,83.638799
ATT002508,SHP004705,EMP00051,2025-11-04,2,Successful,14.983034,87.463385
ATT002509,SHP000555,EMP00681,2025-06-26,2,Successful,21.781286,79.236918
ATT002510,SHP000544,EMP03746,2025-05-22,1,Customer Unavailable,23.924649,85.174257
ATT002511,SHP001794,EMP00623,2025-07-13,2,Customer Unavailable,20.881355,76.802123
ATT002512,SHP002494,EMP04138,2025-03-10,3,Successful,13.679272,80.733869
ATT002513,SHP001459,EMP03864,2025-08-13,3,Customer Unavailable,12.719677,77.239087
ATT002514,SHP001572,EMP02104,2025-05-31,3,Successful,21.166879,85.244634
ATT002515,SHP004872,EMP04916,2025-05-09,3,Successful,16.767346,83.489922
ATT002516,SHP002748,EMP00887,2025-05-16,1,Successful,20.071248,85.100322
ATT002517,SHP004309,EMP04630,2025-09-28,1,Customer Unavailable,15.752532,85.73472
ATT002518,SHP004403,EMP03256,2025-09-04,3,Successful,19.283479,77.495884
ATT002519,SHP002593,EMP03833,2025-05-21,2,Successful,11.914127,83.30272
ATT002520,SHP002313,EMP02702,2025-04-02,3,Successful,20.652495,78.309612
ATT002521,SHP000400,EMP03150,2025-12-04,2,Successful,21.664343,86.151227
ATT002522,SHP001251,EMP02725,2025-06-15,3,Rescheduled,20.712406,76.426823
ATT002523,SHP002317,EMP04602,2025-05-15,3,Successful,8.891986,88.302445
ATT002524,SHP003865,EMP03913,2025-07-28,2,Successful,18.350212,77.189411
ATT002525,SHP004863,EMP04416,2025-09-02,3,Customer Unavailable,23.415003,81.196711
ATT002526,SHP001913,EMP02366,2025-07-01,1,Successful,22.175666,85.276735
ATT002527,SHP000842,EMP02251,2025-08-17,3,Successful,9.125507,87.430297
ATT002528,SHP004473,EMP00232,2025-12-31,3,Customer Unavailable,26.587707,78.356169
ATT002529,SHP003154,EMP03643,2025-09-15,1,Successful,23.600644,87.366674
ATT002530,SHP004445,EMP02964,2025-07-03,3,Rescheduled,25.319321,84.992212
ATT002531,SHP000683,EMP04854,2025-07-11,2,Successful,14.776904,87.364326
ATT002532,SHP001397,EMP02458,2025-12-04,3,Successful,16.729126,85.652531
ATT002533,SHP000105,EMP04502,2025-04-16,1,Rescheduled,11.6867,85.832384
ATT002534,SHP001750,EMP01213,2025-11-08,2,Successful,19.61348,83.29699
ATT002535,SHP002139,EMP02424,2025-04-01,2,Successful,20.063905,85.890851
ATT002536,SHP003447,EMP03086,2025-10-09,1,Successful,20.485424,85.699048
ATT002537,SHP003078,EMP02725,2025-11-01,3,Successful,13.431223,86.895112
ATT002538,SHP003874,EMP01098,2025-08-05,3,Successful,25.73258,79.487925
ATT002539,SHP003075,EMP04918,2025-02-02,1,Address Issue,18.635482,81.470128
ATT002540,SHP001224,EMP01590,2025-06-29,1,Rescheduled,20.489928,86.605571
ATT002541,SHP003273,EMP04787,2025-12-22,1,Successful,15.473011,87.301851
ATT002542,SHP004156,EMP03856,2025-11-08,2,Successful,17.629495,84.071299
ATT002543,SHP000458,EMP00377,2025-09-23,3,Rescheduled,15.042684,84.785815
ATT002544,SHP002869,EMP01491,2025-09-06,2,Customer Unavailable,26.866801,83.104434
ATT002545,SHP003000,EMP01419,2025-12-09,3,Successful,24.279317,81.486842
ATT002546,SHP002166,EMP00917,2025-08-01,3,Rescheduled,26.456724,87.149666
ATT002547,SHP002696,EMP02544,2025-11-23,1,Successful,17.039795,88.365516
ATT002548,SHP004455,EMP01694,2025-10-13,2,Successful,20.326852,82.387278
ATT002549,SHP000572,EMP01417,2025-03-25,2,Successful,8.540427,85.668107
ATT002550,SHP002850,EMP03029,2025-01-18,2,Successful,21.258628,77.018524
ATT002551,SHP004008,EMP01571,2025-10-30,3,Customer Unavailable,17.227696,77.771478
ATT002552,SHP004048,EMP00224,2025-05-30,2,Successful,23.447361,77.072324
ATT002553,SHP003552,EMP00756,2025-09-12,1,Successful,17.378034,87.403291
ATT002554,SHP003980,EMP02930,2025-04-18,1,Customer Unavailable,20.927262,83.819861
ATT002555,SHP001530,EMP03733,2025-09-03,2,Successful,9.376595,76.057425
ATT002556,SHP001052,EMP04032,2025-05-16,2,Refused,27.459246,79.435114
ATT002557,SHP001328,EMP04412,2025-08-01,1,Customer Unavailable,8.491303,80.160678
ATT002558,SHP004129,EMP00803,2025-04-17,3,Customer Unavailable,11.189236,78.553519
ATT002559,SHP003846,EMP04937,2025-05-28,3,Successful,28.027115,81.147271
ATT002560,SHP000835,EMP03003,2025-02-21,2,Rescheduled,23.163766,81.901756
ATT002561,SHP000241,EMP02052,2025-12-16,3,Successful,14.779616,87.489876
ATT002562,SHP000684,EMP00035,2025-01-25,1,Successful,23.666943,84.07344
ATT002563,SHP003006,EMP00693,2025-06-09,3,Successful,15.71106,84.558273
ATT002564,SHP001659,EMP04285,2025-06-06,3,Successful,17.646719,76.632035
ATT002565,SHP001898,EMP03658,2025-04-26,3,Successful,14.402244,85.22183
ATT002566,SHP003812,EMP01207,2025-05-26,2,Address Issue,12.09186,85.839843
ATT002567,SHP001797,EMP00770,2025-10-07,3,Address Issue,20.388176,84.782309
ATT002568,SHP004277,EMP03819,2025-03-27,1,Successful,12.567138,77.822511
ATT002569,SHP000507,EMP04207,2025-06-04,2,Successful,19.84344,76.36758
ATT002570,SHP004151,EMP01433,2025-03-05,2,Successful,13.400147,78.118791
ATT002571,SHP000988,EMP04429,2025-11-01,1,Successful,18.778553,76.227714
ATT002572,SHP000601,EMP03484,2025-12-08,1,Address Issue,10.489917,87.848951
ATT002573,SHP003694,EMP01231,2025-09-30,1,Address Issue,27.880474,88.302169
ATT002574,SHP001122,EMP02164,2025-03-17,2,Rescheduled,13.3161,78.19748
ATT002575,SHP001817,EMP01593,2025-06-04,3,Successful,22.988241,86.955651
ATT002576,SHP002191,EMP04075,2025-10-01,3,Successful,18.989442,85.590009
ATT002577,SHP003747,EMP04599,2025-05-30,2,Successful,27.542518,76.881529
ATT002578,SHP004096,EMP04085,2025-10-07,2,Successful,28.330415,87.699963
ATT002579,SHP001321,EMP00786,2025-04-03,1,Successful,13.132906,85.7367
ATT002580,SHP004372,EMP01431,2025-09-26,1,Successful,24.230182,80.471815
ATT002581,SHP000762,EMP03238,2025-11-08,2,Successful,19.912716,80.854992
ATT002582,SHP004728,EMP01575,2025-05-01,3,Successful,26.876468,88.020905
ATT002583,SHP003111,EMP00005,2025-06-15,1,Customer Unavailable,8.020489,88.462759
ATT002584,SHP000652,EMP00880,2025-12-05,2,Customer Unavailable,23.581585,88.004529
ATT002585,SHP002766,EMP04204,2025-09-20,3,Successful,15.972447,80.578027
ATT002586,SHP001433,EMP02592,2025-03-14,3,Successful,17.074611,81.790187
ATT002587,SHP002191,EMP04732,2025-02-13,2,Successful,18.943679,77.187181
ATT002588,SHP001496,EMP02689,2025-10-31,3,Successful,22.660172,77.977853
ATT002589,SHP004865,EMP03766,2025-04-20,3,Successful,17.510586,88.038199
ATT002590,SHP004154,EMP04835,2025-04-16,3,Successful,11.211768,81.890779
ATT002591,SHP001892,EMP03615,2025-04-17,2,Successful,10.779122,83.154305
ATT002592,SHP001993,EMP02526,2025-03-13,2,Address Issue,16.313116,82.455511
ATT002593,SHP003365,EMP01586,2025-05-17,1,Successful,12.576041,81.292645
ATT002594,SHP000101,EMP02198,2025-09-23,3,Successful,15.449528,76.116931
ATT002595,SHP003539,EMP04608,2025-12-13,1,Successful,14.926442,77.538344
ATT002596,SHP004528,EMP00750,2025-02-18,3,Successful,9.465958,76.905232
ATT002597,SHP002198,EMP01729,2025-06-09,3,Successful,24.813021,80.841057
ATT002598,SHP001915,EMP03225,2025-08-09,3,Successful,25.555043,84.026818
ATT002599,SHP004302,EMP04264,2025-05-23,1,Successful,10.175658,79.099118
ATT002600,SHP001838,EMP03491,2025-03-02,1,Successful,19.944906,81.753111
ATT002601,SHP001109,EMP03780,2025-07-16,1,Successful,10.035742,84.920631
ATT002602,SHP000135,EMP01885,2025-03-14,1,Successful,24.203401,78.271057
ATT002603,SHP002565,EMP01123,2025-05-22,3,Successful,11.325858,82.38428
ATT002604,SHP002114,EMP01081,2025-01-19,2,Successful,13.705416,85.589277
ATT002605,SHP004433,EMP02499,2025-11-18,1,Customer Unavailable,21.636145,87.872179
ATT002606,SHP000799,EMP00783,2025-02-13,1,Customer Unavailable,8.594804,84.378992
ATT002607,SHP002768,EMP04791,2025-07-10,1,Address Issue,12.648271,76.441076
ATT002608,SHP003714,EMP03872,2025-10-01,3,Customer Unavailable,9.69018,82.028186
ATT002609,SHP001537,EMP02809,2025-07-11,1,Successful,17.150856,84.318223
ATT002610,SHP001066,EMP02479,2025-11-04,3,Customer Unavailable,13.614291,80.967786
ATT002611,SHP001365,EMP03626,2025-04-07,1,Successful,18.487507,83.416443
ATT002612,SHP000963,EMP02126,2025-05-20,3,Successful,19.936341,76.580164
ATT002613,SHP001705,EMP00561,2025-02-27,2,Successful,16.691189,83.08546
ATT002614,SHP004080,EMP02867,2025-01-18,3,Successful,23.280276,76.877098
ATT002615,SHP004108,EMP03801,2025-12-28,2,Successful,16.004862,87.366508
ATT002616,SHP000163,EMP04835,2025-05-24,1,Customer Unavailable,17.85711,81.433678
ATT002617,SHP004113,EMP04915,2025-04-30,1,Successful,9.071399,83.776776
ATT002618,SHP004316,EMP03518,2025-03-18,1,Successful,17.178096,77.282696
ATT002619,SHP004825,EMP02242,2025-04-26,2,Successful,11.244738,82.816566
ATT002620,SHP003892,EMP00440,2025-11-01,1,Refused,27.504011,80.256512
ATT002621,SHP001747,EMP01391,2025-09-08,1,Customer Unavailable,15.482045,82.3331
ATT002622,SHP002239,EMP03279,2025-10-25,3,Rescheduled,8.537837,80.323749
ATT002623,SHP001991,EMP04218,2025-11-24,3,Successful,20.264835,78.306406
ATT002624,SHP000263,EMP03683,2025-01-18,3,Successful,15.060676,77.778996
ATT002625,SHP000608,EMP04327,2025-06-30,2,Rescheduled,26.040403,76.108763
ATT002626,SHP003479,EMP04180,2025-02-01,3,Successful,24.729531,79.770814
ATT002627,SHP002763,EMP04002,2025-07-01,2,Successful,26.84558,81.193585
ATT002628,SHP001075,EMP02033,2025-04-25,1,Rescheduled,20.27845,87.277094
ATT002629,SHP002102,EMP00832,2025-03-06,1,Rescheduled,25.329224,84.49723
ATT002630,SHP002441,EMP04367,2025-12-30,3,Refused,25.452281,80.728061
ATT002631,SHP004259,EMP02613,2025-12-14,1,Rescheduled,11.132328,86.857178
ATT002632,SHP003158,EMP02865,2025-09-24,3,Successful,8.055202,79.730815
ATT002633,SHP003320,EMP02854,2025-10-28,1,Successful,10.234829,77.328602
ATT002634,SHP003063,EMP02498,2025-04-19,2,Successful,15.261665,83.029586
ATT002635,SHP004831,EMP04557,2025-01-25,2,Successful,20.486719,86.533517
ATT002636,SHP004563,EMP00647,2025-12-11,3,Successful,22.727471,84.317152
ATT002637,SHP003927,EMP00781,2025-02-27,1,Rescheduled,17.290903,77.70387
ATT002638,SHP001691,EMP03380,2025-02-14,1,Customer Unavailable,19.192952,78.550309
ATT002639,SHP000216,EMP03555,2025-02-23,3,Successful,19.317113,84.791985
ATT002640,SHP002719,EMP02533,2025-03-29,3,Successful,14.305909,79.967884
ATT002641,SHP004102,EMP04926,2025-07-19,3,Address Issue,22.585165,81.360254
ATT002642,SHP004919,EMP03909,2025-11-05,2,Address Issue,10.840158,77.935372
ATT002643,SHP003779,EMP01739,2025-03-13,1,Customer Unavailable,11.18699,76.632274
ATT002644,SHP000061,EMP04536,2025-12-28,2,Address Issue,11.810104,85.018281
ATT002645,SHP003519,EMP01105,2025-12-06,3,Successful,9.126659,76.260758
ATT002646,SHP003100,EMP03613,2025-03-02,2,Successful,19.039302,81.51501
ATT002647,SHP000267,EMP00458,2025-06-03,1,Successful,11.528456,81.257959
ATT002648,SHP001617,EMP02287,2025-01-07,2,Successful,14.764238,82.641948
ATT002649,SHP003195,EMP00089,2025-10-21,2,Address Issue,19.89296,77.874099
ATT002650,SHP002776,EMP04719,2025-01-02,3,Successful,27.863715,77.593923
ATT002651,SHP002960,EMP01780,2025-08-01,3,Successful,25.146251,87.822001
ATT002652,SHP001791,EMP03366,2025-01-17,1,Customer Unavailable,23.176357,81.281401
ATT002653,SHP003228,EMP04571,2025-05-19,2,Customer Unavailable,21.908911,84.022776
ATT002654,SHP001069,EMP02643,2025-11-26,1,Successful,17.932607,84.512036
ATT002655,SHP002771,EMP00014,2025-11-08,3,Customer Unavailable,14.324993,84.757169
ATT002656,SHP003163,EMP01558,2025-06-21,1,Successful,28.471668,82.403478
ATT002657,SHP001553,EMP04569,2025-11-10,3,Successful,22.433934,84.738961
ATT002658,SHP001940,EMP01773,2025-06-05,1,Customer Unavailable,15.828181,85.811947
ATT002659,SHP002897,EMP00483,2025-11-22,1,Successful,25.563332,82.036191
ATT002660,SHP002111,EMP04590,2025-05-08,2,Refused,20.654886,78.619741
ATT002661,SHP002972,EMP00970,2025-06-02,3,Successful,24.383326,80.386548
ATT002662,SHP003617,EMP02922,2025-01-26,2,Successful,25.125982,79.28317
ATT002663,SHP003128,EMP03444,2025-10-25,1,Successful,26.111042,85.14697
ATT002664,SHP004297,EMP04936,2025-05-19,1,Successful,17.270956,82.586256
ATT002665,SHP004238,EMP01907,2025-07-26,3,Rescheduled,13.186992,82.189666
ATT002666,SHP004697,EMP01955,2025-06-28,3,Customer Unavailable,24.749851,76.988956
ATT002667,SHP000703,EMP04618,2025-06-23,3,Customer Unavailable,11.663096,82.713428
ATT002668,SHP003285,EMP04758,2025-12-16,3,Successful,21.747537,87.726247
ATT002669,SHP002484,EMP04208,2025-09-22,1,Rescheduled,11.637764,86.437901
ATT002670,SHP000012,EMP00099,2025-12-27,1,Successful,24.591867,86.678128
ATT002671,SHP002561,EMP04760,2025-09-28,3,Successful,27.824943,81.462747
ATT002672,SHP001021,EMP00228,2025-11-16,1,Successful,28.478832,76.49222
ATT002673,SHP003033,EMP00074,2025-07-03,2,Successful,21.527076,83.200252
ATT002674,SHP004890,EMP02688,2025-02-07,2,Successful,13.42097,81.081274
ATT002675,SHP002749,EMP04222,2025-11-15,2,Refused,10.246846,82.535723
ATT002676,SHP004390,EMP02772,2025-08-28,1,Successful,24.091299,78.493431
ATT002677,SHP004356,EMP02904,2025-08-23,3,Successful,9.09467,86.736955
ATT002678,SHP000905,EMP01434,2025-10-01,2,Successful,14.99286,87.426094
ATT002679,SHP003387,EMP01271,2025-04-17,1,Rescheduled,14.47747,88.001067
ATT002680,SHP003430,EMP01889,2025-02-03,3,Successful,21.550263,85.442035
ATT002681,SHP001750,EMP04198,2025-08-29,2,Successful,21.464646,85.955706
ATT002682,SHP001101,EMP03352,2025-08-07,3,Successful,14.90828,84.498698
ATT002683,SHP003718,EMP00805,2025-07-17,2,Successful,9.554961,85.845444
ATT002684,SHP004224,EMP03129,2025-01-08,1,Successful,22.647602,77.894613
ATT002685,SHP002281,EMP04695,2025-07-15,2,Successful,15.787213,88.009052
ATT002686,SHP001111,EMP01280,2025-11-05,2,Rescheduled,13.786598,83.049919
ATT002687,SHP001582,EMP01061,2025-01-24,3,Rescheduled,15.270237,80.307541
ATT002688,SHP000953,EMP01585,2025-06-19,3,Successful,16.264152,80.286957
ATT002689,SHP003415,EMP01402,2025-02-13,1,Refused,21.55119,85.760968
ATT002690,SHP000324,EMP04760,2025-07-28,3,Successful,13.72994,77.231837
ATT002691,SHP001951,EMP04634,2025-04-22,1,Successful,8.51183,85.02832
ATT002692,SHP001318,EMP04306,2025-02-04,2,Rescheduled,19.502808,80.58881
ATT002693,SHP003692,EMP03431,2025-08-26,2,Successful,9.938305,76.304889
ATT002694,SHP002551,EMP01150,2025-02-02,2,Successful,10.417434,81.875733
ATT002695,SHP001625,EMP02254,2025-12-11,3,Customer Unavailable,14.155129,86.114845
ATT002696,SHP000662,EMP00974,2025-02-26,3,Customer Unavailable,27.615275,85.756505
ATT002697,SHP004028,EMP02618,2025-01-09,3,Successful,12.983622,79.622349
ATT002698,SHP003403,EMP01618,2025-08-31,2,Refused,17.876563,85.446312
ATT002699,SHP002618,EMP00716,2025-01-08,2,Successful,24.547167,78.882082
ATT002700,SHP003912,EMP01672,2025-05-04,3,Address Issue,26.733117,77.827673
ATT002701,SHP002058,EMP04305,2025-03-31,3,Successful,15.959797,77.092906
ATT002702,SHP004043,EMP02112,2025-03-27,3,Successful,14.423377,82.278603
ATT002703,SHP002400,EMP02340,2025-01-24,3,Successful,21.384981,84.670311
ATT002704,SHP003152,EMP03300,2025-09-30,2,Rescheduled,26.153128,82.595196
ATT002705,SHP000953,EMP01727,2025-05-26,2,Successful,23.046945,78.613138
ATT002706,SHP002900,EMP03109,2025-08-31,3,Refused,28.180756,81.016041
ATT002707,SHP001176,EMP03893,2025-10-22,3,Successful,28.095194,77.100115
ATT002708,SHP003246,EMP04087,2025-05-22,2,Address Issue,12.724134,77.981408
ATT002709,SHP001858,EMP00013,2025-03-03,3,Successful,18.567996,80.699768
ATT002710,SHP000035,EMP04658,2025-08-21,1,Successful,23.80877,86.9012
ATT002711,SHP001510,EMP00520,2025-06-05,3,Successful,20.393823,86.799012
ATT002712,SHP001379,EMP00562,2025-10-30,2,Successful,9.350661,79.476657
ATT002713,SHP003460,EMP02814,2025-12-17,2,Successful,19.893169,84.579436
ATT002714,SHP004836,EMP04748,2025-02-14,1,Successful,18.925421,78.366378
ATT002715,SHP004921,EMP03844,2025-10-31,2,Successful,10.328706,78.160272
ATT002716,SHP001727,EMP03691,2025-08-06,3,Refused,19.236905,86.638599
ATT002717,SHP000430,EMP00698,2025-07-23,1,Successful,12.587093,86.980143
ATT002718,SHP004233,EMP01320,2025-11-07,3,Successful,17.286864,80.477013
ATT002719,SHP002778,EMP01163,2025-05-02,1,Successful,24.874004,80.472049
ATT002720,SHP004088,EMP00322,2025-07-25,2,Address Issue,14.926975,82.531378
ATT002721,SHP001882,EMP03366,2025-08-08,3,Successful,13.362339,83.358463
ATT002722,SHP000454,EMP02806,2025-08-21,2,Customer Unavailable,17.655854,86.785741
ATT002723,SHP001790,EMP00819,2025-08-30,2,Refused,24.766215,78.143758
ATT002724,SHP001426,EMP00980,2025-05-07,2,Rescheduled,21.976282,77.410082
ATT002725,SHP000457,EMP01064,2025-12-11,3,Customer Unavailable,24.31625,86.251946
ATT002726,SHP001856,EMP03149,2025-07-06,3,Rescheduled,10.491466,83.340489
ATT002727,SHP001568,EMP03870,2025-02-02,1,Refused,8.466598,76.890288
ATT002728,SHP000371,EMP03893,2025-03-20,1,Customer Unavailable,25.985952,86.485964
ATT002729,SHP001326,EMP02670,2025-02-22,1,Rescheduled,21.79316,77.308579
ATT002730,SHP004284,EMP04888,2025-08-27,3,Customer Unavailable,22.72167,82.504471
ATT002731,SHP002951,EMP01487,2025-06-28,3,Successful,28.100224,88.188898
ATT002732,SHP001626,EMP02568,2025-01-29,1,Successful,26.106948,80.121446
ATT002733,SHP004381,EMP04746,2025-11-24,2,Rescheduled,10.063555,85.201215
ATT002734,SHP000258,EMP02864,2025-11-05,2,Customer Unavailable,8.122567,76.045825
ATT002735,SHP002723,EMP02960,2025-09-20,1,Successful,10.826885,88.359702
ATT002736,SHP001084,EMP03664,2025-08-26,1,Customer Unavailable,17.719535,84.530611
ATT002737,SHP002181,EMP00617,2025-08-21,2,Successful,15.585598,86.81975
ATT002738,SHP004331,EMP02728,2025-08-05,3,Successful,21.617853,83.61633
ATT002739,SHP002488,EMP02465,2025-08-31,1,Rescheduled,26.347019,85.315575
ATT002740,SHP003170,EMP04854,2025-04-26,2,Customer Unavailable,15.187041,82.695821
ATT002741,SHP004036,EMP04883,2025-10-04,2,Rescheduled,12.309395,79.433346
ATT002742,SHP003457,EMP01858,2025-09-20,3,Address Issue,18.797743,78.408124
ATT002743,SHP004218,EMP02074,2025-01-18,3,Successful,26.673913,78.818222
ATT002744,SHP002329,EMP04855,2025-07-19,3,Successful,11.552228,80.911474
ATT002745,SHP003380,EMP04992,2025-03-09,1,Successful,12.584641,81.474422
ATT002746,SHP004002,EMP04004,2025-10-30,1,Successful,20.456608,80.85219
ATT002747,SHP002642,EMP02246,2025-09-21,2,Successful,28.203849,77.548299
ATT002748,SHP001420,EMP01664,2025-04-26,3,Successful,23.325583,87.062541
ATT002749,SHP001917,EMP01141,2025-12-09,3,Customer Unavailable,14.65752,86.133633
ATT002750,SHP004839,EMP00530,2025-09-06,2,Refused,25.668337,80.696957
ATT002751,SHP000625,EMP04591,2025-05-13,2,Refused,25.500254,80.859451
ATT002752,SHP004302,EMP03540,2025-07-02,3,Successful,17.579415,85.201154
ATT002753,SHP002884,EMP03907,2025-05-03,2,Customer Unavailable,12.669194,87.564092
ATT002754,SHP001373,EMP03453,2025-10-21,2,Successful,13.536922,86.78971
ATT002755,SHP001497,EMP02600,2025-12-04,3,Successful,21.849271,85.283572
ATT002756,SHP003857,EMP03242,2025-05-21,1,Customer Unavailable,13.718745,78.963696
ATT002757,SHP004678,EMP00464,2025-09-16,2,Successful,25.218098,78.451739
ATT002758,SHP001124,EMP04220,2025-01-17,3,Successful,23.951464,83.44061
ATT002759,SHP001843,EMP02593,2025-03-08,3,Successful,9.756595,85.909028
ATT002760,SHP001548,EMP01274,2025-12-24,2,Successful,9.107724,84.282593
ATT002761,SHP000570,EMP00156,2025-06-25,1,Successful,13.922466,78.115062
ATT002762,SHP001115,EMP00136,2025-05-11,1,Successful,18.604539,84.468436
ATT002763,SHP003983,EMP01014,2025-09-09,3,Customer Unavailable,9.319538,78.800347
ATT002764,SHP001026,EMP01929,2025-01-10,1,Successful,13.404481,87.54796
ATT002765,SHP004725,EMP04519,2025-07-10,3,Rescheduled,16.963613,87.783411
ATT002766,SHP004024,EMP01013,2025-11-01,1,Successful,25.082316,77.077153
ATT002767,SHP000381,EMP01897,2025-07-02,2,Customer Unavailable,27.073282,82.840237
ATT002768,SHP004291,EMP02532,2025-11-25,2,Successful,20.590494,83.333588
ATT002769,SHP002359,EMP00151,2025-11-03,3,Successful,22.922042,80.835746
ATT002770,SHP002411,EMP03635,2025-08-19,3,Successful,24.66009,84.694803
ATT002771,SHP003329,EMP03672,2025-03-10,1,Successful,22.571873,81.875695
ATT002772,SHP001181,EMP04702,2025-09-14,1,Successful,16.328352,85.765342
ATT002773,SHP002252,EMP00668,2025-03-12,2,Customer Unavailable,27.669081,82.57125
ATT002774,SHP001363,EMP00689,2025-01-05,2,Refused,15.809957,81.811415
ATT002775,SHP000768,EMP04175,2025-01-01,1,Successful,9.790351,85.862863
ATT002776,SHP003233,EMP00766,2025-12-19,2,Successful,24.343436,79.277371
ATT002777,SHP001846,EMP03113,2025-05-31,1,Successful,20.687675,81.13486
ATT002778,SHP001710,EMP03188,2025-10-27,2,Successful,24.388408,78.787271
ATT002779,SHP004726,EMP02273,2025-08-06,1,Refused,24.784441,86.60024
ATT002780,SHP002206,EMP01538,2025-12-09,3,Successful,9.073941,79.503298
ATT002781,SHP001703,EMP00939,2025-01-15,3,Successful,23.813209,80.548168
ATT002782,SHP003809,EMP02087,2025-02-28,3,Successful,18.603934,78.161044
ATT002783,SHP002150,EMP00600,2025-01-06,1,Successful,23.734997,81.257703
ATT002784,SHP004670,EMP01616,2025-02-19,1,Refused,27.325458,87.719108
ATT002785,SHP000401,EMP00064,2025-11-11,3,Successful,26.962863,85.889184
ATT002786,SHP003402,EMP01315,2025-12-31,2,Successful,21.953528,81.514973
ATT002787,SHP000595,EMP01896,2025-01-09,2,Successful,21.204544,77.635435
ATT002788,SHP004080,EMP04288,2025-12-10,2,Successful,10.905886,76.577851
ATT002789,SHP000191,EMP03182,2025-01-13,3,Successful,16.447285,86.460516
ATT002790,SHP002742,EMP02012,2025-07-19,2,Address Issue,18.345689,87.487782
ATT002791,SHP004719,EMP02224,2025-06-22,3,Successful,23.920679,80.801349
ATT002792,SHP004846,EMP04098,2025-12-30,3,Refused,24.785147,86.585812
ATT002793,SHP000037,EMP01471,2025-04-07,1,Successful,23.797461,83.458415
ATT002794,SHP001099,EMP01238,2025-04-06,3,Address Issue,26.574736,76.206045
ATT002795,SHP003847,EMP03246,2025-06-03,3,Successful,8.93958,79.503283
ATT002796,SHP001598,EMP02919,2025-07-13,1,Successful,18.137512,87.04422
ATT002797,SHP003867,EMP03474,2025-02-12,2,Rescheduled,25.77975,87.706886
ATT002798,SHP004068,EMP03242,2025-12-26,1,Successful,10.13115,77.293994
ATT002799,SHP002326,EMP00263,2025-01-06,2,Customer Unavailable,22.288373,77.623639
ATT002800,SHP001724,EMP04806,2025-08-29,1,Address Issue,14.330574,81.333322
ATT002801,SHP000111,EMP01136,2025-08-18,3,Customer Unavailable,22.106488,79.806693
ATT002802,SHP002633,EMP04768,2025-01-17,1,Successful,17.994235,83.201509
ATT002803,SHP002411,EMP00875,2025-05-30,2,Successful,8.932438,88.021911
ATT002804,SHP004883,EMP04881,2025-05-10,2,Customer Unavailable,24.730163,80.744561
ATT002805,SHP000266,EMP03026,2025-03-21,3,Rescheduled,17.845054,76.946601
ATT002806,SHP000034,EMP02648,2025-05-02,3,Address Issue,9.946748,87.067116
ATT002807,SHP004419,EMP03915,2025-10-07,2,Rescheduled,18.493038,86.67231
ATT002808,SHP002194,EMP02393,2025-08-05,1,Successful,18.724839,87.852438
ATT002809,SHP000254,EMP02295,2025-02-05,3,Successful,8.116152,88.136096
ATT002810,SHP004391,EMP03111,2025-09-10,3,Customer Unavailable,22.586106,80.27086
ATT002811,SHP000517,EMP03668,2025-07-24,2,Successful,8.87888,86.232624
ATT002812,SHP004637,EMP02617,2025-03-11,2,Customer Unavailable,22.055914,82.69962
ATT002813,SHP002363,EMP00514,2025-12-24,3,Successful,17.701146,78.234046
ATT002814,SHP004610,EMP00345,2025-02-04,3,Customer Unavailable,23.556378,76.569366
ATT002815,SHP002227,EMP02514,2025-02-09,3,Successful,21.231457,76.017419
ATT002816,SHP000687,EMP01066,2025-10-13,1,Successful,11.494522,86.904548
ATT002817,SHP001427,EMP01982,2025-03-05,2,Successful,18.406487,84.706761
ATT002818,SHP002932,EMP01161,2025-07-26,2,Customer Unavailable,26.043069,88.118969
ATT002819,SHP001770,EMP04019,2025-09-04,2,Successful,8.378004,79.985983
ATT002820,SHP001538,EMP00901,2025-08-01,2,Rescheduled,20.849054,86.713908
ATT002821,SHP004583,EMP00128,2025-10-17,2,Successful,15.346828,86.833377
ATT002822,SHP003510,EMP00439,2025-09-25,3,Successful,28.443716,77.495354
ATT002823,SHP001319,EMP02257,2025-12-15,2,Successful,15.539562,85.288402
ATT002824,SHP002786,EMP02430,2025-12-05,3,Refused,18.889672,83.262944
ATT002825,SHP001953,EMP04077,2025-12-16,2,Successful,14.482949,78.28193
ATT002826,SHP001385,EMP04557,2025-09-05,3,Successful,27.317857,81.504504
ATT002827,SHP004611,EMP03323,2025-01-13,1,Successful,20.292373,82.793218
ATT002828,SHP000181,EMP03313,2025-03-28,3,Customer Unavailable,16.397873,87.410936
ATT002829,SHP000537,EMP02689,2025-06-20,1,Successful,28.337847,76.159587
ATT002830,SHP002901,EMP01348,2025-07-06,2,Successful,26.766931,86.596958
ATT002831,SHP000249,EMP02006,2025-07-27,3,Successful,20.265285,78.890894
ATT002832,SHP002775,EMP01656,2025-05-08,2,Successful,9.735127,82.409528
ATT002833,SHP001104,EMP02705,2025-05-17,3,Successful,16.74727,86.148157
ATT002834,SHP001227,EMP04098,2025-11-03,1,Successful,14.16393,86.030713
ATT002835,SHP002709,EMP02298,2025-02-15,2,Successful,23.073949,84.226321
ATT002836,SHP001641,EMP04639,2025-10-09,3,Customer Unavailable,15.238489,81.361716
ATT002837,SHP001642,EMP00738,2025-04-02,2,Successful,9.652795,86.49227
ATT002838,SHP000168,EMP03878,2025-04-21,3,Successful,12.653895,86.149704
ATT002839,SHP000423,EMP03698,2025-04-03,3,Address Issue,24.873841,81.347913
ATT002840,SHP003200,EMP04601,2025-06-13,3,Successful,27.555845,78.064801
ATT002841,SHP002608,EMP00002,2025-07-21,3,Successful,20.271898,84.755559
ATT002842,SHP001257,EMP03548,2025-01-06,3,Successful,10.656587,79.379345
ATT002843,SHP003229,EMP02020,2025-04-04,3,Successful,12.80574,78.516735
ATT002844,SHP000547,EMP03319,2025-05-11,1,Successful,14.365153,81.179143
ATT002845,SHP003996,EMP01743,2025-03-28,3,Rescheduled,17.365795,84.916423
ATT002846,SHP004423,EMP04924,2025-05-21,3,Rescheduled,22.647512,77.398547
ATT002847,SHP000809,EMP02530,2025-12-18,1,Successful,11.324916,83.06469
ATT002848,SHP001105,EMP03183,2025-05-14,1,Successful,17.508851,82.447098
ATT002849,SHP000253,EMP01812,2025-07-13,1,Successful,21.504535,81.263515
ATT002850,SHP000925,EMP03973,2025-04-19,3,Successful,20.950049,84.246437
ATT002851,SHP002466,EMP03658,2025-02-15,3,Successful,21.883475,84.439724
ATT002852,SHP004634,EMP01163,2025-08-21,1,Rescheduled,8.856036,79.847811
ATT002853,SHP004230,EMP01416,2025-07-08,1,Successful,15.561894,76.730271
ATT002854,SHP000060,EMP03806,2025-04-26,2,Successful,20.720117,85.318405
ATT002855,SHP004646,EMP00905,2025-11-17,1,Successful,18.061608,86.76504
ATT002856,SHP000583,EMP04001,2025-10-12,2,Successful,26.504147,83.804571
ATT002857,SHP000150,EMP03206,2025-01-17,2,Successful,23.713886,82.532361
ATT002858,SHP004595,EMP00903,2025-12-26,2,Customer Unavailable,16.044127,82.097068
ATT002859,SHP000229,EMP00911,2025-11-14,1,Successful,21.183206,77.690254
ATT002860,SHP004608,EMP02491,2025-09-09,2,Refused,11.298105,81.842954
ATT002861,SHP004279,EMP00893,2025-10-08,1,Successful,10.760163,76.724959
ATT002862,SHP001455,EMP00880,2025-07-30,3,Successful,8.308953,78.310242
ATT002863,SHP000950,EMP01947,2025-10-28,1,Successful,25.290063,81.59818
ATT002864,SHP003564,EMP00275,2025-04-20,3,Address Issue,12.946608,80.819638
ATT002865,SHP003471,EMP00260,2025-01-08,1,Successful,26.102082,86.411006
ATT002866,SHP004431,EMP01059,2025-08-02,3,Successful,9.763588,86.508319
ATT002867,SHP000735,EMP04013,2025-05-12,3,Successful,9.295564,88.165004
ATT002868,SHP002280,EMP00307,2025-02-26,3,Address Issue,12.345537,84.013782
ATT002869,SHP003405,EMP04309,2025-12-08,3,Successful,24.219395,82.775911
ATT002870,SHP002235,EMP00499,2025-05-06,3,Successful,16.47339,76.417651
ATT002871,SHP001459,EMP01877,2025-01-27,1,Successful,27.709045,82.034702
ATT002872,SHP003442,EMP01938,2025-03-03,2,Successful,21.088214,80.068839
ATT002873,SHP000485,EMP03467,2025-02-02,1,Successful,23.775978,84.425161
ATT002874,SHP003168,EMP02696,2025-11-07,3,Address Issue,17.523222,85.309794
ATT002875,SHP001024,EMP02454,2025-06-20,2,Successful,26.950433,87.252383
ATT002876,SHP001110,EMP03418,2025-06-23,3,Successful,8.179642,80.654409
ATT002877,SHP001247,EMP01474,2025-10-03,3,Successful,25.38944,77.010184
ATT002878,SHP002427,EMP02371,2025-07-17,3,Refused,13.869498,79.960557
ATT002879,SHP002747,EMP00362,2025-01-08,3,Customer Unavailable,26.804545,81.777069
ATT002880,SHP003887,EMP01493,2025-04-14,1,Successful,27.953194,84.007933
ATT002881,SHP002494,EMP00269,2025-07-19,1,Successful,21.426938,76.715756
ATT002882,SHP004483,EMP03623,2025-10-04,3,Rescheduled,15.377769,84.996977
ATT002883,SHP001163,EMP01756,2025-07-27,3,Customer Unavailable,8.83918,78.268192
ATT002884,SHP001124,EMP00725,2025-04-19,2,Successful,17.185999,77.043659
ATT002885,SHP002499,EMP04708,2025-07-23,3,Successful,22.873074,83.613733
ATT002886,SHP003542,EMP02742,2025-02-10,2,Successful,20.529406,78.188195
ATT002887,SHP001812,EMP01305,2025-05-28,2,Successful,27.731497,85.530901
ATT002888,SHP000289,EMP03552,2025-02-05,2,Customer Unavailable,24.95532,85.853426
ATT002889,SHP001368,EMP02095,2025-04-04,1,Address Issue,10.198634,76.901938
ATT002890,SHP000424,EMP04535,2025-04-19,1,Successful,13.023334,86.807078
ATT002891,SHP004794,EMP03765,2025-07-28,1,Address Issue,25.992578,84.13567
ATT002892,SHP001716,EMP01702,2025-07-14,3,Rescheduled,10.196898,85.990715
ATT002893,SHP004275,EMP01392,2025-08-11,3,Successful,23.220352,81.144234
ATT002894,SHP004160,EMP02351,2025-04-05,3,Customer Unavailable,12.134143,84.785839
ATT002895,SHP003245,EMP01900,2025-02-08,3,Successful,14.195788,77.687556
ATT002896,SHP000442,EMP01786,2025-01-15,2,Successful,14.959571,80.321294
ATT002897,SHP004557,EMP03582,2025-06-27,3,Refused,23.648557,83.004199
ATT002898,SHP001738,EMP02472,2025-05-18,3,Successful,20.441179,77.55722
ATT002899,SHP001650,EMP03314,2025-04-13,3,Successful,20.041197,79.796589
ATT002900,SHP000910,EMP03295,2025-11-02,1,Successful,13.321427,86.21323
ATT002901,SHP003353,EMP03915,2025-04-16,2,Successful,10.447906,86.749748
ATT002902,SHP002815,EMP04494,2025-03-17,2,Successful,13.310384,85.431697
ATT002903,SHP004348,EMP01109,2025-12-10,1,Successful,27.18993,84.936844
ATT002904,SHP003885,EMP02641,2025-12-31,1,Rescheduled,18.230805,80.703627
ATT002905,SHP002562,EMP00273,2025-03-10,3,Successful,8.260989,87.333278
ATT002906,SHP000413,EMP04840,2025-02-04,1,Successful,20.376519,76.685801
ATT002907,SHP001758,EMP02835,2025-10-30,2,Rescheduled,28.231412,82.953249
ATT002908,SHP001841,EMP00069,2025-09-19,1,Successful,27.20641,82.970174
ATT002909,SHP003560,EMP01213,2025-02-28,1,Customer Unavailable,16.179472,83.766079
ATT002910,SHP001327,EMP03643,2025-09-06,2,Customer Unavailable,16.872439,83.986885
ATT002911,SHP001398,EMP01585,2025-05-13,1,Customer Unavailable,27.950929,81.345162
ATT002912,SHP000599,EMP03156,2025-05-26,3,Customer Unavailable,9.535895,78.795006
ATT002913,SHP004478,EMP03582,2025-03-07,3,Customer Unavailable,14.939288,86.083126
ATT002914,SHP002971,EMP00652,2025-02-19,3,Customer Unavailable,21.528747,80.147194
ATT002915,SHP001330,EMP04336,2025-06-01,2,Successful,14.401719,79.831806
ATT002916,SHP004916,EMP01423,2025-07-10,3,Customer Unavailable,9.196647,82.911194
ATT002917,SHP001407,EMP01384,2025-11-24,2,Successful,9.879632,82.302764
ATT002918,SHP002153,EMP00429,2025-11-27,3,Successful,20.665497,76.603059
ATT002919,SHP004078,EMP02441,2025-05-30,2,Successful,21.182071,81.278259
ATT002920,SHP000542,EMP03520,2025-09-15,2,Successful,10.850195,87.23751
ATT002921,SHP000039,EMP00212,2025-09-05,2,Customer Unavailable,22.257887,82.720881
ATT002922,SHP000446,EMP00335,2025-09-30,1,Successful,22.732489,84.872792
ATT002923,SHP003936,EMP04526,2025-04-09,3,Successful,22.671722,85.192199
ATT002924,SHP002686,EMP01225,2025-06-14,2,Refused,26.835055,80.506356
ATT002925,SHP002604,EMP04172,2025-09-17,1,Successful,19.056829,86.256352
ATT002926,SHP000470,EMP03687,2025-04-11,2,Successful,19.887743,87.764679
ATT002927,SHP004082,EMP00177,2025-07-13,1,Successful,14.085898,86.797863
ATT002928,SHP002798,EMP04216,2025-04-29,1,Successful,10.374335,86.635734
ATT002929,SHP001390,EMP01892,2025-08-26,3,Successful,13.314275,85.210913
ATT002930,SHP000125,EMP03149,2025-04-30,2,Successful,15.707388,86.174194
ATT002931,SHP003070,EMP02125,2025-03-18,3,Refused,15.012352,78.85306
ATT002932,SHP002320,EMP01331,2025-06-13,2,Successful,18.864412,76.619596
ATT002933,SHP004950,EMP02551,2025-12-03,1,Successful,23.049769,77.084875
ATT002934,SHP000511,EMP03098,2025-02-06,2,Successful,14.345856,84.454101
ATT002935,SHP003780,EMP02796,2025-03-07,2,Successful,28.080734,80.243817
ATT002936,SHP001789,EMP03870,2025-12-21,3,Successful,8.250661,87.041418
ATT002937,SHP000333,EMP02784,2025-06-19,2,Successful,23.049751,84.880046
ATT002938,SHP003273,EMP04930,2025-12-10,2,Successful,8.121489,79.419992
ATT002939,SHP000458,EMP04566,2025-10-01,1,Successful,18.864505,77.447028
ATT002940,SHP002594,EMP00067,2025-03-24,1,Address Issue,28.322164,84.257989
ATT002941,SHP004266,EMP00198,2025-10-16,1,Successful,13.26543,82.38909
ATT002942,SHP003917,EMP01068,2025-08-24,3,Successful,26.170031,76.541675
ATT002943,SHP004509,EMP04633,2025-06-30,2,Successful,28.467708,79.005405
ATT002944,SHP001137,EMP04311,2025-02-08,1,Refused,27.675168,86.278269
ATT002945,SHP002500,EMP01886,2025-02-12,3,Successful,17.197519,85.733514
ATT002946,SHP000058,EMP02405,2025-02-06,1,Successful,26.766685,83.4007
ATT002947,SHP000327,EMP00922,2025-12-31,1,Customer Unavailable,24.481443,80.799112
ATT002948,SHP000931,EMP03134,2025-09-03,1,Successful,17.091273,80.172454
ATT002949,SHP003300,EMP01465,2025-10-01,3,Successful,22.241774,85.295899
ATT002950,SHP001277,EMP01114,2025-01-01,1,Successful,12.276603,87.641392
ATT002951,SHP004227,EMP00865,2025-03-16,2,Successful,15.257986,80.258548
ATT002952,SHP000803,EMP04976,2025-09-11,2,Successful,19.612689,82.606073
ATT002953,SHP000122,EMP00460,2025-03-03,1,Successful,16.211954,78.442921
ATT002954,SHP003931,EMP00238,2025-05-31,2,Successful,13.567298,82.278531
ATT002955,SHP004550,EMP04661,2025-03-06,3,Successful,19.776137,85.504049
ATT002956,SHP001094,EMP02625,2025-07-25,2,Successful,26.936538,76.74077
ATT002957,SHP004724,EMP01026,2025-12-18,3,Refused,14.008428,84.425938
ATT002958,SHP001991,EMP03908,2025-02-24,2,Successful,28.414518,76.323813
ATT002959,SHP000016,EMP04066,2025-10-21,1,Successful,27.297232,77.756025
ATT002960,SHP000554,EMP01724,2025-11-17,2,Customer Unavailable,24.730883,87.279195
ATT002961,SHP003041,EMP00616,2025-01-15,1,Successful,21.907543,80.448735
ATT002962,SHP002461,EMP04534,2025-10-01,3,Successful,11.31398,85.373238
ATT002963,SHP003219,EMP01871,2025-08-20,1,Successful,19.684337,81.775333
ATT002964,SHP003203,EMP03266,2025-09-07,3,Successful,11.607607,81.845072
ATT002965,SHP002749,EMP00877,2025-03-24,2,Customer Unavailable,25.055037,77.969053
ATT002966,SHP002001,EMP02221,2025-08-07,2,Successful,25.556096,85.512822
ATT002967,SHP002761,EMP00978,2025-06-07,2,Customer Unavailable,13.150643,81.013514
ATT002968,SHP000784,EMP02770,2025-01-30,1,Successful,9.605305,80.031943
ATT002969,SHP002104,EMP04832,2025-12-27,3,Successful,23.300874,79.45597
ATT002970,SHP000727,EMP03161,2025-04-19,1,Successful,19.040037,85.395889
ATT002971,SHP000940,EMP02505,2025-03-21,1,Successful,23.614744,78.188593
ATT002972,SHP003109,EMP01878,2025-06-27,3,Customer Unavailable,15.269877,81.644117
ATT002973,SHP002093,EMP04400,2025-07-06,1,Successful,15.162252,77.868886
ATT002974,SHP000955,EMP01153,2025-10-15,2,Successful,26.223094,79.728263
ATT002975,SHP000719,EMP00028,2025-01-07,2,Rescheduled,15.933525,77.172417
ATT002976,SHP000118,EMP02355,2025-10-18,3,Successful,10.356986,76.864992
ATT002977,SHP002333,EMP02227,2025-12-18,2,Customer Unavailable,8.491136,82.284039
ATT002978,SHP000475,EMP01598,2025-02-11,1,Successful,11.136308,85.783346
ATT002979,SHP002285,EMP00944,2025-08-08,2,Successful,19.287252,84.174533
ATT002980,SHP003384,EMP00057,2025-06-07,3,Successful,16.280487,78.475666
ATT002981,SHP000569,EMP04282,2025-10-26,3,Address Issue,24.863368,82.693618
ATT002982,SHP000116,EMP00275,2025-10-04,2,Refused,14.077904,85.131769
ATT002983,SHP004726,EMP00493,2025-08-04,2,Customer Unavailable,9.413475,78.248754
ATT002984,SHP001493,EMP02997,2025-11-05,3,Successful,8.061158,87.366598
ATT002985,SHP002181,EMP02298,2025-01-28,1,Successful,19.482381,81.655673
ATT002986,SHP003082,EMP04135,2025-04-30,2,Successful,16.211052,84.836881
ATT002987,SHP003644,EMP00924,2025-12-04,3,Successful,13.563057,86.556032
ATT002988,SHP001828,EMP04986,2025-06-24,3,Successful,25.756159,84.63763
ATT002989,SHP002464,EMP01156,2025-04-25,3,Successful,16.360087,77.764918
ATT002990,SHP003993,EMP01969,2025-09-06,1,Refused,14.277298,83.746157
ATT002991,SHP003658,EMP03381,2025-04-08,3,Customer Unavailable,25.009338,84.910514
ATT002992,SHP000301,EMP01472,2025-12-15,2,Successful,23.964764,80.301266
ATT002993,SHP003958,EMP00236,2025-03-16,2,Refused,11.137208,79.700518
ATT002994,SHP004281,EMP03485,2025-02-13,3,Successful,20.886341,88.20062
ATT002995,SHP004100,EMP01479,2025-01-06,3,Successful,25.945926,83.14915
ATT002996,SHP003192,EMP02027,2025-01-02,3,Successful,13.306044,85.990562
ATT002997,SHP000812,EMP04816,2025-10-17,3,Successful,16.890167,85.070299
ATT002998,SHP000471,EMP03039,2025-08-28,2,Successful,25.859924,81.484572
ATT002999,SHP004711,EMP04520,2025-06-03,2,Successful,21.812279,76.50899
ATT003000,SHP000761,EMP02705,2025-11-06,3,Successful,19.913766,80.277954
ATT003001,SHP003953,EMP03976,2025-12-05,2,Customer Unavailable,8.121381,87.354454
ATT003002,SHP000984,EMP01713,2025-02-06,2,Successful,17.933688,84.153388
ATT003003,SHP000539,EMP00775,2025-03-26,1,Successful,26.741787,81.211436
ATT003004,SHP004767,EMP03758,2025-09-08,1,Refused,13.484146,79.363862
ATT003005,SHP003707,EMP03116,2025-10-08,1,Customer Unavailable,14.899038,85.676431
ATT003006,SHP004385,EMP03602,2025-11-06,3,Successful,23.155379,76.245096
ATT003007,SHP000948,EMP01656,2025-07-22,1,Successful,26.005097,87.009725
ATT003008,SHP002977,EMP02601,2025-11-01,2,Refused,15.31083,76.48618
ATT003009,SHP003247,EMP03296,2025-01-29,3,Successful,28.238117,81.864675
ATT003010,SHP004376,EMP03680,2025-02-14,3,Successful,9.709657,83.2294
ATT003011,SHP004659,EMP02461,2025-05-14,1,Rescheduled,15.751816,82.777994
ATT003012,SHP002176,EMP04866,2025-09-12,2,Rescheduled,18.187804,86.944247
ATT003013,SHP004655,EMP04984,2025-07-16,2,Rescheduled,21.461929,76.305799
ATT003014,SHP002058,EMP04644,2025-10-10,3,Address Issue,20.998917,84.680295
ATT003015,SHP003331,EMP03731,2025-12-03,1,Rescheduled,27.536232,76.631934
ATT003016,SHP002052,EMP01958,2025-02-15,3,Successful,24.204933,80.976413
ATT003017,SHP002297,EMP03323,2025-02-22,3,Successful,23.543413,76.543858
ATT003018,SHP000642,EMP02447,2025-05-08,2,Customer Unavailable,16.816893,79.545535
ATT003019,SHP003775,EMP04555,2025-06-03,3,Successful,10.061017,80.849093
ATT003020,SHP001143,EMP01743,2025-01-04,3,Rescheduled,13.154575,76.621525
ATT003021,SHP004232,EMP04485,2025-08-19,1,Address Issue,14.475216,78.261039
ATT003022,SHP004879,EMP01317,2025-02-11,3,Successful,10.0261,83.148062
ATT003023,SHP000158,EMP00231,2025-02-05,1,Refused,18.387569,86.05703
ATT003024,SHP003615,EMP01612,2025-03-29,1,Customer Unavailable,24.348233,84.099771
ATT003025,SHP003689,EMP02337,2025-04-14,2,Customer Unavailable,11.396824,77.192594
ATT003026,SHP001226,EMP03251,2025-03-31,3,Customer Unavailable,21.32152,86.170389
ATT003027,SHP002903,EMP02397,2025-01-31,3,Rescheduled,17.582433,81.217305
ATT003028,SHP001405,EMP00877,2025-05-29,1,Successful,28.126928,76.426735
ATT003029,SHP003462,EMP03911,2025-02-05,1,Successful,28.082866,87.082022
ATT003030,SHP000609,EMP00957,2025-06-20,2,Successful,24.360437,81.792146
ATT003031,SHP004395,EMP01869,2025-07-19,2,Successful,8.205019,81.735759
ATT003032,SHP000108,EMP01741,2025-05-02,1,Refused,15.067908,83.874804
ATT003033,SHP003836,EMP02042,2025-04-21,3,Successful,18.667224,82.068883
ATT003034,SHP003968,EMP02060,2025-10-10,2,Successful,17.888512,77.089369
ATT003035,SHP000217,EMP00763,2025-10-13,3,Successful,13.292191,77.944342
ATT003036,SHP002145,EMP01509,2025-01-13,3,Successful,12.712122,76.941009
ATT003037,SHP000073,EMP04418,2025-03-28,1,Successful,19.453378,82.891981
ATT003038,SHP000641,EMP00219,2025-01-23,1,Successful,26.634097,85.870315
ATT003039,SHP003354,EMP02657,2025-05-24,1,Address Issue,13.898179,85.143468
ATT003040,SHP000452,EMP00988,2025-06-22,3,Successful,17.839086,79.179004
ATT003041,SHP003640,EMP01847,2025-07-23,2,Successful,28.149364,82.753064
ATT003042,SHP003797,EMP00244,2025-02-11,1,Successful,20.621602,76.45699
ATT003043,SHP004943,EMP01179,2025-12-27,2,Rescheduled,9.522191,80.685335
ATT003044,SHP001402,EMP03584,2025-03-16,3,Successful,10.832052,76.03304
ATT003045,SHP004316,EMP01604,2025-02-22,3,Successful,18.068088,85.296752
ATT003046,SHP001569,EMP01232,2025-04-02,3,Rescheduled,14.798529,77.802523
ATT003047,SHP003338,EMP01539,2025-03-20,2,Refused,16.057614,78.289462
ATT003048,SHP003585,EMP02938,2025-09-19,3,Successful,14.316555,80.112441
ATT003049,SHP001066,EMP00987,2025-04-06,3,Customer Unavailable,19.548679,85.515738
ATT003050,SHP000354,EMP04547,2025-07-10,2,Successful,16.095668,78.993427
ATT003051,SHP000170,EMP02219,2025-07-16,2,Refused,23.583008,76.681677
ATT003052,SHP001229,EMP01325,2025-01-28,1,Address Issue,18.375202,85.741429
ATT003053,SHP000916,EMP01844,2025-12-21,2,Successful,17.206102,88.39372
ATT003054,SHP004501,EMP00455,2025-09-06,2,Successful,23.409401,77.439843
ATT003055,SHP000011,EMP00023,2025-01-01,2,Successful,18.89551,77.116986
ATT003056,SHP002675,EMP00753,2025-11-04,3,Refused,18.560801,76.944425
ATT003057,SHP000836,EMP04197,2025-03-06,3,Address Issue,26.103133,84.759728
ATT003058,SHP000787,EMP02704,2025-09-21,1,Rescheduled,17.43999,86.395165
ATT003059,SHP002148,EMP02763,2025-05-03,2,Refused,20.216818,84.793554
ATT003060,SHP001203,EMP02222,2025-02-02,1,Rescheduled,14.499986,79.899913
ATT003061,SHP004558,EMP03200,2025-10-01,2,Customer Unavailable,26.362914,81.142594
ATT003062,SHP000516,EMP02527,2025-12-06,3,Rescheduled,26.990846,84.565738
ATT003063,SHP004769,EMP03706,2025-03-02,2,Refused,20.100235,85.480717
ATT003064,SHP002637,EMP04148,2025-08-02,3,Successful,14.084989,88.196766
ATT003065,SHP002139,EMP03467,2025-03-12,2,Rescheduled,23.79877,83.058207
ATT003066,SHP000403,EMP01343,2025-05-28,3,Successful,26.149822,83.479039
ATT003067,SHP004011,EMP03912,2025-05-13,3,Successful,25.645699,83.337039
ATT003068,SHP001573,EMP01282,2025-04-06,2,Address Issue,24.547166,76.700146
ATT003069,SHP001177,EMP01956,2025-03-05,1,Successful,27.740564,81.599482
ATT003070,SHP002699,EMP00388,2025-12-31,1,Successful,16.427552,87.040406
ATT003071,SHP003527,EMP01051,2025-10-14,3,Successful,18.897827,79.904304
ATT003072,SHP004453,EMP01613,2025-12-04,3,Successful,27.032565,80.557835
ATT003073,SHP002832,EMP03076,2025-09-14,1,Successful,18.329659,82.384379
ATT003074,SHP000295,EMP01246,2025-08-10,1,Successful,26.792478,83.172441
ATT003075,SHP004177,EMP02706,2025-05-19,3,Successful,9.177501,81.4199
ATT003076,SHP002487,EMP02347,2025-04-17,2,Customer Unavailable,15.653216,86.125257
ATT003077,SHP003324,EMP01551,2025-09-19,2,Address Issue,14.619212,77.482064
ATT003078,SHP002544,EMP04178,2025-02-16,3,Successful,27.859554,84.103679
ATT003079,SHP000543,EMP02461,2025-07-30,1,Customer Unavailable,18.606349,79.678247
ATT003080,SHP004244,EMP00100,2025-11-23,1,Rescheduled,26.159025,76.364532
ATT003081,SHP000562,EMP03953,2025-06-11,3,Successful,12.142283,77.795255
ATT003082,SHP003016,EMP01090,2025-03-05,2,Successful,22.751457,85.609374
ATT003083,SHP004834,EMP01591,2025-03-21,2,Successful,18.665227,82.163868
ATT003084,SHP000189,EMP02520,2025-12-03,3,Successful,13.524584,84.683851
ATT003085,SHP002145,EMP00191,2025-04-19,3,Successful,12.846577,85.591955
ATT003086,SHP003437,EMP04795,2025-02-01,2,Successful,11.749538,82.964635
ATT003087,SHP001794,EMP02508,2025-09-14,2,Successful,26.30296,82.941267
ATT003088,SHP003246,EMP00150,2025-11-11,1,Successful,20.286455,76.632137
ATT003089,SHP000838,EMP01636,2025-08-26,1,Customer Unavailable,22.061557,80.091768
ATT003090,SHP001679,EMP02915,2025-06-19,1,Customer Unavailable,19.293716,87.61532
ATT003091,SHP004431,EMP04469,2025-11-17,3,Successful,24.314406,76.783808
ATT003092,SHP001268,EMP00949,2025-08-09,2,Successful,26.225213,86.409713
ATT003093,SHP001900,EMP03234,2025-02-11,2,Rescheduled,15.667565,76.138955
ATT003094,SHP004241,EMP02700,2025-10-14,1,Successful,26.312176,77.010746
ATT003095,SHP003214,EMP00551,2025-12-14,1,Successful,12.893127,85.387212
ATT003096,SHP002188,EMP02177,2025-12-23,2,Successful,19.501517,77.634035
ATT003097,SHP001214,EMP04102,2025-02-04,2,Successful,28.371464,87.137434
ATT003098,SHP003288,EMP00100,2025-07-12,2,Customer Unavailable,13.076114,79.814844
ATT003099,SHP001756,EMP01592,2025-06-15,3,Successful,8.219498,81.725561
ATT003100,SHP000130,EMP02966,2025-01-21,1,Rescheduled,15.10028,88.29542
ATT003101,SHP000470,EMP02400,2025-03-03,1,Successful,16.633913,82.687708
ATT003102,SHP002012,EMP03248,2025-02-05,1,Successful,22.76323,83.008909
ATT003103,SHP001694,EMP04508,2025-06-30,3,Successful,25.06085,83.75766
ATT003104,SHP001653,EMP01993,2025-09-05,2,Successful,20.123915,79.310342
ATT003105,SHP002771,EMP00345,2025-11-29,2,Successful,19.045848,88.200353
ATT003106,SHP004636,EMP02234,2025-11-13,3,Successful,12.840331,76.717532
ATT003107,SHP000051,EMP00894,2025-05-03,3,Successful,23.849255,88.230388
ATT003108,SHP001780,EMP01561,2025-11-08,1,Address Issue,15.133955,77.582037
ATT003109,SHP003150,EMP01777,2025-12-21,1,Successful,13.3764,76.620705
ATT003110,SHP003107,EMP00124,2025-02-16,1,Address Issue,23.193893,77.400029
ATT003111,SHP003689,EMP01283,2025-08-24,1,Successful,27.076029,87.538166
ATT003112,SHP003220,EMP01287,2025-06-20,1,Customer Unavailable,23.788532,79.781823
ATT003113,SHP002780,EMP01513,2025-07-08,2,Successful,21.054266,78.498423
ATT003114,SHP001163,EMP01735,2025-09-07,1,Successful,24.833312,76.685045
ATT003115,SHP004932,EMP04851,2025-02-17,2,Address Issue,11.354332,83.796129
ATT003116,SHP001548,EMP03251,2025-04-15,3,Successful,8.097961,83.017569
ATT003117,SHP000051,EMP00293,2025-04-25,2,Successful,20.5368,85.727769
ATT003118,SHP002772,EMP00359,2025-11-15,1,Customer Unavailable,10.94911,76.006148
ATT003119,SHP000935,EMP04588,2025-08-17,1,Successful,19.137485,76.78394
ATT003120,SHP001572,EMP04623,2025-12-24,1,Successful,13.171323,84.357701
ATT003121,SHP002759,EMP02052,2025-12-11,3,Refused,23.072893,80.063742
ATT003122,SHP003119,EMP01435,2025-04-14,1,Rescheduled,18.704259,81.265016
ATT003123,SHP004957,EMP04306,2025-02-18,2,Successful,20.841837,76.639928
ATT003124,SHP001056,EMP01033,2025-10-24,1,Customer Unavailable,22.499385,86.078226
ATT003125,SHP003082,EMP03481,2025-11-12,1,Successful,26.175713,77.350587
ATT003126,SHP001105,EMP02131,2025-03-22,2,Rescheduled,28.259548,87.507605
ATT003127,SHP001495,EMP01038,2025-04-15,1,Address Issue,17.069333,81.913462
ATT003128,SHP002006,EMP04030,2025-05-09,1,Successful,24.75845,77.899573
ATT003129,SHP002965,EMP03343,2025-07-14,3,Customer Unavailable,17.341829,86.41449
ATT003130,SHP001612,EMP02107,2025-02-26,2,Rescheduled,18.491159,84.317055
ATT003131,SHP000664,EMP00976,2025-10-28,1,Customer Unavailable,9.868563,87.000709
ATT003132,SHP002770,EMP02487,2025-09-08,3,Successful,22.532906,76.620525
ATT003133,SHP000366,EMP04759,2025-04-22,2,Successful,26.245131,81.282828
ATT003134,SHP002537,EMP02158,2025-03-31,1,Successful,23.627516,77.616563
ATT003135,SHP003420,EMP01465,2025-07-08,1,Successful,25.673391,82.622193
ATT003136,SHP000608,EMP01403,2025-07-09,3,Refused,22.047214,76.101226
ATT003137,SHP004642,EMP01395,2025-04-29,3,Successful,16.455277,85.176721
ATT003138,SHP000473,EMP04233,2025-11-30,3,Customer Unavailable,16.95415,80.490851
ATT003139,SHP004401,EMP03589,2025-06-01,1,Successful,14.438111,87.094751
ATT003140,SHP000294,EMP01850,2025-12-14,3,Successful,28.254232,84.92232
ATT003141,SHP001140,EMP02476,2025-01-18,1,Successful,18.916408,87.686354
ATT003142,SHP003431,EMP02308,2025-06-16,2,Successful,27.694562,85.650873
ATT003143,SHP000774,EMP01667,2025-02-06,3,Successful,11.95465,85.068602
ATT003144,SHP001521,EMP04729,2025-02-13,2,Successful,14.470886,85.478626
ATT003145,SHP000312,EMP01457,2025-08-09,1,Successful,16.339194,76.707321
ATT003146,SHP001418,EMP02853,2025-09-07,1,Successful,13.202166,87.414764
ATT003147,SHP004156,EMP02744,2025-07-07,3,Successful,11.284426,85.830578
ATT003148,SHP000973,EMP01771,2025-08-04,1,Successful,16.824604,84.299768
ATT003149,SHP000665,EMP00434,2025-02-16,1,Successful,16.934261,83.205106
ATT003150,SHP003872,EMP01794,2025-07-25,1,Customer Unavailable,17.255695,86.177213
ATT003151,SHP004263,EMP00968,2025-05-06,3,Successful,21.140168,80.151265
ATT003152,SHP004771,EMP03509,2025-08-24,3,Successful,18.865164,81.39617
ATT003153,SHP002224,EMP04381,2025-06-03,2,Customer Unavailable,12.566549,78.087298
ATT003154,SHP000571,EMP04952,2025-06-15,3,Address Issue,20.77115,88.283585
ATT003155,SHP001492,EMP02498,2025-01-05,3,Successful,15.700125,87.656034
ATT003156,SHP004195,EMP00755,2025-03-09,3,Successful,13.598968,83.746676
ATT003157,SHP001227,EMP00316,2025-02-24,1,Successful,14.953421,76.673329
ATT003158,SHP001115,EMP00522,2025-11-01,2,Successful,18.646637,84.380855
ATT003159,SHP002809,EMP02545,2025-02-16,3,Successful,13.329267,85.007024
ATT003160,SHP002514,EMP00975,2025-05-18,3,Rescheduled,18.691429,77.024622
ATT003161,SHP001915,EMP01346,2025-11-15,3,Successful,21.698437,86.707319
ATT003162,SHP001511,EMP01536,2025-07-30,2,Refused,21.978,76.371561
ATT003163,SHP002880,EMP00528,2025-02-01,3,Customer Unavailable,18.483068,83.61431
ATT003164,SHP001923,EMP02101,2025-02-25,1,Successful,22.155508,79.327505
ATT003165,SHP000556,EMP00418,2025-10-17,3,Successful,13.595288,83.595508
ATT003166,SHP002828,EMP04642,2025-01-08,2,Rescheduled,28.07907,86.049535
ATT003167,SHP001807,EMP04652,2025-03-06,2,Successful,8.111901,78.492999
ATT003168,SHP000536,EMP03353,2025-02-17,1,Address Issue,18.999994,87.368954
ATT003169,SHP003933,EMP00953,2025-06-06,1,Successful,21.624675,86.467067
ATT003170,SHP003217,EMP00346,2025-12-17,2,Customer Unavailable,27.123066,77.840075
ATT003171,SHP003760,EMP02461,2025-12-21,1,Customer Unavailable,24.975342,77.074102
ATT003172,SHP004674,EMP04674,2025-12-09,1,Successful,16.976786,77.448629
ATT003173,SHP002285,EMP01565,2025-09-15,1,Successful,14.40092,85.07236
ATT003174,SHP004582,EMP02006,2025-01-01,1,Successful,20.919506,84.941588
ATT003175,SHP004150,EMP02191,2025-12-25,1,Successful,11.412207,85.642954
ATT003176,SHP000967,EMP04268,2025-12-24,1,Successful,10.558907,80.127735
ATT003177,SHP004622,EMP00190,2025-03-16,3,Successful,8.577816,81.713359
ATT003178,SHP002672,EMP04114,2025-08-14,3,Address Issue,13.006685,87.272333
ATT003179,SHP001457,EMP02806,2025-10-09,1,Successful,25.283111,78.921728
ATT003180,SHP004361,EMP03989,2025-04-21,2,Successful,21.253341,82.433189
ATT003181,SHP000289,EMP00574,2025-10-14,3,Customer Unavailable,24.52789,78.645546
ATT003182,SHP004105,EMP04494,2025-09-19,2,Customer Unavailable,8.821185,80.891987
ATT003183,SHP001426,EMP02236,2025-02-05,3,Rescheduled,13.818988,84.6151
ATT003184,SHP003727,EMP01159,2025-11-20,1,Rescheduled,10.013164,82.777573
ATT003185,SHP002244,EMP00428,2025-08-19,1,Successful,21.189555,78.296382
ATT003186,SHP000629,EMP04042,2025-01-30,1,Successful,27.282462,83.037664
ATT003187,SHP003849,EMP04078,2025-09-27,3,Customer Unavailable,26.981414,85.859963
ATT003188,SHP001061,EMP00201,2025-02-20,1,Successful,21.151017,83.116249
ATT003189,SHP003096,EMP02081,2025-03-18,1,Successful,8.648658,88.460581
ATT003190,SHP000375,EMP00786,2025-04-02,3,Rescheduled,20.855558,80.711642
ATT003191,SHP002191,EMP03761,2025-01-29,3,Address Issue,10.067627,76.288406
ATT003192,SHP003972,EMP04805,2025-04-22,3,Address Issue,15.717052,85.688377
ATT003193,SHP002082,EMP04207,2025-05-07,3,Successful,12.771034,86.648817
ATT003194,SHP004758,EMP02379,2025-01-15,3,Successful,12.401951,86.025877
ATT003195,SHP004078,EMP04410,2025-09-19,1,Customer Unavailable,18.604619,87.551741
ATT003196,SHP001253,EMP00631,2025-10-25,2,Successful,16.25523,82.154507
ATT003197,SHP000959,EMP02567,2025-12-30,1,Address Issue,17.493619,83.667734
ATT003198,SHP000320,EMP03480,2025-07-17,1,Successful,21.781887,80.64479
ATT003199,SHP000420,EMP01707,2025-11-18,1,Successful,8.953211,77.247147
ATT003200,SHP004083,EMP00564,2025-06-18,1,Successful,16.439721,80.503849
ATT003201,SHP003700,EMP02174,2025-11-02,2,Customer Unavailable,19.409545,79.109017
ATT003202,SHP000947,EMP02091,2025-01-23,2,Address Issue,19.165494,82.517924
ATT003203,SHP001703,EMP00253,2025-06-05,1,Customer Unavailable,20.674841,81.084706
ATT003204,SHP001124,EMP03792,2025-10-11,1,Rescheduled,8.020068,80.527628
ATT003205,SHP004929,EMP00767,2025-07-08,3,Successful,24.60061,79.755238
ATT003206,SHP001828,EMP03290,2025-06-14,3,Address Issue,16.228769,79.656341
ATT003207,SHP001512,EMP02193,2025-05-11,2,Rescheduled,15.055701,82.705657
ATT003208,SHP002800,EMP00065,2025-08-18,3,Successful,16.576158,86.820348
ATT003209,SHP003098,EMP01987,2025-11-28,2,Customer Unavailable,14.789301,79.253961
ATT003210,SHP002341,EMP04829,2025-06-09,3,Rescheduled,15.888249,86.885049
ATT003211,SHP000780,EMP02485,2025-08-15,2,Refused,25.657309,79.899519
ATT003212,SHP004414,EMP04981,2025-07-16,1,Successful,25.745608,86.425972
ATT003213,SHP001958,EMP02050,2025-03-14,2,Rescheduled,24.663495,86.45666
ATT003214,SHP000570,EMP04489,2025-06-21,2,Successful,24.485663,85.492311
ATT003215,SHP004977,EMP03766,2025-02-08,3,Customer Unavailable,18.041593,81.018275
ATT003216,SHP004765,EMP00550,2025-10-12,3,Successful,10.168106,86.683982
ATT003217,SHP001572,EMP03206,2025-08-05,2,Customer Unavailable,13.704712,80.529015
ATT003218,SHP004554,EMP01632,2025-08-17,3,Successful,20.923064,83.704041
ATT003219,SHP003639,EMP01189,2025-03-20,1,Successful,11.475376,85.694617
ATT003220,SHP001145,EMP04541,2025-01-19,1,Customer Unavailable,18.484805,80.077962
ATT003221,SHP000873,EMP02952,2025-12-30,2,Successful,20.004681,86.818394
ATT003222,SHP000553,EMP00698,2025-11-18,3,Successful,21.945296,80.082891
ATT003223,SHP002277,EMP00294,2025-05-06,3,Successful,13.149353,86.737876
ATT003224,SHP001474,EMP03389,2025-01-17,2,Successful,14.851706,78.0688
ATT003225,SHP000155,EMP01144,2025-11-23,1,Customer Unavailable,19.847245,86.261943
ATT003226,SHP001581,EMP01498,2025-06-07,3,Customer Unavailable,20.363598,79.816804
ATT003227,SHP001927,EMP02357,2025-01-01,2,Successful,10.258869,79.814861
ATT003228,SHP000973,EMP03852,2025-08-14,2,Successful,9.014359,82.945666
ATT003229,SHP003269,EMP00021,2025-04-20,2,Customer Unavailable,11.17299,82.228638
ATT003230,SHP003496,EMP00888,2025-06-23,3,Successful,20.628673,87.813147
ATT003231,SHP002500,EMP01466,2025-01-26,2,Rescheduled,21.041725,78.754892
ATT003232,SHP002602,EMP03863,2025-04-03,2,Refused,11.323445,86.198088
ATT003233,SHP004561,EMP04206,2025-12-17,3,Customer Unavailable,17.559176,87.487823
ATT003234,SHP003596,EMP00910,2025-05-05,1,Refused,21.474637,85.408673
ATT003235,SHP002831,EMP00707,2025-05-16,3,Customer Unavailable,17.700122,78.989062
ATT003236,SHP003349,EMP04668,2025-03-25,2,Successful,27.861625,87.927059
ATT003237,SHP001436,EMP04952,2025-03-06,2,Refused,20.96762,87.484381
ATT003238,SHP000319,EMP01807,2025-01-29,1,Address Issue,21.936656,85.982204
ATT003239,SHP000037,EMP00578,2025-03-30,2,Successful,28.031312,86.822127
ATT003240,SHP004103,EMP01840,2025-01-20,1,Customer Unavailable,14.251898,84.071058
ATT003241,SHP004736,EMP02831,2025-01-16,1,Customer Unavailable,12.045691,83.087132
ATT003242,SHP003525,EMP04343,2025-07-30,2,Successful,22.337953,81.344139
ATT003243,SHP004000,EMP04062,2025-04-11,1,Customer Unavailable,12.579127,81.585034
ATT003244,SHP000598,EMP03867,2025-11-18,3,Successful,16.005806,77.153429
ATT003245,SHP000330,EMP00578,2025-04-20,2,Successful,24.008106,81.187414
ATT003246,SHP003578,EMP04895,2025-04-17,1,Successful,9.525966,88.386669
ATT003247,SHP000665,EMP04913,2025-09-28,1,Successful,27.003055,84.090525
ATT003248,SHP001609,EMP03150,2025-11-14,1,Successful,18.918353,79.433754
ATT003249,SHP002891,EMP00367,2025-07-07,2,Successful,9.521135,80.375636
ATT003250,SHP001327,EMP03181,2025-11-18,1,Successful,26.010265,84.841708
ATT003251,SHP000945,EMP02315,2025-01-24,3,Rescheduled,15.068878,84.67867
ATT003252,SHP002947,EMP03007,2025-06-18,3,Successful,10.728671,79.697987
ATT003253,SHP001542,EMP02054,2025-01-06,1,Customer Unavailable,21.221552,85.328955
ATT003254,SHP002548,EMP02182,2025-09-01,3,Successful,25.967162,82.313221
ATT003255,SHP004878,EMP01753,2025-01-12,3,Successful,28.249533,77.808713
ATT003256,SHP000909,EMP01729,2025-06-07,3,Successful,14.008945,85.790614
ATT003257,SHP004664,EMP04147,2025-08-25,1,Successful,18.357566,85.083217
ATT003258,SHP000204,EMP04526,2025-03-17,1,Successful,27.017453,85.865691
ATT003259,SHP003288,EMP04843,2025-04-17,1,Rescheduled,10.310886,76.793354
ATT003260,SHP002679,EMP04560,2025-01-28,3,Customer Unavailable,20.579678,83.504581
ATT003261,SHP003335,EMP03490,2025-03-05,2,Successful,14.251313,86.64098
ATT003262,SHP002338,EMP04327,2025-09-18,1,Customer Unavailable,20.59403,76.467242
ATT003263,SHP004478,EMP03308,2025-01-11,2,Address Issue,27.791482,83.344329
ATT003264,SHP004220,EMP04649,2025-09-15,2,Successful,17.343436,82.682023
ATT003265,SHP004296,EMP01355,2025-03-16,2,Successful,11.737853,82.913142
ATT003266,SHP002144,EMP00001,2025-11-18,2,Successful,20.054849,77.097735
ATT003267,SHP000840,EMP01942,2025-08-08,1,Successful,22.857306,83.350155
ATT003268,SHP004466,EMP02040,2025-04-27,3,Successful,27.047155,76.882613
ATT003269,SHP004682,EMP01777,2025-10-23,3,Successful,27.689513,80.071015
ATT003270,SHP001673,EMP01064,2025-03-12,3,Successful,9.925254,84.442724
ATT003271,SHP004380,EMP03048,2025-03-23,1,Successful,19.502088,84.440861
ATT003272,SHP004029,EMP03764,2025-06-15,3,Refused,23.251232,76.111488
ATT003273,SHP003760,EMP00335,2025-01-07,2,Address Issue,18.259705,79.965159
ATT003274,SHP003167,EMP02655,2025-07-31,2,Refused,20.889482,84.310192
ATT003275,SHP003213,EMP04218,2025-04-02,2,Successful,22.548972,82.090906
ATT003276,SHP002824,EMP03064,2025-08-11,1,Successful,18.633391,78.96697
ATT003277,SHP004714,EMP03313,2025-10-23,3,Address Issue,16.797492,76.301362
ATT003278,SHP004030,EMP03995,2025-03-06,1,Successful,25.447613,88.414823
ATT003279,SHP002093,EMP03243,2025-07-25,1,Address Issue,10.725077,79.569688
ATT003280,SHP004005,EMP00358,2025-05-21,1,Successful,12.186556,85.84165
ATT003281,SHP004015,EMP04692,2025-10-23,2,Successful,22.987437,79.062166
ATT003282,SHP003230,EMP02368,2025-03-10,2,Successful,13.723818,81.589086
ATT003283,SHP002403,EMP02484,2025-03-01,1,Address Issue,12.622143,82.256495
ATT003284,SHP004337,EMP04097,2025-01-08,3,Rescheduled,21.178499,81.277227
ATT003285,SHP004001,EMP01702,2025-03-13,1,Customer Unavailable,27.641496,83.664217
ATT003286,SHP002434,EMP01122,2025-03-08,3,Customer Unavailable,11.823167,82.710928
ATT003287,SHP003945,EMP02462,2025-04-11,1,Successful,16.165745,79.431065
ATT003288,SHP002144,EMP04597,2025-07-04,2,Successful,12.084465,87.548681
ATT003289,SHP001229,EMP02026,2025-07-17,2,Rescheduled,19.362709,86.180055
ATT003290,SHP003592,EMP03384,2025-11-12,3,Address Issue,27.609806,83.805672
ATT003291,SHP001348,EMP01613,2025-04-06,1,Successful,11.656674,85.996746
ATT003292,SHP003557,EMP00087,2025-05-13,1,Customer Unavailable,18.203418,86.922901
ATT003293,SHP003044,EMP00533,2025-06-25,3,Successful,26.077734,80.141809
ATT003294,SHP000338,EMP03409,2025-09-07,1,Successful,13.896261,87.689236
ATT003295,SHP003811,EMP04947,2025-06-02,2,Successful,20.742298,82.249935
ATT003296,SHP003720,EMP03208,2025-10-22,1,Address Issue,25.671986,78.399768
ATT003297,SHP002280,EMP00004,2025-07-30,3,Successful,16.112011,79.898105
ATT003298,SHP004314,EMP04731,2025-09-30,1,Successful,15.454312,85.917108
ATT003299,SHP002734,EMP03808,2025-05-25,2,Refused,22.985917,79.483315
ATT003300,SHP002406,EMP03469,2025-05-04,1,Successful,9.965083,79.075506
ATT003301,SHP001334,EMP04800,2025-02-20,1,Successful,16.984995,82.825787
ATT003302,SHP004788,EMP04262,2025-06-30,2,Refused,24.858738,84.345805
ATT003303,SHP001849,EMP01172,2025-03-16,2,Refused,22.8992,83.087425
ATT003304,SHP000744,EMP04606,2025-06-06,2,Successful,9.448664,82.533405
ATT003305,SHP001376,EMP04220,2025-08-20,3,Successful,19.153896,76.911578
ATT003306,SHP001863,EMP03010,2025-07-16,1,Customer Unavailable,19.183374,82.176342
ATT003307,SHP000935,EMP03603,2025-03-10,2,Address Issue,19.234262,85.87312
ATT003308,SHP001777,EMP00337,2025-07-21,3,Rescheduled,21.489201,85.40436
ATT003309,SHP001237,EMP03493,2025-12-18,2,Rescheduled,9.931621,81.118287
ATT003310,SHP003088,EMP04600,2025-07-29,2,Rescheduled,12.663621,83.756027
ATT003311,SHP003454,EMP02600,2025-11-14,2,Successful,15.84926,78.925881
ATT003312,SHP003791,EMP04963,2025-08-18,1,Address Issue,13.824469,77.373938
ATT003313,SHP001900,EMP03059,2025-09-28,3,Successful,18.384283,82.320265
ATT003314,SHP003100,EMP03647,2025-12-19,2,Successful,27.324352,85.16709
ATT003315,SHP003106,EMP02648,2025-12-29,1,Customer Unavailable,10.523443,86.690733
ATT003316,SHP000831,EMP00282,2025-11-23,3,Refused,10.470803,85.688581
ATT003317,SHP001698,EMP03500,2025-01-31,3,Address Issue,14.571428,87.004751
ATT003318,SHP002636,EMP03751,2025-08-12,1,Successful,22.689302,83.947809
ATT003319,SHP003623,EMP00730,2025-05-23,3,Successful,10.439808,82.01352
ATT003320,SHP004488,EMP04809,2025-09-07,3,Successful,14.332305,79.337652
ATT003321,SHP004341,EMP00728,2025-03-03,1,Refused,19.164109,85.991496
ATT003322,SHP002662,EMP03053,2025-02-21,2,Successful,13.42596,83.384879
ATT003323,SHP001515,EMP00726,2025-10-11,3,Successful,24.294098,87.605918
ATT003324,SHP001097,EMP00452,2025-08-31,3,Successful,12.124995,76.390513
ATT003325,SHP001360,EMP02428,2025-08-08,3,Customer Unavailable,11.305968,78.191193
ATT003326,SHP001293,EMP04570,2025-11-13,1,Successful,12.513534,81.200666
ATT003327,SHP004406,EMP04109,2025-09-14,1,Customer Unavailable,8.631375,83.477396
ATT003328,SHP001000,EMP01015,2025-07-03,3,Successful,21.847699,87.278457
ATT003329,SHP002709,EMP03192,2025-05-10,1,Successful,17.15459,79.062839
ATT003330,SHP003598,EMP00643,2025-04-25,3,Rescheduled,23.256387,76.429702
ATT003331,SHP004571,EMP03374,2025-03-12,2,Successful,20.175283,77.614713
ATT003332,SHP002918,EMP00078,2025-04-26,1,Successful,14.9915,82.879407
ATT003333,SHP003072,EMP01192,2025-02-08,3,Refused,15.405126,83.192703
ATT003334,SHP001302,EMP03028,2025-04-27,3,Successful,11.947281,83.713082
ATT003335,SHP000845,EMP01086,2025-12-08,3,Successful,27.471235,80.950907
ATT003336,SHP003744,EMP03449,2025-03-16,2,Address Issue,9.303997,83.840271
ATT003337,SHP004723,EMP00500,2025-12-03,2,Customer Unavailable,10.038393,80.897891
ATT003338,SHP001284,EMP00561,2025-05-31,2,Address Issue,10.277275,83.214687
ATT003339,SHP004569,EMP04360,2025-07-06,3,Successful,10.117203,76.64641
ATT003340,SHP001394,EMP04002,2025-04-03,3,Rescheduled,12.787891,85.308136
ATT003341,SHP001681,EMP01561,2025-04-19,2,Successful,20.9075,86.091629
ATT003342,SHP000183,EMP01800,2025-08-14,1,Customer Unavailable,25.748664,88.354685
ATT003343,SHP003195,EMP03374,2025-07-05,3,Successful,12.199282,78.085438
ATT003344,SHP003836,EMP04269,2025-02-27,3,Successful,10.272374,84.129829
ATT003345,SHP001353,EMP00502,2025-06-30,3,Customer Unavailable,21.046837,77.593732
ATT003346,SHP002541,EMP00599,2025-11-15,2,Successful,22.114177,86.732352
ATT003347,SHP002793,EMP02731,2025-06-09,2,Successful,28.036792,80.457569
ATT003348,SHP002746,EMP00521,2025-09-05,1,Successful,20.248816,86.926909
ATT003349,SHP000816,EMP03369,2025-12-04,1,Customer Unavailable,11.884405,87.885347
ATT003350,SHP002988,EMP03167,2025-08-23,3,Successful,15.786982,80.472821
ATT003351,SHP004464,EMP01255,2025-12-11,2,Successful,8.032475,81.380131
ATT003352,SHP001272,EMP04566,2025-08-13,2,Successful,9.762784,78.315682
ATT003353,SHP002755,EMP03201,2025-04-21,3,Successful,25.213843,78.053758
ATT003354,SHP001084,EMP02915,2025-07-18,2,Successful,15.804467,76.280515
ATT003355,SHP001530,EMP03138,2025-03-26,1,Successful,8.725593,87.281109
ATT003356,SHP002009,EMP01274,2025-05-11,3,Successful,19.722673,76.042466
ATT003357,SHP004568,EMP04570,2025-12-26,1,Rescheduled,26.92513,83.48884
ATT003358,SHP000665,EMP00163,2025-08-27,2,Refused,14.255727,88.021099
ATT003359,SHP004552,EMP01334,2025-03-31,2,Successful,17.212056,78.754007
ATT003360,SHP001146,EMP04472,2025-09-01,1,Successful,19.891278,79.122257
ATT003361,SHP004404,EMP02580,2025-05-07,1,Successful,24.090376,85.999682
ATT003362,SHP004900,EMP01527,2025-09-21,1,Successful,26.415606,86.637194
ATT003363,SHP000599,EMP02013,2025-02-26,1,Successful,13.154561,81.68669
ATT003364,SHP000597,EMP01123,2025-07-09,3,Successful,23.255719,80.679677
ATT003365,SHP001146,EMP01453,2025-07-28,2,Successful,20.560187,81.221086
ATT003366,SHP004052,EMP01586,2025-02-13,1,Successful,15.816548,85.400184
ATT003367,SHP004923,EMP02570,2025-11-25,1,Rescheduled,16.845814,80.325634
ATT003368,SHP002234,EMP01710,2025-05-12,3,Successful,23.961985,87.543141
ATT003369,SHP000936,EMP00052,2025-04-20,3,Successful,18.941238,79.736341
ATT003370,SHP004401,EMP03807,2025-09-19,2,Successful,14.286238,80.338947
ATT003371,SHP002438,EMP00805,2025-08-17,1,Successful,26.025497,79.660539
ATT003372,SHP004371,EMP01101,2025-05-29,2,Refused,27.387777,84.219244
ATT003373,SHP001801,EMP02109,2025-08-20,3,Successful,17.387163,78.341735
ATT003374,SHP002240,EMP03457,2025-06-06,1,Rescheduled,28.401811,79.756343
ATT003375,SHP002570,EMP00413,2025-05-01,3,Customer Unavailable,8.871912,88.057926
ATT003376,SHP000048,EMP01941,2025-08-30,2,Successful,17.438368,88.226873
ATT003377,SHP002974,EMP04468,2025-01-02,1,Customer Unavailable,21.575519,87.065811
ATT003378,SHP003340,EMP04268,2025-12-20,2,Address Issue,18.811514,80.220812
ATT003379,SHP000526,EMP00020,2025-06-01,1,Successful,24.908373,86.85565
ATT003380,SHP002354,EMP01602,2025-12-03,3,Rescheduled,28.260117,83.964093
ATT003381,SHP000025,EMP00282,2025-07-28,2,Successful,19.256606,82.699997
ATT003382,SHP000307,EMP01421,2025-09-10,1,Customer Unavailable,11.045546,81.229183
ATT003383,SHP002532,EMP01165,2025-09-17,2,Successful,14.144193,76.723927
ATT003384,SHP004038,EMP04915,2025-10-21,1,Successful,9.318597,77.154898
ATT003385,SHP003383,EMP04248,2025-12-15,1,Successful,11.367827,84.795383
ATT003386,SHP000068,EMP02308,2025-06-04,1,Successful,20.501087,82.819986
ATT003387,SHP002780,EMP03376,2025-10-17,1,Address Issue,26.836085,87.117213
ATT003388,SHP001964,EMP03491,2025-01-13,2,Successful,9.986378,81.088867
ATT003389,SHP003979,EMP00927,2025-07-04,2,Successful,15.30965,82.572041
ATT003390,SHP000654,EMP03912,2025-02-19,1,Rescheduled,17.739662,82.532349
ATT003391,SHP003380,EMP04029,2025-07-17,1,Refused,12.701387,78.466772
ATT003392,SHP001356,EMP03161,2025-10-15,3,Successful,19.912303,88.480503
ATT003393,SHP002107,EMP02853,2025-08-09,3,Rescheduled,8.233964,78.670911
ATT003394,SHP003788,EMP03918,2025-08-22,1,Successful,16.14712,83.254962
ATT003395,SHP002420,EMP03630,2025-03-16,3,Rescheduled,26.264577,85.014271
ATT003396,SHP000533,EMP01283,2025-11-07,1,Successful,16.896324,86.139943
ATT003397,SHP003165,EMP00294,2025-06-10,1,Address Issue,21.599867,77.337187
ATT003398,SHP002748,EMP03520,2025-01-27,2,Rescheduled,22.199313,85.726456
ATT003399,SHP001692,EMP00471,2025-01-07,2,Customer Unavailable,12.25088,85.199173
ATT003400,SHP002225,EMP00074,2025-02-28,2,Successful,17.921492,83.724241
ATT003401,SHP004977,EMP01432,2025-08-03,1,Successful,16.036145,77.243089
ATT003402,SHP003049,EMP04567,2025-07-07,3,Successful,28.458932,83.243379
ATT003403,SHP001544,EMP00360,2025-12-11,3,Successful,10.528204,83.444679
ATT003404,SHP000411,EMP03380,2025-09-20,2,Successful,15.462217,88.180708
ATT003405,SHP000429,EMP00023,2025-08-08,3,Successful,20.972234,76.505219
ATT003406,SHP004733,EMP00761,2025-05-05,2,Customer Unavailable,20.080958,86.140141
ATT003407,SHP002645,EMP03196,2025-12-26,1,Successful,27.695952,84.447511
ATT003408,SHP003573,EMP01672,2025-12-08,2,Successful,9.25088,82.901512
ATT003409,SHP001842,EMP00827,2025-03-27,3,Successful,11.876163,86.123041
ATT003410,SHP003632,EMP00203,2025-07-11,1,Rescheduled,23.908083,81.390045
ATT003411,SHP001780,EMP03555,2025-06-29,2,Successful,22.90207,78.3146
ATT003412,SHP004228,EMP01726,2025-09-23,2,Customer Unavailable,23.837127,82.768818
ATT003413,SHP003293,EMP01743,2025-03-17,1,Successful,21.073793,86.532427
ATT003414,SHP004117,EMP03528,2025-05-26,1,Successful,25.862224,77.365239
ATT003415,SHP001544,EMP02582,2025-05-12,3,Successful,24.348202,85.385963
ATT003416,SHP003689,EMP01442,2025-02-11,2,Successful,14.779219,78.788279
ATT003417,SHP000514,EMP04590,2025-06-18,3,Successful,28.061191,85.519893
ATT003418,SHP003648,EMP02174,2025-01-18,2,Successful,28.207339,86.027004
ATT003419,SHP003235,EMP03079,2025-10-17,2,Rescheduled,17.330315,76.860396
ATT003420,SHP002696,EMP04647,2025-07-25,1,Rescheduled,16.956966,87.063388
ATT003421,SHP004437,EMP02819,2025-06-30,3,Customer Unavailable,8.607574,79.886945
ATT003422,SHP002109,EMP03671,2025-01-19,2,Successful,27.306162,87.111515
ATT003423,SHP001113,EMP00090,2025-11-21,2,Successful,8.079979,81.743673
ATT003424,SHP004608,EMP00419,2025-07-15,2,Successful,23.965023,81.655844
ATT003425,SHP001741,EMP03742,2025-08-21,2,Address Issue,12.485852,81.379571
ATT003426,SHP004756,EMP00053,2025-08-04,2,Rescheduled,28.293091,87.273634
ATT003427,SHP000143,EMP04541,2025-08-14,1,Successful,13.580775,80.482793
ATT003428,SHP004305,EMP03806,2025-04-11,2,Address Issue,15.06699,78.23629
ATT003429,SHP003675,EMP00585,2025-12-27,1,Successful,14.296346,76.512585
ATT003430,SHP004511,EMP02623,2025-06-07,2,Address Issue,14.059643,78.499674
ATT003431,SHP000361,EMP01273,2025-02-24,1,Successful,18.926235,85.716657
ATT003432,SHP004250,EMP03381,2025-03-17,1,Successful,25.156314,82.118931
ATT003433,SHP000529,EMP01867,2025-12-20,1,Successful,14.99503,86.25167
ATT003434,SHP003061,EMP03842,2025-02-27,3,Successful,8.123579,86.329191
ATT003435,SHP003233,EMP00264,2025-01-07,2,Successful,18.043776,76.354797
ATT003436,SHP004563,EMP02983,2025-03-25,3,Successful,22.311754,83.801762
ATT003437,SHP002886,EMP02468,2025-08-30,1,Successful,22.943499,80.317997
ATT003438,SHP003176,EMP03262,2025-12-23,2,Successful,9.675583,77.451954
ATT003439,SHP001239,EMP00525,2025-08-26,3,Successful,21.299283,79.89103
ATT003440,SHP000759,EMP03266,2025-03-22,2,Successful,15.247642,79.021724
ATT003441,SHP003562,EMP04739,2025-04-30,3,Successful,10.263406,84.926453
ATT003442,SHP002535,EMP01862,2025-06-11,2,Successful,19.245361,79.086757
ATT003443,SHP001368,EMP03148,2025-04-01,1,Successful,9.213223,81.195532
ATT003444,SHP002245,EMP03352,2025-05-09,1,Successful,28.333432,84.20582
ATT003445,SHP000568,EMP02364,2025-12-13,1,Successful,18.348497,80.390201
ATT003446,SHP000769,EMP04295,2025-08-28,3,Successful,13.702137,80.505148
ATT003447,SHP001339,EMP02417,2025-04-07,2,Rescheduled,14.073718,79.092082
ATT003448,SHP003397,EMP00472,2025-12-24,2,Refused,27.532358,76.455498
ATT003449,SHP002935,EMP03276,2025-09-03,2,Successful,24.960535,77.605534
ATT003450,SHP004237,EMP02095,2025-06-26,1,Rescheduled,14.041947,83.27248
ATT003451,SHP002934,EMP02782,2025-08-14,2,Successful,18.40065,80.204968
ATT003452,SHP001269,EMP02755,2025-09-21,2,Successful,17.422618,77.444854
ATT003453,SHP002612,EMP02170,2025-08-11,1,Successful,25.403971,82.320204
ATT003454,SHP002428,EMP04515,2025-09-01,2,Successful,15.463605,77.511321
ATT003455,SHP004576,EMP00966,2025-08-11,3,Rescheduled,16.901413,83.578567
ATT003456,SHP000205,EMP03540,2025-07-04,3,Successful,8.718929,83.738364
ATT003457,SHP000596,EMP00915,2025-10-26,1,Successful,9.762249,80.618402
ATT003458,SHP000402,EMP01003,2025-08-05,3,Rescheduled,18.239614,85.014514
ATT003459,SHP002912,EMP00148,2025-12-12,1,Successful,25.538872,84.523784
ATT003460,SHP004639,EMP01043,2025-04-01,2,Customer Unavailable,14.975084,81.861676
ATT003461,SHP002721,EMP03905,2025-01-26,2,Customer Unavailable,8.110359,82.542137
ATT003462,SHP000532,EMP00173,2025-11-06,2,Successful,25.04611,84.641224
ATT003463,SHP003360,EMP00953,2025-09-29,3,Successful,22.228424,88.159404
ATT003464,SHP000825,EMP04744,2025-12-06,2,Refused,28.307557,78.790792
ATT003465,SHP003018,EMP01124,2025-10-12,3,Successful,18.26024,80.728603
ATT003466,SHP001641,EMP01316,2025-08-19,1,Customer Unavailable,19.401111,77.728595
ATT003467,SHP004984,EMP03305,2025-10-09,1,Customer Unavailable,11.085576,76.278534
ATT003468,SHP001742,EMP02023,2025-08-20,1,Successful,11.011957,80.651874
ATT003469,SHP003083,EMP04071,2025-04-05,2,Successful,9.458854,87.981253
ATT003470,SHP003100,EMP01444,2025-08-21,1,Rescheduled,8.232943,82.005465
ATT003471,SHP002183,EMP00343,2025-08-30,1,Customer Unavailable,24.171578,88.122962
ATT003472,SHP000980,EMP01718,2025-05-25,1,Successful,20.902328,82.72698
ATT003473,SHP000887,EMP01005,2025-06-21,1,Successful,13.671457,84.550228
ATT003474,SHP004833,EMP02136,2025-06-03,2,Successful,15.848563,85.214531
ATT003475,SHP003320,EMP03801,2025-10-15,1,Refused,9.906358,86.312999
ATT003476,SHP002358,EMP03049,2025-03-04,3,Customer Unavailable,25.054316,87.181769
ATT003477,SHP002127,EMP02309,2025-06-24,3,Customer Unavailable,15.699786,84.226685
ATT003478,SHP002738,EMP03734,2025-02-12,3,Successful,11.944221,87.677288
ATT003479,SHP003172,EMP00655,2025-01-20,3,Successful,13.345482,87.018643
ATT003480,SHP001593,EMP01995,2025-02-07,2,Successful,21.308605,82.591756
ATT003481,SHP003588,EMP01017,2025-09-28,1,Successful,20.691392,84.757018
ATT003482,SHP004635,EMP03158,2025-11-28,2,Rescheduled,16.701529,88.423344
ATT003483,SHP004646,EMP03769,2025-02-01,1,Rescheduled,27.015279,82.513484
ATT003484,SHP003372,EMP01427,2025-12-10,3,Successful,9.295308,82.983807
ATT003485,SHP000570,EMP04361,2025-09-29,2,Successful,24.021509,77.064128
ATT003486,SHP000968,EMP01208,2025-01-25,2,Successful,13.646531,82.270772
ATT003487,SHP002836,EMP02792,2025-12-25,3,Address Issue,26.638836,76.744688
ATT003488,SHP001376,EMP00132,2025-12-13,1,Rescheduled,15.659024,82.231778
ATT003489,SHP002596,EMP00959,2025-06-26,1,Customer Unavailable,11.624353,84.009664
ATT003490,SHP001788,EMP00025,2025-09-12,1,Rescheduled,27.946671,77.067145
ATT003491,SHP002016,EMP00889,2025-03-27,2,Address Issue,15.802932,87.4451
ATT003492,SHP000728,EMP01398,2025-10-15,3,Successful,16.582354,82.157423
ATT003493,SHP001121,EMP01208,2025-02-01,2,Successful,15.97536,84.223355
ATT003494,SHP000846,EMP03906,2025-02-22,3,Successful,20.587657,78.258974
ATT003495,SHP003900,EMP01164,2025-01-10,2,Refused,27.919576,81.178144
ATT003496,SHP000368,EMP04736,2025-06-06,3,Customer Unavailable,10.560195,86.336282
ATT003497,SHP000461,EMP04199,2025-02-09,3,Successful,21.639504,80.350855
ATT003498,SHP000892,EMP02859,2025-05-28,3,Successful,8.314663,87.308062
ATT003499,SHP002389,EMP03402,2025-09-08,3,Successful,23.867759,77.752126
ATT003500,SHP003569,EMP02719,2025-04-27,2,Successful,14.129134,87.548073
ATT003501,SHP004448,EMP03396,2025-04-13,1,Successful,27.626212,79.079432
ATT003502,SHP002738,EMP00473,2025-09-10,3,Successful,16.440898,77.551893
ATT003503,SHP001988,EMP00418,2025-10-22,1,Customer Unavailable,19.321865,80.281245
ATT003504,SHP001029,EMP03304,2025-02-18,3,Successful,21.81744,80.769784
ATT003505,SHP001370,EMP02718,2025-08-25,2,Customer Unavailable,11.92359,80.452966
ATT003506,SHP004470,EMP03705,2025-09-27,1,Successful,18.752438,78.937765
ATT003507,SHP004016,EMP03931,2025-12-10,3,Successful,14.765433,88.280548
ATT003508,SHP003222,EMP04450,2025-02-11,3,Customer Unavailable,19.694803,80.66184
ATT003509,SHP001348,EMP02904,2025-10-21,3,Successful,10.162309,87.110756
ATT003510,SHP000777,EMP03159,2025-04-04,1,Successful,16.317871,86.316087
ATT003511,SHP002045,EMP00014,2025-08-30,2,Successful,10.958798,79.945354
ATT003512,SHP000938,EMP01850,2025-01-05,2,Rescheduled,16.118462,80.83666
ATT003513,SHP001435,EMP03972,2025-11-26,2,Successful,28.450254,80.896437
ATT003514,SHP001629,EMP01632,2025-01-11,3,Successful,13.884629,77.387336
ATT003515,SHP002559,EMP03660,2025-08-01,2,Customer Unavailable,12.552212,85.938538
ATT003516,SHP001376,EMP03976,2025-11-26,3,Successful,24.634983,83.190878
ATT003517,SHP002271,EMP00571,2025-10-01,2,Successful,15.864798,79.393385
ATT003518,SHP004945,EMP00758,2025-09-16,1,Successful,22.809375,80.528847
ATT003519,SHP004348,EMP00241,2025-05-15,3,Customer Unavailable,26.574788,83.283064
ATT003520,SHP003396,EMP00175,2025-05-04,1,Successful,24.726843,81.845236
ATT003521,SHP002431,EMP03824,2025-03-29,3,Successful,22.848762,77.035204
ATT003522,SHP000074,EMP03014,2025-12-07,3,Successful,25.742864,80.312801
ATT003523,SHP000759,EMP00408,2025-04-15,1,Refused,26.375221,79.796259
ATT003524,SHP004607,EMP03213,2025-12-13,2,Customer Unavailable,10.068411,77.512657
ATT003525,SHP004107,EMP00112,2025-03-21,2,Successful,16.346082,77.427091
ATT003526,SHP002717,EMP04150,2025-12-04,2,Successful,28.097297,84.883244
ATT003527,SHP003369,EMP01742,2025-10-18,1,Customer Unavailable,18.573909,79.675882
ATT003528,SHP000742,EMP01726,2025-05-22,3,Refused,14.973569,87.490034
ATT003529,SHP003403,EMP02810,2025-01-16,2,Successful,20.69092,83.435683
ATT003530,SHP000815,EMP03044,2025-08-30,2,Customer Unavailable,23.5992,78.364721
ATT003531,SHP004928,EMP00283,2025-10-30,1,Successful,19.291004,80.945681
ATT003532,SHP000970,EMP01888,2025-06-16,2,Customer Unavailable,14.960509,78.325153
ATT003533,SHP004946,EMP02707,2025-10-11,1,Successful,20.768291,86.168054
ATT003534,SHP004931,EMP01218,2025-01-12,3,Successful,13.230034,83.340978
ATT003535,SHP002026,EMP03167,2025-05-10,2,Customer Unavailable,15.485963,84.988205
ATT003536,SHP004920,EMP03107,2025-04-18,2,Successful,22.275603,88.143863
ATT003537,SHP004610,EMP00757,2025-02-10,1,Successful,27.225274,86.770415
ATT003538,SHP003336,EMP01832,2025-04-29,3,Successful,20.461448,82.714506
ATT003539,SHP003747,EMP01736,2025-12-12,1,Successful,19.592807,88.142397
ATT003540,SHP004958,EMP01632,2025-03-05,2,Rescheduled,21.386154,77.96113
ATT003541,SHP002904,EMP02147,2025-10-18,1,Successful,23.078164,78.578679
ATT003542,SHP000993,EMP03650,2025-12-26,1,Successful,21.307217,81.746658
ATT003543,SHP002069,EMP03523,2025-08-12,2,Successful,17.791941,78.714462
ATT003544,SHP001247,EMP01975,2025-07-13,1,Customer Unavailable,18.976513,84.97453
ATT003545,SHP004669,EMP01817,2025-06-24,3,Successful,18.719008,76.327058
ATT003546,SHP000910,EMP04964,2025-05-30,2,Successful,19.928828,79.505186
ATT003547,SHP002472,EMP04170,2025-11-27,1,Customer Unavailable,25.88149,77.178359
ATT003548,SHP004187,EMP04165,2025-12-21,3,Address Issue,18.173582,82.179225
ATT003549,SHP001279,EMP02753,2025-10-16,1,Refused,17.550132,86.542948
ATT003550,SHP004458,EMP00913,2025-05-07,2,Refused,27.987886,83.635464
ATT003551,SHP004526,EMP00718,2025-01-31,1,Refused,12.338945,80.095424
ATT003552,SHP002703,EMP00662,2025-05-18,3,Successful,26.709467,87.725318
ATT003553,SHP004544,EMP00248,2025-02-19,3,Successful,10.182529,81.127749
ATT003554,SHP004446,EMP01006,2025-07-14,1,Successful,12.406988,78.225809
ATT003555,SHP001888,EMP03259,2025-04-19,1,Successful,14.349964,82.104217
ATT003556,SHP003197,EMP00498,2025-02-08,3,Successful,8.490514,76.861624
ATT003557,SHP004901,EMP00497,2025-01-17,1,Rescheduled,8.156192,81.435949
ATT003558,SHP003194,EMP00352,2025-09-15,2,Address Issue,17.102695,87.021374
ATT003559,SHP000521,EMP03387,2025-06-19,1,Successful,12.237566,81.591894
ATT003560,SHP001496,EMP01636,2025-06-12,2,Address Issue,20.626221,86.295001
ATT003561,SHP003421,EMP01488,2025-10-09,2,Rescheduled,15.346052,87.024616
ATT003562,SHP002454,EMP03331,2025-11-26,1,Successful,13.995009,85.424689
ATT003563,SHP001962,EMP03445,2025-03-16,3,Customer Unavailable,11.473828,81.67829
ATT003564,SHP004238,EMP02932,2025-06-26,2,Successful,16.282781,78.751841
ATT003565,SHP001969,EMP04858,2025-05-01,3,Successful,27.425003,78.362251
ATT003566,SHP004180,EMP04692,2025-08-01,3,Refused,19.778509,78.659654
ATT003567,SHP000298,EMP00604,2025-08-14,2,Successful,14.720397,83.593647
ATT003568,SHP001254,EMP02390,2025-10-11,1,Rescheduled,15.933616,84.139678
ATT003569,SHP004071,EMP03908,2025-09-23,1,Successful,27.433931,88.023656
ATT003570,SHP003621,EMP00361,2025-05-22,1,Successful,9.399911,82.595194
ATT003571,SHP004350,EMP01185,2025-12-27,1,Rescheduled,17.220996,87.844507
ATT003572,SHP001220,EMP04657,2025-02-16,2,Rescheduled,27.951094,81.115314
ATT003573,SHP004831,EMP03398,2025-08-10,1,Successful,14.615371,78.497922
ATT003574,SHP001197,EMP03113,2025-09-25,3,Successful,11.388435,83.636178
ATT003575,SHP003199,EMP02949,2025-09-08,1,Successful,25.615849,79.202568
ATT003576,SHP004145,EMP02714,2025-03-28,1,Successful,14.982462,85.314159
ATT003577,SHP002236,EMP04602,2025-03-08,1,Customer Unavailable,22.1995,83.13132
ATT003578,SHP000201,EMP00586,2025-03-13,3,Successful,10.985458,86.878543
ATT003579,SHP003265,EMP01648,2025-06-24,3,Successful,8.399855,85.659965
ATT003580,SHP003023,EMP03333,2025-03-26,1,Customer Unavailable,27.46837,76.936429
ATT003581,SHP000545,EMP01657,2025-07-04,1,Successful,11.312933,83.39568
ATT003582,SHP000410,EMP02857,2025-02-19,2,Successful,23.956862,77.695553
ATT003583,SHP000927,EMP00138,2025-11-05,1,Successful,23.838977,86.124353
ATT003584,SHP001995,EMP04836,2025-04-04,3,Successful,11.544111,84.377762
ATT003585,SHP001058,EMP04369,2025-06-12,1,Successful,21.060835,85.432238
ATT003586,SHP001041,EMP00243,2025-01-22,1,Customer Unavailable,21.334952,80.946497
ATT003587,SHP002898,EMP00436,2025-02-06,3,Successful,9.960905,88.047988
ATT003588,SHP002237,EMP04285,2025-04-29,1,Successful,11.286605,77.335838
ATT003589,SHP001204,EMP03953,2025-01-18,3,Successful,15.559068,80.470837
ATT003590,SHP001520,EMP04227,2025-06-17,1,Successful,9.890023,88.205798
ATT003591,SHP000575,EMP03687,2025-07-20,3,Successful,25.01656,83.608124
ATT003592,SHP000685,EMP04091,2025-09-09,1,Address Issue,22.542071,86.497089
ATT003593,SHP003588,EMP03978,2025-07-19,2,Address Issue,8.467943,85.202745
ATT003594,SHP002651,EMP00603,2025-08-20,2,Refused,21.792601,85.846226
ATT003595,SHP002108,EMP04581,2025-11-10,3,Successful,20.245676,77.50579
ATT003596,SHP003193,EMP00490,2025-02-27,2,Refused,23.018712,87.262817
ATT003597,SHP004034,EMP02763,2025-01-30,2,Successful,26.733955,83.910833
ATT003598,SHP002903,EMP03712,2025-03-14,3,Successful,16.567127,88.216342
ATT003599,SHP004884,EMP00926,2025-11-09,1,Customer Unavailable,19.667628,86.517887
ATT003600,SHP002268,EMP04312,2025-01-25,1,Address Issue,14.8241,81.739913
ATT003601,SHP002732,EMP03381,2025-10-09,1,Successful,26.290672,80.245504
ATT003602,SHP003478,EMP00297,2025-07-18,2,Successful,26.863386,88.491527
ATT003603,SHP002557,EMP02633,2025-11-21,3,Customer Unavailable,20.510759,86.781899
ATT003604,SHP003582,EMP02705,2025-11-04,3,Customer Unavailable,26.588327,85.893625
ATT003605,SHP000459,EMP01354,2025-07-30,2,Rescheduled,11.422836,85.141281
ATT003606,SHP001253,EMP03764,2025-08-15,3,Rescheduled,15.49544,86.362858
ATT003607,SHP004008,EMP00620,2025-01-06,3,Rescheduled,22.389265,79.73927
ATT003608,SHP004044,EMP02704,2025-06-26,1,Successful,22.922626,87.549632
ATT003609,SHP004606,EMP01688,2025-10-11,1,Successful,19.324002,76.7844
ATT003610,SHP003154,EMP04511,2025-09-25,3,Successful,16.292358,79.763673
ATT003611,SHP000901,EMP03752,2025-04-30,3,Successful,20.412999,86.023222
ATT003612,SHP002019,EMP04992,2025-06-13,3,Successful,12.366777,86.554349
ATT003613,SHP001453,EMP01009,2025-10-05,3,Customer Unavailable,22.696316,76.162966
ATT003614,SHP000343,EMP01420,2025-10-13,3,Customer Unavailable,25.764076,76.170162
ATT003615,SHP000443,EMP01017,2025-08-11,3,Successful,12.203864,80.700386
ATT003616,SHP002649,EMP02646,2025-09-21,2,Successful,9.766439,80.027849
ATT003617,SHP000572,EMP03194,2025-08-22,1,Rescheduled,17.373072,76.562085
ATT003618,SHP001522,EMP03899,2025-01-01,3,Successful,14.725823,85.312731
ATT003619,SHP002817,EMP01337,2025-08-08,1,Successful,16.222211,86.255544
ATT003620,SHP000090,EMP00494,2025-05-04,2,Customer Unavailable,24.933986,76.136912
ATT003621,SHP002911,EMP02743,2025-08-18,3,Address Issue,27.930304,82.762333
ATT003622,SHP002725,EMP04867,2025-08-04,2,Customer Unavailable,9.566361,82.307842
ATT003623,SHP001888,EMP01660,2025-07-23,3,Successful,8.242123,83.568918
ATT003624,SHP003537,EMP03754,2025-04-02,2,Successful,20.641018,79.678175
ATT003625,SHP002900,EMP00965,2025-04-18,3,Successful,22.135354,78.22149
ATT003626,SHP001556,EMP04835,2025-05-01,1,Successful,14.124598,77.607545
ATT003627,SHP004415,EMP04355,2025-03-08,2,Successful,20.405907,86.279278
ATT003628,SHP001129,EMP02225,2025-12-11,3,Address Issue,9.558512,82.649902
ATT003629,SHP000793,EMP04848,2025-12-01,1,Successful,23.259343,78.987528
ATT003630,SHP002493,EMP04159,2025-10-09,3,Successful,24.429535,84.461744
ATT003631,SHP002237,EMP00312,2025-05-25,2,Successful,11.255655,83.290525
ATT003632,SHP001499,EMP01235,2025-10-27,3,Address Issue,17.999419,82.721847
ATT003633,SHP002262,EMP00167,2025-04-03,1,Rescheduled,11.718115,81.766823
ATT003634,SHP003856,EMP04736,2025-04-30,2,Address Issue,17.966548,82.074282
ATT003635,SHP003465,EMP01930,2025-11-24,1,Address Issue,20.33519,85.635072
ATT003636,SHP003446,EMP03246,2025-10-04,1,Successful,11.804518,77.929297
ATT003637,SHP001078,EMP01837,2025-09-27,2,Successful,18.38649,81.47084
ATT003638,SHP003194,EMP01243,2025-08-11,3,Customer Unavailable,20.563032,80.954844
ATT003639,SHP002016,EMP04535,2025-10-06,1,Successful,17.483314,81.197391
ATT003640,SHP000794,EMP00686,2025-10-15,3,Address Issue,20.142196,80.875159
ATT003641,SHP001236,EMP02897,2025-09-28,1,Customer Unavailable,21.971952,80.453546
ATT003642,SHP004844,EMP03840,2025-11-08,1,Successful,14.642628,77.887374
ATT003643,SHP000200,EMP04735,2025-06-21,3,Successful,21.274282,88.304264
ATT003644,SHP001936,EMP00679,2025-07-17,2,Successful,27.724912,87.737951
ATT003645,SHP001204,EMP02099,2025-10-24,3,Rescheduled,14.131152,87.183924
ATT003646,SHP003208,EMP03873,2025-07-17,1,Successful,12.47556,83.163025
ATT003647,SHP003351,EMP00105,2025-07-28,1,Successful,13.539111,84.143107
ATT003648,SHP001945,EMP00332,2025-08-21,1,Successful,19.520436,85.037897
ATT003649,SHP003181,EMP00751,2025-12-02,3,Address Issue,18.752977,78.353276
ATT003650,SHP000045,EMP01664,2025-06-30,2,Successful,18.23767,81.826953
ATT003651,SHP000186,EMP02905,2025-03-05,2,Rescheduled,14.728305,80.827448
ATT003652,SHP000345,EMP02939,2025-02-10,3,Address Issue,8.40388,81.055785
ATT003653,SHP002205,EMP04798,2025-12-30,2,Customer Unavailable,17.286766,86.97854
ATT003654,SHP000666,EMP02929,2025-08-30,3,Successful,12.977285,80.559156
ATT003655,SHP002207,EMP04132,2025-04-14,3,Successful,20.861982,84.821636
ATT003656,SHP001735,EMP00607,2025-04-14,3,Customer Unavailable,10.204498,83.717755
ATT003657,SHP001391,EMP04879,2025-04-20,3,Successful,24.668383,82.234586
ATT003658,SHP000598,EMP00530,2025-12-20,2,Successful,22.447237,85.657265
ATT003659,SHP002823,EMP03961,2025-12-11,3,Successful,17.998461,76.485691
ATT003660,SHP003577,EMP04688,2025-04-13,1,Successful,26.195232,83.110211
ATT003661,SHP003037,EMP03429,2025-05-24,2,Address Issue,13.464763,81.236319
ATT003662,SHP002720,EMP02553,2025-03-30,3,Successful,14.521854,86.966562
ATT003663,SHP002988,EMP01976,2025-12-12,2,Rescheduled,13.416692,82.898574
ATT003664,SHP000934,EMP01232,2025-06-01,3,Successful,14.704089,87.070086
ATT003665,SHP003739,EMP02422,2025-01-19,1,Successful,22.647693,82.242869
ATT003666,SHP004873,EMP02203,2025-05-03,1,Customer Unavailable,9.360271,87.454136
ATT003667,SHP003771,EMP04145,2025-11-17,1,Successful,17.359733,83.641636
ATT003668,SHP001258,EMP00741,2025-05-27,3,Successful,26.746488,76.44909
ATT003669,SHP003906,EMP04960,2025-03-29,2,Successful,8.419773,82.638065
ATT003670,SHP000946,EMP01222,2025-03-18,2,Refused,20.809918,85.179008
ATT003671,SHP000648,EMP03487,2025-10-23,1,Successful,10.115713,81.069844
ATT003672,SHP003891,EMP00642,2025-12-16,2,Customer Unavailable,19.492108,79.078869
ATT003673,SHP000270,EMP02313,2025-11-01,2,Successful,22.117843,82.515217
ATT003674,SHP000851,EMP03350,2025-07-21,3,Refused,21.668553,82.853137
ATT003675,SHP001405,EMP03768,2025-12-01,3,Successful,8.939162,87.236897
ATT003676,SHP004250,EMP02466,2025-11-21,2,Successful,23.580402,82.994746
ATT003677,SHP001352,EMP01385,2025-08-15,1,Successful,22.942873,77.733332
ATT003678,SHP004621,EMP01077,2025-10-20,1,Successful,26.540417,88.458109
ATT003679,SHP001688,EMP01349,2025-09-27,2,Successful,17.382704,88.235243
ATT003680,SHP001446,EMP04038,2025-04-26,1,Successful,22.929069,77.451191
ATT003681,SHP002416,EMP01647,2025-05-28,3,Rescheduled,27.941575,87.733707
ATT003682,SHP003599,EMP00601,2025-01-12,2,Customer Unavailable,23.105273,85.672206
ATT003683,SHP001331,EMP04012,2025-01-13,3,Rescheduled,12.619963,76.038205
ATT003684,SHP000165,EMP02459,2025-05-14,2,Successful,14.16933,76.188954
ATT003685,SHP003010,EMP04810,2025-04-29,2,Rescheduled,25.822229,82.843255
ATT003686,SHP003598,EMP03704,2025-07-12,2,Customer Unavailable,17.216463,84.124914
ATT003687,SHP002355,EMP03014,2025-11-02,1,Successful,26.017547,79.550973
ATT003688,SHP004729,EMP01263,2025-01-05,1,Successful,12.743209,88.016287
ATT003689,SHP001911,EMP00950,2025-11-09,2,Successful,15.652865,79.909957
ATT003690,SHP004205,EMP04358,2025-08-29,1,Rescheduled,13.256586,83.801824
ATT003691,SHP003294,EMP00121,2025-03-01,1,Successful,20.836457,82.511126
ATT003692,SHP002561,EMP01416,2025-06-12,1,Address Issue,26.182793,88.308237
ATT003693,SHP002178,EMP02034,2025-09-25,1,Successful,19.002228,77.904137
ATT003694,SHP002602,EMP00036,2025-06-14,3,Successful,23.568554,87.239632
ATT003695,SHP003433,EMP00455,2025-12-27,3,Successful,19.297511,85.139635
ATT003696,SHP002131,EMP04567,2025-12-31,3,Successful,19.281088,86.087102
ATT003697,SHP001460,EMP00968,2025-08-30,1,Successful,24.852084,77.886779
ATT003698,SHP001123,EMP03257,2025-07-19,3,Customer Unavailable,9.931083,76.585161
ATT003699,SHP000820,EMP03095,2025-01-08,3,Customer Unavailable,20.623531,78.821777
ATT003700,SHP004352,EMP00941,2025-05-27,1,Successful,18.608515,84.335991
ATT003701,SHP003469,EMP02413,2025-05-21,2,Successful,12.758261,86.940698
ATT003702,SHP000943,EMP03586,2025-07-13,2,Successful,14.221985,82.561069
ATT003703,SHP000475,EMP01055,2025-12-18,3,Successful,27.876268,76.880454
ATT003704,SHP004564,EMP01160,2025-10-22,3,Successful,24.649832,88.110902
ATT003705,SHP001686,EMP03142,2025-10-17,3,Rescheduled,17.518617,78.696715
ATT003706,SHP002041,EMP04186,2025-04-10,2,Successful,22.546731,80.676253
ATT003707,SHP003765,EMP01373,2025-09-11,1,Successful,18.645435,87.418172
ATT003708,SHP001403,EMP04734,2025-07-06,2,Successful,11.001633,81.004135
ATT003709,SHP001782,EMP02138,2025-05-24,3,Successful,25.373633,82.942401
ATT003710,SHP002998,EMP00593,2025-01-17,1,Successful,15.805243,82.137899
ATT003711,SHP000573,EMP00254,2025-06-23,1,Customer Unavailable,26.021518,83.470821
ATT003712,SHP004261,EMP02744,2025-11-29,2,Successful,9.994973,84.966737
ATT003713,SHP001455,EMP02802,2025-11-09,1,Customer Unavailable,18.128237,85.24774
ATT003714,SHP003416,EMP04359,2025-04-22,3,Successful,25.577393,77.096399
ATT003715,SHP004651,EMP03197,2025-04-17,2,Successful,28.426079,84.61023
ATT003716,SHP003228,EMP02910,2025-02-03,3,Successful,17.1279,76.819722
ATT003717,SHP004260,EMP03794,2025-05-29,2,Successful,25.974628,86.984241
ATT003718,SHP002799,EMP03506,2025-06-29,2,Rescheduled,21.415226,81.026339
ATT003719,SHP000568,EMP00417,2025-05-21,1,Successful,9.181187,78.248378
ATT003720,SHP001965,EMP01700,2025-07-22,1,Successful,27.230773,76.800122
ATT003721,SHP004906,EMP03700,2025-06-03,1,Successful,19.998834,85.779126
ATT003722,SHP002943,EMP03816,2025-02-05,3,Address Issue,26.537182,84.56096
ATT003723,SHP002988,EMP01804,2025-12-06,1,Customer Unavailable,23.566489,78.513888
ATT003724,SHP001453,EMP04639,2025-07-29,2,Successful,28.261463,83.732983
ATT003725,SHP001271,EMP04186,2025-01-26,2,Successful,26.878603,81.190521
ATT003726,SHP003574,EMP03396,2025-05-15,2,Customer Unavailable,24.594579,84.642913
ATT003727,SHP000997,EMP03510,2025-07-06,1,Customer Unavailable,22.855599,76.157589
ATT003728,SHP002329,EMP02209,2025-10-01,1,Customer Unavailable,23.306686,87.723348
ATT003729,SHP003767,EMP02201,2025-11-29,3,Address Issue,16.475339,81.129066
ATT003730,SHP004948,EMP03558,2025-04-04,1,Successful,16.909215,80.473928
ATT003731,SHP000936,EMP01804,2025-05-23,1,Refused,22.825217,83.729542
ATT003732,SHP004764,EMP01394,2025-05-04,3,Address Issue,10.968301,82.144728
ATT003733,SHP002632,EMP00204,2025-03-25,3,Customer Unavailable,14.69247,79.589584
ATT003734,SHP001113,EMP00622,2025-03-06,3,Successful,11.650326,77.492601
ATT003735,SHP003980,EMP01274,2025-09-05,1,Successful,10.955752,88.025822
ATT003736,SHP001569,EMP03310,2025-04-05,2,Successful,26.278811,80.785115
ATT003737,SHP002561,EMP02387,2025-09-21,3,Successful,14.692928,87.416712
ATT003738,SHP002953,EMP00679,2025-02-14,2,Customer Unavailable,13.921946,79.44987
ATT003739,SHP000910,EMP02409,2025-04-06,3,Successful,14.988112,80.713073
ATT003740,SHP002086,EMP00669,2025-05-12,1,Successful,20.623903,81.727393
ATT003741,SHP002231,EMP03861,2025-03-22,3,Customer Unavailable,8.446698,79.337285
ATT003742,SHP003901,EMP01722,2025-11-30,3,Successful,23.60701,81.589132
ATT003743,SHP002981,EMP01525,2025-08-24,3,Address Issue,11.672875,76.753703
ATT003744,SHP000114,EMP02648,2025-05-13,1,Successful,24.554475,81.163802
ATT003745,SHP001542,EMP01690,2025-04-11,2,Refused,23.167696,78.108867
ATT003746,SHP002692,EMP03909,2025-01-23,2,Successful,25.268161,79.117344
ATT003747,SHP001313,EMP04067,2025-08-24,2,Successful,28.454023,84.696995
ATT003748,SHP003529,EMP04472,2025-12-02,3,Successful,15.316194,84.307769
ATT003749,SHP002655,EMP03332,2025-11-11,2,Successful,16.820865,78.205584
ATT003750,SHP001857,EMP02837,2025-12-17,1,Refused,27.175316,80.941921
ATT003751,SHP001474,EMP01105,2025-03-24,1,Successful,14.788115,83.229912
ATT003752,SHP002937,EMP04802,2025-09-02,2,Successful,12.817603,80.738596
ATT003753,SHP002096,EMP03059,2025-09-16,1,Customer Unavailable,12.258544,77.466694
ATT003754,SHP003432,EMP04291,2025-03-20,3,Refused,26.029805,84.798137
ATT003755,SHP001666,EMP00011,2025-11-16,1,Rescheduled,28.136338,84.143379
ATT003756,SHP002265,EMP02510,2025-10-15,1,Customer Unavailable,21.907034,86.458024
ATT003757,SHP004020,EMP01404,2025-02-22,2,Customer Unavailable,14.303213,84.036683
ATT003758,SHP001225,EMP02321,2025-07-23,1,Successful,18.088178,88.242888
ATT003759,SHP003647,EMP02661,2025-05-29,3,Successful,28.081003,82.354706
ATT003760,SHP002195,EMP00691,2025-11-20,1,Refused,22.737255,83.10023
ATT003761,SHP001944,EMP01800,2025-08-27,2,Successful,15.034531,77.93454
ATT003762,SHP003076,EMP00006,2025-10-28,2,Successful,13.646314,78.901914
ATT003763,SHP004734,EMP03988,2025-07-09,1,Successful,16.287111,78.815264
ATT003764,SHP003608,EMP01988,2025-02-08,1,Customer Unavailable,17.408381,78.894465
ATT003765,SHP001223,EMP01621,2025-02-07,1,Rescheduled,16.156579,86.278035
ATT003766,SHP004019,EMP01817,2025-11-12,3,Successful,8.41026,80.418167
ATT003767,SHP001689,EMP04586,2025-08-20,3,Successful,18.169108,81.77854
ATT003768,SHP003811,EMP01633,2025-10-02,3,Successful,26.864533,85.609565
ATT003769,SHP001159,EMP02764,2025-06-03,2,Successful,25.030874,87.037008
ATT003770,SHP002653,EMP01681,2025-06-08,2,Address Issue,22.636981,87.173122
ATT003771,SHP001519,EMP02495,2025-06-06,3,Successful,25.982705,76.613384
ATT003772,SHP001669,EMP00162,2025-01-27,2,Rescheduled,25.67419,81.39595
ATT003773,SHP004653,EMP03838,2025-07-09,1,Address Issue,12.045237,83.184574
ATT003774,SHP000276,EMP01881,2025-08-16,3,Customer Unavailable,16.099297,86.63494
ATT003775,SHP001693,EMP02361,2025-03-16,1,Successful,25.737817,85.801788
ATT003776,SHP004080,EMP00904,2025-07-07,2,Refused,15.489698,80.522707
ATT003777,SHP004157,EMP03139,2025-05-07,1,Address Issue,12.27715,76.926969
ATT003778,SHP003393,EMP00103,2025-01-20,2,Successful,17.065022,82.906209
ATT003779,SHP004035,EMP01102,2025-02-13,3,Address Issue,17.605419,77.555184
ATT003780,SHP003138,EMP00588,2025-05-19,1,Rescheduled,18.074543,83.619341
ATT003781,SHP004285,EMP00818,2025-07-13,3,Successful,19.428747,77.101934
ATT003782,SHP001019,EMP02304,2025-12-29,3,Address Issue,11.384025,77.583533
ATT003783,SHP000049,EMP02540,2025-12-27,1,Customer Unavailable,27.441935,80.158357
ATT003784,SHP000124,EMP03596,2025-12-18,2,Successful,21.434488,81.734206
ATT003785,SHP000677,EMP01417,2025-12-29,1,Successful,20.272735,85.57444
ATT003786,SHP002728,EMP02658,2025-05-17,1,Address Issue,16.343806,76.916257
ATT003787,SHP003573,EMP01330,2025-06-18,1,Successful,27.480953,87.02219
ATT003788,SHP004204,EMP00131,2025-06-14,1,Refused,26.410779,76.253115
ATT003789,SHP000687,EMP03791,2025-01-11,2,Successful,25.707658,82.149628
ATT003790,SHP002014,EMP04367,2025-05-29,3,Successful,19.253155,79.840452
ATT003791,SHP003907,EMP01601,2025-01-15,3,Successful,16.212134,86.793539
ATT003792,SHP001127,EMP04626,2025-08-18,3,Successful,28.326643,83.750206
ATT003793,SHP001911,EMP04084,2025-08-22,2,Successful,19.086499,85.874978
ATT003794,SHP001949,EMP03374,2025-08-01,1,Successful,23.350499,86.724177
ATT003795,SHP002151,EMP01904,2025-08-08,2,Successful,8.53183,76.213491
ATT003796,SHP002204,EMP00070,2025-07-15,3,Customer Unavailable,25.118499,85.399814
ATT003797,SHP001427,EMP02992,2025-02-25,3,Customer Unavailable,25.00766,80.261217
ATT003798,SHP003712,EMP01176,2025-07-21,2,Successful,24.116461,78.223492
ATT003799,SHP001863,EMP04220,2025-08-31,2,Customer Unavailable,25.095827,77.8773
ATT003800,SHP004488,EMP03836,2025-04-21,3,Rescheduled,20.443776,79.731828
ATT003801,SHP003909,EMP00347,2025-07-13,2,Successful,24.050494,81.739915
ATT003802,SHP002339,EMP04368,2025-09-13,1,Successful,18.215413,85.521641
ATT003803,SHP002134,EMP04073,2025-08-04,2,Address Issue,24.043691,81.128232
ATT003804,SHP001836,EMP03893,2025-05-19,1,Successful,13.413888,79.034166
ATT003805,SHP004930,EMP00317,2025-01-21,1,Successful,26.797591,79.200915
ATT003806,SHP002782,EMP04772,2025-01-19,1,Successful,8.720858,76.287451
ATT003807,SHP002535,EMP04290,2025-05-16,1,Successful,19.202071,82.882357
ATT003808,SHP002338,EMP02615,2025-06-11,1,Customer Unavailable,20.65663,84.077067
ATT003809,SHP004746,EMP00499,2025-12-11,1,Successful,22.381409,80.790256
ATT003810,SHP004299,EMP01307,2025-10-10,1,Customer Unavailable,11.775941,86.074402
ATT003811,SHP000226,EMP02234,2025-06-15,2,Customer Unavailable,8.391256,86.505231
ATT003812,SHP001730,EMP04707,2025-04-11,2,Successful,19.081553,80.96748
ATT003813,SHP003088,EMP04348,2025-08-29,3,Customer Unavailable,13.682327,81.682198
ATT003814,SHP001672,EMP03098,2025-02-20,2,Rescheduled,13.913719,88.343734
ATT003815,SHP002489,EMP00214,2025-06-15,1,Customer Unavailable,22.062706,76.414486
ATT003816,SHP003564,EMP02826,2025-10-07,2,Customer Unavailable,21.892022,84.166674
ATT003817,SHP002837,EMP01550,2025-05-18,1,Successful,11.28915,76.97673
ATT003818,SHP001536,EMP04415,2025-09-22,1,Successful,22.550573,84.08414
ATT003819,SHP002305,EMP03530,2025-05-30,1,Customer Unavailable,14.393237,76.879631
ATT003820,SHP001351,EMP00904,2025-01-05,2,Successful,24.211814,79.412217
ATT003821,SHP002934,EMP01117,2025-07-24,2,Customer Unavailable,15.84762,83.145091
ATT003822,SHP004352,EMP00665,2025-05-14,1,Successful,12.30947,78.407662
ATT003823,SHP002382,EMP03337,2025-02-22,2,Refused,8.195009,88.15525
ATT003824,SHP003589,EMP02669,2025-12-21,3,Successful,15.665129,81.0288
ATT003825,SHP003542,EMP03502,2025-07-29,1,Successful,21.871741,83.107245
ATT003826,SHP000059,EMP01391,2025-09-16,2,Successful,19.56676,82.800027
ATT003827,SHP001404,EMP02745,2025-09-02,1,Successful,27.855931,78.000108
ATT003828,SHP004653,EMP02699,2025-08-02,3,Successful,10.319292,85.181839
ATT003829,SHP002568,EMP04358,2025-08-30,1,Successful,28.289065,78.202049
ATT003830,SHP002840,EMP00930,2025-09-04,3,Successful,10.876937,81.763383
ATT003831,SHP004859,EMP02920,2025-03-08,2,Successful,28.44844,82.515067
ATT003832,SHP000295,EMP04875,2025-06-04,1,Customer Unavailable,22.404988,77.470665
ATT003833,SHP004803,EMP01720,2025-08-26,1,Refused,16.899207,85.090266
ATT003834,SHP003770,EMP03923,2025-03-30,2,Successful,11.755791,87.965815
ATT003835,SHP000805,EMP04968,2025-03-15,2,Address Issue,9.372043,78.962866
ATT003836,SHP004927,EMP02998,2025-04-05,3,Successful,25.125123,76.011594
ATT003837,SHP004111,EMP00665,2025-03-16,1,Address Issue,17.815929,80.738087
ATT003838,SHP001172,EMP02562,2025-11-26,2,Refused,8.485422,85.166441
ATT003839,SHP003770,EMP00804,2025-09-30,3,Rescheduled,19.544194,84.57812
ATT003840,SHP003437,EMP01324,2025-07-02,2,Customer Unavailable,13.883,76.494861
ATT003841,SHP001408,EMP01793,2025-07-21,1,Successful,27.705201,76.266057
ATT003842,SHP001506,EMP04792,2025-08-25,1,Successful,22.358953,80.224716
ATT003843,SHP004757,EMP00874,2025-02-09,2,Customer Unavailable,8.797154,79.811179
ATT003844,SHP003061,EMP01913,2025-03-21,2,Customer Unavailable,15.73173,81.027062
ATT003845,SHP004264,EMP01899,2025-02-18,2,Successful,21.590544,86.309513
ATT003846,SHP004086,EMP02776,2025-08-26,3,Customer Unavailable,15.2055,82.390781
ATT003847,SHP000333,EMP01754,2025-06-22,3,Successful,21.62562,87.081633
ATT003848,SHP001513,EMP03184,2025-09-19,3,Successful,21.360872,83.836982
ATT003849,SHP002413,EMP03599,2025-02-18,2,Address Issue,15.566475,77.112868
ATT003850,SHP001218,EMP01756,2025-03-04,3,Successful,19.893153,82.234635
ATT003851,SHP001844,EMP02084,2025-11-06,1,Customer Unavailable,12.954218,76.295958
ATT003852,SHP001474,EMP02258,2025-09-30,3,Successful,12.996223,81.1882
ATT003853,SHP004951,EMP03388,2025-12-03,3,Successful,9.453299,81.250522
ATT003854,SHP000119,EMP02441,2025-01-06,3,Successful,14.22385,85.514322
ATT003855,SHP001179,EMP02752,2025-02-07,2,Customer Unavailable,17.668872,82.3549
ATT003856,SHP004050,EMP00257,2025-07-19,2,Successful,22.274768,86.027826
ATT003857,SHP001944,EMP04912,2025-11-24,2,Refused,17.432475,81.64946
ATT003858,SHP003014,EMP02427,2025-05-20,3,Successful,8.595266,81.897507
ATT003859,SHP001468,EMP02423,2025-02-20,2,Address Issue,27.023126,88.161415
ATT003860,SHP001823,EMP01002,2025-05-24,1,Successful,13.62695,83.850292
ATT003861,SHP001416,EMP03354,2025-08-28,2,Rescheduled,8.386392,78.924675
ATT003862,SHP000437,EMP03750,2025-09-20,3,Successful,20.791762,76.284901
ATT003863,SHP004405,EMP01080,2025-12-08,1,Rescheduled,21.514003,82.661132
ATT003864,SHP002412,EMP03844,2025-12-14,2,Refused,9.845113,79.647155
ATT003865,SHP000719,EMP03289,2025-05-21,2,Successful,24.623359,85.4994
ATT003866,SHP001723,EMP03349,2025-10-12,1,Refused,15.873257,82.536021
ATT003867,SHP001664,EMP04715,2025-01-22,1,Successful,13.795664,82.921421
ATT003868,SHP002993,EMP04697,2025-02-23,1,Successful,13.625538,82.3817
ATT003869,SHP000897,EMP03316,2025-06-08,2,Successful,8.2883,87.765154
ATT003870,SHP001826,EMP04125,2025-07-02,2,Successful,11.304832,81.850376
ATT003871,SHP003514,EMP01400,2025-05-17,1,Address Issue,26.534368,78.41904
ATT003872,SHP000660,EMP03949,2025-07-04,1,Customer Unavailable,22.136293,85.591595
ATT003873,SHP004250,EMP01357,2025-01-09,2,Address Issue,17.448327,87.485983
ATT003874,SHP002282,EMP02113,2025-10-01,3,Successful,16.344491,87.856896
ATT003875,SHP003119,EMP03301,2025-08-20,1,Customer Unavailable,10.495268,84.373892
ATT003876,SHP002900,EMP04958,2025-11-04,2,Successful,14.926338,77.88815
ATT003877,SHP003824,EMP04549,2025-02-18,2,Refused,22.30046,76.219413
ATT003878,SHP004985,EMP00789,2025-01-15,3,Successful,13.705028,83.695672
ATT003879,SHP001621,EMP00788,2025-07-28,1,Refused,23.29318,88.259173
ATT003880,SHP000112,EMP00771,2025-01-13,1,Successful,16.4109,79.204408
ATT003881,SHP001714,EMP01610,2025-12-22,1,Successful,26.737476,80.738835
ATT003882,SHP000068,EMP03342,2025-10-10,3,Refused,27.11907,76.972207
ATT003883,SHP001199,EMP02640,2025-12-02,2,Customer Unavailable,12.349769,82.226699
ATT003884,SHP002660,EMP02211,2025-07-03,3,Successful,21.446849,82.923299
ATT003885,SHP002119,EMP03580,2025-07-17,1,Successful,18.620666,84.106298
ATT003886,SHP002170,EMP04892,2025-06-02,3,Customer Unavailable,26.074676,77.988013
ATT003887,SHP004046,EMP00111,2025-06-13,2,Successful,25.905778,85.920017
ATT003888,SHP002049,EMP01466,2025-12-20,1,Customer Unavailable,15.675827,85.47398
ATT003889,SHP003358,EMP00542,2025-07-07,3,Successful,16.569811,85.132978
ATT003890,SHP002043,EMP04145,2025-10-18,1,Address Issue,20.656592,87.779367
ATT003891,SHP004534,EMP03727,2025-07-20,1,Successful,25.744821,85.303231
ATT003892,SHP000281,EMP03013,2025-04-02,2,Refused,17.724385,83.676428
ATT003893,SHP000544,EMP01077,2025-07-12,3,Rescheduled,24.933638,76.253782
ATT003894,SHP000568,EMP03076,2025-05-14,3,Successful,22.317767,79.55173
ATT003895,SHP002318,EMP03155,2025-11-27,2,Rescheduled,8.913239,80.849232
ATT003896,SHP000999,EMP03705,2025-12-01,1,Successful,9.233123,80.729511
ATT003897,SHP000884,EMP04526,2025-11-08,3,Customer Unavailable,14.416059,84.951798
ATT003898,SHP003866,EMP03120,2025-08-11,2,Successful,27.62102,82.264311
ATT003899,SHP004925,EMP02320,2025-09-30,3,Successful,28.243176,79.479034
ATT003900,SHP004729,EMP03632,2025-06-22,3,Successful,20.989441,80.127017
ATT003901,SHP002637,EMP00548,2025-11-15,1,Customer Unavailable,22.37804,84.401393
ATT003902,SHP001372,EMP03787,2025-10-06,1,Successful,27.65461,87.491338
ATT003903,SHP001665,EMP03837,2025-12-09,2,Successful,19.419751,82.849902
ATT003904,SHP004307,EMP01968,2025-12-05,2,Successful,15.679434,87.44308
ATT003905,SHP000978,EMP00593,2025-03-06,2,Address Issue,25.238266,79.561943
ATT003906,SHP001729,EMP04858,2025-01-05,1,Successful,14.763172,83.640015
ATT003907,SHP001602,EMP03456,2025-10-11,2,Successful,27.542478,77.769511
ATT003908,SHP003317,EMP02481,2025-05-20,2,Successful,10.532448,84.979531
ATT003909,SHP003823,EMP00044,2025-05-08,3,Successful,19.168123,76.391814
ATT003910,SHP003685,EMP01293,2025-01-31,2,Rescheduled,22.905689,85.62192
ATT003911,SHP003015,EMP00175,2025-10-18,1,Customer Unavailable,25.027273,79.795841
ATT003912,SHP002646,EMP02216,2025-09-20,3,Successful,14.99481,84.319267
ATT003913,SHP002723,EMP04741,2025-12-09,1,Successful,14.385283,76.426163
ATT003914,SHP002304,EMP04451,2025-04-06,1,Successful,16.787468,83.998328
ATT003915,SHP000637,EMP01083,2025-04-24,3,Successful,15.530228,80.48218
ATT003916,SHP000591,EMP04454,2025-04-07,2,Address Issue,17.971298,80.89462
ATT003917,SHP001023,EMP00977,2025-11-04,3,Successful,25.584101,76.258807
ATT003918,SHP001955,EMP04319,2025-10-31,2,Refused,28.126111,76.301323
ATT003919,SHP001911,EMP02625,2025-02-11,1,Address Issue,15.804041,82.42021
ATT003920,SHP001110,EMP03471,2025-04-04,2,Successful,24.582759,86.192601
ATT003921,SHP003224,EMP04247,2025-09-26,2,Refused,21.472897,76.508387
ATT003922,SHP002818,EMP04274,2025-12-03,3,Address Issue,26.195649,79.102892
ATT003923,SHP001197,EMP04301,2025-02-10,1,Successful,26.216936,76.668126
ATT003924,SHP004198,EMP02013,2025-11-25,2,Successful,14.3847,82.502091
ATT003925,SHP002809,EMP04714,2025-01-22,3,Customer Unavailable,17.543653,76.520261
ATT003926,SHP004093,EMP03552,2025-04-05,2,Successful,11.025423,77.295765
ATT003927,SHP002706,EMP00673,2025-03-19,1,Rescheduled,28.433901,88.013473
ATT003928,SHP000562,EMP02541,2025-05-14,2,Successful,27.922911,81.765195
ATT003929,SHP001069,EMP03165,2025-07-13,1,Address Issue,10.884555,85.614188
ATT003930,SHP001667,EMP04701,2025-06-29,1,Successful,22.942466,87.726333
ATT003931,SHP000944,EMP01506,2025-08-18,1,Successful,11.196957,85.865804
ATT003932,SHP000360,EMP02709,2025-08-26,1,Successful,12.181442,76.457369
ATT003933,SHP004123,EMP00081,2025-01-14,1,Address Issue,23.400304,87.529799
ATT003934,SHP000257,EMP04819,2025-11-23,2,Customer Unavailable,12.591447,85.345972
ATT003935,SHP000587,EMP02824,2025-05-24,3,Rescheduled,10.014884,77.035798
ATT003936,SHP000988,EMP02681,2025-02-20,3,Successful,27.975321,78.857468
ATT003937,SHP001809,EMP00012,2025-12-26,2,Successful,19.854978,76.424138
ATT003938,SHP002846,EMP01795,2025-12-08,3,Successful,17.243373,86.023887
ATT003939,SHP000133,EMP02252,2025-11-04,2,Customer Unavailable,20.525544,77.04006
ATT003940,SHP004330,EMP00906,2025-06-27,1,Rescheduled,15.61516,86.431428
ATT003941,SHP002804,EMP00142,2025-02-27,2,Refused,11.781274,78.977329
ATT003942,SHP002231,EMP00634,2025-12-04,1,Successful,14.956921,84.261486
ATT003943,SHP003765,EMP01970,2025-11-04,2,Successful,20.195981,76.331226
ATT003944,SHP003725,EMP00139,2025-02-19,2,Successful,21.208422,88.176994
ATT003945,SHP001550,EMP02564,2025-01-16,2,Address Issue,8.230833,85.063979
ATT003946,SHP004539,EMP01433,2025-11-09,2,Successful,21.178678,87.624389
ATT003947,SHP003428,EMP00432,2025-03-22,1,Address Issue,16.498683,87.29366
ATT003948,SHP003409,EMP03610,2025-05-31,3,Customer Unavailable,12.446072,86.327743
ATT003949,SHP001899,EMP03252,2025-02-04,2,Customer Unavailable,18.312802,83.400952
ATT003950,SHP003753,EMP04373,2025-04-30,3,Customer Unavailable,11.670884,77.460955
ATT003951,SHP003790,EMP03045,2025-02-19,3,Address Issue,11.156071,80.771343
ATT003952,SHP000706,EMP02973,2025-02-28,3,Successful,17.905806,81.211229
ATT003953,SHP000565,EMP00561,2025-05-06,2,Customer Unavailable,24.047053,87.171319
ATT003954,SHP004693,EMP02343,2025-09-15,1,Address Issue,8.278415,86.062456
ATT003955,SHP001914,EMP04959,2025-11-17,1,Customer Unavailable,21.170412,86.415874
ATT003956,SHP001748,EMP00156,2025-03-04,3,Address Issue,9.685455,84.2642
ATT003957,SHP002933,EMP00635,2025-11-03,3,Address Issue,23.17291,76.790449
ATT003958,SHP001627,EMP03081,2025-11-23,3,Customer Unavailable,17.080225,86.462923
ATT003959,SHP004239,EMP04008,2025-05-19,2,Successful,9.686774,85.901434
ATT003960,SHP001456,EMP00118,2025-08-01,3,Successful,16.027323,78.535027
ATT003961,SHP000277,EMP01346,2025-11-08,2,Successful,26.624615,82.802487
ATT003962,SHP000072,EMP02648,2025-04-11,3,Customer Unavailable,25.23161,83.02943
ATT003963,SHP001483,EMP01749,2025-08-09,3,Address Issue,18.486385,79.461372
ATT003964,SHP001368,EMP03894,2025-01-09,3,Address Issue,8.819408,83.737195
ATT003965,SHP001314,EMP03850,2025-04-30,2,Successful,22.923076,80.106683
ATT003966,SHP003123,EMP03983,2025-09-05,1,Address Issue,21.546936,81.484939
ATT003967,SHP003662,EMP03455,2025-09-09,2,Address Issue,28.471602,80.69136
ATT003968,SHP001296,EMP01958,2025-07-27,1,Rescheduled,28.486622,86.821374
ATT003969,SHP003955,EMP01360,2025-02-22,1,Successful,25.567422,76.679003
ATT003970,SHP001277,EMP03034,2025-12-04,1,Successful,18.657924,81.085668
ATT003971,SHP001863,EMP04929,2025-09-12,1,Successful,11.997256,76.815519
ATT003972,SHP000671,EMP00083,2025-08-07,1,Successful,17.384088,86.592545
ATT003973,SHP001180,EMP04007,2025-01-14,3,Customer Unavailable,19.073913,76.485727
ATT003974,SHP004480,EMP03391,2025-11-02,1,Successful,18.32569,88.210571
ATT003975,SHP002898,EMP00266,2025-01-08,2,Successful,15.79807,85.355885
ATT003976,SHP001879,EMP01004,2025-12-18,3,Successful,13.865885,86.32763
ATT003977,SHP004336,EMP01048,2025-04-04,2,Successful,25.166123,85.016409
ATT003978,SHP004067,EMP00908,2025-05-09,1,Successful,13.586618,83.879964
ATT003979,SHP002128,EMP04998,2025-11-25,1,Successful,10.609256,85.063566
ATT003980,SHP003312,EMP02397,2025-12-02,3,Successful,16.649071,77.804236
ATT003981,SHP000463,EMP04332,2025-01-06,1,Successful,20.964429,81.904325
ATT003982,SHP000139,EMP01893,2025-11-14,3,Successful,12.957412,77.30191
ATT003983,SHP002684,EMP02542,2025-06-28,2,Successful,24.892413,78.634615
ATT003984,SHP004839,EMP01606,2025-11-29,1,Successful,24.840963,83.226101
ATT003985,SHP001489,EMP01130,2025-03-08,1,Successful,18.539534,86.956976
ATT003986,SHP000274,EMP00280,2025-11-16,1,Customer Unavailable,17.719671,79.477553
ATT003987,SHP003479,EMP03101,2025-03-26,3,Successful,10.071758,84.384184
ATT003988,SHP000715,EMP03264,2025-12-06,1,Successful,14.942428,83.141606
ATT003989,SHP003503,EMP03900,2025-02-25,1,Refused,21.685029,76.569082
ATT003990,SHP000981,EMP00835,2025-02-01,1,Refused,11.331333,87.901593
ATT003991,SHP001891,EMP04079,2025-11-18,1,Refused,12.341519,82.459903
ATT003992,SHP004682,EMP02572,2025-12-25,1,Successful,13.84021,83.358711
ATT003993,SHP004394,EMP02211,2025-10-19,3,Successful,18.665468,84.323465
ATT003994,SHP004276,EMP03290,2025-09-28,3,Successful,21.476205,88.011322
ATT003995,SHP001930,EMP02843,2025-10-04,1,Successful,8.228242,83.568497
ATT003996,SHP002669,EMP02808,2025-06-25,2,Successful,8.982875,84.739974
ATT003997,SHP003222,EMP02956,2025-04-05,1,Successful,11.784012,84.042775
ATT003998,SHP001192,EMP04122,2025-09-04,2,Rescheduled,18.416604,79.181151
ATT003999,SHP002140,EMP04959,2025-12-03,2,Successful,16.392423,85.136562
ATT004000,SHP004238,EMP03081,2025-02-07,3,Successful,22.077664,85.267023
ATT004001,SHP003975,EMP04888,2025-07-29,1,Address Issue,10.604704,79.866405
ATT004002,SHP000629,EMP01153,2025-12-14,3,Successful,14.532415,77.401053
ATT004003,SHP002026,EMP00269,2025-07-25,1,Successful,11.945875,87.939833
ATT004004,SHP002836,EMP01874,2025-07-18,1,Customer Unavailable,22.596121,80.376245
ATT004005,SHP002775,EMP00665,2025-11-21,3,Successful,19.490235,83.921703
ATT004006,SHP002879,EMP02120,2025-05-29,1,Successful,21.329689,76.406874
ATT004007,SHP004879,EMP04419,2025-07-17,2,Rescheduled,8.065258,79.096929
ATT004008,SHP002128,EMP04699,2025-10-21,1,Customer Unavailable,26.115682,81.948689
ATT004009,SHP000563,EMP04072,2025-04-01,3,Successful,19.392187,87.570767
ATT004010,SHP004993,EMP02984,2025-05-16,2,Successful,10.600393,78.9793
ATT004011,SHP002228,EMP04627,2025-01-20,2,Successful,26.646148,84.362282
ATT004012,SHP001305,EMP03400,2025-03-22,1,Customer Unavailable,13.84721,77.25161
ATT004013,SHP002820,EMP04389,2025-01-13,3,Address Issue,25.678702,76.299985
ATT004014,SHP003673,EMP01702,2025-08-25,3,Successful,10.1534,87.712353
ATT004015,SHP000994,EMP00974,2025-12-09,1,Rescheduled,24.51581,78.402065
ATT004016,SHP001742,EMP02725,2025-10-15,1,Customer Unavailable,22.84788,85.391435
ATT004017,SHP002422,EMP04681,2025-12-05,1,Successful,26.128595,84.664661
ATT004018,SHP003880,EMP00817,2025-06-22,1,Successful,18.114655,87.927139
ATT004019,SHP002605,EMP02967,2025-03-19,1,Successful,26.862578,87.620341
ATT004020,SHP003978,EMP04195,2025-07-28,2,Refused,11.990177,82.749007
ATT004021,SHP004153,EMP02397,2025-02-28,3,Address Issue,11.577591,77.277073
ATT004022,SHP000440,EMP00476,2025-04-27,3,Successful,18.855948,76.977776
ATT004023,SHP001988,EMP02447,2025-09-20,3,Address Issue,23.502465,84.734712
ATT004024,SHP000771,EMP04922,2025-07-12,2,Successful,27.815665,82.574336
ATT004025,SHP001667,EMP01433,2025-03-21,2,Rescheduled,11.299895,85.808909
ATT004026,SHP003821,EMP01615,2025-06-22,3,Successful,18.041586,85.829463
ATT004027,SHP004544,EMP01148,2025-05-12,3,Successful,19.34366,85.893247
ATT004028,SHP001837,EMP04141,2025-07-25,2,Successful,13.972227,85.25182
ATT004029,SHP003337,EMP02165,2025-09-21,1,Successful,20.338874,82.17371
ATT004030,SHP000460,EMP03810,2025-01-23,1,Rescheduled,16.87214,79.667116
ATT004031,SHP002873,EMP02362,2025-01-23,2,Successful,27.308154,87.179804
ATT004032,SHP003117,EMP02567,2025-04-04,1,Successful,17.46533,79.099965
ATT004033,SHP001348,EMP04858,2025-03-08,1,Successful,24.050599,87.549031
ATT004034,SHP002204,EMP00730,2025-12-12,2,Successful,25.55444,80.832834
ATT004035,SHP000874,EMP04798,2025-07-27,3,Successful,11.477067,79.302884
ATT004036,SHP001748,EMP04674,2025-06-14,2,Successful,13.002033,77.491296
ATT004037,SHP001215,EMP03649,2025-07-10,3,Rescheduled,13.4428,86.698233
ATT004038,SHP002459,EMP00426,2025-10-20,1,Customer Unavailable,23.785696,85.366172
ATT004039,SHP000083,EMP01425,2025-10-09,2,Successful,13.06822,78.419912
ATT004040,SHP004828,EMP01490,2025-06-19,1,Rescheduled,20.431132,87.089102
ATT004041,SHP001304,EMP03711,2025-08-22,1,Successful,14.239988,83.817024
ATT004042,SHP004640,EMP03422,2025-11-10,1,Rescheduled,22.122124,77.593777
ATT004043,SHP002496,EMP03497,2025-10-11,1,Successful,19.720597,77.602667
ATT004044,SHP002176,EMP00597,2025-06-24,1,Customer Unavailable,24.311759,78.164175
ATT004045,SHP002773,EMP01728,2025-11-07,3,Successful,14.490424,76.488056
ATT004046,SHP003463,EMP04715,2025-12-26,1,Address Issue,26.765077,82.395713
ATT004047,SHP001194,EMP00143,2025-02-02,3,Customer Unavailable,11.165439,78.101641
ATT004048,SHP004701,EMP01725,2025-06-01,1,Customer Unavailable,25.82246,78.674579
ATT004049,SHP003787,EMP02728,2025-01-26,3,Rescheduled,26.370284,84.023105
ATT004050,SHP000710,EMP02284,2025-12-18,1,Successful,24.798138,79.98775
ATT004051,SHP002063,EMP02217,2025-04-24,2,Successful,15.691322,85.160783
ATT004052,SHP004784,EMP04930,2025-12-24,3,Rescheduled,12.532164,88.115184
ATT004053,SHP003171,EMP02958,2025-10-03,2,Refused,26.456172,76.497874
ATT004054,SHP001262,EMP01828,2025-08-18,1,Successful,12.838857,88.013958
ATT004055,SHP004862,EMP02134,2025-03-19,3,Successful,14.760198,79.696302
ATT004056,SHP004856,EMP03423,2025-11-13,1,Successful,8.603015,85.511788
ATT004057,SHP004521,EMP02428,2025-06-04,2,Successful,11.027797,88.316118
ATT004058,SHP004084,EMP01532,2025-01-01,3,Customer Unavailable,9.757303,76.862457
ATT004059,SHP001076,EMP04408,2025-02-16,1,Customer Unavailable,28.233183,80.262256
ATT004060,SHP000535,EMP03545,2025-02-01,3,Successful,23.396234,82.74129
ATT004061,SHP000657,EMP02627,2025-06-27,3,Successful,24.038793,81.701863
ATT004062,SHP003538,EMP02616,2025-09-07,2,Successful,19.231088,86.005288
ATT004063,SHP000062,EMP02732,2025-02-02,3,Successful,18.891494,76.806805
ATT004064,SHP003298,EMP04817,2025-10-28,3,Successful,13.525841,83.459698
ATT004065,SHP000487,EMP00860,2025-06-25,2,Successful,9.196416,80.947175
ATT004066,SHP002391,EMP04185,2025-08-03,1,Successful,17.474002,86.310359
ATT004067,SHP002194,EMP01454,2025-05-21,3,Rescheduled,9.741634,79.704735
ATT004068,SHP003488,EMP01853,2025-04-12,2,Successful,22.885303,84.909422
ATT004069,SHP002239,EMP04141,2025-10-29,2,Successful,27.74968,87.521088
ATT004070,SHP002625,EMP02983,2025-12-06,2,Successful,8.144753,81.476532
ATT004071,SHP001188,EMP04173,2025-09-08,2,Successful,19.879845,80.021743
ATT004072,SHP002742,EMP02785,2025-02-24,3,Successful,14.164461,82.499711
ATT004073,SHP002550,EMP01169,2025-12-08,2,Successful,19.260126,82.723337
ATT004074,SHP002668,EMP03359,2025-04-16,2,Successful,27.923039,76.99464
ATT004075,SHP003761,EMP02568,2025-07-14,1,Successful,11.581186,79.086547
ATT004076,SHP002345,EMP03951,2025-04-23,3,Rescheduled,26.736446,87.756149
ATT004077,SHP002983,EMP00245,2025-08-28,2,Successful,11.299871,77.944314
ATT004078,SHP003242,EMP04247,2025-12-20,3,Successful,15.308053,82.005213
ATT004079,SHP002737,EMP00304,2025-04-08,2,Successful,13.441873,87.420425
ATT004080,SHP004608,EMP03846,2025-06-24,2,Successful,20.907536,77.580422
ATT004081,SHP004431,EMP01941,2025-03-05,1,Successful,15.277109,81.604945
ATT004082,SHP000703,EMP03980,2025-07-09,3,Address Issue,25.935665,87.167756
ATT004083,SHP000866,EMP01479,2025-05-25,3,Successful,15.662903,81.451252
ATT004084,SHP003595,EMP04326,2025-01-26,1,Successful,11.459168,82.873213
ATT004085,SHP003355,EMP00923,2025-12-29,3,Address Issue,12.782449,82.194068
ATT004086,SHP000427,EMP03322,2025-11-27,2,Address Issue,8.878125,77.687669
ATT004087,SHP000336,EMP01176,2025-11-22,2,Successful,23.077514,81.473843
ATT004088,SHP004217,EMP03692,2025-02-28,3,Customer Unavailable,17.297124,81.634212
ATT004089,SHP003132,EMP01591,2025-01-29,2,Refused,20.926556,79.085542
ATT004090,SHP003659,EMP00670,2025-11-21,3,Address Issue,8.886475,85.80407
ATT004091,SHP001014,EMP04946,2025-12-01,1,Successful,16.360631,86.409247
ATT004092,SHP000230,EMP00315,2025-01-30,3,Successful,8.750528,80.432497
ATT004093,SHP000654,EMP02957,2025-07-14,2,Customer Unavailable,21.634729,77.176462
ATT004094,SHP001704,EMP02661,2025-12-11,1,Successful,24.289114,85.479264
ATT004095,SHP003274,EMP04368,2025-01-17,1,Customer Unavailable,25.747339,76.732653
ATT004096,SHP003300,EMP02270,2025-12-04,1,Successful,24.608065,87.521414
ATT004097,SHP002636,EMP01458,2025-10-19,2,Rescheduled,20.046042,80.873603
ATT004098,SHP001390,EMP01381,2025-12-07,2,Successful,16.742564,82.778514
ATT004099,SHP001016,EMP01802,2025-07-27,3,Successful,21.05319,87.519807
ATT004100,SHP000884,EMP03075,2025-08-04,1,Successful,20.887296,85.296421
ATT004101,SHP000936,EMP00991,2025-12-18,2,Successful,16.511922,76.259308
ATT004102,SHP000945,EMP04630,2025-12-01,1,Successful,15.389519,78.051426
ATT004103,SHP002375,EMP04339,2025-11-23,2,Successful,23.010712,76.354289
ATT004104,SHP003525,EMP03934,2025-02-07,3,Successful,10.912771,77.167239
ATT004105,SHP001707,EMP00695,2025-12-09,2,Successful,9.059285,84.818754
ATT004106,SHP001615,EMP03558,2025-10-08,3,Successful,15.54029,83.985812
ATT004107,SHP000226,EMP03469,2025-04-01,3,Successful,21.475346,83.27833
ATT004108,SHP003155,EMP01670,2025-02-03,3,Successful,15.93122,79.93695
ATT004109,SHP002009,EMP02558,2025-07-11,1,Rescheduled,14.765939,78.595144
ATT004110,SHP004177,EMP00438,2025-03-24,2,Customer Unavailable,17.223052,79.959665
ATT004111,SHP004590,EMP00783,2025-12-04,1,Successful,22.89431,83.073985
ATT004112,SHP000747,EMP02322,2025-08-14,3,Successful,15.762636,79.201397
ATT004113,SHP000246,EMP02324,2025-03-14,2,Customer Unavailable,9.665606,88.393466
ATT004114,SHP004714,EMP02249,2025-02-22,2,Customer Unavailable,23.540397,77.182752
ATT004115,SHP004631,EMP00888,2025-05-19,2,Successful,24.190617,86.629145
ATT004116,SHP000966,EMP02480,2025-07-24,2,Successful,15.376096,77.268701
ATT004117,SHP003204,EMP04080,2025-01-02,1,Successful,13.673236,85.024985
ATT004118,SHP003073,EMP02586,2025-03-28,2,Customer Unavailable,9.80715,76.030673
ATT004119,SHP002798,EMP00424,2025-04-26,3,Successful,22.474023,82.963718
ATT004120,SHP000861,EMP03891,2025-08-18,2,Successful,12.590834,83.565207
ATT004121,SHP001156,EMP00796,2025-11-02,1,Customer Unavailable,9.100755,78.180315
ATT004122,SHP000027,EMP00480,2025-06-22,2,Rescheduled,12.499005,87.187186
ATT004123,SHP001205,EMP03552,2025-06-12,1,Successful,13.108654,85.930311
ATT004124,SHP004015,EMP04355,2025-11-20,1,Successful,10.683706,76.607549
ATT004125,SHP003433,EMP02217,2025-03-20,3,Successful,19.456141,81.792452
ATT004126,SHP000688,EMP00812,2025-04-22,1,Successful,15.141418,86.390478
ATT004127,SHP000195,EMP03056,2025-11-16,2,Successful,16.020602,85.0821
ATT004128,SHP003317,EMP01278,2025-12-09,3,Successful,22.150634,84.450311
ATT004129,SHP003455,EMP02597,2025-05-05,2,Successful,18.162899,87.894739
ATT004130,SHP000134,EMP04959,2025-10-22,3,Address Issue,21.3955,80.386526
ATT004131,SHP000479,EMP04575,2025-02-01,3,Successful,13.563399,80.655718
ATT004132,SHP002685,EMP04800,2025-11-11,2,Customer Unavailable,28.305074,87.579464
ATT004133,SHP003965,EMP00882,2025-10-23,2,Customer Unavailable,11.352978,81.394664
ATT004134,SHP002895,EMP00505,2025-08-26,1,Address Issue,21.380798,76.393346
ATT004135,SHP001020,EMP02325,2025-02-09,2,Successful,26.672259,85.815662
ATT004136,SHP000188,EMP03949,2025-05-16,2,Address Issue,9.438255,79.826046
ATT004137,SHP004765,EMP01459,2025-05-29,2,Successful,12.231428,79.043053
ATT004138,SHP000167,EMP02443,2025-12-19,3,Successful,24.95615,85.886253
ATT004139,SHP001953,EMP01176,2025-10-12,2,Refused,13.302634,85.821527
ATT004140,SHP003803,EMP03521,2025-08-08,3,Customer Unavailable,17.498033,85.892078
ATT004141,SHP001474,EMP01659,2025-01-29,1,Successful,22.342581,77.788842
ATT004142,SHP003708,EMP04713,2025-04-06,1,Successful,22.267767,87.217964
ATT004143,SHP002797,EMP00285,2025-10-09,3,Successful,13.937584,81.788857
ATT004144,SHP004278,EMP03815,2025-10-27,2,Successful,18.120078,76.221906
ATT004145,SHP004060,EMP04119,2025-02-04,3,Successful,8.322335,84.574229
ATT004146,SHP001732,EMP00621,2025-06-02,2,Successful,8.093956,79.736655
ATT004147,SHP002535,EMP00134,2025-05-09,1,Successful,12.794431,78.020837
ATT004148,SHP001267,EMP03753,2025-10-29,1,Successful,22.510863,87.452495
ATT004149,SHP002219,EMP00324,2025-07-22,2,Successful,16.544992,78.375694
ATT004150,SHP002061,EMP02952,2025-04-16,3,Refused,24.617401,78.174741
ATT004151,SHP000006,EMP01594,2025-09-13,3,Successful,21.77339,86.761424
ATT004152,SHP004752,EMP01826,2025-02-28,2,Successful,11.682227,85.38083
ATT004153,SHP000068,EMP03900,2025-01-06,2,Customer Unavailable,13.526978,76.731552
ATT004154,SHP004054,EMP04284,2025-10-29,2,Successful,24.773163,85.918933
ATT004155,SHP000409,EMP00143,2025-07-09,2,Successful,20.415607,80.57563
ATT004156,SHP001246,EMP04937,2025-07-28,2,Successful,14.747811,83.337654
ATT004157,SHP003807,EMP02452,2025-06-11,1,Rescheduled,9.505683,86.395761
ATT004158,SHP002261,EMP01937,2025-04-27,1,Successful,26.029945,77.287383
ATT004159,SHP000369,EMP04641,2025-01-24,2,Successful,9.434604,83.95792
ATT004160,SHP001638,EMP04656,2025-03-10,1,Successful,20.731341,78.483231
ATT004161,SHP003306,EMP04486,2025-12-24,1,Successful,8.192507,85.539147
ATT004162,SHP004206,EMP01115,2025-12-10,1,Successful,9.19379,87.780687
ATT004163,SHP001908,EMP01446,2025-12-02,1,Successful,25.206639,81.370277
ATT004164,SHP002496,EMP04806,2025-04-13,2,Successful,23.297718,78.26374
ATT004165,SHP002485,EMP00130,2025-10-06,2,Successful,8.156497,83.331868
ATT004166,SHP003415,EMP04954,2025-02-04,1,Successful,17.380911,86.295723
ATT004167,SHP002218,EMP00516,2025-04-23,3,Customer Unavailable,16.130924,77.412936
ATT004168,SHP002135,EMP04638,2025-06-13,2,Rescheduled,23.272461,77.26938
ATT004169,SHP001202,EMP02908,2025-02-03,3,Rescheduled,15.52531,86.26204
ATT004170,SHP000836,EMP01775,2025-10-30,2,Successful,18.204253,79.892885
ATT004171,SHP004102,EMP02129,2025-01-12,3,Successful,16.923773,80.065091
ATT004172,SHP000216,EMP03142,2025-01-31,2,Successful,12.887682,78.88324
ATT004173,SHP002929,EMP02796,2025-09-22,3,Successful,12.659841,77.668563
ATT004174,SHP003795,EMP04114,2025-07-23,3,Rescheduled,23.899631,83.011927
ATT004175,SHP001413,EMP04183,2025-09-13,2,Refused,22.90887,87.215558
ATT004176,SHP002921,EMP04881,2025-06-08,2,Successful,15.645028,87.479201
ATT004177,SHP002191,EMP02514,2025-02-08,2,Successful,13.115665,86.74655
ATT004178,SHP003041,EMP04046,2025-05-27,1,Rescheduled,20.590635,85.676416
ATT004179,SHP002367,EMP03054,2025-07-03,1,Rescheduled,24.870692,86.73436
ATT004180,SHP001901,EMP02760,2025-04-20,3,Customer Unavailable,16.502784,78.34715
ATT004181,SHP002553,EMP03893,2025-01-21,3,Customer Unavailable,11.157013,79.410415
ATT004182,SHP003936,EMP02643,2025-05-11,3,Successful,23.449855,76.245422
ATT004183,SHP002805,EMP01900,2025-05-03,2,Successful,15.938598,87.125797
ATT004184,SHP002703,EMP04736,2025-07-25,3,Successful,13.366493,83.486035
ATT004185,SHP003895,EMP01587,2025-07-21,2,Successful,19.661914,81.413249
ATT004186,SHP004434,EMP03157,2025-10-09,1,Customer Unavailable,11.944141,76.325681
ATT004187,SHP003432,EMP04995,2025-03-21,1,Address Issue,14.910679,87.396803
ATT004188,SHP001757,EMP04783,2025-06-13,2,Customer Unavailable,22.409471,76.803771
ATT004189,SHP002283,EMP01027,2025-08-16,3,Customer Unavailable,12.316152,82.327367
ATT004190,SHP004711,EMP04746,2025-09-09,1,Successful,28.444675,79.56359
ATT004191,SHP001170,EMP03203,2025-04-01,2,Successful,10.362688,80.505205
ATT004192,SHP000795,EMP03423,2025-10-05,3,Rescheduled,15.147476,82.515082
ATT004193,SHP003220,EMP04895,2025-05-23,1,Successful,11.158252,76.727277
ATT004194,SHP004123,EMP00624,2025-05-16,2,Successful,21.719445,87.060147
ATT004195,SHP003073,EMP03605,2025-08-01,2,Successful,26.662001,84.569926
ATT004196,SHP003342,EMP03077,2025-01-27,3,Successful,17.315884,78.725027
ATT004197,SHP002697,EMP00070,2025-02-18,3,Refused,9.190576,84.497152
ATT004198,SHP002971,EMP04814,2025-08-02,3,Customer Unavailable,12.074221,79.476723
ATT004199,SHP000621,EMP03212,2025-01-06,2,Successful,21.511292,77.852376
ATT004200,SHP000337,EMP04012,2025-04-03,2,Refused,9.571949,87.908395
ATT004201,SHP000108,EMP00932,2025-09-03,1,Successful,10.500253,76.546845
ATT004202,SHP000125,EMP03392,2025-02-05,1,Successful,12.436641,87.817658
ATT004203,SHP000551,EMP04596,2025-04-03,2,Successful,25.426498,76.638915
ATT004204,SHP001751,EMP04614,2025-12-27,3,Successful,25.826877,80.615815
ATT004205,SHP000388,EMP01246,2025-11-19,2,Successful,20.760184,83.126245
ATT004206,SHP003680,EMP00828,2025-02-07,1,Rescheduled,9.071191,79.322586
ATT004207,SHP001424,EMP03218,2025-12-10,3,Successful,12.198189,82.05986
ATT004208,SHP003412,EMP01637,2025-06-07,1,Successful,10.005827,79.472753
ATT004209,SHP002304,EMP02311,2025-10-27,3,Successful,8.645932,77.068767
ATT004210,SHP002144,EMP03783,2025-02-01,2,Address Issue,16.720127,84.917479
ATT004211,SHP002057,EMP00463,2025-09-22,3,Successful,17.168906,83.000949
ATT004212,SHP004382,EMP01656,2025-10-06,1,Successful,24.682928,82.396589
ATT004213,SHP003791,EMP00516,2025-09-17,1,Refused,21.905191,79.51868
ATT004214,SHP002772,EMP04414,2025-03-26,2,Refused,13.477473,83.240452
ATT004215,SHP002675,EMP00757,2025-01-22,3,Successful,15.41563,87.423105
ATT004216,SHP002952,EMP00489,2025-10-30,1,Successful,27.992061,84.710001
ATT004217,SHP002505,EMP04840,2025-10-12,1,Successful,23.037147,77.059592
ATT004218,SHP004037,EMP03269,2025-12-20,2,Successful,19.697195,77.32969
ATT004219,SHP004537,EMP02775,2025-11-12,2,Successful,27.48961,82.084259
ATT004220,SHP003335,EMP03098,2025-10-17,2,Successful,13.388004,81.275324
ATT004221,SHP000268,EMP00818,2025-07-24,1,Customer Unavailable,14.311822,87.718228
ATT004222,SHP004285,EMP03135,2025-08-23,1,Rescheduled,28.24177,82.958473
ATT004223,SHP000695,EMP04844,2025-04-08,3,Successful,16.39828,78.449933
ATT004224,SHP004624,EMP00965,2025-11-01,3,Successful,21.791969,81.070838
ATT004225,SHP001929,EMP00753,2025-06-18,3,Customer Unavailable,24.445937,80.101089
ATT004226,SHP001774,EMP02429,2025-11-19,1,Customer Unavailable,19.961569,80.68676
ATT004227,SHP003257,EMP01068,2025-04-05,3,Successful,26.878103,76.872756
ATT004228,SHP001027,EMP03977,2025-10-06,2,Successful,15.043086,77.686027
ATT004229,SHP002084,EMP04379,2025-08-26,3,Refused,25.841752,85.437172
ATT004230,SHP003852,EMP02797,2025-06-20,1,Successful,19.152035,77.388665
ATT004231,SHP004521,EMP02899,2025-09-05,3,Customer Unavailable,23.532548,82.423819
ATT004232,SHP004878,EMP01826,2025-03-28,2,Address Issue,16.715785,82.893677
ATT004233,SHP002199,EMP01240,2025-01-25,2,Rescheduled,10.814447,87.841746
ATT004234,SHP002706,EMP01685,2025-01-19,3,Successful,18.009905,87.8818
ATT004235,SHP002018,EMP01932,2025-10-20,1,Rescheduled,8.280744,76.844303
ATT004236,SHP003068,EMP03102,2025-01-22,1,Successful,10.300247,79.543379
ATT004237,SHP002177,EMP00720,2025-09-07,1,Successful,21.018215,80.352254
ATT004238,SHP001065,EMP00212,2025-08-31,1,Successful,17.633716,85.075854
ATT004239,SHP001612,EMP02268,2025-04-09,2,Successful,10.426367,86.151835
ATT004240,SHP001754,EMP03191,2025-03-22,3,Refused,17.353007,85.704644
ATT004241,SHP002516,EMP01920,2025-06-15,2,Successful,23.239674,78.383994
ATT004242,SHP004529,EMP00699,2025-03-19,1,Successful,18.667837,86.871721
ATT004243,SHP000963,EMP00335,2025-03-09,3,Successful,19.205119,79.095424
ATT004244,SHP000520,EMP04026,2025-11-29,1,Successful,10.858617,84.258503
ATT004245,SHP001566,EMP04623,2025-10-08,1,Successful,17.165132,82.944487
ATT004246,SHP000679,EMP01761,2025-03-29,3,Successful,13.025041,81.912362
ATT004247,SHP001303,EMP03665,2025-09-08,3,Successful,20.645951,76.904189
ATT004248,SHP004767,EMP01652,2025-07-09,1,Successful,28.259023,85.106394
ATT004249,SHP001871,EMP02690,2025-01-16,1,Customer Unavailable,20.472329,85.465548
ATT004250,SHP002602,EMP00438,2025-10-29,2,Refused,16.770618,86.631385
ATT004251,SHP002424,EMP01479,2025-06-07,2,Address Issue,27.049456,87.687765
ATT004252,SHP003777,EMP01758,2025-01-06,1,Successful,11.903757,78.699872
ATT004253,SHP000999,EMP03898,2025-10-03,3,Customer Unavailable,10.960379,82.574924
ATT004254,SHP002890,EMP01768,2025-12-08,1,Rescheduled,20.260393,85.541708
ATT004255,SHP000721,EMP01272,2025-05-20,1,Successful,24.255986,77.352593
ATT004256,SHP004118,EMP04027,2025-09-10,1,Successful,21.199868,79.039733
ATT004257,SHP000521,EMP02833,2025-08-14,3,Successful,8.471011,87.229878
ATT004258,SHP000458,EMP02200,2025-06-17,3,Successful,16.328495,76.556481
ATT004259,SHP002512,EMP04008,2025-08-26,1,Successful,12.761325,85.174206
ATT004260,SHP000047,EMP03023,2025-06-15,3,Refused,25.631658,79.659708
ATT004261,SHP004731,EMP01645,2025-11-18,1,Successful,15.416387,88.126425
ATT004262,SHP001135,EMP02745,2025-02-19,1,Successful,8.180772,87.319212
ATT004263,SHP000218,EMP01244,2025-08-08,1,Successful,11.271315,85.245621
ATT004264,SHP000950,EMP00097,2025-07-05,3,Successful,24.687682,84.674929
ATT004265,SHP000222,EMP04670,2025-04-18,3,Rescheduled,27.146988,84.172536
ATT004266,SHP004607,EMP00483,2025-06-25,2,Customer Unavailable,8.688163,76.369348
ATT004267,SHP001204,EMP00463,2025-02-17,3,Rescheduled,23.391501,87.909953
ATT004268,SHP000213,EMP04008,2025-02-10,3,Successful,11.911086,84.845731
ATT004269,SHP000595,EMP00864,2025-10-04,2,Successful,16.190687,86.333387
ATT004270,SHP003375,EMP03438,2025-10-03,1,Customer Unavailable,22.449767,83.457254
ATT004271,SHP001474,EMP02830,2025-12-26,3,Successful,25.22943,86.078927
ATT004272,SHP003974,EMP03108,2025-02-07,2,Successful,8.441177,87.426553
ATT004273,SHP001579,EMP00133,2025-10-10,2,Successful,27.032356,76.942899
ATT004274,SHP002355,EMP04230,2025-06-16,1,Address Issue,26.607375,77.361047
ATT004275,SHP004587,EMP01724,2025-03-12,3,Successful,14.345739,83.071144
ATT004276,SHP001916,EMP04751,2025-04-08,2,Successful,22.38019,83.105341
ATT004277,SHP003868,EMP02066,2025-03-06,3,Successful,11.871705,82.921367
ATT004278,SHP004776,EMP01289,2025-03-16,2,Successful,22.885227,81.35378
ATT004279,SHP001847,EMP02660,2025-02-10,2,Refused,10.657494,80.211591
ATT004280,SHP000430,EMP03311,2025-05-16,1,Address Issue,22.322501,77.134173
ATT004281,SHP000061,EMP00305,2025-03-10,1,Refused,14.90154,77.500929
ATT004282,SHP000900,EMP04879,2025-11-25,3,Successful,23.126818,76.695763
ATT004283,SHP002978,EMP03986,2025-09-28,3,Successful,25.600387,76.024688
ATT004284,SHP001868,EMP04581,2025-06-14,2,Customer Unavailable,9.991302,84.327466
ATT004285,SHP000346,EMP03794,2025-04-18,3,Successful,9.450402,77.128885
ATT004286,SHP004218,EMP03943,2025-03-27,2,Address Issue,11.524323,76.055356
ATT004287,SHP000768,EMP01173,2025-07-27,2,Successful,17.221765,78.341461
ATT004288,SHP004638,EMP04908,2025-09-27,2,Successful,25.693353,76.797812
ATT004289,SHP001354,EMP04410,2025-02-22,3,Successful,19.205638,84.937013
ATT004290,SHP000201,EMP01684,2025-12-14,2,Successful,10.657145,78.613877
ATT004291,SHP004548,EMP02526,2025-01-02,1,Customer Unavailable,8.882334,76.029762
ATT004292,SHP004083,EMP02317,2025-12-21,2,Successful,11.222202,87.451942
ATT004293,SHP002008,EMP02317,2025-02-28,1,Successful,13.972477,84.248164
ATT004294,SHP003428,EMP02966,2025-11-12,3,Successful,21.52557,84.471754
ATT004295,SHP000949,EMP03391,2025-08-30,2,Successful,25.721458,77.764765
ATT004296,SHP001410,EMP00037,2025-08-26,3,Refused,21.955047,79.920362
ATT004297,SHP000570,EMP04888,2025-10-09,2,Successful,8.067173,85.183436
ATT004298,SHP001394,EMP03224,2025-07-18,2,Successful,23.49133,88.308476
ATT004299,SHP002514,EMP02084,2025-06-29,3,Successful,23.151353,81.960015
ATT004300,SHP003077,EMP00280,2025-05-25,3,Refused,8.40952,80.665037
ATT004301,SHP000615,EMP02447,2025-09-11,2,Customer Unavailable,19.605801,88.049005
ATT004302,SHP002115,EMP04211,2025-05-22,1,Successful,28.323882,84.278442
ATT004303,SHP002984,EMP04922,2025-04-14,2,Successful,26.523436,84.73471
ATT004304,SHP001990,EMP00406,2025-03-13,2,Successful,13.412144,83.953447
ATT004305,SHP002182,EMP03305,2025-04-26,3,Successful,15.102567,87.233458
ATT004306,SHP004831,EMP03750,2025-09-11,1,Successful,14.829494,79.528126
ATT004307,SHP003874,EMP03040,2025-01-08,1,Rescheduled,23.052713,85.524678
ATT004308,SHP000237,EMP00840,2025-08-30,3,Rescheduled,10.757882,87.09037
ATT004309,SHP000759,EMP04795,2025-11-05,3,Refused,9.711647,85.252845
ATT004310,SHP001098,EMP01888,2025-09-09,1,Successful,15.713383,78.785024
ATT004311,SHP004440,EMP01652,2025-05-03,3,Rescheduled,9.619341,87.115414
ATT004312,SHP002501,EMP02849,2025-04-30,2,Customer Unavailable,27.630655,81.260436
ATT004313,SHP002470,EMP01019,2025-07-21,2,Rescheduled,12.710182,84.363838
ATT004314,SHP003872,EMP00047,2025-06-09,3,Successful,8.967343,87.61538
ATT004315,SHP004572,EMP02716,2025-03-22,2,Successful,12.891889,79.021773
ATT004316,SHP001610,EMP01585,2025-01-16,1,Customer Unavailable,20.699793,76.907625
ATT004317,SHP001136,EMP00289,2025-09-24,2,Customer Unavailable,25.315706,82.448336
ATT004318,SHP004956,EMP01399,2025-03-02,3,Successful,11.207036,80.469799
ATT004319,SHP003585,EMP02362,2025-06-15,2,Rescheduled,17.569577,84.25471
ATT004320,SHP001236,EMP03176,2025-12-26,3,Successful,11.776478,76.97472
ATT004321,SHP001520,EMP02631,2025-11-14,1,Successful,24.693116,87.539841
ATT004322,SHP003281,EMP01919,2025-01-06,3,Successful,14.130449,87.964343
ATT004323,SHP004546,EMP00695,2025-07-27,3,Successful,18.52876,80.420232
ATT004324,SHP004908,EMP02563,2025-08-06,1,Customer Unavailable,18.170295,76.532916
ATT004325,SHP004026,EMP00382,2025-11-30,3,Refused,10.012374,79.303695
ATT004326,SHP001197,EMP02436,2025-10-30,1,Address Issue,9.296736,76.758422
ATT004327,SHP004730,EMP00353,2025-09-02,1,Address Issue,19.585001,80.33816
ATT004328,SHP004417,EMP04637,2025-09-21,2,Address Issue,23.15324,76.599088
ATT004329,SHP002648,EMP03314,2025-05-18,1,Successful,19.511191,77.072581
ATT004330,SHP000582,EMP03367,2025-03-23,2,Refused,9.210569,81.329109
ATT004331,SHP002652,EMP02279,2025-05-07,3,Successful,9.137321,77.460823
ATT004332,SHP003051,EMP02044,2025-12-27,3,Successful,24.959761,84.795004
ATT004333,SHP004676,EMP00241,2025-07-11,3,Rescheduled,26.46868,77.596949
ATT004334,SHP002449,EMP02948,2025-07-11,3,Successful,21.223674,82.082806
ATT004335,SHP003000,EMP00536,2025-09-05,3,Successful,10.877587,76.88954
ATT004336,SHP000637,EMP04747,2025-11-18,2,Customer Unavailable,13.218945,83.808744
ATT004337,SHP004343,EMP04101,2025-10-25,3,Successful,24.917279,81.838409
ATT004338,SHP004821,EMP04612,2025-03-31,3,Successful,13.564672,85.470152
ATT004339,SHP000530,EMP01210,2025-12-08,1,Refused,21.849597,76.428431
ATT004340,SHP004348,EMP04477,2025-04-22,1,Successful,19.577137,85.950669
ATT004341,SHP003720,EMP03363,2025-04-14,2,Successful,17.999246,81.760445
ATT004342,SHP004154,EMP04387,2025-06-03,1,Successful,9.596567,85.701246
ATT004343,SHP002290,EMP02468,2025-02-01,2,Refused,16.622384,86.181266
ATT004344,SHP001295,EMP01494,2025-09-22,3,Successful,21.616238,82.23598
ATT004345,SHP002316,EMP01039,2025-01-08,3,Address Issue,18.552646,78.422919
ATT004346,SHP004840,EMP04265,2025-02-28,2,Successful,11.65444,87.42767
ATT004347,SHP001316,EMP01905,2025-01-28,1,Successful,13.30435,82.989994
ATT004348,SHP004799,EMP04147,2025-04-25,1,Successful,19.501905,78.589797
ATT004349,SHP004360,EMP02130,2025-08-24,2,Successful,25.569106,82.342155
ATT004350,SHP003684,EMP02568,2025-07-24,1,Successful,17.142693,85.019755
ATT004351,SHP004756,EMP04602,2025-01-15,3,Customer Unavailable,20.968865,78.259266
ATT004352,SHP004311,EMP00911,2025-05-07,2,Successful,15.256576,83.079716
ATT004353,SHP003106,EMP01722,2025-05-13,2,Customer Unavailable,14.74709,85.103495
ATT004354,SHP000207,EMP02258,2025-12-28,2,Successful,23.289171,79.501318
ATT004355,SHP000346,EMP01505,2025-04-06,2,Successful,19.753268,77.863214
ATT004356,SHP002742,EMP00386,2025-02-14,1,Successful,25.769253,80.413438
ATT004357,SHP002848,EMP00630,2025-11-23,3,Successful,9.935421,85.892147
ATT004358,SHP004050,EMP03840,2025-04-18,1,Refused,23.90708,87.652489
ATT004359,SHP001911,EMP02441,2025-06-03,1,Refused,9.840527,83.325754
ATT004360,SHP003816,EMP00057,2025-03-28,3,Address Issue,13.266393,79.2694
ATT004361,SHP002580,EMP01006,2025-06-21,2,Successful,24.486155,79.767418
ATT004362,SHP004517,EMP03720,2025-08-07,1,Refused,14.934842,78.780905
ATT004363,SHP003722,EMP00565,2025-03-09,2,Successful,17.196542,76.145658
ATT004364,SHP001877,EMP04676,2025-07-21,3,Customer Unavailable,21.564627,79.280536
ATT004365,SHP000468,EMP01979,2025-07-10,2,Successful,24.100411,82.923708
ATT004366,SHP001953,EMP00667,2025-04-03,3,Rescheduled,24.274728,88.194957
ATT004367,SHP003953,EMP00934,2025-07-14,2,Customer Unavailable,17.427865,86.00517
ATT004368,SHP000839,EMP01560,2025-09-26,1,Address Issue,21.136846,87.059221
ATT004369,SHP000411,EMP01831,2025-05-01,3,Refused,17.988312,80.938454
ATT004370,SHP004413,EMP00406,2025-07-26,3,Customer Unavailable,13.527324,82.025948
ATT004371,SHP004620,EMP02951,2025-04-17,2,Successful,22.571992,78.640773
ATT004372,SHP002494,EMP00787,2025-01-07,3,Rescheduled,27.139382,76.514155
ATT004373,SHP002981,EMP04360,2025-10-26,1,Refused,23.148508,78.262862
ATT004374,SHP003450,EMP00203,2025-10-31,1,Successful,16.020044,85.149996
ATT004375,SHP000813,EMP01585,2025-03-09,2,Successful,21.712481,79.063938
ATT004376,SHP001572,EMP00582,2025-10-27,1,Successful,24.216131,83.984198
ATT004377,SHP000911,EMP00487,2025-01-02,2,Successful,28.395924,80.532444
ATT004378,SHP004026,EMP04448,2025-10-03,1,Successful,13.414637,87.049552
ATT004379,SHP003229,EMP02375,2025-11-20,3,Successful,22.613409,84.654323
ATT004380,SHP004253,EMP04478,2025-01-13,2,Customer Unavailable,17.202476,82.866997
ATT004381,SHP001149,EMP04766,2025-11-24,1,Rescheduled,24.997664,86.824821
ATT004382,SHP004022,EMP02542,2025-09-22,1,Successful,20.730339,77.274599
ATT004383,SHP001503,EMP01676,2025-03-25,2,Successful,11.553507,87.861004
ATT004384,SHP001247,EMP02386,2025-12-23,1,Successful,26.663281,86.590514
ATT004385,SHP000920,EMP03814,2025-05-16,3,Successful,18.927599,85.249199
ATT004386,SHP000112,EMP01968,2025-03-11,3,Successful,26.590194,80.262184
ATT004387,SHP002983,EMP01133,2025-03-30,1,Successful,27.8637,87.720174
ATT004388,SHP004227,EMP03713,2025-09-08,2,Successful,16.69132,77.067659
ATT004389,SHP001576,EMP01737,2025-11-17,2,Successful,12.556579,77.795521
ATT004390,SHP000439,EMP01005,2025-06-19,1,Refused,22.165098,81.160459
ATT004391,SHP001961,EMP02562,2025-01-11,2,Customer Unavailable,12.62965,76.639849
ATT004392,SHP001799,EMP00279,2025-04-04,3,Successful,19.709629,77.331062
ATT004393,SHP004342,EMP04457,2025-05-01,3,Rescheduled,26.033107,76.372385
ATT004394,SHP001388,EMP01552,2025-06-23,3,Customer Unavailable,10.972003,77.101728
ATT004395,SHP004834,EMP00788,2025-09-30,3,Successful,18.682047,81.964785
ATT004396,SHP000541,EMP02716,2025-07-10,3,Successful,13.37313,84.875147
ATT004397,SHP004903,EMP01704,2025-06-12,1,Successful,18.480348,87.262645
ATT004398,SHP000223,EMP03475,2025-12-30,3,Rescheduled,9.218254,82.779068
ATT004399,SHP003123,EMP03351,2025-03-10,3,Successful,9.102321,76.042285
ATT004400,SHP000701,EMP03471,2025-07-03,3,Rescheduled,16.941339,86.43268
ATT004401,SHP001494,EMP02039,2025-05-06,1,Address Issue,21.368841,82.090084
ATT004402,SHP004024,EMP04901,2025-02-22,2,Successful,26.904166,82.96086
ATT004403,SHP004023,EMP04207,2025-11-19,2,Successful,24.05977,76.196299
ATT004404,SHP000434,EMP03734,2025-04-04,1,Successful,9.689519,84.180585
ATT004405,SHP000952,EMP00908,2025-04-06,2,Successful,13.184216,88.094745
ATT004406,SHP002664,EMP04041,2025-11-25,3,Successful,24.456703,85.491561
ATT004407,SHP003866,EMP02444,2025-08-15,2,Refused,17.501009,85.043699
ATT004408,SHP000442,EMP01279,2025-11-19,3,Refused,19.056796,83.641835
ATT004409,SHP001806,EMP02264,2025-05-31,2,Successful,22.964855,77.717972
ATT004410,SHP002753,EMP02822,2025-08-13,1,Successful,26.578388,85.558705
ATT004411,SHP002554,EMP00729,2025-02-13,3,Successful,12.290438,85.468447
ATT004412,SHP000598,EMP04349,2025-10-11,2,Customer Unavailable,27.158439,79.336603
ATT004413,SHP001622,EMP01076,2025-01-30,3,Customer Unavailable,11.783387,84.002592
ATT004414,SHP002546,EMP02048,2025-08-08,2,Rescheduled,14.029492,82.154338
ATT004415,SHP002577,EMP03188,2025-11-30,2,Customer Unavailable,13.535984,83.323118
ATT004416,SHP003471,EMP02630,2025-01-05,3,Successful,8.738186,86.423694
ATT004417,SHP002813,EMP02339,2025-06-24,3,Successful,18.864074,83.399844
ATT004418,SHP002635,EMP01001,2025-01-28,2,Successful,9.488242,87.408838
ATT004419,SHP000427,EMP03989,2025-10-02,3,Refused,8.239576,88.217105
ATT004420,SHP002612,EMP01575,2025-07-06,2,Successful,18.911704,79.924006
ATT004421,SHP004147,EMP01540,2025-05-22,1,Successful,10.379521,78.426684
ATT004422,SHP001259,EMP02303,2025-08-26,2,Successful,20.306511,87.908544
ATT004423,SHP002953,EMP03644,2025-12-23,2,Successful,11.385861,86.340397
ATT004424,SHP002990,EMP02282,2025-05-02,1,Successful,10.318657,86.84941
ATT004425,SHP003452,EMP02930,2025-01-19,1,Successful,25.820418,81.815887
ATT004426,SHP004432,EMP00103,2025-04-17,2,Successful,24.809541,80.339965
ATT004427,SHP000471,EMP00924,2025-01-13,1,Successful,9.616236,79.307343
ATT004428,SHP001202,EMP02579,2025-12-18,2,Customer Unavailable,15.488855,85.608021
ATT004429,SHP004645,EMP03911,2025-07-09,1,Address Issue,10.467843,83.665848
ATT004430,SHP003200,EMP04906,2025-01-07,2,Customer Unavailable,19.479342,79.715247
ATT004431,SHP003077,EMP03573,2025-10-17,2,Successful,8.876486,86.957835
ATT004432,SHP002066,EMP03150,2025-10-24,3,Successful,22.025691,81.880898
ATT004433,SHP001337,EMP04186,2025-07-24,3,Successful,19.318646,76.07435
ATT004434,SHP003242,EMP00678,2025-11-13,1,Successful,26.390323,80.490993
ATT004435,SHP002355,EMP02045,2025-02-11,1,Customer Unavailable,9.438644,88.405424
ATT004436,SHP002591,EMP01823,2025-09-06,1,Successful,25.941394,80.443909
ATT004437,SHP001434,EMP01680,2025-12-08,3,Successful,8.239657,87.210907
ATT004438,SHP004204,EMP03841,2025-06-11,3,Successful,17.189404,78.1863
ATT004439,SHP004340,EMP04499,2025-02-20,3,Successful,24.678029,81.341015
ATT004440,SHP002644,EMP01768,2025-10-20,1,Successful,12.045823,83.58634
ATT004441,SHP000565,EMP00928,2025-08-02,2,Successful,21.595037,82.824741
ATT004442,SHP002399,EMP04217,2025-10-23,3,Successful,19.399084,84.132135
ATT004443,SHP002037,EMP03265,2025-01-19,3,Successful,22.130894,82.483666
ATT004444,SHP003709,EMP02868,2025-10-04,3,Successful,15.55385,76.588584
ATT004445,SHP001281,EMP02519,2025-02-13,2,Successful,8.846407,80.283698
ATT004446,SHP003104,EMP02091,2025-02-07,1,Customer Unavailable,21.033337,82.721946
ATT004447,SHP000853,EMP04182,2025-05-17,2,Customer Unavailable,14.052634,82.518754
ATT004448,SHP001122,EMP04536,2025-08-07,2,Successful,14.453068,84.637107
ATT004449,SHP004032,EMP02042,2025-03-30,1,Successful,11.52381,79.53034
ATT004450,SHP003416,EMP03534,2025-05-06,2,Successful,8.739436,79.448057
ATT004451,SHP000394,EMP00124,2025-09-06,3,Successful,14.608579,82.216687
ATT004452,SHP001093,EMP00418,2025-06-29,2,Successful,23.63097,77.674085
ATT004453,SHP004720,EMP02907,2025-02-27,2,Address Issue,24.243966,76.453697
ATT004454,SHP003940,EMP03904,2025-10-05,1,Successful,22.703465,76.839949
ATT004455,SHP004746,EMP04810,2025-03-20,2,Successful,9.655464,78.023468
ATT004456,SHP000004,EMP00064,2025-06-14,1,Successful,12.168964,82.734308
ATT004457,SHP002222,EMP01128,2025-01-21,2,Rescheduled,9.651766,79.00442
ATT004458,SHP003444,EMP00664,2025-10-29,1,Successful,20.117644,81.771734
ATT004459,SHP004924,EMP04972,2025-09-15,3,Successful,15.482685,78.320411
ATT004460,SHP003424,EMP01949,2025-08-16,2,Rescheduled,18.161701,79.258227
ATT004461,SHP000532,EMP04563,2025-05-03,1,Customer Unavailable,12.766478,86.94382
ATT004462,SHP002226,EMP02468,2025-12-20,1,Customer Unavailable,19.040115,83.377052
ATT004463,SHP000573,EMP02109,2025-07-20,2,Successful,25.922865,83.135567
ATT004464,SHP004946,EMP04888,2025-05-31,1,Successful,25.666817,79.435563
ATT004465,SHP003334,EMP01270,2025-10-06,3,Successful,9.815952,83.906091
ATT004466,SHP002976,EMP04006,2025-11-11,3,Successful,17.92166,85.66752
ATT004467,SHP003730,EMP04793,2025-05-12,2,Rescheduled,20.756048,86.120304
ATT004468,SHP001704,EMP03881,2025-03-15,1,Successful,18.304314,82.279562
ATT004469,SHP000282,EMP02897,2025-03-22,3,Customer Unavailable,26.03576,80.537394
ATT004470,SHP002968,EMP04445,2025-10-07,3,Successful,21.641968,77.562756
ATT004471,SHP004296,EMP03672,2025-08-11,2,Successful,11.997787,83.744891
ATT004472,SHP001681,EMP03143,2025-07-24,3,Successful,10.415507,81.073898
ATT004473,SHP000419,EMP04019,2025-06-16,2,Successful,22.662117,79.762541
ATT004474,SHP001009,EMP03413,2025-09-15,1,Successful,15.274587,86.153403
ATT004475,SHP002625,EMP02264,2025-01-17,3,Successful,13.946378,87.03871
ATT004476,SHP000170,EMP01031,2025-05-10,1,Successful,28.012667,86.809279
ATT004477,SHP004037,EMP02889,2025-01-12,1,Refused,16.63982,79.407324
ATT004478,SHP000895,EMP02955,2025-07-17,1,Customer Unavailable,27.462057,79.407881
ATT004479,SHP001523,EMP04467,2025-05-09,1,Successful,11.133751,81.368833
ATT004480,SHP001426,EMP01499,2025-04-27,3,Successful,18.773956,82.850965
ATT004481,SHP000836,EMP00648,2025-05-12,1,Rescheduled,15.878056,86.485543
ATT004482,SHP002347,EMP01784,2025-07-04,3,Rescheduled,20.99388,80.32325
ATT004483,SHP002480,EMP00389,2025-09-24,2,Refused,27.199961,82.305808
ATT004484,SHP001249,EMP02828,2025-09-02,2,Rescheduled,9.098132,82.955161
ATT004485,SHP002895,EMP00863,2025-05-24,2,Successful,27.478732,78.893257
ATT004486,SHP002651,EMP01849,2025-07-16,3,Refused,8.217182,87.47073
ATT004487,SHP000791,EMP01318,2025-02-27,1,Customer Unavailable,11.217782,83.918722
ATT004488,SHP004349,EMP01377,2025-06-16,3,Successful,27.450401,80.600764
ATT004489,SHP004061,EMP02881,2025-08-22,3,Rescheduled,16.531709,81.257771
ATT004490,SHP002464,EMP01681,2025-09-05,1,Address Issue,21.520785,77.931299
ATT004491,SHP001085,EMP01940,2025-02-10,1,Successful,15.929078,87.263565
ATT004492,SHP000272,EMP01844,2025-08-18,3,Successful,19.136698,78.969505
ATT004493,SHP003379,EMP00300,2025-12-22,1,Successful,18.836368,76.985627
ATT004494,SHP002834,EMP04311,2025-01-23,3,Successful,13.47667,87.271053
ATT004495,SHP000301,EMP01340,2025-06-13,3,Refused,24.275635,83.63492
ATT004496,SHP001101,EMP04749,2025-04-01,2,Refused,21.536602,80.364995
ATT004497,SHP004182,EMP03235,2025-05-20,1,Successful,19.070239,82.278172
ATT004498,SHP003355,EMP02064,2025-09-26,3,Successful,23.976355,80.398536
ATT004499,SHP001755,EMP04965,2025-02-02,1,Successful,23.040213,84.846255
ATT004500,SHP000211,EMP01281,2025-05-17,2,Successful,25.786169,85.000729
ATT004501,SHP004717,EMP04316,2025-08-14,2,Successful,16.877466,88.235064
ATT004502,SHP002175,EMP03127,2025-01-30,1,Successful,19.122781,85.355875
ATT004503,SHP001468,EMP03005,2025-09-28,3,Successful,9.555398,81.132648
ATT004504,SHP002395,EMP04744,2025-08-12,3,Successful,25.624832,88.213636
ATT004505,SHP002961,EMP01966,2025-05-12,3,Successful,15.718068,78.895106
ATT004506,SHP000794,EMP02038,2025-01-21,3,Customer Unavailable,11.254202,76.870543
ATT004507,SHP004906,EMP04845,2025-12-26,3,Successful,16.695001,78.985922
ATT004508,SHP001178,EMP01425,2025-05-24,2,Successful,8.39509,82.112427
ATT004509,SHP002472,EMP04867,2025-04-01,3,Address Issue,21.632878,79.096434
ATT004510,SHP002130,EMP02373,2025-12-10,1,Refused,22.29164,88.322537
ATT004511,SHP003916,EMP02680,2025-09-01,1,Successful,26.885209,76.382126
ATT004512,SHP001344,EMP02112,2025-06-09,3,Successful,25.267091,80.273333
ATT004513,SHP004186,EMP03759,2025-01-31,3,Customer Unavailable,9.201467,85.458566
ATT004514,SHP003257,EMP01967,2025-05-04,3,Customer Unavailable,22.636749,83.383086
ATT004515,SHP004138,EMP00615,2025-10-04,1,Rescheduled,9.870537,83.728873
ATT004516,SHP000401,EMP03935,2025-05-02,2,Refused,9.788731,85.561015
ATT004517,SHP003309,EMP03264,2025-11-17,3,Address Issue,8.116083,83.645085
ATT004518,SHP002114,EMP00965,2025-05-11,2,Customer Unavailable,10.590846,79.63025
ATT004519,SHP003818,EMP01997,2025-09-18,3,Successful,9.524684,78.485528
ATT004520,SHP004022,EMP01954,2025-11-01,1,Successful,23.776714,81.468285
ATT004521,SHP003540,EMP04947,2025-12-21,3,Successful,10.180945,83.269078
ATT004522,SHP003311,EMP00431,2025-05-23,1,Successful,22.21557,82.035899
ATT004523,SHP004140,EMP03913,2025-02-27,1,Successful,14.740964,85.788609
ATT004524,SHP000218,EMP01947,2025-03-05,2,Successful,14.044839,81.650998
ATT004525,SHP003253,EMP00562,2025-05-25,3,Successful,12.870926,86.391602
ATT004526,SHP002948,EMP01135,2025-01-23,3,Customer Unavailable,27.330027,85.592691
ATT004527,SHP002056,EMP02050,2025-10-12,1,Address Issue,15.231882,80.016418
ATT004528,SHP003962,EMP03910,2025-05-13,1,Successful,18.166878,80.374964
ATT004529,SHP003759,EMP00601,2025-07-31,3,Successful,18.455271,88.422868
ATT004530,SHP000663,EMP00343,2025-12-12,1,Successful,18.46165,78.118865
ATT004531,SHP004588,EMP02965,2025-07-16,3,Successful,18.536059,76.514409
ATT004532,SHP002270,EMP04236,2025-10-12,3,Successful,25.335413,77.789245
ATT004533,SHP001260,EMP01516,2025-11-11,1,Successful,20.675528,81.722175
ATT004534,SHP000965,EMP03781,2025-11-21,3,Successful,24.402306,88.323654
ATT004535,SHP004219,EMP03313,2025-04-13,3,Successful,22.539742,87.723343
ATT004536,SHP002537,EMP00140,2025-01-25,3,Successful,15.147686,83.338528
ATT004537,SHP000361,EMP04660,2025-08-10,3,Successful,22.477037,83.838283
ATT004538,SHP000891,EMP02513,2025-03-22,2,Customer Unavailable,16.331972,87.711156
ATT004539,SHP001927,EMP00821,2025-09-15,2,Rescheduled,24.94203,76.568848
ATT004540,SHP002653,EMP04271,2025-08-28,1,Successful,12.207294,81.89223
ATT004541,SHP001561,EMP03253,2025-03-01,3,Address Issue,12.410556,85.45834
ATT004542,SHP001875,EMP01151,2025-03-03,3,Address Issue,12.279861,80.868094
ATT004543,SHP001847,EMP04548,2025-06-27,2,Successful,23.969302,77.046826
ATT004544,SHP004625,EMP02834,2025-05-14,3,Address Issue,16.753152,85.783129
ATT004545,SHP001639,EMP02935,2025-10-21,2,Address Issue,24.245819,77.099354
ATT004546,SHP002348,EMP01963,2025-01-01,3,Successful,25.276194,86.953623
ATT004547,SHP004711,EMP00445,2025-06-12,3,Successful,27.597812,85.439861
ATT004548,SHP003097,EMP01888,2025-11-22,2,Address Issue,19.166206,83.272096
ATT004549,SHP001086,EMP00232,2025-12-23,1,Customer Unavailable,13.435815,85.127896
ATT004550,SHP000554,EMP00792,2025-08-02,2,Successful,16.312295,82.329733
ATT004551,SHP003345,EMP02204,2025-08-12,1,Successful,28.314899,82.60028
ATT004552,SHP001235,EMP03611,2025-01-12,1,Customer Unavailable,26.69498,84.649657
ATT004553,SHP004679,EMP03111,2025-08-18,1,Successful,13.505773,76.431532
ATT004554,SHP001888,EMP04783,2025-12-19,3,Successful,18.658919,82.792187
ATT004555,SHP003517,EMP00862,2025-12-17,1,Successful,21.745657,77.977874
ATT004556,SHP001619,EMP00929,2025-07-13,1,Successful,27.51314,78.227295
ATT004557,SHP002531,EMP04865,2025-03-09,2,Successful,22.967872,87.194453
ATT004558,SHP002134,EMP04036,2025-12-27,1,Successful,17.472208,82.153982
ATT004559,SHP003946,EMP01114,2025-03-10,3,Customer Unavailable,22.382221,84.667926
ATT004560,SHP000903,EMP03997,2025-04-08,3,Customer Unavailable,20.104997,76.823534
ATT004561,SHP004830,EMP00225,2025-05-09,1,Customer Unavailable,22.815346,85.045238
ATT004562,SHP001663,EMP04670,2025-03-07,1,Successful,28.349238,83.442677
ATT004563,SHP002195,EMP02561,2025-12-26,3,Successful,9.269984,80.966263
ATT004564,SHP001124,EMP01764,2025-04-27,2,Successful,28.11227,77.293735
ATT004565,SHP001030,EMP01207,2025-12-27,3,Successful,24.912719,78.933805
ATT004566,SHP000712,EMP04796,2025-04-24,3,Successful,22.791381,79.259146
ATT004567,SHP003385,EMP03256,2025-01-24,1,Address Issue,16.435337,77.317119
ATT004568,SHP002441,EMP02276,2025-10-23,2,Customer Unavailable,13.145787,82.586065
ATT004569,SHP002785,EMP00139,2025-02-04,1,Successful,28.028325,81.158722
ATT004570,SHP001792,EMP04405,2025-01-06,3,Successful,24.708439,88.18543
ATT004571,SHP000271,EMP02728,2025-10-09,2,Successful,27.83334,84.785634
ATT004572,SHP003559,EMP01480,2025-08-01,3,Successful,20.728004,79.253135
ATT004573,SHP001167,EMP00044,2025-12-07,2,Successful,17.533316,78.112243
ATT004574,SHP000643,EMP03146,2025-08-24,2,Address Issue,28.135597,84.851963
ATT004575,SHP000852,EMP04743,2025-05-05,3,Customer Unavailable,22.186766,79.257183
ATT004576,SHP003104,EMP00758,2025-09-17,3,Successful,8.890988,82.845001
ATT004577,SHP002369,EMP04962,2025-07-09,3,Successful,28.436341,86.90082
ATT004578,SHP003472,EMP03025,2025-06-06,3,Rescheduled,28.259263,83.428436
ATT004579,SHP000989,EMP01090,2025-05-01,1,Successful,21.701662,85.04252
ATT004580,SHP003166,EMP02462,2025-03-27,1,Customer Unavailable,18.656888,78.545765
ATT004581,SHP004444,EMP01104,2025-01-03,3,Successful,10.95371,84.671031
ATT004582,SHP004547,EMP02866,2025-06-08,3,Successful,9.070859,77.619827
ATT004583,SHP004193,EMP04752,2025-03-09,2,Successful,19.685139,83.738447
ATT004584,SHP001734,EMP03982,2025-05-29,3,Customer Unavailable,26.569776,80.539782
ATT004585,SHP002697,EMP00714,2025-06-23,3,Customer Unavailable,18.510544,79.517857
ATT004586,SHP003070,EMP03742,2025-03-14,3,Customer Unavailable,17.497657,80.261544
ATT004587,SHP000248,EMP03198,2025-10-14,2,Successful,16.089747,79.009799
ATT004588,SHP003086,EMP02360,2025-06-14,3,Successful,11.428607,80.682723
ATT004589,SHP001649,EMP02985,2025-12-24,1,Customer Unavailable,25.990685,77.652769
ATT004590,SHP003539,EMP02474,2025-04-01,2,Customer Unavailable,14.900685,82.822699
ATT004591,SHP003072,EMP01699,2025-07-23,2,Rescheduled,28.487935,77.477049
ATT004592,SHP004014,EMP01587,2025-10-16,3,Successful,11.919072,81.329513
ATT004593,SHP003597,EMP04309,2025-12-08,2,Successful,27.473457,83.062483
ATT004594,SHP004017,EMP02555,2025-05-17,1,Successful,23.234538,88.348243
ATT004595,SHP003088,EMP04886,2025-01-21,1,Customer Unavailable,27.46885,76.692186
ATT004596,SHP002608,EMP04611,2025-11-27,2,Refused,18.189038,82.549251
ATT004597,SHP004116,EMP03982,2025-12-10,3,Address Issue,25.714767,87.731871
ATT004598,SHP001908,EMP03864,2025-02-11,1,Successful,10.694667,77.511414
ATT004599,SHP001620,EMP01972,2025-11-12,2,Refused,9.133624,79.367291
ATT004600,SHP000449,EMP04523,2025-11-22,1,Successful,16.679047,84.691211
ATT004601,SHP000587,EMP01956,2025-02-07,1,Successful,26.603173,85.19669
ATT004602,SHP003207,EMP01330,2025-03-22,1,Successful,16.12569,80.839342
ATT004603,SHP000372,EMP02050,2025-04-17,2,Successful,23.759478,79.417934
ATT004604,SHP004825,EMP01980,2025-12-05,2,Successful,17.557476,77.306804
ATT004605,SHP001633,EMP00001,2025-02-01,2,Successful,15.192641,80.07814
ATT004606,SHP003899,EMP02420,2025-02-14,1,Successful,15.773772,79.881183
ATT004607,SHP002037,EMP00353,2025-11-07,3,Successful,8.354904,88.404136
ATT004608,SHP004328,EMP04510,2025-03-03,1,Successful,8.968044,87.730078
ATT004609,SHP004903,EMP01186,2025-09-28,3,Successful,15.420763,80.932274
ATT004610,SHP002451,EMP02091,2025-09-26,3,Customer Unavailable,14.008045,77.82379
ATT004611,SHP004688,EMP04097,2025-07-31,3,Address Issue,13.157569,79.946976
ATT004612,SHP002895,EMP00350,2025-02-13,2,Rescheduled,16.361443,84.62423
ATT004613,SHP001623,EMP01798,2025-02-04,2,Successful,8.283887,76.15577
ATT004614,SHP002990,EMP04739,2025-04-28,3,Rescheduled,26.130539,88.377115
ATT004615,SHP002881,EMP04588,2025-03-04,1,Successful,21.380994,84.515656
ATT004616,SHP001400,EMP03692,2025-05-27,2,Rescheduled,10.275913,81.945557
ATT004617,SHP002596,EMP01517,2025-08-11,3,Successful,22.035308,76.924398
ATT004618,SHP001321,EMP01133,2025-04-21,1,Successful,13.398108,81.575231
ATT004619,SHP000492,EMP02773,2025-08-01,1,Successful,14.794405,77.016023
ATT004620,SHP003311,EMP00235,2025-06-27,3,Successful,16.734628,86.616054
ATT004621,SHP004033,EMP02696,2025-10-09,3,Successful,19.750048,80.167295
ATT004622,SHP004517,EMP03734,2025-02-26,2,Successful,8.259216,84.299344
ATT004623,SHP002068,EMP01154,2025-04-30,1,Successful,22.416854,79.353995
ATT004624,SHP003357,EMP03373,2025-09-09,1,Successful,22.69131,77.195637
ATT004625,SHP002834,EMP04725,2025-04-10,1,Successful,8.48128,78.631825
ATT004626,SHP002701,EMP00676,2025-02-21,3,Successful,10.863623,80.834352
ATT004627,SHP003225,EMP04348,2025-10-06,2,Customer Unavailable,15.232321,83.616673
ATT004628,SHP001716,EMP03309,2025-05-01,3,Address Issue,9.255776,78.697172
ATT004629,SHP000784,EMP01201,2025-01-13,1,Successful,17.20609,77.139472
ATT004630,SHP004475,EMP02021,2025-08-18,3,Successful,17.025214,85.384229
ATT004631,SHP002992,EMP02172,2025-02-02,1,Address Issue,16.374686,86.490008
ATT004632,SHP002536,EMP00686,2025-04-26,2,Successful,10.637986,84.801526
ATT004633,SHP001590,EMP00213,2025-10-08,2,Successful,27.800832,85.673035
ATT004634,SHP000808,EMP01318,2025-09-14,1,Successful,14.725948,85.285703
ATT004635,SHP000950,EMP03377,2025-11-21,2,Successful,23.955829,83.927547
ATT004636,SHP002510,EMP03509,2025-06-27,3,Successful,8.46666,88.043972
ATT004637,SHP004965,EMP04969,2025-11-13,3,Successful,11.021845,88.471368
ATT004638,SHP002906,EMP03268,2025-12-01,3,Customer Unavailable,13.153006,76.949131
ATT004639,SHP004482,EMP01813,2025-04-30,3,Successful,19.11228,85.169831
ATT004640,SHP002669,EMP04322,2025-12-02,3,Customer Unavailable,23.392366,84.129612
ATT004641,SHP004641,EMP02189,2025-02-09,1,Customer Unavailable,26.479115,87.232643
ATT004642,SHP003114,EMP00198,2025-11-29,1,Successful,27.624659,85.394242
ATT004643,SHP002507,EMP02892,2025-10-22,2,Refused,25.70004,79.05348
ATT004644,SHP004398,EMP01601,2025-06-01,1,Successful,12.886388,77.480141
ATT004645,SHP000595,EMP04335,2025-03-13,2,Successful,23.633958,80.003865
ATT004646,SHP002132,EMP00915,2025-05-06,1,Customer Unavailable,15.487896,86.048773
ATT004647,SHP002730,EMP00368,2025-03-29,3,Successful,26.078011,82.402431
ATT004648,SHP003085,EMP02081,2025-06-01,1,Successful,28.183408,84.646454
ATT004649,SHP003998,EMP03048,2025-04-30,2,Successful,17.129757,82.102098
ATT004650,SHP004776,EMP03274,2025-03-07,3,Customer Unavailable,25.041803,86.81427
ATT004651,SHP001412,EMP02412,2025-02-28,1,Successful,21.006066,81.396945
ATT004652,SHP002388,EMP02715,2025-11-20,2,Rescheduled,20.911144,78.77686
ATT004653,SHP000914,EMP01510,2025-11-03,3,Successful,15.049754,87.696121
ATT004654,SHP004484,EMP02395,2025-07-11,3,Rescheduled,10.212484,80.847407
ATT004655,SHP003110,EMP04401,2025-03-19,3,Address Issue,16.464519,80.961763
ATT004656,SHP000741,EMP03291,2025-08-06,1,Customer Unavailable,12.80994,83.242935
ATT004657,SHP004326,EMP02730,2025-12-03,1,Successful,8.583374,76.708751
ATT004658,SHP000161,EMP03452,2025-07-13,1,Successful,21.70511,77.869695
ATT004659,SHP001042,EMP00740,2025-04-24,3,Rescheduled,18.919192,88.093549
ATT004660,SHP002854,EMP00953,2025-08-02,3,Address Issue,10.764998,85.263867
ATT004661,SHP002987,EMP04971,2025-01-13,3,Successful,14.918732,78.880973
ATT004662,SHP003199,EMP01844,2025-12-10,3,Successful,21.203602,79.841926
ATT004663,SHP000818,EMP04919,2025-06-01,3,Successful,13.438326,76.344581
ATT004664,SHP002112,EMP01073,2025-04-11,3,Successful,19.978016,79.2903
ATT004665,SHP000727,EMP01949,2025-11-03,1,Successful,21.645777,85.688772
ATT004666,SHP002937,EMP00401,2025-04-11,3,Successful,14.33529,85.055295
ATT004667,SHP004416,EMP04478,2025-01-12,2,Successful,19.563427,78.665059
ATT004668,SHP000765,EMP04392,2025-09-17,1,Successful,21.009247,84.437043
ATT004669,SHP000539,EMP00395,2025-06-30,3,Refused,18.297634,76.044688
ATT004670,SHP001650,EMP04768,2025-05-03,1,Successful,8.243125,88.171208
ATT004671,SHP000868,EMP01935,2025-11-14,1,Successful,9.824894,78.535771
ATT004672,SHP002187,EMP04899,2025-10-17,2,Successful,23.792847,78.583351
ATT004673,SHP001100,EMP00044,2025-06-13,2,Rescheduled,14.511006,85.647279
ATT004674,SHP001047,EMP01863,2025-07-25,1,Customer Unavailable,19.699448,81.250566
ATT004675,SHP004335,EMP00588,2025-01-14,2,Rescheduled,16.252772,84.196558
ATT004676,SHP000399,EMP01202,2025-02-02,1,Rescheduled,27.500354,80.574337
ATT004677,SHP002406,EMP02371,2025-10-18,1,Customer Unavailable,10.622306,78.849056
ATT004678,SHP002276,EMP03549,2025-04-15,1,Successful,10.139164,83.427355
ATT004679,SHP002457,EMP02829,2025-01-03,1,Successful,12.945311,84.705566
ATT004680,SHP003624,EMP04447,2025-07-04,1,Address Issue,12.060449,83.240056
ATT004681,SHP004954,EMP04702,2025-04-07,3,Successful,18.388212,76.750993
ATT004682,SHP004019,EMP01445,2025-09-05,2,Successful,15.470444,86.359747
ATT004683,SHP004395,EMP02740,2025-03-13,2,Successful,23.043011,80.462146
ATT004684,SHP003379,EMP02021,2025-04-15,1,Successful,23.899921,83.446138
ATT004685,SHP003122,EMP03162,2025-01-10,3,Successful,26.274528,77.54021
ATT004686,SHP000864,EMP02160,2025-04-15,3,Address Issue,9.078508,79.780092
ATT004687,SHP000215,EMP00372,2025-09-22,1,Customer Unavailable,10.969916,81.286401
ATT004688,SHP001981,EMP03019,2025-03-02,2,Customer Unavailable,8.762435,79.72477
ATT004689,SHP003419,EMP04207,2025-07-02,2,Successful,19.332752,78.138689
ATT004690,SHP002303,EMP03081,2025-03-21,1,Successful,16.724657,80.724169
ATT004691,SHP004864,EMP00168,2025-11-20,2,Successful,28.354053,86.32717
ATT004692,SHP003870,EMP04086,2025-03-04,3,Successful,23.814837,77.978621
ATT004693,SHP003651,EMP00888,2025-07-22,1,Successful,27.808237,81.148455
ATT004694,SHP001601,EMP00541,2025-04-02,3,Rescheduled,15.696946,81.724544
ATT004695,SHP003571,EMP04714,2025-04-05,2,Rescheduled,16.25972,84.788285
ATT004696,SHP002591,EMP04214,2025-01-27,3,Successful,17.961202,88.243866
ATT004697,SHP002532,EMP02886,2025-03-17,3,Successful,22.21286,76.670981
ATT004698,SHP001150,EMP01975,2025-01-14,1,Successful,25.720162,80.568279
ATT004699,SHP000526,EMP00201,2025-11-25,1,Successful,15.872471,78.296459
ATT004700,SHP002334,EMP02284,2025-12-17,1,Address Issue,27.278859,76.941074
ATT004701,SHP004651,EMP00086,2025-05-18,2,Successful,27.906578,88.482815
ATT004702,SHP004808,EMP03747,2025-06-19,3,Successful,23.43409,88.48732
ATT004703,SHP001002,EMP00593,2025-05-20,2,Successful,19.480382,81.723906
ATT004704,SHP003143,EMP01222,2025-08-09,2,Successful,24.60637,79.472591
ATT004705,SHP004433,EMP02849,2025-03-07,2,Rescheduled,14.829918,82.726387
ATT004706,SHP002755,EMP01711,2025-04-02,2,Refused,18.484921,88.478505
ATT004707,SHP002261,EMP00026,2025-09-14,3,Successful,26.247301,80.874558
ATT004708,SHP001914,EMP03562,2025-02-20,2,Address Issue,15.822871,84.613027
ATT004709,SHP001071,EMP02876,2025-12-26,1,Customer Unavailable,28.487132,84.602694
ATT004710,SHP001481,EMP00151,2025-06-19,1,Successful,10.857757,86.348928
ATT004711,SHP004522,EMP00007,2025-12-06,3,Customer Unavailable,21.694226,79.459908
ATT004712,SHP002270,EMP04841,2025-07-11,3,Rescheduled,26.937465,81.6228
ATT004713,SHP003765,EMP00674,2025-10-28,1,Successful,12.647892,79.826997
ATT004714,SHP004545,EMP04734,2025-10-11,2,Customer Unavailable,25.64653,83.137717
ATT004715,SHP002189,EMP02552,2025-06-01,1,Successful,21.858864,82.71323
ATT004716,SHP001184,EMP02293,2025-02-25,1,Successful,28.139191,82.903775
ATT004717,SHP002667,EMP03166,2025-10-03,1,Successful,17.626251,77.492432
ATT004718,SHP004179,EMP03028,2025-09-25,1,Successful,11.831794,80.525784
ATT004719,SHP002626,EMP03742,2025-06-13,1,Successful,11.659645,81.736613
ATT004720,SHP000533,EMP01808,2025-11-20,2,Successful,12.504814,85.168108
ATT004721,SHP000184,EMP04870,2025-06-14,3,Refused,27.22622,78.538081
ATT004722,SHP004583,EMP04987,2025-07-01,2,Customer Unavailable,12.534459,88.083301
ATT004723,SHP002679,EMP01176,2025-07-08,2,Customer Unavailable,27.138221,76.547959
ATT004724,SHP003916,EMP01461,2025-01-21,2,Successful,21.018191,77.037495
ATT004725,SHP004483,EMP02592,2025-04-07,3,Customer Unavailable,16.435966,83.348414
ATT004726,SHP000506,EMP03906,2025-05-27,1,Refused,11.265924,77.625772
ATT004727,SHP002241,EMP00486,2025-09-27,2,Customer Unavailable,18.335175,77.849833
ATT004728,SHP000155,EMP04026,2025-06-07,2,Successful,17.708218,84.205002
ATT004729,SHP003487,EMP00143,2025-03-25,3,Customer Unavailable,25.093004,88.36029
ATT004730,SHP001173,EMP04173,2025-01-25,3,Rescheduled,11.556341,81.493552
ATT004731,SHP001394,EMP03639,2025-03-30,2,Successful,17.1958,82.219956
ATT004732,SHP004149,EMP00947,2025-06-19,3,Rescheduled,8.512541,83.379677
ATT004733,SHP003414,EMP00680,2025-05-14,2,Customer Unavailable,16.159641,76.576383
ATT004734,SHP003414,EMP00280,2025-04-28,2,Successful,17.367769,82.244423
ATT004735,SHP003333,EMP02756,2025-07-16,1,Successful,21.476234,88.373247
ATT004736,SHP004424,EMP01408,2025-09-14,1,Successful,15.758719,78.498515
ATT004737,SHP002688,EMP03520,2025-12-15,2,Successful,26.913162,80.097069
ATT004738,SHP003900,EMP04553,2025-04-02,2,Successful,25.151619,87.877365
ATT004739,SHP001653,EMP02205,2025-12-29,1,Successful,18.830993,86.238039
ATT004740,SHP004496,EMP02339,2025-12-29,1,Address Issue,11.198981,81.973083
ATT004741,SHP004168,EMP01997,2025-10-17,2,Address Issue,11.937055,83.377736
ATT004742,SHP004373,EMP00639,2025-08-09,1,Successful,22.416693,76.155902
ATT004743,SHP002156,EMP02939,2025-08-16,2,Successful,26.915016,76.020818
ATT004744,SHP004401,EMP00395,2025-03-11,3,Successful,16.204696,85.605939
ATT004745,SHP001846,EMP03385,2025-03-08,3,Successful,22.674487,78.526366
ATT004746,SHP001841,EMP00899,2025-01-25,3,Successful,20.932374,76.674872
ATT004747,SHP002150,EMP01547,2025-08-14,3,Successful,22.303707,76.591952
ATT004748,SHP000070,EMP01950,2025-06-10,1,Address Issue,20.589438,82.131806
ATT004749,SHP000163,EMP01322,2025-09-16,3,Rescheduled,23.728061,81.780781
ATT004750,SHP002960,EMP02544,2025-09-07,3,Rescheduled,8.03753,87.790279
ATT004751,SHP003404,EMP03795,2025-07-12,3,Successful,15.077451,80.202017
ATT004752,SHP004681,EMP03678,2025-10-11,2,Address Issue,14.160442,85.922513
ATT004753,SHP004462,EMP04909,2025-08-29,3,Successful,10.908525,79.076357
ATT004754,SHP001722,EMP02730,2025-12-27,3,Successful,15.823262,84.561596
ATT004755,SHP000158,EMP02688,2025-12-07,2,Rescheduled,14.140023,81.588391
ATT004756,SHP004663,EMP03868,2025-10-12,3,Rescheduled,16.68528,81.339676
ATT004757,SHP003249,EMP02367,2025-06-26,1,Successful,8.256443,84.998014
ATT004758,SHP001944,EMP03187,2025-06-13,3,Successful,19.94245,84.9339
ATT004759,SHP001770,EMP04407,2025-05-07,3,Successful,12.721072,79.949421
ATT004760,SHP003986,EMP01292,2025-10-27,2,Successful,23.537447,80.424362
ATT004761,SHP003747,EMP02274,2025-07-26,3,Successful,8.152388,76.526916
ATT004762,SHP001611,EMP04568,2025-10-14,3,Rescheduled,15.853761,84.109249
ATT004763,SHP003314,EMP01995,2025-06-10,2,Refused,17.252096,79.654308
ATT004764,SHP004387,EMP03792,2025-12-23,1,Refused,15.450994,81.251671
ATT004765,SHP003332,EMP02593,2025-08-13,3,Successful,24.788636,81.091956
ATT004766,SHP002242,EMP01925,2025-03-26,3,Refused,26.638885,83.517072
ATT004767,SHP001214,EMP02318,2025-05-01,1,Successful,19.295357,87.651981
ATT004768,SHP001731,EMP02894,2025-04-16,1,Rescheduled,9.339045,81.881099
ATT004769,SHP004527,EMP00716,2025-08-09,3,Successful,13.47502,84.781743
ATT004770,SHP003219,EMP01694,2025-09-30,2,Refused,10.555953,78.776031
ATT004771,SHP002601,EMP04334,2025-01-10,2,Customer Unavailable,24.670775,84.320583
ATT004772,SHP000078,EMP00427,2025-05-07,2,Successful,9.274868,76.483855
ATT004773,SHP001082,EMP01156,2025-05-30,1,Successful,25.831003,87.725563
ATT004774,SHP001321,EMP02422,2025-09-05,2,Successful,22.594992,81.42085
ATT004775,SHP004178,EMP00165,2025-04-26,3,Rescheduled,21.635496,78.017296
ATT004776,SHP004685,EMP04172,2025-10-12,1,Rescheduled,16.714357,81.658579
ATT004777,SHP003050,EMP02773,2025-07-31,2,Customer Unavailable,9.713425,88.013433
ATT004778,SHP001808,EMP00847,2025-12-20,2,Address Issue,18.179818,88.273833
ATT004779,SHP000758,EMP04792,2025-10-03,1,Rescheduled,9.575248,77.131808
ATT004780,SHP004312,EMP00180,2025-05-24,3,Successful,25.171643,86.612379
ATT004781,SHP000752,EMP04022,2025-07-20,1,Successful,15.093047,76.087898
ATT004782,SHP002035,EMP00132,2025-07-14,3,Customer Unavailable,18.495536,77.020922
ATT004783,SHP000390,EMP02555,2025-02-25,3,Successful,17.896583,80.10059
ATT004784,SHP003767,EMP00443,2025-07-31,2,Successful,28.172537,84.113871
ATT004785,SHP002738,EMP02788,2025-01-25,1,Successful,18.413379,76.881039
ATT004786,SHP004109,EMP04184,2025-12-08,3,Successful,11.746218,78.211936
ATT004787,SHP000255,EMP02605,2025-06-17,2,Successful,23.056739,85.76223
ATT004788,SHP002045,EMP02133,2025-10-06,3,Successful,24.55789,87.164875
ATT004789,SHP002372,EMP00675,2025-01-29,1,Successful,22.251394,80.178268
ATT004790,SHP003660,EMP00062,2025-05-27,3,Successful,21.714448,85.766826
ATT004791,SHP000238,EMP04658,2025-08-15,3,Refused,8.433654,84.263214
ATT004792,SHP003225,EMP00969,2025-08-26,3,Rescheduled,15.607427,87.048663
ATT004793,SHP004336,EMP03535,2025-07-17,3,Customer Unavailable,11.837238,84.689022
ATT004794,SHP004748,EMP03849,2025-08-09,3,Successful,14.068943,87.538738
ATT004795,SHP001309,EMP00575,2025-04-21,1,Successful,18.679489,76.853408
ATT004796,SHP003758,EMP01814,2025-06-09,3,Successful,23.463489,79.182366
ATT004797,SHP001168,EMP03442,2025-02-14,1,Customer Unavailable,12.07887,84.558655
ATT004798,SHP001443,EMP01261,2025-03-31,1,Rescheduled,25.07375,79.542205
ATT004799,SHP003698,EMP00983,2025-08-10,2,Successful,16.957195,80.293747
ATT004800,SHP001946,EMP03994,2025-07-15,2,Customer Unavailable,13.302538,83.05469
ATT004801,SHP001974,EMP00719,2025-12-20,2,Successful,21.407766,80.678957
ATT004802,SHP003338,EMP03844,2025-02-19,3,Successful,13.657319,77.083942
ATT004803,SHP002202,EMP03083,2025-11-17,3,Address Issue,14.806719,82.484155
ATT004804,SHP003765,EMP02068,2025-05-24,2,Successful,16.579538,82.02251
ATT004805,SHP004103,EMP02849,2025-10-19,1,Successful,18.595147,79.041444
ATT004806,SHP001155,EMP01569,2025-01-16,2,Successful,20.416243,81.680179
ATT004807,SHP000583,EMP00575,2025-07-27,2,Successful,15.66244,79.510474
ATT004808,SHP000252,EMP04166,2025-02-22,2,Successful,8.281014,76.772919
ATT004809,SHP004499,EMP01053,2025-03-06,1,Customer Unavailable,15.34056,81.87563
ATT004810,SHP000636,EMP03156,2025-08-19,3,Successful,11.845436,77.953269
ATT004811,SHP003598,EMP04246,2025-06-26,3,Successful,12.535485,76.522233
ATT004812,SHP004151,EMP02133,2025-12-13,2,Customer Unavailable,10.862658,76.751228
ATT004813,SHP003032,EMP01241,2025-06-13,3,Successful,15.949025,82.133819
ATT004814,SHP003725,EMP04062,2025-06-02,1,Successful,24.10223,78.234128
ATT004815,SHP003662,EMP01088,2025-04-12,1,Successful,8.574995,77.465131
ATT004816,SHP004210,EMP00667,2025-11-18,1,Successful,17.45699,79.465864
ATT004817,SHP000149,EMP00879,2025-11-05,3,Address Issue,27.77915,85.918935
ATT004818,SHP002744,EMP00463,2025-06-09,3,Successful,15.804673,76.072471
ATT004819,SHP003363,EMP04278,2025-04-21,3,Successful,20.329878,79.463433
ATT004820,SHP003447,EMP01401,2025-08-10,1,Successful,11.033408,81.777415
ATT004821,SHP004906,EMP00990,2025-09-17,3,Successful,8.598447,81.612877
ATT004822,SHP000412,EMP04681,2025-08-03,2,Successful,10.367711,88.043685
ATT004823,SHP000334,EMP03550,2025-04-13,1,Rescheduled,12.582063,79.602994
ATT004824,SHP003195,EMP02059,2025-06-17,3,Successful,11.846263,85.795718
ATT004825,SHP001865,EMP00201,2025-09-04,1,Rescheduled,9.984917,81.927959
ATT004826,SHP001332,EMP03104,2025-10-18,2,Customer Unavailable,22.699633,87.735644
ATT004827,SHP002948,EMP01216,2025-02-03,3,Successful,21.644688,76.684979
ATT004828,SHP000241,EMP04155,2025-02-27,1,Successful,19.714312,87.15388
ATT004829,SHP001766,EMP04057,2025-12-07,1,Rescheduled,24.228294,78.942123
ATT004830,SHP004896,EMP04311,2025-09-24,2,Successful,11.149178,80.674865
ATT004831,SHP003604,EMP03864,2025-11-28,3,Successful,9.750095,87.936856
ATT004832,SHP002783,EMP00206,2025-11-09,3,Successful,21.114495,78.44406
ATT004833,SHP004670,EMP02688,2025-08-01,2,Successful,15.313411,78.624483
ATT004834,SHP003808,EMP00411,2025-08-13,1,Successful,17.527412,84.059872
ATT004835,SHP001794,EMP04279,2025-12-18,3,Refused,21.145356,76.70918
ATT004836,SHP003866,EMP02902,2025-05-08,1,Successful,18.86121,86.595061
ATT004837,SHP002203,EMP03869,2025-02-22,3,Customer Unavailable,22.41295,83.815776
ATT004838,SHP003494,EMP01378,2025-07-10,3,Successful,12.560201,86.97026
ATT004839,SHP003873,EMP00832,2025-10-26,2,Successful,22.741383,77.601884
ATT004840,SHP001044,EMP03686,2025-02-23,1,Rescheduled,28.174467,78.993329
ATT004841,SHP002619,EMP04231,2025-01-14,1,Refused,20.427796,82.252842
ATT004842,SHP002249,EMP03152,2025-10-29,1,Successful,24.605673,81.567241
ATT004843,SHP001789,EMP04207,2025-08-15,3,Successful,14.307715,77.335511
ATT004844,SHP001008,EMP04353,2025-07-20,2,Successful,20.442903,80.239527
ATT004845,SHP001042,EMP04079,2025-06-29,3,Successful,14.502222,87.412465
ATT004846,SHP000302,EMP01541,2025-04-01,2,Customer Unavailable,8.491252,83.181355
ATT004847,SHP000221,EMP04645,2025-02-12,1,Refused,15.997367,88.21305
ATT004848,SHP000105,EMP03983,2025-05-11,2,Successful,18.32596,82.843214
ATT004849,SHP002864,EMP00187,2025-01-31,2,Successful,8.516129,76.802346
ATT004850,SHP001321,EMP03601,2025-08-03,2,Successful,8.088888,79.422593
ATT004851,SHP004604,EMP01721,2025-05-31,2,Successful,13.752493,76.963345
ATT004852,SHP004039,EMP03927,2025-01-05,1,Rescheduled,11.114185,85.58993
ATT004853,SHP000002,EMP00238,2025-07-06,3,Customer Unavailable,27.781216,83.457186
ATT004854,SHP001981,EMP01345,2025-11-10,1,Successful,22.466543,88.025797
ATT004855,SHP001633,EMP00134,2025-11-06,1,Successful,11.78207,78.609741
ATT004856,SHP000186,EMP00680,2025-10-05,2,Rescheduled,16.867371,84.355108
ATT004857,SHP000656,EMP00325,2025-08-15,2,Rescheduled,15.802008,85.783707
ATT004858,SHP003182,EMP00079,2025-10-20,3,Successful,24.325028,84.6841
ATT004859,SHP000499,EMP01233,2025-03-29,1,Successful,13.827078,79.720776
ATT004860,SHP000562,EMP01331,2025-06-10,2,Customer Unavailable,25.945061,77.19675
ATT004861,SHP000331,EMP02214,2025-06-20,1,Successful,8.224273,84.303924
ATT004862,SHP004722,EMP04653,2025-05-02,3,Successful,9.070982,79.517758
ATT004863,SHP000568,EMP02910,2025-12-20,3,Address Issue,26.815369,81.525006
ATT004864,SHP002195,EMP00227,2025-08-02,2,Successful,27.114041,78.305155
ATT004865,SHP004779,EMP04028,2025-03-25,2,Successful,16.025464,77.502943
ATT004866,SHP003526,EMP04476,2025-05-09,3,Successful,8.139094,82.155692
ATT004867,SHP000361,EMP02673,2025-01-05,1,Successful,24.524145,86.998775
ATT004868,SHP003513,EMP01791,2025-11-26,3,Successful,28.012747,78.528118
ATT004869,SHP000363,EMP00697,2025-05-02,3,Customer Unavailable,9.278131,82.95454
ATT004870,SHP003563,EMP04414,2025-03-01,3,Successful,21.378118,76.884098
ATT004871,SHP004788,EMP04725,2025-04-24,3,Rescheduled,11.115573,82.219927
ATT004872,SHP001860,EMP00551,2025-07-09,3,Successful,18.889754,86.470778
ATT004873,SHP002946,EMP03986,2025-08-30,3,Successful,20.709404,87.051904
ATT004874,SHP004535,EMP03423,2025-09-13,2,Successful,26.507524,87.448117
ATT004875,SHP001108,EMP00606,2025-09-01,1,Successful,9.424093,86.952189
ATT004876,SHP000472,EMP03483,2025-07-20,2,Customer Unavailable,23.83503,86.826364
ATT004877,SHP000864,EMP04482,2025-10-23,2,Customer Unavailable,27.346283,85.947859
ATT004878,SHP000269,EMP01227,2025-10-16,2,Refused,14.587035,84.847946
ATT004879,SHP000223,EMP03292,2025-04-23,1,Successful,18.087155,85.237227
ATT004880,SHP002906,EMP04101,2025-06-07,3,Customer Unavailable,8.547023,81.864824
ATT004881,SHP003275,EMP03080,2025-08-18,3,Refused,26.71674,84.662521
ATT004882,SHP004071,EMP00533,2025-12-28,2,Successful,18.132698,81.369851
ATT004883,SHP003286,EMP01520,2025-10-07,1,Successful,15.555835,84.041434
ATT004884,SHP004951,EMP04677,2025-01-15,3,Successful,18.555234,87.024576
ATT004885,SHP002382,EMP02012,2025-10-28,3,Successful,18.578825,77.276072
ATT004886,SHP004733,EMP04310,2025-12-01,3,Successful,25.15219,81.6748
ATT004887,SHP001722,EMP00575,2025-07-21,3,Successful,22.970837,81.741036
ATT004888,SHP001001,EMP00131,2025-12-03,1,Rescheduled,25.986257,76.366333
ATT004889,SHP004121,EMP03619,2025-10-14,1,Successful,19.377721,81.880457
ATT004890,SHP001986,EMP02075,2025-01-17,3,Successful,10.706024,83.436827
ATT004891,SHP001194,EMP02209,2025-11-07,3,Customer Unavailable,13.228044,81.705586
ATT004892,SHP001559,EMP00694,2025-01-22,1,Successful,15.583779,82.802506
ATT004893,SHP002842,EMP03618,2025-05-30,1,Successful,19.566465,83.690159
ATT004894,SHP003048,EMP01901,2025-10-27,1,Successful,19.8949,84.599827
ATT004895,SHP003400,EMP02250,2025-09-16,3,Rescheduled,20.39684,83.768229
ATT004896,SHP003622,EMP02740,2025-07-05,2,Successful,16.404436,84.864979
ATT004897,SHP000764,EMP04377,2025-07-03,1,Address Issue,19.641117,83.710001
ATT004898,SHP002315,EMP02241,2025-03-02,2,Customer Unavailable,21.60912,83.367899
ATT004899,SHP003329,EMP03175,2025-04-27,1,Successful,8.847702,79.30948
ATT004900,SHP004639,EMP02782,2025-03-14,3,Address Issue,26.702487,80.420999
ATT004901,SHP003623,EMP00705,2025-07-27,3,Successful,16.875931,81.394848
ATT004902,SHP003888,EMP02593,2025-06-18,3,Successful,17.154612,78.938611
ATT004903,SHP003742,EMP01353,2025-01-19,3,Successful,13.807918,83.574478
ATT004904,SHP003906,EMP00713,2025-12-21,3,Successful,17.005236,87.324717
ATT004905,SHP003555,EMP04566,2025-05-15,2,Successful,21.109793,82.3295
ATT004906,SHP003714,EMP03222,2025-01-01,1,Successful,23.335481,80.914099
ATT004907,SHP001517,EMP03153,2025-12-21,2,Customer Unavailable,25.194752,84.927684
ATT004908,SHP002398,EMP04592,2025-04-16,2,Successful,27.941997,79.928123
ATT004909,SHP003286,EMP00129,2025-09-05,2,Successful,23.836866,86.449543
ATT004910,SHP003819,EMP01277,2025-01-07,1,Successful,19.084589,77.555402
ATT004911,SHP001382,EMP02639,2025-03-28,3,Successful,12.931573,76.857005
ATT004912,SHP002012,EMP03176,2025-06-30,2,Successful,23.234915,85.286825
ATT004913,SHP004637,EMP04838,2025-12-30,3,Refused,18.951426,80.527999
ATT004914,SHP002491,EMP00366,2025-10-05,1,Address Issue,24.673907,87.223621
ATT004915,SHP000136,EMP00096,2025-12-25,3,Refused,15.850737,87.407402
ATT004916,SHP004745,EMP03028,2025-05-18,1,Successful,23.309305,83.610006
ATT004917,SHP001693,EMP02707,2025-01-03,2,Successful,11.200258,82.273363
ATT004918,SHP004451,EMP03195,2025-01-14,2,Successful,15.520185,83.1818
ATT004919,SHP003159,EMP04089,2025-11-24,1,Rescheduled,20.903051,76.607128
ATT004920,SHP004226,EMP04126,2025-03-26,1,Successful,24.619937,87.433402
ATT004921,SHP001010,EMP01199,2025-06-29,1,Successful,19.103328,78.474717
ATT004922,SHP000817,EMP04823,2025-01-21,2,Successful,24.178264,85.613917
ATT004923,SHP004550,EMP03744,2025-10-28,1,Successful,25.850861,87.401618
ATT004924,SHP004299,EMP00402,2025-03-28,2,Customer Unavailable,23.227307,79.448147
ATT004925,SHP004166,EMP00943,2025-02-13,2,Successful,18.927569,77.583115
ATT004926,SHP002760,EMP03109,2025-05-09,1,Customer Unavailable,10.192142,80.83614
ATT004927,SHP001013,EMP04617,2025-10-01,3,Successful,11.074792,76.427447
ATT004928,SHP002778,EMP00956,2025-05-10,2,Successful,17.714511,83.111942
ATT004929,SHP004058,EMP04147,2025-04-25,2,Customer Unavailable,18.151547,77.205541
ATT004930,SHP001504,EMP01390,2025-08-23,2,Rescheduled,12.988216,87.379964
ATT004931,SHP004473,EMP04706,2025-04-09,3,Successful,15.643404,81.131381
ATT004932,SHP003328,EMP03185,2025-11-09,2,Successful,27.28169,84.66978
ATT004933,SHP000264,EMP02091,2025-02-20,2,Successful,19.103769,81.246834
ATT004934,SHP002327,EMP03360,2025-03-16,3,Successful,8.456982,86.644082
ATT004935,SHP003606,EMP02946,2025-01-03,2,Rescheduled,23.322457,84.559313
ATT004936,SHP001158,EMP02120,2025-02-25,2,Successful,12.082907,84.743867
ATT004937,SHP004719,EMP01490,2025-12-31,3,Successful,10.197902,83.209916
ATT004938,SHP002863,EMP01891,2025-05-28,2,Successful,21.196352,82.362288
ATT004939,SHP002592,EMP01899,2025-11-21,2,Successful,12.841852,77.167823
ATT004940,SHP000420,EMP01823,2025-05-23,2,Rescheduled,25.510998,79.742037
ATT004941,SHP001936,EMP01142,2025-05-02,1,Successful,14.914822,76.394193
ATT004942,SHP002162,EMP04495,2025-05-28,1,Customer Unavailable,27.089848,76.544856
ATT004943,SHP001701,EMP01801,2025-11-21,1,Address Issue,11.081302,79.578111
ATT004944,SHP004394,EMP02017,2025-10-25,2,Customer Unavailable,18.781445,87.034494
ATT004945,SHP000394,EMP03413,2025-01-01,2,Successful,24.979123,85.556084
ATT004946,SHP003402,EMP02998,2025-04-14,2,Successful,9.027864,78.064348
ATT004947,SHP003315,EMP00848,2025-01-08,3,Address Issue,23.210592,81.293178
ATT004948,SHP003453,EMP00501,2025-12-28,2,Successful,17.568035,80.321512
ATT004949,SHP001708,EMP01585,2025-10-24,1,Successful,19.252498,82.794518
ATT004950,SHP003719,EMP03031,2025-01-01,3,Successful,24.142835,86.950957
ATT004951,SHP001880,EMP04388,2025-06-28,2,Successful,11.865709,87.371083
ATT004952,SHP004940,EMP04010,2025-08-08,1,Successful,10.217296,84.755592
ATT004953,SHP000953,EMP00098,2025-03-15,1,Successful,15.407783,79.895048
ATT004954,SHP004316,EMP00893,2025-02-10,3,Successful,9.600419,82.101862
ATT004955,SHP002175,EMP04953,2025-05-28,3,Successful,26.041308,88.499637
ATT004956,SHP000687,EMP00441,2025-01-17,1,Successful,25.71351,80.072204
ATT004957,SHP004505,EMP01027,2025-02-20,3,Successful,10.92352,78.071247
ATT004958,SHP004882,EMP03238,2025-08-22,2,Successful,23.220127,80.253451
ATT004959,SHP000434,EMP04708,2025-08-11,1,Address Issue,15.333672,86.409364
ATT004960,SHP004489,EMP02676,2025-08-17,3,Successful,11.481664,79.503729
ATT004961,SHP004664,EMP04446,2025-07-22,1,Rescheduled,19.022648,84.965134
ATT004962,SHP000219,EMP04068,2025-12-12,1,Rescheduled,16.041445,83.061614
ATT004963,SHP001953,EMP01092,2025-02-11,3,Rescheduled,17.705955,84.663815
ATT004964,SHP000729,EMP00843,2025-03-24,3,Refused,14.395349,83.636036
ATT004965,SHP002403,EMP03873,2025-07-17,2,Address Issue,15.285252,84.018316
ATT004966,SHP000107,EMP02178,2025-12-19,3,Refused,15.227704,78.351179
ATT004967,SHP001195,EMP04581,2025-03-26,3,Successful,10.050753,88.391905
ATT004968,SHP002395,EMP04212,2025-06-02,3,Customer Unavailable,19.825606,81.592346
ATT004969,SHP001609,EMP00388,2025-11-19,3,Successful,9.378295,85.936345
ATT004970,SHP002025,EMP03227,2025-12-26,2,Customer Unavailable,9.491703,83.596236
ATT004971,SHP000850,EMP02714,2025-11-19,2,Successful,21.806161,76.923555
ATT004972,SHP002394,EMP02310,2025-04-05,3,Successful,23.339969,81.735332
ATT004973,SHP002175,EMP03031,2025-04-10,3,Successful,22.910234,85.87004
ATT004974,SHP003912,EMP01938,2025-06-26,3,Successful,23.27117,87.296734
ATT004975,SHP003589,EMP00746,2025-08-22,2,Rescheduled,17.552697,82.137187
ATT004976,SHP001647,EMP01486,2025-05-09,3,Successful,17.886893,82.966668
ATT004977,SHP004394,EMP00582,2025-09-21,3,Successful,26.8673,76.537875
ATT004978,SHP004831,EMP04779,2025-04-16,2,Successful,23.028707,84.176693
ATT004979,SHP001771,EMP00722,2025-12-31,1,Address Issue,11.307679,81.044169
ATT004980,SHP002703,EMP03792,2025-01-26,2,Successful,13.632801,76.334445
ATT004981,SHP004967,EMP00050,2025-07-25,2,Successful,15.329006,82.442804
ATT004982,SHP000830,EMP04717,2025-06-25,1,Rescheduled,13.787772,84.516529
ATT004983,SHP002135,EMP04799,2025-10-03,1,Customer Unavailable,22.939944,80.836949
ATT004984,SHP000764,EMP00195,2025-01-24,3,Successful,25.351035,77.095659
ATT004985,SHP000222,EMP02401,2025-01-18,3,Customer Unavailable,8.052968,85.226404
ATT004986,SHP000429,EMP02146,2025-01-11,2,Successful,16.283122,80.084586
ATT004987,SHP000706,EMP04193,2025-07-20,3,Successful,27.246688,83.1233
ATT004988,SHP004040,EMP01726,2025-07-20,3,Successful,17.736988,78.760478
ATT004989,SHP003411,EMP04290,2025-01-30,1,Successful,27.994169,88.07927
ATT004990,SHP003620,EMP04928,2025-09-05,1,Rescheduled,27.880178,79.376136
ATT004991,SHP004758,EMP01345,2025-03-16,2,Rescheduled,23.134181,78.479886
ATT004992,SHP004687,EMP03791,2025-11-02,3,Customer Unavailable,12.332598,88.338606
ATT004993,SHP003676,EMP00544,2025-01-23,1,Successful,22.987106,87.360457
ATT004994,SHP003150,EMP02848,2025-05-20,1,Successful,17.707275,77.748392
ATT004995,SHP000244,EMP03663,2025-05-06,3,Refused,27.938888,84.606943
ATT004996,SHP000303,EMP02098,2025-02-27,3,Successful,10.923905,80.526479
ATT004997,SHP004346,EMP02345,2025-10-31,1,Successful,12.278419,88.429246
ATT004998,SHP001612,EMP00770,2025-06-05,2,Successful,23.028531,83.739248
ATT004999,SHP003503,EMP01667,2025-06-08,3,Address Issue,19.668597,80.016605
ATT005000,SHP002944,EMP02423,2025-10-13,3,Successful,19.531586,85.269563
