employee_id,employee_name,branch_id,role,hire_date,employment_status,monthly_salary
EMP00001,Manoj Pillai,BR2430,Delivery Agent,2021-12-19,Active,48561
EMP00002,Ananya Iyer,BR4066,Manager,2024-05-17,Active,53518
EMP00003,Nithya Reddy,BR3959,Hub Operator,2022-01-27,Active,20780
EMP00004,Sneha Naidu,BR3918,Delivery Agent,2025-12-25,Active,32431
EMP00005,Arun Rao,BR1604,Customer Support,2025-01-26,Active,62494
EMP00006,Arun Singh,BR0287,Delivery Agent,2026-01-26,Active,48240
EMP00007,Pooja Iyer,BR4555,Customer Support,2024-01-21,Active,51940
EMP00008,Pooja Mishra,BR4868,Delivery Agent,2021-12-10,Active,48174
EMP00009,Rohit Mishra,BR3709,Supervisor,2024-01-01,Active,60406
EMP00010,Pooja Reddy,BR2360,Manager,2021-12-21,Active,35423
EMP00011,Manoj Kumar,BR2214,Customer Support,2022-06-13,Active,37884
EMP00012,Swetha Gupta,BR2310,Hub Operator,2024-01-28,Active,45606
EMP00013,Suresh Verma,BR2549,Hub Operator,2024-09-05,Active,40116
EMP00014,Priya Bose,BR2968,Manager,2023-04-15,Active,62102
EMP00015,Meena Mishra,BR2996,Hub Operator,2021-01-18,Active,34415
EMP00016,Karthik Das,BR4207,Supervisor,2025-08-18,Active,29239
EMP00017,Meena Menon,BR1097,Delivery Agent,2021-06-09,Active,47085
EMP00018,Meena Mishra,BR2213,Supervisor,2021-03-16,Active,47833
EMP00019,Dinesh Rao,BR1634,Delivery Agent,2025-09-06,Active,40286
EMP00020,Manoj Naidu,BR1662,Delivery Agent,2022-11-07,Active,53980
EMP00021,Priya Pillai,BR0988,Delivery Agent,2021-03-17,Active,20676
EMP00022,Sneha Bose,BR3122,Delivery Agent,2021-11-19,Active,60297
EMP00023,Manoj Menon,BR4875,Supervisor,2023-01-14,Active,20645
EMP00024,Kavya Verma,BR3994,Delivery Agent,2021-09-05,Active,24678
EMP00025,Dinesh Reddy,BR3004,Manager,2022-11-13,Inactive,55665
EMP00026,Priya Sinha,BR2844,Hub Operator,2021-05-19,Active,62485
EMP00027,Karthik Iyer,BR3796,Manager,2025-11-08,Active,58492
EMP00028,Divya Verma,BR2816,Customer Support,2023-03-15,Active,54709
EMP00029,Arun Pillai,BR2393,Delivery Agent,2022-09-27,Active,45851
EMP00030,Ajay Menon,BR0575,Delivery Agent,2024-09-04,Active,40350
EMP00031,Swetha Sinha,BR3261,Manager,2025-03-12,Active,27803
EMP00032,Karthik Pillai,BR4250,Hub Operator,2024-11-23,Active,27314
EMP00033,Vijay Iyer,BR1683,Delivery Agent,2022-01-21,Active,38928
EMP00034,Arun Reddy,BR1202,Delivery Agent,2021-10-12,Active,33595
EMP00035,Pooja Das,BR0147,Supervisor,2021-10-24,Active,20825
EMP00036,Ananya Joshi,BR1767,Manager,2021-02-10,Active,54128
EMP00037,Dinesh Menon,BR2792,Delivery Agent,2021-05-19,Inactive,48585
EMP00038,Manoj Kapoor,BR0271,Hub Operator,2024-11-06,Inactive,43144
EMP00039,Swetha Iyer,BR0016,Delivery Agent,2026-05-13,Active,30969
EMP00040,Kavya Kumar,BR2964,Manager,2025-10-09,Inactive,31363
EMP00041,Arun Patel,BR3584,Delivery Agent,2023-01-26,Inactive,41166
EMP00042,Karthik Gupta,BR4243,Manager,2026-09-10,Active,46734
EMP00043,Harini Pillai,BR4020,Customer Support,2023-01-03,Active,52411
EMP00044,Rahul Das,BR1032,Supervisor,2025-12-27,Active,48350
EMP00045,Rahul Joshi,BR4146,Manager,2025-01-20,Inactive,35061
EMP00046,Priya Patel,BR1725,Delivery Agent,2024-06-22,Active,53143
EMP00047,Dinesh Pillai,BR2952,Delivery Agent,2022-05-19,Active,46503
EMP00048,Vivek Kapoor,BR0013,Delivery Agent,2023-12-04,Active,30418
EMP00049,Karthik Patel,BR1226,Hub Operator,2026-05-23,Active,57704
EMP00050,Manoj Sharma,BR0659,Delivery Agent,2022-03-18,Inactive,39712
EMP00051,Pooja Gupta,BR4530,Manager,2025-11-24,Active,24162
EMP00052,Rohit Gupta,BR3479,Delivery Agent,2026-02-05,Active,42668
EMP00053,Vijay Joshi,BR1977,Delivery Agent,2024-07-24,Active,26381
EMP00054,Dinesh Joshi,BR3946,Delivery Agent,2025-11-20,Active,63747
EMP00055,Priya Sharma,BR2206,Hub Operator,2024-07-13,Active,36684
EMP00056,Divya Iyer,BR2973,Delivery Agent,2021-12-14,Active,39970
EMP00057,Suresh Sharma,BR2621,Customer Support,2023-03-24,Inactive,41268
EMP00058,Sneha Verma,BR3619,Delivery Agent,2022-06-17,Active,36058
EMP00059,Sneha Bose,BR1392,Manager,2025-05-23,Active,18776
EMP00060,Dinesh Sinha,BR4473,Delivery Agent,2026-05-26,Active,54980
EMP00061,Rohit Mehta,BR3178,Delivery Agent,2025-07-28,Active,27828
EMP00062,Harini Mehta,BR4928,Hub Operator,2021-09-11,Active,55011
EMP00063,Rahul Pillai,BR2419,Delivery Agent,2024-06-11,Active,33940
EMP00064,Meena Naidu,BR2158,Supervisor,2026-01-06,Active,22276
EMP00065,Vijay Joshi,BR2342,Hub Operator,2021-03-05,Active,49948
EMP00066,Ananya Mishra,BR4058,Hub Operator,2021-08-04,Active,55699
EMP00067,Harini Nair,BR2379,Supervisor,2021-03-31,Active,50905
EMP00068,Sneha Gupta,BR2472,Customer Support,2022-06-30,Active,49980
EMP00069,Suresh Sinha,BR2272,Delivery Agent,2024-06-22,Active,60091
EMP00070,Karthik Naidu,BR2221,Customer Support,2025-12-21,Active,34875
EMP00071,Rahul Rao,BR3201,Customer Support,2025-08-29,Active,40849
EMP00072,Nithya Mehta,BR0246,Delivery Agent,2026-03-04,Active,30669
EMP00073,Rahul Reddy,BR2344,Customer Support,2024-04-19,Active,38734
EMP00074,Suresh Joshi,BR0609,Manager,2022-03-16,Active,27654
EMP00075,Nithya Patel,BR0352,Delivery Agent,2022-04-26,Active,29757
EMP00076,Rohit Reddy,BR3720,Delivery Agent,2022-10-17,Active,28889
EMP00077,Suresh Das,BR0293,Supervisor,2025-09-21,Active,26257
EMP00078,Harini Das,BR3527,Delivery Agent,2024-10-13,Active,54559
EMP00079,Vivek Pillai,BR3184,Supervisor,2023-01-19,Active,31254
EMP00080,Divya Joshi,BR4812,Hub Operator,2022-11-08,Active,19390
EMP00081,Vivek Bose,BR4173,Manager,2024-06-04,Active,64487
EMP00082,Priya Patel,BR1611,Manager,2025-04-17,Active,27672
EMP00083,Pooja Menon,BR4176,Delivery Agent,2024-02-09,Active,22525
EMP00084,Harini Kumar,BR3628,Manager,2024-06-27,Active,21292
EMP00085,Vijay Patel,BR0436,Delivery Agent,2024-03-13,Active,31441
EMP00086,Karthik Sinha,BR3765,Hub Operator,2021-12-12,Active,64984
EMP00087,Nithya Mishra,BR3858,Customer Support,2021-04-18,Inactive,57750
EMP00088,Nithya Kumar,BR4008,Hub Operator,2024-09-21,Active,23020
EMP00089,Swetha Patel,BR3261,Customer Support,2022-06-07,Active,60335
EMP00090,Ajay Kapoor,BR1817,Delivery Agent,2024-09-01,Active,31139
EMP00091,Vivek Kapoor,BR4131,Delivery Agent,2022-06-03,Active,23881
EMP00092,Swetha Patel,BR4679,Supervisor,2023-01-02,Active,28902
EMP00093,Dinesh Pillai,BR0212,Delivery Agent,2025-07-24,Active,30760
EMP00094,Swetha Kumar,BR4379,Delivery Agent,2026-03-06,Inactive,57502
EMP00095,Swetha Iyer,BR2781,Delivery Agent,2021-01-31,Active,41072
EMP00096,Kavya Naidu,BR2186,Supervisor,2024-06-10,Active,62003
EMP00097,Harini Naidu,BR4683,Delivery Agent,2021-03-06,Active,57055
EMP00098,Arun Patel,BR0485,Hub Operator,2021-03-02,Inactive,57304
EMP00099,Arun Mehta,BR2806,Delivery Agent,2022-11-28,Active,38425
EMP00100,Rohit Iyer,BR3979,Customer Support,2021-04-04,Active,18182
EMP00101,Vijay Gupta,BR2534,Supervisor,2025-12-30,Active,42479
EMP00102,Manoj Bose,BR0835,Hub Operator,2024-04-21,Active,21758
EMP00103,Vijay Verma,BR2048,Customer Support,2023-10-01,Active,57025
EMP00104,Nithya Menon,BR2470,Customer Support,2025-11-09,Active,49885
EMP00105,Ajay Pillai,BR1162,Hub Operator,2021-10-26,Active,62663
EMP00106,Sneha Iyer,BR4102,Delivery Agent,2026-06-11,Active,37469
EMP00107,Pooja Reddy,BR3167,Customer Support,2022-09-10,Active,34946
EMP00108,Suresh Rao,BR2978,Supervisor,2022-05-12,Active,64551
EMP00109,Vijay Gupta,BR2609,Supervisor,2021-08-11,Active,60571
EMP00110,Sneha Mehta,BR1824,Delivery Agent,2024-07-08,Inactive,61055
EMP00111,Rohit Das,BR4381,Delivery Agent,2026-06-28,Active,36933
EMP00112,Karthik Iyer,BR0378,Delivery Agent,2023-04-30,Active,34057
EMP00113,Manoj Rao,BR0742,Manager,2024-03-01,Active,38648
EMP00114,Dinesh Verma,BR0785,Customer Support,2025-08-11,Active,43844
EMP00115,Divya Bose,BR0561,Hub Operator,2025-05-09,Active,37144
EMP00116,Nithya Mishra,BR2183,Manager,2021-01-28,Active,27400
EMP00117,Dinesh Patel,BR2829,Delivery Agent,2021-03-18,Active,58601
EMP00118,Karthik Reddy,BR2436,Delivery Agent,2021-06-12,Active,23262
EMP00119,Vijay Bose,BR1343,Customer Support,2023-07-03,Active,18254
EMP00120,Suresh Kumar,BR1221,Hub Operator,2022-02-21,Inactive,47419
EMP00121,Meena Mehta,BR0124,Hub Operator,2021-05-17,Active,52423
EMP00122,Karthik Patel,BR1868,Supervisor,2022-06-22,Active,38361
EMP00123,Vijay Verma,BR4174,Customer Support,2021-09-08,Active,24288
EMP00124,Meena Patel,BR2949,Customer Support,2024-01-22,Active,34255
EMP00125,Pooja Reddy,BR3346,Customer Support,2025-06-23,Active,36185
EMP00126,Pooja Das,BR1864,Supervisor,2023-02-17,Active,25598
EMP00127,Harini Kapoor,BR3545,Delivery Agent,2024-03-23,Active,25790
EMP00128,Rohit Joshi,BR0371,Customer Support,2022-02-22,Active,49753
EMP00129,Priya Rao,BR4250,Customer Support,2025-03-24,Active,19980
EMP00130,Ajay Mishra,BR1611,Customer Support,2025-09-18,Active,30322
EMP00131,Ajay Naidu,BR4513,Delivery Agent,2023-12-25,Inactive,46008
EMP00132,Pooja Sinha,BR1046,Delivery Agent,2021-09-13,Active,29913
EMP00133,Pooja Sharma,BR4352,Supervisor,2021-05-23,Active,51990
EMP00134,Arun Menon,BR1605,Delivery Agent,2021-07-15,Active,22449
EMP00135,Nithya Mehta,BR0854,Manager,2024-08-18,Active,37904
EMP00136,Swetha Nair,BR0035,Delivery Agent,2021-12-27,Active,48020
EMP00137,Manoj Singh,BR1247,Delivery Agent,2024-06-26,Active,47971
EMP00138,Kavya Das,BR1150,Delivery Agent,2021-09-05,Active,56723
EMP00139,Priya Naidu,BR2177,Delivery Agent,2024-04-24,Active,57981
EMP00140,Nithya Mehta,BR4906,Manager,2025-12-22,Active,33457
EMP00141,Manoj Das,BR3642,Delivery Agent,2026-03-10,Active,62544
EMP00142,Sneha Menon,BR3928,Hub Operator,2026-02-21,Active,21100
EMP00143,Karthik Sharma,BR1253,Hub Operator,2026-07-23,Active,19052
EMP00144,Vivek Iyer,BR2270,Supervisor,2024-03-09,Active,52831
EMP00145,Rahul Rao,BR4960,Delivery Agent,2025-09-08,Active,25651
EMP00146,Vijay Kapoor,BR3520,Supervisor,2025-07-04,Active,37879
EMP00147,Sneha Singh,BR4685,Hub Operator,2023-06-14,Active,52808
EMP00148,Ananya Mehta,BR4451,Delivery Agent,2023-10-10,Active,53216
EMP00149,Vivek Nair,BR2984,Hub Operator,2024-02-15,Inactive,62762
EMP00150,Dinesh Gupta,BR1442,Delivery Agent,2023-04-08,Active,55863
EMP00151,Rahul Pillai,BR4536,Delivery Agent,2026-07-09,Active,40675
EMP00152,Dinesh Mehta,BR0523,Delivery Agent,2021-06-03,Active,23805
EMP00153,Sneha Iyer,BR3033,Supervisor,2021-08-08,Active,30311
EMP00154,Ajay Mehta,BR1320,Hub Operator,2021-01-01,Active,55289
EMP00155,Priya Sinha,BR4749,Delivery Agent,2024-03-07,Active,23328
EMP00156,Meena Das,BR0664,Hub Operator,2024-05-23,Active,62006
EMP00157,Divya Sinha,BR3172,Customer Support,2024-12-13,Active,62593
EMP00158,Kavya Iyer,BR1160,Customer Support,2024-11-05,Active,55150
EMP00159,Ananya Joshi,BR3319,Customer Support,2023-07-30,Active,33268
EMP00160,Ananya Kumar,BR0903,Delivery Agent,2022-10-10,Active,24156
EMP00161,Suresh Rao,BR4414,Delivery Agent,2025-03-18,Active,51116
EMP00162,Manoj Kapoor,BR1009,Delivery Agent,2024-11-28,Active,51760
EMP00163,Suresh Menon,BR1223,Delivery Agent,2023-05-25,Active,38436
EMP00164,Manoj Patel,BR0127,Delivery Agent,2023-11-19,Active,62714
EMP00165,Dinesh Patel,BR1053,Delivery Agent,2026-01-29,Active,31957
EMP00166,Sneha Kapoor,BR0859,Manager,2026-04-06,Active,61277
EMP00167,Sneha Nair,BR4584,Delivery Agent,2023-09-29,Active,61423
EMP00168,Arun Das,BR3410,Customer Support,2021-09-07,Active,56334
EMP00169,Pooja Kapoor,BR3586,Hub Operator,2021-10-23,Active,52568
EMP00170,Vivek Naidu,BR1979,Delivery Agent,2025-07-01,Active,48509
EMP00171,Meena Verma,BR2997,Manager,2024-06-06,Active,48921
EMP00172,Vijay Patel,BR4804,Supervisor,2023-04-10,Active,25506
EMP00173,Ajay Naidu,BR0317,Delivery Agent,2021-10-16,Active,57234
EMP00174,Rahul Kapoor,BR2734,Delivery Agent,2023-03-09,Active,59472
EMP00175,Rahul Bose,BR3400,Delivery Agent,2021-07-15,Active,51900
EMP00176,Kavya Sinha,BR4708,Delivery Agent,2025-04-24,Active,46666
EMP00177,Manoj Mehta,BR4667,Delivery Agent,2022-10-13,Active,33987
EMP00178,Manoj Nair,BR0304,Delivery Agent,2022-09-12,Active,30643
EMP00179,Nithya Gupta,BR1929,Hub Operator,2026-07-04,Active,45986
EMP00180,Pooja Singh,BR2450,Delivery Agent,2025-01-29,Active,37022
EMP00181,Dinesh Das,BR1878,Hub Operator,2025-01-25,Active,57159
EMP00182,Vijay Patel,BR0749,Delivery Agent,2022-07-15,Active,42580
EMP00183,Rahul Mehta,BR3275,Customer Support,2022-02-22,Active,47581
EMP00184,Sneha Menon,BR3227,Manager,2021-08-03,Active,33172
EMP00185,Rohit Reddy,BR0416,Manager,2025-02-15,Active,54452
EMP00186,Priya Patel,BR0222,Delivery Agent,2021-07-16,Active,48982
EMP00187,Suresh Pillai,BR3414,Delivery Agent,2026-06-08,Active,40145
EMP00188,Nithya Joshi,BR3931,Manager,2021-08-06,Inactive,29305
EMP00189,Manoj Gupta,BR2763,Delivery Agent,2026-01-08,Active,20068
EMP00190,Sneha Sharma,BR4827,Hub Operator,2021-12-10,Active,54726
EMP00191,Arun Singh,BR1008,Supervisor,2025-04-30,Active,43558
EMP00192,Rohit Gupta,BR4529,Delivery Agent,2022-06-14,Active,49360
EMP00193,Sneha Bose,BR0657,Delivery Agent,2021-12-17,Active,50252
EMP00194,Meena Patel,BR3367,Delivery Agent,2021-05-21,Inactive,46956
EMP00195,Meena Verma,BR4809,Hub Operator,2024-03-08,Active,40322
EMP00196,Arun Menon,BR4537,Delivery Agent,2021-09-16,Active,35570
EMP00197,Meena Singh,BR1551,Hub Operator,2023-07-01,Active,48498
EMP00198,Rohit Rao,BR0892,Delivery Agent,2026-01-23,Active,35041
EMP00199,Kavya Gupta,BR3999,Supervisor,2021-08-18,Active,64432
EMP00200,Sneha Nair,BR3334,Hub Operator,2025-03-29,Active,60629
EMP00201,Rohit Gupta,BR3905,Delivery Agent,2025-05-04,Active,61577
EMP00202,Manoj Gupta,BR1366,Hub Operator,2021-12-26,Inactive,49939
EMP00203,Swetha Rao,BR1054,Hub Operator,2022-11-13,Active,63168
EMP00204,Manoj Bose,BR4182,Delivery Agent,2022-09-24,Active,49256
EMP00205,Nithya Kumar,BR0709,Delivery Agent,2021-11-15,Active,48662
EMP00206,Priya Gupta,BR2468,Manager,2022-03-31,Active,46453
EMP00207,Karthik Menon,BR0302,Delivery Agent,2023-08-03,Active,30499
EMP00208,Kavya Gupta,BR3457,Customer Support,2023-02-26,Active,64972
EMP00209,Priya Mishra,BR3317,Customer Support,2023-10-18,Active,30182
EMP00210,Rohit Verma,BR1420,Hub Operator,2025-01-13,Active,56714
EMP00211,Meena Sharma,BR2042,Manager,2022-02-10,Active,64312
EMP00212,Kavya Patel,BR3922,Supervisor,2022-07-09,Active,59424
EMP00213,Ajay Naidu,BR4845,Delivery Agent,2024-03-22,Active,54764
EMP00214,Ajay Bose,BR1396,Hub Operator,2026-09-06,Active,63103
EMP00215,Arun Das,BR4279,Delivery Agent,2024-06-25,Active,43826
EMP00216,Ajay Nair,BR0689,Delivery Agent,2024-04-09,Active,28165
EMP00217,Priya Joshi,BR3255,Delivery Agent,2024-04-20,Active,50281
EMP00218,Kavya Mehta,BR1860,Supervisor,2026-06-06,Active,55752
EMP00219,Rohit Menon,BR0809,Delivery Agent,2025-12-10,Active,32154
EMP00220,Rahul Gupta,BR3255,Manager,2023-05-13,Active,57886
EMP00221,Kavya Nair,BR3018,Delivery Agent,2022-09-20,Active,50337
EMP00222,Meena Menon,BR0458,Hub Operator,2024-01-23,Active,53802
EMP00223,Harini Menon,BR0719,Hub Operator,2023-12-18,Active,55189
EMP00224,Ananya Menon,BR2731,Hub Operator,2023-11-22,Active,61145
EMP00225,Meena Singh,BR1517,Delivery Agent,2025-05-04,Active,64994
EMP00226,Karthik Sinha,BR2513,Delivery Agent,2026-03-08,Active,41627
EMP00227,Rahul Pillai,BR1106,Hub Operator,2025-08-05,Active,30986
EMP00228,Vijay Rao,BR0313,Supervisor,2023-12-06,Active,28063
EMP00229,Harini Verma,BR1840,Customer Support,2026-03-08,Active,27548
EMP00230,Pooja Gupta,BR4914,Hub Operator,2025-04-05,Active,50892
EMP00231,Manoj Patel,BR3013,Manager,2025-08-16,Active,45557
EMP00232,Vivek Singh,BR3976,Supervisor,2025-09-21,Active,31780
EMP00233,Rohit Das,BR2744,Supervisor,2021-01-27,Active,36744
EMP00234,Swetha Singh,BR0622,Delivery Agent,2026-05-03,Active,55680
EMP00235,Vijay Rao,BR3035,Delivery Agent,2023-04-17,Active,25803
EMP00236,Pooja Singh,BR4212,Customer Support,2025-11-14,Active,58581
EMP00237,Pooja Iyer,BR1645,Delivery Agent,2025-11-10,Active,61574
EMP00238,Karthik Gupta,BR3351,Delivery Agent,2021-05-11,Active,46673
EMP00239,Karthik Reddy,BR3625,Hub Operator,2026-07-28,Active,21845
EMP00240,Dinesh Mehta,BR0087,Hub Operator,2026-06-12,Active,60192
EMP00241,Sneha Naidu,BR3165,Delivery Agent,2024-04-20,Active,47949
EMP00242,Manoj Verma,BR1249,Supervisor,2024-03-05,Active,25410
EMP00243,Kavya Joshi,BR3387,Customer Support,2025-05-10,Active,35437
EMP00244,Sneha Naidu,BR2303,Customer Support,2023-01-07,Active,33217
EMP00245,Arun Joshi,BR3062,Supervisor,2022-11-02,Active,23430
EMP00246,Vijay Kumar,BR3346,Delivery Agent,2022-05-02,Active,50778
EMP00247,Rahul Patel,BR2375,Hub Operator,2024-03-02,Active,28658
EMP00248,Vivek Pillai,BR3964,Delivery Agent,2023-11-24,Active,54722
EMP00249,Ananya Das,BR0136,Delivery Agent,2023-01-21,Active,34236
EMP00250,Rahul Das,BR0362,Customer Support,2026-08-11,Inactive,35031
EMP00251,Kavya Sinha,BR3345,Supervisor,2023-04-10,Active,57897
EMP00252,Ajay Das,BR1843,Delivery Agent,2026-07-15,Active,33486
EMP00253,Manoj Rao,BR3489,Supervisor,2023-04-26,Active,56548
EMP00254,Karthik Pillai,BR4674,Delivery Agent,2025-03-24,Active,31455
EMP00255,Pooja Kapoor,BR3044,Customer Support,2022-03-10,Active,24829
EMP00256,Divya Bose,BR3104,Customer Support,2024-05-21,Active,27123
EMP00257,Dinesh Bose,BR0136,Customer Support,2024-02-08,Active,26329
EMP00258,Nithya Bose,BR1087,Hub Operator,2024-03-21,Active,33809
EMP00259,Arun Sinha,BR0209,Delivery Agent,2021-12-07,Active,62512
EMP00260,Swetha Kumar,BR2088,Delivery Agent,2022-04-25,Active,18858
EMP00261,Manoj Kapoor,BR0514,Delivery Agent,2024-04-28,Active,42188
EMP00262,Karthik Reddy,BR1792,Manager,2022-10-08,Active,58648
EMP00263,Ajay Nair,BR1841,Delivery Agent,2023-12-11,Active,23897
EMP00264,Divya Verma,BR3047,Delivery Agent,2024-12-12,Active,43290
EMP00265,Pooja Patel,BR4849,Manager,2023-07-31,Active,25105
EMP00266,Karthik Reddy,BR2591,Delivery Agent,2021-09-10,Active,59962
EMP00267,Ajay Mishra,BR2628,Supervisor,2025-10-12,Active,21685
EMP00268,Ajay Das,BR2394,Supervisor,2022-10-27,Active,60783
EMP00269,Dinesh Mishra,BR1417,Customer Support,2025-05-21,Active,37908
EMP00270,Vijay Sinha,BR1034,Manager,2021-12-07,Active,39805
EMP00271,Ananya Kumar,BR4147,Delivery Agent,2026-05-07,Active,30516
EMP00272,Arun Rao,BR1196,Delivery Agent,2026-06-05,Active,59199
EMP00273,Dinesh Kumar,BR3098,Delivery Agent,2023-11-17,Active,52349
EMP00274,Vivek Joshi,BR1359,Delivery Agent,2024-02-18,Active,23249
EMP00275,Karthik Mishra,BR0748,Hub Operator,2026-07-20,Active,28598
EMP00276,Priya Joshi,BR4716,Manager,2021-06-06,Active,48058
EMP00277,Divya Verma,BR2078,Hub Operator,2025-12-20,Active,39851
EMP00278,Ajay Patel,BR4807,Delivery Agent,2024-08-30,Active,30020
EMP00279,Dinesh Verma,BR4325,Manager,2026-09-23,Active,44612
EMP00280,Priya Kapoor,BR2640,Customer Support,2025-02-09,Active,41036
EMP00281,Swetha Bose,BR3195,Manager,2026-06-18,Active,23687
EMP00282,Rohit Mehta,BR4331,Manager,2021-02-14,Active,37504
EMP00283,Swetha Naidu,BR3515,Manager,2024-05-04,Active,19532
EMP00284,Karthik Singh,BR0870,Customer Support,2022-08-23,Active,28052
EMP00285,Divya Kumar,BR4054,Hub Operator,2024-02-28,Active,61114
EMP00286,Meena Singh,BR0838,Delivery Agent,2026-07-27,Active,21851
EMP00287,Manoj Nair,BR0660,Manager,2024-09-29,Active,29262
EMP00288,Arun Bose,BR3269,Hub Operator,2023-08-17,Inactive,22787
EMP00289,Meena Gupta,BR3275,Manager,2023-07-27,Active,21830
EMP00290,Sneha Kumar,BR1154,Manager,2025-05-15,Active,35713
EMP00291,Rohit Gupta,BR2696,Delivery Agent,2026-07-18,Active,55143
EMP00292,Sneha Naidu,BR1672,Supervisor,2025-01-12,Active,42483
EMP00293,Ajay Mehta,BR0197,Hub Operator,2026-04-01,Active,61385
EMP00294,Nithya Kapoor,BR0064,Customer Support,2026-01-23,Active,27140
EMP00295,Ananya Nair,BR2084,Hub Operator,2026-04-28,Active,57696
EMP00296,Vivek Menon,BR2639,Manager,2022-05-14,Active,32707
EMP00297,Vijay Joshi,BR2737,Delivery Agent,2021-04-30,Active,24709
EMP00298,Vivek Patel,BR2129,Delivery Agent,2022-11-05,Active,30603
EMP00299,Dinesh Patel,BR3789,Supervisor,2025-09-10,Active,34438
EMP00300,Dinesh Verma,BR0619,Supervisor,2022-08-27,Active,34747
EMP00301,Nithya Das,BR4848,Delivery Agent,2025-05-17,Active,29244
EMP00302,Swetha Singh,BR2799,Hub Operator,2025-03-13,Active,35338
EMP00303,Suresh Mehta,BR4475,Customer Support,2021-10-29,Active,35285
EMP00304,Dinesh Singh,BR1646,Hub Operator,2025-12-25,Active,54255
EMP00305,Sneha Sharma,BR0589,Manager,2023-05-08,Active,51402
EMP00306,Karthik Naidu,BR1533,Manager,2021-07-10,Active,59615
EMP00307,Nithya Bose,BR1673,Supervisor,2026-03-30,Active,35772
EMP00308,Divya Sinha,BR4911,Hub Operator,2022-02-03,Active,26571
EMP00309,Rohit Singh,BR1258,Hub Operator,2023-05-30,Active,25759
EMP00310,Nithya Kapoor,BR0107,Hub Operator,2021-03-27,Active,63102
EMP00311,Swetha Kapoor,BR4550,Hub Operator,2025-05-18,Active,64444
EMP00312,Vijay Kumar,BR1659,Delivery Agent,2025-06-26,Active,55129
EMP00313,Sneha Kapoor,BR1619,Supervisor,2023-12-22,Active,54092
EMP00314,Ananya Naidu,BR3247,Manager,2026-03-26,Active,39180
EMP00315,Manoj Reddy,BR4428,Hub Operator,2023-05-17,Active,60321
EMP00316,Vijay Reddy,BR1575,Delivery Agent,2022-11-25,Active,58674
EMP00317,Arun Sinha,BR2438,Delivery Agent,2024-12-30,Active,54547
EMP00318,Vivek Bose,BR1444,Delivery Agent,2024-12-01,Active,64841
EMP00319,Rohit Iyer,BR0446,Manager,2022-02-01,Active,20874
EMP00320,Suresh Iyer,BR2852,Delivery Agent,2025-03-12,Active,30815
EMP00321,Sneha Sharma,BR1183,Delivery Agent,2022-03-04,Active,21235
EMP00322,Meena Singh,BR4776,Hub Operator,2023-01-09,Active,63074
EMP00323,Nithya Patel,BR3132,Delivery Agent,2023-02-20,Active,57650
EMP00324,Ajay Pillai,BR3933,Customer Support,2023-01-08,Active,59766
EMP00325,Pooja Iyer,BR0480,Supervisor,2021-01-19,Active,27204
EMP00326,Meena Patel,BR2795,Delivery Agent,2022-12-25,Active,35444
EMP00327,Pooja Das,BR2597,Manager,2022-12-08,Inactive,49928
EMP00328,Pooja Iyer,BR1275,Customer Support,2025-06-07,Inactive,31588
EMP00329,Suresh Naidu,BR4754,Delivery Agent,2023-08-01,Active,56656
EMP00330,Pooja Mishra,BR0986,Customer Support,2025-04-16,Active,23359
EMP00331,Suresh Mishra,BR0402,Delivery Agent,2024-11-27,Active,62517
EMP00332,Pooja Sinha,BR1954,Delivery Agent,2026-09-21,Active,23553
EMP00333,Rahul Patel,BR0310,Delivery Agent,2021-09-24,Active,29444
EMP00334,Arun Verma,BR1402,Hub Operator,2022-01-05,Active,20654
EMP00335,Karthik Gupta,BR1311,Supervisor,2022-12-14,Active,43685
EMP00336,Ajay Mishra,BR3412,Customer Support,2024-09-28,Active,30406
EMP00337,Kavya Reddy,BR2908,Delivery Agent,2023-07-27,Active,41608
EMP00338,Sneha Nair,BR3652,Delivery Agent,2022-12-22,Active,59605
EMP00339,Sneha Rao,BR3016,Customer Support,2022-11-19,Active,50303
EMP00340,Manoj Mehta,BR4992,Customer Support,2025-07-02,Active,47782
EMP00341,Vivek Kumar,BR1234,Delivery Agent,2026-04-19,Active,32429
EMP00342,Nithya Sharma,BR0062,Customer Support,2024-08-03,Active,23524
EMP00343,Harini Nair,BR3151,Supervisor,2021-02-16,Active,21470
EMP00344,Ajay Nair,BR4359,Supervisor,2021-02-17,Active,43520
EMP00345,Swetha Reddy,BR0880,Hub Operator,2022-01-22,Active,40265
EMP00346,Dinesh Rao,BR1183,Supervisor,2024-08-17,Active,19641
EMP00347,Meena Singh,BR4351,Delivery Agent,2024-04-16,Active,50118
EMP00348,Kavya Joshi,BR0864,Customer Support,2026-09-15,Active,41729
EMP00349,Swetha Joshi,BR4136,Supervisor,2022-02-14,Active,60414
EMP00350,Harini Sinha,BR2387,Supervisor,2022-07-18,Active,22648
EMP00351,Vijay Bose,BR3048,Delivery Agent,2024-07-27,Active,43683
EMP00352,Meena Mishra,BR0193,Hub Operator,2024-08-24,Active,18277
EMP00353,Vivek Gupta,BR0025,Customer Support,2021-01-28,Active,45130
EMP00354,Divya Mehta,BR3367,Delivery Agent,2026-09-24,Active,61382
EMP00355,Rahul Kumar,BR4872,Delivery Agent,2025-04-24,Active,32683
EMP00356,Karthik Sharma,BR0653,Delivery Agent,2022-10-13,Active,40776
EMP00357,Meena Sinha,BR1218,Delivery Agent,2025-10-06,Active,18602
EMP00358,Karthik Iyer,BR2925,Delivery Agent,2024-06-26,Active,24604
EMP00359,Ananya Mishra,BR0924,Delivery Agent,2025-09-10,Active,25925
EMP00360,Rahul Joshi,BR1314,Supervisor,2023-03-14,Active,18957
EMP00361,Rahul Das,BR1975,Delivery Agent,2022-09-20,Active,47389
EMP00362,Swetha Naidu,BR3911,Delivery Agent,2023-03-02,Active,63705
EMP00363,Ananya Menon,BR2654,Customer Support,2021-05-09,Active,59929
EMP00364,Rahul Verma,BR2377,Hub Operator,2026-04-24,Active,52170
EMP00365,Sneha Naidu,BR1299,Manager,2021-04-08,Active,28386
EMP00366,Ananya Patel,BR1559,Supervisor,2024-02-12,Active,24464
EMP00367,Swetha Das,BR4621,Delivery Agent,2022-12-10,Active,53463
EMP00368,Priya Nair,BR1501,Customer Support,2024-11-07,Active,52640
EMP00369,Suresh Reddy,BR3999,Delivery Agent,2025-05-01,Active,52843
EMP00370,Dinesh Patel,BR3400,Customer Support,2024-10-31,Active,45179
EMP00371,Ajay Kapoor,BR4462,Delivery Agent,2025-04-26,Inactive,29882
EMP00372,Priya Iyer,BR4571,Delivery Agent,2025-10-18,Active,54320
EMP00373,Vivek Menon,BR3448,Delivery Agent,2025-03-17,Active,26190
EMP00374,Sneha Mishra,BR1934,Hub Operator,2023-09-18,Active,22503
EMP00375,Arun Rao,BR3478,Hub Operator,2024-02-19,Active,33552
EMP00376,Meena Gupta,BR4542,Delivery Agent,2021-03-29,Active,64443
EMP00377,Dinesh Rao,BR1460,Manager,2025-04-11,Active,49212
EMP00378,Kavya Kapoor,BR3920,Hub Operator,2023-04-02,Active,37071
EMP00379,Sneha Bose,BR4890,Hub Operator,2024-10-28,Active,28241
EMP00380,Ajay Reddy,BR3512,Hub Operator,2021-05-30,Active,30750
EMP00381,Ajay Pillai,BR4492,Supervisor,2025-10-27,Active,25977
EMP00382,Swetha Bose,BR4048,Delivery Agent,2026-04-19,Active,46675
EMP00383,Rohit Sinha,BR1841,Manager,2022-04-15,Active,32502
EMP00384,Meena Verma,BR4072,Supervisor,2021-12-11,Active,22814
EMP00385,Vijay Sharma,BR1676,Delivery Agent,2025-06-23,Active,59420
EMP00386,Rohit Sinha,BR4708,Supervisor,2025-07-04,Active,60361
EMP00387,Arun Mishra,BR1628,Delivery Agent,2022-09-05,Active,35771
EMP00388,Rahul Gupta,BR3708,Delivery Agent,2024-10-24,Active,22513
EMP00389,Swetha Sharma,BR0435,Delivery Agent,2024-12-31,Inactive,64746
EMP00390,Manoj Patel,BR1260,Delivery Agent,2024-07-13,Active,41025
EMP00391,Karthik Patel,BR3588,Customer Support,2025-10-10,Active,52220
EMP00392,Vivek Singh,BR3943,Hub Operator,2022-02-06,Active,60098
EMP00393,Vivek Patel,BR0979,Hub Operator,2021-04-19,Active,19630
EMP00394,Suresh Patel,BR4889,Customer Support,2026-04-21,Active,24348
EMP00395,Harini Sinha,BR2712,Hub Operator,2026-08-09,Active,18210
EMP00396,Nithya Rao,BR1208,Manager,2021-03-09,Active,31163
EMP00397,Vivek Das,BR4371,Customer Support,2026-05-27,Active,38848
EMP00398,Divya Das,BR1619,Hub Operator,2023-02-06,Active,44382
EMP00399,Nithya Reddy,BR0608,Hub Operator,2023-11-03,Active,49421
EMP00400,Ajay Nair,BR3277,Hub Operator,2021-06-27,Active,30424
EMP00401,Vivek Menon,BR2094,Manager,2023-08-24,Active,31684
EMP00402,Kavya Iyer,BR1682,Delivery Agent,2022-08-04,Active,58002
EMP00403,Rahul Iyer,BR1213,Delivery Agent,2023-02-20,Active,25171
EMP00404,Kavya Patel,BR4679,Delivery Agent,2021-05-15,Active,49772
EMP00405,Arun Mehta,BR3117,Manager,2026-03-04,Active,48750
EMP00406,Meena Reddy,BR0430,Manager,2024-08-27,Active,45067
EMP00407,Harini Joshi,BR3089,Delivery Agent,2025-04-08,Active,20069
EMP00408,Vivek Sharma,BR2377,Delivery Agent,2026-03-08,Active,61111
EMP00409,Priya Mehta,BR3874,Supervisor,2025-05-30,Active,38305
EMP00410,Dinesh Kumar,BR0651,Delivery Agent,2023-09-14,Active,58385
EMP00411,Vijay Kapoor,BR2730,Hub Operator,2025-01-13,Active,59131
EMP00412,Pooja Iyer,BR4702,Delivery Agent,2021-09-29,Active,61643
EMP00413,Meena Menon,BR0059,Hub Operator,2023-10-08,Active,49650
EMP00414,Arun Rao,BR3071,Supervisor,2023-09-10,Active,38875
EMP00415,Swetha Nair,BR2700,Delivery Agent,2024-06-29,Active,21432
EMP00416,Dinesh Bose,BR0524,Supervisor,2025-07-26,Active,39337
EMP00417,Sneha Menon,BR0540,Delivery Agent,2023-03-21,Active,64296
EMP00418,Vijay Joshi,BR2781,Customer Support,2025-02-28,Active,28399
EMP00419,Kavya Mehta,BR3758,Delivery Agent,2021-08-08,Active,58456
EMP00420,Priya Iyer,BR2925,Hub Operator,2022-12-03,Active,31503
EMP00421,Meena Kumar,BR3880,Supervisor,2025-04-25,Active,45578
EMP00422,Kavya Mishra,BR0867,Supervisor,2023-03-24,Active,46361
EMP00423,Divya Mehta,BR2845,Delivery Agent,2023-09-21,Active,49679
EMP00424,Suresh Kapoor,BR2424,Manager,2023-01-08,Active,35762
EMP00425,Priya Iyer,BR4038,Hub Operator,2024-12-28,Active,30463
EMP00426,Swetha Rao,BR2862,Delivery Agent,2023-08-21,Active,59780
EMP00427,Rohit Menon,BR3292,Supervisor,2024-11-14,Active,44037
EMP00428,Ananya Mehta,BR2845,Customer Support,2024-09-06,Active,42936
EMP00429,Kavya Patel,BR3124,Hub Operator,2022-06-08,Active,27896
EMP00430,Ananya Nair,BR3624,Supervisor,2021-06-13,Active,31122
EMP00431,Suresh Singh,BR2566,Delivery Agent,2025-08-29,Active,50508
EMP00432,Harini Reddy,BR3237,Hub Operator,2022-03-08,Active,62982
EMP00433,Arun Kumar,BR4481,Manager,2025-11-30,Active,31764
EMP00434,Sneha Kumar,BR3248,Customer Support,2023-01-20,Inactive,53336
EMP00435,Vivek Kumar,BR4863,Hub Operator,2024-09-13,Active,24521
EMP00436,Sneha Rao,BR1932,Delivery Agent,2024-03-08,Active,55168
EMP00437,Sneha Mehta,BR4804,Delivery Agent,2026-04-05,Active,39827
EMP00438,Swetha Kapoor,BR1266,Customer Support,2026-08-30,Active,34813
EMP00439,Arun Bose,BR3820,Customer Support,2024-08-02,Active,61731
EMP00440,Pooja Kumar,BR0107,Supervisor,2024-08-17,Active,38055
EMP00441,Karthik Mishra,BR0725,Supervisor,2021-09-25,Active,34747
EMP00442,Vivek Reddy,BR2036,Delivery Agent,2023-03-18,Inactive,50848
EMP00443,Manoj Mehta,BR4693,Customer Support,2024-05-23,Active,52214
EMP00444,Sneha Joshi,BR0446,Hub Operator,2023-06-09,Active,27463
EMP00445,Suresh Naidu,BR1337,Hub Operator,2023-08-29,Active,33712
EMP00446,Meena Sharma,BR4930,Manager,2022-11-19,Active,55319
EMP00447,Harini Das,BR4171,Customer Support,2024-07-16,Active,36068
EMP00448,Vivek Rao,BR1701,Manager,2021-05-27,Active,35461
EMP00449,Ajay Pillai,BR2479,Supervisor,2024-03-24,Active,27853
EMP00450,Vivek Kumar,BR0340,Customer Support,2023-06-26,Active,57817
EMP00451,Vijay Pillai,BR4323,Hub Operator,2023-11-20,Active,59472
EMP00452,Nithya Reddy,BR3355,Delivery Agent,2022-10-03,Active,20079
EMP00453,Sneha Kapoor,BR4785,Customer Support,2022-04-06,Active,52775
EMP00454,Vijay Rao,BR3516,Hub Operator,2024-03-05,Inactive,52075
EMP00455,Harini Kapoor,BR2631,Hub Operator,2022-07-29,Active,50563
EMP00456,Karthik Bose,BR0257,Delivery Agent,2025-08-13,Active,31691
EMP00457,Manoj Das,BR0356,Delivery Agent,2023-04-26,Active,37132
EMP00458,Swetha Kapoor,BR4993,Delivery Agent,2024-03-16,Active,56360
EMP00459,Ajay Mishra,BR1526,Customer Support,2026-01-05,Active,34829
EMP00460,Ananya Menon,BR3955,Manager,2023-06-11,Active,25933
EMP00461,Meena Reddy,BR1387,Manager,2025-01-20,Active,48848
EMP00462,Karthik Nair,BR0969,Supervisor,2024-08-22,Active,57145
EMP00463,Ananya Naidu,BR4621,Manager,2024-11-14,Active,58067
EMP00464,Harini Rao,BR0807,Delivery Agent,2026-09-05,Active,37366
EMP00465,Dinesh Bose,BR1556,Delivery Agent,2022-11-20,Active,25706
EMP00466,Rahul Iyer,BR0985,Delivery Agent,2024-01-29,Active,52974
EMP00467,Vijay Reddy,BR4505,Customer Support,2025-08-16,Active,26754
EMP00468,Rohit Rao,BR1464,Supervisor,2024-02-02,Active,57018
EMP00469,Kavya Bose,BR3542,Manager,2024-12-05,Active,37134
EMP00470,Pooja Iyer,BR1409,Supervisor,2022-10-02,Inactive,57376
EMP00471,Arun Patel,BR1608,Supervisor,2023-11-11,Active,52150
EMP00472,Sneha Das,BR4580,Delivery Agent,2022-04-12,Active,21462
EMP00473,Pooja Reddy,BR0534,Delivery Agent,2026-04-17,Active,25930
EMP00474,Nithya Menon,BR3048,Hub Operator,2023-10-15,Inactive,30602
EMP00475,Ananya Verma,BR2517,Delivery Agent,2023-06-20,Active,49683
EMP00476,Karthik Nair,BR1621,Delivery Agent,2021-03-31,Active,32401
EMP00477,Pooja Kumar,BR1567,Hub Operator,2021-03-12,Active,20409
EMP00478,Pooja Patel,BR1769,Hub Operator,2025-08-04,Active,35820
EMP00479,Vivek Reddy,BR0923,Supervisor,2023-01-22,Active,63626
EMP00480,Ajay Kapoor,BR4866,Supervisor,2022-01-03,Active,42737
EMP00481,Divya Verma,BR3578,Hub Operator,2021-06-01,Active,32416
EMP00482,Nithya Bose,BR1002,Manager,2023-01-08,Active,20215
EMP00483,Nithya Bose,BR3566,Supervisor,2023-11-29,Active,25763
EMP00484,Sneha Singh,BR2440,Hub Operator,2025-09-28,Active,58933
EMP00485,Harini Naidu,BR4717,Delivery Agent,2021-03-25,Active,41196
EMP00486,Divya Singh,BR0547,Delivery Agent,2024-05-13,Active,30101
EMP00487,Rahul Joshi,BR2951,Hub Operator,2022-07-23,Active,60877
EMP00488,Ananya Gupta,BR3819,Delivery Agent,2021-11-12,Active,56143
EMP00489,Pooja Pillai,BR0302,Hub Operator,2023-04-01,Active,53283
EMP00490,Priya Pillai,BR4883,Hub Operator,2026-06-05,Active,48512
EMP00491,Sneha Pillai,BR4175,Delivery Agent,2024-01-06,Active,51286
EMP00492,Ajay Patel,BR0609,Supervisor,2022-02-26,Active,35509
EMP00493,Dinesh Verma,BR0483,Delivery Agent,2021-11-10,Active,56819
EMP00494,Kavya Mehta,BR1768,Hub Operator,2023-06-06,Active,62101
EMP00495,Divya Joshi,BR3085,Delivery Agent,2026-03-16,Active,47537
EMP00496,Kavya Bose,BR0415,Delivery Agent,2025-05-11,Active,61904
EMP00497,Suresh Kapoor,BR1735,Hub Operator,2024-04-07,Active,34861
EMP00498,Rohit Naidu,BR2687,Customer Support,2021-05-24,Active,58981
EMP00499,Harini Das,BR0934,Customer Support,2024-03-28,Active,46399
EMP00500,Ajay Sharma,BR4409,Delivery Agent,2021-07-19,Inactive,47392
EMP00501,Dinesh Joshi,BR2660,Hub Operator,2026-04-12,Active,41849
EMP00502,Dinesh Gupta,BR4599,Delivery Agent,2024-07-16,Active,58531
EMP00503,Priya Das,BR1374,Supervisor,2026-03-26,Active,39791
EMP00504,Karthik Kumar,BR1203,Hub Operator,2023-08-26,Active,44885
EMP00505,Nithya Das,BR3725,Customer Support,2022-10-01,Active,38101
EMP00506,Arun Mehta,BR4812,Delivery Agent,2025-01-16,Active,31767
EMP00507,Ananya Reddy,BR2242,Customer Support,2021-10-08,Active,36027
EMP00508,Arun Patel,BR1557,Manager,2022-08-31,Active,47066
EMP00509,Priya Mehta,BR1693,Delivery Agent,2022-08-15,Active,58604
EMP00510,Rohit Das,BR4692,Hub Operator,2024-01-04,Active,56816
EMP00511,Dinesh Pillai,BR0896,Hub Operator,2022-08-23,Active,23504
EMP00512,Sneha Reddy,BR1202,Hub Operator,2022-03-14,Active,61354
EMP00513,Divya Patel,BR2752,Delivery Agent,2024-12-17,Active,23063
EMP00514,Kavya Kapoor,BR2825,Delivery Agent,2021-02-15,Active,41884
EMP00515,Divya Gupta,BR4367,Delivery Agent,2023-07-07,Active,21236
EMP00516,Vivek Joshi,BR2997,Delivery Agent,2021-12-04,Active,37570
EMP00517,Ajay Mishra,BR4833,Supervisor,2022-07-31,Inactive,59705
EMP00518,Rohit Patel,BR2229,Supervisor,2024-01-16,Active,26540
EMP00519,Kavya Rao,BR4355,Manager,2021-09-25,Active,48617
EMP00520,Kavya Gupta,BR2070,Customer Support,2024-10-14,Active,53240
EMP00521,Dinesh Rao,BR2343,Delivery Agent,2021-08-23,Active,19881
EMP00522,Vijay Menon,BR1997,Manager,2021-03-18,Active,59575
EMP00523,Rohit Kumar,BR4620,Supervisor,2025-12-06,Active,28299
EMP00524,Ajay Kapoor,BR1377,Customer Support,2022-09-23,Active,24743
EMP00525,Kavya Gupta,BR1787,Hub Operator,2023-03-07,Active,50780
EMP00526,Rohit Pillai,BR0867,Customer Support,2025-03-02,Active,30600
EMP00527,Ajay Verma,BR0807,Manager,2023-03-12,Active,47892
EMP00528,Nithya Rao,BR4355,Supervisor,2021-10-29,Active,43024
EMP00529,Meena Reddy,BR0524,Delivery Agent,2024-12-31,Active,34609
EMP00530,Dinesh Menon,BR1579,Delivery Agent,2022-07-31,Active,25798
EMP00531,Vivek Das,BR0333,Delivery Agent,2023-10-25,Active,42351
EMP00532,Swetha Sharma,BR3448,Customer Support,2026-08-17,Active,55780
EMP00533,Ananya Rao,BR0707,Delivery Agent,2024-12-07,Active,28053
EMP00534,Pooja Iyer,BR3582,Customer Support,2022-09-16,Inactive,47621
EMP00535,Dinesh Pillai,BR1647,Delivery Agent,2025-02-19,Active,30026
EMP00536,Vivek Verma,BR4186,Hub Operator,2023-04-23,Active,20446
EMP00537,Pooja Gupta,BR2826,Delivery Agent,2022-08-28,Active,36507
EMP00538,Karthik Bose,BR1524,Delivery Agent,2022-04-02,Active,59542
EMP00539,Meena Sinha,BR1284,Delivery Agent,2021-09-18,Active,32935
EMP00540,Pooja Kumar,BR3941,Supervisor,2024-09-15,Active,54628
EMP00541,Vijay Nair,BR0268,Manager,2024-04-09,Active,20952
EMP00542,Swetha Reddy,BR0272,Delivery Agent,2022-08-23,Active,64047
EMP00543,Manoj Verma,BR4241,Hub Operator,2023-04-23,Active,60561
EMP00544,Kavya Kumar,BR2911,Delivery Agent,2022-06-30,Active,23377
EMP00545,Priya Sinha,BR1794,Supervisor,2023-05-06,Active,58940
EMP00546,Nithya Menon,BR0029,Supervisor,2025-12-05,Inactive,33883
EMP00547,Nithya Patel,BR3422,Supervisor,2024-12-22,Active,51652
EMP00548,Ajay Naidu,BR1520,Delivery Agent,2024-02-28,Inactive,31562
EMP00549,Vijay Naidu,BR0907,Delivery Agent,2023-06-23,Active,49220
EMP00550,Vijay Joshi,BR1381,Delivery Agent,2024-02-09,Active,58398
EMP00551,Vivek Reddy,BR0674,Delivery Agent,2021-10-27,Active,45314
EMP00552,Kavya Bose,BR4598,Delivery Agent,2023-02-07,Active,51989
EMP00553,Swetha Pillai,BR1255,Manager,2021-01-04,Active,31578
EMP00554,Pooja Mishra,BR0993,Manager,2022-12-17,Active,64046
EMP00555,Pooja Patel,BR4217,Delivery Agent,2024-10-14,Active,60642
EMP00556,Priya Menon,BR2225,Hub Operator,2026-09-01,Active,56762
EMP00557,Nithya Mehta,BR0347,Manager,2021-07-28,Active,35802
EMP00558,Manoj Sinha,BR4433,Delivery Agent,2021-07-05,Active,19854
EMP00559,Rahul Pillai,BR3341,Customer Support,2025-08-11,Active,39756
EMP00560,Kavya Bose,BR4332,Delivery Agent,2024-08-03,Inactive,54290
EMP00561,Sneha Mishra,BR2429,Delivery Agent,2021-11-21,Active,53511
EMP00562,Swetha Kapoor,BR4587,Delivery Agent,2021-07-01,Active,43002
EMP00563,Rahul Mehta,BR4556,Hub Operator,2023-01-28,Inactive,58375
EMP00564,Harini Reddy,BR1777,Customer Support,2021-09-11,Active,60144
EMP00565,Karthik Reddy,BR2166,Delivery Agent,2022-03-06,Active,36459
EMP00566,Kavya Mehta,BR4525,Hub Operator,2023-09-04,Inactive,43190
EMP00567,Sneha Pillai,BR0072,Delivery Agent,2026-03-17,Active,23235
EMP00568,Vijay Pillai,BR2807,Customer Support,2021-05-12,Active,36143
EMP00569,Suresh Rao,BR2632,Hub Operator,2022-05-05,Active,36943
EMP00570,Ananya Patel,BR1813,Delivery Agent,2021-10-22,Active,30344
EMP00571,Ajay Reddy,BR2271,Delivery Agent,2025-10-29,Active,34131
EMP00572,Arun Menon,BR0977,Hub Operator,2026-02-12,Active,30514
EMP00573,Vijay Sharma,BR1712,Delivery Agent,2024-08-08,Active,23410
EMP00574,Dinesh Bose,BR4330,Supervisor,2023-10-15,Active,36660
EMP00575,Rohit Sinha,BR3587,Supervisor,2022-05-15,Active,62607
EMP00576,Manoj Nair,BR0034,Delivery Agent,2024-08-04,Active,18144
EMP00577,Manoj Kapoor,BR2086,Supervisor,2024-05-14,Active,45847
EMP00578,Arun Das,BR2175,Hub Operator,2025-08-26,Active,58904
EMP00579,Harini Menon,BR1742,Supervisor,2024-10-13,Active,25295
EMP00580,Sneha Rao,BR3807,Customer Support,2021-05-08,Active,22327
EMP00581,Arun Menon,BR4244,Manager,2024-08-19,Active,29123
EMP00582,Kavya Gupta,BR4730,Hub Operator,2026-06-12,Active,48961
EMP00583,Vijay Naidu,BR4592,Manager,2022-05-27,Active,46915
EMP00584,Meena Sinha,BR2108,Supervisor,2022-01-25,Active,39191
EMP00585,Rohit Patel,BR0450,Customer Support,2026-04-16,Active,62629
EMP00586,Ananya Reddy,BR4846,Delivery Agent,2023-07-24,Active,53705
EMP00587,Priya Iyer,BR0701,Customer Support,2021-04-26,Active,21255
EMP00588,Harini Joshi,BR0691,Customer Support,2024-04-28,Inactive,47466
EMP00589,Arun Mishra,BR2764,Delivery Agent,2024-04-15,Active,27233
EMP00590,Harini Gupta,BR3780,Hub Operator,2025-07-03,Active,57230
EMP00591,Priya Pillai,BR3323,Supervisor,2026-02-17,Active,59039
EMP00592,Karthik Iyer,BR0684,Manager,2025-08-09,Active,20930
EMP00593,Kavya Mehta,BR1213,Customer Support,2024-01-16,Active,49641
EMP00594,Pooja Mehta,BR2288,Delivery Agent,2026-03-28,Active,64485
EMP00595,Karthik Kumar,BR1224,Supervisor,2024-08-17,Active,58889
EMP00596,Priya Kapoor,BR2490,Delivery Agent,2022-12-10,Inactive,33104
EMP00597,Vijay Kumar,BR2398,Delivery Agent,2025-08-10,Active,57135
EMP00598,Ajay Kumar,BR2169,Delivery Agent,2025-02-16,Active,52221
EMP00599,Dinesh Kumar,BR1651,Delivery Agent,2021-10-18,Active,18538
EMP00600,Rahul Iyer,BR2089,Hub Operator,2025-09-03,Active,43259
EMP00601,Dinesh Verma,BR4248,Delivery Agent,2024-02-26,Active,28144
EMP00602,Divya Iyer,BR4267,Customer Support,2025-10-18,Active,56877
EMP00603,Vivek Gupta,BR2385,Hub Operator,2024-03-15,Active,49741
EMP00604,Vivek Iyer,BR3446,Delivery Agent,2026-01-27,Active,30370
EMP00605,Sneha Singh,BR1001,Delivery Agent,2025-09-04,Active,23152
EMP00606,Vijay Joshi,BR1801,Delivery Agent,2024-04-19,Active,22789
EMP00607,Kavya Reddy,BR1184,Delivery Agent,2026-01-22,Active,48872
EMP00608,Vijay Menon,BR2473,Delivery Agent,2021-04-12,Active,24149
EMP00609,Sneha Rao,BR1035,Hub Operator,2023-02-11,Active,50175
EMP00610,Harini Sinha,BR2164,Hub Operator,2024-12-01,Active,63148
EMP00611,Ananya Joshi,BR0741,Supervisor,2025-09-03,Active,54285
EMP00612,Ananya Joshi,BR3346,Hub Operator,2023-08-19,Active,50270
EMP00613,Suresh Gupta,BR3080,Hub Operator,2023-07-28,Active,26651
EMP00614,Dinesh Kumar,BR3355,Delivery Agent,2026-09-11,Active,42869
EMP00615,Nithya Joshi,BR2825,Delivery Agent,2021-08-28,Active,23518
EMP00616,Karthik Kumar,BR4610,Supervisor,2024-10-08,Active,58049
EMP00617,Ajay Iyer,BR3461,Hub Operator,2026-08-22,Active,33040
EMP00618,Divya Mishra,BR2700,Delivery Agent,2024-12-11,Active,64483
EMP00619,Priya Naidu,BR2474,Hub Operator,2022-09-29,Active,44012
EMP00620,Ananya Sharma,BR4963,Delivery Agent,2024-03-11,Active,38463
EMP00621,Ananya Reddy,BR1395,Delivery Agent,2021-11-15,Active,39322
EMP00622,Swetha Kumar,BR1489,Delivery Agent,2026-05-31,Active,57933
EMP00623,Ajay Pillai,BR3375,Delivery Agent,2025-08-28,Active,57368
EMP00624,Rohit Sharma,BR4678,Delivery Agent,2024-06-09,Active,28934
EMP00625,Nithya Singh,BR1824,Customer Support,2021-07-04,Active,60258
EMP00626,Dinesh Kapoor,BR4834,Delivery Agent,2024-10-22,Active,55425
EMP00627,Vijay Rao,BR4496,Supervisor,2026-01-28,Active,64625
EMP00628,Harini Kapoor,BR3655,Customer Support,2024-07-19,Active,23823
EMP00629,Manoj Bose,BR1681,Delivery Agent,2026-09-18,Active,46016
EMP00630,Manoj Kapoor,BR4768,Customer Support,2025-06-06,Active,54838
EMP00631,Harini Nair,BR4110,Delivery Agent,2025-09-07,Active,48594
EMP00632,Arun Verma,BR3213,Delivery Agent,2021-08-06,Active,24109
EMP00633,Harini Mehta,BR4736,Customer Support,2026-09-02,Active,42059
EMP00634,Vivek Reddy,BR2777,Supervisor,2026-05-26,Inactive,43573
EMP00635,Ajay Verma,BR2828,Manager,2022-09-24,Active,29799
EMP00636,Rahul Das,BR4593,Hub Operator,2024-11-02,Active,30567
EMP00637,Pooja Pillai,BR4062,Hub Operator,2023-08-12,Active,48429
EMP00638,Karthik Bose,BR0536,Hub Operator,2025-09-26,Active,49715
EMP00639,Suresh Singh,BR1659,Delivery Agent,2024-04-17,Active,52993
EMP00640,Pooja Singh,BR3461,Delivery Agent,2021-02-06,Active,28839
EMP00641,Suresh Bose,BR4719,Delivery Agent,2021-07-25,Active,59311
EMP00642,Pooja Nair,BR1521,Delivery Agent,2025-04-10,Active,58919
EMP00643,Sneha Menon,BR3231,Customer Support,2024-04-12,Active,49228
EMP00644,Dinesh Kapoor,BR0035,Delivery Agent,2024-07-01,Active,55235
EMP00645,Vivek Singh,BR2568,Delivery Agent,2021-04-28,Active,26876
EMP00646,Sneha Naidu,BR3915,Manager,2024-03-29,Active,33296
EMP00647,Harini Verma,BR0145,Delivery Agent,2026-09-08,Active,27235
EMP00648,Sneha Joshi,BR3092,Manager,2024-09-11,Active,41828
EMP00649,Vijay Mishra,BR4571,Delivery Agent,2026-04-13,Active,25563
EMP00650,Nithya Mehta,BR3320,Hub Operator,2021-12-08,Active,31047
EMP00651,Ananya Das,BR4430,Delivery Agent,2022-09-24,Active,20147
EMP00652,Arun Verma,BR0438,Hub Operator,2023-01-15,Active,62626
EMP00653,Ajay Kapoor,BR0881,Customer Support,2021-06-18,Active,20450
EMP00654,Vijay Nair,BR2631,Customer Support,2024-08-09,Active,19380
EMP00655,Rahul Naidu,BR1233,Manager,2024-09-17,Active,55121
EMP00656,Karthik Mehta,BR4467,Customer Support,2025-06-21,Active,31088
EMP00657,Ajay Naidu,BR4177,Customer Support,2023-08-17,Active,64345
EMP00658,Ajay Das,BR2296,Delivery Agent,2025-07-21,Active,45485
EMP00659,Divya Joshi,BR2500,Hub Operator,2025-06-17,Active,43468
EMP00660,Priya Patel,BR4816,Hub Operator,2022-07-01,Active,23375
EMP00661,Ajay Mehta,BR1365,Customer Support,2023-12-06,Active,61421
EMP00662,Sneha Patel,BR2017,Delivery Agent,2023-03-06,Active,62301
EMP00663,Arun Pillai,BR1165,Delivery Agent,2025-10-22,Active,22100
EMP00664,Divya Verma,BR2813,Supervisor,2023-09-11,Active,60787
EMP00665,Karthik Bose,BR3101,Delivery Agent,2021-11-03,Active,35036
EMP00666,Divya Rao,BR3535,Delivery Agent,2024-09-27,Active,28071
EMP00667,Divya Reddy,BR4513,Hub Operator,2024-09-23,Active,30390
EMP00668,Arun Bose,BR0911,Supervisor,2023-03-31,Active,20951
EMP00669,Arun Joshi,BR1147,Delivery Agent,2024-09-08,Active,45076
EMP00670,Suresh Gupta,BR1387,Customer Support,2025-02-25,Active,60159
EMP00671,Dinesh Naidu,BR4608,Delivery Agent,2022-03-20,Active,46229
EMP00672,Suresh Pillai,BR0917,Delivery Agent,2025-02-26,Inactive,35516
EMP00673,Meena Kapoor,BR3952,Supervisor,2026-06-13,Active,57038
EMP00674,Pooja Patel,BR1710,Manager,2024-08-16,Active,30048
EMP00675,Priya Mishra,BR1517,Delivery Agent,2022-07-02,Active,53384
EMP00676,Vivek Das,BR1223,Supervisor,2021-11-06,Active,37497
EMP00677,Arun Mishra,BR3653,Customer Support,2024-05-04,Active,30316
EMP00678,Nithya Naidu,BR0134,Delivery Agent,2024-09-14,Active,56997
EMP00679,Divya Rao,BR1922,Customer Support,2024-11-06,Active,38840
EMP00680,Vivek Verma,BR1913,Supervisor,2025-08-09,Active,40725
EMP00681,Swetha Kumar,BR2563,Hub Operator,2026-09-05,Active,56570
EMP00682,Vivek Kumar,BR0309,Manager,2024-11-13,Active,25995
EMP00683,Arun Sharma,BR4618,Hub Operator,2024-12-25,Active,52472
EMP00684,Ananya Mehta,BR4632,Delivery Agent,2026-02-07,Active,41258
EMP00685,Priya Nair,BR0417,Customer Support,2023-02-22,Active,18333
EMP00686,Meena Menon,BR1364,Customer Support,2026-02-03,Active,63139
EMP00687,Ajay Iyer,BR2037,Customer Support,2026-03-06,Active,22176
EMP00688,Karthik Mishra,BR2326,Supervisor,2021-06-14,Active,52252
EMP00689,Swetha Naidu,BR2877,Hub Operator,2026-02-15,Active,25040
EMP00690,Harini Menon,BR2528,Customer Support,2025-02-20,Active,21886
EMP00691,Divya Sharma,BR1246,Manager,2021-12-07,Active,42920
EMP00692,Nithya Sharma,BR1859,Delivery Agent,2024-04-21,Active,60345
EMP00693,Kavya Mehta,BR1540,Delivery Agent,2024-09-25,Active,42171
EMP00694,Swetha Mehta,BR0807,Delivery Agent,2026-01-26,Active,60042
EMP00695,Vivek Patel,BR4297,Delivery Agent,2021-05-02,Active,38749
EMP00696,Dinesh Gupta,BR2078,Hub Operator,2024-08-16,Active,64305
EMP00697,Swetha Patel,BR1269,Supervisor,2024-09-10,Active,27597
EMP00698,Swetha Singh,BR4957,Delivery Agent,2021-01-30,Active,41079
EMP00699,Rohit Reddy,BR3545,Hub Operator,2025-06-16,Active,25618
EMP00700,Karthik Kumar,BR3239,Supervisor,2025-10-12,Active,29241
EMP00701,Rahul Pillai,BR4707,Manager,2023-06-03,Active,58712
EMP00702,Priya Rao,BR4121,Delivery Agent,2022-01-29,Active,18836
EMP00703,Divya Naidu,BR3321,Delivery Agent,2024-04-06,Inactive,26600
EMP00704,Nithya Menon,BR3642,Hub Operator,2022-11-14,Active,53519
EMP00705,Suresh Das,BR3301,Supervisor,2024-12-29,Active,42891
EMP00706,Ananya Das,BR1188,Delivery Agent,2024-01-16,Inactive,60528
EMP00707,Meena Pillai,BR2443,Hub Operator,2022-09-23,Active,55124
EMP00708,Ajay Iyer,BR4570,Hub Operator,2023-07-04,Active,48411
EMP00709,Vivek Patel,BR2666,Manager,2021-02-23,Active,46467
EMP00710,Rahul Joshi,BR2350,Hub Operator,2023-11-13,Active,53942
EMP00711,Rohit Sharma,BR4953,Hub Operator,2022-03-01,Active,42394
EMP00712,Vivek Sinha,BR2837,Delivery Agent,2026-02-15,Active,24816
EMP00713,Divya Patel,BR0497,Hub Operator,2026-04-16,Active,46943
EMP00714,Arun Nair,BR0386,Delivery Agent,2025-10-30,Active,30034
EMP00715,Sneha Kumar,BR2250,Delivery Agent,2024-12-05,Active,45396
EMP00716,Rohit Gupta,BR1831,Hub Operator,2021-01-14,Active,22327
EMP00717,Vijay Patel,BR4195,Supervisor,2024-01-22,Active,46605
EMP00718,Rohit Nair,BR2465,Delivery Agent,2024-11-20,Active,30407
EMP00719,Harini Joshi,BR0745,Delivery Agent,2021-09-28,Active,62562
EMP00720,Arun Kapoor,BR3907,Delivery Agent,2021-01-01,Active,27610
EMP00721,Rahul Reddy,BR0453,Supervisor,2023-03-07,Active,27672
EMP00722,Suresh Mehta,BR4561,Supervisor,2025-06-13,Active,64698
EMP00723,Vivek Singh,BR2625,Supervisor,2024-03-03,Active,21723
EMP00724,Arun Kumar,BR1191,Manager,2026-08-07,Active,53558
EMP00725,Sneha Rao,BR2037,Delivery Agent,2022-12-04,Active,58022
EMP00726,Nithya Mishra,BR2802,Delivery Agent,2024-05-31,Active,55681
EMP00727,Karthik Reddy,BR4993,Manager,2023-10-16,Inactive,31797
EMP00728,Dinesh Patel,BR4706,Delivery Agent,2022-06-05,Active,26359
EMP00729,Vijay Reddy,BR0157,Delivery Agent,2026-07-15,Active,53276
EMP00730,Divya Joshi,BR4925,Delivery Agent,2024-01-08,Active,44651
EMP00731,Ajay Kumar,BR1375,Delivery Agent,2025-08-27,Active,52914
EMP00732,Dinesh Rao,BR0584,Delivery Agent,2024-12-04,Active,58022
EMP00733,Ananya Iyer,BR1848,Hub Operator,2023-05-19,Active,34910
EMP00734,Manoj Nair,BR0737,Customer Support,2025-09-01,Active,57047
EMP00735,Swetha Joshi,BR0633,Customer Support,2023-12-23,Active,62046
EMP00736,Arun Mishra,BR0411,Customer Support,2022-02-15,Active,63113
EMP00737,Nithya Joshi,BR1505,Customer Support,2026-09-18,Active,45211
EMP00738,Swetha Das,BR4070,Delivery Agent,2023-02-28,Active,50648
EMP00739,Arun Pillai,BR0436,Hub Operator,2023-03-25,Active,37878
EMP00740,Manoj Mehta,BR3064,Customer Support,2024-12-09,Active,19376
EMP00741,Priya Mishra,BR2811,Delivery Agent,2026-05-30,Active,60772
EMP00742,Arun Sharma,BR0160,Customer Support,2023-03-30,Active,42926
EMP00743,Karthik Kumar,BR4568,Manager,2025-07-03,Active,30219
EMP00744,Meena Sinha,BR3458,Delivery Agent,2022-10-10,Active,64250
EMP00745,Rahul Sinha,BR2882,Delivery Agent,2021-03-24,Active,47758
EMP00746,Dinesh Joshi,BR2196,Hub Operator,2021-08-06,Inactive,29474
EMP00747,Priya Patel,BR4153,Customer Support,2026-07-14,Inactive,32497
EMP00748,Ananya Mehta,BR3134,Delivery Agent,2024-04-09,Active,62012
EMP00749,Divya Das,BR3035,Hub Operator,2022-06-30,Active,45105
EMP00750,Rahul Pillai,BR3670,Manager,2024-04-01,Active,43920
EMP00751,Suresh Rao,BR4608,Delivery Agent,2023-02-17,Active,49605
EMP00752,Suresh Reddy,BR4743,Hub Operator,2023-04-03,Active,40424
EMP00753,Meena Menon,BR2866,Customer Support,2026-07-18,Active,23305
EMP00754,Swetha Joshi,BR2812,Supervisor,2024-07-07,Active,47577
EMP00755,Manoj Singh,BR2850,Delivery Agent,2023-02-26,Active,63005
EMP00756,Swetha Kumar,BR4201,Supervisor,2023-12-20,Inactive,21829
EMP00757,Swetha Nair,BR2903,Customer Support,2025-12-11,Active,33877
EMP00758,Vijay Bose,BR3141,Customer Support,2023-11-23,Active,57729
EMP00759,Vijay Menon,BR1387,Delivery Agent,2022-03-08,Active,58211
EMP00760,Pooja Singh,BR2371,Delivery Agent,2022-02-25,Active,24141
EMP00761,Arun Das,BR0600,Delivery Agent,2023-09-05,Active,61900
EMP00762,Arun Patel,BR1186,Hub Operator,2026-02-09,Active,50685
EMP00763,Swetha Sharma,BR0627,Supervisor,2021-02-04,Active,49691
EMP00764,Vijay Gupta,BR1323,Hub Operator,2023-10-19,Active,43946
EMP00765,Nithya Sinha,BR0032,Delivery Agent,2022-03-15,Active,33259
EMP00766,Meena Nair,BR1393,Delivery Agent,2022-01-02,Active,60612
EMP00767,Divya Kapoor,BR1378,Hub Operator,2022-01-01,Active,40629
EMP00768,Manoj Nair,BR2359,Supervisor,2026-03-03,Active,62277
EMP00769,Pooja Mehta,BR4545,Customer Support,2023-11-11,Active,40463
EMP00770,Ananya Singh,BR3935,Manager,2025-08-30,Active,21652
EMP00771,Arun Patel,BR4455,Supervisor,2023-02-21,Active,37657
EMP00772,Kavya Mehta,BR2917,Delivery Agent,2024-06-10,Active,49569
EMP00773,Pooja Mishra,BR2240,Customer Support,2024-01-24,Active,52809
EMP00774,Rahul Naidu,BR0476,Delivery Agent,2022-05-10,Active,58161
EMP00775,Dinesh Bose,BR4234,Delivery Agent,2022-07-24,Inactive,40043
EMP00776,Ananya Mehta,BR2559,Hub Operator,2026-02-03,Active,25518
EMP00777,Dinesh Verma,BR3017,Supervisor,2024-12-26,Active,29107
EMP00778,Arun Naidu,BR0474,Hub Operator,2025-04-04,Active,20547
EMP00779,Dinesh Kapoor,BR0497,Supervisor,2024-06-09,Active,40075
EMP00780,Kavya Verma,BR0110,Hub Operator,2025-11-08,Active,36676
EMP00781,Manoj Iyer,BR3123,Delivery Agent,2023-02-23,Active,62772
EMP00782,Ananya Iyer,BR0802,Customer Support,2022-09-09,Active,29222
EMP00783,Sneha Patel,BR1498,Supervisor,2026-08-18,Active,56168
EMP00784,Vivek Patel,BR1381,Delivery Agent,2024-01-22,Active,20354
EMP00785,Ajay Iyer,BR1503,Delivery Agent,2022-05-30,Active,56542
EMP00786,Rohit Pillai,BR1318,Customer Support,2024-12-29,Active,28252
EMP00787,Priya Rao,BR0028,Delivery Agent,2022-04-05,Active,45889
EMP00788,Vivek Patel,BR4472,Manager,2025-01-08,Active,26958
EMP00789,Karthik Das,BR1260,Supervisor,2023-03-30,Active,53260
EMP00790,Ajay Pillai,BR4584,Hub Operator,2025-11-14,Active,43620
EMP00791,Sneha Joshi,BR3000,Manager,2023-12-09,Active,43660
EMP00792,Karthik Mehta,BR2011,Delivery Agent,2026-05-21,Active,55399
EMP00793,Vivek Iyer,BR3393,Hub Operator,2024-11-03,Active,18216
EMP00794,Meena Verma,BR2024,Customer Support,2023-11-21,Active,41586
EMP00795,Dinesh Sinha,BR3132,Hub Operator,2023-04-03,Active,22374
EMP00796,Ananya Joshi,BR4321,Delivery Agent,2023-06-18,Active,28223
EMP00797,Rahul Reddy,BR3853,Hub Operator,2023-01-09,Active,27411
EMP00798,Sneha Singh,BR1477,Supervisor,2024-11-21,Active,26175
EMP00799,Ananya Joshi,BR4148,Delivery Agent,2024-02-26,Active,41606
EMP00800,Meena Menon,BR1384,Delivery Agent,2024-06-16,Active,46773
EMP00801,Suresh Joshi,BR2859,Delivery Agent,2025-04-27,Active,57063
EMP00802,Meena Gupta,BR0732,Hub Operator,2021-09-07,Active,52521
EMP00803,Swetha Nair,BR2008,Delivery Agent,2022-10-14,Active,20364
EMP00804,Rohit Joshi,BR1748,Delivery Agent,2022-04-02,Active,30921
EMP00805,Meena Sinha,BR2090,Supervisor,2024-01-28,Active,53544
EMP00806,Vivek Iyer,BR0980,Customer Support,2022-03-05,Active,33367
EMP00807,Vivek Gupta,BR4419,Delivery Agent,2021-10-19,Active,54421
EMP00808,Sneha Kumar,BR4421,Delivery Agent,2023-11-22,Active,35275
EMP00809,Nithya Pillai,BR4718,Manager,2024-05-03,Inactive,64078
EMP00810,Karthik Pillai,BR0117,Supervisor,2021-11-12,Active,22707
EMP00811,Pooja Iyer,BR0581,Customer Support,2026-07-18,Active,36657
EMP00812,Harini Naidu,BR2146,Delivery Agent,2024-01-11,Active,36279
EMP00813,Dinesh Sinha,BR2298,Delivery Agent,2022-01-11,Active,44370
EMP00814,Sneha Rao,BR1511,Customer Support,2024-08-23,Inactive,43615
EMP00815,Rahul Mehta,BR4987,Hub Operator,2024-05-25,Active,59968
EMP00816,Meena Bose,BR0186,Hub Operator,2022-03-31,Active,53458
EMP00817,Arun Singh,BR1767,Hub Operator,2021-08-04,Active,25789
EMP00818,Arun Sinha,BR3576,Delivery Agent,2026-09-14,Active,47120
EMP00819,Harini Singh,BR4527,Delivery Agent,2022-06-18,Active,46998
EMP00820,Suresh Singh,BR1809,Supervisor,2024-11-10,Active,49511
EMP00821,Dinesh Singh,BR1417,Supervisor,2022-12-16,Active,18632
EMP00822,Vijay Joshi,BR4932,Supervisor,2024-12-04,Active,44003
EMP00823,Ananya Menon,BR2782,Hub Operator,2021-12-05,Active,20465
EMP00824,Swetha Patel,BR1776,Manager,2024-06-16,Active,55037
EMP00825,Dinesh Iyer,BR3022,Supervisor,2022-04-10,Active,46376
EMP00826,Suresh Sharma,BR3645,Delivery Agent,2023-07-02,Active,36547
EMP00827,Swetha Gupta,BR0193,Delivery Agent,2022-11-13,Active,29173
EMP00828,Kavya Bose,BR4026,Customer Support,2023-05-12,Active,59115
EMP00829,Priya Bose,BR1435,Customer Support,2025-05-24,Active,51060
EMP00830,Pooja Singh,BR2242,Supervisor,2024-07-06,Active,41356
EMP00831,Divya Singh,BR3885,Delivery Agent,2022-08-16,Active,51944
EMP00832,Suresh Das,BR0317,Delivery Agent,2021-11-06,Active,46586
EMP00833,Kavya Singh,BR4473,Delivery Agent,2023-11-12,Active,54755
EMP00834,Karthik Joshi,BR2345,Delivery Agent,2023-09-14,Active,26182
EMP00835,Suresh Menon,BR0190,Delivery Agent,2023-11-23,Active,49441
EMP00836,Rohit Reddy,BR2665,Delivery Agent,2024-03-01,Active,27632
EMP00837,Manoj Joshi,BR4086,Supervisor,2022-04-05,Active,59254
EMP00838,Sneha Mehta,BR3820,Delivery Agent,2026-03-16,Active,36827
EMP00839,Ajay Pillai,BR2225,Hub Operator,2026-07-29,Active,45108
EMP00840,Pooja Nair,BR1770,Supervisor,2023-10-15,Active,38685
EMP00841,Ajay Reddy,BR4843,Delivery Agent,2026-08-22,Active,33251
EMP00842,Divya Menon,BR1769,Customer Support,2024-04-14,Active,53837
EMP00843,Meena Kumar,BR2962,Manager,2022-09-17,Active,41793
EMP00844,Kavya Das,BR2782,Hub Operator,2021-10-16,Active,24033
EMP00845,Divya Nair,BR4581,Delivery Agent,2021-04-15,Active,56089
EMP00846,Karthik Pillai,BR3845,Manager,2024-06-26,Active,55648
EMP00847,Kavya Bose,BR0651,Delivery Agent,2023-12-10,Active,64980
EMP00848,Pooja Sharma,BR2052,Delivery Agent,2024-10-07,Active,36495
EMP00849,Nithya Bose,BR0124,Supervisor,2026-08-11,Active,59444
EMP00850,Nithya Reddy,BR1907,Delivery Agent,2024-05-03,Active,48117
EMP00851,Swetha Menon,BR3787,Delivery Agent,2022-06-20,Active,56612
EMP00852,Vivek Sinha,BR4719,Hub Operator,2024-03-16,Active,37562
EMP00853,Rohit Bose,BR1308,Delivery Agent,2021-07-28,Active,47950
EMP00854,Pooja Sharma,BR4024,Supervisor,2026-08-22,Active,64939
EMP00855,Vivek Naidu,BR4289,Delivery Agent,2021-04-13,Inactive,51088
EMP00856,Suresh Das,BR1058,Customer Support,2021-07-11,Active,63058
EMP00857,Meena Reddy,BR2120,Hub Operator,2025-04-24,Active,34332
EMP00858,Dinesh Patel,BR0016,Hub Operator,2021-11-07,Inactive,23359
EMP00859,Swetha Das,BR3156,Hub Operator,2023-12-17,Active,27157
EMP00860,Rohit Iyer,BR1166,Delivery Agent,2021-12-18,Active,33857
EMP00861,Vijay Pillai,BR4730,Delivery Agent,2023-06-18,Active,53618
EMP00862,Priya Joshi,BR2750,Hub Operator,2021-07-23,Active,31074
EMP00863,Kavya Patel,BR2498,Customer Support,2025-07-25,Inactive,58625
EMP00864,Vijay Sinha,BR3354,Customer Support,2023-07-13,Active,56244
EMP00865,Suresh Bose,BR2265,Customer Support,2022-04-19,Active,36594
EMP00866,Rohit Rao,BR3452,Customer Support,2024-07-08,Active,28069
EMP00867,Kavya Gupta,BR3056,Delivery Agent,2021-12-20,Active,28724
EMP00868,Arun Reddy,BR0721,Delivery Agent,2026-08-05,Active,52569
EMP00869,Ajay Sharma,BR2590,Customer Support,2022-03-22,Active,39933
EMP00870,Swetha Bose,BR1996,Delivery Agent,2022-03-25,Active,64235
EMP00871,Meena Mehta,BR1593,Delivery Agent,2021-03-09,Active,26338
EMP00872,Pooja Mehta,BR2728,Customer Support,2023-06-10,Active,27972
EMP00873,Vivek Patel,BR4892,Supervisor,2023-05-22,Active,35257
EMP00874,Rahul Rao,BR4193,Delivery Agent,2023-08-07,Inactive,51911
EMP00875,Vijay Mehta,BR0686,Hub Operator,2025-04-06,Active,59233
EMP00876,Swetha Bose,BR4553,Delivery Agent,2026-06-25,Active,30185
EMP00877,Harini Rao,BR2776,Delivery Agent,2025-06-08,Active,52608
EMP00878,Vivek Rao,BR0544,Hub Operator,2021-04-06,Active,58196
EMP00879,Ajay Kumar,BR4183,Customer Support,2024-09-12,Active,29549
EMP00880,Pooja Rao,BR2786,Hub Operator,2024-12-23,Active,50007
EMP00881,Ajay Mishra,BR2042,Delivery Agent,2023-05-12,Active,46835
EMP00882,Suresh Kumar,BR1690,Delivery Agent,2021-12-09,Active,49817
EMP00883,Nithya Kapoor,BR1350,Manager,2024-02-19,Active,22732
EMP00884,Swetha Kumar,BR2226,Customer Support,2022-11-28,Inactive,18360
EMP00885,Arun Mehta,BR4974,Customer Support,2025-02-13,Active,28449
EMP00886,Priya Bose,BR1568,Delivery Agent,2025-06-06,Active,40822
EMP00887,Vijay Iyer,BR0186,Manager,2022-07-06,Active,60357
EMP00888,Karthik Singh,BR0576,Delivery Agent,2023-08-21,Active,50203
EMP00889,Arun Sinha,BR4429,Delivery Agent,2021-06-12,Inactive,19005
EMP00890,Meena Nair,BR2943,Hub Operator,2026-03-09,Active,28538
EMP00891,Suresh Kumar,BR4329,Hub Operator,2021-11-27,Active,60352
EMP00892,Sneha Iyer,BR4252,Delivery Agent,2025-11-15,Active,46753
EMP00893,Ajay Mehta,BR2913,Customer Support,2023-10-05,Active,26997
EMP00894,Swetha Nair,BR1992,Delivery Agent,2022-12-10,Active,36522
EMP00895,Sneha Nair,BR3280,Delivery Agent,2023-07-22,Active,46743
EMP00896,Kavya Reddy,BR2935,Hub Operator,2022-10-18,Active,24562
EMP00897,Pooja Das,BR4391,Delivery Agent,2024-07-17,Inactive,58031
EMP00898,Vivek Rao,BR2768,Delivery Agent,2022-09-21,Active,51451
EMP00899,Ajay Verma,BR4909,Delivery Agent,2025-11-27,Active,60567
EMP00900,Nithya Das,BR4237,Customer Support,2026-08-12,Inactive,47824
EMP00901,Vivek Singh,BR0915,Supervisor,2026-08-15,Active,52840
EMP00902,Rohit Kapoor,BR2251,Delivery Agent,2022-07-11,Active,63894
EMP00903,Sneha Reddy,BR0859,Hub Operator,2023-10-18,Active,26095
EMP00904,Priya Nair,BR0720,Manager,2022-10-17,Inactive,54361
EMP00905,Arun Rao,BR1929,Delivery Agent,2022-01-15,Active,37311
EMP00906,Vijay Rao,BR4429,Customer Support,2022-07-08,Active,34099
EMP00907,Ajay Kumar,BR0147,Delivery Agent,2022-04-17,Active,57404
EMP00908,Harini Pillai,BR3447,Customer Support,2022-08-28,Active,58405
EMP00909,Manoj Das,BR0958,Supervisor,2022-12-26,Active,56910
EMP00910,Vivek Naidu,BR2876,Manager,2021-06-02,Inactive,46560
EMP00911,Suresh Das,BR2858,Manager,2024-11-30,Active,39372
EMP00912,Sneha Reddy,BR4994,Delivery Agent,2021-12-05,Active,58842
EMP00913,Divya Naidu,BR2098,Delivery Agent,2024-11-08,Active,31742
EMP00914,Harini Rao,BR3056,Supervisor,2024-07-02,Active,51519
EMP00915,Harini Reddy,BR0067,Customer Support,2024-11-20,Active,27512
EMP00916,Vijay Bose,BR1025,Hub Operator,2022-12-28,Active,52191
EMP00917,Karthik Kumar,BR2181,Delivery Agent,2026-07-06,Inactive,54381
EMP00918,Meena Naidu,BR3425,Delivery Agent,2026-05-03,Active,40475
EMP00919,Vijay Kapoor,BR1623,Delivery Agent,2026-05-17,Active,41278
EMP00920,Dinesh Naidu,BR2706,Hub Operator,2022-03-17,Active,38924
EMP00921,Rohit Patel,BR0068,Supervisor,2026-09-14,Active,47145
EMP00922,Rohit Naidu,BR0873,Delivery Agent,2025-08-04,Active,21403
EMP00923,Pooja Sharma,BR4193,Delivery Agent,2025-09-15,Active,53113
EMP00924,Divya Mishra,BR0474,Supervisor,2022-08-23,Active,22158
EMP00925,Sneha Verma,BR2838,Hub Operator,2024-09-04,Active,33897
EMP00926,Arun Sinha,BR2846,Customer Support,2024-01-15,Active,23541
EMP00927,Karthik Verma,BR2817,Delivery Agent,2022-07-09,Active,22251
EMP00928,Kavya Reddy,BR2118,Delivery Agent,2026-06-28,Active,38992
EMP00929,Harini Sharma,BR0593,Customer Support,2024-02-21,Active,30865
EMP00930,Suresh Bose,BR2783,Delivery Agent,2023-11-02,Inactive,43257
EMP00931,Arun Reddy,BR1331,Delivery Agent,2023-09-15,Active,29783
EMP00932,Meena Rao,BR4932,Delivery Agent,2024-03-12,Active,61953
EMP00933,Meena Sinha,BR0586,Delivery Agent,2021-05-05,Active,62809
EMP00934,Swetha Rao,BR3261,Manager,2021-10-21,Active,45146
EMP00935,Ajay Menon,BR2357,Delivery Agent,2021-10-18,Active,38995
EMP00936,Rohit Singh,BR2407,Manager,2024-06-17,Active,36077
EMP00937,Vivek Das,BR4310,Supervisor,2021-04-19,Active,27599
EMP00938,Priya Singh,BR3583,Delivery Agent,2021-09-29,Active,60020
EMP00939,Sneha Kapoor,BR0854,Hub Operator,2023-09-24,Active,60330
EMP00940,Karthik Joshi,BR0135,Delivery Agent,2025-09-24,Active,29664
EMP00941,Vijay Singh,BR2087,Customer Support,2025-08-06,Active,18264
EMP00942,Sneha Iyer,BR4901,Delivery Agent,2024-06-01,Active,61630
EMP00943,Vijay Nair,BR2111,Hub Operator,2023-12-24,Active,30805
EMP00944,Vijay Singh,BR0723,Customer Support,2023-05-15,Active,56620
EMP00945,Rohit Iyer,BR3146,Hub Operator,2022-11-11,Active,48660
EMP00946,Priya Mehta,BR0384,Customer Support,2022-11-08,Active,51516
EMP00947,Dinesh Nair,BR0613,Delivery Agent,2023-06-12,Active,63044
EMP00948,Manoj Mehta,BR4798,Delivery Agent,2022-02-04,Active,47952
EMP00949,Pooja Das,BR4722,Delivery Agent,2025-12-17,Active,33094
EMP00950,Dinesh Sinha,BR4009,Manager,2021-02-25,Active,57237
EMP00951,Ajay Mishra,BR1817,Hub Operator,2024-08-15,Active,45091
EMP00952,Swetha Joshi,BR0156,Delivery Agent,2022-07-16,Inactive,21966
EMP00953,Meena Mishra,BR2289,Hub Operator,2021-02-28,Active,20896
EMP00954,Meena Reddy,BR4588,Hub Operator,2021-03-25,Inactive,58768
EMP00955,Manoj Mehta,BR4818,Supervisor,2023-10-07,Active,34038
EMP00956,Suresh Naidu,BR4848,Manager,2025-03-15,Active,50357
EMP00957,Ajay Verma,BR1016,Delivery Agent,2023-09-04,Active,39488
EMP00958,Kavya Singh,BR4387,Manager,2023-08-28,Inactive,42438
EMP00959,Pooja Kumar,BR3306,Delivery Agent,2024-11-13,Active,52864
EMP00960,Harini Mishra,BR2004,Delivery Agent,2022-07-17,Active,62929
EMP00961,Ajay Nair,BR0167,Supervisor,2026-05-22,Active,19004
EMP00962,Sneha Kumar,BR4065,Delivery Agent,2026-09-06,Active,25215
EMP00963,Dinesh Kumar,BR1339,Supervisor,2024-08-26,Active,40956
EMP00964,Vivek Verma,BR0120,Customer Support,2023-07-13,Active,57478
EMP00965,Vivek Patel,BR3054,Supervisor,2025-01-15,Active,21168
EMP00966,Meena Kumar,BR4909,Hub Operator,2023-04-19,Active,47068
EMP00967,Arun Bose,BR2067,Manager,2026-07-18,Active,49677
EMP00968,Vijay Iyer,BR0688,Hub Operator,2024-08-01,Active,53339
EMP00969,Suresh Gupta,BR1091,Delivery Agent,2023-01-13,Active,30260
EMP00970,Kavya Sinha,BR3742,Manager,2026-04-24,Active,52434
EMP00971,Nithya Kumar,BR0116,Delivery Agent,2026-08-08,Active,59731
EMP00972,Divya Patel,BR0705,Hub Operator,2024-07-13,Active,39774
EMP00973,Swetha Kapoor,BR0325,Customer Support,2023-03-27,Active,58155
EMP00974,Priya Rao,BR0006,Delivery Agent,2024-05-12,Active,38520
EMP00975,Dinesh Verma,BR1070,Delivery Agent,2026-03-11,Active,19989
EMP00976,Suresh Kumar,BR4808,Hub Operator,2024-10-14,Active,50458
EMP00977,Pooja Kumar,BR0189,Supervisor,2025-12-09,Active,50988
EMP00978,Harini Rao,BR1055,Hub Operator,2025-10-13,Active,52191
EMP00979,Vijay Iyer,BR4047,Supervisor,2022-12-24,Active,43825
EMP00980,Divya Mishra,BR1946,Customer Support,2024-01-28,Active,43169
EMP00981,Ananya Verma,BR1466,Delivery Agent,2024-01-09,Inactive,47240
EMP00982,Priya Reddy,BR0289,Delivery Agent,2023-01-11,Active,20600
EMP00983,Nithya Joshi,BR3056,Supervisor,2023-11-11,Active,58777
EMP00984,Rahul Naidu,BR3380,Delivery Agent,2021-09-14,Active,50998
EMP00985,Vijay Sinha,BR2919,Hub Operator,2025-11-15,Active,63245
EMP00986,Kavya Gupta,BR3360,Manager,2021-08-17,Active,43507
EMP00987,Ananya Verma,BR3461,Hub Operator,2026-04-29,Inactive,28397
EMP00988,Dinesh Nair,BR4502,Supervisor,2026-08-08,Active,44126
EMP00989,Meena Naidu,BR1913,Delivery Agent,2024-08-05,Active,63073
EMP00990,Arun Bose,BR2037,Delivery Agent,2023-11-12,Active,41452
EMP00991,Ananya Verma,BR0645,Delivery Agent,2025-01-22,Active,41865
EMP00992,Ajay Patel,BR4166,Hub Operator,2022-07-09,Inactive,36197
EMP00993,Pooja Sharma,BR4927,Customer Support,2021-03-04,Active,22406
EMP00994,Rohit Reddy,BR1774,Hub Operator,2023-06-20,Active,30380
EMP00995,Meena Mehta,BR1832,Hub Operator,2024-10-19,Active,56469
EMP00996,Vijay Verma,BR3174,Manager,2024-08-10,Active,25909
EMP00997,Divya Verma,BR3817,Customer Support,2025-10-26,Active,63163
EMP00998,Kavya Menon,BR4527,Manager,2022-08-28,Inactive,28868
EMP00999,Ajay Kumar,BR1820,Delivery Agent,2025-05-25,Active,52431
EMP01000,Priya Kapoor,BR0056,Manager,2025-02-02,Active,47015
EMP01001,Vivek Menon,BR1844,Customer Support,2025-03-13,Active,53332
EMP01002,Arun Kapoor,BR0062,Manager,2025-02-27,Active,30630
EMP01003,Swetha Kumar,BR3815,Customer Support,2021-12-25,Active,47985
EMP01004,Kavya Das,BR4204,Delivery Agent,2021-12-06,Active,37083
EMP01005,Rohit Kapoor,BR4266,Delivery Agent,2026-02-04,Active,21530
EMP01006,Priya Bose,BR0175,Delivery Agent,2023-04-19,Active,45202
EMP01007,Nithya Kumar,BR1142,Delivery Agent,2021-12-26,Active,37159
EMP01008,Nithya Kapoor,BR3431,Manager,2023-04-04,Active,48172
EMP01009,Manoj Reddy,BR4235,Manager,2025-01-25,Active,22392
EMP01010,Divya Sinha,BR2755,Manager,2025-08-06,Active,19287
EMP01011,Divya Das,BR4868,Delivery Agent,2024-11-06,Active,22700
EMP01012,Priya Bose,BR0479,Hub Operator,2025-08-12,Active,37385
EMP01013,Ajay Mishra,BR3614,Supervisor,2026-02-10,Active,38516
EMP01014,Karthik Patel,BR0591,Delivery Agent,2025-08-16,Active,49547
EMP01015,Divya Kumar,BR2639,Hub Operator,2024-09-07,Active,45079
EMP01016,Manoj Das,BR2746,Delivery Agent,2022-08-30,Active,27251
EMP01017,Sneha Naidu,BR4768,Customer Support,2021-10-30,Active,37661
EMP01018,Suresh Das,BR2133,Customer Support,2021-07-19,Active,22698
EMP01019,Divya Menon,BR4326,Delivery Agent,2021-11-24,Active,20834
EMP01020,Meena Joshi,BR1931,Hub Operator,2025-07-27,Active,49474
EMP01021,Rahul Mehta,BR2912,Hub Operator,2024-10-18,Active,34693
EMP01022,Vivek Reddy,BR1179,Supervisor,2022-02-28,Active,55196
EMP01023,Manoj Kumar,BR4376,Customer Support,2021-11-23,Active,44488
EMP01024,Rahul Das,BR1829,Delivery Agent,2021-10-01,Active,58946
EMP01025,Divya Gupta,BR0800,Delivery Agent,2022-06-21,Active,63319
EMP01026,Pooja Kumar,BR2613,Supervisor,2022-08-02,Active,22284
EMP01027,Suresh Mehta,BR1153,Manager,2024-01-18,Active,35079
EMP01028,Ajay Sharma,BR2157,Customer Support,2022-02-09,Active,48147
EMP01029,Vijay Verma,BR2744,Delivery Agent,2021-04-05,Active,21988
EMP01030,Vivek Nair,BR0518,Delivery Agent,2026-03-17,Active,49276
EMP01031,Sneha Iyer,BR0971,Customer Support,2024-12-20,Active,24795
EMP01032,Vivek Patel,BR3774,Customer Support,2022-08-15,Active,51502
EMP01033,Rohit Mehta,BR1622,Manager,2021-11-04,Active,54230
EMP01034,Nithya Nair,BR0525,Manager,2021-11-16,Active,56316
EMP01035,Vivek Nair,BR3838,Delivery Agent,2024-02-13,Active,52722
EMP01036,Ajay Mishra,BR4428,Supervisor,2024-02-23,Active,28151
EMP01037,Suresh Sinha,BR1641,Delivery Agent,2025-10-06,Active,48436
EMP01038,Ajay Verma,BR4740,Supervisor,2025-07-12,Active,57465
EMP01039,Priya Menon,BR1062,Delivery Agent,2022-03-06,Active,46673
EMP01040,Suresh Bose,BR2993,Delivery Agent,2023-12-03,Active,56689
EMP01041,Manoj Mishra,BR0415,Delivery Agent,2023-04-11,Active,52741
EMP01042,Ajay Mehta,BR3057,Delivery Agent,2022-01-20,Active,61362
EMP01043,Vijay Singh,BR3498,Delivery Agent,2025-08-17,Active,21151
EMP01044,Suresh Mehta,BR0434,Customer Support,2022-12-15,Active,34050
EMP01045,Rahul Sharma,BR3351,Customer Support,2021-03-30,Active,24431
EMP01046,Arun Sinha,BR0227,Hub Operator,2025-07-26,Active,47939
EMP01047,Pooja Gupta,BR1852,Supervisor,2024-08-15,Active,28953
EMP01048,Karthik Iyer,BR1440,Hub Operator,2022-08-07,Active,34395
EMP01049,Swetha Singh,BR0056,Customer Support,2024-07-10,Active,27228
EMP01050,Divya Reddy,BR1623,Delivery Agent,2026-05-16,Active,22462
EMP01051,Arun Nair,BR0290,Hub Operator,2022-03-04,Active,31525
EMP01052,Sneha Kumar,BR3367,Delivery Agent,2025-04-17,Active,57375
EMP01053,Karthik Mishra,BR4093,Customer Support,2025-10-07,Active,38780
EMP01054,Sneha Menon,BR0834,Delivery Agent,2025-04-14,Active,61488
EMP01055,Swetha Bose,BR4606,Hub Operator,2022-09-22,Active,25800
EMP01056,Kavya Gupta,BR2708,Customer Support,2023-09-25,Active,58406
EMP01057,Divya Pillai,BR0270,Hub Operator,2022-02-03,Active,38584
EMP01058,Kavya Nair,BR1190,Delivery Agent,2026-06-11,Active,42544
EMP01059,Pooja Singh,BR3877,Customer Support,2022-12-14,Active,54421
EMP01060,Arun Kumar,BR1829,Supervisor,2026-05-18,Active,44911
EMP01061,Vivek Mishra,BR4468,Hub Operator,2024-07-13,Active,48627
EMP01062,Vivek Sharma,BR0988,Hub Operator,2021-06-24,Active,36461
EMP01063,Pooja Iyer,BR3464,Delivery Agent,2021-12-29,Active,23762
EMP01064,Suresh Gupta,BR3730,Hub Operator,2026-03-24,Active,37053
EMP01065,Arun Sharma,BR0575,Hub Operator,2022-08-08,Active,46241
EMP01066,Arun Patel,BR3795,Customer Support,2023-11-12,Active,32582
EMP01067,Harini Kumar,BR1879,Delivery Agent,2026-09-05,Active,48031
EMP01068,Manoj Sharma,BR1054,Hub Operator,2024-08-07,Active,64339
EMP01069,Nithya Kapoor,BR4438,Delivery Agent,2022-06-06,Active,55884
EMP01070,Priya Sinha,BR2103,Delivery Agent,2024-12-16,Active,32250
EMP01071,Divya Das,BR0198,Delivery Agent,2025-07-17,Active,26454
EMP01072,Karthik Gupta,BR2245,Manager,2021-07-15,Active,28863
EMP01073,Harini Nair,BR4062,Hub Operator,2023-05-01,Active,54945
EMP01074,Karthik Mehta,BR0199,Hub Operator,2025-08-03,Active,32500
EMP01075,Vivek Nair,BR0870,Customer Support,2022-08-26,Active,56721
EMP01076,Harini Mehta,BR0173,Manager,2025-01-04,Active,26237
EMP01077,Dinesh Mishra,BR3576,Hub Operator,2025-06-09,Active,41108
EMP01078,Harini Iyer,BR0704,Hub Operator,2021-11-06,Active,18930
EMP01079,Kavya Verma,BR0459,Manager,2021-04-25,Inactive,31815
EMP01080,Priya Singh,BR1961,Hub Operator,2024-10-28,Inactive,49118
EMP01081,Priya Iyer,BR1425,Supervisor,2024-09-19,Active,39874
EMP01082,Harini Sharma,BR0779,Hub Operator,2023-11-27,Active,60742
EMP01083,Ajay Patel,BR2908,Delivery Agent,2024-08-22,Active,18247
EMP01084,Vivek Naidu,BR2954,Manager,2023-06-24,Active,63903
EMP01085,Pooja Mishra,BR0792,Customer Support,2024-11-13,Active,62186
EMP01086,Ananya Mehta,BR2872,Supervisor,2022-07-14,Active,43931
EMP01087,Kavya Sharma,BR2330,Delivery Agent,2021-09-22,Active,28180
EMP01088,Harini Mishra,BR0664,Customer Support,2021-08-23,Active,30340
EMP01089,Rahul Bose,BR2887,Customer Support,2026-09-09,Active,30582
EMP01090,Divya Verma,BR1772,Hub Operator,2021-11-30,Active,60629
EMP01091,Rohit Kumar,BR0292,Delivery Agent,2024-07-06,Active,52555
EMP01092,Arun Rao,BR3089,Hub Operator,2025-09-12,Active,53981
EMP01093,Vivek Menon,BR4816,Customer Support,2025-08-19,Active,52287
EMP01094,Manoj Sharma,BR1810,Customer Support,2023-04-23,Active,42022
EMP01095,Rahul Menon,BR4704,Delivery Agent,2024-05-17,Active,42809
EMP01096,Dinesh Rao,BR0322,Hub Operator,2025-03-03,Active,42946
EMP01097,Swetha Patel,BR1649,Hub Operator,2022-12-22,Active,58326
EMP01098,Rohit Gupta,BR4592,Supervisor,2022-10-27,Active,23658
EMP01099,Rohit Iyer,BR1422,Delivery Agent,2022-04-14,Active,26834
EMP01100,Harini Sinha,BR1199,Supervisor,2021-09-24,Active,34415
EMP01101,Kavya Mehta,BR2698,Supervisor,2025-09-07,Active,54271
EMP01102,Manoj Bose,BR0823,Customer Support,2026-08-14,Active,44090
EMP01103,Nithya Rao,BR0220,Supervisor,2021-03-12,Active,36825
EMP01104,Ajay Patel,BR2686,Hub Operator,2024-07-21,Active,28880
EMP01105,Vijay Das,BR0758,Delivery Agent,2025-03-12,Inactive,59726
EMP01106,Rahul Bose,BR1576,Delivery Agent,2022-06-15,Active,47149
EMP01107,Ananya Rao,BR0191,Customer Support,2025-05-30,Inactive,45122
EMP01108,Karthik Sinha,BR2684,Delivery Agent,2022-07-02,Active,64107
EMP01109,Manoj Reddy,BR1343,Customer Support,2023-01-27,Active,25549
EMP01110,Meena Iyer,BR4969,Delivery Agent,2024-06-19,Active,30970
EMP01111,Vivek Sharma,BR0687,Delivery Agent,2024-03-13,Active,26725
EMP01112,Vivek Rao,BR0733,Delivery Agent,2023-10-17,Active,24591
EMP01113,Sneha Singh,BR0173,Manager,2021-06-21,Active,56813
EMP01114,Nithya Rao,BR2281,Delivery Agent,2023-01-13,Active,19448
EMP01115,Arun Naidu,BR3721,Supervisor,2024-08-16,Active,32488
EMP01116,Meena Sinha,BR0751,Supervisor,2023-07-21,Active,29146
EMP01117,Dinesh Reddy,BR0651,Delivery Agent,2025-01-06,Active,27083
EMP01118,Rahul Sinha,BR0085,Delivery Agent,2024-12-08,Active,43302
EMP01119,Harini Menon,BR3021,Delivery Agent,2022-08-19,Active,47077
EMP01120,Harini Singh,BR4120,Hub Operator,2023-10-30,Active,47843
EMP01121,Divya Bose,BR4885,Hub Operator,2021-05-05,Active,29262
EMP01122,Priya Naidu,BR4356,Delivery Agent,2021-02-15,Active,45285
EMP01123,Vivek Das,BR3809,Hub Operator,2023-06-20,Active,23072
EMP01124,Manoj Joshi,BR4708,Customer Support,2025-10-25,Active,53165
EMP01125,Rahul Menon,BR3016,Customer Support,2024-07-21,Inactive,46363
EMP01126,Ajay Gupta,BR4341,Delivery Agent,2024-05-22,Active,50998
EMP01127,Arun Mishra,BR2439,Hub Operator,2026-01-05,Active,19410
EMP01128,Priya Verma,BR0385,Customer Support,2023-04-14,Active,33659
EMP01129,Ananya Verma,BR0453,Delivery Agent,2022-09-26,Active,48029
EMP01130,Arun Menon,BR1101,Customer Support,2025-03-02,Inactive,52851
EMP01131,Ananya Sharma,BR3520,Delivery Agent,2025-01-05,Active,51784
EMP01132,Ajay Das,BR4604,Customer Support,2026-02-27,Active,63042
EMP01133,Priya Patel,BR0497,Customer Support,2022-08-09,Active,56989
EMP01134,Vivek Nair,BR1535,Delivery Agent,2024-01-13,Active,64486
EMP01135,Meena Kapoor,BR0254,Supervisor,2022-08-30,Active,35844
EMP01136,Suresh Mishra,BR3414,Supervisor,2026-05-27,Active,44045
EMP01137,Dinesh Mishra,BR0882,Customer Support,2025-05-06,Active,61334
EMP01138,Arun Nair,BR0429,Hub Operator,2022-03-05,Active,42312
EMP01139,Vijay Nair,BR2151,Delivery Agent,2025-11-15,Active,44681
EMP01140,Ajay Nair,BR1936,Supervisor,2022-09-23,Active,62576
EMP01141,Dinesh Joshi,BR4537,Delivery Agent,2023-07-07,Active,56389
EMP01142,Pooja Pillai,BR0860,Hub Operator,2024-01-11,Active,49288
EMP01143,Dinesh Nair,BR0439,Delivery Agent,2023-11-02,Active,30464
EMP01144,Vijay Mishra,BR3856,Delivery Agent,2021-02-14,Active,44533
EMP01145,Pooja Gupta,BR2320,Customer Support,2025-01-10,Active,24475
EMP01146,Suresh Verma,BR2342,Manager,2021-07-11,Active,26249
EMP01147,Ajay Das,BR2390,Hub Operator,2022-11-15,Active,49895
EMP01148,Sneha Sharma,BR1696,Hub Operator,2024-11-25,Active,29049
EMP01149,Meena Sharma,BR3945,Delivery Agent,2023-01-26,Active,58851
EMP01150,Suresh Iyer,BR1495,Delivery Agent,2024-01-18,Active,55084
EMP01151,Sneha Bose,BR2071,Delivery Agent,2025-04-27,Active,19143
EMP01152,Harini Menon,BR2649,Supervisor,2021-08-02,Active,55035
EMP01153,Nithya Reddy,BR0986,Manager,2021-06-01,Active,31621
EMP01154,Vijay Menon,BR1060,Supervisor,2026-08-29,Active,38398
EMP01155,Kavya Mehta,BR0434,Delivery Agent,2026-09-20,Active,61270
EMP01156,Pooja Menon,BR2658,Customer Support,2025-10-13,Active,20308
EMP01157,Manoj Sharma,BR1641,Hub Operator,2022-05-10,Active,53555
EMP01158,Priya Mishra,BR0900,Supervisor,2021-12-27,Active,63686
EMP01159,Ananya Verma,BR3876,Supervisor,2026-02-26,Active,20380
EMP01160,Priya Mishra,BR2495,Hub Operator,2025-04-14,Active,49391
EMP01161,Swetha Rao,BR1748,Delivery Agent,2024-12-07,Inactive,19508
EMP01162,Divya Nair,BR4990,Delivery Agent,2021-08-02,Active,45748
EMP01163,Ajay Sharma,BR4175,Customer Support,2024-08-02,Active,54634
EMP01164,Priya Bose,BR4156,Delivery Agent,2022-08-08,Active,36097
EMP01165,Pooja Sinha,BR2702,Manager,2026-04-02,Active,51729
EMP01166,Priya Nair,BR2431,Delivery Agent,2022-09-04,Active,27080
EMP01167,Karthik Mehta,BR2620,Manager,2021-01-13,Active,36030
EMP01168,Kavya Joshi,BR2497,Hub Operator,2024-02-28,Active,20981
EMP01169,Vijay Pillai,BR1601,Customer Support,2022-03-16,Active,36103
EMP01170,Priya Reddy,BR3999,Hub Operator,2023-05-15,Active,53262
EMP01171,Ananya Joshi,BR4983,Supervisor,2021-05-05,Inactive,33517
EMP01172,Priya Iyer,BR3174,Delivery Agent,2025-09-23,Active,49277
EMP01173,Divya Bose,BR3478,Supervisor,2024-03-13,Active,18453
EMP01174,Karthik Patel,BR1149,Supervisor,2024-04-18,Active,56210
EMP01175,Rohit Joshi,BR3010,Supervisor,2022-06-12,Active,21634
EMP01176,Priya Naidu,BR2052,Hub Operator,2025-02-20,Active,28973
EMP01177,Suresh Menon,BR3442,Customer Support,2022-12-24,Active,53130
EMP01178,Suresh Mehta,BR0217,Hub Operator,2025-01-22,Active,49476
EMP01179,Manoj Patel,BR0472,Delivery Agent,2024-04-12,Active,33826
EMP01180,Kavya Patel,BR3528,Delivery Agent,2021-10-14,Active,58250
EMP01181,Vijay Reddy,BR1965,Delivery Agent,2026-08-11,Active,45471
EMP01182,Harini Menon,BR2397,Delivery Agent,2023-10-01,Active,41747
EMP01183,Suresh Naidu,BR2309,Delivery Agent,2025-01-02,Active,40267
EMP01184,Harini Gupta,BR4434,Hub Operator,2022-06-26,Active,26694
EMP01185,Divya Rao,BR4559,Hub Operator,2025-04-01,Active,55511
EMP01186,Rahul Kumar,BR1787,Delivery Agent,2021-06-17,Active,60416
EMP01187,Priya Sharma,BR0770,Manager,2025-06-11,Active,45481
EMP01188,Rahul Sinha,BR3935,Supervisor,2021-01-17,Active,61144
EMP01189,Manoj Verma,BR3993,Delivery Agent,2026-08-04,Active,26459
EMP01190,Sneha Nair,BR3325,Hub Operator,2022-09-03,Inactive,34475
EMP01191,Manoj Rao,BR0442,Customer Support,2022-04-08,Active,19732
EMP01192,Kavya Mishra,BR3350,Delivery Agent,2024-11-23,Active,52672
EMP01193,Suresh Singh,BR1039,Delivery Agent,2024-09-13,Active,25119
EMP01194,Dinesh Reddy,BR3630,Delivery Agent,2024-07-07,Active,53189
EMP01195,Dinesh Bose,BR3544,Customer Support,2024-07-28,Active,59234
EMP01196,Pooja Singh,BR0383,Manager,2022-04-28,Active,32934
EMP01197,Vijay Menon,BR1274,Hub Operator,2026-09-07,Active,27829
EMP01198,Vijay Rao,BR1064,Manager,2026-06-13,Active,49257
EMP01199,Swetha Reddy,BR0238,Manager,2023-06-11,Active,53882
EMP01200,Nithya Kapoor,BR0838,Customer Support,2023-05-25,Active,18409
EMP01201,Pooja Patel,BR4018,Hub Operator,2026-01-21,Active,33848
EMP01202,Arun Reddy,BR4142,Customer Support,2026-04-05,Active,52766
EMP01203,Arun Reddy,BR0072,Supervisor,2022-12-14,Active,19037
EMP01204,Vijay Verma,BR4900,Manager,2025-06-08,Active,52684
EMP01205,Sneha Das,BR2360,Supervisor,2024-01-03,Active,39848
EMP01206,Dinesh Iyer,BR3724,Delivery Agent,2026-08-25,Active,19793
EMP01207,Vivek Mishra,BR0965,Hub Operator,2022-11-12,Active,22293
EMP01208,Pooja Reddy,BR0589,Delivery Agent,2023-05-08,Active,27577
EMP01209,Manoj Mehta,BR3347,Delivery Agent,2024-11-20,Active,31076
EMP01210,Pooja Kumar,BR4108,Delivery Agent,2022-02-13,Active,60698
EMP01211,Swetha Singh,BR4384,Supervisor,2021-08-11,Active,54721
EMP01212,Rahul Patel,BR4646,Delivery Agent,2023-06-11,Active,39510
EMP01213,Ajay Kapoor,BR4541,Delivery Agent,2025-03-03,Active,19247
EMP01214,Ananya Gupta,BR4058,Delivery Agent,2026-02-06,Active,24631
EMP01215,Vijay Sharma,BR2558,Delivery Agent,2021-01-05,Active,19946
EMP01216,Sneha Iyer,BR0848,Manager,2024-01-18,Active,40476
EMP01217,Arun Gupta,BR2405,Manager,2024-05-15,Active,55633
EMP01218,Sneha Mehta,BR3920,Customer Support,2023-12-01,Active,38620
EMP01219,Suresh Nair,BR4478,Supervisor,2021-03-27,Active,36819
EMP01220,Pooja Kapoor,BR3975,Delivery Agent,2024-07-15,Active,49095
EMP01221,Vijay Nair,BR0064,Hub Operator,2022-02-21,Active,41107
EMP01222,Rahul Sharma,BR3703,Manager,2022-01-07,Active,35689
EMP01223,Arun Das,BR4221,Delivery Agent,2026-07-15,Active,61094
EMP01224,Karthik Menon,BR0887,Manager,2024-10-09,Active,44387
EMP01225,Nithya Rao,BR0762,Delivery Agent,2023-06-28,Active,50728
EMP01226,Suresh Kumar,BR1510,Customer Support,2024-07-23,Active,46856
EMP01227,Dinesh Mishra,BR4238,Supervisor,2025-10-10,Active,63759
EMP01228,Swetha Verma,BR0037,Hub Operator,2022-11-05,Active,56095
EMP01229,Meena Sinha,BR4680,Delivery Agent,2025-07-14,Active,64595
EMP01230,Rahul Singh,BR4916,Supervisor,2025-06-20,Active,59160
EMP01231,Rohit Verma,BR1994,Delivery Agent,2024-06-17,Active,55550
EMP01232,Rohit Rao,BR1697,Hub Operator,2022-10-18,Active,40803
EMP01233,Pooja Iyer,BR0357,Delivery Agent,2022-11-19,Active,28792
EMP01234,Vijay Mishra,BR0916,Hub Operator,2023-09-30,Active,49336
EMP01235,Harini Mishra,BR2884,Delivery Agent,2025-05-17,Active,18956
EMP01236,Vivek Bose,BR2547,Delivery Agent,2022-12-21,Active,43695
EMP01237,Karthik Gupta,BR0189,Customer Support,2022-08-23,Active,52120
EMP01238,Ananya Iyer,BR2927,Delivery Agent,2021-01-31,Active,43298
EMP01239,Nithya Rao,BR3286,Hub Operator,2024-04-18,Active,20215
EMP01240,Rohit Gupta,BR0504,Supervisor,2023-04-04,Active,37683
EMP01241,Dinesh Naidu,BR1731,Hub Operator,2025-10-01,Active,35889
EMP01242,Kavya Pillai,BR0240,Supervisor,2022-03-26,Active,37862
EMP01243,Priya Verma,BR3583,Hub Operator,2025-02-02,Active,51116
EMP01244,Rahul Pillai,BR2964,Manager,2024-07-01,Active,26406
EMP01245,Nithya Naidu,BR0236,Delivery Agent,2022-01-31,Active,23462
EMP01246,Rahul Pillai,BR2138,Supervisor,2025-08-05,Active,28138
EMP01247,Suresh Rao,BR0151,Customer Support,2021-10-03,Active,51114
EMP01248,Karthik Nair,BR3341,Customer Support,2023-04-11,Active,57526
EMP01249,Karthik Mehta,BR2512,Delivery Agent,2021-03-19,Active,49574
EMP01250,Ananya Singh,BR1133,Customer Support,2021-02-04,Active,63652
EMP01251,Karthik Sharma,BR2024,Hub Operator,2021-03-04,Active,30614
EMP01252,Vijay Menon,BR0564,Delivery Agent,2022-12-28,Active,31652
EMP01253,Swetha Mishra,BR0354,Supervisor,2026-09-10,Active,39932
EMP01254,Rahul Patel,BR4840,Hub Operator,2025-04-14,Active,27590
EMP01255,Dinesh Joshi,BR2268,Delivery Agent,2024-07-28,Active,38179
EMP01256,Karthik Reddy,BR1563,Delivery Agent,2025-04-22,Active,37831
EMP01257,Harini Joshi,BR1859,Delivery Agent,2024-08-03,Active,26223
EMP01258,Vijay Reddy,BR2151,Delivery Agent,2024-07-10,Active,36495
EMP01259,Kavya Das,BR2406,Manager,2024-10-02,Active,47381
EMP01260,Swetha Pillai,BR0709,Customer Support,2024-03-19,Active,38212
EMP01261,Divya Joshi,BR4923,Delivery Agent,2021-01-04,Active,40917
EMP01262,Karthik Bose,BR4944,Customer Support,2026-07-04,Active,43585
EMP01263,Harini Iyer,BR4767,Supervisor,2024-08-17,Active,18885
EMP01264,Harini Pillai,BR1622,Delivery Agent,2025-06-09,Active,34961
EMP01265,Vivek Kumar,BR0899,Manager,2022-12-14,Active,49015
EMP01266,Ananya Kapoor,BR2885,Supervisor,2021-04-02,Active,53693
EMP01267,Ananya Pillai,BR3407,Supervisor,2025-03-06,Active,54798
EMP01268,Rahul Reddy,BR1762,Customer Support,2025-02-28,Active,61987
EMP01269,Nithya Sharma,BR3343,Delivery Agent,2021-12-03,Active,45259
EMP01270,Pooja Patel,BR3739,Delivery Agent,2021-06-25,Active,35577
EMP01271,Harini Reddy,BR4685,Delivery Agent,2023-12-18,Inactive,45511
EMP01272,Rahul Pillai,BR3218,Manager,2026-01-06,Active,41756
EMP01273,Vijay Kumar,BR2058,Delivery Agent,2025-05-03,Active,23989
EMP01274,Manoj Kapoor,BR0452,Customer Support,2021-09-19,Inactive,27671
EMP01275,Kavya Kapoor,BR3522,Manager,2023-11-26,Active,37033
EMP01276,Meena Sharma,BR2484,Manager,2025-08-16,Active,22285
EMP01277,Divya Naidu,BR3385,Hub Operator,2025-01-19,Active,38937
EMP01278,Pooja Naidu,BR4782,Customer Support,2022-09-20,Active,55320
EMP01279,Rohit Das,BR0831,Supervisor,2025-04-12,Active,56875
EMP01280,Manoj Pillai,BR3534,Hub Operator,2025-07-26,Active,54486
EMP01281,Priya Singh,BR0893,Hub Operator,2021-04-20,Active,61050
EMP01282,Sneha Pillai,BR0311,Delivery Agent,2025-12-05,Active,27072
EMP01283,Ajay Patel,BR2106,Customer Support,2023-09-14,Active,45660
EMP01284,Harini Bose,BR0062,Delivery Agent,2025-01-30,Active,62001
EMP01285,Nithya Singh,BR0997,Delivery Agent,2026-07-07,Active,37594
EMP01286,Meena Singh,BR4371,Delivery Agent,2026-07-05,Inactive,47166
EMP01287,Kavya Iyer,BR4177,Delivery Agent,2024-05-27,Active,53055
EMP01288,Ananya Rao,BR0432,Supervisor,2026-01-03,Active,30764
EMP01289,Harini Kumar,BR3304,Supervisor,2026-05-18,Active,39999
EMP01290,Pooja Das,BR1485,Customer Support,2022-10-05,Active,43850
EMP01291,Ajay Sinha,BR3477,Manager,2025-12-25,Active,40638
EMP01292,Arun Nair,BR3691,Customer Support,2022-04-12,Active,24142
EMP01293,Nithya Das,BR0280,Customer Support,2021-11-09,Active,52778
EMP01294,Pooja Mishra,BR4766,Supervisor,2021-05-21,Active,57714
EMP01295,Meena Rao,BR2971,Delivery Agent,2024-06-27,Active,28456
EMP01296,Harini Nair,BR4020,Hub Operator,2026-07-07,Active,60606
EMP01297,Vijay Mishra,BR4931,Customer Support,2023-04-20,Active,44727
EMP01298,Swetha Naidu,BR2677,Delivery Agent,2024-03-26,Active,24670
EMP01299,Divya Menon,BR1744,Delivery Agent,2023-03-26,Active,31889
EMP01300,Suresh Iyer,BR4100,Supervisor,2023-04-18,Active,62429
EMP01301,Vivek Patel,BR3501,Manager,2021-05-25,Active,53853
EMP01302,Karthik Nair,BR0697,Delivery Agent,2024-06-09,Active,27965
EMP01303,Harini Reddy,BR0896,Delivery Agent,2026-05-22,Active,20934
EMP01304,Sneha Menon,BR4321,Hub Operator,2021-07-06,Active,50680
EMP01305,Harini Verma,BR0621,Delivery Agent,2026-07-28,Active,35787
EMP01306,Ananya Iyer,BR1882,Supervisor,2025-12-28,Active,39793
EMP01307,Pooja Joshi,BR0871,Manager,2025-01-23,Active,64187
EMP01308,Arun Kumar,BR2052,Delivery Agent,2023-11-16,Active,42223
EMP01309,Pooja Iyer,BR1953,Hub Operator,2023-01-18,Active,46717
EMP01310,Manoj Nair,BR4530,Delivery Agent,2024-09-01,Active,46244
EMP01311,Ananya Sharma,BR1917,Hub Operator,2021-08-29,Active,47717
EMP01312,Priya Singh,BR3892,Delivery Agent,2023-03-29,Active,38694
EMP01313,Priya Kumar,BR4619,Customer Support,2021-05-02,Inactive,41327
EMP01314,Manoj Das,BR3203,Delivery Agent,2026-03-24,Active,53275
EMP01315,Swetha Rao,BR3358,Supervisor,2025-09-07,Active,34552
EMP01316,Priya Singh,BR4561,Customer Support,2021-01-02,Active,39300
EMP01317,Karthik Gupta,BR4577,Manager,2024-06-08,Active,37188
EMP01318,Divya Patel,BR3217,Manager,2023-10-13,Active,63294
EMP01319,Manoj Singh,BR0167,Delivery Agent,2022-07-29,Active,25082
EMP01320,Pooja Patel,BR0289,Hub Operator,2024-10-20,Active,19853
EMP01321,Harini Bose,BR0879,Delivery Agent,2024-05-13,Active,61052
EMP01322,Arun Joshi,BR1474,Hub Operator,2021-11-03,Active,22860
EMP01323,Manoj Verma,BR1669,Hub Operator,2025-04-27,Active,22829
EMP01324,Pooja Sharma,BR3748,Customer Support,2024-07-11,Active,34578
EMP01325,Meena Patel,BR3331,Manager,2023-03-05,Active,47431
EMP01326,Kavya Reddy,BR3944,Customer Support,2023-08-08,Active,47183
EMP01327,Vijay Kumar,BR0160,Supervisor,2023-10-19,Active,18670
EMP01328,Pooja Das,BR2190,Hub Operator,2026-02-01,Active,50249
EMP01329,Ajay Mishra,BR1783,Delivery Agent,2022-03-24,Active,44037
EMP01330,Suresh Verma,BR4075,Hub Operator,2025-11-18,Active,23794
EMP01331,Ajay Das,BR3546,Manager,2025-09-25,Active,21221
EMP01332,Meena Patel,BR2001,Delivery Agent,2021-03-29,Active,38878
EMP01333,Sneha Naidu,BR3388,Delivery Agent,2023-02-07,Active,41879
EMP01334,Swetha Sinha,BR3667,Delivery Agent,2021-12-03,Active,27968
EMP01335,Harini Sinha,BR2123,Manager,2026-05-01,Active,52217
EMP01336,Pooja Joshi,BR0775,Hub Operator,2026-03-15,Active,33399
EMP01337,Suresh Sinha,BR4493,Delivery Agent,2023-08-08,Inactive,38343
EMP01338,Pooja Mishra,BR0627,Manager,2023-08-24,Active,41267
EMP01339,Karthik Reddy,BR0665,Supervisor,2024-05-07,Active,28097
EMP01340,Manoj Pillai,BR2188,Supervisor,2021-05-13,Active,39631
EMP01341,Meena Mehta,BR1295,Manager,2022-10-28,Active,33933
EMP01342,Priya Mehta,BR2571,Supervisor,2026-05-10,Active,34147
EMP01343,Ajay Sinha,BR0615,Manager,2025-11-17,Active,43234
EMP01344,Dinesh Sharma,BR4512,Customer Support,2023-05-24,Active,57135
EMP01345,Priya Sinha,BR3849,Delivery Agent,2022-02-11,Active,20929
EMP01346,Karthik Menon,BR4265,Delivery Agent,2024-05-15,Active,44358
EMP01347,Ananya Singh,BR4046,Customer Support,2025-04-29,Active,42025
EMP01348,Arun Sharma,BR3928,Delivery Agent,2021-09-02,Active,40280
EMP01349,Meena Pillai,BR2005,Delivery Agent,2022-08-24,Active,30131
EMP01350,Kavya Patel,BR0621,Supervisor,2025-03-26,Active,61068
EMP01351,Ananya Rao,BR1061,Delivery Agent,2023-09-15,Active,28529
EMP01352,Nithya Menon,BR3205,Hub Operator,2022-07-23,Active,37563
EMP01353,Meena Iyer,BR4105,Customer Support,2021-12-02,Active,25365
EMP01354,Suresh Mishra,BR4281,Hub Operator,2026-08-12,Active,21158
EMP01355,Sneha Gupta,BR1094,Supervisor,2022-09-12,Active,44170
EMP01356,Suresh Patel,BR2280,Manager,2023-06-17,Active,54493
EMP01357,Ajay Sinha,BR1906,Delivery Agent,2023-05-14,Active,61445
EMP01358,Swetha Reddy,BR3469,Delivery Agent,2023-08-18,Inactive,19279
EMP01359,Ajay Reddy,BR0848,Delivery Agent,2024-03-02,Active,20643
EMP01360,Kavya Nair,BR2678,Customer Support,2025-07-25,Inactive,64433
EMP01361,Nithya Rao,BR4433,Delivery Agent,2024-06-01,Active,62893
EMP01362,Rahul Pillai,BR1718,Customer Support,2023-03-01,Active,45947
EMP01363,Karthik Nair,BR3230,Hub Operator,2024-05-26,Active,59884
EMP01364,Dinesh Sharma,BR2745,Delivery Agent,2026-04-25,Active,55098
EMP01365,Harini Mishra,BR0139,Hub Operator,2024-02-05,Active,42413
EMP01366,Vijay Kumar,BR0200,Delivery Agent,2024-07-10,Active,46717
EMP01367,Kavya Verma,BR2355,Delivery Agent,2025-11-01,Active,34985
EMP01368,Dinesh Sharma,BR3648,Manager,2024-10-18,Active,50374
EMP01369,Ajay Verma,BR2789,Delivery Agent,2024-08-19,Active,39085
EMP01370,Karthik Sharma,BR3585,Hub Operator,2024-08-20,Active,36593
EMP01371,Divya Naidu,BR1113,Customer Support,2026-03-05,Active,45949
EMP01372,Dinesh Sinha,BR2908,Customer Support,2026-09-05,Active,50240
EMP01373,Priya Sharma,BR1373,Delivery Agent,2026-02-05,Active,21602
EMP01374,Ajay Reddy,BR4502,Delivery Agent,2024-09-17,Active,28730
EMP01375,Divya Naidu,BR3473,Hub Operator,2021-02-19,Active,30317
EMP01376,Sneha Naidu,BR4365,Supervisor,2023-01-14,Active,58199
EMP01377,Rohit Pillai,BR0336,Supervisor,2026-03-26,Active,47781
EMP01378,Manoj Das,BR2419,Hub Operator,2025-03-17,Active,20013
EMP01379,Rohit Iyer,BR0588,Hub Operator,2021-10-18,Active,64353
EMP01380,Sneha Gupta,BR4336,Manager,2024-09-09,Active,27174
EMP01381,Karthik Kapoor,BR0807,Delivery Agent,2025-10-02,Active,47499
EMP01382,Vivek Joshi,BR0829,Delivery Agent,2025-05-21,Active,46759
EMP01383,Vivek Mishra,BR2895,Hub Operator,2025-03-28,Active,22907
EMP01384,Sneha Singh,BR3232,Delivery Agent,2024-02-13,Active,55939
EMP01385,Swetha Sinha,BR3585,Delivery Agent,2021-07-19,Active,20567
EMP01386,Ananya Kumar,BR1743,Delivery Agent,2024-06-28,Active,20985
EMP01387,Rahul Iyer,BR2083,Customer Support,2021-06-18,Active,60829
EMP01388,Harini Reddy,BR0724,Customer Support,2022-02-19,Active,60146
EMP01389,Ananya Iyer,BR4767,Delivery Agent,2025-10-25,Active,31127
EMP01390,Kavya Nair,BR2964,Hub Operator,2024-08-04,Active,21905
EMP01391,Ajay Das,BR3887,Hub Operator,2022-09-19,Active,55859
EMP01392,Ajay Verma,BR2072,Hub Operator,2021-03-14,Active,24960
EMP01393,Meena Menon,BR2548,Delivery Agent,2022-09-16,Active,38673
EMP01394,Divya Mishra,BR0330,Supervisor,2021-07-07,Active,31659
EMP01395,Ananya Kapoor,BR0505,Delivery Agent,2025-12-26,Active,19732
EMP01396,Priya Rao,BR2809,Delivery Agent,2026-02-04,Active,51240
EMP01397,Sneha Naidu,BR3043,Customer Support,2025-09-10,Active,25552
EMP01398,Rahul Joshi,BR2430,Manager,2025-04-16,Active,57090
EMP01399,Suresh Mishra,BR4800,Delivery Agent,2026-01-31,Active,56229
EMP01400,Manoj Sinha,BR2141,Delivery Agent,2023-11-09,Active,41750
EMP01401,Vijay Patel,BR1225,Delivery Agent,2023-05-22,Active,30853
EMP01402,Karthik Reddy,BR3192,Hub Operator,2021-06-20,Active,35403
EMP01403,Rahul Kapoor,BR4746,Supervisor,2025-05-08,Active,40486
EMP01404,Ajay Gupta,BR3840,Customer Support,2026-02-05,Active,61735
EMP01405,Priya Das,BR0957,Delivery Agent,2024-06-10,Active,29289
EMP01406,Kavya Verma,BR3586,Customer Support,2022-03-09,Active,29085
EMP01407,Vivek Das,BR3351,Delivery Agent,2025-07-03,Active,52142
EMP01408,Kavya Menon,BR0850,Delivery Agent,2026-05-21,Active,24320
EMP01409,Rahul Reddy,BR0954,Delivery Agent,2024-05-17,Active,26812
EMP01410,Vivek Mishra,BR4491,Delivery Agent,2023-10-30,Active,40672
EMP01411,Rahul Sinha,BR2405,Supervisor,2023-03-29,Active,51643
EMP01412,Manoj Mishra,BR4088,Manager,2024-10-04,Active,20653
EMP01413,Nithya Bose,BR3425,Delivery Agent,2023-07-31,Active,23563
EMP01414,Dinesh Gupta,BR1060,Customer Support,2023-05-14,Active,32804
EMP01415,Vijay Kumar,BR1977,Hub Operator,2023-01-30,Active,52439
EMP01416,Harini Sinha,BR4568,Supervisor,2021-02-27,Active,63244
EMP01417,Nithya Iyer,BR2905,Customer Support,2021-09-14,Active,29324
EMP01418,Vijay Iyer,BR2327,Delivery Agent,2025-06-18,Active,48465
EMP01419,Meena Menon,BR4534,Supervisor,2026-02-27,Active,59007
EMP01420,Rohit Mishra,BR1599,Hub Operator,2021-03-23,Active,37188
EMP01421,Arun Reddy,BR3798,Manager,2025-11-19,Active,53629
EMP01422,Karthik Verma,BR4129,Hub Operator,2023-02-08,Active,37260
EMP01423,Vivek Bose,BR0687,Delivery Agent,2022-03-01,Active,23509
EMP01424,Rahul Bose,BR1555,Supervisor,2026-03-06,Active,50268
EMP01425,Divya Mishra,BR0930,Supervisor,2025-12-30,Active,20110
EMP01426,Rahul Verma,BR1498,Manager,2025-05-27,Active,33202
EMP01427,Nithya Naidu,BR2052,Supervisor,2026-07-29,Active,22829
EMP01428,Ananya Verma,BR1121,Delivery Agent,2023-10-06,Active,42109
EMP01429,Rahul Bose,BR2507,Supervisor,2023-05-09,Active,59377
EMP01430,Rahul Patel,BR3826,Hub Operator,2021-06-19,Active,62137
EMP01431,Karthik Menon,BR3200,Hub Operator,2024-02-06,Inactive,56798
EMP01432,Pooja Joshi,BR0693,Delivery Agent,2024-02-10,Inactive,26057
EMP01433,Dinesh Reddy,BR1657,Customer Support,2021-08-12,Active,44953
EMP01434,Rohit Mishra,BR0918,Supervisor,2022-04-29,Active,23356
EMP01435,Manoj Nair,BR4514,Customer Support,2025-12-07,Active,34663
EMP01436,Divya Iyer,BR0417,Delivery Agent,2026-06-07,Active,53665
EMP01437,Harini Verma,BR2585,Delivery Agent,2022-08-21,Active,63442
EMP01438,Priya Bose,BR3182,Customer Support,2021-03-26,Active,47723
EMP01439,Rahul Pillai,BR4402,Hub Operator,2023-09-17,Inactive,33281
EMP01440,Manoj Bose,BR2387,Hub Operator,2022-10-29,Active,28976
EMP01441,Rahul Pillai,BR1796,Hub Operator,2022-08-01,Active,33280
EMP01442,Arun Verma,BR0072,Supervisor,2024-03-20,Active,52473
EMP01443,Meena Reddy,BR1837,Hub Operator,2024-10-28,Active,43346
EMP01444,Divya Kapoor,BR3188,Hub Operator,2024-11-08,Active,39207
EMP01445,Sneha Naidu,BR2890,Hub Operator,2026-05-31,Active,55120
EMP01446,Ananya Bose,BR4636,Hub Operator,2024-08-02,Active,30082
EMP01447,Vijay Bose,BR1718,Customer Support,2025-12-13,Active,38860
EMP01448,Swetha Joshi,BR3258,Delivery Agent,2024-01-05,Active,30777
EMP01449,Ajay Sinha,BR4949,Customer Support,2022-12-29,Active,61981
EMP01450,Divya Nair,BR0763,Delivery Agent,2023-12-02,Active,39730
EMP01451,Vivek Sharma,BR2955,Delivery Agent,2022-02-26,Active,58463
EMP01452,Ananya Bose,BR3216,Customer Support,2026-06-04,Inactive,39704
EMP01453,Kavya Bose,BR4348,Delivery Agent,2022-02-28,Active,61723
EMP01454,Manoj Kapoor,BR0863,Customer Support,2025-05-02,Active,32750
EMP01455,Meena Pillai,BR4268,Delivery Agent,2021-08-25,Active,29568
EMP01456,Dinesh Mishra,BR4337,Customer Support,2021-11-15,Active,18773
EMP01457,Arun Singh,BR3995,Customer Support,2023-12-07,Active,47542
EMP01458,Priya Das,BR0337,Customer Support,2022-01-21,Active,32451
EMP01459,Priya Gupta,BR4850,Supervisor,2024-06-01,Active,58733
EMP01460,Meena Gupta,BR0080,Hub Operator,2023-10-23,Active,43450
EMP01461,Rohit Singh,BR2817,Supervisor,2021-06-14,Active,40627
EMP01462,Ananya Kumar,BR3319,Delivery Agent,2021-05-30,Active,27048
EMP01463,Ananya Kumar,BR2171,Delivery Agent,2026-03-05,Active,42755
EMP01464,Ananya Singh,BR2752,Manager,2023-12-24,Active,29548
EMP01465,Arun Mishra,BR1957,Supervisor,2022-08-22,Active,54982
EMP01466,Pooja Rao,BR4503,Customer Support,2023-07-07,Inactive,31269
EMP01467,Karthik Mishra,BR3611,Customer Support,2025-12-12,Active,31415
EMP01468,Vijay Mishra,BR1893,Delivery Agent,2023-08-14,Active,29464
EMP01469,Ajay Sharma,BR3672,Manager,2025-01-09,Active,36516
EMP01470,Harini Verma,BR2522,Delivery Agent,2023-11-30,Active,41278
EMP01471,Karthik Sharma,BR4696,Delivery Agent,2025-08-30,Active,18487
EMP01472,Swetha Menon,BR0863,Delivery Agent,2021-04-29,Active,64346
EMP01473,Sneha Nair,BR2777,Delivery Agent,2023-03-14,Active,32924
EMP01474,Kavya Bose,BR0179,Customer Support,2026-08-02,Active,34531
EMP01475,Dinesh Kapoor,BR0130,Delivery Agent,2023-07-17,Active,46745
EMP01476,Swetha Mishra,BR1277,Supervisor,2021-02-21,Active,64294
EMP01477,Vivek Das,BR1095,Delivery Agent,2026-01-13,Active,46255
EMP01478,Vivek Verma,BR3440,Delivery Agent,2024-05-24,Active,23547
EMP01479,Swetha Menon,BR1111,Delivery Agent,2022-03-23,Active,63706
EMP01480,Harini Mishra,BR0861,Delivery Agent,2026-04-25,Active,45621
EMP01481,Dinesh Bose,BR3678,Supervisor,2026-02-18,Active,30159
EMP01482,Harini Reddy,BR0413,Delivery Agent,2021-06-09,Active,56816
EMP01483,Ajay Gupta,BR0927,Delivery Agent,2025-12-31,Active,48531
EMP01484,Arun Rao,BR3498,Hub Operator,2022-03-12,Active,21308
EMP01485,Dinesh Iyer,BR2754,Delivery Agent,2021-12-04,Active,28486
EMP01486,Karthik Sharma,BR0335,Supervisor,2021-09-24,Active,55936
EMP01487,Harini Pillai,BR2045,Customer Support,2021-11-27,Active,27742
EMP01488,Sneha Kumar,BR1552,Delivery Agent,2026-08-06,Active,55762
EMP01489,Vijay Sharma,BR2056,Hub Operator,2024-11-09,Active,25618
EMP01490,Nithya Mehta,BR3624,Delivery Agent,2023-12-01,Active,29224
EMP01491,Kavya Reddy,BR0209,Customer Support,2022-04-15,Active,21413
EMP01492,Karthik Bose,BR1781,Hub Operator,2022-03-31,Active,50906
EMP01493,Ajay Sharma,BR0206,Supervisor,2022-01-09,Active,45210
EMP01494,Manoj Iyer,BR2645,Customer Support,2024-08-21,Active,51718
EMP01495,Priya Kapoor,BR0283,Supervisor,2022-10-14,Active,23639
EMP01496,Arun Kumar,BR1696,Supervisor,2025-01-14,Active,40564
EMP01497,Divya Gupta,BR1488,Delivery Agent,2023-10-01,Active,37711
EMP01498,Kavya Singh,BR1916,Hub Operator,2026-08-27,Active,45250
EMP01499,Karthik Joshi,BR2167,Delivery Agent,2024-03-03,Active,20762
EMP01500,Karthik Singh,BR1969,Delivery Agent,2024-08-28,Active,48230
EMP01501,Kavya Sinha,BR0755,Delivery Agent,2021-07-13,Active,46257
EMP01502,Ajay Naidu,BR2429,Delivery Agent,2022-10-22,Active,36465
EMP01503,Rahul Mishra,BR0536,Supervisor,2026-01-30,Active,49977
EMP01504,Pooja Sharma,BR0341,Delivery Agent,2024-07-23,Active,37633
EMP01505,Harini Kumar,BR2727,Customer Support,2026-06-29,Active,19070
EMP01506,Nithya Singh,BR0904,Delivery Agent,2024-04-24,Active,21543
EMP01507,Vijay Nair,BR3922,Hub Operator,2026-09-28,Active,25042
EMP01508,Suresh Verma,BR1491,Delivery Agent,2024-04-19,Active,59885
EMP01509,Divya Nair,BR0147,Customer Support,2024-11-14,Active,44176
EMP01510,Rahul Sharma,BR3750,Manager,2023-08-13,Active,60769
EMP01511,Swetha Menon,BR4524,Hub Operator,2026-05-25,Active,25603
EMP01512,Dinesh Pillai,BR3654,Hub Operator,2024-04-15,Active,55826
EMP01513,Manoj Naidu,BR2330,Manager,2025-06-11,Active,64586
EMP01514,Rahul Joshi,BR2140,Delivery Agent,2022-05-11,Active,19495
EMP01515,Priya Pillai,BR0418,Delivery Agent,2021-04-23,Active,20072
EMP01516,Manoj Kumar,BR1197,Customer Support,2025-11-18,Active,31057
EMP01517,Nithya Kumar,BR4389,Hub Operator,2021-05-01,Active,55077
EMP01518,Suresh Patel,BR1625,Supervisor,2023-08-01,Inactive,60056
EMP01519,Ajay Rao,BR4767,Hub Operator,2021-08-06,Inactive,28102
EMP01520,Vivek Rao,BR0104,Customer Support,2023-02-16,Active,57989
EMP01521,Karthik Nair,BR0579,Supervisor,2021-06-29,Inactive,26847
EMP01522,Priya Sharma,BR2986,Customer Support,2022-05-09,Active,32890
EMP01523,Arun Sinha,BR3205,Delivery Agent,2023-01-26,Active,23736
EMP01524,Pooja Menon,BR3164,Hub Operator,2024-11-20,Active,46687
EMP01525,Pooja Joshi,BR0561,Manager,2022-09-01,Active,49438
EMP01526,Priya Sharma,BR0665,Delivery Agent,2025-02-25,Active,51946
EMP01527,Meena Verma,BR0138,Customer Support,2025-10-01,Active,28374
EMP01528,Vijay Das,BR1122,Supervisor,2024-10-30,Active,31653
EMP01529,Manoj Rao,BR3599,Customer Support,2023-04-28,Inactive,48525
EMP01530,Vivek Joshi,BR2253,Delivery Agent,2022-10-28,Active,32653
EMP01531,Nithya Das,BR2235,Delivery Agent,2021-03-30,Inactive,32650
EMP01532,Manoj Gupta,BR4337,Hub Operator,2022-01-11,Active,22306
EMP01533,Divya Mishra,BR3639,Delivery Agent,2025-04-20,Active,30185
EMP01534,Arun Verma,BR4919,Delivery Agent,2021-12-15,Inactive,25184
EMP01535,Harini Menon,BR2250,Delivery Agent,2021-08-22,Active,61448
EMP01536,Kavya Naidu,BR3256,Supervisor,2025-06-07,Active,23117
EMP01537,Vivek Patel,BR3845,Supervisor,2022-11-11,Active,44849
EMP01538,Rohit Das,BR2822,Delivery Agent,2025-12-03,Inactive,43618
EMP01539,Meena Das,BR2472,Supervisor,2023-12-27,Active,40108
EMP01540,Pooja Gupta,BR3312,Customer Support,2025-08-08,Active,44586
EMP01541,Divya Sinha,BR0229,Hub Operator,2023-03-11,Active,33435
EMP01542,Karthik Patel,BR0128,Delivery Agent,2022-02-12,Active,19781
EMP01543,Divya Iyer,BR0149,Customer Support,2021-04-06,Active,42695
EMP01544,Vijay Naidu,BR1876,Delivery Agent,2026-03-31,Active,46152
EMP01545,Manoj Mishra,BR2275,Hub Operator,2025-06-09,Active,36997
EMP01546,Swetha Sharma,BR0383,Delivery Agent,2022-02-11,Active,59412
EMP01547,Swetha Nair,BR2379,Supervisor,2023-10-28,Active,35373
EMP01548,Manoj Sinha,BR1476,Delivery Agent,2024-07-08,Active,19948
EMP01549,Pooja Nair,BR4506,Customer Support,2026-06-21,Active,47626
EMP01550,Swetha Verma,BR4750,Hub Operator,2022-12-12,Active,45670
EMP01551,Pooja Mishra,BR1534,Manager,2023-08-26,Active,34316
EMP01552,Karthik Das,BR2282,Delivery Agent,2026-03-31,Active,59081
EMP01553,Nithya Kapoor,BR2148,Manager,2025-03-12,Active,37188
EMP01554,Nithya Patel,BR1177,Supervisor,2023-05-31,Active,64319
EMP01555,Divya Naidu,BR1383,Customer Support,2024-06-29,Active,63636
EMP01556,Kavya Gupta,BR2378,Supervisor,2025-03-29,Active,30525
EMP01557,Suresh Patel,BR3264,Customer Support,2026-07-15,Active,60755
EMP01558,Rohit Gupta,BR3141,Delivery Agent,2026-03-13,Active,36186
EMP01559,Dinesh Menon,BR1860,Customer Support,2023-06-05,Active,29178
EMP01560,Pooja Singh,BR1137,Hub Operator,2022-02-09,Inactive,18269
EMP01561,Arun Singh,BR3476,Hub Operator,2026-08-16,Active,48239
EMP01562,Divya Bose,BR2430,Hub Operator,2022-02-24,Active,51891
EMP01563,Sneha Kumar,BR4139,Delivery Agent,2022-07-21,Active,57095
EMP01564,Pooja Kumar,BR4485,Hub Operator,2026-01-03,Active,24220
EMP01565,Harini Bose,BR3820,Delivery Agent,2026-04-22,Active,24879
EMP01566,Ananya Sharma,BR3037,Delivery Agent,2022-07-15,Active,22273
EMP01567,Nithya Reddy,BR0110,Hub Operator,2024-01-22,Active,59149
EMP01568,Harini Verma,BR0928,Delivery Agent,2026-04-18,Active,52056
EMP01569,Vijay Mishra,BR0854,Customer Support,2024-03-23,Active,60910
EMP01570,Vijay Sinha,BR1837,Delivery Agent,2023-10-16,Active,20994
EMP01571,Pooja Bose,BR4523,Supervisor,2025-03-09,Active,53701
EMP01572,Meena Gupta,BR3830,Delivery Agent,2022-08-10,Active,62209
EMP01573,Vijay Singh,BR0364,Hub Operator,2021-12-18,Inactive,46776
EMP01574,Harini Nair,BR4167,Hub Operator,2021-03-01,Inactive,39456
EMP01575,Sneha Pillai,BR0993,Customer Support,2022-10-22,Active,56142
EMP01576,Vivek Mehta,BR3898,Hub Operator,2025-10-07,Inactive,23836
EMP01577,Meena Sinha,BR4636,Customer Support,2024-12-12,Active,41671
EMP01578,Suresh Sinha,BR3285,Supervisor,2026-03-04,Active,40941
EMP01579,Priya Patel,BR3795,Delivery Agent,2021-11-10,Active,63677
EMP01580,Sneha Patel,BR1331,Delivery Agent,2025-09-03,Active,59610
EMP01581,Karthik Patel,BR1914,Customer Support,2024-05-04,Active,22994
EMP01582,Vivek Joshi,BR3723,Supervisor,2025-05-09,Active,24837
EMP01583,Sneha Sharma,BR1937,Hub Operator,2023-10-15,Active,63010
EMP01584,Priya Naidu,BR1869,Customer Support,2021-04-24,Inactive,31461
EMP01585,Divya Rao,BR2089,Delivery Agent,2022-03-20,Active,40192
EMP01586,Priya Nair,BR2355,Supervisor,2025-12-08,Active,39558
EMP01587,Manoj Pillai,BR2827,Supervisor,2023-11-12,Active,56718
EMP01588,Ananya Joshi,BR1023,Hub Operator,2023-10-25,Active,28079
EMP01589,Rahul Verma,BR1843,Delivery Agent,2026-09-21,Active,31119
EMP01590,Rahul Naidu,BR3099,Hub Operator,2022-04-18,Active,54724
EMP01591,Rohit Bose,BR2609,Delivery Agent,2022-07-10,Active,63911
EMP01592,Swetha Bose,BR1462,Hub Operator,2024-07-01,Active,53400
EMP01593,Kavya Nair,BR2318,Delivery Agent,2023-06-01,Active,63614
EMP01594,Dinesh Verma,BR1534,Delivery Agent,2025-05-31,Active,23271
EMP01595,Suresh Verma,BR2770,Delivery Agent,2023-05-15,Active,35451
EMP01596,Dinesh Mehta,BR3276,Manager,2023-12-30,Active,20813
EMP01597,Vivek Menon,BR0794,Hub Operator,2024-06-07,Active,64486
EMP01598,Ananya Sinha,BR3624,Hub Operator,2025-11-07,Active,58128
EMP01599,Ajay Iyer,BR2294,Hub Operator,2024-02-12,Inactive,31524
EMP01600,Harini Kapoor,BR1554,Hub Operator,2021-11-21,Active,51038
EMP01601,Ananya Bose,BR0502,Delivery Agent,2021-12-26,Active,36638
EMP01602,Harini Rao,BR3182,Delivery Agent,2026-08-12,Active,36250
EMP01603,Karthik Sinha,BR0914,Delivery Agent,2025-06-02,Active,30541
EMP01604,Meena Pillai,BR2817,Delivery Agent,2024-12-09,Active,48204
EMP01605,Rohit Sinha,BR2064,Delivery Agent,2023-03-10,Active,30992
EMP01606,Suresh Verma,BR3429,Supervisor,2024-09-02,Inactive,47666
EMP01607,Priya Rao,BR3016,Delivery Agent,2024-09-22,Active,60473
EMP01608,Manoj Patel,BR4596,Delivery Agent,2021-12-10,Active,29130
EMP01609,Nithya Patel,BR1986,Delivery Agent,2025-02-20,Active,32879
EMP01610,Sneha Gupta,BR2679,Customer Support,2021-11-21,Active,51854
EMP01611,Rahul Pillai,BR3037,Customer Support,2022-05-15,Active,53209
EMP01612,Divya Sharma,BR2526,Delivery Agent,2026-01-13,Active,41691
EMP01613,Suresh Mishra,BR3971,Delivery Agent,2025-07-17,Active,41254
EMP01614,Rahul Menon,BR3336,Delivery Agent,2022-01-20,Active,35152
EMP01615,Swetha Sinha,BR1276,Delivery Agent,2024-12-20,Active,22704
EMP01616,Kavya Naidu,BR3602,Supervisor,2022-06-19,Active,39094
EMP01617,Dinesh Rao,BR1626,Manager,2025-10-25,Active,61538
EMP01618,Arun Verma,BR1561,Hub Operator,2021-06-23,Active,57946
EMP01619,Priya Sharma,BR3346,Delivery Agent,2026-06-19,Active,56192
EMP01620,Vijay Kumar,BR3096,Delivery Agent,2021-01-15,Active,35219
EMP01621,Kavya Iyer,BR3141,Supervisor,2021-04-23,Active,47506
EMP01622,Nithya Das,BR0011,Delivery Agent,2022-10-01,Active,19455
EMP01623,Suresh Sinha,BR0260,Hub Operator,2023-11-15,Active,46966
EMP01624,Meena Rao,BR3082,Customer Support,2023-04-01,Active,47960
EMP01625,Vivek Menon,BR3658,Delivery Agent,2025-03-18,Active,51550
EMP01626,Ananya Gupta,BR2956,Delivery Agent,2023-12-25,Active,51384
EMP01627,Manoj Sinha,BR2795,Customer Support,2026-05-19,Inactive,32848
EMP01628,Manoj Kumar,BR3163,Hub Operator,2021-06-21,Active,44314
EMP01629,Kavya Pillai,BR2528,Customer Support,2021-06-03,Active,23230
EMP01630,Manoj Kapoor,BR0023,Manager,2021-03-24,Active,39000
EMP01631,Rahul Nair,BR3256,Delivery Agent,2024-03-28,Active,36187
EMP01632,Arun Kapoor,BR2606,Manager,2026-01-18,Active,26043
EMP01633,Suresh Iyer,BR0350,Delivery Agent,2023-02-09,Active,42045
EMP01634,Rahul Kapoor,BR4682,Delivery Agent,2026-06-09,Active,54238
EMP01635,Rohit Das,BR4097,Supervisor,2025-02-09,Active,42832
EMP01636,Priya Naidu,BR2852,Delivery Agent,2025-10-27,Active,60636
EMP01637,Pooja Bose,BR1086,Delivery Agent,2024-06-17,Active,34117
EMP01638,Ananya Menon,BR2668,Delivery Agent,2021-02-15,Active,26778
EMP01639,Manoj Pillai,BR4112,Delivery Agent,2024-05-21,Active,37773
EMP01640,Swetha Sharma,BR0424,Customer Support,2021-08-23,Active,20255
EMP01641,Divya Menon,BR3309,Hub Operator,2024-12-29,Inactive,25924
EMP01642,Arun Sinha,BR1328,Customer Support,2021-12-02,Active,56018
EMP01643,Pooja Menon,BR2565,Delivery Agent,2023-09-11,Active,35423
EMP01644,Vijay Rao,BR2457,Supervisor,2021-03-03,Active,58409
EMP01645,Meena Iyer,BR1718,Delivery Agent,2024-07-26,Active,44493
EMP01646,Karthik Reddy,BR0477,Hub Operator,2022-11-02,Active,41400
EMP01647,Nithya Sinha,BR1993,Delivery Agent,2025-11-05,Inactive,33056
EMP01648,Ajay Menon,BR1618,Supervisor,2026-01-20,Active,40703
EMP01649,Nithya Das,BR1484,Supervisor,2024-11-19,Active,64874
EMP01650,Nithya Singh,BR4525,Hub Operator,2023-01-02,Active,42843
EMP01651,Rohit Reddy,BR2161,Delivery Agent,2023-12-05,Active,18418
EMP01652,Priya Patel,BR2215,Supervisor,2024-01-16,Active,48688
EMP01653,Suresh Mehta,BR1692,Delivery Agent,2024-02-23,Active,41294
EMP01654,Arun Patel,BR3838,Manager,2024-06-22,Active,22607
EMP01655,Nithya Gupta,BR1846,Delivery Agent,2026-07-22,Active,60376
EMP01656,Pooja Mishra,BR0096,Hub Operator,2025-04-28,Active,34267
EMP01657,Dinesh Rao,BR4372,Supervisor,2022-04-29,Active,31856
EMP01658,Priya Menon,BR2536,Supervisor,2026-01-27,Active,27934
EMP01659,Rahul Pillai,BR4033,Customer Support,2021-06-25,Active,32492
EMP01660,Kavya Naidu,BR1228,Delivery Agent,2021-03-16,Active,24028
EMP01661,Rohit Mishra,BR3862,Delivery Agent,2026-08-18,Active,18185
EMP01662,Vivek Gupta,BR3528,Customer Support,2026-10-01,Inactive,49735
EMP01663,Suresh Patel,BR0140,Supervisor,2024-01-10,Active,41542
EMP01664,Suresh Kumar,BR4662,Delivery Agent,2021-12-13,Active,33462
EMP01665,Ananya Kapoor,BR3878,Manager,2023-08-02,Active,45490
EMP01666,Meena Sinha,BR1372,Customer Support,2025-08-03,Active,37682
EMP01667,Arun Patel,BR2911,Supervisor,2023-04-12,Active,39086
EMP01668,Rahul Naidu,BR1254,Supervisor,2024-02-22,Active,32668
EMP01669,Swetha Joshi,BR0998,Delivery Agent,2025-02-20,Active,48943
EMP01670,Rahul Sinha,BR0348,Delivery Agent,2024-09-07,Active,23182
EMP01671,Dinesh Das,BR1287,Hub Operator,2024-05-05,Active,58145
EMP01672,Nithya Kumar,BR0324,Delivery Agent,2025-10-11,Active,38715
EMP01673,Arun Das,BR2717,Customer Support,2023-06-27,Active,61913
EMP01674,Kavya Das,BR1405,Hub Operator,2024-02-04,Inactive,41423
EMP01675,Suresh Mishra,BR1898,Manager,2024-11-10,Active,59325
EMP01676,Swetha Verma,BR4740,Delivery Agent,2022-10-17,Active,22431
EMP01677,Divya Kumar,BR3666,Hub Operator,2021-07-10,Active,42150
EMP01678,Meena Iyer,BR3000,Manager,2021-10-03,Active,23534
EMP01679,Nithya Das,BR4936,Delivery Agent,2021-09-21,Active,18242
EMP01680,Kavya Singh,BR3095,Hub Operator,2022-10-10,Active,38916
EMP01681,Swetha Pillai,BR1775,Delivery Agent,2023-03-09,Active,25905
EMP01682,Sneha Gupta,BR2276,Manager,2023-05-02,Active,42107
EMP01683,Ajay Kapoor,BR4384,Customer Support,2022-11-25,Active,64492
EMP01684,Priya Rao,BR3425,Delivery Agent,2022-01-15,Active,53376
EMP01685,Rohit Sharma,BR4795,Manager,2023-01-04,Active,48776
EMP01686,Rahul Menon,BR2527,Delivery Agent,2026-09-10,Active,45613
EMP01687,Swetha Sinha,BR0401,Delivery Agent,2021-01-04,Active,38083
EMP01688,Arun Pillai,BR3235,Customer Support,2024-12-07,Active,53416
EMP01689,Ajay Pillai,BR1878,Hub Operator,2021-10-27,Inactive,52212
EMP01690,Ananya Naidu,BR0314,Supervisor,2024-01-23,Active,24831
EMP01691,Rahul Joshi,BR4920,Customer Support,2023-01-31,Active,39842
EMP01692,Karthik Verma,BR3445,Hub Operator,2025-04-07,Active,43844
EMP01693,Priya Bose,BR0627,Delivery Agent,2022-05-18,Active,64201
EMP01694,Divya Verma,BR0831,Delivery Agent,2025-07-20,Active,40142
EMP01695,Priya Bose,BR2095,Delivery Agent,2021-04-06,Active,22981
EMP01696,Vivek Rao,BR2378,Hub Operator,2023-06-27,Active,45743
EMP01697,Vivek Patel,BR1295,Supervisor,2023-10-26,Active,43338
EMP01698,Suresh Naidu,BR4216,Delivery Agent,2024-05-02,Active,20673
EMP01699,Vivek Kumar,BR1671,Supervisor,2023-06-10,Active,56586
EMP01700,Karthik Singh,BR0102,Supervisor,2021-02-17,Inactive,59574
EMP01701,Arun Kapoor,BR3346,Manager,2025-02-02,Active,58119
EMP01702,Suresh Naidu,BR1362,Customer Support,2023-08-05,Active,34974
EMP01703,Kavya Das,BR0774,Delivery Agent,2022-08-13,Active,50083
EMP01704,Ajay Iyer,BR2859,Hub Operator,2022-05-03,Active,35979
EMP01705,Arun Sinha,BR3769,Delivery Agent,2025-08-07,Active,60821
EMP01706,Priya Rao,BR3645,Manager,2023-12-08,Active,42850
EMP01707,Ajay Joshi,BR1118,Customer Support,2024-02-27,Active,45060
EMP01708,Vivek Kapoor,BR0019,Supervisor,2024-11-05,Active,24845
EMP01709,Rohit Pillai,BR4688,Hub Operator,2025-04-05,Active,64818
EMP01710,Karthik Gupta,BR4003,Manager,2022-02-20,Inactive,52552
EMP01711,Vijay Rao,BR2631,Delivery Agent,2023-12-19,Active,24880
EMP01712,Nithya Naidu,BR2922,Delivery Agent,2025-02-02,Active,35277
EMP01713,Vivek Bose,BR3046,Hub Operator,2026-09-23,Active,32445
EMP01714,Harini Pillai,BR4777,Hub Operator,2021-06-18,Active,63863
EMP01715,Vivek Singh,BR4050,Supervisor,2023-05-14,Active,32020
EMP01716,Dinesh Naidu,BR2444,Customer Support,2023-06-08,Active,62435
EMP01717,Vijay Sharma,BR3238,Delivery Agent,2025-05-17,Active,59953
EMP01718,Arun Rao,BR3334,Customer Support,2023-03-05,Active,53270
EMP01719,Divya Verma,BR4683,Delivery Agent,2022-04-08,Active,39177
EMP01720,Rahul Das,BR3198,Hub Operator,2023-01-28,Active,58411
EMP01721,Swetha Rao,BR3664,Hub Operator,2022-12-31,Active,22437
EMP01722,Ananya Bose,BR1447,Customer Support,2022-01-04,Active,20472
EMP01723,Swetha Menon,BR3121,Customer Support,2025-10-16,Active,60426
EMP01724,Manoj Das,BR4580,Delivery Agent,2023-05-03,Active,55607
EMP01725,Priya Menon,BR1882,Supervisor,2023-04-01,Active,53252
EMP01726,Kavya Nair,BR1755,Delivery Agent,2022-06-21,Active,62773
EMP01727,Karthik Joshi,BR1317,Delivery Agent,2021-04-13,Inactive,44097
EMP01728,Dinesh Menon,BR0214,Hub Operator,2025-11-11,Active,63597
EMP01729,Harini Reddy,BR1299,Delivery Agent,2022-07-01,Active,60196
EMP01730,Ajay Sinha,BR1485,Manager,2025-05-28,Active,31991
EMP01731,Pooja Nair,BR3237,Manager,2024-04-04,Active,43032
EMP01732,Divya Das,BR4722,Delivery Agent,2026-02-14,Active,53619
EMP01733,Pooja Das,BR4664,Hub Operator,2022-02-17,Inactive,59356
EMP01734,Vivek Das,BR4931,Manager,2025-11-16,Active,23549
EMP01735,Sneha Kumar,BR0803,Delivery Agent,2024-05-01,Active,54214
EMP01736,Pooja Joshi,BR0084,Delivery Agent,2021-12-06,Active,25776
EMP01737,Ananya Sinha,BR2222,Supervisor,2022-03-31,Active,25680
EMP01738,Karthik Kumar,BR0480,Delivery Agent,2025-12-06,Active,21771
EMP01739,Vijay Das,BR3214,Customer Support,2022-09-28,Active,56401
EMP01740,Ananya Nair,BR1437,Customer Support,2025-07-21,Active,26483
EMP01741,Pooja Iyer,BR1809,Customer Support,2023-07-04,Active,23597
EMP01742,Manoj Gupta,BR4667,Delivery Agent,2021-06-05,Active,26783
EMP01743,Swetha Iyer,BR4516,Hub Operator,2022-01-04,Active,26974
EMP01744,Rahul Kapoor,BR2649,Customer Support,2021-01-12,Active,38534
EMP01745,Rahul Verma,BR1490,Hub Operator,2023-04-17,Active,60426
EMP01746,Vivek Rao,BR4944,Manager,2026-05-27,Active,49573
EMP01747,Nithya Das,BR2018,Delivery Agent,2021-01-31,Active,39070
EMP01748,Swetha Menon,BR1402,Delivery Agent,2023-07-10,Active,31199
EMP01749,Manoj Pillai,BR4364,Delivery Agent,2021-06-06,Active,32970
EMP01750,Priya Patel,BR0778,Manager,2024-07-24,Active,51759
EMP01751,Rohit Naidu,BR4829,Delivery Agent,2023-12-16,Active,35429
EMP01752,Manoj Sharma,BR2680,Customer Support,2025-04-08,Active,42768
EMP01753,Sneha Gupta,BR2818,Delivery Agent,2025-12-03,Active,43653
EMP01754,Suresh Rao,BR3748,Delivery Agent,2025-11-01,Active,29097
EMP01755,Pooja Kapoor,BR2950,Delivery Agent,2026-05-09,Active,22610
EMP01756,Harini Mishra,BR1641,Delivery Agent,2021-09-09,Active,30128
EMP01757,Harini Gupta,BR3173,Hub Operator,2024-09-03,Active,34193
EMP01758,Meena Sharma,BR4703,Delivery Agent,2023-04-27,Active,46373
EMP01759,Karthik Kumar,BR3177,Customer Support,2024-06-30,Active,34056
EMP01760,Vijay Pillai,BR3821,Customer Support,2026-07-12,Inactive,55387
EMP01761,Suresh Kapoor,BR3714,Delivery Agent,2022-09-29,Active,49425
EMP01762,Swetha Rao,BR2183,Delivery Agent,2024-11-26,Inactive,28084
EMP01763,Arun Kapoor,BR4885,Delivery Agent,2025-02-06,Active,18007
EMP01764,Sneha Kapoor,BR0958,Delivery Agent,2021-08-17,Active,32635
EMP01765,Meena Singh,BR0620,Customer Support,2025-10-08,Active,35341
EMP01766,Swetha Verma,BR3538,Customer Support,2024-09-20,Active,49061
EMP01767,Rohit Mehta,BR3497,Manager,2022-05-20,Active,36302
EMP01768,Manoj Mishra,BR4333,Supervisor,2022-04-13,Active,53633
EMP01769,Rohit Naidu,BR3445,Hub Operator,2025-12-16,Active,37879
EMP01770,Ajay Patel,BR1519,Delivery Agent,2021-05-18,Active,53137
EMP01771,Swetha Rao,BR2702,Delivery Agent,2025-12-31,Active,49357
EMP01772,Pooja Sinha,BR3537,Hub Operator,2021-04-14,Active,35425
EMP01773,Karthik Sinha,BR2571,Hub Operator,2024-08-23,Active,31256
EMP01774,Nithya Menon,BR2028,Delivery Agent,2026-06-28,Active,57493
EMP01775,Meena Reddy,BR4655,Delivery Agent,2025-07-13,Active,22129
EMP01776,Rahul Mehta,BR3163,Delivery Agent,2021-10-26,Active,27227
EMP01777,Priya Nair,BR2322,Hub Operator,2026-03-17,Active,34660
EMP01778,Kavya Kumar,BR1315,Manager,2022-10-08,Active,56971
EMP01779,Harini Iyer,BR3134,Delivery Agent,2021-05-22,Active,58409
EMP01780,Ajay Naidu,BR3286,Supervisor,2023-10-01,Active,41167
EMP01781,Sneha Iyer,BR1643,Delivery Agent,2026-09-05,Active,40222
EMP01782,Vijay Sinha,BR0157,Customer Support,2025-10-21,Active,36836
EMP01783,Meena Naidu,BR3955,Customer Support,2024-10-18,Active,52831
EMP01784,Priya Gupta,BR0470,Delivery Agent,2024-03-26,Active,48393
EMP01785,Arun Reddy,BR3664,Delivery Agent,2023-09-05,Active,40538
EMP01786,Nithya Patel,BR1531,Hub Operator,2025-09-17,Active,43811
EMP01787,Karthik Pillai,BR4808,Manager,2026-02-06,Active,44388
EMP01788,Dinesh Nair,BR4812,Delivery Agent,2021-09-18,Active,33736
EMP01789,Rahul Gupta,BR3778,Delivery Agent,2026-09-28,Active,32324
EMP01790,Vijay Mishra,BR1349,Manager,2024-02-02,Active,36378
EMP01791,Rahul Singh,BR1742,Supervisor,2022-07-27,Active,50216
EMP01792,Vijay Singh,BR4304,Delivery Agent,2021-11-01,Active,46832
EMP01793,Ananya Sharma,BR1122,Delivery Agent,2021-04-08,Active,32948
EMP01794,Vijay Patel,BR0746,Hub Operator,2025-07-10,Active,47281
EMP01795,Nithya Singh,BR1139,Hub Operator,2021-05-25,Active,64222
EMP01796,Pooja Singh,BR2493,Delivery Agent,2021-03-02,Active,25283
EMP01797,Sneha Naidu,BR3463,Customer Support,2022-12-02,Active,40403
EMP01798,Manoj Singh,BR2593,Hub Operator,2022-03-10,Active,48239
EMP01799,Kavya Nair,BR2152,Delivery Agent,2022-03-02,Active,48599
EMP01800,Pooja Mishra,BR3477,Delivery Agent,2024-05-24,Active,37747
EMP01801,Ajay Gupta,BR3801,Delivery Agent,2022-05-14,Active,32435
EMP01802,Suresh Kumar,BR2604,Supervisor,2024-04-22,Active,61986
EMP01803,Divya Joshi,BR2630,Hub Operator,2025-07-11,Active,46983
EMP01804,Ananya Naidu,BR2426,Delivery Agent,2021-04-02,Active,62162
EMP01805,Harini Reddy,BR0446,Supervisor,2025-10-13,Active,19165
EMP01806,Rahul Rao,BR3825,Delivery Agent,2024-04-20,Active,53275
EMP01807,Dinesh Nair,BR1194,Manager,2025-01-06,Active,30534
EMP01808,Suresh Pillai,BR3429,Supervisor,2024-04-11,Active,51886
EMP01809,Vivek Mehta,BR3013,Customer Support,2021-09-16,Active,50289
EMP01810,Vivek Verma,BR2945,Delivery Agent,2025-01-18,Active,40750
EMP01811,Dinesh Patel,BR2462,Supervisor,2024-01-18,Active,22131
EMP01812,Priya Kumar,BR2480,Supervisor,2022-08-14,Active,47663
EMP01813,Ananya Nair,BR4828,Supervisor,2022-07-23,Active,30831
EMP01814,Kavya Mehta,BR2750,Delivery Agent,2024-02-28,Active,51743
EMP01815,Rahul Mehta,BR0087,Customer Support,2021-05-01,Active,57424
EMP01816,Manoj Menon,BR1439,Supervisor,2024-02-23,Active,25399
EMP01817,Vivek Rao,BR4873,Hub Operator,2022-01-10,Inactive,59779
EMP01818,Manoj Singh,BR2315,Hub Operator,2025-05-14,Active,52122
EMP01819,Rohit Reddy,BR1451,Hub Operator,2024-12-30,Active,43586
EMP01820,Vivek Verma,BR0018,Customer Support,2026-03-12,Active,22170
EMP01821,Divya Rao,BR2943,Supervisor,2024-05-29,Active,46312
EMP01822,Rohit Sinha,BR4993,Hub Operator,2024-06-18,Active,54740
EMP01823,Priya Kapoor,BR2422,Manager,2023-10-03,Active,34508
EMP01824,Meena Singh,BR0044,Hub Operator,2026-05-16,Active,28722
EMP01825,Sneha Verma,BR0323,Delivery Agent,2026-02-06,Active,53915
EMP01826,Ajay Mehta,BR4134,Delivery Agent,2022-12-10,Active,45699
EMP01827,Harini Kapoor,BR4333,Hub Operator,2024-03-12,Active,43005
EMP01828,Sneha Pillai,BR4777,Supervisor,2026-10-01,Active,34588
EMP01829,Divya Singh,BR1296,Supervisor,2023-01-22,Active,22290
EMP01830,Ananya Patel,BR1251,Manager,2026-01-01,Active,63003
EMP01831,Pooja Das,BR4442,Hub Operator,2023-05-31,Active,41969
EMP01832,Sneha Kapoor,BR0740,Delivery Agent,2024-11-01,Active,36086
EMP01833,Ajay Bose,BR2020,Customer Support,2021-12-14,Active,21635
EMP01834,Swetha Rao,BR0979,Supervisor,2024-01-30,Active,54401
EMP01835,Priya Reddy,BR0411,Delivery Agent,2024-10-01,Active,49811
EMP01836,Nithya Mehta,BR0415,Delivery Agent,2023-08-24,Inactive,34424
EMP01837,Vivek Kapoor,BR3215,Supervisor,2021-07-19,Active,18070
EMP01838,Vijay Sharma,BR3296,Delivery Agent,2026-06-17,Active,48274
EMP01839,Kavya Iyer,BR1801,Supervisor,2025-10-04,Active,30779
EMP01840,Arun Sharma,BR0812,Supervisor,2024-01-12,Active,22300
EMP01841,Arun Gupta,BR0241,Hub Operator,2021-10-15,Active,27628
EMP01842,Priya Gupta,BR1358,Manager,2023-11-14,Active,54520
EMP01843,Priya Nair,BR0691,Delivery Agent,2024-07-21,Active,54692
EMP01844,Karthik Nair,BR4854,Manager,2022-05-18,Active,30973
EMP01845,Priya Bose,BR1062,Delivery Agent,2026-03-25,Active,19877
EMP01846,Rahul Sharma,BR4512,Customer Support,2023-03-06,Active,44681
EMP01847,Vijay Patel,BR1286,Supervisor,2024-09-09,Active,41043
EMP01848,Sneha Iyer,BR0115,Customer Support,2024-02-29,Active,26594
EMP01849,Swetha Das,BR4406,Hub Operator,2021-07-14,Active,20644
EMP01850,Ajay Sharma,BR3635,Customer Support,2023-04-19,Active,51805
EMP01851,Ajay Mehta,BR0736,Delivery Agent,2024-05-27,Active,22306
EMP01852,Sneha Sharma,BR2033,Supervisor,2025-07-20,Active,61497
EMP01853,Harini Verma,BR3170,Hub Operator,2023-06-18,Active,48415
EMP01854,Pooja Singh,BR4428,Hub Operator,2022-04-06,Active,49305
EMP01855,Pooja Joshi,BR4489,Hub Operator,2024-04-11,Active,44689
EMP01856,Nithya Rao,BR1925,Hub Operator,2025-08-03,Active,45400
EMP01857,Kavya Mishra,BR2897,Customer Support,2022-12-03,Active,57974
EMP01858,Suresh Menon,BR2418,Delivery Agent,2023-02-26,Active,20793
EMP01859,Karthik Reddy,BR4669,Manager,2024-12-24,Active,30088
EMP01860,Manoj Joshi,BR4998,Manager,2022-09-22,Active,49849
EMP01861,Vivek Singh,BR0690,Delivery Agent,2024-10-19,Active,43423
EMP01862,Rahul Gupta,BR1056,Hub Operator,2026-03-31,Inactive,22948
EMP01863,Harini Kapoor,BR2451,Customer Support,2023-09-18,Inactive,30790
EMP01864,Priya Gupta,BR3444,Delivery Agent,2026-06-24,Active,60455
EMP01865,Ananya Mehta,BR1645,Customer Support,2021-08-08,Active,20542
EMP01866,Manoj Mehta,BR4412,Customer Support,2023-01-15,Active,25055
EMP01867,Ajay Joshi,BR3210,Delivery Agent,2021-03-09,Active,19712
EMP01868,Dinesh Patel,BR4720,Delivery Agent,2025-07-29,Active,39064
EMP01869,Meena Bose,BR1704,Supervisor,2022-02-04,Active,36405
EMP01870,Harini Kumar,BR3407,Customer Support,2024-01-19,Active,28956
EMP01871,Harini Iyer,BR4443,Supervisor,2024-03-17,Active,42124
EMP01872,Arun Bose,BR3103,Supervisor,2021-05-12,Active,23675
EMP01873,Suresh Singh,BR0784,Delivery Agent,2021-04-06,Inactive,20839
EMP01874,Vijay Bose,BR1052,Supervisor,2025-10-03,Active,57968
EMP01875,Kavya Verma,BR0429,Customer Support,2023-06-18,Active,31195
EMP01876,Ananya Mehta,BR1896,Customer Support,2025-09-21,Active,55621
EMP01877,Rohit Reddy,BR1189,Delivery Agent,2022-09-21,Active,53742
EMP01878,Divya Das,BR1451,Supervisor,2021-04-19,Active,49159
EMP01879,Divya Das,BR1353,Manager,2022-01-08,Active,41811
EMP01880,Vivek Mishra,BR0839,Delivery Agent,2022-10-04,Active,61365
EMP01881,Sneha Menon,BR2364,Customer Support,2024-05-05,Active,18521
EMP01882,Divya Menon,BR0832,Delivery Agent,2025-03-30,Active,31250
EMP01883,Divya Patel,BR4924,Delivery Agent,2021-02-14,Active,28224
EMP01884,Ananya Gupta,BR0099,Delivery Agent,2025-10-04,Active,18724
EMP01885,Ajay Patel,BR1967,Delivery Agent,2024-07-04,Active,20725
EMP01886,Vijay Verma,BR4774,Supervisor,2025-07-25,Active,62013
EMP01887,Kavya Sinha,BR0193,Hub Operator,2024-10-14,Active,21045
EMP01888,Kavya Sinha,BR3106,Supervisor,2021-10-08,Active,55037
EMP01889,Meena Nair,BR4758,Manager,2022-01-11,Active,44212
EMP01890,Rahul Iyer,BR4190,Delivery Agent,2025-06-24,Active,52610
EMP01891,Kavya Mishra,BR3784,Customer Support,2026-07-15,Active,40715
EMP01892,Ajay Rao,BR4423,Delivery Agent,2022-07-24,Active,64266
EMP01893,Meena Kumar,BR0770,Delivery Agent,2025-08-21,Active,18132
EMP01894,Sneha Reddy,BR3678,Delivery Agent,2025-02-05,Active,41554
EMP01895,Priya Bose,BR2444,Supervisor,2021-08-26,Active,49679
EMP01896,Vijay Mishra,BR2026,Delivery Agent,2021-08-06,Active,27565
EMP01897,Pooja Rao,BR0870,Manager,2024-03-13,Active,34174
EMP01898,Suresh Bose,BR3867,Delivery Agent,2021-09-05,Inactive,31351
EMP01899,Harini Verma,BR1122,Delivery Agent,2024-09-22,Active,37563
EMP01900,Vivek Iyer,BR2982,Customer Support,2024-03-14,Active,22044
EMP01901,Manoj Das,BR3577,Manager,2024-02-28,Active,20421
EMP01902,Arun Sharma,BR3360,Customer Support,2024-02-17,Active,31749
EMP01903,Arun Kapoor,BR1754,Delivery Agent,2024-12-14,Active,64163
EMP01904,Rohit Kumar,BR2110,Hub Operator,2021-12-14,Active,45381
EMP01905,Rahul Bose,BR4832,Manager,2021-04-17,Active,57173
EMP01906,Suresh Nair,BR4728,Delivery Agent,2026-05-15,Active,51865
EMP01907,Harini Joshi,BR1081,Delivery Agent,2024-11-19,Active,35716
EMP01908,Sneha Verma,BR0560,Delivery Agent,2023-06-26,Inactive,51662
EMP01909,Sneha Sharma,BR3979,Supervisor,2026-06-22,Active,60265
EMP01910,Arun Nair,BR4717,Supervisor,2024-12-04,Active,39403
EMP01911,Dinesh Mishra,BR2350,Delivery Agent,2022-02-14,Active,59931
EMP01912,Ananya Bose,BR0057,Delivery Agent,2026-04-08,Inactive,38532
EMP01913,Nithya Sinha,BR1460,Supervisor,2022-01-07,Active,42124
EMP01914,Karthik Singh,BR1591,Delivery Agent,2022-12-15,Active,52727
EMP01915,Arun Naidu,BR0150,Supervisor,2025-03-13,Active,24851
EMP01916,Swetha Nair,BR3990,Delivery Agent,2021-08-22,Active,49502
EMP01917,Pooja Mehta,BR0324,Delivery Agent,2022-03-21,Active,54311
EMP01918,Dinesh Kumar,BR2557,Hub Operator,2024-06-09,Active,44124
EMP01919,Pooja Kapoor,BR2408,Delivery Agent,2021-02-02,Active,53828
EMP01920,Karthik Nair,BR2731,Delivery Agent,2022-09-27,Active,43306
EMP01921,Vivek Sharma,BR1404,Delivery Agent,2025-01-02,Active,44086
EMP01922,Ajay Sharma,BR1424,Hub Operator,2025-10-30,Active,57930
EMP01923,Manoj Sharma,BR3306,Supervisor,2022-04-15,Active,50153
EMP01924,Vivek Mishra,BR3668,Customer Support,2023-02-28,Active,24678
EMP01925,Pooja Gupta,BR4554,Hub Operator,2024-10-05,Inactive,26468
EMP01926,Kavya Rao,BR4385,Customer Support,2021-05-01,Active,51933
EMP01927,Karthik Gupta,BR2655,Hub Operator,2026-03-01,Active,49519
EMP01928,Dinesh Singh,BR0236,Hub Operator,2022-11-17,Active,29753
EMP01929,Vijay Sharma,BR4352,Delivery Agent,2025-05-21,Active,26427
EMP01930,Pooja Rao,BR4033,Delivery Agent,2026-09-02,Active,25563
EMP01931,Vivek Mishra,BR0281,Hub Operator,2021-07-11,Active,59790
EMP01932,Pooja Reddy,BR1317,Hub Operator,2023-09-17,Active,59390
EMP01933,Arun Sinha,BR1042,Hub Operator,2026-01-30,Active,62440
EMP01934,Vivek Kapoor,BR4495,Customer Support,2024-12-06,Active,30915
EMP01935,Kavya Das,BR3012,Delivery Agent,2021-05-17,Active,34366
EMP01936,Rohit Kumar,BR4643,Delivery Agent,2025-11-17,Active,53932
EMP01937,Pooja Mishra,BR4932,Delivery Agent,2022-07-04,Active,40726
EMP01938,Kavya Pillai,BR0256,Hub Operator,2025-11-09,Active,20289
EMP01939,Divya Singh,BR3084,Hub Operator,2021-03-24,Active,56690
EMP01940,Vijay Mishra,BR1897,Delivery Agent,2025-09-01,Active,23212
EMP01941,Karthik Pillai,BR0418,Delivery Agent,2022-04-25,Active,56991
EMP01942,Dinesh Mishra,BR2523,Hub Operator,2022-08-09,Active,51095
EMP01943,Karthik Reddy,BR1945,Delivery Agent,2023-04-17,Active,26211
EMP01944,Priya Rao,BR1996,Delivery Agent,2026-06-13,Active,63839
EMP01945,Swetha Pillai,BR3797,Delivery Agent,2026-05-04,Active,45709
EMP01946,Vivek Menon,BR0434,Supervisor,2021-02-13,Active,54124
EMP01947,Rahul Singh,BR0061,Customer Support,2022-05-19,Active,51633
EMP01948,Priya Nair,BR3219,Hub Operator,2024-06-13,Active,19371
EMP01949,Arun Verma,BR3032,Delivery Agent,2023-05-13,Active,35185
EMP01950,Vijay Bose,BR1005,Hub Operator,2021-04-05,Active,34720
EMP01951,Rahul Gupta,BR3732,Delivery Agent,2023-11-25,Active,50566
EMP01952,Vivek Iyer,BR1246,Supervisor,2026-04-30,Active,37507
EMP01953,Sneha Singh,BR0627,Delivery Agent,2026-03-27,Active,24241
EMP01954,Kavya Menon,BR3476,Supervisor,2025-09-13,Active,31036
EMP01955,Rohit Kumar,BR0721,Delivery Agent,2023-10-28,Active,27535
EMP01956,Meena Reddy,BR1122,Supervisor,2023-02-20,Active,61002
EMP01957,Nithya Gupta,BR4555,Delivery Agent,2025-11-14,Active,56685
EMP01958,Nithya Gupta,BR3794,Manager,2026-03-18,Active,37166
EMP01959,Priya Pillai,BR2900,Manager,2025-10-24,Active,37807
EMP01960,Meena Gupta,BR3394,Supervisor,2025-03-03,Active,31111
EMP01961,Divya Das,BR0775,Delivery Agent,2025-04-26,Active,63281
EMP01962,Vijay Mishra,BR4187,Delivery Agent,2021-08-07,Active,28885
EMP01963,Pooja Joshi,BR3855,Manager,2025-03-10,Active,49474
EMP01964,Karthik Iyer,BR0339,Hub Operator,2022-11-12,Active,62290
EMP01965,Vivek Gupta,BR4294,Supervisor,2022-01-20,Active,24258
EMP01966,Manoj Das,BR1976,Hub Operator,2023-02-27,Active,52812
EMP01967,Meena Reddy,BR3553,Customer Support,2021-07-28,Active,25973
EMP01968,Meena Naidu,BR2492,Supervisor,2021-04-05,Active,24032
EMP01969,Karthik Kapoor,BR3960,Hub Operator,2023-05-16,Active,22274
EMP01970,Vijay Joshi,BR1628,Manager,2021-04-26,Active,56308
EMP01971,Rahul Bose,BR4108,Delivery Agent,2024-09-19,Active,57961
EMP01972,Sneha Das,BR0732,Supervisor,2024-11-09,Active,41245
EMP01973,Pooja Mehta,BR1911,Customer Support,2023-07-07,Active,64779
EMP01974,Meena Mehta,BR2565,Delivery Agent,2025-11-09,Active,62387
EMP01975,Meena Nair,BR4883,Hub Operator,2023-06-19,Active,21671
EMP01976,Suresh Patel,BR2376,Hub Operator,2022-09-03,Active,63716
EMP01977,Divya Patel,BR2284,Delivery Agent,2025-10-27,Active,51600
EMP01978,Ajay Reddy,BR2597,Hub Operator,2025-01-05,Active,58765
EMP01979,Manoj Sharma,BR0028,Delivery Agent,2024-06-14,Active,39929
EMP01980,Karthik Reddy,BR1195,Hub Operator,2022-07-01,Active,50863
EMP01981,Arun Menon,BR4293,Delivery Agent,2021-10-29,Active,40334
EMP01982,Harini Kumar,BR2800,Supervisor,2023-12-31,Active,40841
EMP01983,Nithya Patel,BR1752,Delivery Agent,2024-01-05,Active,64959
EMP01984,Rohit Nair,BR2680,Delivery Agent,2023-04-18,Active,38735
EMP01985,Divya Nair,BR0134,Hub Operator,2023-07-02,Active,21664
EMP01986,Meena Pillai,BR2933,Customer Support,2025-01-28,Active,62605
EMP01987,Dinesh Sharma,BR3292,Manager,2023-06-22,Active,21394
EMP01988,Harini Menon,BR2176,Delivery Agent,2023-05-18,Active,53684
EMP01989,Ananya Pillai,BR2828,Delivery Agent,2022-11-09,Active,61804
EMP01990,Sneha Patel,BR1423,Customer Support,2026-09-15,Active,51938
EMP01991,Kavya Kumar,BR3647,Delivery Agent,2026-07-10,Active,42938
EMP01992,Rohit Rao,BR4981,Delivery Agent,2023-11-13,Active,39364
EMP01993,Sneha Patel,BR0500,Supervisor,2021-08-08,Active,20544
EMP01994,Rohit Mishra,BR2980,Delivery Agent,2026-09-07,Active,57654
EMP01995,Manoj Mehta,BR1031,Delivery Agent,2025-01-15,Active,54360
EMP01996,Swetha Gupta,BR4315,Delivery Agent,2022-11-30,Active,59128
EMP01997,Harini Naidu,BR0945,Manager,2021-07-27,Active,43203
EMP01998,Manoj Mishra,BR4758,Supervisor,2024-06-19,Active,47514
EMP01999,Pooja Kapoor,BR1332,Hub Operator,2022-10-15,Active,24008
EMP02000,Pooja Gupta,BR0555,Supervisor,2022-12-28,Inactive,30683
EMP02001,Arun Bose,BR0171,Customer Support,2023-03-29,Active,31648
EMP02002,Sneha Pillai,BR3189,Delivery Agent,2024-11-01,Active,40415
EMP02003,Arun Nair,BR3750,Delivery Agent,2022-12-02,Active,41606
EMP02004,Divya Menon,BR0603,Delivery Agent,2023-01-18,Active,32317
EMP02005,Karthik Das,BR0211,Hub Operator,2021-07-02,Active,20981
EMP02006,Ajay Mishra,BR0749,Delivery Agent,2022-01-23,Active,46551
EMP02007,Rahul Verma,BR3408,Delivery Agent,2022-05-14,Active,22148
EMP02008,Priya Iyer,BR1228,Customer Support,2024-03-24,Active,55847
EMP02009,Kavya Singh,BR3891,Customer Support,2025-07-13,Active,55701
EMP02010,Arun Das,BR4887,Hub Operator,2025-06-11,Active,34813
EMP02011,Harini Sharma,BR4275,Manager,2022-06-09,Active,53208
EMP02012,Manoj Rao,BR1394,Delivery Agent,2026-02-04,Active,41490
EMP02013,Harini Gupta,BR3320,Manager,2022-04-25,Active,26035
EMP02014,Manoj Iyer,BR4846,Delivery Agent,2025-05-10,Active,26470
EMP02015,Rohit Nair,BR4342,Customer Support,2025-10-04,Active,46193
EMP02016,Swetha Pillai,BR2142,Manager,2024-01-08,Active,63541
EMP02017,Pooja Bose,BR2448,Supervisor,2026-01-26,Active,52082
EMP02018,Harini Joshi,BR0416,Hub Operator,2024-12-23,Active,43647
EMP02019,Vijay Sharma,BR1468,Delivery Agent,2021-11-16,Active,30752
EMP02020,Dinesh Iyer,BR1429,Manager,2024-03-31,Active,37988
EMP02021,Arun Kumar,BR4350,Customer Support,2022-04-22,Active,46226
EMP02022,Pooja Mehta,BR2500,Supervisor,2025-12-05,Active,61316
EMP02023,Karthik Menon,BR0519,Hub Operator,2023-02-23,Active,26929
EMP02024,Ananya Singh,BR0747,Hub Operator,2021-05-28,Active,34370
EMP02025,Ajay Joshi,BR2374,Delivery Agent,2023-04-20,Active,64349
EMP02026,Rahul Gupta,BR4372,Delivery Agent,2021-10-12,Active,34207
EMP02027,Swetha Kapoor,BR4268,Hub Operator,2023-08-06,Active,64393
EMP02028,Suresh Sinha,BR2348,Delivery Agent,2023-07-27,Active,21139
EMP02029,Nithya Gupta,BR3131,Customer Support,2024-05-25,Active,58520
EMP02030,Ajay Gupta,BR3534,Manager,2022-07-03,Active,53470
EMP02031,Karthik Menon,BR3306,Delivery Agent,2021-05-07,Active,63493
EMP02032,Sneha Reddy,BR2722,Customer Support,2022-07-18,Active,28048
EMP02033,Swetha Gupta,BR4340,Manager,2025-05-18,Inactive,60505
EMP02034,Vivek Sinha,BR1836,Supervisor,2022-07-21,Active,25774
EMP02035,Divya Rao,BR0701,Delivery Agent,2026-08-19,Active,24051
EMP02036,Rahul Pillai,BR0533,Customer Support,2022-06-04,Active,55369
EMP02037,Harini Mishra,BR4748,Delivery Agent,2021-04-11,Active,50312
EMP02038,Priya Sinha,BR4606,Manager,2022-04-01,Active,18805
EMP02039,Arun Sharma,BR1490,Delivery Agent,2023-12-07,Active,38675
EMP02040,Ajay Joshi,BR2356,Delivery Agent,2021-11-18,Active,44218
EMP02041,Nithya Verma,BR1753,Hub Operator,2024-11-20,Active,27508
EMP02042,Harini Sharma,BR3066,Delivery Agent,2022-12-10,Active,39777
EMP02043,Priya Mishra,BR4622,Delivery Agent,2024-09-06,Active,44918
EMP02044,Karthik Singh,BR2962,Hub Operator,2021-03-18,Active,61939
EMP02045,Suresh Nair,BR3005,Delivery Agent,2024-02-01,Active,41796
EMP02046,Arun Joshi,BR4804,Delivery Agent,2023-10-29,Active,55927
EMP02047,Divya Bose,BR3648,Delivery Agent,2025-07-17,Active,42582
EMP02048,Dinesh Bose,BR4264,Hub Operator,2025-12-16,Active,27508
EMP02049,Ajay Nair,BR2717,Hub Operator,2025-11-09,Active,56601
EMP02050,Dinesh Iyer,BR2194,Customer Support,2023-03-29,Active,27891
EMP02051,Priya Rao,BR4804,Customer Support,2026-03-05,Active,58262
EMP02052,Pooja Singh,BR4731,Customer Support,2021-01-10,Active,41899
EMP02053,Meena Patel,BR1389,Delivery Agent,2022-08-01,Active,64975
EMP02054,Arun Nair,BR4094,Customer Support,2026-08-19,Active,33402
EMP02055,Rahul Gupta,BR2626,Hub Operator,2025-07-21,Active,28065
EMP02056,Ajay Mehta,BR3443,Customer Support,2025-11-11,Active,34292
EMP02057,Meena Das,BR1804,Delivery Agent,2025-08-17,Active,58156
EMP02058,Divya Naidu,BR4542,Manager,2021-04-26,Active,48966
EMP02059,Dinesh Sinha,BR2702,Manager,2023-11-30,Active,43813
EMP02060,Rohit Kapoor,BR4810,Supervisor,2024-10-12,Active,53189
EMP02061,Harini Verma,BR0263,Delivery Agent,2025-12-24,Active,61948
EMP02062,Ajay Iyer,BR1455,Supervisor,2026-07-15,Active,21799
EMP02063,Dinesh Iyer,BR0698,Delivery Agent,2021-03-12,Active,34024
EMP02064,Ananya Kapoor,BR1615,Manager,2022-11-09,Active,44387
EMP02065,Priya Pillai,BR1451,Delivery Agent,2025-08-11,Active,48642
EMP02066,Divya Mishra,BR0370,Hub Operator,2023-06-01,Active,22294
EMP02067,Ananya Verma,BR2228,Customer Support,2022-04-22,Active,49223
EMP02068,Sneha Das,BR1752,Delivery Agent,2022-03-14,Active,23199
EMP02069,Rohit Rao,BR4802,Delivery Agent,2026-02-21,Active,53590
EMP02070,Pooja Rao,BR1933,Supervisor,2021-05-29,Active,50796
EMP02071,Dinesh Das,BR4889,Supervisor,2021-03-10,Active,34822
EMP02072,Karthik Joshi,BR4236,Hub Operator,2024-12-31,Active,38993
EMP02073,Vijay Kapoor,BR0700,Delivery Agent,2024-12-25,Active,30503
EMP02074,Swetha Nair,BR0796,Customer Support,2023-11-23,Inactive,51177
EMP02075,Sneha Menon,BR0744,Manager,2026-02-15,Active,61948
EMP02076,Vivek Mehta,BR3982,Supervisor,2021-03-10,Active,26501
EMP02077,Ajay Kumar,BR1273,Hub Operator,2025-08-14,Active,64581
EMP02078,Harini Rao,BR1017,Delivery Agent,2025-11-30,Active,54722
EMP02079,Dinesh Reddy,BR1730,Manager,2023-03-29,Active,30296
EMP02080,Ananya Sinha,BR4412,Manager,2023-02-10,Active,56117
EMP02081,Sneha Menon,BR1895,Delivery Agent,2025-12-29,Active,28339
EMP02082,Rahul Mishra,BR2125,Customer Support,2024-04-08,Inactive,26168
EMP02083,Priya Naidu,BR4619,Delivery Agent,2021-08-01,Active,50325
EMP02084,Rohit Sharma,BR3434,Delivery Agent,2025-04-25,Active,25598
EMP02085,Vivek Joshi,BR4740,Delivery Agent,2024-09-20,Inactive,33709
EMP02086,Kavya Mehta,BR2740,Delivery Agent,2025-11-06,Active,54557
EMP02087,Pooja Patel,BR2607,Delivery Agent,2021-10-04,Active,63999
EMP02088,Sneha Menon,BR0634,Delivery Agent,2024-08-15,Active,28061
EMP02089,Vijay Mishra,BR3011,Hub Operator,2026-06-19,Active,47389
EMP02090,Swetha Das,BR4980,Delivery Agent,2025-12-08,Active,48615
EMP02091,Pooja Sharma,BR3289,Hub Operator,2021-04-04,Active,57505
EMP02092,Harini Rao,BR4503,Hub Operator,2026-08-05,Active,54447
EMP02093,Dinesh Kumar,BR0721,Delivery Agent,2022-09-22,Active,47916
EMP02094,Rohit Kapoor,BR3518,Delivery Agent,2021-04-09,Active,46590
EMP02095,Karthik Patel,BR1077,Hub Operator,2021-06-12,Active,61904
EMP02096,Arun Joshi,BR2399,Supervisor,2021-02-11,Active,31217
EMP02097,Nithya Kumar,BR0654,Customer Support,2021-02-21,Active,23871
EMP02098,Swetha Nair,BR3375,Delivery Agent,2025-06-25,Active,22926
EMP02099,Vivek Kumar,BR1554,Hub Operator,2025-04-13,Active,52995
EMP02100,Karthik Kapoor,BR1347,Supervisor,2021-08-21,Active,48886
EMP02101,Harini Sharma,BR1133,Delivery Agent,2026-08-12,Active,64155
EMP02102,Nithya Nair,BR4835,Customer Support,2025-02-26,Active,37698
EMP02103,Nithya Kapoor,BR0253,Delivery Agent,2021-03-22,Active,34781
EMP02104,Vivek Nair,BR0919,Manager,2022-12-04,Active,38309
EMP02105,Rahul Menon,BR3167,Delivery Agent,2022-04-06,Active,51817
EMP02106,Kavya Rao,BR3516,Manager,2021-11-18,Active,60198
EMP02107,Divya Menon,BR2237,Delivery Agent,2021-07-04,Active,59475
EMP02108,Manoj Rao,BR4753,Supervisor,2026-07-03,Active,47924
EMP02109,Meena Pillai,BR2172,Hub Operator,2022-02-15,Active,31162
EMP02110,Ananya Nair,BR3931,Delivery Agent,2022-09-18,Active,41220
EMP02111,Pooja Das,BR1801,Delivery Agent,2026-05-31,Active,57664
EMP02112,Nithya Kapoor,BR4256,Supervisor,2023-11-19,Active,46313
EMP02113,Karthik Mishra,BR1381,Manager,2022-01-03,Active,21417
EMP02114,Sneha Rao,BR1272,Supervisor,2024-12-16,Active,25901
EMP02115,Nithya Bose,BR4404,Supervisor,2025-03-09,Active,37570
EMP02116,Ananya Kapoor,BR1486,Delivery Agent,2021-05-01,Active,46316
EMP02117,Rahul Joshi,BR0950,Hub Operator,2023-02-20,Active,57007
EMP02118,Pooja Singh,BR4118,Supervisor,2025-10-14,Active,22237
EMP02119,Rahul Nair,BR2920,Delivery Agent,2023-02-12,Active,47404
EMP02120,Vivek Sharma,BR0813,Customer Support,2025-02-03,Inactive,42756
EMP02121,Rohit Patel,BR0284,Hub Operator,2021-09-24,Active,39444
EMP02122,Meena Sinha,BR4163,Supervisor,2023-10-20,Active,31333
EMP02123,Vivek Bose,BR0494,Delivery Agent,2024-08-25,Active,50735
EMP02124,Ajay Verma,BR3622,Supervisor,2023-05-25,Active,39968
EMP02125,Kavya Kumar,BR1639,Delivery Agent,2021-09-19,Active,53461
EMP02126,Vivek Kumar,BR0006,Manager,2024-05-29,Inactive,27988
EMP02127,Divya Bose,BR1678,Customer Support,2026-07-05,Active,58188
EMP02128,Pooja Patel,BR1492,Delivery Agent,2025-07-16,Active,37555
EMP02129,Dinesh Mishra,BR3379,Supervisor,2023-04-26,Active,64165
EMP02130,Rohit Verma,BR4074,Hub Operator,2023-06-03,Active,42878
EMP02131,Pooja Kumar,BR4951,Hub Operator,2022-02-07,Active,52070
EMP02132,Karthik Sinha,BR2125,Hub Operator,2022-02-15,Active,45980
EMP02133,Suresh Patel,BR4652,Delivery Agent,2026-05-24,Active,36929
EMP02134,Meena Verma,BR2798,Customer Support,2022-03-18,Active,60213
EMP02135,Divya Patel,BR1069,Delivery Agent,2025-03-03,Active,38660
EMP02136,Priya Nair,BR3443,Hub Operator,2025-06-28,Active,57591
EMP02137,Kavya Joshi,BR0457,Supervisor,2021-12-27,Active,38843
EMP02138,Dinesh Kapoor,BR1648,Delivery Agent,2026-06-09,Active,33230
EMP02139,Suresh Joshi,BR1798,Delivery Agent,2021-09-27,Active,49164
EMP02140,Divya Kapoor,BR0348,Delivery Agent,2023-12-16,Active,59807
EMP02141,Vijay Naidu,BR1415,Hub Operator,2026-05-02,Active,61285
EMP02142,Harini Das,BR2259,Hub Operator,2024-03-07,Active,54163
EMP02143,Karthik Iyer,BR2399,Delivery Agent,2024-03-25,Active,20798
EMP02144,Rohit Verma,BR1071,Delivery Agent,2021-08-25,Active,27602
EMP02145,Ananya Patel,BR1516,Hub Operator,2023-07-02,Active,63762
EMP02146,Suresh Sinha,BR4513,Hub Operator,2023-06-14,Active,34072
EMP02147,Dinesh Sharma,BR0534,Customer Support,2022-11-18,Active,53212
EMP02148,Rohit Menon,BR2627,Customer Support,2022-03-29,Inactive,49071
EMP02149,Dinesh Reddy,BR4849,Delivery Agent,2021-08-14,Active,44038
EMP02150,Rohit Naidu,BR1741,Customer Support,2023-07-24,Active,28993
EMP02151,Swetha Kapoor,BR0488,Delivery Agent,2022-01-18,Active,19793
EMP02152,Dinesh Singh,BR0077,Hub Operator,2021-07-11,Active,63675
EMP02153,Ananya Mehta,BR3084,Delivery Agent,2021-12-17,Active,25533
EMP02154,Ajay Patel,BR2053,Delivery Agent,2021-07-12,Active,61724
EMP02155,Ananya Nair,BR2765,Hub Operator,2022-09-18,Active,18348
EMP02156,Meena Joshi,BR2487,Manager,2021-08-02,Active,18716
EMP02157,Ananya Nair,BR2687,Delivery Agent,2024-10-17,Active,64001
EMP02158,Suresh Bose,BR1868,Customer Support,2024-04-02,Active,28387
EMP02159,Kavya Reddy,BR2890,Hub Operator,2025-09-12,Active,35200
EMP02160,Vijay Joshi,BR1551,Delivery Agent,2025-12-11,Active,46408
EMP02161,Arun Pillai,BR1602,Manager,2025-12-14,Active,18906
EMP02162,Dinesh Das,BR2342,Hub Operator,2026-04-10,Active,46135
EMP02163,Suresh Kumar,BR2273,Delivery Agent,2025-12-20,Active,43128
EMP02164,Arun Verma,BR4194,Hub Operator,2026-06-13,Active,46790
EMP02165,Pooja Das,BR1327,Delivery Agent,2025-02-01,Active,27219
EMP02166,Nithya Nair,BR1754,Supervisor,2022-04-04,Active,30842
EMP02167,Swetha Joshi,BR0752,Delivery Agent,2026-07-16,Active,27934
EMP02168,Ajay Rao,BR4093,Customer Support,2026-08-15,Inactive,54894
EMP02169,Swetha Patel,BR3688,Supervisor,2022-08-30,Active,55387
EMP02170,Rahul Mishra,BR4366,Delivery Agent,2023-07-10,Active,29860
EMP02171,Rohit Bose,BR2040,Hub Operator,2025-05-22,Active,19391
EMP02172,Vijay Joshi,BR1679,Customer Support,2026-02-16,Active,20731
EMP02173,Divya Naidu,BR1187,Hub Operator,2024-04-19,Active,41064
EMP02174,Rohit Rao,BR3231,Delivery Agent,2026-02-03,Active,37270
EMP02175,Meena Rao,BR1737,Hub Operator,2026-09-29,Active,40321
EMP02176,Kavya Verma,BR4083,Delivery Agent,2026-05-30,Active,51607
EMP02177,Suresh Kapoor,BR1830,Customer Support,2026-03-31,Active,22472
EMP02178,Swetha Nair,BR2431,Hub Operator,2021-07-13,Active,30693
EMP02179,Arun Nair,BR4311,Delivery Agent,2021-04-22,Active,51315
EMP02180,Arun Mishra,BR4889,Delivery Agent,2025-09-27,Active,36021
EMP02181,Ajay Joshi,BR4213,Delivery Agent,2022-10-29,Active,22173
EMP02182,Manoj Das,BR3464,Delivery Agent,2024-01-16,Active,42090
EMP02183,Manoj Joshi,BR4520,Delivery Agent,2024-07-12,Active,47190
EMP02184,Manoj Pillai,BR4870,Delivery Agent,2026-06-04,Active,34310
EMP02185,Priya Joshi,BR4177,Customer Support,2026-01-05,Active,51835
EMP02186,Harini Das,BR2656,Hub Operator,2021-09-26,Active,25783
EMP02187,Rahul Nair,BR1211,Delivery Agent,2022-05-05,Active,64011
EMP02188,Manoj Reddy,BR0134,Delivery Agent,2025-06-01,Active,50058
EMP02189,Sneha Gupta,BR3789,Delivery Agent,2021-04-27,Active,35075
EMP02190,Sneha Sharma,BR0587,Customer Support,2026-04-08,Active,44755
EMP02191,Rahul Sharma,BR2910,Delivery Agent,2026-01-09,Active,41018
EMP02192,Rahul Kumar,BR0215,Delivery Agent,2026-09-04,Active,62161
EMP02193,Karthik Bose,BR2363,Delivery Agent,2021-07-31,Active,62944
EMP02194,Pooja Mehta,BR2165,Hub Operator,2021-11-25,Active,41283
EMP02195,Arun Sinha,BR0318,Supervisor,2025-10-31,Active,62276
EMP02196,Karthik Rao,BR4060,Delivery Agent,2022-08-08,Active,61235
EMP02197,Rahul Bose,BR0071,Delivery Agent,2023-10-18,Active,35053
EMP02198,Rahul Reddy,BR4703,Manager,2026-02-03,Active,45567
EMP02199,Dinesh Mishra,BR3313,Hub Operator,2021-02-25,Active,44446
EMP02200,Rahul Reddy,BR3435,Delivery Agent,2022-04-12,Active,50359
EMP02201,Manoj Singh,BR1046,Hub Operator,2021-02-13,Active,32145
EMP02202,Ananya Menon,BR2086,Delivery Agent,2025-03-22,Active,30698
EMP02203,Vivek Mehta,BR0654,Delivery Agent,2023-05-29,Active,63972
EMP02204,Harini Mehta,BR1798,Delivery Agent,2022-05-14,Inactive,22824
EMP02205,Suresh Singh,BR4334,Customer Support,2024-10-07,Active,42156
EMP02206,Ajay Naidu,BR3965,Customer Support,2025-05-03,Active,51156
EMP02207,Nithya Gupta,BR3985,Manager,2021-01-06,Active,42384
EMP02208,Sneha Bose,BR3092,Delivery Agent,2021-02-06,Active,55609
EMP02209,Suresh Naidu,BR1850,Hub Operator,2021-08-14,Active,36200
EMP02210,Sneha Verma,BR3570,Hub Operator,2023-01-14,Active,42032
EMP02211,Dinesh Sinha,BR3189,Hub Operator,2021-05-29,Active,20066
EMP02212,Nithya Rao,BR4763,Supervisor,2024-06-11,Active,30520
EMP02213,Meena Pillai,BR3560,Supervisor,2023-05-09,Active,45921
EMP02214,Swetha Mehta,BR0517,Hub Operator,2025-07-20,Active,21078
EMP02215,Harini Joshi,BR4161,Supervisor,2026-06-26,Active,51622
EMP02216,Pooja Nair,BR4753,Delivery Agent,2021-04-01,Active,35535
EMP02217,Sneha Joshi,BR2213,Hub Operator,2025-10-19,Active,50808
EMP02218,Kavya Pillai,BR3331,Delivery Agent,2026-09-13,Active,57500
EMP02219,Ananya Verma,BR0937,Supervisor,2021-05-29,Active,54570
EMP02220,Harini Menon,BR2293,Hub Operator,2022-10-02,Active,49109
EMP02221,Divya Mishra,BR3808,Delivery Agent,2026-05-01,Active,31772
EMP02222,Nithya Nair,BR4676,Hub Operator,2026-08-14,Active,27150
EMP02223,Meena Menon,BR2968,Customer Support,2026-01-19,Active,64225
EMP02224,Swetha Mehta,BR1885,Delivery Agent,2021-10-31,Active,37117
EMP02225,Swetha Mishra,BR2479,Delivery Agent,2026-07-03,Active,39881
EMP02226,Vijay Nair,BR4090,Hub Operator,2026-09-28,Active,55677
EMP02227,Manoj Sharma,BR4601,Hub Operator,2025-09-24,Active,25646
EMP02228,Ananya Rao,BR4479,Hub Operator,2021-04-17,Active,50300
EMP02229,Divya Singh,BR3584,Delivery Agent,2021-07-15,Active,59679
EMP02230,Suresh Nair,BR4428,Customer Support,2021-09-22,Active,19073
EMP02231,Suresh Patel,BR0839,Delivery Agent,2021-12-26,Active,21348
EMP02232,Kavya Das,BR1163,Customer Support,2024-02-18,Active,40000
EMP02233,Karthik Joshi,BR4866,Supervisor,2023-03-07,Active,36047
EMP02234,Ananya Naidu,BR1297,Customer Support,2025-09-01,Active,46891
EMP02235,Rahul Gupta,BR0125,Customer Support,2026-01-29,Active,58989
EMP02236,Sneha Bose,BR2081,Hub Operator,2022-06-25,Active,43469
EMP02237,Divya Gupta,BR4397,Delivery Agent,2022-11-16,Active,21968
EMP02238,Rohit Kumar,BR0078,Manager,2025-12-14,Active,56596
EMP02239,Karthik Menon,BR2353,Supervisor,2023-10-21,Active,41584
EMP02240,Rohit Joshi,BR1130,Delivery Agent,2022-02-05,Active,47688
EMP02241,Swetha Bose,BR2580,Delivery Agent,2025-02-27,Active,48794
EMP02242,Ananya Reddy,BR4207,Delivery Agent,2024-11-28,Active,62871
EMP02243,Harini Rao,BR4277,Delivery Agent,2022-08-04,Active,48814
EMP02244,Kavya Verma,BR2413,Manager,2025-08-23,Active,55076
EMP02245,Arun Rao,BR1672,Delivery Agent,2026-06-05,Active,19169
EMP02246,Meena Mehta,BR2801,Hub Operator,2022-12-27,Active,26674
EMP02247,Arun Kumar,BR4261,Delivery Agent,2025-05-06,Active,24591
EMP02248,Meena Rao,BR0484,Supervisor,2021-12-01,Inactive,43884
EMP02249,Rohit Iyer,BR4401,Hub Operator,2023-08-13,Active,44956
EMP02250,Priya Mishra,BR0452,Supervisor,2023-01-02,Active,62115
EMP02251,Kavya Bose,BR3102,Manager,2024-07-31,Active,50011
EMP02252,Pooja Rao,BR1844,Customer Support,2021-05-25,Inactive,40857
EMP02253,Dinesh Kapoor,BR0822,Delivery Agent,2025-08-25,Active,34675
EMP02254,Harini Naidu,BR1588,Hub Operator,2026-01-25,Active,46560
EMP02255,Meena Gupta,BR4971,Customer Support,2025-10-18,Active,64470
EMP02256,Harini Iyer,BR1194,Customer Support,2021-09-22,Active,29235
EMP02257,Harini Bose,BR3843,Delivery Agent,2025-05-12,Active,36705
EMP02258,Dinesh Verma,BR2399,Delivery Agent,2023-11-22,Active,53596
EMP02259,Manoj Sharma,BR0528,Hub Operator,2023-01-01,Inactive,53788
EMP02260,Rohit Sinha,BR1741,Delivery Agent,2025-09-12,Active,45195
EMP02261,Priya Menon,BR2119,Hub Operator,2022-04-17,Active,43575
EMP02262,Rohit Patel,BR3682,Delivery Agent,2021-03-05,Active,61854
EMP02263,Rohit Singh,BR3626,Delivery Agent,2021-04-06,Active,62027
EMP02264,Ajay Naidu,BR1995,Delivery Agent,2021-04-19,Active,30719
EMP02265,Kavya Verma,BR0634,Hub Operator,2023-05-04,Inactive,53506
EMP02266,Vivek Verma,BR1760,Delivery Agent,2026-05-23,Active,21003
EMP02267,Priya Verma,BR3181,Customer Support,2023-01-16,Active,55257
EMP02268,Karthik Nair,BR3572,Delivery Agent,2023-01-06,Active,39635
EMP02269,Swetha Verma,BR1313,Manager,2024-11-03,Active,32059
EMP02270,Swetha Reddy,BR4959,Supervisor,2021-05-03,Inactive,56936
EMP02271,Divya Mehta,BR2395,Delivery Agent,2026-07-23,Active,32524
EMP02272,Vivek Verma,BR2919,Manager,2024-08-06,Active,58004
EMP02273,Karthik Joshi,BR1767,Delivery Agent,2023-02-08,Active,18452
EMP02274,Kavya Bose,BR3070,Delivery Agent,2022-07-08,Active,21118
EMP02275,Dinesh Menon,BR1579,Delivery Agent,2024-10-04,Active,54476
EMP02276,Pooja Verma,BR2479,Supervisor,2021-05-26,Inactive,45325
EMP02277,Rahul Singh,BR0340,Delivery Agent,2024-05-06,Active,59542
EMP02278,Arun Singh,BR4136,Manager,2021-08-07,Active,45184
EMP02279,Ananya Patel,BR2488,Customer Support,2024-04-05,Active,24999
EMP02280,Swetha Sinha,BR3560,Delivery Agent,2023-06-04,Active,18455
EMP02281,Divya Das,BR3385,Delivery Agent,2022-01-22,Active,31725
EMP02282,Karthik Das,BR4769,Hub Operator,2022-09-19,Active,62830
EMP02283,Pooja Patel,BR2236,Customer Support,2025-06-26,Active,29663
EMP02284,Vivek Sinha,BR3145,Hub Operator,2021-10-03,Active,55211
EMP02285,Suresh Sharma,BR3303,Delivery Agent,2024-02-19,Active,27408
EMP02286,Dinesh Bose,BR0034,Hub Operator,2026-02-06,Active,44378
EMP02287,Sneha Rao,BR3556,Delivery Agent,2024-03-02,Active,29709
EMP02288,Vivek Rao,BR3660,Delivery Agent,2025-12-22,Active,37749
EMP02289,Meena Sharma,BR3428,Delivery Agent,2021-02-22,Active,64550
EMP02290,Vivek Kumar,BR3667,Supervisor,2026-04-16,Active,36174
EMP02291,Sneha Joshi,BR1255,Supervisor,2026-04-08,Active,59214
EMP02292,Harini Nair,BR1685,Hub Operator,2023-11-09,Active,24236
EMP02293,Manoj Naidu,BR2796,Delivery Agent,2023-05-03,Active,40366
EMP02294,Manoj Kumar,BR0177,Hub Operator,2022-08-02,Active,26762
EMP02295,Manoj Nair,BR0635,Delivery Agent,2024-03-06,Active,45794
EMP02296,Rahul Singh,BR1496,Delivery Agent,2023-02-11,Active,63320
EMP02297,Nithya Verma,BR2192,Customer Support,2024-06-28,Active,37039
EMP02298,Karthik Mishra,BR0210,Delivery Agent,2026-09-02,Inactive,27054
EMP02299,Ajay Mehta,BR3404,Delivery Agent,2023-09-06,Active,20838
EMP02300,Vijay Das,BR1275,Customer Support,2026-01-31,Active,20925
EMP02301,Suresh Pillai,BR2290,Supervisor,2025-03-25,Active,20132
EMP02302,Vivek Joshi,BR2613,Delivery Agent,2026-09-21,Active,61795
EMP02303,Karthik Mehta,BR2903,Supervisor,2022-08-06,Active,25020
EMP02304,Swetha Verma,BR1200,Supervisor,2023-07-11,Active,32392
EMP02305,Vivek Iyer,BR4389,Delivery Agent,2026-08-31,Active,18915
EMP02306,Dinesh Das,BR1069,Manager,2024-11-03,Active,51147
EMP02307,Ananya Iyer,BR4811,Delivery Agent,2025-03-26,Active,59164
EMP02308,Divya Naidu,BR4739,Delivery Agent,2025-09-25,Active,56839
EMP02309,Dinesh Sharma,BR2438,Delivery Agent,2024-01-29,Active,58563
EMP02310,Sneha Sinha,BR3462,Delivery Agent,2025-05-22,Active,43012
EMP02311,Manoj Mehta,BR3661,Hub Operator,2023-11-02,Active,55438
EMP02312,Manoj Pillai,BR2205,Hub Operator,2022-08-26,Active,20205
EMP02313,Karthik Iyer,BR1977,Customer Support,2023-08-28,Inactive,18195
EMP02314,Dinesh Nair,BR4875,Customer Support,2026-09-22,Active,62547
EMP02315,Priya Pillai,BR3874,Delivery Agent,2023-06-23,Active,44788
EMP02316,Nithya Reddy,BR4319,Delivery Agent,2023-01-13,Inactive,41182
EMP02317,Karthik Rao,BR3820,Supervisor,2021-11-28,Active,58405
EMP02318,Priya Kapoor,BR2172,Delivery Agent,2025-08-30,Active,32154
EMP02319,Arun Sinha,BR2853,Customer Support,2022-07-20,Active,23628
EMP02320,Kavya Nair,BR4643,Customer Support,2025-08-31,Inactive,20911
EMP02321,Suresh Verma,BR3975,Customer Support,2021-06-06,Active,48482
EMP02322,Swetha Iyer,BR2933,Delivery Agent,2024-07-18,Active,21913
EMP02323,Arun Kumar,BR3460,Delivery Agent,2026-09-05,Active,33082
EMP02324,Rohit Kumar,BR3341,Hub Operator,2022-09-04,Active,50720
EMP02325,Kavya Mehta,BR4112,Delivery Agent,2024-04-07,Active,22842
EMP02326,Pooja Mehta,BR4609,Supervisor,2025-08-24,Active,37455
EMP02327,Karthik Patel,BR1058,Customer Support,2022-05-16,Active,32334
EMP02328,Rohit Patel,BR4450,Supervisor,2021-07-22,Active,44538
EMP02329,Pooja Bose,BR3040,Delivery Agent,2021-02-22,Inactive,29511
EMP02330,Meena Das,BR0143,Manager,2023-01-19,Active,29258
EMP02331,Pooja Bose,BR0977,Supervisor,2026-02-25,Active,53205
EMP02332,Sneha Singh,BR0337,Delivery Agent,2024-04-16,Active,37052
EMP02333,Vivek Patel,BR1827,Delivery Agent,2025-04-15,Active,38601
EMP02334,Manoj Pillai,BR4789,Supervisor,2023-01-30,Active,30256
EMP02335,Harini Rao,BR2424,Hub Operator,2023-10-02,Active,39715
EMP02336,Ajay Kumar,BR2021,Manager,2024-08-25,Active,32093
EMP02337,Kavya Mehta,BR0589,Customer Support,2023-08-21,Active,32579
EMP02338,Nithya Kumar,BR1537,Customer Support,2021-06-10,Active,42827
EMP02339,Meena Mishra,BR0561,Hub Operator,2021-06-08,Active,19255
EMP02340,Vivek Gupta,BR1357,Hub Operator,2021-10-06,Active,57557
EMP02341,Dinesh Gupta,BR0344,Supervisor,2021-04-11,Active,18244
EMP02342,Dinesh Gupta,BR1380,Hub Operator,2026-01-01,Active,30394
EMP02343,Dinesh Nair,BR2949,Hub Operator,2024-10-28,Active,45909
EMP02344,Karthik Reddy,BR0846,Delivery Agent,2024-06-07,Active,47930
EMP02345,Rohit Sinha,BR3654,Delivery Agent,2023-10-31,Active,46676
EMP02346,Sneha Mishra,BR3458,Supervisor,2021-08-10,Active,44817
EMP02347,Rohit Patel,BR4461,Delivery Agent,2025-07-16,Active,19221
EMP02348,Rahul Das,BR1271,Delivery Agent,2021-04-27,Inactive,56029
EMP02349,Kavya Sinha,BR0498,Hub Operator,2023-05-30,Active,55965
EMP02350,Arun Naidu,BR4932,Delivery Agent,2026-03-16,Active,30076
EMP02351,Kavya Kapoor,BR2916,Delivery Agent,2025-09-17,Active,19191
EMP02352,Pooja Rao,BR3067,Delivery Agent,2022-06-19,Active,50471
EMP02353,Sneha Reddy,BR1621,Supervisor,2021-09-09,Active,37530
EMP02354,Karthik Mishra,BR3153,Hub Operator,2022-03-10,Active,41117
EMP02355,Pooja Patel,BR2648,Delivery Agent,2022-08-14,Active,31717
EMP02356,Arun Kapoor,BR1122,Customer Support,2022-06-20,Active,27090
EMP02357,Manoj Kumar,BR2006,Customer Support,2022-05-13,Active,20460
EMP02358,Vijay Mehta,BR0679,Delivery Agent,2025-03-09,Active,50815
EMP02359,Vijay Gupta,BR2519,Hub Operator,2023-07-23,Active,58173
EMP02360,Rahul Menon,BR2315,Customer Support,2026-06-24,Active,30807
EMP02361,Nithya Naidu,BR1760,Delivery Agent,2021-07-03,Active,35072
EMP02362,Suresh Kumar,BR1391,Hub Operator,2026-02-19,Active,49878
EMP02363,Kavya Kapoor,BR1508,Hub Operator,2026-03-13,Active,38356
EMP02364,Priya Kumar,BR2627,Customer Support,2023-09-28,Active,43342
EMP02365,Vivek Joshi,BR3760,Delivery Agent,2026-02-04,Active,47267
EMP02366,Ajay Joshi,BR3688,Delivery Agent,2024-06-15,Active,53972
EMP02367,Manoj Reddy,BR3880,Delivery Agent,2025-11-18,Active,62720
EMP02368,Kavya Pillai,BR1296,Supervisor,2022-02-25,Active,27413
EMP02369,Rahul Reddy,BR1184,Hub Operator,2025-11-09,Inactive,45099
EMP02370,Rahul Verma,BR4964,Delivery Agent,2025-07-08,Active,56414
EMP02371,Suresh Reddy,BR2278,Supervisor,2023-04-18,Active,59049
EMP02372,Suresh Mehta,BR3686,Supervisor,2023-01-16,Inactive,38340
EMP02373,Ananya Gupta,BR4594,Customer Support,2026-06-17,Active,18620
EMP02374,Ajay Bose,BR3624,Delivery Agent,2025-10-25,Active,54372
EMP02375,Sneha Kapoor,BR2254,Delivery Agent,2023-01-31,Active,59390
EMP02376,Sneha Mehta,BR0199,Supervisor,2023-12-04,Active,31675
EMP02377,Rahul Nair,BR2370,Delivery Agent,2023-03-31,Active,44024
EMP02378,Arun Verma,BR2408,Customer Support,2024-09-25,Active,51085
EMP02379,Swetha Joshi,BR0458,Delivery Agent,2023-01-09,Inactive,28072
EMP02380,Rahul Kapoor,BR3559,Delivery Agent,2022-03-25,Active,37540
EMP02381,Sneha Mishra,BR0902,Customer Support,2026-05-26,Active,46318
EMP02382,Nithya Rao,BR3209,Delivery Agent,2024-12-09,Inactive,51473
EMP02383,Ajay Kumar,BR4249,Customer Support,2023-09-01,Active,51385
EMP02384,Ananya Joshi,BR4406,Delivery Agent,2022-04-07,Active,53687
EMP02385,Harini Reddy,BR3523,Delivery Agent,2025-05-22,Active,59634
EMP02386,Arun Mishra,BR4548,Manager,2025-07-28,Active,43264
EMP02387,Arun Menon,BR2316,Delivery Agent,2022-05-04,Active,48366
EMP02388,Manoj Naidu,BR0902,Manager,2023-02-19,Active,22683
EMP02389,Manoj Kapoor,BR4298,Manager,2021-03-07,Active,51302
EMP02390,Karthik Rao,BR0360,Hub Operator,2023-04-12,Active,39737
EMP02391,Kavya Kapoor,BR1137,Customer Support,2023-05-28,Active,60512
EMP02392,Ajay Sharma,BR3998,Delivery Agent,2022-03-20,Active,32349
EMP02393,Kavya Naidu,BR0508,Customer Support,2024-09-08,Active,25264
EMP02394,Manoj Sharma,BR3818,Supervisor,2026-09-01,Active,35583
EMP02395,Priya Reddy,BR0067,Customer Support,2026-07-03,Active,38271
EMP02396,Karthik Iyer,BR4724,Delivery Agent,2023-01-31,Active,31317
EMP02397,Kavya Gupta,BR2628,Delivery Agent,2022-12-21,Active,32102
EMP02398,Meena Mehta,BR0676,Supervisor,2023-09-19,Active,34687
EMP02399,Divya Menon,BR2329,Hub Operator,2021-04-10,Active,58624
EMP02400,Kavya Sharma,BR1032,Manager,2023-02-03,Active,42380
EMP02401,Divya Reddy,BR1305,Hub Operator,2025-07-07,Active,31799
EMP02402,Arun Joshi,BR3492,Delivery Agent,2026-09-19,Active,38290
EMP02403,Nithya Menon,BR1651,Customer Support,2024-10-23,Active,51445
EMP02404,Rohit Gupta,BR4431,Supervisor,2023-04-23,Active,48619
EMP02405,Pooja Das,BR4284,Hub Operator,2026-08-14,Active,39022
EMP02406,Vivek Mishra,BR4909,Delivery Agent,2023-10-24,Active,25861
EMP02407,Ananya Verma,BR1765,Delivery Agent,2022-01-11,Active,29967
EMP02408,Manoj Sinha,BR0559,Hub Operator,2023-04-22,Active,55132
EMP02409,Vijay Das,BR3762,Supervisor,2021-10-21,Active,50555
EMP02410,Vijay Patel,BR0850,Delivery Agent,2025-01-26,Active,53796
EMP02411,Pooja Sharma,BR2090,Hub Operator,2025-11-18,Active,20222
EMP02412,Ananya Patel,BR2226,Delivery Agent,2023-10-25,Inactive,49188
EMP02413,Kavya Rao,BR0004,Customer Support,2026-02-08,Active,24661
EMP02414,Dinesh Joshi,BR4406,Hub Operator,2025-12-15,Active,40537
EMP02415,Nithya Rao,BR3689,Delivery Agent,2024-08-19,Inactive,26761
EMP02416,Vijay Das,BR1709,Supervisor,2022-02-15,Active,20599
EMP02417,Arun Bose,BR4895,Customer Support,2026-07-09,Active,47334
EMP02418,Ajay Menon,BR2426,Delivery Agent,2022-08-09,Active,62759
EMP02419,Rohit Bose,BR1411,Hub Operator,2023-01-08,Active,43230
EMP02420,Rohit Verma,BR0943,Hub Operator,2022-01-24,Active,63014
EMP02421,Ananya Rao,BR2051,Delivery Agent,2021-04-04,Active,50644
EMP02422,Swetha Bose,BR0477,Delivery Agent,2025-04-18,Inactive,46968
EMP02423,Priya Mishra,BR4155,Delivery Agent,2025-08-10,Active,26083
EMP02424,Ananya Gupta,BR0309,Supervisor,2025-10-12,Active,59599
EMP02425,Ananya Sharma,BR1424,Delivery Agent,2026-02-13,Active,32131
EMP02426,Vivek Sinha,BR3251,Supervisor,2025-01-16,Active,18342
EMP02427,Rohit Verma,BR2202,Customer Support,2022-10-20,Active,57152
EMP02428,Vijay Nair,BR4774,Manager,2024-01-08,Active,28090
EMP02429,Kavya Iyer,BR0369,Supervisor,2024-08-22,Inactive,63165
EMP02430,Dinesh Patel,BR3140,Manager,2025-07-26,Active,39499
EMP02431,Vivek Naidu,BR3441,Delivery Agent,2026-08-22,Active,20428
EMP02432,Manoj Patel,BR0243,Delivery Agent,2024-08-01,Active,47557
EMP02433,Harini Pillai,BR2325,Supervisor,2021-09-19,Active,30805
EMP02434,Sneha Gupta,BR0681,Delivery Agent,2022-08-21,Active,51391
EMP02435,Nithya Singh,BR3515,Delivery Agent,2023-02-02,Active,31516
EMP02436,Rahul Das,BR2137,Manager,2026-09-11,Active,20843
EMP02437,Rahul Singh,BR2285,Hub Operator,2026-05-27,Active,37599
EMP02438,Ananya Mishra,BR2360,Delivery Agent,2022-12-12,Active,63584
EMP02439,Kavya Patel,BR0190,Delivery Agent,2022-07-01,Active,24622
EMP02440,Harini Das,BR0729,Supervisor,2022-06-23,Active,20057
EMP02441,Dinesh Mishra,BR0015,Supervisor,2026-04-12,Active,33518
EMP02442,Arun Kapoor,BR3266,Manager,2021-01-18,Active,61578
EMP02443,Nithya Naidu,BR0766,Hub Operator,2026-04-27,Active,52726
EMP02444,Karthik Joshi,BR3829,Delivery Agent,2021-12-16,Active,60217
EMP02445,Rohit Bose,BR4556,Delivery Agent,2022-01-17,Active,50595
EMP02446,Pooja Das,BR3239,Delivery Agent,2023-01-24,Active,56910
EMP02447,Divya Sinha,BR0832,Delivery Agent,2024-02-27,Active,27064
EMP02448,Priya Sharma,BR1270,Customer Support,2022-04-29,Active,51428
EMP02449,Meena Mehta,BR3769,Supervisor,2025-02-24,Active,21983
EMP02450,Divya Das,BR4079,Supervisor,2022-10-02,Active,21224
EMP02451,Vijay Patel,BR2367,Supervisor,2025-02-25,Active,26614
EMP02452,Arun Kapoor,BR4182,Hub Operator,2021-06-21,Active,61555
EMP02453,Karthik Nair,BR0215,Delivery Agent,2026-04-14,Active,60145
EMP02454,Ajay Reddy,BR3607,Delivery Agent,2021-10-29,Active,46685
EMP02455,Ajay Sharma,BR2892,Hub Operator,2023-10-18,Active,46600
EMP02456,Priya Sharma,BR2746,Hub Operator,2025-10-07,Active,52864
EMP02457,Vivek Pillai,BR1550,Delivery Agent,2022-11-09,Active,45990
EMP02458,Swetha Iyer,BR3356,Supervisor,2021-09-29,Active,54427
EMP02459,Nithya Iyer,BR2309,Customer Support,2022-10-29,Active,32931
EMP02460,Divya Gupta,BR4036,Hub Operator,2023-06-15,Active,41200
EMP02461,Divya Reddy,BR4152,Delivery Agent,2023-05-30,Active,61681
EMP02462,Ananya Kapoor,BR0510,Hub Operator,2022-12-21,Active,20847
EMP02463,Rahul Verma,BR1689,Delivery Agent,2025-07-28,Active,21994
EMP02464,Suresh Iyer,BR3483,Customer Support,2023-07-02,Active,49589
EMP02465,Divya Gupta,BR0444,Delivery Agent,2021-10-23,Active,22733
EMP02466,Suresh Kapoor,BR2671,Customer Support,2024-09-12,Active,63808
EMP02467,Rahul Gupta,BR4059,Hub Operator,2022-09-02,Active,45974
EMP02468,Sneha Reddy,BR2311,Manager,2021-04-19,Active,41004
EMP02469,Swetha Iyer,BR3392,Hub Operator,2024-08-27,Active,57053
EMP02470,Vijay Naidu,BR1392,Delivery Agent,2023-03-05,Active,29253
EMP02471,Vijay Kumar,BR4452,Supervisor,2026-09-05,Active,22603
EMP02472,Arun Nair,BR3998,Hub Operator,2024-06-23,Active,58833
EMP02473,Rohit Bose,BR0477,Hub Operator,2024-07-28,Active,61856
EMP02474,Rohit Verma,BR4764,Delivery Agent,2023-05-18,Active,60144
EMP02475,Suresh Verma,BR2088,Delivery Agent,2025-03-18,Active,63077
EMP02476,Meena Rao,BR3035,Delivery Agent,2022-08-27,Active,47965
EMP02477,Ajay Verma,BR3029,Delivery Agent,2024-07-04,Active,45776
EMP02478,Rohit Naidu,BR4451,Hub Operator,2021-05-14,Active,41495
EMP02479,Ananya Kumar,BR4411,Hub Operator,2025-03-07,Active,36472
EMP02480,Ajay Sharma,BR1812,Hub Operator,2021-10-19,Active,56906
EMP02481,Divya Verma,BR4543,Supervisor,2022-06-11,Active,35452
EMP02482,Ajay Joshi,BR2761,Delivery Agent,2024-05-01,Active,33495
EMP02483,Arun Das,BR0163,Customer Support,2026-02-21,Active,35268
EMP02484,Vijay Naidu,BR4410,Hub Operator,2021-12-09,Active,24277
EMP02485,Harini Mehta,BR3313,Supervisor,2021-01-04,Active,38914
EMP02486,Dinesh Sharma,BR0885,Delivery Agent,2023-03-03,Active,61997
EMP02487,Kavya Kumar,BR2709,Manager,2021-01-04,Inactive,54302
EMP02488,Kavya Naidu,BR1323,Customer Support,2022-02-28,Active,61067
EMP02489,Kavya Kumar,BR2264,Delivery Agent,2023-02-05,Active,44920
EMP02490,Rahul Kumar,BR2177,Delivery Agent,2024-04-18,Active,21085
EMP02491,Arun Rao,BR0927,Supervisor,2024-06-07,Active,53610
EMP02492,Arun Verma,BR2623,Delivery Agent,2025-08-25,Active,60178
EMP02493,Vijay Pillai,BR1454,Delivery Agent,2026-05-05,Active,32475
EMP02494,Vivek Pillai,BR3735,Hub Operator,2024-08-03,Active,55994
EMP02495,Manoj Rao,BR4379,Delivery Agent,2022-02-20,Active,31250
EMP02496,Nithya Sinha,BR3116,Delivery Agent,2023-07-04,Active,49808
EMP02497,Pooja Rao,BR2222,Hub Operator,2024-12-23,Active,25696
EMP02498,Vivek Kapoor,BR3433,Manager,2022-07-01,Active,37977
EMP02499,Vivek Rao,BR3344,Delivery Agent,2023-07-23,Active,35850
EMP02500,Priya Gupta,BR4059,Delivery Agent,2022-11-13,Active,44507
EMP02501,Rahul Menon,BR4288,Customer Support,2023-12-16,Active,60768
EMP02502,Rohit Bose,BR4365,Customer Support,2023-08-14,Active,48869
EMP02503,Meena Das,BR0434,Delivery Agent,2025-07-30,Active,41309
EMP02504,Ananya Das,BR2176,Delivery Agent,2023-01-10,Active,50808
EMP02505,Vivek Menon,BR1464,Supervisor,2025-10-24,Inactive,27479
EMP02506,Kavya Pillai,BR0184,Delivery Agent,2026-07-25,Active,53186
EMP02507,Arun Das,BR0136,Hub Operator,2026-09-02,Inactive,18462
EMP02508,Harini Pillai,BR4781,Hub Operator,2021-11-23,Inactive,21461
EMP02509,Vivek Gupta,BR0354,Hub Operator,2024-03-19,Active,33174
EMP02510,Pooja Menon,BR2934,Supervisor,2026-06-10,Active,59311
EMP02511,Ananya Menon,BR4117,Hub Operator,2021-02-07,Active,30271
EMP02512,Swetha Mehta,BR4749,Supervisor,2026-01-10,Active,36554
EMP02513,Pooja Kapoor,BR4531,Customer Support,2024-07-25,Active,64472
EMP02514,Karthik Naidu,BR1028,Delivery Agent,2021-09-11,Active,51107
EMP02515,Dinesh Iyer,BR1980,Delivery Agent,2025-04-06,Active,26745
EMP02516,Meena Singh,BR3780,Customer Support,2026-01-08,Active,28028
EMP02517,Karthik Sinha,BR3733,Customer Support,2024-03-04,Active,34934
EMP02518,Suresh Kumar,BR0930,Manager,2022-08-04,Active,30353
EMP02519,Ananya Bose,BR2153,Customer Support,2026-03-08,Active,51855
EMP02520,Arun Kumar,BR3413,Supervisor,2024-03-16,Active,62197
EMP02521,Manoj Sharma,BR0132,Delivery Agent,2022-08-24,Active,33754
EMP02522,Rahul Mehta,BR2368,Supervisor,2021-01-09,Active,38738
EMP02523,Priya Sharma,BR0848,Delivery Agent,2022-11-14,Active,53464
EMP02524,Divya Nair,BR3496,Manager,2021-08-23,Active,42932
EMP02525,Dinesh Naidu,BR4615,Hub Operator,2024-09-24,Active,54183
EMP02526,Suresh Gupta,BR1918,Hub Operator,2024-07-18,Active,47562
EMP02527,Dinesh Gupta,BR2733,Hub Operator,2022-09-04,Active,56943
EMP02528,Ajay Patel,BR3880,Delivery Agent,2022-08-17,Active,60051
EMP02529,Arun Iyer,BR4373,Delivery Agent,2024-04-29,Active,35510
EMP02530,Rahul Patel,BR2966,Delivery Agent,2023-03-01,Active,57558
EMP02531,Kavya Singh,BR2139,Hub Operator,2023-10-05,Active,37628
EMP02532,Swetha Sinha,BR3836,Delivery Agent,2025-05-16,Active,25981
EMP02533,Dinesh Singh,BR3786,Hub Operator,2024-10-21,Active,36844
EMP02534,Priya Iyer,BR4073,Hub Operator,2024-11-09,Active,46406
EMP02535,Kavya Rao,BR0335,Manager,2024-05-11,Active,22969
EMP02536,Kavya Joshi,BR4719,Supervisor,2022-05-16,Active,48893
EMP02537,Ajay Sinha,BR2104,Hub Operator,2026-07-12,Inactive,33874
EMP02538,Dinesh Kapoor,BR1217,Customer Support,2025-03-30,Active,31800
EMP02539,Arun Verma,BR2927,Customer Support,2024-08-03,Active,54955
EMP02540,Priya Singh,BR2633,Delivery Agent,2025-06-06,Inactive,53833
EMP02541,Vijay Kapoor,BR4775,Delivery Agent,2021-11-26,Active,42605
EMP02542,Meena Kumar,BR3346,Delivery Agent,2025-12-21,Active,30574
EMP02543,Meena Pillai,BR3400,Delivery Agent,2024-10-12,Active,18680
EMP02544,Divya Mehta,BR1838,Delivery Agent,2025-09-14,Active,20581
EMP02545,Kavya Iyer,BR0934,Supervisor,2023-11-24,Active,54872
EMP02546,Sneha Bose,BR2069,Customer Support,2025-07-11,Active,32494
EMP02547,Karthik Naidu,BR3024,Manager,2022-01-11,Active,52959
EMP02548,Rohit Naidu,BR4142,Delivery Agent,2026-05-20,Active,55781
EMP02549,Manoj Naidu,BR2137,Delivery Agent,2026-06-21,Active,22213
EMP02550,Meena Mehta,BR3863,Delivery Agent,2021-10-30,Active,27907
EMP02551,Nithya Mishra,BR4604,Supervisor,2022-05-20,Active,61998
EMP02552,Harini Pillai,BR2800,Delivery Agent,2025-04-26,Active,24284
EMP02553,Dinesh Nair,BR3138,Manager,2021-12-10,Active,61739
EMP02554,Pooja Kapoor,BR4993,Delivery Agent,2021-02-03,Active,34880
EMP02555,Rohit Naidu,BR1993,Customer Support,2026-09-26,Inactive,48630
EMP02556,Manoj Naidu,BR0218,Hub Operator,2022-06-16,Active,50314
EMP02557,Harini Verma,BR3505,Delivery Agent,2023-05-11,Active,55798
EMP02558,Priya Singh,BR3132,Hub Operator,2024-07-19,Active,41033
EMP02559,Divya Gupta,BR4692,Delivery Agent,2024-12-28,Active,53544
EMP02560,Suresh Verma,BR2586,Customer Support,2025-06-30,Active,55881
EMP02561,Vijay Sinha,BR4258,Hub Operator,2023-08-04,Inactive,44688
EMP02562,Vivek Mehta,BR2799,Delivery Agent,2022-11-23,Active,37505
EMP02563,Rohit Singh,BR4074,Delivery Agent,2025-01-02,Active,47101
EMP02564,Nithya Rao,BR1284,Manager,2024-07-10,Active,61838
EMP02565,Rohit Mehta,BR0359,Delivery Agent,2021-08-11,Active,31642
EMP02566,Kavya Nair,BR2274,Delivery Agent,2022-05-21,Active,20913
EMP02567,Kavya Verma,BR0069,Delivery Agent,2023-04-04,Active,43041
EMP02568,Sneha Bose,BR2026,Delivery Agent,2025-12-19,Active,52875
EMP02569,Priya Menon,BR0009,Delivery Agent,2022-06-12,Inactive,56706
EMP02570,Ananya Iyer,BR0281,Delivery Agent,2021-04-27,Active,38333
EMP02571,Vijay Nair,BR1576,Delivery Agent,2023-01-20,Active,32301
EMP02572,Priya Naidu,BR0793,Manager,2026-08-11,Active,55884
EMP02573,Swetha Nair,BR0307,Hub Operator,2021-01-02,Active,30580
EMP02574,Nithya Pillai,BR3961,Delivery Agent,2025-01-23,Active,37480
EMP02575,Harini Pillai,BR0146,Supervisor,2021-03-11,Active,58987
EMP02576,Harini Mishra,BR3566,Supervisor,2021-07-13,Active,36327
EMP02577,Rahul Patel,BR0443,Delivery Agent,2025-10-04,Active,21681
EMP02578,Kavya Sharma,BR3927,Delivery Agent,2021-01-06,Active,20324
EMP02579,Ananya Das,BR0309,Supervisor,2024-11-09,Active,41538
EMP02580,Rohit Patel,BR4578,Customer Support,2024-05-20,Active,40008
EMP02581,Rahul Gupta,BR3778,Customer Support,2022-06-28,Active,32170
EMP02582,Sneha Kumar,BR4679,Hub Operator,2024-03-14,Active,28824
EMP02583,Rohit Verma,BR4041,Delivery Agent,2021-02-18,Active,34527
EMP02584,Ajay Mishra,BR2419,Supervisor,2021-05-21,Active,37698
EMP02585,Divya Pillai,BR2722,Delivery Agent,2023-05-27,Active,54877
EMP02586,Meena Naidu,BR4150,Delivery Agent,2021-02-07,Inactive,28154
EMP02587,Sneha Bose,BR0577,Delivery Agent,2022-09-03,Active,54686
EMP02588,Meena Joshi,BR1269,Customer Support,2021-10-31,Active,27173
EMP02589,Divya Singh,BR0200,Supervisor,2021-06-17,Active,19833
EMP02590,Divya Das,BR1409,Customer Support,2025-10-02,Active,45989
EMP02591,Suresh Kumar,BR2713,Delivery Agent,2024-04-21,Inactive,59469
EMP02592,Suresh Iyer,BR3825,Customer Support,2024-06-30,Active,38309
EMP02593,Vivek Rao,BR4660,Supervisor,2026-08-12,Active,19218
EMP02594,Suresh Gupta,BR3921,Manager,2022-05-27,Active,48749
EMP02595,Vivek Verma,BR3320,Delivery Agent,2024-01-19,Active,53884
EMP02596,Nithya Reddy,BR4579,Delivery Agent,2021-04-04,Active,19138
EMP02597,Pooja Joshi,BR4752,Hub Operator,2023-06-03,Active,58578
EMP02598,Vijay Sinha,BR2946,Delivery Agent,2025-01-05,Active,25086
EMP02599,Rohit Verma,BR1754,Supervisor,2024-08-29,Active,24864
EMP02600,Rohit Mehta,BR0005,Hub Operator,2021-03-06,Active,36400
EMP02601,Nithya Joshi,BR1609,Delivery Agent,2024-12-06,Active,55580
EMP02602,Vijay Menon,BR3567,Hub Operator,2025-06-18,Active,22668
EMP02603,Rohit Joshi,BR0949,Delivery Agent,2025-03-29,Active,40967
EMP02604,Karthik Mishra,BR1019,Hub Operator,2025-11-04,Active,44375
EMP02605,Ananya Das,BR1343,Delivery Agent,2025-04-25,Active,61807
EMP02606,Vijay Joshi,BR1947,Delivery Agent,2022-08-26,Active,40584
EMP02607,Harini Naidu,BR1521,Manager,2026-08-23,Active,23017
EMP02608,Harini Pillai,BR2998,Customer Support,2023-07-25,Active,60059
EMP02609,Karthik Mehta,BR1439,Customer Support,2022-03-27,Active,49623
EMP02610,Sneha Mishra,BR4032,Customer Support,2025-05-03,Active,42924
EMP02611,Nithya Menon,BR1038,Customer Support,2023-09-10,Active,59619
EMP02612,Nithya Naidu,BR0002,Delivery Agent,2022-04-24,Active,51164
EMP02613,Harini Gupta,BR4498,Hub Operator,2022-10-08,Active,54012
EMP02614,Meena Pillai,BR0530,Manager,2024-09-16,Active,30423
EMP02615,Priya Naidu,BR4858,Delivery Agent,2025-09-07,Active,34785
EMP02616,Kavya Sinha,BR2130,Delivery Agent,2024-12-17,Active,52259
EMP02617,Nithya Sharma,BR4889,Delivery Agent,2022-10-08,Active,26480
EMP02618,Kavya Kumar,BR3555,Delivery Agent,2022-10-20,Active,46167
EMP02619,Swetha Verma,BR0899,Delivery Agent,2023-08-19,Active,40127
EMP02620,Kavya Singh,BR1510,Customer Support,2024-05-18,Active,41499
EMP02621,Manoj Bose,BR4665,Delivery Agent,2025-03-27,Active,23185
EMP02622,Dinesh Kumar,BR1846,Delivery Agent,2026-09-03,Active,60494
EMP02623,Harini Mehta,BR3600,Delivery Agent,2023-03-14,Active,42177
EMP02624,Priya Gupta,BR3476,Hub Operator,2024-06-03,Active,26810
EMP02625,Karthik Kumar,BR2181,Manager,2021-12-28,Active,57210
EMP02626,Sneha Kapoor,BR2840,Hub Operator,2023-10-04,Active,43316
EMP02627,Sneha Iyer,BR1259,Supervisor,2026-05-24,Active,21210
EMP02628,Suresh Iyer,BR3757,Hub Operator,2026-01-01,Active,59424
EMP02629,Priya Menon,BR0428,Delivery Agent,2021-04-26,Active,27835
EMP02630,Nithya Kapoor,BR0344,Manager,2022-07-25,Active,36165
EMP02631,Harini Sinha,BR1149,Hub Operator,2021-06-10,Active,62893
EMP02632,Ajay Patel,BR3695,Supervisor,2022-09-07,Active,57979
EMP02633,Ananya Naidu,BR3239,Delivery Agent,2021-10-14,Active,46630
EMP02634,Swetha Verma,BR4892,Delivery Agent,2022-06-15,Active,63897
EMP02635,Swetha Mishra,BR3452,Hub Operator,2021-10-08,Active,51861
EMP02636,Ananya Menon,BR2683,Supervisor,2025-07-01,Active,57295
EMP02637,Rohit Kapoor,BR4813,Supervisor,2022-12-04,Active,64400
EMP02638,Pooja Gupta,BR4315,Manager,2022-07-19,Active,44058
EMP02639,Harini Kumar,BR2647,Manager,2025-04-22,Active,28088
EMP02640,Meena Menon,BR0732,Hub Operator,2024-11-11,Active,44838
EMP02641,Rohit Kumar,BR2348,Hub Operator,2025-09-11,Inactive,45586
EMP02642,Priya Pillai,BR1869,Delivery Agent,2023-12-18,Active,33309
EMP02643,Divya Pillai,BR0164,Hub Operator,2024-06-11,Active,50972
EMP02644,Manoj Menon,BR4992,Delivery Agent,2026-07-01,Active,26723
EMP02645,Vijay Iyer,BR1467,Delivery Agent,2021-05-11,Active,40882
EMP02646,Suresh Menon,BR4768,Hub Operator,2026-09-03,Active,39490
EMP02647,Rahul Rao,BR4069,Supervisor,2026-07-07,Active,55518
EMP02648,Vijay Kumar,BR1540,Manager,2026-02-04,Active,42836
EMP02649,Vijay Gupta,BR2817,Customer Support,2026-03-12,Active,33668
EMP02650,Arun Bose,BR1234,Customer Support,2026-01-20,Active,18424
EMP02651,Divya Bose,BR2729,Hub Operator,2022-12-04,Active,20096
EMP02652,Arun Das,BR0297,Hub Operator,2021-05-03,Active,38717
EMP02653,Ananya Naidu,BR3082,Hub Operator,2021-10-01,Active,42932
EMP02654,Ananya Sinha,BR2165,Delivery Agent,2021-06-17,Inactive,63258
EMP02655,Dinesh Singh,BR1507,Delivery Agent,2024-06-19,Active,31510
EMP02656,Rohit Sharma,BR1924,Delivery Agent,2025-07-19,Active,26515
EMP02657,Rahul Joshi,BR2245,Supervisor,2022-01-05,Active,26470
EMP02658,Harini Naidu,BR2235,Hub Operator,2021-09-30,Active,48745
EMP02659,Dinesh Rao,BR0678,Hub Operator,2026-05-10,Active,63820
EMP02660,Vijay Pillai,BR3302,Delivery Agent,2025-01-11,Active,57311
EMP02661,Rohit Reddy,BR4376,Supervisor,2021-01-25,Active,58417
EMP02662,Meena Kumar,BR3736,Manager,2025-02-10,Active,39206
EMP02663,Ajay Mehta,BR3188,Delivery Agent,2022-05-06,Active,46182
EMP02664,Nithya Patel,BR4060,Delivery Agent,2022-07-06,Active,39170
EMP02665,Ajay Das,BR4695,Delivery Agent,2022-12-22,Active,30149
EMP02666,Arun Sharma,BR1615,Manager,2021-02-13,Active,26172
EMP02667,Priya Rao,BR0597,Hub Operator,2024-12-26,Active,35268
EMP02668,Arun Gupta,BR1124,Hub Operator,2026-07-25,Active,29869
EMP02669,Karthik Reddy,BR3616,Delivery Agent,2025-07-07,Active,35766
EMP02670,Manoj Reddy,BR4874,Supervisor,2023-09-29,Active,23292
EMP02671,Pooja Kumar,BR2875,Delivery Agent,2024-03-08,Active,36003
EMP02672,Ananya Sinha,BR4910,Hub Operator,2025-04-05,Inactive,48031
EMP02673,Priya Kumar,BR1915,Delivery Agent,2024-02-26,Active,18624
EMP02674,Karthik Bose,BR1824,Hub Operator,2025-04-18,Inactive,46938
EMP02675,Ajay Sinha,BR2343,Hub Operator,2022-11-07,Active,45565
EMP02676,Karthik Sinha,BR4591,Delivery Agent,2026-06-03,Active,33575
EMP02677,Karthik Singh,BR4391,Supervisor,2025-09-05,Active,57481
EMP02678,Manoj Naidu,BR4945,Delivery Agent,2024-01-12,Active,31721
EMP02679,Vijay Nair,BR3812,Delivery Agent,2023-04-06,Active,18321
EMP02680,Sneha Iyer,BR2752,Delivery Agent,2022-07-01,Active,34696
EMP02681,Ajay Verma,BR1712,Supervisor,2025-06-11,Active,28318
EMP02682,Vijay Singh,BR1562,Delivery Agent,2021-08-23,Active,27132
EMP02683,Divya Pillai,BR2372,Delivery Agent,2022-06-30,Inactive,43324
EMP02684,Suresh Iyer,BR0622,Customer Support,2023-06-24,Active,27316
EMP02685,Suresh Menon,BR3604,Supervisor,2021-08-05,Inactive,22629
EMP02686,Priya Kapoor,BR0152,Customer Support,2022-07-11,Active,36201
EMP02687,Divya Kapoor,BR1603,Hub Operator,2026-02-28,Active,29440
EMP02688,Ananya Bose,BR4291,Customer Support,2021-09-04,Active,31635
EMP02689,Nithya Patel,BR4914,Hub Operator,2022-05-23,Active,24405
EMP02690,Divya Singh,BR2934,Delivery Agent,2021-05-22,Active,45647
EMP02691,Karthik Rao,BR4598,Customer Support,2024-04-18,Active,31333
EMP02692,Priya Patel,BR2064,Customer Support,2024-06-12,Active,63078
EMP02693,Rohit Nair,BR4319,Customer Support,2022-07-14,Active,49807
EMP02694,Harini Pillai,BR2721,Customer Support,2024-06-19,Active,19368
EMP02695,Manoj Verma,BR2420,Delivery Agent,2024-06-20,Active,58440
EMP02696,Ananya Mehta,BR4080,Manager,2025-09-11,Inactive,20067
EMP02697,Rohit Reddy,BR3673,Manager,2025-12-30,Active,18751
EMP02698,Swetha Mehta,BR3066,Hub Operator,2026-04-07,Active,50275
EMP02699,Rahul Mehta,BR0571,Delivery Agent,2024-06-16,Active,26831
EMP02700,Manoj Joshi,BR4393,Delivery Agent,2024-08-08,Active,48155
EMP02701,Vivek Verma,BR3263,Customer Support,2022-11-19,Active,43515
EMP02702,Nithya Pillai,BR4050,Delivery Agent,2025-09-02,Active,48930
EMP02703,Nithya Singh,BR3390,Customer Support,2022-04-29,Active,25668
EMP02704,Pooja Das,BR0084,Delivery Agent,2025-02-16,Active,41663
EMP02705,Suresh Iyer,BR0374,Manager,2026-08-15,Active,46410
EMP02706,Rahul Kapoor,BR0648,Supervisor,2022-01-31,Active,38720
EMP02707,Meena Iyer,BR1283,Supervisor,2022-04-12,Active,48640
EMP02708,Rohit Patel,BR0910,Supervisor,2023-08-17,Active,47393
EMP02709,Vijay Bose,BR2391,Delivery Agent,2021-08-20,Active,38878
EMP02710,Ajay Gupta,BR1057,Delivery Agent,2025-11-24,Active,58549
EMP02711,Manoj Singh,BR0248,Hub Operator,2025-12-24,Active,26953
EMP02712,Manoj Kumar,BR1691,Supervisor,2022-08-09,Active,28138
EMP02713,Sneha Kumar,BR1803,Supervisor,2026-03-22,Active,36135
EMP02714,Harini Nair,BR3858,Hub Operator,2026-08-02,Active,23226
EMP02715,Suresh Menon,BR0604,Hub Operator,2025-04-13,Active,48484
EMP02716,Swetha Menon,BR4954,Delivery Agent,2026-05-21,Active,24628
EMP02717,Dinesh Sharma,BR3437,Manager,2024-12-21,Active,43934
EMP02718,Arun Mishra,BR3754,Delivery Agent,2021-04-09,Active,52585
EMP02719,Kavya Pillai,BR1283,Delivery Agent,2022-06-13,Active,32857
EMP02720,Dinesh Mehta,BR2848,Hub Operator,2026-03-26,Active,41490
EMP02721,Swetha Rao,BR3620,Delivery Agent,2024-05-11,Active,33078
EMP02722,Arun Kumar,BR2954,Manager,2024-04-02,Active,56821
EMP02723,Rohit Naidu,BR3285,Delivery Agent,2022-07-03,Active,48567
EMP02724,Sneha Naidu,BR3955,Delivery Agent,2021-10-14,Active,18506
EMP02725,Swetha Patel,BR2546,Delivery Agent,2026-07-12,Active,44143
EMP02726,Ananya Gupta,BR0025,Hub Operator,2022-10-30,Active,51113
EMP02727,Manoj Patel,BR1470,Delivery Agent,2021-03-06,Active,36991
EMP02728,Priya Singh,BR1177,Delivery Agent,2025-08-03,Active,53915
EMP02729,Suresh Patel,BR3529,Delivery Agent,2026-06-19,Active,30319
EMP02730,Karthik Naidu,BR2101,Delivery Agent,2023-05-09,Active,20662
EMP02731,Sneha Bose,BR4579,Supervisor,2025-09-21,Active,37126
EMP02732,Suresh Kumar,BR0236,Supervisor,2025-07-04,Active,37269
EMP02733,Divya Singh,BR3548,Hub Operator,2023-04-29,Active,20155
EMP02734,Swetha Patel,BR1614,Supervisor,2022-05-15,Active,36316
EMP02735,Ajay Reddy,BR4445,Customer Support,2025-08-16,Active,40705
EMP02736,Rahul Mishra,BR3534,Delivery Agent,2021-12-26,Active,39148
EMP02737,Karthik Sinha,BR0788,Manager,2023-11-05,Active,32089
EMP02738,Ananya Joshi,BR2534,Hub Operator,2026-03-29,Active,54134
EMP02739,Suresh Menon,BR1840,Customer Support,2021-05-27,Active,56758
EMP02740,Pooja Gupta,BR3556,Supervisor,2021-03-09,Active,27858
EMP02741,Nithya Das,BR4329,Supervisor,2021-05-23,Active,47682
EMP02742,Divya Reddy,BR2120,Manager,2025-12-12,Active,45628
EMP02743,Arun Reddy,BR2814,Customer Support,2022-09-01,Active,19361
EMP02744,Nithya Reddy,BR3366,Customer Support,2026-08-23,Active,55167
EMP02745,Vivek Sinha,BR2218,Delivery Agent,2022-12-22,Active,37113
EMP02746,Vivek Verma,BR3416,Delivery Agent,2026-06-26,Inactive,47311
EMP02747,Suresh Sharma,BR0007,Customer Support,2021-02-28,Active,18430
EMP02748,Priya Verma,BR2027,Delivery Agent,2026-08-05,Active,48873
EMP02749,Sneha Reddy,BR3790,Delivery Agent,2025-12-10,Active,62286
EMP02750,Kavya Singh,BR4041,Delivery Agent,2025-05-12,Active,48538
EMP02751,Karthik Verma,BR1044,Supervisor,2022-11-25,Inactive,51909
EMP02752,Rohit Nair,BR3610,Customer Support,2026-01-06,Active,23829
EMP02753,Pooja Pillai,BR0500,Customer Support,2021-09-26,Active,48430
EMP02754,Rahul Reddy,BR2388,Hub Operator,2021-12-15,Active,37207
EMP02755,Nithya Das,BR1080,Customer Support,2022-05-12,Active,32955
EMP02756,Ananya Joshi,BR3839,Hub Operator,2023-12-16,Active,61281
EMP02757,Vijay Kapoor,BR2503,Hub Operator,2021-10-29,Active,32024
EMP02758,Swetha Gupta,BR3300,Delivery Agent,2023-02-09,Active,29754
EMP02759,Vijay Mehta,BR1086,Delivery Agent,2022-08-15,Active,60356
EMP02760,Priya Iyer,BR3313,Customer Support,2023-05-08,Active,32526
EMP02761,Divya Reddy,BR1408,Supervisor,2021-07-08,Active,30337
EMP02762,Divya Sharma,BR3518,Delivery Agent,2024-10-17,Active,57497
EMP02763,Divya Nair,BR4900,Supervisor,2024-05-04,Active,41424
EMP02764,Divya Sinha,BR2542,Delivery Agent,2025-07-27,Active,25042
EMP02765,Karthik Pillai,BR0456,Customer Support,2025-04-02,Active,55739
EMP02766,Rohit Mishra,BR1563,Hub Operator,2021-05-28,Active,37417
EMP02767,Ajay Patel,BR1375,Delivery Agent,2025-08-31,Active,47623
EMP02768,Sneha Singh,BR4181,Delivery Agent,2021-04-03,Active,64726
EMP02769,Swetha Gupta,BR1588,Customer Support,2022-08-17,Active,63070
EMP02770,Karthik Pillai,BR1370,Delivery Agent,2024-11-30,Active,50248
EMP02771,Suresh Naidu,BR2559,Hub Operator,2026-01-19,Active,61606
EMP02772,Rohit Reddy,BR4859,Customer Support,2023-04-20,Active,59837
EMP02773,Karthik Das,BR1144,Delivery Agent,2023-08-01,Active,33870
EMP02774,Kavya Naidu,BR4521,Customer Support,2026-07-17,Active,29340
EMP02775,Nithya Kapoor,BR2251,Customer Support,2022-04-03,Active,39663
EMP02776,Harini Nair,BR0958,Manager,2021-07-28,Active,43171
EMP02777,Priya Gupta,BR0809,Customer Support,2022-07-12,Active,37055
EMP02778,Suresh Das,BR1313,Delivery Agent,2025-01-05,Active,52244
EMP02779,Sneha Gupta,BR4836,Delivery Agent,2025-05-07,Active,33592
EMP02780,Suresh Iyer,BR0038,Customer Support,2024-08-01,Active,40943
EMP02781,Meena Kumar,BR3218,Delivery Agent,2023-10-27,Active,21192
EMP02782,Karthik Singh,BR2486,Delivery Agent,2024-03-17,Active,64388
EMP02783,Ajay Kapoor,BR1073,Delivery Agent,2023-09-24,Active,56894
EMP02784,Vivek Bose,BR3389,Hub Operator,2026-02-10,Active,47032
EMP02785,Rahul Patel,BR0528,Supervisor,2022-09-16,Active,56235
EMP02786,Divya Bose,BR4693,Hub Operator,2022-03-11,Active,56597
EMP02787,Priya Nair,BR4908,Delivery Agent,2022-01-12,Active,18217
EMP02788,Arun Rao,BR1567,Supervisor,2022-06-02,Active,60448
EMP02789,Rohit Sinha,BR1524,Hub Operator,2023-04-12,Active,22899
EMP02790,Kavya Verma,BR4777,Customer Support,2022-02-10,Active,36313
EMP02791,Vijay Gupta,BR3045,Manager,2025-08-26,Active,47785
EMP02792,Ananya Bose,BR3746,Supervisor,2021-10-28,Active,26415
EMP02793,Kavya Sharma,BR1498,Supervisor,2022-05-19,Inactive,41163
EMP02794,Vijay Das,BR4234,Delivery Agent,2022-11-24,Active,54210
EMP02795,Pooja Sinha,BR0925,Hub Operator,2024-01-09,Active,28520
EMP02796,Rahul Reddy,BR2214,Manager,2026-09-27,Active,47376
EMP02797,Ananya Gupta,BR3047,Delivery Agent,2022-04-14,Active,60918
EMP02798,Priya Joshi,BR2190,Delivery Agent,2024-04-20,Active,49146
EMP02799,Ajay Sinha,BR4839,Delivery Agent,2022-12-25,Active,39583
EMP02800,Ajay Verma,BR3825,Manager,2023-04-29,Active,26544
EMP02801,Rohit Kumar,BR3786,Hub Operator,2025-02-11,Active,28965
EMP02802,Vijay Singh,BR2102,Delivery Agent,2023-04-30,Active,39979
EMP02803,Ananya Mishra,BR2202,Hub Operator,2023-12-10,Active,27905
EMP02804,Suresh Mishra,BR2274,Customer Support,2023-03-25,Active,31974
EMP02805,Kavya Bose,BR2727,Supervisor,2025-07-28,Active,23249
EMP02806,Vivek Menon,BR3233,Hub Operator,2025-10-07,Active,44510
EMP02807,Ananya Kumar,BR1773,Supervisor,2021-06-02,Active,62146
EMP02808,Dinesh Das,BR2096,Delivery Agent,2023-09-04,Inactive,61563
EMP02809,Meena Nair,BR4482,Hub Operator,2025-07-08,Active,38139
EMP02810,Priya Sharma,BR0249,Supervisor,2023-10-27,Active,42638
EMP02811,Dinesh Verma,BR0026,Hub Operator,2022-07-25,Active,33465
EMP02812,Dinesh Verma,BR3217,Delivery Agent,2026-07-24,Active,56052
EMP02813,Ajay Bose,BR2057,Supervisor,2024-09-01,Active,31599
EMP02814,Divya Menon,BR2548,Supervisor,2026-01-18,Active,44821
EMP02815,Sneha Pillai,BR1349,Delivery Agent,2025-08-30,Active,35952
EMP02816,Manoj Gupta,BR1958,Customer Support,2025-01-30,Active,63045
EMP02817,Dinesh Menon,BR2225,Delivery Agent,2022-01-11,Inactive,38200
EMP02818,Swetha Rao,BR3542,Supervisor,2024-03-17,Active,61283
EMP02819,Rohit Sinha,BR0531,Delivery Agent,2021-02-15,Active,30755
EMP02820,Sneha Bose,BR4486,Delivery Agent,2021-03-10,Active,58921
EMP02821,Kavya Sharma,BR1344,Customer Support,2025-05-29,Inactive,48517
EMP02822,Manoj Rao,BR0919,Supervisor,2021-03-04,Active,59089
EMP02823,Vijay Mehta,BR2081,Supervisor,2024-03-29,Active,18593
EMP02824,Vivek Nair,BR0577,Customer Support,2021-06-17,Active,26678
EMP02825,Dinesh Reddy,BR0173,Manager,2022-11-11,Active,60458
EMP02826,Ananya Verma,BR4184,Delivery Agent,2023-10-05,Active,19124
EMP02827,Dinesh Reddy,BR0233,Manager,2023-08-27,Active,37251
EMP02828,Nithya Bose,BR2085,Delivery Agent,2025-10-07,Active,29686
EMP02829,Vijay Iyer,BR2331,Customer Support,2021-01-27,Active,42427
EMP02830,Manoj Singh,BR3535,Delivery Agent,2025-01-10,Inactive,20507
EMP02831,Suresh Reddy,BR0921,Hub Operator,2024-11-01,Active,33629
EMP02832,Kavya Gupta,BR3180,Supervisor,2025-08-21,Active,38510
EMP02833,Rohit Kapoor,BR1715,Hub Operator,2021-01-29,Active,26749
EMP02834,Ajay Pillai,BR1134,Supervisor,2024-04-01,Inactive,21367
EMP02835,Rahul Iyer,BR2215,Hub Operator,2023-11-27,Active,42250
EMP02836,Dinesh Pillai,BR0377,Delivery Agent,2022-10-28,Active,62825
EMP02837,Karthik Patel,BR3434,Hub Operator,2023-10-25,Active,20650
EMP02838,Divya Joshi,BR3102,Delivery Agent,2026-04-14,Active,25553
EMP02839,Pooja Das,BR4783,Hub Operator,2026-04-24,Active,22816
EMP02840,Rohit Sharma,BR2332,Supervisor,2024-10-24,Active,42540
EMP02841,Harini Kumar,BR1823,Delivery Agent,2022-06-06,Active,61743
EMP02842,Harini Joshi,BR4297,Delivery Agent,2022-06-26,Active,52366
EMP02843,Ajay Gupta,BR1276,Hub Operator,2025-05-30,Active,28648
EMP02844,Meena Kapoor,BR2864,Supervisor,2024-11-15,Active,64018
EMP02845,Sneha Bose,BR2754,Supervisor,2021-04-28,Inactive,50296
EMP02846,Sneha Kapoor,BR2095,Supervisor,2023-07-08,Active,61493
EMP02847,Ajay Verma,BR0173,Delivery Agent,2025-04-25,Active,45138
EMP02848,Divya Patel,BR2242,Delivery Agent,2021-01-01,Active,19178
EMP02849,Ajay Kumar,BR2679,Customer Support,2021-10-28,Active,40157
EMP02850,Meena Pillai,BR1500,Delivery Agent,2021-10-24,Active,63600
EMP02851,Suresh Bose,BR3428,Hub Operator,2024-07-20,Active,51620
EMP02852,Rahul Rao,BR4631,Hub Operator,2024-11-17,Active,62169
EMP02853,Karthik Bose,BR0916,Delivery Agent,2025-08-02,Active,54806
EMP02854,Karthik Das,BR2465,Customer Support,2024-08-16,Active,31786
EMP02855,Harini Iyer,BR4697,Supervisor,2025-01-03,Active,22577
EMP02856,Sneha Rao,BR2096,Delivery Agent,2021-03-20,Inactive,37223
EMP02857,Vijay Rao,BR4496,Delivery Agent,2025-09-19,Active,31449
EMP02858,Meena Reddy,BR3686,Customer Support,2021-01-02,Active,38784
EMP02859,Arun Joshi,BR0495,Delivery Agent,2023-12-20,Active,62905
EMP02860,Vijay Naidu,BR4519,Hub Operator,2024-08-08,Active,62704
EMP02861,Pooja Pillai,BR4231,Supervisor,2026-07-15,Active,61950
EMP02862,Nithya Mishra,BR2732,Delivery Agent,2024-03-30,Active,51548
EMP02863,Ananya Nair,BR1762,Supervisor,2023-12-17,Active,51372
EMP02864,Vivek Iyer,BR2993,Supervisor,2024-06-03,Active,25964
EMP02865,Arun Naidu,BR0104,Manager,2021-07-01,Active,61469
EMP02866,Swetha Mishra,BR3588,Hub Operator,2024-08-31,Active,53111
EMP02867,Priya Singh,BR2829,Hub Operator,2022-06-04,Active,51624
EMP02868,Karthik Kumar,BR3469,Supervisor,2023-05-30,Active,59166
EMP02869,Kavya Kumar,BR1888,Supervisor,2025-08-22,Inactive,29975
EMP02870,Nithya Reddy,BR3499,Hub Operator,2022-07-30,Active,29620
EMP02871,Arun Sharma,BR1912,Delivery Agent,2021-01-05,Inactive,33865
EMP02872,Manoj Das,BR1109,Hub Operator,2024-04-08,Active,23964
EMP02873,Swetha Mehta,BR1313,Delivery Agent,2023-03-08,Active,49270
EMP02874,Pooja Pillai,BR0323,Delivery Agent,2026-04-18,Active,23656
EMP02875,Vivek Verma,BR2823,Delivery Agent,2024-04-18,Active,24555
EMP02876,Manoj Sinha,BR4762,Delivery Agent,2021-06-30,Active,62978
EMP02877,Divya Rao,BR0076,Manager,2023-11-03,Active,20886
EMP02878,Vivek Joshi,BR1467,Hub Operator,2023-08-14,Active,49536
EMP02879,Vijay Kumar,BR4724,Manager,2023-03-27,Active,53512
EMP02880,Kavya Kumar,BR4792,Customer Support,2024-05-20,Active,19477
EMP02881,Manoj Sharma,BR2114,Delivery Agent,2026-09-15,Active,36574
EMP02882,Karthik Patel,BR3176,Customer Support,2025-04-12,Active,21810
EMP02883,Swetha Mishra,BR0044,Hub Operator,2024-01-26,Active,37339
EMP02884,Meena Nair,BR1759,Hub Operator,2024-01-20,Active,43841
EMP02885,Nithya Patel,BR1979,Hub Operator,2022-12-16,Active,24971
EMP02886,Suresh Pillai,BR2917,Manager,2021-05-13,Active,35985
EMP02887,Dinesh Verma,BR1442,Delivery Agent,2021-02-20,Active,20474
EMP02888,Vijay Rao,BR1164,Hub Operator,2022-08-01,Active,33137
EMP02889,Karthik Pillai,BR3206,Delivery Agent,2026-06-20,Active,61780
EMP02890,Arun Kumar,BR1659,Delivery Agent,2022-09-24,Active,51061
EMP02891,Sneha Iyer,BR3560,Delivery Agent,2021-07-28,Active,63289
EMP02892,Suresh Gupta,BR0224,Manager,2023-09-18,Active,18610
EMP02893,Nithya Das,BR0612,Delivery Agent,2021-07-01,Active,26621
EMP02894,Nithya Rao,BR4176,Supervisor,2021-07-22,Active,64973
EMP02895,Suresh Gupta,BR4989,Customer Support,2025-10-31,Active,63739
EMP02896,Harini Bose,BR1433,Delivery Agent,2021-03-11,Active,51707
EMP02897,Kavya Nair,BR2781,Delivery Agent,2023-11-20,Active,50004
EMP02898,Rahul Verma,BR1968,Delivery Agent,2025-06-17,Active,63687
EMP02899,Sneha Naidu,BR3047,Hub Operator,2022-04-16,Active,49917
EMP02900,Ananya Menon,BR1464,Hub Operator,2022-11-19,Active,58691
EMP02901,Divya Menon,BR0828,Supervisor,2025-02-16,Active,61212
EMP02902,Pooja Gupta,BR4204,Hub Operator,2024-05-17,Active,53062
EMP02903,Ananya Joshi,BR4209,Supervisor,2023-08-23,Active,28048
EMP02904,Harini Patel,BR1916,Hub Operator,2022-02-18,Active,36204
EMP02905,Rahul Mehta,BR3598,Hub Operator,2021-07-20,Active,51793
EMP02906,Karthik Gupta,BR1893,Customer Support,2024-10-23,Active,22849
EMP02907,Ananya Bose,BR2178,Customer Support,2021-01-26,Active,44486
EMP02908,Karthik Bose,BR2853,Customer Support,2022-01-15,Active,40103
EMP02909,Swetha Verma,BR4933,Hub Operator,2023-07-19,Active,38881
EMP02910,Rohit Menon,BR2150,Delivery Agent,2025-05-23,Active,36695
EMP02911,Ananya Reddy,BR1262,Delivery Agent,2023-03-27,Active,41427
EMP02912,Dinesh Sinha,BR2326,Supervisor,2022-04-02,Inactive,60065
EMP02913,Kavya Sinha,BR4909,Delivery Agent,2023-07-09,Active,35343
EMP02914,Rahul Sinha,BR4082,Customer Support,2023-04-25,Active,24894
EMP02915,Priya Naidu,BR1797,Manager,2021-12-11,Active,42440
EMP02916,Manoj Gupta,BR1628,Hub Operator,2023-03-09,Active,39831
EMP02917,Ajay Rao,BR1583,Delivery Agent,2025-02-04,Inactive,31758
EMP02918,Manoj Joshi,BR1879,Delivery Agent,2025-08-14,Active,50531
EMP02919,Ajay Sharma,BR3449,Supervisor,2025-01-30,Active,55740
EMP02920,Manoj Iyer,BR0253,Delivery Agent,2023-04-27,Active,32754
EMP02921,Nithya Mehta,BR1858,Delivery Agent,2023-07-31,Active,26144
EMP02922,Sneha Rao,BR1794,Hub Operator,2023-04-10,Active,64116
EMP02923,Kavya Kapoor,BR3346,Delivery Agent,2021-12-20,Active,57882
EMP02924,Kavya Nair,BR3303,Manager,2022-12-06,Active,56078
EMP02925,Swetha Kapoor,BR3803,Hub Operator,2023-04-06,Active,21055
EMP02926,Vijay Gupta,BR0814,Supervisor,2022-11-24,Active,18691
EMP02927,Nithya Nair,BR2757,Manager,2024-08-21,Active,27105
EMP02928,Suresh Sharma,BR2825,Delivery Agent,2026-04-17,Active,29627
EMP02929,Manoj Pillai,BR4750,Delivery Agent,2025-04-06,Active,18275
EMP02930,Arun Joshi,BR2753,Manager,2022-08-07,Active,20746
EMP02931,Sneha Sharma,BR1320,Hub Operator,2024-03-26,Active,18268
EMP02932,Priya Kapoor,BR2969,Delivery Agent,2026-02-08,Active,51684
EMP02933,Meena Sinha,BR1856,Hub Operator,2022-01-06,Active,54199
EMP02934,Kavya Naidu,BR1696,Customer Support,2023-05-25,Active,47527
EMP02935,Ajay Das,BR3498,Customer Support,2025-03-20,Active,39492
EMP02936,Pooja Gupta,BR0657,Manager,2021-04-01,Active,34365
EMP02937,Harini Singh,BR4770,Manager,2024-08-09,Active,38662
EMP02938,Manoj Das,BR4143,Customer Support,2024-02-08,Active,55161
EMP02939,Arun Kapoor,BR4778,Customer Support,2022-01-13,Active,47664
EMP02940,Rahul Joshi,BR3422,Delivery Agent,2026-07-07,Active,38322
EMP02941,Arun Sharma,BR4600,Supervisor,2025-09-15,Active,54630
EMP02942,Vijay Das,BR0109,Hub Operator,2022-04-05,Active,40213
EMP02943,Manoj Sharma,BR1205,Supervisor,2023-11-18,Active,37371
EMP02944,Divya Gupta,BR3038,Manager,2025-07-17,Active,30875
EMP02945,Dinesh Joshi,BR0579,Delivery Agent,2026-07-29,Active,29377
EMP02946,Karthik Naidu,BR2580,Manager,2022-01-08,Active,36226
EMP02947,Sneha Joshi,BR4247,Customer Support,2026-03-17,Active,46745
EMP02948,Manoj Kapoor,BR3989,Hub Operator,2026-09-08,Active,44969
EMP02949,Ananya Gupta,BR2042,Delivery Agent,2021-04-10,Inactive,41194
EMP02950,Manoj Kumar,BR1413,Customer Support,2023-05-13,Active,43252
EMP02951,Suresh Naidu,BR3636,Supervisor,2026-08-21,Active,29752
EMP02952,Ajay Mishra,BR1225,Hub Operator,2023-07-31,Inactive,40269
EMP02953,Pooja Mishra,BR0211,Hub Operator,2023-08-26,Active,45687
EMP02954,Karthik Iyer,BR0581,Hub Operator,2025-01-21,Inactive,29546
EMP02955,Rohit Gupta,BR1732,Customer Support,2023-02-13,Active,55819
EMP02956,Swetha Rao,BR4562,Delivery Agent,2021-07-02,Inactive,57885
EMP02957,Rohit Reddy,BR4741,Delivery Agent,2021-04-15,Active,20867
EMP02958,Harini Reddy,BR4327,Delivery Agent,2022-09-07,Active,35252
EMP02959,Ananya Gupta,BR2637,Delivery Agent,2022-02-18,Inactive,32516
EMP02960,Priya Verma,BR0254,Customer Support,2023-11-08,Active,50013
EMP02961,Divya Joshi,BR2778,Hub Operator,2023-05-21,Active,53487
EMP02962,Ananya Rao,BR1232,Supervisor,2024-08-11,Active,59695
EMP02963,Pooja Sharma,BR0067,Customer Support,2021-11-30,Inactive,41762
EMP02964,Dinesh Iyer,BR1860,Customer Support,2022-10-17,Active,30336
EMP02965,Harini Mishra,BR2929,Customer Support,2024-08-22,Active,53981
EMP02966,Suresh Patel,BR2099,Hub Operator,2024-06-05,Active,23306
EMP02967,Harini Rao,BR2861,Manager,2025-06-11,Active,20079
EMP02968,Vijay Sinha,BR3981,Manager,2025-10-19,Active,61735
EMP02969,Rohit Rao,BR4843,Hub Operator,2026-08-19,Active,59877
EMP02970,Priya Reddy,BR3861,Supervisor,2026-06-26,Active,55780
EMP02971,Ananya Kumar,BR2971,Manager,2025-09-21,Active,56350
EMP02972,Ajay Iyer,BR0081,Delivery Agent,2026-03-05,Inactive,29058
EMP02973,Nithya Mishra,BR3088,Customer Support,2023-03-14,Active,46335
EMP02974,Dinesh Kumar,BR4244,Hub Operator,2021-12-14,Inactive,37598
EMP02975,Swetha Nair,BR0384,Hub Operator,2024-10-27,Active,50002
EMP02976,Manoj Patel,BR3505,Manager,2025-04-16,Active,52525
EMP02977,Arun Kumar,BR3400,Delivery Agent,2022-09-04,Active,19335
EMP02978,Kavya Joshi,BR3886,Hub Operator,2026-04-01,Active,42337
EMP02979,Ananya Pillai,BR2662,Delivery Agent,2021-12-25,Active,56248
EMP02980,Manoj Reddy,BR3573,Delivery Agent,2023-10-07,Active,50850
EMP02981,Ajay Nair,BR4670,Customer Support,2022-06-23,Active,50183
EMP02982,Vijay Gupta,BR2424,Supervisor,2022-08-02,Inactive,63914
EMP02983,Vijay Kumar,BR4256,Supervisor,2022-03-23,Active,31700
EMP02984,Ajay Verma,BR2317,Delivery Agent,2025-04-12,Active,30780
EMP02985,Nithya Kumar,BR2826,Delivery Agent,2025-05-26,Active,63529
EMP02986,Ajay Sinha,BR1468,Hub Operator,2023-05-31,Active,20701
EMP02987,Manoj Das,BR1469,Delivery Agent,2023-09-27,Active,54027
EMP02988,Divya Das,BR2618,Delivery Agent,2026-01-17,Active,53902
EMP02989,Manoj Kapoor,BR0756,Manager,2022-12-04,Active,43664
EMP02990,Kavya Gupta,BR2298,Hub Operator,2022-06-04,Active,40175
EMP02991,Manoj Kapoor,BR2428,Customer Support,2025-06-13,Active,47685
EMP02992,Karthik Menon,BR2878,Customer Support,2023-12-26,Active,35320
EMP02993,Manoj Sinha,BR1709,Hub Operator,2024-04-06,Active,25018
EMP02994,Manoj Kapoor,BR3099,Supervisor,2025-05-01,Active,55445
EMP02995,Suresh Rao,BR3029,Manager,2026-08-09,Inactive,60204
EMP02996,Divya Gupta,BR1835,Delivery Agent,2025-03-26,Active,38003
EMP02997,Ananya Naidu,BR2588,Customer Support,2022-04-18,Active,64980
EMP02998,Divya Rao,BR0162,Delivery Agent,2025-07-08,Active,61630
EMP02999,Nithya Mishra,BR4891,Delivery Agent,2022-04-09,Active,64625
EMP03000,Arun Pillai,BR3855,Delivery Agent,2022-12-20,Active,31582
EMP03001,Divya Iyer,BR0517,Delivery Agent,2026-06-14,Active,34505
EMP03002,Dinesh Bose,BR3392,Delivery Agent,2023-06-16,Active,34008
EMP03003,Meena Gupta,BR2361,Customer Support,2021-11-17,Active,28720
EMP03004,Vijay Menon,BR4847,Hub Operator,2024-01-13,Active,47648
EMP03005,Pooja Singh,BR4992,Hub Operator,2021-07-27,Active,22708
EMP03006,Arun Pillai,BR1522,Delivery Agent,2023-03-24,Active,51162
EMP03007,Karthik Kapoor,BR2346,Delivery Agent,2022-07-01,Active,37315
EMP03008,Ananya Mishra,BR3728,Hub Operator,2022-07-03,Active,64377
EMP03009,Vijay Mehta,BR1109,Delivery Agent,2025-05-20,Active,25653
EMP03010,Ananya Iyer,BR2988,Customer Support,2021-01-21,Active,51273
EMP03011,Manoj Gupta,BR3361,Hub Operator,2025-12-23,Active,45838
EMP03012,Ananya Pillai,BR4264,Supervisor,2026-08-24,Active,29421
EMP03013,Karthik Iyer,BR2044,Supervisor,2023-05-06,Active,34880
EMP03014,Nithya Kumar,BR4584,Hub Operator,2025-04-20,Active,39388
EMP03015,Karthik Joshi,BR0540,Manager,2025-01-12,Active,32026
EMP03016,Ajay Kumar,BR1694,Manager,2023-09-30,Active,59712
EMP03017,Vivek Sharma,BR0430,Delivery Agent,2025-04-01,Active,40150
EMP03018,Divya Das,BR0846,Manager,2022-07-27,Active,41922
EMP03019,Nithya Singh,BR3163,Manager,2022-01-01,Active,41801
EMP03020,Ajay Iyer,BR4962,Delivery Agent,2023-05-21,Active,60921
EMP03021,Nithya Sinha,BR4872,Delivery Agent,2021-12-24,Active,50120
EMP03022,Meena Singh,BR0555,Delivery Agent,2023-09-11,Active,57724
EMP03023,Karthik Singh,BR2849,Delivery Agent,2023-11-16,Active,60068
EMP03024,Suresh Gupta,BR0826,Supervisor,2026-01-12,Active,49558
EMP03025,Kavya Pillai,BR2479,Hub Operator,2025-03-04,Active,61413
EMP03026,Vijay Das,BR2355,Delivery Agent,2021-08-24,Active,19392
EMP03027,Harini Gupta,BR2461,Delivery Agent,2023-05-10,Active,23326
EMP03028,Swetha Sinha,BR2064,Delivery Agent,2026-04-01,Inactive,36295
EMP03029,Sneha Sinha,BR1348,Delivery Agent,2022-09-07,Inactive,25846
EMP03030,Dinesh Mishra,BR1004,Delivery Agent,2023-12-26,Active,34237
EMP03031,Suresh Nair,BR4243,Supervisor,2023-07-02,Active,62372
EMP03032,Nithya Bose,BR3691,Supervisor,2022-08-05,Active,30004
EMP03033,Ajay Reddy,BR0679,Manager,2024-06-09,Active,58933
EMP03034,Vivek Iyer,BR0542,Supervisor,2021-09-23,Active,53752
EMP03035,Manoj Iyer,BR1052,Supervisor,2021-11-22,Active,61675
EMP03036,Swetha Menon,BR1775,Delivery Agent,2023-09-23,Active,27898
EMP03037,Dinesh Sharma,BR0067,Customer Support,2023-06-17,Active,34831
EMP03038,Pooja Joshi,BR3648,Customer Support,2023-04-28,Active,37589
EMP03039,Dinesh Patel,BR4666,Manager,2022-10-27,Active,54673
EMP03040,Swetha Mishra,BR0995,Supervisor,2026-02-19,Active,51662
EMP03041,Karthik Verma,BR4605,Supervisor,2023-01-01,Active,59586
EMP03042,Manoj Verma,BR2884,Delivery Agent,2023-06-30,Active,52718
EMP03043,Rahul Das,BR3398,Delivery Agent,2023-09-27,Active,18858
EMP03044,Swetha Pillai,BR0001,Delivery Agent,2026-02-09,Active,60760
EMP03045,Dinesh Joshi,BR1240,Delivery Agent,2021-05-25,Active,29520
EMP03046,Pooja Pillai,BR3344,Customer Support,2026-07-16,Active,36446
EMP03047,Suresh Joshi,BR4466,Hub Operator,2026-08-24,Active,40166
EMP03048,Nithya Joshi,BR1561,Delivery Agent,2022-09-17,Active,29664
EMP03049,Divya Gupta,BR0393,Customer Support,2022-02-16,Active,59471
EMP03050,Nithya Naidu,BR0199,Delivery Agent,2025-11-20,Active,43794
EMP03051,Vivek Menon,BR4647,Manager,2023-10-11,Active,55627
EMP03052,Ananya Nair,BR4055,Hub Operator,2025-12-26,Active,55606
EMP03053,Sneha Kumar,BR0643,Hub Operator,2025-12-05,Active,46591
EMP03054,Harini Gupta,BR0515,Delivery Agent,2022-01-23,Active,48318
EMP03055,Dinesh Patel,BR3399,Hub Operator,2025-10-15,Active,29473
EMP03056,Rahul Kumar,BR1487,Delivery Agent,2023-06-08,Active,64870
EMP03057,Meena Mishra,BR3287,Delivery Agent,2021-08-29,Active,35878
EMP03058,Manoj Sharma,BR3962,Supervisor,2026-09-20,Active,39379
EMP03059,Nithya Iyer,BR4229,Delivery Agent,2022-05-21,Inactive,43577
EMP03060,Karthik Pillai,BR1363,Delivery Agent,2021-08-03,Active,29490
EMP03061,Dinesh Reddy,BR2007,Customer Support,2023-01-28,Active,27416
EMP03062,Harini Singh,BR4636,Customer Support,2025-07-10,Active,56858
EMP03063,Nithya Kumar,BR4105,Delivery Agent,2026-06-30,Active,52880
EMP03064,Divya Kapoor,BR2047,Manager,2022-01-21,Active,46297
EMP03065,Sneha Pillai,BR2485,Delivery Agent,2021-07-14,Active,22861
EMP03066,Sneha Pillai,BR1768,Delivery Agent,2026-09-07,Inactive,25022
EMP03067,Arun Menon,BR2319,Supervisor,2024-06-29,Active,54318
EMP03068,Ananya Mishra,BR4719,Supervisor,2021-07-20,Active,43947
EMP03069,Kavya Kapoor,BR4469,Customer Support,2025-02-26,Active,40638
EMP03070,Pooja Kapoor,BR0495,Hub Operator,2024-03-17,Active,33907
EMP03071,Karthik Nair,BR1510,Delivery Agent,2024-04-27,Active,42023
EMP03072,Karthik Reddy,BR2807,Supervisor,2023-07-26,Active,18826
EMP03073,Dinesh Pillai,BR2674,Customer Support,2022-06-05,Active,47955
EMP03074,Meena Verma,BR4210,Manager,2026-06-18,Active,48276
EMP03075,Divya Singh,BR1246,Hub Operator,2021-08-25,Active,46531
EMP03076,Karthik Patel,BR0723,Hub Operator,2023-05-27,Active,21551
EMP03077,Divya Joshi,BR2618,Supervisor,2025-08-03,Active,35552
EMP03078,Ajay Bose,BR2396,Manager,2023-07-26,Inactive,19399
EMP03079,Pooja Sharma,BR4119,Supervisor,2023-01-02,Active,28849
EMP03080,Rahul Pillai,BR0472,Delivery Agent,2021-03-05,Active,54217
EMP03081,Manoj Sharma,BR4084,Manager,2021-11-08,Active,63476
EMP03082,Manoj Reddy,BR1530,Delivery Agent,2025-05-23,Active,39949
EMP03083,Suresh Iyer,BR0587,Hub Operator,2021-10-03,Active,52265
EMP03084,Sneha Patel,BR3087,Supervisor,2026-05-10,Active,36078
EMP03085,Ananya Pillai,BR0390,Delivery Agent,2025-09-03,Active,24363
EMP03086,Manoj Patel,BR2039,Delivery Agent,2022-07-13,Active,45035
EMP03087,Pooja Bose,BR4127,Manager,2025-10-19,Active,39468
EMP03088,Arun Gupta,BR0779,Hub Operator,2021-12-18,Active,33445
EMP03089,Arun Nair,BR3908,Manager,2022-12-08,Active,32562
EMP03090,Rohit Joshi,BR0975,Delivery Agent,2025-01-09,Active,20075
EMP03091,Harini Reddy,BR0880,Hub Operator,2022-01-10,Active,58555
EMP03092,Manoj Kapoor,BR4888,Delivery Agent,2024-06-24,Active,37989
EMP03093,Sneha Sharma,BR3854,Hub Operator,2021-03-23,Active,37377
EMP03094,Rahul Kapoor,BR3096,Supervisor,2021-04-16,Active,42354
EMP03095,Sneha Naidu,BR3927,Manager,2021-03-05,Active,56225
EMP03096,Arun Bose,BR1093,Hub Operator,2023-03-29,Active,20116
EMP03097,Divya Bose,BR2671,Delivery Agent,2022-08-13,Active,54092
EMP03098,Ananya Pillai,BR3738,Delivery Agent,2026-09-10,Active,61996
EMP03099,Nithya Kumar,BR2142,Delivery Agent,2022-04-23,Active,29786
EMP03100,Arun Singh,BR3686,Customer Support,2024-01-31,Active,36647
EMP03101,Vivek Reddy,BR3632,Hub Operator,2022-11-26,Inactive,64885
EMP03102,Ananya Kapoor,BR0250,Customer Support,2024-08-01,Active,48582
EMP03103,Ananya Menon,BR3891,Manager,2023-11-29,Active,37898
EMP03104,Karthik Reddy,BR3523,Customer Support,2023-09-07,Active,37628
EMP03105,Ananya Joshi,BR3474,Supervisor,2023-11-24,Active,25979
EMP03106,Suresh Rao,BR3571,Hub Operator,2023-01-18,Active,41055
EMP03107,Divya Menon,BR0028,Hub Operator,2023-08-14,Active,37067
EMP03108,Priya Patel,BR3102,Supervisor,2023-09-15,Active,30179
EMP03109,Priya Sinha,BR4553,Customer Support,2023-12-23,Active,57926
EMP03110,Suresh Kapoor,BR1473,Hub Operator,2021-03-12,Active,35402
EMP03111,Arun Iyer,BR2852,Delivery Agent,2021-05-06,Active,37618
EMP03112,Karthik Sinha,BR3577,Customer Support,2023-03-11,Active,40525
EMP03113,Vijay Kapoor,BR0062,Delivery Agent,2021-08-25,Active,33095
EMP03114,Sneha Kumar,BR1210,Hub Operator,2025-03-07,Active,49934
EMP03115,Manoj Sinha,BR0582,Hub Operator,2025-01-01,Active,63571
EMP03116,Ananya Mehta,BR3197,Delivery Agent,2021-02-03,Active,44147
EMP03117,Ajay Iyer,BR1862,Supervisor,2023-08-02,Active,31276
EMP03118,Ananya Iyer,BR1916,Hub Operator,2024-03-26,Active,64417
EMP03119,Rohit Joshi,BR2496,Manager,2024-11-16,Active,52140
EMP03120,Rohit Singh,BR0470,Manager,2024-09-13,Active,41432
EMP03121,Nithya Sharma,BR1043,Hub Operator,2021-05-30,Active,41753
EMP03122,Swetha Naidu,BR3784,Customer Support,2022-10-19,Active,34052
EMP03123,Priya Rao,BR2368,Supervisor,2024-09-13,Active,21591
EMP03124,Nithya Verma,BR1752,Customer Support,2021-04-24,Active,38218
EMP03125,Harini Iyer,BR0553,Delivery Agent,2023-05-02,Active,18631
EMP03126,Priya Das,BR1203,Delivery Agent,2025-03-01,Active,60298
EMP03127,Karthik Nair,BR2557,Hub Operator,2026-06-08,Active,47951
EMP03128,Divya Kapoor,BR0072,Delivery Agent,2021-04-18,Active,38720
EMP03129,Ananya Kumar,BR4827,Delivery Agent,2021-10-14,Active,21755
EMP03130,Priya Singh,BR4843,Delivery Agent,2024-11-06,Active,35185
EMP03131,Rohit Patel,BR1283,Supervisor,2023-05-25,Active,41348
EMP03132,Arun Iyer,BR0145,Supervisor,2026-09-04,Active,57510
EMP03133,Suresh Gupta,BR1519,Delivery Agent,2025-05-31,Active,62289
EMP03134,Suresh Pillai,BR3142,Delivery Agent,2022-10-31,Active,54027
EMP03135,Arun Gupta,BR0922,Hub Operator,2022-06-10,Active,29181
EMP03136,Sneha Mehta,BR3248,Delivery Agent,2024-08-22,Active,30302
EMP03137,Swetha Gupta,BR4180,Delivery Agent,2024-01-17,Active,37554
EMP03138,Rohit Verma,BR0282,Supervisor,2026-09-04,Active,62399
EMP03139,Ajay Patel,BR2422,Delivery Agent,2024-02-09,Active,20431
EMP03140,Ananya Bose,BR2032,Customer Support,2022-06-20,Active,26454
EMP03141,Ananya Verma,BR0442,Delivery Agent,2026-01-11,Active,25356
EMP03142,Meena Joshi,BR2841,Delivery Agent,2026-02-09,Active,46578
EMP03143,Sneha Das,BR3855,Hub Operator,2026-04-14,Active,28530
EMP03144,Suresh Mehta,BR4704,Delivery Agent,2024-08-12,Active,52372
EMP03145,Sneha Pillai,BR4832,Delivery Agent,2023-03-06,Active,44578
EMP03146,Ajay Rao,BR1559,Customer Support,2021-06-15,Active,34222
EMP03147,Vivek Naidu,BR0605,Customer Support,2022-02-18,Active,20539
EMP03148,Dinesh Menon,BR4542,Hub Operator,2022-01-28,Active,52413
EMP03149,Vijay Pillai,BR2078,Delivery Agent,2021-08-20,Active,33039
EMP03150,Rahul Bose,BR2640,Hub Operator,2026-04-27,Active,23026
EMP03151,Vijay Iyer,BR3585,Delivery Agent,2024-04-01,Active,26932
EMP03152,Priya Das,BR3277,Manager,2022-10-25,Active,38377
EMP03153,Manoj Patel,BR4004,Delivery Agent,2023-06-05,Active,34617
EMP03154,Arun Menon,BR1281,Delivery Agent,2022-09-02,Active,25302
EMP03155,Pooja Joshi,BR4502,Delivery Agent,2021-04-08,Active,56883
EMP03156,Sneha Joshi,BR3941,Customer Support,2024-01-25,Active,27556
EMP03157,Kavya Iyer,BR2013,Manager,2023-08-05,Active,52510
EMP03158,Karthik Sharma,BR3646,Hub Operator,2025-08-10,Active,57416
EMP03159,Swetha Menon,BR3664,Hub Operator,2025-11-24,Inactive,25052
EMP03160,Dinesh Kapoor,BR2604,Manager,2025-07-07,Active,35363
EMP03161,Meena Nair,BR2057,Delivery Agent,2024-06-04,Active,28482
EMP03162,Ajay Joshi,BR2070,Delivery Agent,2023-05-31,Active,21169
EMP03163,Suresh Naidu,BR0681,Delivery Agent,2023-05-18,Active,39337
EMP03164,Karthik Sharma,BR0258,Customer Support,2024-02-11,Active,19889
EMP03165,Kavya Joshi,BR4225,Delivery Agent,2025-09-09,Active,39010
EMP03166,Ananya Kumar,BR1034,Hub Operator,2025-10-30,Active,58056
EMP03167,Harini Pillai,BR3683,Manager,2026-03-09,Active,56884
EMP03168,Swetha Pillai,BR3672,Supervisor,2021-02-23,Active,18758
EMP03169,Manoj Patel,BR0178,Manager,2025-11-07,Active,42618
EMP03170,Divya Nair,BR0748,Delivery Agent,2023-10-09,Active,22861
EMP03171,Arun Naidu,BR3503,Hub Operator,2022-11-21,Active,59729
EMP03172,Swetha Kumar,BR2734,Customer Support,2024-06-26,Active,31273
EMP03173,Suresh Kumar,BR3786,Customer Support,2021-02-07,Active,44389
EMP03174,Vivek Das,BR2964,Hub Operator,2022-04-06,Active,37275
EMP03175,Ajay Patel,BR0628,Supervisor,2024-09-20,Inactive,44389
EMP03176,Karthik Joshi,BR4812,Delivery Agent,2022-03-28,Active,46391
EMP03177,Swetha Verma,BR0188,Delivery Agent,2024-06-07,Active,37155
EMP03178,Rahul Menon,BR0830,Delivery Agent,2024-12-09,Active,27026
EMP03179,Vijay Rao,BR1757,Customer Support,2025-08-21,Active,54110
EMP03180,Arun Iyer,BR1179,Manager,2021-10-12,Active,59002
EMP03181,Arun Sharma,BR2013,Hub Operator,2021-10-05,Active,42431
EMP03182,Meena Singh,BR2361,Customer Support,2025-03-01,Active,60057
EMP03183,Rahul Menon,BR3396,Hub Operator,2022-03-17,Active,33998
EMP03184,Vivek Reddy,BR3783,Manager,2025-05-12,Active,57446
EMP03185,Arun Menon,BR3385,Manager,2022-06-26,Active,56502
EMP03186,Priya Rao,BR0043,Supervisor,2021-01-16,Active,22031
EMP03187,Manoj Bose,BR0524,Delivery Agent,2025-01-13,Active,21401
EMP03188,Priya Bose,BR4187,Delivery Agent,2023-08-29,Active,59396
EMP03189,Rahul Naidu,BR4534,Hub Operator,2023-03-26,Inactive,63031
EMP03190,Ajay Reddy,BR3158,Delivery Agent,2022-02-17,Active,63372
EMP03191,Karthik Verma,BR1610,Delivery Agent,2022-10-29,Active,47684
EMP03192,Nithya Pillai,BR2997,Customer Support,2025-09-23,Active,21707
EMP03193,Priya Menon,BR3924,Hub Operator,2025-04-03,Active,58920
EMP03194,Manoj Pillai,BR0288,Manager,2023-04-17,Active,49771
EMP03195,Sneha Sharma,BR4308,Delivery Agent,2021-03-27,Active,47199
EMP03196,Arun Rao,BR3461,Delivery Agent,2025-11-04,Active,53762
EMP03197,Pooja Bose,BR4315,Customer Support,2026-08-17,Active,53604
EMP03198,Nithya Kumar,BR0346,Delivery Agent,2021-05-20,Active,25151
EMP03199,Priya Rao,BR1035,Hub Operator,2025-10-11,Active,53177
EMP03200,Pooja Iyer,BR4716,Delivery Agent,2026-03-07,Active,42290
EMP03201,Swetha Bose,BR4756,Delivery Agent,2021-12-20,Active,59809
EMP03202,Vijay Mehta,BR2091,Manager,2024-04-23,Inactive,56097
EMP03203,Meena Verma,BR0582,Hub Operator,2025-03-31,Active,34778
EMP03204,Vijay Das,BR1197,Supervisor,2024-01-01,Active,64751
EMP03205,Suresh Patel,BR2415,Delivery Agent,2023-08-16,Active,40266
EMP03206,Pooja Kapoor,BR1858,Delivery Agent,2025-10-17,Active,57800
EMP03207,Suresh Sinha,BR3262,Delivery Agent,2023-10-01,Active,38064
EMP03208,Manoj Menon,BR2743,Delivery Agent,2025-07-29,Active,24062
EMP03209,Suresh Pillai,BR3494,Delivery Agent,2024-01-24,Active,25596
EMP03210,Divya Iyer,BR0861,Hub Operator,2025-09-18,Active,59696
EMP03211,Vijay Kumar,BR2849,Customer Support,2022-06-03,Active,40478
EMP03212,Rohit Mishra,BR4008,Hub Operator,2021-07-02,Active,46945
EMP03213,Rahul Mehta,BR1880,Delivery Agent,2025-10-16,Active,21285
EMP03214,Ajay Kapoor,BR4265,Customer Support,2024-06-26,Active,47317
EMP03215,Harini Menon,BR0901,Hub Operator,2022-05-15,Active,38949
EMP03216,Meena Iyer,BR0900,Customer Support,2021-02-22,Active,45909
EMP03217,Vivek Menon,BR3291,Delivery Agent,2021-05-30,Active,51381
EMP03218,Vijay Kumar,BR2549,Manager,2021-12-12,Active,26541
EMP03219,Ajay Singh,BR4245,Delivery Agent,2025-06-30,Active,35340
EMP03220,Divya Kapoor,BR2315,Delivery Agent,2024-09-15,Active,54213
EMP03221,Rahul Kapoor,BR0014,Hub Operator,2021-12-11,Active,21576
EMP03222,Rahul Bose,BR1274,Delivery Agent,2025-01-17,Active,45933
EMP03223,Kavya Joshi,BR0420,Delivery Agent,2025-01-09,Active,49149
EMP03224,Dinesh Rao,BR4677,Supervisor,2026-04-28,Active,54852
EMP03225,Pooja Naidu,BR3425,Supervisor,2025-05-07,Active,19424
EMP03226,Arun Bose,BR3180,Delivery Agent,2025-06-04,Active,26412
EMP03227,Dinesh Rao,BR2999,Hub Operator,2021-09-04,Active,60579
EMP03228,Ajay Singh,BR4955,Delivery Agent,2023-01-11,Active,41144
EMP03229,Sneha Das,BR4531,Delivery Agent,2021-07-15,Active,35671
EMP03230,Karthik Das,BR0197,Supervisor,2023-02-04,Active,34528
EMP03231,Suresh Patel,BR0332,Hub Operator,2022-06-14,Active,50568
EMP03232,Ananya Kumar,BR2841,Manager,2021-02-06,Active,48137
EMP03233,Harini Iyer,BR0606,Hub Operator,2022-08-10,Active,49691
EMP03234,Priya Mishra,BR1328,Supervisor,2024-07-09,Active,18607
EMP03235,Ajay Mehta,BR2011,Customer Support,2021-02-02,Active,25637
EMP03236,Ajay Das,BR3038,Hub Operator,2022-07-02,Active,22634
EMP03237,Suresh Rao,BR4939,Hub Operator,2021-08-27,Active,55945
EMP03238,Ajay Joshi,BR4001,Manager,2025-06-19,Active,27316
EMP03239,Karthik Gupta,BR4937,Delivery Agent,2025-09-12,Active,53502
EMP03240,Manoj Menon,BR4754,Hub Operator,2024-11-25,Active,57729
EMP03241,Arun Das,BR1537,Delivery Agent,2025-07-31,Active,24423
EMP03242,Vivek Iyer,BR0582,Hub Operator,2022-08-14,Active,32659
EMP03243,Harini Singh,BR1669,Customer Support,2021-05-12,Active,51229
EMP03244,Ajay Bose,BR0515,Supervisor,2024-05-24,Active,32412
EMP03245,Divya Mishra,BR0602,Supervisor,2024-05-24,Active,42327
EMP03246,Kavya Kapoor,BR1478,Delivery Agent,2025-07-02,Active,41547
EMP03247,Karthik Iyer,BR3851,Delivery Agent,2022-01-31,Active,63184
EMP03248,Vivek Menon,BR1867,Customer Support,2022-12-03,Active,20297
EMP03249,Arun Reddy,BR1320,Delivery Agent,2026-01-10,Active,56938
EMP03250,Divya Gupta,BR4198,Hub Operator,2024-07-23,Active,18848
EMP03251,Sneha Das,BR3136,Delivery Agent,2025-09-29,Active,50424
EMP03252,Swetha Mishra,BR1616,Supervisor,2026-04-18,Active,32728
EMP03253,Rohit Joshi,BR2772,Customer Support,2025-10-09,Active,58986
EMP03254,Swetha Mishra,BR2132,Hub Operator,2021-03-22,Active,56804
EMP03255,Rahul Mehta,BR2522,Delivery Agent,2021-04-17,Active,31674
EMP03256,Suresh Joshi,BR2275,Customer Support,2024-03-11,Active,39549
EMP03257,Harini Kapoor,BR2304,Delivery Agent,2022-03-18,Active,55699
EMP03258,Meena Iyer,BR4333,Hub Operator,2021-02-10,Active,38365
EMP03259,Karthik Menon,BR4586,Customer Support,2024-12-30,Active,31737
EMP03260,Sneha Sinha,BR2713,Delivery Agent,2024-04-18,Inactive,24380
EMP03261,Sneha Joshi,BR1704,Delivery Agent,2025-03-14,Active,41226
EMP03262,Manoj Nair,BR0537,Hub Operator,2023-08-04,Active,33562
EMP03263,Rahul Nair,BR4106,Delivery Agent,2023-05-17,Active,44170
EMP03264,Harini Kapoor,BR0365,Delivery Agent,2026-04-25,Active,59348
EMP03265,Karthik Sharma,BR4771,Delivery Agent,2024-04-13,Active,41546
EMP03266,Vijay Joshi,BR2331,Customer Support,2025-12-17,Active,23151
EMP03267,Sneha Singh,BR4092,Manager,2025-11-12,Active,24991
EMP03268,Arun Gupta,BR0413,Manager,2024-02-14,Active,35159
EMP03269,Arun Naidu,BR0355,Manager,2021-04-29,Active,39048
EMP03270,Rohit Sinha,BR2197,Customer Support,2022-08-13,Active,39502
EMP03271,Nithya Nair,BR0169,Manager,2021-06-11,Active,35059
EMP03272,Priya Mehta,BR4243,Delivery Agent,2026-05-10,Active,60896
EMP03273,Karthik Nair,BR1516,Customer Support,2022-12-17,Active,56641
EMP03274,Arun Das,BR4390,Supervisor,2021-02-03,Active,53391
EMP03275,Nithya Joshi,BR4673,Manager,2021-01-16,Active,38132
EMP03276,Meena Verma,BR0104,Delivery Agent,2026-06-02,Active,35492
EMP03277,Ajay Bose,BR2643,Hub Operator,2024-08-30,Active,39380
EMP03278,Ajay Pillai,BR1072,Hub Operator,2023-03-06,Active,42521
EMP03279,Ananya Iyer,BR2312,Hub Operator,2021-01-30,Active,23825
EMP03280,Nithya Iyer,BR4808,Hub Operator,2024-12-11,Active,25385
EMP03281,Karthik Mishra,BR2659,Supervisor,2022-04-07,Active,54040
EMP03282,Priya Sharma,BR4405,Supervisor,2026-03-11,Active,45695
EMP03283,Arun Sharma,BR2943,Delivery Agent,2025-03-15,Active,47597
EMP03284,Priya Joshi,BR2164,Delivery Agent,2026-01-20,Active,50550
EMP03285,Vijay Kapoor,BR2620,Supervisor,2026-07-04,Active,47944
EMP03286,Vivek Kapoor,BR4542,Manager,2023-02-06,Active,57412
EMP03287,Vivek Nair,BR1483,Delivery Agent,2026-05-06,Active,33071
EMP03288,Ajay Bose,BR3469,Hub Operator,2022-05-05,Active,54408
EMP03289,Dinesh Joshi,BR3929,Supervisor,2026-06-29,Active,42903
EMP03290,Rahul Kumar,BR1843,Manager,2025-08-02,Active,62988
EMP03291,Vijay Rao,BR4509,Hub Operator,2025-09-29,Active,57426
EMP03292,Swetha Patel,BR1114,Customer Support,2026-05-29,Active,62163
EMP03293,Harini Sharma,BR0371,Manager,2026-07-10,Active,64334
EMP03294,Vijay Mishra,BR1255,Delivery Agent,2023-04-21,Active,20224
EMP03295,Arun Mehta,BR1387,Supervisor,2024-04-14,Active,24234
EMP03296,Ajay Verma,BR1577,Delivery Agent,2025-05-27,Active,43487
EMP03297,Dinesh Verma,BR4396,Customer Support,2021-12-22,Active,45670
EMP03298,Divya Gupta,BR3206,Manager,2021-11-07,Active,26942
EMP03299,Priya Iyer,BR1912,Customer Support,2025-05-28,Active,62057
EMP03300,Rahul Pillai,BR1650,Delivery Agent,2022-09-04,Active,46786
EMP03301,Nithya Das,BR2651,Delivery Agent,2022-04-26,Active,31081
EMP03302,Sneha Rao,BR3369,Delivery Agent,2025-07-22,Active,26061
EMP03303,Dinesh Patel,BR1760,Customer Support,2024-04-24,Active,22982
EMP03304,Ajay Menon,BR0151,Manager,2025-01-04,Active,23528
EMP03305,Ananya Kumar,BR0038,Supervisor,2023-05-24,Active,48540
EMP03306,Divya Das,BR1055,Supervisor,2025-03-02,Active,24699
EMP03307,Nithya Mishra,BR4496,Delivery Agent,2024-09-01,Active,33872
EMP03308,Kavya Sharma,BR3707,Customer Support,2025-09-06,Active,37806
EMP03309,Karthik Singh,BR0899,Supervisor,2024-07-04,Active,61378
EMP03310,Meena Gupta,BR3152,Delivery Agent,2021-02-12,Active,34661
EMP03311,Meena Sinha,BR0883,Manager,2024-01-17,Active,61619
EMP03312,Ananya Naidu,BR0656,Delivery Agent,2025-02-09,Active,42964
EMP03313,Karthik Kumar,BR2117,Delivery Agent,2024-03-10,Active,25660
EMP03314,Nithya Joshi,BR3254,Delivery Agent,2025-07-05,Active,49860
EMP03315,Sneha Naidu,BR1244,Manager,2021-05-21,Active,43490
EMP03316,Rohit Patel,BR2903,Customer Support,2026-04-09,Active,25535
EMP03317,Manoj Naidu,BR4906,Hub Operator,2024-07-11,Active,34094
EMP03318,Pooja Singh,BR4288,Manager,2025-01-11,Active,51238
EMP03319,Pooja Naidu,BR2174,Delivery Agent,2026-03-18,Active,36773
EMP03320,Kavya Nair,BR1555,Delivery Agent,2024-09-15,Active,25480
EMP03321,Harini Rao,BR0595,Hub Operator,2025-02-25,Active,39652
EMP03322,Priya Das,BR4355,Delivery Agent,2021-03-04,Active,30610
EMP03323,Meena Kumar,BR3848,Manager,2023-04-09,Active,31364
EMP03324,Swetha Das,BR1439,Hub Operator,2026-02-27,Active,21771
EMP03325,Ajay Nair,BR1811,Delivery Agent,2021-01-31,Active,41100
EMP03326,Nithya Nair,BR0721,Delivery Agent,2024-01-05,Active,42906
EMP03327,Manoj Sinha,BR4417,Delivery Agent,2021-10-28,Active,24923
EMP03328,Priya Patel,BR0821,Customer Support,2025-05-18,Active,20601
EMP03329,Dinesh Patel,BR1805,Delivery Agent,2026-05-19,Active,18639
EMP03330,Kavya Singh,BR1595,Delivery Agent,2023-11-18,Active,31272
EMP03331,Ananya Rao,BR3257,Customer Support,2022-06-29,Active,25855
EMP03332,Rahul Patel,BR4011,Delivery Agent,2025-08-19,Active,40238
EMP03333,Harini Iyer,BR0012,Customer Support,2026-06-02,Active,23322
EMP03334,Pooja Naidu,BR3808,Hub Operator,2023-11-30,Active,55056
EMP03335,Vijay Das,BR0408,Hub Operator,2021-11-28,Active,46950
EMP03336,Kavya Reddy,BR1417,Delivery Agent,2026-02-22,Active,57907
EMP03337,Priya Pillai,BR4164,Delivery Agent,2023-07-15,Active,38266
EMP03338,Pooja Singh,BR3737,Delivery Agent,2024-09-29,Active,38804
EMP03339,Vivek Nair,BR3940,Hub Operator,2026-04-13,Active,47249
EMP03340,Vivek Bose,BR2839,Delivery Agent,2021-03-25,Active,57589
EMP03341,Manoj Iyer,BR3151,Hub Operator,2021-10-02,Active,22165
EMP03342,Sneha Singh,BR0345,Customer Support,2023-06-19,Active,39840
EMP03343,Meena Kumar,BR4797,Hub Operator,2021-01-26,Active,38612
EMP03344,Divya Reddy,BR2923,Delivery Agent,2024-04-17,Active,30109
EMP03345,Meena Singh,BR3082,Manager,2023-06-13,Active,59699
EMP03346,Ajay Sinha,BR4678,Supervisor,2023-09-08,Active,26941
EMP03347,Harini Sharma,BR2292,Manager,2026-01-06,Active,39339
EMP03348,Sneha Gupta,BR3388,Delivery Agent,2023-11-13,Active,36507
EMP03349,Kavya Rao,BR3933,Delivery Agent,2024-11-14,Active,46000
EMP03350,Suresh Pillai,BR3540,Hub Operator,2024-06-12,Active,22135
EMP03351,Ajay Sharma,BR3905,Hub Operator,2025-01-22,Active,29793
EMP03352,Harini Mishra,BR1494,Customer Support,2024-01-29,Inactive,35017
EMP03353,Meena Pillai,BR3897,Customer Support,2025-02-23,Active,63130
EMP03354,Meena Rao,BR0474,Hub Operator,2026-07-20,Active,53565
EMP03355,Sneha Patel,BR1280,Manager,2024-02-15,Active,64808
EMP03356,Kavya Mehta,BR0844,Delivery Agent,2022-11-04,Active,32076
EMP03357,Kavya Singh,BR3599,Manager,2025-10-17,Active,24482
EMP03358,Nithya Das,BR4913,Supervisor,2025-01-18,Active,61459
EMP03359,Swetha Sharma,BR4942,Hub Operator,2025-06-25,Active,62989
EMP03360,Nithya Singh,BR3714,Supervisor,2025-02-28,Active,32086
EMP03361,Priya Reddy,BR4471,Supervisor,2021-06-24,Active,36897
EMP03362,Divya Patel,BR3532,Delivery Agent,2024-02-17,Active,53086
EMP03363,Vivek Naidu,BR0575,Hub Operator,2022-08-24,Active,27839
EMP03364,Harini Iyer,BR0280,Hub Operator,2023-10-31,Active,34206
EMP03365,Dinesh Reddy,BR0768,Hub Operator,2024-01-10,Active,29427
EMP03366,Meena Singh,BR3586,Delivery Agent,2023-11-04,Active,21130
EMP03367,Rohit Menon,BR4690,Delivery Agent,2022-12-02,Active,58518
EMP03368,Vijay Bose,BR0604,Hub Operator,2022-12-16,Active,27624
EMP03369,Suresh Singh,BR2777,Customer Support,2023-02-07,Active,54272
EMP03370,Kavya Menon,BR2567,Hub Operator,2026-08-20,Active,30807
EMP03371,Priya Naidu,BR1517,Customer Support,2024-10-22,Active,63480
EMP03372,Harini Menon,BR2552,Customer Support,2023-12-06,Active,37479
EMP03373,Kavya Sharma,BR4524,Supervisor,2026-05-29,Active,18931
EMP03374,Karthik Kumar,BR1527,Hub Operator,2025-03-20,Active,31569
EMP03375,Suresh Naidu,BR1491,Supervisor,2026-01-05,Active,23629
EMP03376,Ajay Sinha,BR0045,Delivery Agent,2023-02-28,Active,36008
EMP03377,Ajay Mehta,BR3467,Manager,2022-10-24,Active,28758
EMP03378,Nithya Bose,BR2249,Manager,2023-12-28,Active,44350
EMP03379,Dinesh Verma,BR3195,Hub Operator,2023-03-02,Inactive,36215
EMP03380,Swetha Verma,BR1543,Manager,2024-06-26,Active,50314
EMP03381,Kavya Sinha,BR4125,Supervisor,2026-08-09,Active,46601
EMP03382,Meena Sharma,BR1507,Delivery Agent,2023-03-04,Active,61914
EMP03383,Harini Reddy,BR1688,Customer Support,2025-10-27,Active,36332
EMP03384,Arun Nair,BR2371,Manager,2022-02-25,Inactive,28750
EMP03385,Arun Menon,BR4705,Delivery Agent,2025-06-03,Active,61016
EMP03386,Ajay Rao,BR2420,Manager,2025-10-11,Active,22061
EMP03387,Vivek Sinha,BR1454,Delivery Agent,2022-09-15,Active,25048
EMP03388,Karthik Sharma,BR1323,Customer Support,2024-02-24,Active,25322
EMP03389,Nithya Kapoor,BR2639,Delivery Agent,2023-10-13,Inactive,60038
EMP03390,Vijay Menon,BR2635,Hub Operator,2021-03-12,Active,61042
EMP03391,Dinesh Nair,BR1000,Delivery Agent,2022-05-30,Active,56618
EMP03392,Sneha Patel,BR1684,Hub Operator,2025-04-23,Active,43688
EMP03393,Ajay Nair,BR2504,Hub Operator,2024-09-13,Active,61787
EMP03394,Priya Naidu,BR2803,Hub Operator,2021-01-25,Active,64590
EMP03395,Ananya Kumar,BR3893,Manager,2022-05-18,Active,35095
EMP03396,Suresh Sharma,BR3089,Supervisor,2022-04-18,Active,37387
EMP03397,Priya Mishra,BR0496,Delivery Agent,2021-09-10,Active,52533
EMP03398,Swetha Gupta,BR0500,Manager,2021-09-14,Active,47586
EMP03399,Priya Reddy,BR4686,Hub Operator,2026-06-04,Active,22002
EMP03400,Karthik Menon,BR2327,Customer Support,2022-01-22,Active,62845
EMP03401,Arun Reddy,BR4440,Delivery Agent,2023-05-25,Active,56573
EMP03402,Harini Mishra,BR3319,Delivery Agent,2023-12-08,Active,28664
EMP03403,Sneha Rao,BR2488,Delivery Agent,2023-05-19,Active,19390
EMP03404,Vijay Menon,BR0924,Supervisor,2024-07-17,Active,62398
EMP03405,Karthik Das,BR2843,Hub Operator,2025-08-05,Active,18856
EMP03406,Kavya Das,BR4040,Delivery Agent,2021-06-19,Inactive,28426
EMP03407,Meena Rao,BR1023,Hub Operator,2021-08-29,Active,18086
EMP03408,Pooja Pillai,BR4672,Delivery Agent,2022-09-23,Active,20045
EMP03409,Rohit Mishra,BR2351,Customer Support,2025-09-09,Active,44087
EMP03410,Arun Bose,BR4591,Delivery Agent,2021-12-01,Active,21229
EMP03411,Karthik Gupta,BR3072,Manager,2023-08-20,Inactive,35216
EMP03412,Priya Sinha,BR0817,Supervisor,2026-05-17,Active,53801
EMP03413,Karthik Patel,BR0557,Delivery Agent,2021-08-19,Active,39971
EMP03414,Pooja Singh,BR4154,Delivery Agent,2021-12-13,Active,32504
EMP03415,Rahul Singh,BR4971,Supervisor,2022-10-24,Active,42276
EMP03416,Ajay Mishra,BR1406,Delivery Agent,2023-11-07,Active,44422
EMP03417,Meena Mishra,BR3049,Delivery Agent,2025-01-03,Active,57925
EMP03418,Manoj Mishra,BR0624,Customer Support,2026-05-13,Active,53667
EMP03419,Vijay Patel,BR3674,Delivery Agent,2021-06-07,Active,21062
EMP03420,Dinesh Pillai,BR3314,Customer Support,2024-08-01,Active,23442
EMP03421,Rohit Rao,BR3399,Delivery Agent,2026-07-27,Inactive,58464
EMP03422,Meena Bose,BR0266,Delivery Agent,2022-08-31,Active,40524
EMP03423,Divya Nair,BR2855,Customer Support,2025-02-15,Active,50346
EMP03424,Nithya Sinha,BR2362,Customer Support,2023-07-06,Active,30113
EMP03425,Vivek Verma,BR3968,Hub Operator,2025-01-30,Active,45622
EMP03426,Meena Iyer,BR2379,Delivery Agent,2023-04-28,Active,46947
EMP03427,Manoj Reddy,BR0906,Manager,2025-12-10,Active,56279
EMP03428,Dinesh Mehta,BR3150,Customer Support,2023-09-01,Active,46388
EMP03429,Nithya Bose,BR3389,Hub Operator,2021-01-10,Active,57360
EMP03430,Karthik Pillai,BR2498,Hub Operator,2021-12-18,Active,24203
EMP03431,Nithya Naidu,BR0029,Supervisor,2021-08-10,Active,54483
EMP03432,Ajay Menon,BR1714,Manager,2021-07-17,Active,42731
EMP03433,Nithya Mishra,BR1388,Hub Operator,2022-04-06,Active,64610
EMP03434,Kavya Das,BR2820,Delivery Agent,2021-05-01,Active,62677
EMP03435,Divya Mehta,BR4193,Hub Operator,2021-07-10,Active,34249
EMP03436,Manoj Nair,BR0750,Customer Support,2023-04-30,Active,45634
EMP03437,Swetha Naidu,BR0681,Supervisor,2021-08-16,Active,51305
EMP03438,Meena Sinha,BR4618,Delivery Agent,2024-04-15,Active,64052
EMP03439,Arun Bose,BR2604,Customer Support,2025-07-28,Active,60386
EMP03440,Vijay Das,BR1178,Delivery Agent,2024-03-13,Active,49696
EMP03441,Kavya Kapoor,BR3212,Delivery Agent,2024-12-03,Active,18604
EMP03442,Ajay Mehta,BR2068,Delivery Agent,2025-03-28,Inactive,44618
EMP03443,Meena Sharma,BR3554,Delivery Agent,2025-11-23,Active,28900
EMP03444,Swetha Patel,BR0291,Customer Support,2023-07-13,Active,54356
EMP03445,Swetha Kapoor,BR3437,Delivery Agent,2024-10-02,Active,18400
EMP03446,Harini Patel,BR0214,Delivery Agent,2023-08-31,Active,59893
EMP03447,Meena Gupta,BR0657,Delivery Agent,2025-12-17,Active,41016
EMP03448,Ananya Singh,BR3484,Manager,2023-10-21,Active,47811
EMP03449,Vivek Bose,BR1872,Delivery Agent,2025-11-22,Active,35063
EMP03450,Karthik Kumar,BR2981,Supervisor,2021-08-16,Active,25834
EMP03451,Ajay Mehta,BR4338,Hub Operator,2025-02-24,Active,33037
EMP03452,Divya Reddy,BR2532,Delivery Agent,2021-04-26,Active,64072
EMP03453,Sneha Sinha,BR0735,Manager,2022-01-30,Active,39017
EMP03454,Ananya Pillai,BR1933,Hub Operator,2026-03-18,Active,43611
EMP03455,Divya Sharma,BR3982,Delivery Agent,2026-07-31,Active,20958
EMP03456,Dinesh Rao,BR0982,Delivery Agent,2025-07-02,Active,56713
EMP03457,Kavya Das,BR2953,Delivery Agent,2023-09-02,Active,22992
EMP03458,Swetha Reddy,BR4232,Delivery Agent,2022-02-15,Active,53261
EMP03459,Ajay Sharma,BR0462,Delivery Agent,2025-08-06,Active,48778
EMP03460,Swetha Rao,BR4213,Delivery Agent,2021-02-10,Active,28457
EMP03461,Arun Reddy,BR1607,Hub Operator,2026-02-15,Active,43636
EMP03462,Nithya Reddy,BR3907,Customer Support,2024-11-29,Active,21007
EMP03463,Swetha Gupta,BR3428,Delivery Agent,2024-10-07,Active,58057
EMP03464,Karthik Singh,BR3095,Delivery Agent,2025-01-23,Active,28787
EMP03465,Ananya Gupta,BR2857,Delivery Agent,2025-07-13,Active,25672
EMP03466,Swetha Pillai,BR2903,Delivery Agent,2023-12-17,Active,50055
EMP03467,Rohit Bose,BR3531,Supervisor,2025-11-28,Active,53665
EMP03468,Kavya Mishra,BR4981,Delivery Agent,2023-04-25,Active,23199
EMP03469,Vivek Joshi,BR2023,Delivery Agent,2025-10-02,Active,21082
EMP03470,Karthik Singh,BR3802,Manager,2021-02-13,Inactive,57683
EMP03471,Nithya Bose,BR1856,Customer Support,2021-03-21,Active,64457
EMP03472,Arun Rao,BR1019,Manager,2022-07-16,Active,39071
EMP03473,Ajay Mehta,BR4681,Hub Operator,2025-12-16,Active,45606
EMP03474,Harini Naidu,BR1502,Hub Operator,2024-05-31,Active,19097
EMP03475,Vijay Rao,BR3947,Manager,2026-06-10,Active,18620
EMP03476,Arun Sharma,BR1503,Customer Support,2021-05-10,Inactive,42035
EMP03477,Nithya Iyer,BR3594,Hub Operator,2024-03-15,Active,45117
EMP03478,Arun Bose,BR3265,Delivery Agent,2022-08-01,Active,26358
EMP03479,Sneha Reddy,BR2760,Delivery Agent,2023-11-14,Active,64914
EMP03480,Rahul Kapoor,BR0103,Hub Operator,2021-02-15,Active,38307
EMP03481,Dinesh Iyer,BR1674,Hub Operator,2022-09-21,Active,36512
EMP03482,Nithya Naidu,BR1880,Hub Operator,2023-06-08,Active,20157
EMP03483,Priya Pillai,BR1260,Customer Support,2023-07-14,Active,20075
EMP03484,Ajay Reddy,BR0339,Delivery Agent,2021-10-13,Active,22992
EMP03485,Arun Rao,BR3262,Supervisor,2024-07-04,Active,56435
EMP03486,Suresh Bose,BR3189,Customer Support,2021-04-14,Active,54824
EMP03487,Nithya Menon,BR2119,Supervisor,2022-07-23,Active,21424
EMP03488,Dinesh Naidu,BR3017,Delivery Agent,2024-09-12,Active,36993
EMP03489,Divya Bose,BR4918,Supervisor,2022-09-23,Active,39213
EMP03490,Kavya Reddy,BR1959,Customer Support,2022-01-09,Active,54774
EMP03491,Rahul Reddy,BR3303,Delivery Agent,2025-01-15,Active,29391
EMP03492,Sneha Patel,BR1964,Hub Operator,2024-11-19,Active,35073
EMP03493,Kavya Gupta,BR3523,Delivery Agent,2023-01-07,Active,25318
EMP03494,Sneha Das,BR1733,Delivery Agent,2021-04-17,Active,26884
EMP03495,Dinesh Bose,BR3526,Delivery Agent,2025-06-29,Inactive,43477
EMP03496,Swetha Verma,BR3168,Delivery Agent,2025-01-01,Active,52441
EMP03497,Vivek Nair,BR2344,Supervisor,2026-08-02,Active,47455
EMP03498,Kavya Joshi,BR3342,Manager,2025-03-25,Active,48412
EMP03499,Manoj Joshi,BR2720,Delivery Agent,2022-09-14,Active,26001
EMP03500,Manoj Gupta,BR3735,Delivery Agent,2023-06-30,Active,57337
EMP03501,Arun Gupta,BR4694,Delivery Agent,2022-07-27,Active,32045
EMP03502,Harini Verma,BR3038,Hub Operator,2026-07-19,Inactive,35828
EMP03503,Rahul Nair,BR1653,Delivery Agent,2023-07-19,Active,39077
EMP03504,Sneha Patel,BR3130,Hub Operator,2025-07-22,Active,32801
EMP03505,Dinesh Kapoor,BR2838,Manager,2023-09-02,Active,40930
EMP03506,Rohit Verma,BR1728,Hub Operator,2021-12-19,Active,19795
EMP03507,Arun Bose,BR2378,Delivery Agent,2023-01-18,Active,39959
EMP03508,Manoj Joshi,BR2404,Delivery Agent,2025-08-13,Active,19306
EMP03509,Kavya Pillai,BR4572,Hub Operator,2024-04-18,Active,60806
EMP03510,Divya Singh,BR2840,Delivery Agent,2023-09-23,Active,31803
EMP03511,Nithya Patel,BR3528,Hub Operator,2022-06-10,Active,24752
EMP03512,Sneha Reddy,BR0532,Delivery Agent,2022-09-29,Active,63830
EMP03513,Pooja Das,BR3715,Delivery Agent,2025-06-30,Active,49714
EMP03514,Arun Gupta,BR3783,Manager,2023-01-17,Active,24211
EMP03515,Kavya Gupta,BR0535,Supervisor,2023-11-05,Active,24169
EMP03516,Ajay Menon,BR2491,Delivery Agent,2021-02-02,Active,42652
EMP03517,Harini Mishra,BR1379,Delivery Agent,2025-03-06,Active,24346
EMP03518,Karthik Mishra,BR3617,Customer Support,2024-11-11,Active,43894
EMP03519,Dinesh Naidu,BR2419,Supervisor,2023-12-01,Active,52849
EMP03520,Arun Nair,BR0046,Hub Operator,2023-12-13,Active,26826
EMP03521,Ananya Iyer,BR3107,Manager,2022-07-22,Active,60984
EMP03522,Kavya Mehta,BR0022,Delivery Agent,2023-12-29,Active,26168
EMP03523,Sneha Bose,BR2149,Delivery Agent,2024-10-27,Active,64296
EMP03524,Arun Verma,BR0486,Manager,2025-02-17,Active,49071
EMP03525,Nithya Reddy,BR3113,Hub Operator,2023-10-15,Active,38832
EMP03526,Rohit Naidu,BR3594,Delivery Agent,2021-05-05,Active,36316
EMP03527,Harini Patel,BR0357,Customer Support,2023-02-08,Active,34016
EMP03528,Suresh Verma,BR1650,Delivery Agent,2023-12-28,Active,24991
EMP03529,Arun Mehta,BR4487,Delivery Agent,2024-10-31,Active,42869
EMP03530,Swetha Joshi,BR2090,Supervisor,2026-03-29,Active,31653
EMP03531,Arun Naidu,BR3211,Delivery Agent,2021-02-27,Active,62970
EMP03532,Priya Joshi,BR1489,Hub Operator,2021-02-27,Active,62486
EMP03533,Divya Sharma,BR4095,Customer Support,2024-03-12,Active,18769
EMP03534,Ananya Das,BR4168,Manager,2021-10-01,Active,37328
EMP03535,Arun Gupta,BR3655,Delivery Agent,2024-05-08,Active,58978
EMP03536,Divya Joshi,BR1643,Hub Operator,2022-11-13,Active,31967
EMP03537,Pooja Das,BR0765,Delivery Agent,2022-07-31,Active,38188
EMP03538,Swetha Patel,BR2120,Hub Operator,2022-11-06,Active,31511
EMP03539,Rohit Menon,BR1761,Delivery Agent,2021-11-22,Active,32809
EMP03540,Meena Sinha,BR2694,Supervisor,2023-01-29,Active,61786
EMP03541,Swetha Mehta,BR0046,Delivery Agent,2026-04-25,Active,53139
EMP03542,Rahul Menon,BR1413,Delivery Agent,2022-07-21,Active,35330
EMP03543,Vivek Rao,BR1616,Customer Support,2025-12-10,Active,45361
EMP03544,Kavya Bose,BR4013,Customer Support,2026-04-10,Inactive,51456
EMP03545,Vivek Sharma,BR3342,Supervisor,2024-02-28,Active,21296
EMP03546,Dinesh Nair,BR0034,Hub Operator,2023-05-02,Active,40943
EMP03547,Rohit Mishra,BR3000,Manager,2021-02-18,Active,27397
EMP03548,Priya Menon,BR3890,Manager,2026-04-08,Active,50403
EMP03549,Karthik Das,BR2018,Supervisor,2022-09-23,Active,20124
EMP03550,Sneha Reddy,BR3926,Delivery Agent,2022-08-17,Active,25106
EMP03551,Dinesh Pillai,BR1919,Delivery Agent,2024-04-12,Active,42028
EMP03552,Ajay Menon,BR1464,Hub Operator,2022-06-29,Active,54293
EMP03553,Ajay Kumar,BR4500,Delivery Agent,2026-01-27,Active,27485
EMP03554,Swetha Bose,BR0269,Supervisor,2021-03-23,Active,59598
EMP03555,Sneha Sharma,BR2909,Hub Operator,2023-09-18,Active,31401
EMP03556,Meena Sharma,BR0201,Customer Support,2026-10-01,Active,51867
EMP03557,Rahul Naidu,BR4319,Delivery Agent,2024-01-13,Active,31500
EMP03558,Ananya Rao,BR1069,Hub Operator,2021-02-01,Active,49909
EMP03559,Suresh Sinha,BR1478,Delivery Agent,2022-09-30,Active,41923
EMP03560,Swetha Pillai,BR0558,Hub Operator,2024-11-08,Active,58761
EMP03561,Nithya Joshi,BR4999,Delivery Agent,2021-10-11,Active,21035
EMP03562,Nithya Nair,BR2368,Delivery Agent,2024-07-29,Active,46584
EMP03563,Rohit Mehta,BR2091,Hub Operator,2023-09-25,Active,30005
EMP03564,Vijay Iyer,BR4947,Supervisor,2021-08-23,Active,61768
EMP03565,Rohit Gupta,BR3469,Delivery Agent,2021-03-03,Active,36247
EMP03566,Sneha Bose,BR2991,Hub Operator,2026-04-06,Active,19118
EMP03567,Divya Mishra,BR3029,Delivery Agent,2024-12-13,Inactive,21295
EMP03568,Sneha Reddy,BR1249,Customer Support,2022-09-01,Inactive,23891
EMP03569,Nithya Das,BR0406,Hub Operator,2021-01-07,Active,36971
EMP03570,Arun Joshi,BR3387,Customer Support,2025-01-18,Active,60118
EMP03571,Ananya Pillai,BR2733,Manager,2024-05-01,Active,37080
EMP03572,Manoj Sinha,BR4975,Hub Operator,2021-05-28,Active,49682
EMP03573,Manoj Gupta,BR1437,Delivery Agent,2021-12-21,Inactive,42467
EMP03574,Kavya Patel,BR4305,Delivery Agent,2025-04-23,Inactive,63074
EMP03575,Vivek Reddy,BR0274,Delivery Agent,2021-09-01,Active,36063
EMP03576,Vijay Das,BR0096,Delivery Agent,2025-07-05,Active,40658
EMP03577,Meena Patel,BR4106,Customer Support,2026-08-18,Active,43349
EMP03578,Kavya Verma,BR4873,Supervisor,2023-09-18,Active,20149
EMP03579,Meena Naidu,BR4763,Hub Operator,2023-11-09,Active,32812
EMP03580,Manoj Mishra,BR1818,Hub Operator,2023-08-23,Active,52101
EMP03581,Karthik Naidu,BR3321,Supervisor,2022-04-09,Active,56169
EMP03582,Suresh Sinha,BR2377,Delivery Agent,2023-05-23,Active,51825
EMP03583,Karthik Mehta,BR2500,Delivery Agent,2026-08-31,Active,34648
EMP03584,Arun Rao,BR2228,Delivery Agent,2021-02-13,Inactive,19911
EMP03585,Karthik Mishra,BR0362,Manager,2026-07-22,Active,24838
EMP03586,Pooja Patel,BR2384,Delivery Agent,2026-06-07,Active,32139
EMP03587,Pooja Joshi,BR0410,Manager,2021-11-24,Active,49688
EMP03588,Swetha Rao,BR3588,Customer Support,2022-09-05,Active,39509
EMP03589,Vijay Joshi,BR3902,Hub Operator,2026-01-19,Active,19302
EMP03590,Manoj Pillai,BR2268,Delivery Agent,2026-03-11,Active,31880
EMP03591,Vivek Reddy,BR0497,Hub Operator,2022-10-25,Active,64188
EMP03592,Swetha Bose,BR3363,Customer Support,2023-11-25,Active,18648
EMP03593,Rohit Patel,BR2723,Hub Operator,2025-02-11,Active,19784
EMP03594,Vijay Nair,BR1388,Manager,2024-05-19,Active,41305
EMP03595,Ajay Sharma,BR3989,Delivery Agent,2022-07-04,Inactive,34197
EMP03596,Suresh Kumar,BR4709,Delivery Agent,2021-02-05,Active,53597
EMP03597,Vijay Singh,BR1179,Supervisor,2024-12-30,Active,59744
EMP03598,Vivek Menon,BR4968,Hub Operator,2025-02-13,Active,28691
EMP03599,Ananya Nair,BR4877,Hub Operator,2024-11-05,Active,62055
EMP03600,Vijay Pillai,BR2358,Supervisor,2025-09-16,Active,56458
EMP03601,Vijay Joshi,BR4358,Manager,2021-05-18,Active,48692
EMP03602,Sneha Kapoor,BR1951,Hub Operator,2023-03-05,Active,40720
EMP03603,Pooja Rao,BR4695,Hub Operator,2021-07-26,Active,23157
EMP03604,Sneha Das,BR2988,Delivery Agent,2024-08-31,Active,64944
EMP03605,Ananya Rao,BR2234,Hub Operator,2022-04-10,Active,37088
EMP03606,Suresh Gupta,BR1062,Delivery Agent,2025-11-28,Active,61472
EMP03607,Pooja Rao,BR0752,Hub Operator,2023-06-30,Active,29407
EMP03608,Arun Kumar,BR1568,Manager,2021-04-28,Active,20630
EMP03609,Karthik Patel,BR3971,Supervisor,2026-05-14,Active,33337
EMP03610,Karthik Kumar,BR2786,Customer Support,2021-09-20,Active,41546
EMP03611,Arun Nair,BR0908,Supervisor,2024-04-02,Active,59035
EMP03612,Ananya Sinha,BR2660,Supervisor,2025-11-08,Active,50790
EMP03613,Vijay Mishra,BR2927,Delivery Agent,2022-09-20,Active,27703
EMP03614,Harini Pillai,BR3246,Supervisor,2021-10-31,Active,32959
EMP03615,Swetha Singh,BR4749,Supervisor,2023-07-06,Active,50133
EMP03616,Priya Gupta,BR3377,Customer Support,2026-01-26,Active,39226
EMP03617,Harini Pillai,BR0347,Hub Operator,2025-08-06,Active,27465
EMP03618,Sneha Iyer,BR0490,Delivery Agent,2026-03-13,Active,20981
EMP03619,Suresh Menon,BR1514,Delivery Agent,2025-02-08,Active,30317
EMP03620,Ajay Bose,BR0576,Delivery Agent,2022-12-02,Active,55397
EMP03621,Meena Reddy,BR1178,Supervisor,2022-11-24,Active,43088
EMP03622,Priya Kumar,BR2609,Delivery Agent,2026-03-01,Active,50241
EMP03623,Vijay Gupta,BR0502,Customer Support,2024-06-20,Active,31762
EMP03624,Rahul Patel,BR4089,Delivery Agent,2026-01-01,Active,62647
EMP03625,Meena Iyer,BR4332,Delivery Agent,2024-02-29,Active,61559
EMP03626,Rahul Reddy,BR2307,Delivery Agent,2023-11-11,Active,21556
EMP03627,Meena Das,BR4591,Customer Support,2025-04-14,Active,37555
EMP03628,Ananya Reddy,BR0484,Supervisor,2024-07-04,Active,57904
EMP03629,Ajay Naidu,BR0430,Delivery Agent,2025-05-22,Active,31925
EMP03630,Meena Verma,BR1191,Delivery Agent,2021-06-21,Active,41916
EMP03631,Kavya Reddy,BR0846,Customer Support,2022-10-30,Active,50038
EMP03632,Kavya Reddy,BR4646,Hub Operator,2024-10-11,Active,33164
EMP03633,Rahul Bose,BR2501,Customer Support,2023-06-17,Active,48704
EMP03634,Pooja Kumar,BR4909,Delivery Agent,2026-01-13,Active,63679
EMP03635,Priya Gupta,BR0062,Hub Operator,2021-11-19,Active,50586
EMP03636,Rahul Gupta,BR2833,Delivery Agent,2024-07-12,Active,34053
EMP03637,Manoj Gupta,BR0168,Hub Operator,2021-03-01,Active,50621
EMP03638,Nithya Bose,BR0231,Delivery Agent,2021-11-20,Active,63437
EMP03639,Karthik Patel,BR1059,Delivery Agent,2026-05-08,Active,20324
EMP03640,Rohit Nair,BR0722,Customer Support,2026-03-03,Active,49818
EMP03641,Ajay Kumar,BR4309,Customer Support,2025-10-09,Active,46629
EMP03642,Meena Kumar,BR2329,Delivery Agent,2021-05-23,Active,64098
EMP03643,Nithya Reddy,BR2319,Hub Operator,2023-08-18,Active,52459
EMP03644,Suresh Pillai,BR4755,Manager,2024-08-14,Active,39471
EMP03645,Kavya Naidu,BR2227,Hub Operator,2022-08-05,Active,57698
EMP03646,Karthik Sinha,BR4447,Delivery Agent,2023-03-10,Active,49374
EMP03647,Suresh Sharma,BR1742,Delivery Agent,2026-02-01,Active,57172
EMP03648,Manoj Mishra,BR1049,Supervisor,2026-01-01,Active,43099
EMP03649,Swetha Pillai,BR0768,Hub Operator,2024-04-28,Active,29756
EMP03650,Swetha Rao,BR4819,Delivery Agent,2022-04-12,Active,31562
EMP03651,Dinesh Pillai,BR2199,Customer Support,2024-06-30,Active,22944
EMP03652,Arun Verma,BR4819,Supervisor,2025-10-30,Active,20058
EMP03653,Swetha Menon,BR1105,Customer Support,2024-06-01,Active,43694
EMP03654,Priya Gupta,BR4923,Delivery Agent,2022-09-03,Active,44408
EMP03655,Harini Rao,BR3564,Delivery Agent,2025-09-30,Inactive,26303
EMP03656,Manoj Gupta,BR1503,Supervisor,2026-08-01,Active,24567
EMP03657,Swetha Joshi,BR0307,Hub Operator,2022-01-11,Active,26085
EMP03658,Manoj Kumar,BR2669,Manager,2026-05-06,Active,29871
EMP03659,Meena Kumar,BR4552,Delivery Agent,2026-10-01,Active,35318
EMP03660,Suresh Mishra,BR0439,Manager,2023-03-05,Active,28235
EMP03661,Harini Singh,BR2426,Hub Operator,2025-05-02,Active,28853
EMP03662,Rohit Kapoor,BR3057,Manager,2024-11-15,Active,39036
EMP03663,Divya Pillai,BR1837,Hub Operator,2023-05-21,Active,57798
EMP03664,Arun Naidu,BR0281,Hub Operator,2023-07-17,Active,62918
EMP03665,Pooja Verma,BR1210,Hub Operator,2024-01-30,Active,37013
EMP03666,Manoj Kumar,BR2802,Delivery Agent,2026-02-14,Active,30002
EMP03667,Dinesh Kapoor,BR4915,Delivery Agent,2025-10-11,Active,18458
EMP03668,Nithya Reddy,BR3391,Supervisor,2024-04-04,Active,30049
EMP03669,Dinesh Naidu,BR4760,Delivery Agent,2025-11-20,Active,61744
EMP03670,Dinesh Verma,BR2864,Customer Support,2026-03-24,Active,34424
EMP03671,Ajay Reddy,BR3604,Delivery Agent,2023-12-12,Active,29468
EMP03672,Manoj Kumar,BR0544,Delivery Agent,2025-11-28,Active,42772
EMP03673,Suresh Iyer,BR4061,Customer Support,2024-12-11,Active,35855
EMP03674,Karthik Kumar,BR1076,Delivery Agent,2025-08-08,Active,29821
EMP03675,Vivek Sinha,BR3224,Customer Support,2022-11-03,Active,22931
EMP03676,Suresh Kumar,BR2531,Hub Operator,2024-08-12,Active,43134
EMP03677,Dinesh Sharma,BR4981,Supervisor,2025-09-02,Active,58732
EMP03678,Meena Verma,BR3027,Delivery Agent,2021-06-08,Active,22887
EMP03679,Karthik Joshi,BR2248,Customer Support,2022-02-15,Active,48825
EMP03680,Priya Naidu,BR0264,Delivery Agent,2024-09-22,Active,52900
EMP03681,Harini Reddy,BR0746,Delivery Agent,2022-04-23,Active,62776
EMP03682,Karthik Sharma,BR3953,Delivery Agent,2022-10-08,Active,50202
EMP03683,Manoj Sharma,BR0499,Delivery Agent,2022-12-16,Active,39274
EMP03684,Swetha Rao,BR0461,Supervisor,2021-03-23,Active,49727
EMP03685,Suresh Mishra,BR2459,Manager,2023-03-20,Active,45951
EMP03686,Vijay Kumar,BR3932,Delivery Agent,2022-01-23,Active,63352
EMP03687,Harini Sharma,BR4675,Supervisor,2025-02-12,Active,51097
EMP03688,Suresh Mishra,BR3078,Supervisor,2022-06-05,Active,33242
EMP03689,Vijay Kumar,BR1168,Delivery Agent,2021-03-08,Active,43770
EMP03690,Meena Sinha,BR2110,Manager,2025-04-12,Active,42264
EMP03691,Dinesh Iyer,BR0725,Supervisor,2021-02-15,Active,41017
EMP03692,Rohit Joshi,BR1170,Supervisor,2022-04-20,Active,25042
EMP03693,Ajay Singh,BR2299,Manager,2024-04-22,Active,45184
EMP03694,Pooja Singh,BR3185,Delivery Agent,2024-04-23,Active,51968
EMP03695,Suresh Singh,BR2640,Supervisor,2026-07-13,Active,33275
EMP03696,Priya Mehta,BR4754,Manager,2022-09-16,Active,18389
EMP03697,Kavya Verma,BR4878,Delivery Agent,2026-08-24,Active,30079
EMP03698,Divya Menon,BR2545,Delivery Agent,2021-12-23,Active,43158
EMP03699,Harini Naidu,BR4875,Delivery Agent,2021-11-09,Active,44801
EMP03700,Manoj Singh,BR3074,Delivery Agent,2022-06-25,Active,48933
EMP03701,Ajay Joshi,BR4377,Supervisor,2024-03-11,Active,50376
EMP03702,Dinesh Sharma,BR3834,Supervisor,2022-04-24,Active,26018
EMP03703,Ajay Bose,BR0451,Delivery Agent,2024-11-05,Active,18341
EMP03704,Ajay Singh,BR1274,Hub Operator,2024-05-01,Active,44774
EMP03705,Harini Rao,BR1469,Delivery Agent,2024-07-28,Active,21275
EMP03706,Kavya Reddy,BR1704,Supervisor,2022-10-23,Active,37009
EMP03707,Sneha Reddy,BR1033,Supervisor,2024-08-23,Active,50540
EMP03708,Ajay Singh,BR4510,Supervisor,2022-01-04,Active,64349
EMP03709,Manoj Patel,BR4586,Hub Operator,2021-09-20,Active,53049
EMP03710,Divya Kumar,BR0854,Supervisor,2025-12-20,Active,29609
EMP03711,Swetha Kapoor,BR4650,Customer Support,2025-01-30,Active,46154
EMP03712,Dinesh Kumar,BR4220,Hub Operator,2026-01-10,Active,48340
EMP03713,Vijay Naidu,BR0693,Supervisor,2024-04-23,Active,45349
EMP03714,Arun Mehta,BR1326,Delivery Agent,2022-09-14,Active,43436
EMP03715,Arun Singh,BR2786,Supervisor,2025-12-05,Active,61078
EMP03716,Vijay Das,BR1084,Customer Support,2021-01-13,Active,50204
EMP03717,Vivek Joshi,BR3705,Supervisor,2021-11-29,Active,48908
EMP03718,Karthik Mishra,BR2615,Supervisor,2026-04-11,Active,30079
EMP03719,Ananya Sinha,BR3382,Delivery Agent,2023-07-30,Active,34355
EMP03720,Swetha Sharma,BR1871,Delivery Agent,2023-10-17,Active,36651
EMP03721,Manoj Bose,BR2303,Delivery Agent,2022-06-29,Active,20934
EMP03722,Sneha Kapoor,BR4154,Delivery Agent,2021-10-12,Active,61429
EMP03723,Nithya Naidu,BR2155,Delivery Agent,2026-02-18,Active,38988
EMP03724,Arun Verma,BR4701,Manager,2023-03-11,Active,35525
EMP03725,Pooja Rao,BR3023,Delivery Agent,2026-04-25,Active,26347
EMP03726,Harini Bose,BR0934,Supervisor,2021-09-30,Active,50044
EMP03727,Ajay Kumar,BR1282,Hub Operator,2023-12-20,Active,26021
EMP03728,Rahul Pillai,BR3192,Manager,2022-11-07,Active,25594
EMP03729,Pooja Mishra,BR2421,Manager,2024-10-29,Active,27632
EMP03730,Arun Kumar,BR4387,Supervisor,2025-08-14,Active,38337
EMP03731,Vijay Iyer,BR0732,Hub Operator,2025-11-26,Active,57564
EMP03732,Divya Kumar,BR3752,Hub Operator,2026-07-12,Active,18504
EMP03733,Swetha Kumar,BR3762,Manager,2026-02-16,Active,30026
EMP03734,Nithya Gupta,BR2202,Delivery Agent,2024-07-09,Inactive,25404
EMP03735,Meena Sinha,BR2400,Hub Operator,2025-11-15,Active,60852
EMP03736,Meena Naidu,BR1167,Delivery Agent,2025-09-03,Active,60628
EMP03737,Ajay Rao,BR3033,Hub Operator,2022-03-02,Active,28467
EMP03738,Rohit Das,BR3829,Customer Support,2025-09-03,Inactive,29495
EMP03739,Ajay Nair,BR3580,Customer Support,2022-10-27,Inactive,40535
EMP03740,Priya Naidu,BR4506,Delivery Agent,2022-07-22,Active,55825
EMP03741,Arun Gupta,BR3010,Delivery Agent,2022-09-15,Active,26491
EMP03742,Arun Mehta,BR0800,Manager,2023-11-05,Active,44960
EMP03743,Dinesh Das,BR3423,Delivery Agent,2026-08-10,Active,40546
EMP03744,Rohit Pillai,BR4957,Delivery Agent,2022-03-23,Active,47345
EMP03745,Divya Patel,BR2235,Delivery Agent,2022-10-07,Active,40096
EMP03746,Manoj Sinha,BR0387,Delivery Agent,2022-02-26,Active,22440
EMP03747,Suresh Gupta,BR0765,Hub Operator,2022-04-14,Active,51412
EMP03748,Priya Bose,BR3908,Manager,2021-06-21,Active,38083
EMP03749,Rahul Joshi,BR3984,Supervisor,2024-02-27,Active,42912
EMP03750,Ajay Kapoor,BR3391,Delivery Agent,2025-05-08,Active,58074
EMP03751,Harini Naidu,BR2826,Delivery Agent,2026-01-10,Active,37343
EMP03752,Manoj Kapoor,BR3829,Customer Support,2023-03-04,Active,24085
EMP03753,Swetha Mishra,BR0179,Supervisor,2025-04-28,Active,45878
EMP03754,Priya Bose,BR1637,Delivery Agent,2021-06-06,Active,27974
EMP03755,Divya Menon,BR3155,Delivery Agent,2022-03-02,Active,56517
EMP03756,Pooja Nair,BR3166,Customer Support,2022-03-19,Active,28242
EMP03757,Sneha Singh,BR1476,Delivery Agent,2021-02-20,Active,59745
EMP03758,Rahul Gupta,BR1519,Delivery Agent,2025-02-16,Active,40643
EMP03759,Meena Mishra,BR0830,Delivery Agent,2025-11-24,Active,52413
EMP03760,Vijay Sharma,BR1400,Delivery Agent,2025-07-23,Active,18646
EMP03761,Ajay Sinha,BR2366,Delivery Agent,2021-09-14,Active,50970
EMP03762,Rahul Gupta,BR2720,Supervisor,2023-01-11,Active,54142
EMP03763,Sneha Patel,BR0791,Customer Support,2021-10-07,Active,56461
EMP03764,Arun Reddy,BR3539,Delivery Agent,2025-11-12,Active,30822
EMP03765,Sneha Das,BR0715,Hub Operator,2022-04-26,Active,48997
EMP03766,Rahul Joshi,BR1303,Delivery Agent,2025-06-14,Active,42855
EMP03767,Manoj Mishra,BR1459,Hub Operator,2024-07-20,Active,35562
EMP03768,Rahul Singh,BR1130,Delivery Agent,2023-12-23,Active,64096
EMP03769,Rahul Pillai,BR4776,Manager,2021-01-02,Active,27878
EMP03770,Suresh Sharma,BR3256,Delivery Agent,2025-03-06,Active,64719
EMP03771,Ajay Bose,BR4983,Customer Support,2024-10-18,Active,57296
EMP03772,Sneha Pillai,BR1224,Delivery Agent,2025-12-27,Active,45313
EMP03773,Ananya Pillai,BR2062,Supervisor,2024-05-14,Active,38094
EMP03774,Manoj Verma,BR3823,Delivery Agent,2025-06-01,Active,58179
EMP03775,Priya Iyer,BR1776,Delivery Agent,2023-01-27,Active,50097
EMP03776,Kavya Rao,BR4922,Delivery Agent,2021-03-16,Active,33724
EMP03777,Meena Sinha,BR2806,Delivery Agent,2022-07-25,Active,40398
EMP03778,Vijay Kumar,BR4159,Delivery Agent,2025-09-05,Active,46046
EMP03779,Priya Patel,BR3304,Customer Support,2026-07-08,Active,55997
EMP03780,Divya Verma,BR4067,Hub Operator,2021-06-20,Active,44679
EMP03781,Meena Naidu,BR1826,Delivery Agent,2023-01-25,Active,54817
EMP03782,Kavya Singh,BR0416,Manager,2025-09-25,Active,55687
EMP03783,Ananya Singh,BR3878,Delivery Agent,2025-08-10,Active,61971
EMP03784,Rohit Kapoor,BR2428,Customer Support,2026-08-19,Active,44666
EMP03785,Rahul Sinha,BR3950,Supervisor,2021-07-23,Active,46245
EMP03786,Arun Nair,BR4965,Manager,2025-09-03,Inactive,26851
EMP03787,Divya Nair,BR3995,Delivery Agent,2022-04-04,Active,57637
EMP03788,Kavya Patel,BR2261,Hub Operator,2025-10-31,Active,27995
EMP03789,Ananya Iyer,BR3725,Delivery Agent,2023-08-02,Active,35634
EMP03790,Arun Menon,BR2421,Delivery Agent,2023-07-02,Active,52061
EMP03791,Rahul Reddy,BR0421,Hub Operator,2024-05-17,Active,40763
EMP03792,Rahul Iyer,BR0429,Hub Operator,2022-01-10,Active,62243
EMP03793,Harini Sharma,BR4222,Delivery Agent,2022-12-21,Active,58702
EMP03794,Harini Kapoor,BR4138,Delivery Agent,2023-03-19,Active,47884
EMP03795,Suresh Naidu,BR1128,Delivery Agent,2025-03-28,Active,51120
EMP03796,Sneha Kumar,BR4002,Hub Operator,2024-05-23,Active,18636
EMP03797,Dinesh Kapoor,BR2422,Customer Support,2021-11-03,Active,47911
EMP03798,Meena Verma,BR2122,Customer Support,2023-03-29,Active,23064
EMP03799,Pooja Iyer,BR2715,Delivery Agent,2022-12-06,Active,47079
EMP03800,Ananya Sharma,BR0080,Supervisor,2025-06-03,Active,41261
EMP03801,Vijay Mishra,BR1706,Hub Operator,2022-03-08,Active,26782
EMP03802,Nithya Joshi,BR0794,Hub Operator,2021-02-23,Active,35332
EMP03803,Swetha Mehta,BR2356,Delivery Agent,2021-02-22,Active,28998
EMP03804,Ajay Mehta,BR3739,Delivery Agent,2021-11-01,Active,24419
EMP03805,Pooja Singh,BR4514,Delivery Agent,2024-02-22,Active,53641
EMP03806,Pooja Singh,BR4555,Hub Operator,2023-06-04,Active,19870
EMP03807,Sneha Bose,BR2051,Customer Support,2023-05-08,Active,58159
EMP03808,Meena Nair,BR0487,Hub Operator,2021-06-17,Active,53397
EMP03809,Priya Menon,BR2713,Delivery Agent,2026-04-03,Active,33726
EMP03810,Pooja Das,BR4801,Supervisor,2026-04-28,Active,47600
EMP03811,Rohit Joshi,BR4050,Delivery Agent,2021-02-03,Active,29708
EMP03812,Harini Das,BR0233,Delivery Agent,2023-07-03,Active,37082
EMP03813,Nithya Menon,BR1317,Delivery Agent,2021-12-10,Active,61483
EMP03814,Rohit Sharma,BR3567,Delivery Agent,2025-09-05,Active,45266
EMP03815,Kavya Bose,BR2701,Delivery Agent,2021-01-10,Active,54874
EMP03816,Arun Joshi,BR1612,Customer Support,2024-01-29,Active,39348
EMP03817,Vivek Menon,BR1098,Delivery Agent,2022-06-03,Active,54603
EMP03818,Vivek Kapoor,BR4705,Delivery Agent,2025-06-17,Active,50108
EMP03819,Sneha Mehta,BR1643,Hub Operator,2023-03-05,Active,54534
EMP03820,Rahul Sharma,BR4176,Customer Support,2021-06-09,Active,19642
EMP03821,Vivek Das,BR1729,Hub Operator,2022-11-21,Active,30849
EMP03822,Pooja Verma,BR2603,Delivery Agent,2021-04-29,Active,64734
EMP03823,Dinesh Verma,BR2281,Hub Operator,2021-04-06,Active,32467
EMP03824,Ajay Kumar,BR3755,Delivery Agent,2024-06-10,Active,38915
EMP03825,Ajay Singh,BR0779,Delivery Agent,2023-07-08,Active,37690
EMP03826,Dinesh Joshi,BR3817,Hub Operator,2021-05-21,Inactive,32025
EMP03827,Pooja Das,BR2902,Customer Support,2026-07-22,Active,30893
EMP03828,Divya Naidu,BR3106,Hub Operator,2023-04-12,Active,41761
EMP03829,Divya Rao,BR2026,Delivery Agent,2021-01-19,Active,40416
EMP03830,Manoj Kumar,BR1603,Delivery Agent,2024-06-13,Active,29908
EMP03831,Kavya Kapoor,BR0761,Delivery Agent,2021-04-10,Active,29591
EMP03832,Arun Rao,BR4045,Hub Operator,2021-09-27,Active,24140
EMP03833,Swetha Kapoor,BR4922,Supervisor,2022-10-30,Active,52173
EMP03834,Harini Menon,BR2827,Hub Operator,2022-02-19,Active,28989
EMP03835,Kavya Iyer,BR4658,Manager,2022-11-28,Active,64160
EMP03836,Dinesh Nair,BR2670,Supervisor,2025-09-05,Inactive,48758
EMP03837,Manoj Kumar,BR4296,Delivery Agent,2023-10-14,Active,51754
EMP03838,Dinesh Mehta,BR3942,Manager,2024-11-17,Active,36207
EMP03839,Arun Bose,BR1487,Customer Support,2021-10-10,Active,59862
EMP03840,Dinesh Rao,BR1014,Manager,2025-03-30,Active,57089
EMP03841,Ananya Nair,BR4126,Delivery Agent,2024-10-12,Active,35495
EMP03842,Priya Mishra,BR4024,Hub Operator,2025-11-10,Active,59264
EMP03843,Arun Singh,BR4093,Manager,2025-09-09,Active,62970
EMP03844,Harini Naidu,BR0361,Customer Support,2023-02-11,Active,42208
EMP03845,Ajay Patel,BR4037,Manager,2023-01-16,Active,21526
EMP03846,Meena Das,BR0403,Manager,2022-01-30,Active,24639
EMP03847,Swetha Mehta,BR1585,Supervisor,2024-09-02,Inactive,60448
EMP03848,Vijay Nair,BR1250,Delivery Agent,2026-03-22,Active,20323
EMP03849,Harini Mehta,BR4685,Supervisor,2021-02-02,Active,21546
EMP03850,Priya Gupta,BR0113,Customer Support,2021-12-28,Active,54140
EMP03851,Rahul Pillai,BR4030,Delivery Agent,2021-06-21,Inactive,51225
EMP03852,Suresh Sharma,BR3993,Delivery Agent,2023-03-11,Active,18965
EMP03853,Divya Pillai,BR4558,Supervisor,2023-02-09,Active,46575
EMP03854,Ananya Iyer,BR2590,Customer Support,2022-03-11,Active,33604
EMP03855,Karthik Sharma,BR4167,Hub Operator,2026-01-28,Active,45898
EMP03856,Suresh Verma,BR1274,Customer Support,2026-07-15,Active,31355
EMP03857,Divya Mishra,BR1218,Manager,2021-08-28,Active,35725
EMP03858,Divya Rao,BR1315,Hub Operator,2023-07-24,Active,22203
EMP03859,Vijay Joshi,BR2987,Delivery Agent,2021-08-22,Active,20386
EMP03860,Meena Patel,BR4531,Customer Support,2022-08-12,Active,45413
EMP03861,Suresh Iyer,BR2238,Delivery Agent,2025-12-13,Active,52210
EMP03862,Ananya Iyer,BR1788,Customer Support,2023-05-10,Active,57323
EMP03863,Divya Rao,BR0401,Customer Support,2025-10-05,Active,50828
EMP03864,Vivek Kumar,BR4019,Delivery Agent,2025-05-01,Active,55425
EMP03865,Dinesh Verma,BR2716,Customer Support,2021-10-16,Active,56987
EMP03866,Ajay Singh,BR0597,Delivery Agent,2024-09-26,Active,46324
EMP03867,Pooja Verma,BR0819,Delivery Agent,2021-04-27,Active,58163
EMP03868,Vivek Kumar,BR4608,Delivery Agent,2025-09-15,Active,26035
EMP03869,Nithya Pillai,BR0983,Supervisor,2025-07-15,Active,35638
EMP03870,Divya Sharma,BR3742,Hub Operator,2022-12-10,Active,62604
EMP03871,Pooja Mehta,BR0570,Supervisor,2022-10-25,Active,34219
EMP03872,Suresh Kapoor,BR2646,Delivery Agent,2021-10-20,Active,61506
EMP03873,Priya Kapoor,BR4648,Delivery Agent,2022-04-09,Active,46426
EMP03874,Meena Sinha,BR2404,Delivery Agent,2021-06-23,Active,18335
EMP03875,Ananya Sinha,BR2157,Supervisor,2025-12-24,Active,24581
EMP03876,Kavya Nair,BR3492,Customer Support,2026-01-29,Active,46667
EMP03877,Dinesh Nair,BR4221,Delivery Agent,2022-01-23,Active,21138
EMP03878,Priya Mishra,BR3654,Supervisor,2023-04-06,Active,20517
EMP03879,Ananya Gupta,BR4632,Hub Operator,2021-09-28,Active,45705
EMP03880,Nithya Reddy,BR4862,Customer Support,2026-02-19,Active,46622
EMP03881,Rahul Bose,BR4254,Supervisor,2023-08-05,Active,64675
EMP03882,Harini Bose,BR0685,Hub Operator,2021-08-23,Active,28435
EMP03883,Rahul Bose,BR0611,Supervisor,2024-11-08,Active,47020
EMP03884,Swetha Das,BR3829,Hub Operator,2026-05-08,Active,31523
EMP03885,Meena Patel,BR1266,Manager,2022-09-15,Active,21456
EMP03886,Nithya Pillai,BR1187,Hub Operator,2024-05-02,Active,27486
EMP03887,Priya Bose,BR2196,Delivery Agent,2024-06-26,Active,58051
EMP03888,Ajay Pillai,BR1316,Delivery Agent,2022-06-01,Active,30376
EMP03889,Nithya Sinha,BR4043,Delivery Agent,2021-04-02,Active,19292
EMP03890,Pooja Verma,BR3731,Delivery Agent,2025-03-18,Active,61488
EMP03891,Nithya Pillai,BR4205,Hub Operator,2025-10-28,Active,22631
EMP03892,Priya Iyer,BR0345,Delivery Agent,2023-02-10,Active,56305
EMP03893,Ajay Sinha,BR1394,Customer Support,2025-04-26,Active,28634
EMP03894,Ajay Rao,BR0022,Manager,2021-05-30,Active,48180
EMP03895,Meena Kapoor,BR1217,Hub Operator,2026-03-20,Active,64781
EMP03896,Vijay Reddy,BR1791,Manager,2021-10-31,Active,56936
EMP03897,Rohit Gupta,BR4835,Hub Operator,2025-02-17,Active,47800
EMP03898,Vivek Reddy,BR2199,Delivery Agent,2023-03-12,Active,23535
EMP03899,Manoj Kumar,BR1688,Supervisor,2023-10-14,Active,23184
EMP03900,Rohit Sinha,BR3367,Manager,2023-02-15,Active,49400
EMP03901,Sneha Mishra,BR2135,Customer Support,2024-12-26,Inactive,32794
EMP03902,Priya Menon,BR4735,Manager,2022-02-01,Active,55909
EMP03903,Arun Sinha,BR3247,Delivery Agent,2024-08-07,Active,54427
EMP03904,Priya Kumar,BR4487,Delivery Agent,2021-08-27,Active,25808
EMP03905,Vivek Gupta,BR3500,Supervisor,2023-08-18,Inactive,47711
EMP03906,Priya Pillai,BR0713,Delivery Agent,2024-08-06,Active,28127
EMP03907,Nithya Iyer,BR4317,Supervisor,2021-04-04,Active,24786
EMP03908,Ananya Rao,BR3498,Delivery Agent,2025-10-21,Inactive,62637
EMP03909,Ajay Patel,BR4474,Customer Support,2026-05-17,Active,23884
EMP03910,Suresh Mishra,BR3656,Supervisor,2024-02-17,Active,37195
EMP03911,Rohit Joshi,BR0406,Supervisor,2021-01-17,Inactive,22322
EMP03912,Priya Sinha,BR4280,Manager,2023-03-23,Inactive,60419
EMP03913,Karthik Patel,BR3607,Delivery Agent,2025-09-26,Active,30574
EMP03914,Karthik Nair,BR3082,Hub Operator,2023-04-09,Active,54386
EMP03915,Priya Das,BR3892,Manager,2022-02-28,Active,40645
EMP03916,Suresh Bose,BR4203,Delivery Agent,2024-05-16,Active,58139
EMP03917,Divya Mishra,BR4408,Customer Support,2026-05-30,Active,19392
EMP03918,Vijay Nair,BR0138,Delivery Agent,2025-01-19,Active,52781
EMP03919,Meena Kapoor,BR3521,Hub Operator,2025-09-22,Active,30248
EMP03920,Sneha Reddy,BR3502,Delivery Agent,2022-04-14,Active,56422
EMP03921,Meena Rao,BR1065,Delivery Agent,2025-01-28,Active,21664
EMP03922,Rahul Iyer,BR2757,Customer Support,2021-09-06,Active,64823
EMP03923,Manoj Kumar,BR2676,Supervisor,2024-12-05,Active,18064
EMP03924,Meena Iyer,BR4146,Hub Operator,2021-10-26,Active,24864
EMP03925,Arun Menon,BR4593,Hub Operator,2024-05-25,Active,54725
EMP03926,Nithya Bose,BR1044,Delivery Agent,2024-08-26,Inactive,25161
EMP03927,Swetha Naidu,BR4799,Manager,2023-01-31,Active,64568
EMP03928,Nithya Menon,BR4104,Delivery Agent,2024-10-06,Active,53948
EMP03929,Divya Bose,BR1753,Customer Support,2024-04-08,Active,22350
EMP03930,Suresh Mehta,BR4801,Delivery Agent,2021-01-30,Active,57330
EMP03931,Ajay Iyer,BR1124,Supervisor,2025-05-04,Active,36494
EMP03932,Vivek Bose,BR1324,Delivery Agent,2022-09-09,Active,41185
EMP03933,Meena Mehta,BR4880,Delivery Agent,2023-05-04,Active,18122
EMP03934,Vivek Das,BR1093,Delivery Agent,2026-02-22,Active,59338
EMP03935,Rohit Rao,BR4530,Manager,2022-07-09,Active,63088
EMP03936,Suresh Rao,BR2163,Supervisor,2024-12-13,Active,43108
EMP03937,Suresh Nair,BR3453,Hub Operator,2025-03-03,Active,52606
EMP03938,Ananya Naidu,BR4801,Delivery Agent,2023-05-11,Active,54253
EMP03939,Rohit Patel,BR2433,Manager,2025-06-16,Active,30230
EMP03940,Dinesh Joshi,BR3687,Manager,2024-12-10,Active,51300
EMP03941,Pooja Singh,BR2931,Delivery Agent,2025-05-27,Active,37054
EMP03942,Meena Patel,BR0665,Customer Support,2023-12-08,Active,37825
EMP03943,Swetha Gupta,BR4381,Manager,2025-01-24,Active,53424
EMP03944,Manoj Mehta,BR3779,Customer Support,2026-03-05,Active,46021
EMP03945,Kavya Singh,BR4597,Hub Operator,2021-08-27,Active,31698
EMP03946,Divya Kumar,BR4370,Delivery Agent,2021-07-22,Active,30320
EMP03947,Suresh Reddy,BR1397,Customer Support,2024-07-03,Active,57716
EMP03948,Vijay Pillai,BR2514,Manager,2025-04-09,Active,42757
EMP03949,Dinesh Pillai,BR1465,Customer Support,2024-12-14,Inactive,55154
EMP03950,Karthik Mehta,BR3834,Hub Operator,2024-05-30,Active,44883
EMP03951,Arun Mishra,BR0533,Delivery Agent,2022-11-11,Active,31089
EMP03952,Dinesh Bose,BR4293,Supervisor,2024-05-06,Active,38262
EMP03953,Priya Nair,BR4255,Delivery Agent,2025-11-05,Active,43301
EMP03954,Kavya Rao,BR3181,Supervisor,2023-12-12,Active,54640
EMP03955,Manoj Nair,BR3264,Delivery Agent,2023-04-25,Active,20250
EMP03956,Nithya Naidu,BR3867,Delivery Agent,2026-01-09,Active,33368
EMP03957,Priya Das,BR3746,Customer Support,2025-10-14,Active,21689
EMP03958,Arun Sharma,BR2610,Hub Operator,2023-06-20,Active,44482
EMP03959,Harini Pillai,BR4479,Delivery Agent,2025-11-22,Active,63198
EMP03960,Vivek Naidu,BR3781,Supervisor,2024-12-02,Active,27307
EMP03961,Priya Iyer,BR2458,Delivery Agent,2021-02-11,Active,35693
EMP03962,Kavya Joshi,BR4436,Hub Operator,2023-10-13,Active,36800
EMP03963,Pooja Das,BR3205,Hub Operator,2025-12-23,Active,44923
EMP03964,Vijay Gupta,BR0396,Delivery Agent,2025-10-20,Active,52115
EMP03965,Suresh Menon,BR0525,Hub Operator,2021-12-04,Active,64541
EMP03966,Ajay Gupta,BR4443,Delivery Agent,2023-07-21,Active,55432
EMP03967,Dinesh Kumar,BR3507,Delivery Agent,2021-09-30,Active,18428
EMP03968,Suresh Singh,BR0836,Delivery Agent,2025-03-22,Active,53831
EMP03969,Arun Reddy,BR2962,Delivery Agent,2023-11-24,Active,52019
EMP03970,Pooja Menon,BR4845,Delivery Agent,2022-05-19,Active,45334
EMP03971,Suresh Bose,BR1617,Hub Operator,2023-08-12,Active,54625
EMP03972,Rohit Verma,BR4295,Customer Support,2024-05-12,Active,62650
EMP03973,Harini Mehta,BR4277,Delivery Agent,2025-06-18,Active,29436
EMP03974,Harini Gupta,BR1678,Delivery Agent,2025-04-25,Active,23680
EMP03975,Arun Reddy,BR3715,Customer Support,2022-09-04,Active,47710
EMP03976,Meena Das,BR1431,Supervisor,2022-05-09,Active,20734
EMP03977,Nithya Naidu,BR1694,Delivery Agent,2026-01-12,Active,26825
EMP03978,Karthik Nair,BR0261,Delivery Agent,2022-02-20,Active,59576
EMP03979,Sneha Naidu,BR0603,Delivery Agent,2021-01-04,Active,21517
EMP03980,Suresh Kumar,BR2973,Delivery Agent,2022-05-02,Active,22563
EMP03981,Sneha Joshi,BR0173,Delivery Agent,2022-09-26,Active,58289
EMP03982,Swetha Sharma,BR0358,Hub Operator,2025-10-06,Active,33446
EMP03983,Manoj Mehta,BR2806,Customer Support,2023-10-12,Active,42553
EMP03984,Priya Kumar,BR3719,Hub Operator,2026-06-18,Active,38306
EMP03985,Kavya Verma,BR4752,Delivery Agent,2024-03-27,Active,55432
EMP03986,Vijay Bose,BR2649,Customer Support,2022-05-17,Active,20464
EMP03987,Pooja Joshi,BR0681,Customer Support,2022-08-18,Active,36913
EMP03988,Karthik Verma,BR1216,Hub Operator,2022-02-06,Inactive,33951
EMP03989,Nithya Kapoor,BR2739,Delivery Agent,2023-04-05,Active,47089
EMP03990,Rohit Gupta,BR4629,Delivery Agent,2026-09-05,Active,50157
EMP03991,Suresh Kapoor,BR0745,Hub Operator,2021-05-29,Active,31839
EMP03992,Harini Sharma,BR0943,Delivery Agent,2026-09-27,Active,45623
EMP03993,Vivek Sinha,BR0712,Delivery Agent,2025-01-09,Active,47497
EMP03994,Kavya Nair,BR2926,Customer Support,2026-09-22,Active,51136
EMP03995,Kavya Patel,BR1670,Manager,2022-07-28,Active,31314
EMP03996,Meena Rao,BR1253,Delivery Agent,2021-01-04,Active,35694
EMP03997,Vivek Nair,BR0696,Delivery Agent,2026-04-30,Active,23890
EMP03998,Ananya Mishra,BR0206,Delivery Agent,2022-12-26,Active,57051
EMP03999,Swetha Verma,BR1635,Delivery Agent,2023-12-09,Active,35573
EMP04000,Suresh Patel,BR0902,Supervisor,2024-06-28,Active,19885
EMP04001,Vijay Patel,BR4864,Supervisor,2021-03-17,Active,62477
EMP04002,Sneha Kumar,BR3121,Supervisor,2026-09-21,Active,50069
EMP04003,Vijay Mishra,BR2209,Supervisor,2021-11-28,Inactive,45468
EMP04004,Rohit Menon,BR1947,Hub Operator,2024-04-06,Active,27524
EMP04005,Harini Gupta,BR0926,Hub Operator,2026-05-21,Active,20337
EMP04006,Meena Patel,BR4601,Customer Support,2024-08-22,Active,51655
EMP04007,Pooja Mishra,BR0686,Delivery Agent,2025-09-05,Active,26648
EMP04008,Ajay Joshi,BR3354,Hub Operator,2022-02-02,Active,34160
EMP04009,Rahul Mehta,BR0668,Hub Operator,2022-05-04,Inactive,55914
EMP04010,Rohit Reddy,BR2409,Supervisor,2023-11-17,Active,63451
EMP04011,Harini Mishra,BR0672,Delivery Agent,2023-01-07,Active,55231
EMP04012,Harini Mehta,BR3274,Manager,2026-01-06,Active,56856
EMP04013,Nithya Patel,BR1036,Delivery Agent,2022-04-29,Active,62317
EMP04014,Priya Iyer,BR0252,Hub Operator,2021-07-28,Active,48756
EMP04015,Vijay Rao,BR0375,Delivery Agent,2026-06-07,Active,44921
EMP04016,Manoj Gupta,BR4082,Delivery Agent,2024-12-21,Inactive,41311
EMP04017,Sneha Patel,BR3051,Delivery Agent,2024-02-05,Active,41539
EMP04018,Vivek Sinha,BR1110,Manager,2022-03-19,Active,46357
EMP04019,Ananya Naidu,BR1680,Delivery Agent,2025-04-11,Active,34222
EMP04020,Nithya Das,BR1791,Delivery Agent,2021-11-22,Active,47183
EMP04021,Dinesh Mishra,BR2002,Hub Operator,2025-09-20,Active,28829
EMP04022,Rahul Joshi,BR0583,Delivery Agent,2024-06-27,Active,18154
EMP04023,Ananya Kumar,BR4788,Customer Support,2023-12-10,Active,55610
EMP04024,Manoj Nair,BR4196,Delivery Agent,2024-05-18,Active,26965
EMP04025,Rohit Sinha,BR0898,Hub Operator,2025-01-21,Active,29725
EMP04026,Priya Verma,BR1260,Customer Support,2023-01-13,Active,36425
EMP04027,Arun Gupta,BR2910,Delivery Agent,2025-10-08,Active,22178
EMP04028,Pooja Pillai,BR1180,Delivery Agent,2026-07-10,Active,41671
EMP04029,Pooja Mishra,BR2238,Supervisor,2023-07-17,Active,55036
EMP04030,Arun Nair,BR1693,Hub Operator,2023-04-29,Active,64847
EMP04031,Divya Bose,BR2550,Delivery Agent,2023-02-08,Active,33799
EMP04032,Arun Naidu,BR0378,Supervisor,2022-05-14,Active,59758
EMP04033,Vijay Pillai,BR3036,Customer Support,2023-05-02,Active,64332
EMP04034,Rahul Kumar,BR3945,Delivery Agent,2025-11-04,Active,60982
EMP04035,Karthik Rao,BR0537,Delivery Agent,2022-05-03,Active,54263
EMP04036,Arun Sharma,BR4567,Hub Operator,2023-03-05,Active,22098
EMP04037,Manoj Mehta,BR3065,Delivery Agent,2026-05-02,Active,37630
EMP04038,Rahul Mehta,BR4810,Hub Operator,2023-12-13,Active,55467
EMP04039,Meena Sharma,BR0759,Delivery Agent,2022-11-19,Active,33856
EMP04040,Karthik Patel,BR2677,Manager,2023-11-16,Active,62399
EMP04041,Kavya Nair,BR0481,Delivery Agent,2022-07-23,Active,41959
EMP04042,Meena Singh,BR2288,Delivery Agent,2022-08-17,Active,62004
EMP04043,Arun Mishra,BR1470,Delivery Agent,2022-08-20,Active,20590
EMP04044,Ananya Verma,BR3191,Delivery Agent,2021-07-11,Active,27518
EMP04045,Arun Mishra,BR0361,Delivery Agent,2024-11-01,Active,44475
EMP04046,Ananya Nair,BR1669,Supervisor,2025-09-04,Inactive,52359
EMP04047,Rohit Mishra,BR4164,Delivery Agent,2024-01-02,Active,26965
EMP04048,Swetha Iyer,BR0421,Delivery Agent,2024-12-21,Active,25296
EMP04049,Harini Mehta,BR0126,Delivery Agent,2024-01-19,Active,64411
EMP04050,Sneha Iyer,BR2777,Hub Operator,2026-07-30,Active,35409
EMP04051,Meena Mehta,BR4878,Hub Operator,2022-03-23,Active,43935
EMP04052,Dinesh Singh,BR4571,Delivery Agent,2025-03-01,Active,28089
EMP04053,Nithya Kapoor,BR3263,Delivery Agent,2022-07-31,Active,38160
EMP04054,Nithya Singh,BR2504,Delivery Agent,2025-06-17,Active,27852
EMP04055,Rahul Sharma,BR2334,Customer Support,2023-09-02,Active,32401
EMP04056,Swetha Mehta,BR0480,Delivery Agent,2024-06-17,Active,57550
EMP04057,Pooja Mishra,BR0245,Hub Operator,2022-09-14,Active,25496
EMP04058,Pooja Bose,BR4779,Manager,2023-04-29,Active,43351
EMP04059,Sneha Reddy,BR2229,Supervisor,2025-02-07,Active,27435
EMP04060,Sneha Mishra,BR1226,Customer Support,2022-08-30,Active,24018
EMP04061,Arun Kapoor,BR4039,Hub Operator,2022-09-05,Active,34553
EMP04062,Arun Sinha,BR3059,Delivery Agent,2023-06-30,Inactive,49180
EMP04063,Divya Das,BR0504,Manager,2022-03-30,Active,20476
EMP04064,Manoj Kumar,BR1114,Manager,2022-02-20,Active,25514
EMP04065,Nithya Gupta,BR2468,Delivery Agent,2021-03-21,Active,29222
EMP04066,Kavya Joshi,BR1780,Delivery Agent,2023-06-21,Active,50874
EMP04067,Ajay Patel,BR0639,Delivery Agent,2023-02-07,Active,20364
EMP04068,Rahul Mishra,BR2331,Hub Operator,2024-02-06,Active,55084
EMP04069,Divya Joshi,BR0441,Hub Operator,2023-11-01,Active,29111
EMP04070,Arun Verma,BR1692,Delivery Agent,2025-10-05,Active,20144
EMP04071,Vijay Rao,BR4206,Delivery Agent,2024-08-03,Active,43325
EMP04072,Priya Mishra,BR4599,Hub Operator,2026-08-01,Active,26151
EMP04073,Ananya Rao,BR1836,Manager,2026-08-26,Active,27149
EMP04074,Manoj Verma,BR2475,Customer Support,2021-04-12,Active,64858
EMP04075,Karthik Das,BR4663,Hub Operator,2023-11-01,Active,18909
EMP04076,Arun Bose,BR1019,Delivery Agent,2023-10-26,Active,43452
EMP04077,Divya Joshi,BR1112,Delivery Agent,2021-07-25,Active,49276
EMP04078,Dinesh Joshi,BR4201,Customer Support,2022-01-29,Active,45161
EMP04079,Meena Verma,BR3713,Delivery Agent,2021-01-03,Active,38207
EMP04080,Karthik Joshi,BR4618,Hub Operator,2021-12-06,Active,44585
EMP04081,Divya Reddy,BR4990,Hub Operator,2021-05-22,Active,57207
EMP04082,Rohit Kapoor,BR3627,Delivery Agent,2026-02-25,Active,18590
EMP04083,Ajay Naidu,BR0514,Hub Operator,2023-02-05,Active,59563
EMP04084,Rohit Kapoor,BR3127,Supervisor,2021-10-02,Active,47278
EMP04085,Swetha Sinha,BR4637,Delivery Agent,2024-09-21,Active,39569
EMP04086,Harini Gupta,BR2309,Manager,2025-09-20,Active,29413
EMP04087,Divya Sharma,BR1400,Delivery Agent,2024-12-31,Active,21496
EMP04088,Manoj Menon,BR1986,Hub Operator,2025-09-14,Active,24370
EMP04089,Vivek Kumar,BR0551,Customer Support,2025-05-25,Active,63803
EMP04090,Priya Nair,BR1175,Supervisor,2022-08-05,Active,38127
EMP04091,Vijay Joshi,BR0735,Delivery Agent,2025-11-17,Active,37234
EMP04092,Vijay Gupta,BR2300,Delivery Agent,2021-07-21,Active,30910
EMP04093,Meena Verma,BR0925,Customer Support,2024-03-14,Active,27285
EMP04094,Priya Verma,BR3013,Delivery Agent,2025-02-09,Active,58323
EMP04095,Karthik Naidu,BR2804,Hub Operator,2024-03-21,Active,20801
EMP04096,Dinesh Sharma,BR1164,Delivery Agent,2021-10-17,Active,29211
EMP04097,Ajay Iyer,BR0634,Delivery Agent,2024-01-13,Active,62900
EMP04098,Pooja Naidu,BR5000,Customer Support,2021-12-11,Active,31831
EMP04099,Priya Verma,BR4248,Delivery Agent,2024-01-19,Active,47492
EMP04100,Harini Kumar,BR1829,Hub Operator,2026-07-18,Active,58276
EMP04101,Rohit Sharma,BR0676,Hub Operator,2026-01-27,Active,22117
EMP04102,Priya Naidu,BR1339,Delivery Agent,2023-06-22,Active,36061
EMP04103,Nithya Mehta,BR1774,Manager,2022-11-19,Active,40216
EMP04104,Vijay Das,BR1797,Manager,2023-01-28,Active,55775
EMP04105,Harini Joshi,BR1500,Hub Operator,2022-05-25,Active,43629
EMP04106,Dinesh Kumar,BR2450,Delivery Agent,2026-08-06,Active,21691
EMP04107,Swetha Patel,BR1750,Hub Operator,2024-06-23,Active,61915
EMP04108,Nithya Iyer,BR2693,Supervisor,2026-01-19,Active,42589
EMP04109,Meena Singh,BR0085,Delivery Agent,2025-10-06,Active,51892
EMP04110,Kavya Naidu,BR3694,Delivery Agent,2023-09-16,Active,59181
EMP04111,Ananya Gupta,BR2263,Supervisor,2024-05-22,Active,57124
EMP04112,Karthik Iyer,BR1216,Customer Support,2024-03-06,Inactive,34638
EMP04113,Ananya Pillai,BR1692,Hub Operator,2024-06-09,Active,41173
EMP04114,Manoj Kapoor,BR3665,Hub Operator,2023-04-13,Active,53340
EMP04115,Pooja Bose,BR4435,Hub Operator,2022-04-21,Active,32003
EMP04116,Meena Bose,BR2061,Delivery Agent,2026-03-28,Active,55363
EMP04117,Nithya Pillai,BR4589,Hub Operator,2024-09-25,Active,34877
EMP04118,Meena Sharma,BR4653,Hub Operator,2025-05-01,Inactive,60364
EMP04119,Arun Rao,BR2850,Manager,2022-08-14,Active,45867
EMP04120,Priya Nair,BR3766,Delivery Agent,2024-11-10,Inactive,34464
EMP04121,Harini Rao,BR3115,Delivery Agent,2022-11-25,Active,26137
EMP04122,Ajay Verma,BR3517,Supervisor,2023-12-05,Active,51996
EMP04123,Sneha Nair,BR2947,Delivery Agent,2026-07-25,Active,54330
EMP04124,Dinesh Pillai,BR2395,Delivery Agent,2026-09-20,Active,26416
EMP04125,Sneha Mehta,BR3476,Manager,2023-10-23,Active,30102
EMP04126,Vijay Menon,BR4214,Delivery Agent,2023-06-21,Active,42164
EMP04127,Vivek Iyer,BR2303,Manager,2025-11-03,Active,18836
EMP04128,Swetha Reddy,BR0405,Supervisor,2025-02-26,Active,57392
EMP04129,Suresh Patel,BR4142,Customer Support,2021-07-29,Active,49629
EMP04130,Ananya Patel,BR2549,Supervisor,2023-03-07,Active,52546
EMP04131,Arun Mehta,BR4593,Delivery Agent,2021-08-02,Active,33486
EMP04132,Nithya Iyer,BR1912,Delivery Agent,2025-03-02,Active,37668
EMP04133,Nithya Singh,BR4218,Hub Operator,2024-05-16,Active,39709
EMP04134,Sneha Rao,BR0898,Manager,2023-03-19,Active,41130
EMP04135,Harini Mishra,BR4807,Delivery Agent,2023-02-16,Active,22837
EMP04136,Meena Joshi,BR3274,Delivery Agent,2026-01-13,Active,49479
EMP04137,Nithya Kapoor,BR4072,Customer Support,2022-11-09,Active,26987
EMP04138,Ananya Naidu,BR1025,Delivery Agent,2021-10-29,Active,44231
EMP04139,Karthik Kapoor,BR0592,Hub Operator,2022-06-11,Active,61349
EMP04140,Meena Kapoor,BR3952,Customer Support,2022-07-01,Active,39506
EMP04141,Suresh Nair,BR4797,Supervisor,2021-12-12,Active,35134
EMP04142,Kavya Sinha,BR3412,Hub Operator,2021-02-24,Active,50049
EMP04143,Divya Bose,BR2025,Delivery Agent,2023-11-30,Active,46500
EMP04144,Vivek Kumar,BR3199,Customer Support,2024-09-10,Active,62386
EMP04145,Vivek Menon,BR2175,Hub Operator,2023-06-20,Active,38531
EMP04146,Rohit Pillai,BR3202,Customer Support,2022-06-15,Active,20569
EMP04147,Manoj Bose,BR2762,Delivery Agent,2021-04-26,Active,28174
EMP04148,Meena Bose,BR3163,Delivery Agent,2025-06-23,Active,62270
EMP04149,Vijay Kumar,BR1400,Manager,2022-01-31,Active,55127
EMP04150,Ananya Das,BR0021,Hub Operator,2026-08-02,Active,43264
EMP04151,Priya Sharma,BR3127,Delivery Agent,2023-11-24,Active,46035
EMP04152,Divya Verma,BR0912,Customer Support,2024-08-10,Active,20337
EMP04153,Ajay Naidu,BR1061,Customer Support,2023-09-19,Active,64872
EMP04154,Vijay Sinha,BR4013,Manager,2023-12-14,Active,21316
EMP04155,Swetha Patel,BR1319,Supervisor,2021-05-13,Active,26094
EMP04156,Karthik Iyer,BR0681,Supervisor,2022-06-30,Inactive,41269
EMP04157,Arun Sinha,BR4657,Supervisor,2025-07-23,Active,31705
EMP04158,Karthik Patel,BR4049,Delivery Agent,2024-10-17,Active,27122
EMP04159,Dinesh Rao,BR0657,Hub Operator,2023-07-27,Active,61943
EMP04160,Rahul Patel,BR4506,Delivery Agent,2022-03-16,Active,18460
EMP04161,Ajay Joshi,BR3173,Delivery Agent,2026-07-16,Active,47627
EMP04162,Dinesh Nair,BR2854,Supervisor,2024-05-12,Active,46365
EMP04163,Rahul Gupta,BR1446,Delivery Agent,2022-10-09,Active,60947
EMP04164,Arun Sharma,BR3881,Hub Operator,2026-05-15,Active,64455
EMP04165,Rohit Patel,BR4733,Manager,2025-06-25,Active,44979
EMP04166,Vijay Singh,BR1130,Delivery Agent,2022-04-26,Active,29138
EMP04167,Divya Mehta,BR0753,Hub Operator,2025-10-25,Active,56002
EMP04168,Sneha Mehta,BR1859,Customer Support,2025-06-23,Active,23757
EMP04169,Harini Mehta,BR1609,Hub Operator,2024-03-27,Active,49226
EMP04170,Nithya Reddy,BR3393,Delivery Agent,2021-07-16,Active,41234
EMP04171,Manoj Singh,BR3000,Supervisor,2025-08-15,Active,53586
EMP04172,Harini Mishra,BR1427,Hub Operator,2023-07-10,Inactive,31631
EMP04173,Manoj Mishra,BR0014,Delivery Agent,2023-07-16,Active,62207
EMP04174,Rahul Das,BR4584,Delivery Agent,2026-06-17,Active,30666
EMP04175,Ajay Mishra,BR4210,Supervisor,2025-12-31,Active,64845
EMP04176,Kavya Das,BR1788,Manager,2021-08-08,Active,29444
EMP04177,Suresh Kapoor,BR3302,Customer Support,2025-11-02,Active,46039
EMP04178,Kavya Kumar,BR3750,Manager,2023-07-30,Active,20222
EMP04179,Harini Sharma,BR2603,Hub Operator,2024-04-24,Active,62604
EMP04180,Dinesh Singh,BR4985,Hub Operator,2026-08-08,Inactive,19651
EMP04181,Kavya Kumar,BR0766,Supervisor,2023-08-22,Active,49048
EMP04182,Meena Kumar,BR0394,Hub Operator,2024-10-03,Active,60949
EMP04183,Vijay Gupta,BR3417,Delivery Agent,2025-09-17,Active,35801
EMP04184,Priya Rao,BR4733,Customer Support,2025-03-22,Active,60523
EMP04185,Kavya Nair,BR3606,Delivery Agent,2022-11-25,Inactive,59089
EMP04186,Pooja Nair,BR4200,Delivery Agent,2025-07-25,Active,47610
EMP04187,Rohit Das,BR2554,Supervisor,2021-06-25,Active,58121
EMP04188,Rohit Naidu,BR1581,Delivery Agent,2026-03-16,Active,33746
EMP04189,Manoj Verma,BR4582,Manager,2022-07-07,Active,18068
EMP04190,Kavya Singh,BR1738,Supervisor,2024-12-01,Active,57029
EMP04191,Rohit Menon,BR4370,Manager,2025-08-28,Active,27203
EMP04192,Manoj Menon,BR2559,Delivery Agent,2022-03-03,Active,43487
EMP04193,Kavya Mehta,BR1007,Delivery Agent,2024-10-12,Active,63643
EMP04194,Sneha Singh,BR0011,Supervisor,2021-05-05,Active,18467
EMP04195,Pooja Mehta,BR4891,Customer Support,2024-01-23,Active,36813
EMP04196,Pooja Singh,BR4540,Supervisor,2023-02-06,Active,27258
EMP04197,Sneha Das,BR2468,Supervisor,2022-08-21,Active,57725
EMP04198,Rohit Reddy,BR4025,Delivery Agent,2025-07-21,Active,39678
EMP04199,Nithya Joshi,BR1543,Manager,2026-09-26,Active,23742
EMP04200,Swetha Mehta,BR4192,Supervisor,2023-05-02,Active,58279
EMP04201,Manoj Mehta,BR1624,Manager,2025-04-13,Active,40760
EMP04202,Vivek Pillai,BR3374,Delivery Agent,2021-12-04,Active,44052
EMP04203,Suresh Nair,BR3184,Hub Operator,2023-04-19,Active,40330
EMP04204,Manoj Verma,BR4632,Supervisor,2021-08-01,Active,64167
EMP04205,Dinesh Naidu,BR0054,Delivery Agent,2025-10-09,Active,31723
EMP04206,Karthik Kapoor,BR2741,Hub Operator,2023-03-09,Active,50175
EMP04207,Rohit Singh,BR1592,Supervisor,2021-10-01,Active,58895
EMP04208,Dinesh Joshi,BR1258,Delivery Agent,2022-04-13,Active,33584
EMP04209,Vivek Rao,BR3832,Customer Support,2021-01-02,Active,50368
EMP04210,Meena Das,BR0198,Manager,2022-01-03,Active,59244
EMP04211,Karthik Nair,BR4356,Delivery Agent,2026-05-19,Inactive,63235
EMP04212,Rohit Sinha,BR4275,Manager,2026-09-04,Active,21388
EMP04213,Ajay Bose,BR2279,Hub Operator,2024-08-18,Active,63748
EMP04214,Vijay Iyer,BR1819,Delivery Agent,2021-12-06,Active,39104
EMP04215,Divya Pillai,BR2799,Delivery Agent,2023-09-11,Active,26143
EMP04216,Ajay Kumar,BR4665,Delivery Agent,2024-01-17,Active,36508
EMP04217,Kavya Pillai,BR4549,Delivery Agent,2025-06-02,Active,55698
EMP04218,Ananya Mehta,BR4155,Supervisor,2026-08-20,Active,49658
EMP04219,Priya Sinha,BR3369,Hub Operator,2022-11-24,Active,44553
EMP04220,Kavya Sharma,BR1185,Delivery Agent,2025-10-24,Active,55990
EMP04221,Kavya Sinha,BR0685,Delivery Agent,2024-07-11,Active,62811
EMP04222,Pooja Iyer,BR0867,Manager,2025-05-19,Active,18336
EMP04223,Manoj Gupta,BR4165,Customer Support,2025-03-14,Active,18465
EMP04224,Karthik Sinha,BR3479,Delivery Agent,2024-03-30,Active,62394
EMP04225,Priya Patel,BR1198,Supervisor,2025-10-12,Active,51803
EMP04226,Rohit Kumar,BR3967,Customer Support,2024-10-05,Active,35100
EMP04227,Swetha Pillai,BR1312,Delivery Agent,2022-12-25,Active,64692
EMP04228,Suresh Iyer,BR1588,Delivery Agent,2026-03-06,Active,21979
EMP04229,Rohit Mishra,BR0885,Delivery Agent,2023-10-03,Active,43400
EMP04230,Kavya Menon,BR3105,Delivery Agent,2021-06-12,Active,35027
EMP04231,Rohit Sharma,BR4549,Customer Support,2023-02-03,Active,22051
EMP04232,Rohit Pillai,BR3001,Delivery Agent,2022-08-08,Active,55048
EMP04233,Dinesh Bose,BR3235,Hub Operator,2022-10-11,Active,46425
EMP04234,Arun Sinha,BR1770,Customer Support,2023-09-18,Active,60288
EMP04235,Vijay Nair,BR4329,Customer Support,2022-01-11,Active,42108
EMP04236,Arun Mehta,BR0111,Supervisor,2026-05-17,Active,33090
EMP04237,Vivek Das,BR2534,Hub Operator,2021-06-13,Active,53686
EMP04238,Nithya Das,BR0726,Delivery Agent,2025-06-20,Active,21483
EMP04239,Pooja Verma,BR0503,Delivery Agent,2022-10-29,Active,26203
EMP04240,Karthik Iyer,BR3048,Delivery Agent,2021-01-21,Inactive,31717
EMP04241,Arun Gupta,BR3844,Customer Support,2025-05-27,Active,61711
EMP04242,Kavya Mishra,BR2370,Customer Support,2026-07-23,Active,24670
EMP04243,Kavya Verma,BR1374,Hub Operator,2026-04-08,Active,46607
EMP04244,Rahul Nair,BR2021,Hub Operator,2021-03-09,Active,24502
EMP04245,Meena Menon,BR0659,Delivery Agent,2025-10-25,Active,18065
EMP04246,Ananya Mehta,BR3205,Customer Support,2021-11-13,Active,64257
EMP04247,Meena Sharma,BR1498,Supervisor,2026-03-07,Active,60958
EMP04248,Swetha Sharma,BR1927,Supervisor,2022-10-19,Inactive,32038
EMP04249,Rohit Joshi,BR2894,Delivery Agent,2026-04-10,Active,41159
EMP04250,Vijay Kapoor,BR3231,Supervisor,2025-06-01,Active,24481
EMP04251,Rohit Pillai,BR0417,Supervisor,2022-08-22,Active,46970
EMP04252,Dinesh Sinha,BR3624,Customer Support,2021-02-08,Active,59888
EMP04253,Meena Menon,BR3057,Delivery Agent,2026-07-30,Active,19884
EMP04254,Ananya Patel,BR3199,Supervisor,2021-06-10,Active,44106
EMP04255,Harini Gupta,BR0390,Delivery Agent,2022-07-16,Active,27124
EMP04256,Manoj Kumar,BR2856,Hub Operator,2026-02-25,Active,62432
EMP04257,Suresh Singh,BR3243,Hub Operator,2021-05-25,Active,45818
EMP04258,Pooja Sharma,BR0878,Supervisor,2025-11-24,Active,35672
EMP04259,Rahul Reddy,BR3018,Delivery Agent,2022-04-17,Active,44900
EMP04260,Swetha Sinha,BR3569,Delivery Agent,2023-10-27,Active,34231
EMP04261,Arun Iyer,BR0524,Hub Operator,2024-01-03,Active,33603
EMP04262,Kavya Iyer,BR2820,Supervisor,2023-07-22,Active,53136
EMP04263,Arun Sinha,BR1139,Delivery Agent,2022-02-11,Active,42648
EMP04264,Harini Iyer,BR2875,Delivery Agent,2025-03-20,Active,59165
EMP04265,Swetha Patel,BR0049,Supervisor,2021-12-22,Active,29706
EMP04266,Arun Menon,BR1797,Delivery Agent,2022-11-08,Active,30717
EMP04267,Dinesh Sinha,BR0381,Customer Support,2022-02-03,Active,36205
EMP04268,Vivek Gupta,BR4504,Supervisor,2024-09-26,Active,39713
EMP04269,Rahul Nair,BR1902,Delivery Agent,2021-10-27,Active,59232
EMP04270,Karthik Verma,BR3943,Hub Operator,2023-10-27,Active,34744
EMP04271,Arun Patel,BR1955,Hub Operator,2025-02-14,Inactive,42016
EMP04272,Nithya Naidu,BR1224,Hub Operator,2021-06-22,Active,62462
EMP04273,Rohit Joshi,BR3639,Manager,2023-11-09,Active,61355
EMP04274,Vijay Patel,BR2241,Manager,2025-12-28,Active,53415
EMP04275,Manoj Naidu,BR4615,Supervisor,2021-01-19,Active,50250
EMP04276,Ananya Menon,BR0015,Delivery Agent,2024-05-15,Active,54194
EMP04277,Vijay Naidu,BR0590,Delivery Agent,2023-10-16,Active,34987
EMP04278,Rohit Bose,BR4253,Delivery Agent,2022-08-21,Inactive,22643
EMP04279,Kavya Mehta,BR1650,Hub Operator,2025-03-01,Active,59122
EMP04280,Divya Joshi,BR2746,Delivery Agent,2024-04-12,Active,48265
EMP04281,Vivek Rao,BR1351,Hub Operator,2023-10-26,Active,25089
EMP04282,Arun Pillai,BR3028,Supervisor,2025-04-18,Active,36053
EMP04283,Rahul Pillai,BR0311,Delivery Agent,2025-12-11,Active,44557
EMP04284,Suresh Rao,BR3498,Hub Operator,2022-01-08,Active,61557
EMP04285,Dinesh Sinha,BR2500,Delivery Agent,2024-09-01,Active,22820
EMP04286,Swetha Patel,BR1549,Delivery Agent,2025-04-17,Active,21803
EMP04287,Ajay Reddy,BR4261,Hub Operator,2023-10-02,Active,54876
EMP04288,Sneha Gupta,BR1160,Delivery Agent,2024-10-02,Active,21310
EMP04289,Rohit Mehta,BR1627,Customer Support,2024-07-08,Active,22974
EMP04290,Manoj Rao,BR2185,Delivery Agent,2024-07-13,Active,40505
EMP04291,Dinesh Patel,BR3022,Supervisor,2023-06-22,Active,21606
EMP04292,Nithya Pillai,BR2685,Supervisor,2025-01-06,Active,56637
EMP04293,Dinesh Kumar,BR3516,Delivery Agent,2024-11-19,Active,57456
EMP04294,Ananya Pillai,BR1739,Delivery Agent,2024-05-16,Active,23941
EMP04295,Vivek Patel,BR0217,Delivery Agent,2025-03-05,Active,63612
EMP04296,Vijay Kumar,BR3159,Manager,2024-06-18,Active,51364
EMP04297,Pooja Bose,BR0906,Delivery Agent,2023-01-24,Active,58259
EMP04298,Pooja Pillai,BR4039,Hub Operator,2021-01-27,Active,60044
EMP04299,Vijay Sharma,BR0845,Supervisor,2024-11-12,Active,36914
EMP04300,Divya Pillai,BR2966,Delivery Agent,2021-04-26,Active,48825
EMP04301,Rohit Rao,BR1000,Supervisor,2022-03-26,Active,25987
EMP04302,Rahul Pillai,BR2545,Delivery Agent,2024-03-30,Active,46331
EMP04303,Swetha Mehta,BR0696,Delivery Agent,2022-07-19,Active,26650
EMP04304,Arun Gupta,BR1198,Delivery Agent,2023-03-27,Active,48640
EMP04305,Arun Reddy,BR1426,Delivery Agent,2023-03-16,Active,49908
EMP04306,Kavya Kapoor,BR4681,Delivery Agent,2026-02-05,Active,26232
EMP04307,Swetha Mishra,BR1878,Customer Support,2025-04-30,Active,25317
EMP04308,Ajay Gupta,BR0317,Delivery Agent,2025-04-28,Active,53369
EMP04309,Harini Sinha,BR2544,Manager,2026-06-28,Active,39561
EMP04310,Swetha Mehta,BR1460,Delivery Agent,2025-02-26,Active,53892
EMP04311,Vijay Reddy,BR2380,Delivery Agent,2024-07-10,Active,29312
EMP04312,Divya Singh,BR2280,Delivery Agent,2024-04-07,Active,34268
EMP04313,Arun Pillai,BR3601,Delivery Agent,2021-12-12,Active,42765
EMP04314,Karthik Bose,BR1331,Delivery Agent,2021-08-29,Active,23667
EMP04315,Sneha Nair,BR0440,Customer Support,2026-03-13,Active,20995
EMP04316,Sneha Joshi,BR3917,Supervisor,2024-11-03,Active,53624
EMP04317,Priya Iyer,BR2673,Delivery Agent,2022-03-18,Active,23284
EMP04318,Rahul Rao,BR2084,Hub Operator,2026-04-05,Active,53730
EMP04319,Rahul Verma,BR1342,Customer Support,2024-04-10,Active,44489
EMP04320,Rahul Mehta,BR3090,Manager,2022-02-24,Active,64823
EMP04321,Vivek Mehta,BR1758,Customer Support,2022-03-23,Active,23609
EMP04322,Karthik Rao,BR1916,Delivery Agent,2023-06-07,Inactive,47625
EMP04323,Swetha Sharma,BR2615,Customer Support,2024-07-05,Active,64845
EMP04324,Manoj Mishra,BR3434,Delivery Agent,2024-03-05,Active,36294
EMP04325,Manoj Gupta,BR4475,Delivery Agent,2022-02-26,Active,39527
EMP04326,Arun Kumar,BR3498,Customer Support,2026-09-19,Active,26510
EMP04327,Harini Pillai,BR1509,Hub Operator,2022-09-07,Inactive,22579
EMP04328,Priya Verma,BR4929,Manager,2025-03-06,Active,22662
EMP04329,Ajay Menon,BR3854,Delivery Agent,2023-10-07,Active,62056
EMP04330,Priya Sharma,BR4362,Hub Operator,2024-11-16,Inactive,37260
EMP04331,Manoj Rao,BR2940,Delivery Agent,2021-02-15,Active,57316
EMP04332,Nithya Gupta,BR3845,Hub Operator,2022-11-03,Active,32941
EMP04333,Harini Verma,BR0918,Delivery Agent,2026-02-22,Active,18004
EMP04334,Karthik Kumar,BR3552,Delivery Agent,2026-02-04,Active,45971
EMP04335,Pooja Pillai,BR0165,Hub Operator,2022-02-27,Active,57391
EMP04336,Ajay Reddy,BR2209,Delivery Agent,2026-01-18,Active,45268
EMP04337,Priya Rao,BR3681,Delivery Agent,2024-11-07,Active,30016
EMP04338,Arun Rao,BR4282,Customer Support,2021-03-09,Active,26591
EMP04339,Meena Sharma,BR1187,Hub Operator,2026-01-27,Active,51626
EMP04340,Dinesh Mishra,BR1529,Manager,2022-04-04,Active,20699
EMP04341,Rahul Bose,BR3127,Supervisor,2026-06-15,Active,23312
EMP04342,Dinesh Rao,BR2538,Customer Support,2023-06-22,Active,61457
EMP04343,Priya Singh,BR0137,Hub Operator,2025-05-07,Active,45562
EMP04344,Suresh Das,BR3019,Hub Operator,2022-07-17,Active,56241
EMP04345,Pooja Iyer,BR0685,Manager,2025-01-28,Active,55037
EMP04346,Priya Pillai,BR2459,Customer Support,2021-01-22,Active,19775
EMP04347,Sneha Das,BR2976,Delivery Agent,2023-01-09,Active,33232
EMP04348,Priya Singh,BR1449,Hub Operator,2025-01-22,Active,31133
EMP04349,Ananya Verma,BR3733,Hub Operator,2021-05-08,Active,18927
EMP04350,Arun Rao,BR3404,Delivery Agent,2023-01-20,Active,23564
EMP04351,Vivek Das,BR1031,Supervisor,2024-08-13,Active,34796
EMP04352,Manoj Pillai,BR4886,Delivery Agent,2024-11-22,Active,38015
EMP04353,Meena Joshi,BR3680,Delivery Agent,2024-02-12,Active,32711
EMP04354,Suresh Bose,BR2627,Manager,2021-10-31,Active,64870
EMP04355,Vivek Sinha,BR3258,Customer Support,2025-07-18,Active,21396
EMP04356,Kavya Patel,BR4557,Supervisor,2024-10-02,Active,48166
EMP04357,Kavya Kumar,BR1366,Delivery Agent,2023-08-02,Active,50255
EMP04358,Vijay Kapoor,BR3008,Hub Operator,2022-04-10,Active,32455
EMP04359,Divya Iyer,BR2218,Customer Support,2024-12-03,Active,32260
EMP04360,Swetha Das,BR1052,Supervisor,2021-09-17,Active,37444
EMP04361,Ajay Mehta,BR4084,Supervisor,2024-03-06,Active,41622
EMP04362,Divya Patel,BR0570,Delivery Agent,2025-04-21,Active,29742
EMP04363,Swetha Verma,BR0773,Customer Support,2021-05-29,Active,38173
EMP04364,Ajay Rao,BR1207,Delivery Agent,2023-01-11,Active,28737
EMP04365,Pooja Kumar,BR0480,Hub Operator,2024-10-11,Active,45623
EMP04366,Arun Das,BR0828,Hub Operator,2021-11-20,Active,49830
EMP04367,Rahul Mishra,BR4141,Delivery Agent,2021-02-24,Active,42985
EMP04368,Nithya Mehta,BR0980,Supervisor,2023-08-16,Active,42390
EMP04369,Arun Singh,BR1897,Hub Operator,2022-09-06,Active,40804
EMP04370,Sneha Pillai,BR4602,Delivery Agent,2021-05-03,Active,34510
EMP04371,Ajay Rao,BR4745,Delivery Agent,2021-10-22,Active,42891
EMP04372,Karthik Reddy,BR2183,Delivery Agent,2021-02-27,Active,64390
EMP04373,Rohit Reddy,BR3802,Hub Operator,2021-05-31,Active,32698
EMP04374,Suresh Reddy,BR1644,Delivery Agent,2025-08-19,Inactive,53016
EMP04375,Rahul Sinha,BR3598,Delivery Agent,2021-01-27,Active,57415
EMP04376,Nithya Reddy,BR4451,Supervisor,2022-04-09,Active,23070
EMP04377,Priya Menon,BR2339,Supervisor,2025-09-11,Active,35239
EMP04378,Dinesh Nair,BR2239,Customer Support,2022-01-15,Active,64859
EMP04379,Vijay Pillai,BR2579,Manager,2021-07-07,Active,38587
EMP04380,Meena Sharma,BR2363,Customer Support,2022-11-09,Active,23767
EMP04381,Priya Naidu,BR3392,Customer Support,2021-08-14,Active,31328
EMP04382,Divya Reddy,BR2753,Delivery Agent,2022-05-27,Active,35662
EMP04383,Kavya Bose,BR2065,Delivery Agent,2021-10-03,Active,29248
EMP04384,Pooja Pillai,BR0914,Delivery Agent,2021-07-05,Active,32634
EMP04385,Meena Singh,BR4504,Supervisor,2024-12-17,Active,59992
EMP04386,Divya Rao,BR0231,Manager,2026-01-02,Active,44105
EMP04387,Manoj Reddy,BR3204,Delivery Agent,2022-10-06,Active,57567
EMP04388,Pooja Nair,BR0087,Delivery Agent,2022-12-20,Active,42626
EMP04389,Harini Singh,BR4605,Supervisor,2021-04-10,Active,51650
EMP04390,Ananya Rao,BR0789,Delivery Agent,2026-02-08,Active,23314
EMP04391,Nithya Menon,BR4095,Manager,2025-11-11,Active,29204
EMP04392,Dinesh Patel,BR0667,Manager,2025-05-19,Active,36148
EMP04393,Suresh Naidu,BR0123,Delivery Agent,2024-06-10,Active,24007
EMP04394,Rahul Joshi,BR4544,Hub Operator,2024-02-09,Active,53724
EMP04395,Kavya Joshi,BR3620,Customer Support,2022-05-08,Active,19014
EMP04396,Harini Menon,BR0062,Customer Support,2025-05-06,Active,59740
EMP04397,Harini Menon,BR2479,Manager,2021-06-27,Active,34539
EMP04398,Arun Patel,BR3394,Delivery Agent,2021-11-10,Active,46792
EMP04399,Nithya Bose,BR4393,Customer Support,2023-11-15,Active,23547
EMP04400,Dinesh Kumar,BR0218,Hub Operator,2025-06-06,Active,18446
EMP04401,Rohit Sharma,BR3501,Hub Operator,2021-10-13,Active,39956
EMP04402,Swetha Reddy,BR0079,Delivery Agent,2023-09-04,Active,58339
EMP04403,Manoj Das,BR2813,Supervisor,2023-04-21,Active,32627
EMP04404,Harini Patel,BR0536,Delivery Agent,2025-07-26,Active,23676
EMP04405,Arun Sinha,BR0403,Delivery Agent,2021-05-19,Active,60364
EMP04406,Divya Sharma,BR1735,Delivery Agent,2022-04-22,Active,32447
EMP04407,Rohit Gupta,BR1520,Delivery Agent,2025-02-11,Active,31436
EMP04408,Pooja Rao,BR0094,Customer Support,2022-01-14,Active,62113
EMP04409,Manoj Pillai,BR0192,Customer Support,2023-02-28,Active,61261
EMP04410,Karthik Singh,BR3755,Delivery Agent,2026-09-26,Active,26022
EMP04411,Vivek Mehta,BR3511,Delivery Agent,2024-11-12,Active,20689
EMP04412,Meena Verma,BR4046,Manager,2022-07-21,Active,32439
EMP04413,Pooja Nair,BR2491,Hub Operator,2025-05-02,Active,38510
EMP04414,Meena Sharma,BR3120,Supervisor,2024-10-03,Active,24993
EMP04415,Kavya Naidu,BR4398,Hub Operator,2025-11-10,Active,64835
EMP04416,Sneha Kapoor,BR3637,Hub Operator,2026-05-20,Active,24638
EMP04417,Priya Kapoor,BR4884,Supervisor,2026-08-31,Active,38182
EMP04418,Nithya Nair,BR1242,Manager,2022-06-17,Active,64159
EMP04419,Vijay Rao,BR0486,Delivery Agent,2022-06-08,Active,20072
EMP04420,Ajay Pillai,BR2000,Customer Support,2024-04-20,Active,37490
EMP04421,Vijay Das,BR1443,Hub Operator,2025-07-25,Active,40638
EMP04422,Karthik Verma,BR2696,Hub Operator,2026-04-02,Active,60709
EMP04423,Harini Verma,BR1986,Delivery Agent,2023-07-09,Active,30065
EMP04424,Harini Mishra,BR4636,Supervisor,2023-06-26,Active,34918
EMP04425,Pooja Joshi,BR4112,Delivery Agent,2021-04-29,Inactive,62905
EMP04426,Ajay Pillai,BR2507,Delivery Agent,2026-01-27,Active,38041
EMP04427,Suresh Das,BR2033,Customer Support,2022-07-17,Active,35167
EMP04428,Rohit Iyer,BR4416,Manager,2025-06-22,Active,56915
EMP04429,Priya Menon,BR2469,Delivery Agent,2023-09-17,Active,64773
EMP04430,Ajay Pillai,BR1148,Hub Operator,2022-05-31,Active,41902
EMP04431,Nithya Gupta,BR2593,Delivery Agent,2025-04-28,Active,38035
EMP04432,Nithya Nair,BR1826,Delivery Agent,2024-12-06,Active,32830
EMP04433,Nithya Patel,BR4749,Supervisor,2022-03-13,Active,57732
EMP04434,Meena Reddy,BR4075,Supervisor,2024-04-29,Active,18397
EMP04435,Sneha Kapoor,BR2832,Delivery Agent,2024-06-17,Active,62879
EMP04436,Rahul Bose,BR3876,Hub Operator,2021-11-23,Active,45758
EMP04437,Suresh Kapoor,BR1749,Supervisor,2025-05-04,Inactive,63433
EMP04438,Manoj Verma,BR4647,Delivery Agent,2025-07-01,Active,53458
EMP04439,Rahul Singh,BR3191,Delivery Agent,2023-07-25,Active,25149
EMP04440,Suresh Rao,BR0437,Delivery Agent,2026-03-05,Active,31506
EMP04441,Sneha Kapoor,BR4882,Delivery Agent,2022-04-30,Active,56577
EMP04442,Rohit Kapoor,BR1577,Delivery Agent,2021-09-21,Active,25955
EMP04443,Nithya Reddy,BR1513,Delivery Agent,2022-01-22,Active,43782
EMP04444,Pooja Sinha,BR4203,Hub Operator,2026-01-25,Active,19747
EMP04445,Rohit Nair,BR1764,Hub Operator,2023-12-26,Active,28804
EMP04446,Swetha Verma,BR3108,Delivery Agent,2023-08-21,Active,54882
EMP04447,Vijay Mishra,BR0503,Delivery Agent,2024-04-27,Inactive,38852
EMP04448,Nithya Patel,BR0945,Hub Operator,2022-06-26,Active,26126
EMP04449,Karthik Bose,BR2245,Supervisor,2025-08-02,Active,58820
EMP04450,Rohit Mehta,BR0324,Manager,2021-09-05,Active,59070
EMP04451,Rohit Sinha,BR1953,Supervisor,2023-08-28,Active,35249
EMP04452,Nithya Singh,BR4665,Delivery Agent,2026-05-13,Active,42347
EMP04453,Vivek Singh,BR2371,Supervisor,2026-03-19,Active,20351
EMP04454,Vijay Singh,BR2504,Supervisor,2023-11-06,Active,60679
EMP04455,Rohit Gupta,BR2583,Manager,2026-08-28,Active,56399
EMP04456,Nithya Verma,BR0283,Delivery Agent,2024-04-05,Active,57344
EMP04457,Swetha Verma,BR0418,Delivery Agent,2026-09-24,Active,50205
EMP04458,Rohit Sharma,BR4857,Delivery Agent,2026-05-09,Active,40517
EMP04459,Dinesh Reddy,BR4289,Delivery Agent,2023-05-26,Active,33501
EMP04460,Ajay Pillai,BR4617,Delivery Agent,2025-09-09,Active,58818
EMP04461,Priya Bose,BR2412,Manager,2021-05-27,Active,18156
EMP04462,Sneha Mishra,BR0537,Manager,2023-10-07,Active,31690
EMP04463,Dinesh Pillai,BR2126,Customer Support,2021-08-13,Active,29168
EMP04464,Swetha Verma,BR1015,Delivery Agent,2021-03-01,Active,29881
EMP04465,Priya Kapoor,BR4562,Delivery Agent,2026-08-16,Active,57873
EMP04466,Pooja Kapoor,BR4337,Customer Support,2025-12-22,Active,45208
EMP04467,Vivek Das,BR0283,Hub Operator,2023-07-15,Active,58466
EMP04468,Priya Mishra,BR4812,Delivery Agent,2024-04-26,Active,37577
EMP04469,Ananya Gupta,BR1720,Delivery Agent,2025-11-10,Active,61194
EMP04470,Manoj Nair,BR2095,Hub Operator,2024-07-14,Active,54313
EMP04471,Arun Rao,BR4785,Delivery Agent,2021-01-25,Active,25908
EMP04472,Manoj Kumar,BR1678,Hub Operator,2023-03-01,Active,62260
EMP04473,Priya Naidu,BR1620,Manager,2025-06-11,Active,31901
EMP04474,Suresh Menon,BR4886,Supervisor,2023-09-26,Active,62162
EMP04475,Meena Kumar,BR0699,Manager,2025-10-18,Active,38153
EMP04476,Rahul Bose,BR1840,Delivery Agent,2025-02-28,Active,43492
EMP04477,Ajay Rao,BR2406,Manager,2025-03-22,Active,19636
EMP04478,Divya Gupta,BR1477,Hub Operator,2021-12-04,Active,47383
EMP04479,Rohit Gupta,BR3073,Customer Support,2024-04-24,Active,37013
EMP04480,Ajay Mishra,BR4295,Delivery Agent,2025-12-01,Active,25617
EMP04481,Rohit Patel,BR2053,Manager,2021-04-16,Active,27914
EMP04482,Sneha Mishra,BR0596,Hub Operator,2025-12-27,Active,38262
EMP04483,Ajay Kumar,BR1906,Delivery Agent,2025-04-13,Active,39962
EMP04484,Nithya Verma,BR0169,Hub Operator,2025-03-13,Active,54169
EMP04485,Rahul Mishra,BR0944,Delivery Agent,2026-08-08,Active,18563
EMP04486,Priya Menon,BR2507,Hub Operator,2024-07-23,Active,29301
EMP04487,Ananya Nair,BR3405,Delivery Agent,2024-01-21,Active,38038
EMP04488,Manoj Menon,BR4017,Delivery Agent,2024-12-26,Active,53182
EMP04489,Priya Kapoor,BR1410,Delivery Agent,2022-08-09,Inactive,44185
EMP04490,Vivek Verma,BR1343,Delivery Agent,2023-05-30,Active,34568
EMP04491,Arun Menon,BR0723,Delivery Agent,2022-11-18,Active,25971
EMP04492,Rohit Mishra,BR1953,Manager,2023-02-20,Active,25134
EMP04493,Rohit Kapoor,BR3813,Hub Operator,2022-05-12,Active,21377
EMP04494,Meena Menon,BR4471,Delivery Agent,2024-09-29,Active,44439
EMP04495,Suresh Sinha,BR1305,Manager,2025-08-07,Active,26487
EMP04496,Rahul Verma,BR2928,Customer Support,2023-07-07,Active,57881
EMP04497,Rahul Verma,BR4712,Delivery Agent,2023-11-20,Active,38519
EMP04498,Suresh Mishra,BR4605,Delivery Agent,2021-03-25,Inactive,55465
EMP04499,Manoj Verma,BR2597,Delivery Agent,2023-05-06,Active,33379
EMP04500,Ananya Iyer,BR0237,Manager,2021-09-07,Active,64081
EMP04501,Rahul Pillai,BR0681,Supervisor,2022-07-04,Active,62909
EMP04502,Vijay Mehta,BR0367,Delivery Agent,2022-09-07,Active,57894
EMP04503,Ananya Naidu,BR2797,Customer Support,2023-07-31,Active,38731
EMP04504,Ajay Patel,BR2647,Hub Operator,2024-09-29,Active,39910
EMP04505,Nithya Mehta,BR1027,Supervisor,2023-04-12,Active,21664
EMP04506,Ananya Menon,BR2834,Customer Support,2025-01-26,Active,50952
EMP04507,Rohit Naidu,BR2361,Hub Operator,2024-11-24,Active,49124
EMP04508,Divya Kumar,BR2996,Hub Operator,2023-04-27,Active,28278
EMP04509,Harini Patel,BR3632,Customer Support,2022-07-29,Active,47337
EMP04510,Dinesh Sinha,BR2068,Customer Support,2024-04-13,Inactive,20142
EMP04511,Nithya Mishra,BR0984,Hub Operator,2021-08-07,Active,50583
EMP04512,Meena Patel,BR2257,Supervisor,2022-01-10,Active,55170
EMP04513,Priya Naidu,BR4205,Supervisor,2021-02-10,Active,55446
EMP04514,Dinesh Nair,BR2956,Delivery Agent,2025-02-07,Active,40036
EMP04515,Ananya Verma,BR4223,Supervisor,2023-05-09,Active,47683
EMP04516,Karthik Patel,BR1990,Delivery Agent,2021-12-31,Active,36489
EMP04517,Priya Verma,BR2118,Manager,2024-02-18,Active,34305
EMP04518,Dinesh Reddy,BR2094,Supervisor,2022-05-08,Active,30310
EMP04519,Suresh Joshi,BR4921,Manager,2021-09-09,Active,64924
EMP04520,Vivek Reddy,BR2243,Customer Support,2022-05-11,Active,23750
EMP04521,Divya Das,BR4220,Customer Support,2026-07-13,Active,41849
EMP04522,Sneha Das,BR3751,Delivery Agent,2023-04-19,Active,59257
EMP04523,Manoj Nair,BR0580,Customer Support,2022-07-08,Active,27051
EMP04524,Dinesh Patel,BR1965,Hub Operator,2021-09-10,Active,51703
EMP04525,Rohit Mehta,BR2166,Delivery Agent,2025-12-04,Active,25578
EMP04526,Rohit Mishra,BR0320,Delivery Agent,2021-06-16,Active,32431
EMP04527,Arun Reddy,BR1846,Customer Support,2025-10-13,Active,59661
EMP04528,Manoj Mehta,BR4830,Supervisor,2021-09-09,Active,49102
EMP04529,Vijay Mehta,BR1202,Hub Operator,2025-12-13,Active,38033
EMP04530,Swetha Naidu,BR2183,Delivery Agent,2025-09-17,Active,45178
EMP04531,Dinesh Sinha,BR3543,Delivery Agent,2021-09-13,Active,26752
EMP04532,Vivek Patel,BR1472,Hub Operator,2023-12-31,Active,26142
EMP04533,Nithya Kumar,BR2570,Delivery Agent,2021-07-05,Active,19269
EMP04534,Manoj Kumar,BR1102,Hub Operator,2023-07-10,Active,20087
EMP04535,Manoj Singh,BR2757,Delivery Agent,2023-05-05,Active,22987
EMP04536,Arun Kapoor,BR3262,Customer Support,2021-06-10,Active,34891
EMP04537,Rahul Patel,BR2963,Delivery Agent,2024-06-13,Inactive,45483
EMP04538,Kavya Gupta,BR0033,Customer Support,2023-06-24,Active,44231
EMP04539,Vijay Joshi,BR1141,Delivery Agent,2021-10-02,Active,33811
EMP04540,Kavya Sharma,BR3975,Delivery Agent,2025-03-08,Active,38479
EMP04541,Harini Kumar,BR1566,Delivery Agent,2025-10-27,Active,63147
EMP04542,Rohit Patel,BR4644,Manager,2024-03-29,Active,46201
EMP04543,Harini Reddy,BR2918,Delivery Agent,2023-10-14,Active,33083
EMP04544,Suresh Kapoor,BR4470,Delivery Agent,2021-11-29,Active,36652
EMP04545,Harini Gupta,BR4811,Delivery Agent,2026-03-25,Active,56283
EMP04546,Vivek Reddy,BR2667,Hub Operator,2024-06-02,Active,45504
EMP04547,Divya Rao,BR4708,Hub Operator,2022-02-16,Active,35685
EMP04548,Swetha Reddy,BR0593,Delivery Agent,2024-03-18,Active,63123
EMP04549,Manoj Bose,BR2211,Customer Support,2023-07-26,Active,48808
EMP04550,Dinesh Bose,BR2111,Hub Operator,2023-02-22,Active,56257
EMP04551,Ajay Verma,BR0176,Supervisor,2022-01-03,Active,52375
EMP04552,Rohit Reddy,BR3821,Manager,2026-05-18,Active,61399
EMP04553,Ananya Reddy,BR4418,Customer Support,2024-09-20,Active,55393
EMP04554,Manoj Menon,BR3931,Customer Support,2026-04-20,Active,57513
EMP04555,Divya Patel,BR2747,Customer Support,2024-11-21,Active,36491
EMP04556,Vivek Naidu,BR1985,Delivery Agent,2024-10-26,Active,30744
EMP04557,Suresh Reddy,BR0834,Supervisor,2026-01-10,Active,35123
EMP04558,Rohit Gupta,BR1141,Delivery Agent,2025-09-05,Active,39616
EMP04559,Rahul Rao,BR1905,Customer Support,2024-06-13,Active,48865
EMP04560,Ajay Iyer,BR0335,Hub Operator,2025-07-27,Active,46400
EMP04561,Ajay Pillai,BR4470,Manager,2025-05-09,Active,56197
EMP04562,Rohit Nair,BR4524,Hub Operator,2022-09-13,Active,39426
EMP04563,Rahul Joshi,BR4216,Hub Operator,2021-03-21,Active,58683
EMP04564,Swetha Gupta,BR3648,Delivery Agent,2023-12-17,Active,34585
EMP04565,Rahul Bose,BR0987,Hub Operator,2021-11-23,Active,44055
EMP04566,Meena Rao,BR2344,Delivery Agent,2022-02-25,Active,54440
EMP04567,Vivek Gupta,BR4667,Supervisor,2024-07-14,Active,29939
EMP04568,Meena Reddy,BR3187,Delivery Agent,2021-05-30,Active,63061
EMP04569,Sneha Joshi,BR1366,Hub Operator,2026-02-11,Active,60518
EMP04570,Vivek Joshi,BR4344,Customer Support,2021-04-20,Active,57983
EMP04571,Rahul Sharma,BR3349,Delivery Agent,2024-01-12,Active,30899
EMP04572,Arun Rao,BR4187,Delivery Agent,2025-06-30,Active,56291
EMP04573,Ananya Mishra,BR0047,Manager,2021-07-27,Active,29196
EMP04574,Nithya Mehta,BR4420,Supervisor,2023-11-08,Active,39590
EMP04575,Nithya Das,BR0884,Delivery Agent,2022-07-06,Active,50182
EMP04576,Karthik Rao,BR0589,Hub Operator,2024-12-05,Active,59588
EMP04577,Harini Das,BR1128,Hub Operator,2022-10-08,Active,35699
EMP04578,Rahul Kumar,BR1658,Delivery Agent,2026-09-08,Active,56188
EMP04579,Manoj Gupta,BR0485,Delivery Agent,2024-05-28,Active,36774
EMP04580,Pooja Reddy,BR4296,Manager,2025-09-20,Active,18840
EMP04581,Priya Rao,BR1319,Delivery Agent,2025-05-15,Active,44908
EMP04582,Suresh Iyer,BR3411,Manager,2026-04-28,Active,47925
EMP04583,Swetha Gupta,BR2314,Delivery Agent,2022-08-07,Active,62477
EMP04584,Ajay Gupta,BR2515,Delivery Agent,2025-05-17,Active,55284
EMP04585,Sneha Bose,BR2806,Delivery Agent,2023-02-18,Active,51956
EMP04586,Dinesh Mishra,BR3150,Delivery Agent,2026-05-03,Active,40429
EMP04587,Rohit Joshi,BR0751,Delivery Agent,2024-03-31,Active,23314
EMP04588,Nithya Singh,BR2924,Delivery Agent,2026-04-23,Active,60737
EMP04589,Rahul Sharma,BR4924,Supervisor,2024-09-21,Active,32140
EMP04590,Manoj Reddy,BR0870,Delivery Agent,2025-04-16,Active,26495
EMP04591,Priya Verma,BR4197,Supervisor,2026-07-20,Active,59958
EMP04592,Kavya Sinha,BR3689,Manager,2025-08-18,Active,64506
EMP04593,Ananya Reddy,BR0951,Delivery Agent,2022-01-14,Active,35487
EMP04594,Harini Kapoor,BR0634,Hub Operator,2022-11-20,Active,25835
EMP04595,Harini Naidu,BR1514,Hub Operator,2026-04-18,Active,43619
EMP04596,Rahul Kapoor,BR4818,Supervisor,2021-03-28,Active,48250
EMP04597,Divya Bose,BR0255,Delivery Agent,2025-02-08,Active,42649
EMP04598,Arun Sharma,BR1381,Supervisor,2025-10-20,Active,33602
EMP04599,Meena Iyer,BR1212,Hub Operator,2025-01-10,Active,56252
EMP04600,Dinesh Verma,BR3371,Customer Support,2025-06-11,Active,18007
EMP04601,Swetha Reddy,BR4534,Hub Operator,2021-04-13,Active,39606
EMP04602,Nithya Patel,BR2513,Delivery Agent,2025-06-06,Active,55719
EMP04603,Ajay Nair,BR4821,Hub Operator,2021-05-12,Active,57312
EMP04604,Manoj Rao,BR3575,Supervisor,2025-01-04,Active,42379
EMP04605,Sneha Reddy,BR3659,Delivery Agent,2025-07-06,Active,44515
EMP04606,Priya Gupta,BR4688,Hub Operator,2022-07-06,Active,29916
EMP04607,Priya Kapoor,BR1559,Delivery Agent,2026-04-17,Active,35640
EMP04608,Vivek Sharma,BR0820,Delivery Agent,2023-07-10,Active,37358
EMP04609,Karthik Menon,BR0259,Delivery Agent,2023-10-28,Inactive,44958
EMP04610,Priya Mehta,BR3654,Supervisor,2023-10-21,Active,36145
EMP04611,Manoj Sinha,BR0148,Hub Operator,2022-04-23,Active,18046
EMP04612,Nithya Patel,BR3279,Customer Support,2025-07-01,Active,55373
EMP04613,Manoj Pillai,BR3694,Manager,2026-08-16,Active,37295
EMP04614,Dinesh Kapoor,BR2078,Customer Support,2022-07-07,Inactive,19278
EMP04615,Pooja Pillai,BR2464,Delivery Agent,2025-10-26,Active,29219
EMP04616,Vijay Pillai,BR2630,Hub Operator,2023-09-08,Inactive,20840
EMP04617,Vivek Sinha,BR0912,Delivery Agent,2026-07-27,Active,22290
EMP04618,Vijay Kumar,BR3101,Delivery Agent,2021-11-12,Active,60920
EMP04619,Arun Patel,BR0278,Customer Support,2026-03-05,Active,57795
EMP04620,Manoj Mishra,BR0924,Customer Support,2023-01-12,Active,41580
EMP04621,Rohit Singh,BR5000,Supervisor,2022-03-28,Active,60664
EMP04622,Dinesh Patel,BR1978,Delivery Agent,2024-02-27,Active,55443
EMP04623,Arun Singh,BR1282,Supervisor,2024-01-09,Active,52769
EMP04624,Nithya Mishra,BR3608,Supervisor,2021-03-30,Active,21476
EMP04625,Divya Bose,BR0780,Delivery Agent,2023-11-30,Inactive,47022
EMP04626,Rahul Nair,BR2309,Manager,2024-07-07,Active,28384
EMP04627,Sneha Joshi,BR2574,Delivery Agent,2026-04-15,Active,37828
EMP04628,Priya Gupta,BR4300,Supervisor,2024-02-17,Active,21827
EMP04629,Rohit Nair,BR3867,Hub Operator,2021-08-30,Active,29097
EMP04630,Kavya Gupta,BR2626,Supervisor,2021-10-06,Active,28584
EMP04631,Vivek Verma,BR3249,Customer Support,2021-04-21,Active,26707
EMP04632,Rahul Sinha,BR2605,Delivery Agent,2024-04-14,Active,20107
EMP04633,Divya Pillai,BR3428,Delivery Agent,2026-05-15,Active,32694
EMP04634,Pooja Mehta,BR2665,Manager,2025-02-23,Active,37195
EMP04635,Swetha Joshi,BR2666,Delivery Agent,2023-01-04,Active,30251
EMP04636,Pooja Nair,BR3894,Delivery Agent,2026-05-20,Active,46069
EMP04637,Vijay Verma,BR3741,Delivery Agent,2026-04-19,Active,45585
EMP04638,Rohit Kumar,BR2029,Customer Support,2022-08-07,Active,49283
EMP04639,Rahul Menon,BR2289,Delivery Agent,2021-11-22,Active,26642
EMP04640,Suresh Mehta,BR0507,Hub Operator,2024-05-04,Active,22764
EMP04641,Swetha Rao,BR2052,Delivery Agent,2024-05-26,Active,49322
EMP04642,Swetha Kapoor,BR0961,Customer Support,2023-05-07,Active,29014
EMP04643,Ajay Menon,BR2947,Delivery Agent,2025-01-21,Active,40821
EMP04644,Dinesh Kumar,BR0062,Customer Support,2022-03-16,Active,55069
EMP04645,Rohit Kapoor,BR0350,Delivery Agent,2022-11-13,Active,30403
EMP04646,Pooja Mishra,BR0005,Delivery Agent,2024-01-13,Active,60198
EMP04647,Divya Das,BR2092,Manager,2021-09-20,Active,46211
EMP04648,Sneha Menon,BR4271,Delivery Agent,2026-07-07,Active,61618
EMP04649,Divya Mishra,BR0014,Delivery Agent,2025-08-19,Active,33581
EMP04650,Dinesh Mishra,BR3968,Delivery Agent,2023-08-12,Inactive,31292
EMP04651,Sneha Sharma,BR3879,Hub Operator,2021-08-25,Active,38274
EMP04652,Manoj Nair,BR4674,Hub Operator,2022-06-14,Active,46566
EMP04653,Sneha Pillai,BR2846,Customer Support,2024-09-13,Active,47454
EMP04654,Ananya Singh,BR2240,Delivery Agent,2022-10-23,Active,41950
EMP04655,Rohit Verma,BR3713,Hub Operator,2022-10-28,Active,29389
EMP04656,Rahul Joshi,BR4423,Delivery Agent,2022-05-07,Active,25291
EMP04657,Swetha Mehta,BR3010,Hub Operator,2023-12-09,Inactive,46834
EMP04658,Swetha Singh,BR0607,Delivery Agent,2021-05-03,Active,58970
EMP04659,Pooja Kapoor,BR2419,Delivery Agent,2023-05-06,Active,24876
EMP04660,Ajay Gupta,BR4765,Hub Operator,2025-04-21,Active,34164
EMP04661,Dinesh Gupta,BR2958,Delivery Agent,2024-12-20,Active,23703
EMP04662,Arun Das,BR1852,Delivery Agent,2021-04-22,Active,37825
EMP04663,Suresh Kapoor,BR0939,Customer Support,2021-08-27,Active,37860
EMP04664,Swetha Nair,BR2507,Supervisor,2021-12-20,Active,38110
EMP04665,Kavya Kumar,BR3950,Supervisor,2022-02-02,Inactive,63100
EMP04666,Dinesh Gupta,BR4585,Supervisor,2022-02-15,Active,31899
EMP04667,Rahul Joshi,BR1057,Delivery Agent,2021-06-26,Active,24112
EMP04668,Harini Iyer,BR3165,Customer Support,2025-09-06,Active,25406
EMP04669,Meena Sinha,BR2886,Manager,2022-04-13,Active,54582
EMP04670,Karthik Sharma,BR1802,Customer Support,2022-01-16,Active,29783
EMP04671,Kavya Nair,BR2004,Delivery Agent,2022-06-29,Active,47463
EMP04672,Kavya Singh,BR2103,Hub Operator,2026-05-20,Active,62102
EMP04673,Suresh Kapoor,BR2433,Hub Operator,2024-12-13,Active,19816
EMP04674,Divya Sharma,BR3435,Hub Operator,2024-02-03,Active,31540
EMP04675,Swetha Sinha,BR1849,Customer Support,2026-01-29,Active,42493
EMP04676,Priya Singh,BR3751,Delivery Agent,2023-07-24,Active,54688
EMP04677,Divya Gupta,BR3728,Delivery Agent,2023-06-05,Active,58959
EMP04678,Divya Iyer,BR0565,Hub Operator,2022-10-16,Active,21965
EMP04679,Divya Kumar,BR4187,Manager,2023-02-27,Active,38830
EMP04680,Kavya Gupta,BR3561,Delivery Agent,2023-07-03,Active,46553
EMP04681,Meena Sharma,BR0773,Delivery Agent,2021-05-03,Active,30534
EMP04682,Ajay Verma,BR0358,Hub Operator,2024-01-27,Active,62138
EMP04683,Swetha Sinha,BR3529,Delivery Agent,2024-03-20,Active,55297
EMP04684,Meena Sharma,BR1978,Delivery Agent,2025-09-21,Active,55559
EMP04685,Dinesh Mishra,BR0909,Delivery Agent,2021-07-05,Active,52304
EMP04686,Dinesh Rao,BR1027,Customer Support,2021-03-20,Active,44729
EMP04687,Harini Reddy,BR1051,Hub Operator,2024-10-27,Active,30185
EMP04688,Swetha Mehta,BR4146,Customer Support,2022-05-01,Active,39209
EMP04689,Swetha Kapoor,BR1893,Customer Support,2022-12-21,Active,39548
EMP04690,Karthik Sharma,BR0310,Delivery Agent,2026-03-31,Active,36705
EMP04691,Meena Kumar,BR0893,Delivery Agent,2024-06-07,Active,33162
EMP04692,Dinesh Naidu,BR0568,Delivery Agent,2022-07-10,Active,20754
EMP04693,Priya Pillai,BR0628,Hub Operator,2022-01-06,Active,28139
EMP04694,Manoj Patel,BR1658,Delivery Agent,2025-02-11,Active,45472
EMP04695,Karthik Naidu,BR4056,Manager,2025-03-20,Active,49246
EMP04696,Kavya Mishra,BR1586,Hub Operator,2022-04-19,Active,25161
EMP04697,Manoj Naidu,BR4202,Delivery Agent,2023-05-28,Active,50169
EMP04698,Vijay Das,BR2904,Delivery Agent,2024-02-22,Active,21480
EMP04699,Rohit Sharma,BR1364,Delivery Agent,2026-06-17,Active,58076
EMP04700,Vivek Kapoor,BR2331,Hub Operator,2025-10-21,Active,33169
EMP04701,Pooja Mehta,BR3484,Supervisor,2024-10-10,Active,50098
EMP04702,Meena Verma,BR4068,Supervisor,2022-07-18,Active,55432
EMP04703,Rohit Joshi,BR3425,Customer Support,2024-03-31,Active,55692
EMP04704,Priya Reddy,BR2490,Manager,2025-03-21,Active,22305
EMP04705,Rahul Mehta,BR3711,Delivery Agent,2026-09-07,Active,62938
EMP04706,Nithya Gupta,BR3918,Delivery Agent,2026-02-19,Active,24768
EMP04707,Sneha Iyer,BR1443,Delivery Agent,2022-08-14,Active,30025
EMP04708,Rohit Menon,BR4851,Customer Support,2022-12-26,Active,21498
EMP04709,Kavya Joshi,BR3112,Supervisor,2021-11-16,Active,24768
EMP04710,Meena Kumar,BR1247,Delivery Agent,2025-06-29,Active,27902
EMP04711,Karthik Joshi,BR4087,Supervisor,2022-03-28,Active,34681
EMP04712,Dinesh Kapoor,BR3634,Customer Support,2021-01-27,Active,35795
EMP04713,Harini Kapoor,BR0863,Hub Operator,2023-07-30,Active,59368
EMP04714,Vivek Kapoor,BR3310,Hub Operator,2022-11-18,Active,37233
EMP04715,Nithya Reddy,BR4294,Customer Support,2023-04-14,Active,35975
EMP04716,Arun Das,BR1435,Manager,2023-07-26,Active,46200
EMP04717,Ananya Joshi,BR2976,Delivery Agent,2023-03-20,Active,29936
EMP04718,Rahul Sharma,BR0623,Delivery Agent,2024-08-19,Active,45901
EMP04719,Suresh Reddy,BR3870,Customer Support,2021-02-14,Active,42518
EMP04720,Ajay Sharma,BR3798,Delivery Agent,2023-10-07,Inactive,46139
EMP04721,Nithya Gupta,BR4057,Supervisor,2024-01-22,Active,27033
EMP04722,Divya Menon,BR2565,Manager,2025-04-02,Active,18157
EMP04723,Vivek Joshi,BR0388,Customer Support,2021-06-21,Active,49859
EMP04724,Karthik Nair,BR0477,Delivery Agent,2023-01-27,Active,23499
EMP04725,Ananya Singh,BR0137,Delivery Agent,2025-01-15,Active,39698
EMP04726,Swetha Bose,BR1655,Delivery Agent,2025-03-03,Active,64302
EMP04727,Harini Joshi,BR2534,Delivery Agent,2024-04-19,Active,48503
EMP04728,Priya Pillai,BR0936,Hub Operator,2023-07-11,Active,64110
EMP04729,Karthik Rao,BR0053,Customer Support,2021-11-23,Active,33681
EMP04730,Dinesh Das,BR3272,Delivery Agent,2023-07-28,Active,49249
EMP04731,Meena Singh,BR3822,Hub Operator,2024-01-19,Active,45657
EMP04732,Kavya Das,BR2912,Customer Support,2022-12-21,Active,32495
EMP04733,Arun Rao,BR4512,Hub Operator,2023-11-04,Active,25023
EMP04734,Karthik Rao,BR2528,Supervisor,2026-05-25,Active,54052
EMP04735,Karthik Sharma,BR1734,Customer Support,2023-07-22,Active,19194
EMP04736,Harini Bose,BR2023,Customer Support,2024-05-12,Active,39293
EMP04737,Meena Menon,BR0153,Customer Support,2024-08-17,Active,55844
EMP04738,Nithya Rao,BR2414,Delivery Agent,2023-06-26,Active,61230
EMP04739,Dinesh Naidu,BR0078,Customer Support,2024-09-06,Active,27626
EMP04740,Priya Kapoor,BR4720,Hub Operator,2024-08-05,Active,44573
EMP04741,Dinesh Gupta,BR0498,Hub Operator,2023-04-14,Active,32472
EMP04742,Sneha Mehta,BR0600,Hub Operator,2025-12-30,Inactive,35418
EMP04743,Vijay Gupta,BR0703,Manager,2024-03-10,Active,34710
EMP04744,Ananya Kumar,BR0036,Hub Operator,2023-09-20,Active,31444
EMP04745,Pooja Singh,BR2917,Delivery Agent,2023-02-14,Active,39736
EMP04746,Vivek Patel,BR0753,Hub Operator,2021-02-04,Active,45194
EMP04747,Kavya Pillai,BR0490,Delivery Agent,2022-09-02,Active,24722
EMP04748,Suresh Patel,BR4675,Supervisor,2022-11-05,Active,46754
EMP04749,Dinesh Gupta,BR1319,Delivery Agent,2025-05-08,Active,34495
EMP04750,Divya Naidu,BR0933,Manager,2025-10-20,Active,32623
EMP04751,Priya Sharma,BR4625,Delivery Agent,2025-06-23,Active,53496
EMP04752,Kavya Das,BR4662,Delivery Agent,2021-07-10,Active,30682
EMP04753,Sneha Patel,BR4249,Delivery Agent,2025-10-21,Active,29426
EMP04754,Suresh Bose,BR1429,Hub Operator,2024-07-13,Active,55515
EMP04755,Suresh Menon,BR2067,Hub Operator,2026-01-02,Active,39643
EMP04756,Meena Mehta,BR3971,Customer Support,2022-09-07,Active,29901
EMP04757,Suresh Mishra,BR2023,Delivery Agent,2026-07-29,Active,61057
EMP04758,Rohit Bose,BR2103,Delivery Agent,2022-04-02,Active,37122
EMP04759,Sneha Mehta,BR0807,Delivery Agent,2022-10-01,Active,44787
EMP04760,Rahul Sharma,BR0325,Customer Support,2025-08-24,Active,20845
EMP04761,Suresh Sinha,BR2172,Delivery Agent,2021-03-12,Active,26616
EMP04762,Rahul Pillai,BR3070,Hub Operator,2026-06-16,Active,26066
EMP04763,Vijay Gupta,BR1532,Hub Operator,2021-07-08,Active,48384
EMP04764,Rahul Pillai,BR4891,Supervisor,2021-07-11,Active,38406
EMP04765,Rahul Nair,BR0667,Supervisor,2021-07-07,Active,29982
EMP04766,Karthik Gupta,BR3325,Manager,2023-09-11,Inactive,21961
EMP04767,Pooja Singh,BR0781,Supervisor,2022-03-06,Active,46039
EMP04768,Suresh Mishra,BR3960,Supervisor,2026-07-06,Active,55168
EMP04769,Divya Mehta,BR0279,Manager,2022-05-01,Active,60056
EMP04770,Swetha Reddy,BR3649,Supervisor,2021-07-18,Active,60201
EMP04771,Harini Kapoor,BR2674,Delivery Agent,2025-08-09,Active,55822
EMP04772,Meena Reddy,BR3318,Supervisor,2023-10-11,Active,20674
EMP04773,Kavya Mehta,BR2639,Customer Support,2026-07-10,Active,26869
EMP04774,Ajay Kumar,BR1000,Hub Operator,2022-09-27,Active,57328
EMP04775,Ananya Bose,BR3815,Delivery Agent,2022-08-17,Active,34905
EMP04776,Dinesh Iyer,BR3930,Delivery Agent,2026-04-07,Active,56783
EMP04777,Ajay Menon,BR0495,Delivery Agent,2023-11-20,Active,44008
EMP04778,Vijay Bose,BR2787,Supervisor,2024-08-23,Active,49667
EMP04779,Arun Verma,BR4977,Delivery Agent,2021-03-31,Active,26778
EMP04780,Vivek Iyer,BR1781,Hub Operator,2024-11-27,Active,59010
EMP04781,Sneha Gupta,BR4476,Manager,2022-08-04,Active,34178
EMP04782,Harini Mishra,BR3215,Hub Operator,2022-06-21,Active,38769
EMP04783,Priya Menon,BR0067,Supervisor,2025-06-17,Active,59027
EMP04784,Kavya Rao,BR0454,Supervisor,2024-07-25,Active,56968
EMP04785,Rohit Menon,BR2756,Supervisor,2024-05-25,Active,23987
EMP04786,Karthik Sharma,BR4792,Delivery Agent,2025-08-26,Active,37636
EMP04787,Arun Naidu,BR1355,Delivery Agent,2026-01-23,Active,21891
EMP04788,Dinesh Kumar,BR0062,Supervisor,2021-07-11,Active,53739
EMP04789,Priya Singh,BR0939,Customer Support,2023-09-04,Active,51097
EMP04790,Pooja Joshi,BR0369,Hub Operator,2025-07-25,Active,57215
EMP04791,Kavya Iyer,BR3611,Hub Operator,2021-02-05,Active,58648
EMP04792,Rahul Kapoor,BR4829,Delivery Agent,2025-05-15,Active,43989
EMP04793,Priya Iyer,BR0768,Delivery Agent,2021-04-30,Active,38772
EMP04794,Arun Mishra,BR3305,Customer Support,2024-12-09,Inactive,49326
EMP04795,Vivek Singh,BR4097,Delivery Agent,2024-06-15,Active,38707
EMP04796,Kavya Menon,BR3886,Customer Support,2022-08-18,Active,23555
EMP04797,Swetha Rao,BR2878,Delivery Agent,2024-09-10,Active,23921
EMP04798,Vijay Rao,BR2872,Delivery Agent,2023-03-11,Active,37720
EMP04799,Dinesh Kapoor,BR2240,Supervisor,2023-01-24,Active,32492
EMP04800,Manoj Pillai,BR2664,Manager,2026-04-21,Active,26232
EMP04801,Nithya Sinha,BR0101,Delivery Agent,2023-08-09,Active,64592
EMP04802,Nithya Kapoor,BR3298,Supervisor,2022-10-10,Active,30401
EMP04803,Rahul Sharma,BR4476,Delivery Agent,2022-09-03,Active,60687
EMP04804,Harini Reddy,BR0834,Hub Operator,2025-05-18,Active,24777
EMP04805,Rohit Kumar,BR2477,Hub Operator,2021-02-13,Active,56027
EMP04806,Vivek Kumar,BR0956,Hub Operator,2021-07-15,Active,61648
EMP04807,Rahul Bose,BR0018,Delivery Agent,2021-08-07,Active,31534
EMP04808,Vivek Pillai,BR2734,Customer Support,2021-08-01,Active,43189
EMP04809,Vijay Menon,BR2081,Customer Support,2021-08-05,Active,63976
EMP04810,Suresh Das,BR4340,Manager,2021-08-04,Active,60405
EMP04811,Vivek Kapoor,BR4829,Delivery Agent,2021-11-23,Active,59850
EMP04812,Kavya Singh,BR2589,Manager,2025-06-18,Active,47814
EMP04813,Meena Bose,BR1566,Supervisor,2022-09-12,Active,56314
EMP04814,Vivek Iyer,BR0586,Delivery Agent,2025-09-01,Active,40873
EMP04815,Kavya Gupta,BR0774,Delivery Agent,2021-03-21,Active,24332
EMP04816,Suresh Joshi,BR0575,Delivery Agent,2025-06-07,Active,42607
EMP04817,Rohit Bose,BR1153,Hub Operator,2021-05-23,Inactive,37611
EMP04818,Pooja Kumar,BR2569,Hub Operator,2025-03-30,Active,29418
EMP04819,Dinesh Naidu,BR4914,Hub Operator,2025-01-16,Active,25296
EMP04820,Ananya Iyer,BR4407,Hub Operator,2026-07-15,Active,52055
EMP04821,Rahul Naidu,BR1401,Customer Support,2023-11-27,Active,27238
EMP04822,Ajay Joshi,BR2832,Customer Support,2026-06-14,Active,47087
EMP04823,Dinesh Joshi,BR1962,Hub Operator,2024-12-10,Active,39122
EMP04824,Vijay Mehta,BR1538,Hub Operator,2024-03-06,Active,18325
EMP04825,Swetha Verma,BR2654,Delivery Agent,2022-09-26,Active,30286
EMP04826,Manoj Sinha,BR1785,Hub Operator,2026-09-16,Inactive,54272
EMP04827,Arun Sharma,BR4754,Delivery Agent,2023-06-24,Active,63498
EMP04828,Ajay Menon,BR0829,Hub Operator,2025-03-05,Active,33032
EMP04829,Rahul Pillai,BR2566,Customer Support,2026-04-23,Active,46632
EMP04830,Arun Verma,BR0627,Manager,2026-03-10,Active,40184
EMP04831,Ananya Sharma,BR1014,Hub Operator,2024-07-11,Active,44066
EMP04832,Harini Naidu,BR4877,Hub Operator,2022-06-12,Active,35740
EMP04833,Dinesh Kapoor,BR2575,Hub Operator,2021-03-23,Active,24052
EMP04834,Harini Joshi,BR4179,Delivery Agent,2022-08-09,Active,43640
EMP04835,Divya Gupta,BR3976,Delivery Agent,2024-05-28,Active,28653
EMP04836,Divya Verma,BR2647,Customer Support,2023-01-29,Active,56235
EMP04837,Manoj Das,BR0161,Delivery Agent,2023-01-25,Active,27641
EMP04838,Rahul Nair,BR3985,Hub Operator,2025-07-25,Active,27507
EMP04839,Ajay Sinha,BR2612,Delivery Agent,2021-11-13,Active,64135
EMP04840,Meena Reddy,BR1596,Manager,2023-08-19,Active,35990
EMP04841,Ananya Joshi,BR4894,Customer Support,2022-01-13,Active,37922
EMP04842,Vivek Mehta,BR3273,Delivery Agent,2024-05-10,Active,56768
EMP04843,Ajay Pillai,BR4642,Delivery Agent,2022-09-15,Active,30365
EMP04844,Sneha Naidu,BR2856,Delivery Agent,2025-11-26,Active,48320
EMP04845,Kavya Kapoor,BR3279,Hub Operator,2021-08-21,Active,28009
EMP04846,Harini Nair,BR1309,Customer Support,2022-12-29,Active,34211
EMP04847,Rohit Gupta,BR2782,Delivery Agent,2023-06-04,Active,64687
EMP04848,Pooja Nair,BR0385,Customer Support,2024-01-16,Active,40126
EMP04849,Nithya Kumar,BR2461,Delivery Agent,2023-03-20,Active,60811
EMP04850,Harini Mehta,BR2030,Manager,2021-04-01,Active,27499
EMP04851,Sneha Sharma,BR4830,Hub Operator,2026-02-08,Active,36603
EMP04852,Rohit Bose,BR2619,Manager,2021-01-14,Active,43873
EMP04853,Harini Gupta,BR1516,Customer Support,2021-01-29,Active,60181
EMP04854,Harini Reddy,BR4751,Hub Operator,2021-05-15,Active,60437
EMP04855,Ajay Verma,BR2761,Supervisor,2022-03-04,Active,59090
EMP04856,Vivek Reddy,BR4703,Delivery Agent,2025-12-06,Active,21590
EMP04857,Harini Kapoor,BR4156,Hub Operator,2024-09-19,Active,25147
EMP04858,Pooja Kapoor,BR3106,Delivery Agent,2026-02-18,Active,63601
EMP04859,Rohit Menon,BR2750,Supervisor,2021-02-16,Inactive,58913
EMP04860,Sneha Joshi,BR4112,Supervisor,2023-02-07,Active,35050
EMP04861,Vijay Pillai,BR1024,Hub Operator,2022-02-25,Active,36474
EMP04862,Kavya Rao,BR4576,Delivery Agent,2023-03-02,Active,24807
EMP04863,Vijay Verma,BR0032,Delivery Agent,2022-05-27,Active,50602
EMP04864,Vivek Verma,BR2448,Customer Support,2024-08-30,Active,47404
EMP04865,Kavya Naidu,BR1749,Hub Operator,2026-06-06,Active,61815
EMP04866,Vivek Menon,BR0540,Supervisor,2021-12-08,Active,52845
EMP04867,Rahul Verma,BR2938,Delivery Agent,2026-07-19,Active,39931
EMP04868,Kavya Sinha,BR4885,Hub Operator,2024-11-05,Active,57633
EMP04869,Divya Gupta,BR1240,Delivery Agent,2026-07-31,Active,18612
EMP04870,Karthik Naidu,BR4473,Customer Support,2023-02-11,Active,25927
EMP04871,Vivek Kapoor,BR0022,Supervisor,2021-04-07,Active,28160
EMP04872,Nithya Menon,BR4121,Delivery Agent,2022-11-28,Active,22950
EMP04873,Pooja Sinha,BR1582,Manager,2026-09-10,Active,47482
EMP04874,Vivek Mehta,BR1066,Delivery Agent,2025-10-06,Active,55169
EMP04875,Manoj Verma,BR2593,Delivery Agent,2026-04-24,Active,29309
EMP04876,Arun Mishra,BR2555,Hub Operator,2024-12-11,Active,64949
EMP04877,Manoj Iyer,BR0346,Hub Operator,2025-01-30,Active,64375
EMP04878,Ananya Sharma,BR1974,Supervisor,2021-10-16,Active,31547
EMP04879,Harini Iyer,BR4911,Supervisor,2024-08-25,Active,22381
EMP04880,Rahul Sinha,BR0467,Delivery Agent,2022-01-06,Active,64064
EMP04881,Ajay Joshi,BR2546,Customer Support,2023-02-28,Active,51655
EMP04882,Kavya Singh,BR3384,Hub Operator,2023-04-12,Active,58777
EMP04883,Karthik Reddy,BR0153,Delivery Agent,2022-04-12,Active,35152
EMP04884,Divya Iyer,BR4298,Delivery Agent,2025-11-21,Inactive,35820
EMP04885,Sneha Iyer,BR4656,Delivery Agent,2022-02-10,Active,62760
EMP04886,Dinesh Rao,BR3891,Delivery Agent,2024-01-29,Active,37600
EMP04887,Swetha Das,BR4203,Delivery Agent,2025-10-10,Active,40601
EMP04888,Arun Mishra,BR2512,Supervisor,2023-09-23,Active,63368
EMP04889,Rohit Nair,BR2959,Supervisor,2026-08-31,Active,61675
EMP04890,Meena Mehta,BR2417,Customer Support,2023-12-10,Active,62883
EMP04891,Suresh Mehta,BR1601,Manager,2024-09-21,Active,24220
EMP04892,Nithya Mishra,BR3526,Hub Operator,2021-12-23,Inactive,61314
EMP04893,Divya Sinha,BR0820,Delivery Agent,2021-03-13,Active,20419
EMP04894,Dinesh Sinha,BR0147,Supervisor,2024-12-29,Active,34717
EMP04895,Manoj Sinha,BR2987,Delivery Agent,2024-12-28,Inactive,44908
EMP04896,Nithya Das,BR4614,Delivery Agent,2023-06-29,Active,40375
EMP04897,Swetha Rao,BR3443,Customer Support,2023-02-17,Active,45661
EMP04898,Arun Reddy,BR4548,Delivery Agent,2022-12-10,Active,29816
EMP04899,Sneha Reddy,BR1674,Customer Support,2021-07-01,Active,19983
EMP04900,Karthik Mehta,BR4728,Delivery Agent,2025-11-07,Active,58311
EMP04901,Rohit Gupta,BR0171,Customer Support,2024-07-14,Active,33436
EMP04902,Swetha Joshi,BR4663,Supervisor,2021-08-13,Active,41296
EMP04903,Nithya Iyer,BR0381,Delivery Agent,2024-01-22,Active,44379
EMP04904,Karthik Patel,BR2679,Delivery Agent,2023-01-19,Active,36143
EMP04905,Kavya Nair,BR3318,Delivery Agent,2023-07-26,Active,30323
EMP04906,Karthik Gupta,BR0744,Delivery Agent,2026-09-27,Active,39024
EMP04907,Meena Sharma,BR1673,Supervisor,2026-01-14,Active,54483
EMP04908,Kavya Rao,BR4929,Hub Operator,2025-05-13,Active,47106
EMP04909,Sneha Mishra,BR0691,Customer Support,2022-08-07,Active,47384
EMP04910,Divya Bose,BR0721,Customer Support,2021-11-05,Active,62582
EMP04911,Pooja Kumar,BR4329,Hub Operator,2022-08-10,Inactive,38934
EMP04912,Meena Naidu,BR0881,Hub Operator,2022-05-16,Active,55137
EMP04913,Karthik Reddy,BR0558,Delivery Agent,2021-03-19,Active,21130
EMP04914,Ananya Rao,BR3526,Customer Support,2025-05-24,Active,54476
EMP04915,Ananya Gupta,BR2607,Hub Operator,2022-05-27,Active,39910
EMP04916,Rahul Verma,BR4540,Delivery Agent,2026-09-29,Active,50483
EMP04917,Rahul Nair,BR0569,Hub Operator,2025-04-11,Inactive,32611
EMP04918,Rahul Singh,BR2111,Customer Support,2025-04-29,Active,62830
EMP04919,Vijay Sinha,BR4570,Hub Operator,2023-03-24,Active,22579
EMP04920,Ananya Iyer,BR4101,Delivery Agent,2023-05-16,Active,22034
EMP04921,Dinesh Singh,BR3986,Manager,2024-10-27,Active,42628
EMP04922,Kavya Mishra,BR2637,Supervisor,2025-03-04,Active,29317
EMP04923,Kavya Joshi,BR4523,Delivery Agent,2023-01-07,Active,41415
EMP04924,Vijay Kumar,BR4107,Supervisor,2025-06-19,Active,18829
EMP04925,Dinesh Mishra,BR0894,Supervisor,2023-11-08,Active,28387
EMP04926,Rohit Rao,BR2028,Customer Support,2021-09-25,Active,22376
EMP04927,Nithya Kapoor,BR1792,Customer Support,2025-01-17,Active,20738
EMP04928,Arun Pillai,BR2099,Delivery Agent,2021-09-12,Active,45540
EMP04929,Suresh Sinha,BR1420,Delivery Agent,2025-12-23,Active,54602
EMP04930,Harini Rao,BR2421,Hub Operator,2021-06-18,Active,64813
EMP04931,Vijay Pillai,BR4536,Delivery Agent,2026-04-12,Active,26591
EMP04932,Vivek Sharma,BR0979,Manager,2023-05-14,Active,27418
EMP04933,Arun Sharma,BR1921,Delivery Agent,2025-02-03,Active,19675
EMP04934,Arun Naidu,BR1678,Hub Operator,2025-07-13,Inactive,55986
EMP04935,Vivek Verma,BR3409,Manager,2022-01-04,Active,18196
EMP04936,Karthik Joshi,BR0422,Delivery Agent,2026-07-07,Active,32694
EMP04937,Arun Menon,BR0180,Customer Support,2024-06-29,Active,40327
EMP04938,Dinesh Iyer,BR1431,Delivery Agent,2026-09-26,Active,29752
EMP04939,Sneha Iyer,BR2625,Customer Support,2024-11-14,Active,43765
EMP04940,Manoj Nair,BR3279,Customer Support,2025-06-14,Active,21605
EMP04941,Rahul Kapoor,BR2961,Hub Operator,2023-07-14,Active,29344
EMP04942,Ananya Das,BR1444,Supervisor,2023-08-23,Active,23109
EMP04943,Ajay Patel,BR0830,Delivery Agent,2021-05-27,Active,40036
EMP04944,Rohit Rao,BR2747,Delivery Agent,2024-10-15,Active,33706
EMP04945,Meena Sinha,BR3565,Supervisor,2026-04-01,Active,30012
EMP04946,Rahul Verma,BR1803,Customer Support,2025-09-20,Active,23235
EMP04947,Priya Verma,BR4715,Manager,2025-11-08,Active,33347
EMP04948,Rohit Sharma,BR2672,Hub Operator,2025-02-17,Active,25261
EMP04949,Vivek Nair,BR2186,Hub Operator,2025-09-24,Active,40189
EMP04950,Karthik Das,BR4100,Customer Support,2025-06-10,Active,50442
EMP04951,Vivek Verma,BR2963,Delivery Agent,2022-05-17,Active,39838
EMP04952,Harini Kapoor,BR0466,Delivery Agent,2026-02-28,Active,27514
EMP04953,Sneha Reddy,BR4460,Delivery Agent,2021-12-01,Active,31366
EMP04954,Pooja Iyer,BR4670,Delivery Agent,2021-10-08,Active,51994
EMP04955,Rahul Mishra,BR3279,Hub Operator,2024-01-14,Inactive,43158
EMP04956,Swetha Kumar,BR2988,Hub Operator,2024-12-21,Active,63160
EMP04957,Manoj Verma,BR1536,Supervisor,2021-02-24,Active,40497
EMP04958,Vijay Sharma,BR3873,Delivery Agent,2022-08-08,Active,37103
EMP04959,Karthik Mehta,BR2474,Delivery Agent,2025-02-05,Active,58140
EMP04960,Harini Singh,BR1395,Manager,2024-06-18,Active,45279
EMP04961,Priya Naidu,BR2191,Supervisor,2023-05-05,Active,31017
EMP04962,Swetha Sinha,BR2000,Hub Operator,2024-12-07,Active,39882
EMP04963,Ajay Nair,BR3188,Hub Operator,2025-06-18,Inactive,33015
EMP04964,Swetha Naidu,BR0752,Hub Operator,2024-09-30,Active,44280
EMP04965,Arun Rao,BR2730,Delivery Agent,2022-02-23,Active,59300
EMP04966,Priya Das,BR4111,Delivery Agent,2024-11-09,Active,23009
EMP04967,Divya Kapoor,BR1498,Delivery Agent,2024-04-12,Active,56228
EMP04968,Priya Sharma,BR4130,Delivery Agent,2021-01-24,Active,33849
EMP04969,Arun Sharma,BR2331,Delivery Agent,2023-01-03,Active,52184
EMP04970,Rahul Verma,BR0398,Delivery Agent,2023-05-07,Active,51710
EMP04971,Divya Kapoor,BR4338,Hub Operator,2022-02-07,Active,21194
EMP04972,Harini Mehta,BR4227,Hub Operator,2026-08-29,Active,49486
EMP04973,Ajay Kumar,BR2179,Delivery Agent,2022-11-04,Active,56004
EMP04974,Suresh Rao,BR3671,Customer Support,2021-04-14,Active,43738
EMP04975,Priya Verma,BR3781,Hub Operator,2021-02-21,Active,57141
EMP04976,Suresh Nair,BR4930,Hub Operator,2022-01-04,Active,21536
EMP04977,Pooja Pillai,BR2236,Supervisor,2022-09-03,Active,50880
EMP04978,Vijay Mehta,BR0422,Delivery Agent,2024-05-28,Active,44519
EMP04979,Divya Naidu,BR3197,Hub Operator,2022-09-16,Active,40420
EMP04980,Karthik Nair,BR1666,Hub Operator,2024-10-12,Active,33210
EMP04981,Ajay Sinha,BR2163,Hub Operator,2022-08-02,Active,63673
EMP04982,Swetha Patel,BR4559,Customer Support,2023-01-24,Active,24178
EMP04983,Sneha Bose,BR4196,Delivery Agent,2024-07-15,Active,62535
EMP04984,Meena Sharma,BR1500,Customer Support,2023-10-15,Active,38767
EMP04985,Ajay Nair,BR0718,Delivery Agent,2025-12-31,Active,34998
EMP04986,Ajay Rao,BR3852,Manager,2022-03-07,Active,43497
EMP04987,Priya Das,BR3102,Delivery Agent,2026-09-12,Active,38881
EMP04988,Divya Das,BR2019,Manager,2025-03-29,Inactive,64585
EMP04989,Priya Pillai,BR0904,Manager,2022-06-19,Active,26168
EMP04990,Rahul Kapoor,BR2656,Supervisor,2026-02-17,Active,27931
EMP04991,Nithya Sharma,BR0766,Delivery Agent,2022-05-25,Active,54585
EMP04992,Vijay Rao,BR1812,Delivery Agent,2021-05-07,Active,33891
EMP04993,Divya Sharma,BR2291,Hub Operator,2024-02-11,Active,49973
EMP04994,Ananya Kapoor,BR4175,Customer Support,2021-04-12,Active,31857
EMP04995,Swetha Sharma,BR0191,Customer Support,2024-06-05,Active,43690
EMP04996,Kavya Reddy,BR4942,Delivery Agent,2023-09-01,Active,37828
EMP04997,Priya Verma,BR3738,Customer Support,2026-05-08,Active,32261
EMP04998,Rahul Pillai,BR3993,Hub Operator,2026-01-08,Active,61617
EMP04999,Dinesh Naidu,BR0825,Delivery Agent,2025-10-24,Active,62352
EMP05000,Manoj Mishra,BR4924,Customer Support,2022-07-19,Active,59806
