feedback_id,shipment_id,customer_id,feedback_date,rating,feedback_category,comments
FDB000001,SHP004486,CUST01877,2025-11-20,5,Overall Service,Excellent and fast service
FDB000002,SHP003693,CUST04906,2025-08-26,5,Delivery Speed,Excellent and fast service
FDB000003,SHP001214,CUST02004,2025-12-17,4,Delivery Speed,Good delivery experience
FDB000004,SHP000512,CUST01193,2025-11-28,4,Customer Support,Good delivery experience
FDB000005,SHP001484,CUST01308,2025-07-17,5,Delivery Speed,Excellent and fast service
FDB000006,SHP004706,CUST00233,2025-08-11,5,Customer Support,Excellent and fast service
FDB000007,SHP001023,CUST04286,2025-01-02,5,Delivery Speed,Excellent and fast service
FDB000008,SHP004239,CUST00261,2025-09-30,5,Overall Service,Excellent and fast service
FDB000009,SHP002482,CUST03027,2025-11-05,5,Overall Service,Excellent and fast service
FDB000010,SHP000700,CUST01673,2025-04-11,2,Courier Behavior,Delivery was slower than expected
FDB000011,SHP001797,CUST00395,2025-10-04,4,Delivery Speed,Good delivery experience
FDB000012,SHP004676,CUST02228,2025-12-12,4,Package Handling,Good delivery experience
FDB000013,SHP000325,CUST04637,2025-11-14,2,Package Handling,Delivery was slower than expected
FDB000014,SHP000861,CUST04547,2025-02-03,3,Delivery Speed,Average service
FDB000015,SHP003488,CUST04928,2025-09-12,5,Customer Support,Excellent and fast service
FDB000016,SHP001899,CUST04698,2025-07-15,5,Courier Behavior,Excellent and fast service
FDB000017,SHP000188,CUST02449,2025-03-02,5,Delivery Speed,Excellent and fast service
FDB000018,SHP003847,CUST04977,2025-06-26,4,Package Handling,Good delivery experience
FDB000019,SHP004359,CUST03171,2025-12-08,5,Package Handling,Excellent and fast service
FDB000020,SHP001918,CUST01512,2025-08-10,1,Customer Support,Very poor experience
FDB000021,SHP004886,CUST03963,2025-01-25,5,Package Handling,Excellent and fast service
FDB000022,SHP004780,CUST00418,2025-08-25,4,Courier Behavior,Good delivery experience
FDB000023,SHP002139,CUST04796,2025-07-21,5,Overall Service,Excellent and fast service
FDB000024,SHP002172,CUST01982,2025-12-05,4,Overall Service,Good delivery experience
FDB000025,SHP002150,CUST03163,2025-02-27,4,Overall Service,Good delivery experience
FDB000026,SHP004276,CUST04649,2025-12-15,5,Courier Behavior,Excellent and fast service
FDB000027,SHP004554,CUST00276,2025-04-24,5,Package Handling,Excellent and fast service
FDB000028,SHP004381,CUST01593,2025-12-02,5,Overall Service,Excellent and fast service
FDB000029,SHP000123,CUST01248,2025-02-05,3,Delivery Speed,Average service
FDB000030,SHP004432,CUST04962,2025-10-30,3,Overall Service,Average service
FDB000031,SHP002870,CUST03321,2025-08-09,4,Overall Service,Good delivery experience
FDB000032,SHP002847,CUST02582,2025-05-31,5,Customer Support,Excellent and fast service
FDB000033,SHP002245,CUST03946,2025-09-03,4,Package Handling,Good delivery experience
FDB000034,SHP003216,CUST00579,2025-04-21,5,Courier Behavior,Excellent and fast service
FDB000035,SHP002001,CUST01040,2025-06-02,5,Courier Behavior,Excellent and fast service
FDB000036,SHP002353,CUST01126,2025-04-28,4,Overall Service,Good delivery experience
FDB000037,SHP001979,CUST04247,2025-11-27,4,Courier Behavior,Good delivery experience
FDB000038,SHP000257,CUST03312,2025-01-16,3,Package Handling,Average service
FDB000039,SHP001227,CUST02832,2025-11-06,4,Package Handling,Good delivery experience
FDB000040,SHP001404,CUST04457,2025-06-19,4,Delivery Speed,Good delivery experience
FDB000041,SHP000424,CUST03870,2025-02-05,5,Overall Service,Excellent and fast service
FDB000042,SHP000937,CUST04040,2025-02-24,4,Overall Service,Good delivery experience
FDB000043,SHP000084,CUST00841,2025-07-29,5,Courier Behavior,Excellent and fast service
FDB000044,SHP002065,CUST00164,2025-12-11,4,Package Handling,Good delivery experience
FDB000045,SHP002870,CUST00631,2025-02-21,5,Courier Behavior,Excellent and fast service
FDB000046,SHP004200,CUST04600,2025-05-10,2,Courier Behavior,Delivery was slower than expected
FDB000047,SHP003152,CUST02348,2025-08-16,4,Customer Support,Good delivery experience
FDB000048,SHP004415,CUST03244,2025-04-11,4,Courier Behavior,Good delivery experience
FDB000049,SHP002070,CUST04727,2025-05-09,4,Courier Behavior,Good delivery experience
FDB000050,SHP003453,CUST03483,2025-09-06,3,Customer Support,Average service
FDB000051,SHP000096,CUST03815,2025-10-23,5,Customer Support,Excellent and fast service
FDB000052,SHP000124,CUST04964,2025-06-02,5,Package Handling,Excellent and fast service
FDB000053,SHP002489,CUST00941,2025-04-22,5,Overall Service,Excellent and fast service
FDB000054,SHP001510,CUST04287,2025-06-24,5,Package Handling,Excellent and fast service
FDB000055,SHP004776,CUST00601,2025-09-19,5,Customer Support,Excellent and fast service
FDB000056,SHP004762,CUST02032,2025-07-30,2,Package Handling,Delivery was slower than expected
FDB000057,SHP004827,CUST00721,2025-02-07,4,Customer Support,Good delivery experience
FDB000058,SHP000281,CUST03357,2025-08-08,1,Overall Service,Very poor experience
FDB000059,SHP001378,CUST02126,2025-06-21,2,Package Handling,Delivery was slower than expected
FDB000060,SHP000764,CUST00171,2025-12-13,4,Courier Behavior,Good delivery experience
FDB000061,SHP000983,CUST04839,2025-07-14,5,Delivery Speed,Excellent and fast service
FDB000062,SHP004400,CUST04216,2025-12-01,5,Courier Behavior,Excellent and fast service
FDB000063,SHP003061,CUST00855,2025-02-14,4,Overall Service,Good delivery experience
FDB000064,SHP000319,CUST03770,2025-08-27,4,Delivery Speed,Good delivery experience
FDB000065,SHP004323,CUST04565,2025-09-27,5,Customer Support,Excellent and fast service
FDB000066,SHP003476,CUST01433,2025-07-25,2,Overall Service,Delivery was slower than expected
FDB000067,SHP000319,CUST02334,2025-08-30,3,Courier Behavior,Average service
FDB000068,SHP001597,CUST03961,2025-02-26,3,Overall Service,Average service
FDB000069,SHP000387,CUST00835,2025-07-05,4,Package Handling,Good delivery experience
FDB000070,SHP002946,CUST02775,2025-09-15,4,Customer Support,Good delivery experience
FDB000071,SHP000399,CUST01111,2025-02-15,5,Customer Support,Excellent and fast service
FDB000072,SHP004524,CUST01817,2025-11-21,4,Package Handling,Good delivery experience
FDB000073,SHP000973,CUST02385,2025-02-17,4,Overall Service,Good delivery experience
FDB000074,SHP004115,CUST01559,2025-09-29,2,Delivery Speed,Delivery was slower than expected
FDB000075,SHP002029,CUST03536,2025-05-29,5,Package Handling,Excellent and fast service
FDB000076,SHP002834,CUST04741,2025-09-29,4,Courier Behavior,Good delivery experience
FDB000077,SHP001340,CUST04275,2025-10-20,5,Package Handling,Excellent and fast service
FDB000078,SHP002517,CUST01162,2025-02-10,4,Delivery Speed,Good delivery experience
FDB000079,SHP003846,CUST04892,2025-04-11,5,Delivery Speed,Excellent and fast service
FDB000080,SHP002845,CUST03349,2025-06-08,4,Customer Support,Good delivery experience
FDB000081,SHP003211,CUST03264,2025-08-27,4,Package Handling,Good delivery experience
FDB000082,SHP001828,CUST04971,2025-01-08,1,Package Handling,Very poor experience
FDB000083,SHP003861,CUST00098,2025-05-16,1,Overall Service,Very poor experience
FDB000084,SHP000736,CUST04261,2025-02-24,4,Overall Service,Good delivery experience
FDB000085,SHP003047,CUST02446,2025-11-17,5,Package Handling,Excellent and fast service
FDB000086,SHP000979,CUST01782,2025-03-09,4,Overall Service,Good delivery experience
FDB000087,SHP002846,CUST03845,2025-07-10,2,Package Handling,Delivery was slower than expected
FDB000088,SHP000716,CUST00709,2025-08-05,2,Package Handling,Delivery was slower than expected
FDB000089,SHP002350,CUST04157,2025-04-01,4,Delivery Speed,Good delivery experience
FDB000090,SHP000092,CUST02407,2025-05-10,5,Delivery Speed,Excellent and fast service
FDB000091,SHP003024,CUST01630,2025-07-12,5,Customer Support,Excellent and fast service
FDB000092,SHP001578,CUST00776,2025-08-14,4,Delivery Speed,Good delivery experience
FDB000093,SHP002622,CUST00601,2025-04-03,4,Delivery Speed,Good delivery experience
FDB000094,SHP001144,CUST02058,2025-08-17,5,Customer Support,Excellent and fast service
FDB000095,SHP001302,CUST01377,2025-04-13,5,Overall Service,Excellent and fast service
FDB000096,SHP002715,CUST00391,2025-08-05,3,Courier Behavior,Average service
FDB000097,SHP001359,CUST01027,2025-05-12,4,Customer Support,Good delivery experience
FDB000098,SHP000247,CUST03998,2025-02-10,4,Delivery Speed,Good delivery experience
FDB000099,SHP002216,CUST03818,2025-11-20,5,Overall Service,Excellent and fast service
FDB000100,SHP002947,CUST04000,2025-08-18,2,Customer Support,Delivery was slower than expected
FDB000101,SHP004487,CUST04719,2025-03-13,4,Customer Support,Good delivery experience
FDB000102,SHP003303,CUST04727,2025-02-08,4,Courier Behavior,Good delivery experience
FDB000103,SHP004764,CUST04340,2025-05-13,4,Customer Support,Good delivery experience
FDB000104,SHP000906,CUST02181,2025-11-16,5,Delivery Speed,Excellent and fast service
FDB000105,SHP004941,CUST00413,2025-08-17,2,Courier Behavior,Delivery was slower than expected
FDB000106,SHP004294,CUST00031,2025-09-11,4,Package Handling,Good delivery experience
FDB000107,SHP003764,CUST04851,2025-11-17,3,Customer Support,Average service
FDB000108,SHP003505,CUST04710,2025-08-06,2,Package Handling,Delivery was slower than expected
FDB000109,SHP000585,CUST02976,2025-04-23,5,Customer Support,Excellent and fast service
FDB000110,SHP001632,CUST03141,2025-08-19,3,Package Handling,Average service
FDB000111,SHP001502,CUST03832,2025-11-06,5,Package Handling,Excellent and fast service
FDB000112,SHP004845,CUST02897,2025-02-26,3,Customer Support,Average service
FDB000113,SHP000860,CUST00684,2025-01-19,3,Courier Behavior,Average service
FDB000114,SHP001807,CUST00182,2025-07-24,5,Overall Service,Excellent and fast service
FDB000115,SHP003471,CUST00556,2025-02-25,5,Delivery Speed,Excellent and fast service
FDB000116,SHP004886,CUST04760,2025-02-11,4,Delivery Speed,Good delivery experience
FDB000117,SHP003657,CUST01396,2025-12-05,4,Courier Behavior,Good delivery experience
FDB000118,SHP002272,CUST03856,2025-06-01,5,Delivery Speed,Excellent and fast service
FDB000119,SHP003403,CUST04333,2025-07-20,5,Overall Service,Excellent and fast service
FDB000120,SHP004528,CUST00885,2025-02-20,4,Overall Service,Good delivery experience
FDB000121,SHP002676,CUST02788,2025-08-07,4,Customer Support,Good delivery experience
FDB000122,SHP000661,CUST01640,2025-10-03,4,Package Handling,Good delivery experience
FDB000123,SHP002748,CUST00775,2025-01-29,3,Package Handling,Average service
FDB000124,SHP000957,CUST02524,2025-12-03,4,Overall Service,Good delivery experience
FDB000125,SHP004538,CUST04888,2025-06-02,4,Overall Service,Good delivery experience
FDB000126,SHP003855,CUST01278,2025-08-08,5,Overall Service,Excellent and fast service
FDB000127,SHP002437,CUST04492,2025-09-21,5,Delivery Speed,Excellent and fast service
FDB000128,SHP001071,CUST01146,2025-09-04,2,Courier Behavior,Delivery was slower than expected
FDB000129,SHP001973,CUST01650,2025-09-28,4,Delivery Speed,Good delivery experience
FDB000130,SHP000038,CUST03028,2025-03-20,5,Customer Support,Excellent and fast service
FDB000131,SHP001410,CUST04946,2025-01-05,4,Delivery Speed,Good delivery experience
FDB000132,SHP000039,CUST03158,2025-10-14,5,Courier Behavior,Excellent and fast service
FDB000133,SHP003103,CUST02151,2025-10-07,5,Delivery Speed,Excellent and fast service
FDB000134,SHP002229,CUST00919,2025-06-16,3,Package Handling,Average service
FDB000135,SHP003201,CUST00629,2025-12-19,5,Customer Support,Excellent and fast service
FDB000136,SHP002812,CUST03853,2025-03-31,2,Delivery Speed,Delivery was slower than expected
FDB000137,SHP001066,CUST03906,2025-05-16,2,Delivery Speed,Delivery was slower than expected
FDB000138,SHP003336,CUST01440,2025-12-16,5,Courier Behavior,Excellent and fast service
FDB000139,SHP001610,CUST01517,2025-05-21,3,Customer Support,Average service
FDB000140,SHP001862,CUST00791,2025-03-04,4,Delivery Speed,Good delivery experience
FDB000141,SHP004530,CUST01563,2025-12-05,2,Customer Support,Delivery was slower than expected
FDB000142,SHP001866,CUST03729,2025-08-24,4,Customer Support,Good delivery experience
FDB000143,SHP002205,CUST00657,2025-06-21,1,Delivery Speed,Very poor experience
FDB000144,SHP004490,CUST03639,2025-03-23,5,Overall Service,Excellent and fast service
FDB000145,SHP004849,CUST01256,2025-07-25,4,Delivery Speed,Good delivery experience
FDB000146,SHP002611,CUST02854,2025-09-09,2,Delivery Speed,Delivery was slower than expected
FDB000147,SHP004173,CUST00604,2025-04-21,5,Package Handling,Excellent and fast service
FDB000148,SHP002441,CUST01717,2025-11-20,5,Delivery Speed,Excellent and fast service
FDB000149,SHP001585,CUST02181,2025-11-30,4,Delivery Speed,Good delivery experience
FDB000150,SHP000733,CUST04378,2025-07-19,5,Courier Behavior,Excellent and fast service
FDB000151,SHP000997,CUST01169,2025-03-18,4,Package Handling,Good delivery experience
FDB000152,SHP001406,CUST01813,2025-08-17,4,Delivery Speed,Good delivery experience
FDB000153,SHP001556,CUST02711,2025-12-06,4,Courier Behavior,Good delivery experience
FDB000154,SHP001246,CUST03417,2025-03-22,5,Courier Behavior,Excellent and fast service
FDB000155,SHP003051,CUST02727,2025-06-03,2,Overall Service,Delivery was slower than expected
FDB000156,SHP003219,CUST00038,2025-01-05,3,Package Handling,Average service
FDB000157,SHP002693,CUST04168,2025-05-14,3,Package Handling,Average service
FDB000158,SHP003276,CUST03458,2025-12-08,5,Customer Support,Excellent and fast service
FDB000159,SHP001685,CUST04405,2025-05-13,2,Overall Service,Delivery was slower than expected
FDB000160,SHP004936,CUST01498,2025-07-26,5,Package Handling,Excellent and fast service
FDB000161,SHP000262,CUST01995,2025-11-04,5,Overall Service,Excellent and fast service
FDB000162,SHP004307,CUST02930,2025-03-19,4,Package Handling,Good delivery experience
FDB000163,SHP000125,CUST03940,2025-10-15,4,Overall Service,Good delivery experience
FDB000164,SHP001088,CUST03844,2025-06-18,4,Customer Support,Good delivery experience
FDB000165,SHP003027,CUST01029,2025-09-06,5,Customer Support,Excellent and fast service
FDB000166,SHP000127,CUST04005,2025-06-28,4,Overall Service,Good delivery experience
FDB000167,SHP004192,CUST02763,2025-01-09,1,Overall Service,Very poor experience
FDB000168,SHP002331,CUST02934,2025-01-17,5,Delivery Speed,Excellent and fast service
FDB000169,SHP002859,CUST00383,2025-01-17,2,Customer Support,Delivery was slower than expected
FDB000170,SHP001961,CUST04890,2025-06-25,4,Courier Behavior,Good delivery experience
FDB000171,SHP001921,CUST04856,2025-07-13,5,Customer Support,Excellent and fast service
FDB000172,SHP000810,CUST00472,2025-09-28,5,Overall Service,Excellent and fast service
FDB000173,SHP002415,CUST01167,2025-06-27,4,Package Handling,Good delivery experience
FDB000174,SHP003665,CUST04191,2025-07-26,4,Package Handling,Good delivery experience
FDB000175,SHP002374,CUST03821,2025-12-08,5,Customer Support,Excellent and fast service
FDB000176,SHP002436,CUST02284,2025-09-06,4,Customer Support,Good delivery experience
FDB000177,SHP002109,CUST00815,2025-03-14,4,Courier Behavior,Good delivery experience
FDB000178,SHP003340,CUST03659,2025-05-19,4,Customer Support,Good delivery experience
FDB000179,SHP000407,CUST04318,2025-07-09,4,Package Handling,Good delivery experience
FDB000180,SHP001740,CUST03085,2025-03-25,3,Package Handling,Average service
FDB000181,SHP000419,CUST03930,2025-05-02,5,Courier Behavior,Excellent and fast service
FDB000182,SHP004850,CUST04560,2025-12-07,5,Delivery Speed,Excellent and fast service
FDB000183,SHP003535,CUST02860,2025-02-15,1,Overall Service,Very poor experience
FDB000184,SHP001441,CUST00222,2025-08-10,5,Delivery Speed,Excellent and fast service
FDB000185,SHP002885,CUST02879,2025-02-10,3,Courier Behavior,Average service
FDB000186,SHP001683,CUST04423,2025-01-11,5,Overall Service,Excellent and fast service
FDB000187,SHP001709,CUST03586,2025-06-19,5,Overall Service,Excellent and fast service
FDB000188,SHP003354,CUST01169,2025-01-18,2,Courier Behavior,Delivery was slower than expected
FDB000189,SHP000151,CUST01749,2025-05-19,5,Customer Support,Excellent and fast service
FDB000190,SHP001194,CUST01617,2025-01-19,4,Delivery Speed,Good delivery experience
FDB000191,SHP002052,CUST00586,2025-08-14,4,Overall Service,Good delivery experience
FDB000192,SHP001549,CUST01383,2025-04-06,4,Customer Support,Good delivery experience
FDB000193,SHP003799,CUST00937,2025-06-08,4,Courier Behavior,Good delivery experience
FDB000194,SHP004443,CUST00276,2025-06-23,5,Courier Behavior,Excellent and fast service
FDB000195,SHP002788,CUST00108,2025-11-27,5,Courier Behavior,Excellent and fast service
FDB000196,SHP004938,CUST00971,2025-12-19,1,Courier Behavior,Very poor experience
FDB000197,SHP001653,CUST00520,2025-03-28,5,Customer Support,Excellent and fast service
FDB000198,SHP000170,CUST03742,2025-05-09,4,Courier Behavior,Good delivery experience
FDB000199,SHP000522,CUST03646,2025-01-26,5,Delivery Speed,Excellent and fast service
FDB000200,SHP000734,CUST00452,2025-12-02,5,Customer Support,Excellent and fast service
FDB000201,SHP001558,CUST01316,2025-07-09,5,Courier Behavior,Excellent and fast service
FDB000202,SHP003155,CUST03136,2025-11-03,2,Overall Service,Delivery was slower than expected
FDB000203,SHP002302,CUST01578,2025-07-29,3,Delivery Speed,Average service
FDB000204,SHP004092,CUST04650,2025-07-22,4,Package Handling,Good delivery experience
FDB000205,SHP002705,CUST03308,2025-04-04,4,Courier Behavior,Good delivery experience
FDB000206,SHP000391,CUST03260,2025-07-22,5,Customer Support,Excellent and fast service
FDB000207,SHP004399,CUST01004,2025-07-08,3,Courier Behavior,Average service
FDB000208,SHP004467,CUST02239,2025-02-19,4,Package Handling,Good delivery experience
FDB000209,SHP003731,CUST04885,2025-11-30,4,Delivery Speed,Good delivery experience
FDB000210,SHP004659,CUST03221,2025-09-09,5,Package Handling,Excellent and fast service
FDB000211,SHP004188,CUST02067,2025-08-07,2,Package Handling,Delivery was slower than expected
FDB000212,SHP002260,CUST00878,2025-07-25,5,Delivery Speed,Excellent and fast service
FDB000213,SHP002148,CUST02510,2025-05-28,3,Customer Support,Average service
FDB000214,SHP001843,CUST04763,2025-02-26,5,Courier Behavior,Excellent and fast service
FDB000215,SHP004933,CUST02135,2025-11-05,5,Package Handling,Excellent and fast service
FDB000216,SHP002594,CUST02051,2025-01-23,3,Customer Support,Average service
FDB000217,SHP004520,CUST04974,2025-06-13,5,Delivery Speed,Excellent and fast service
FDB000218,SHP004195,CUST00754,2025-07-12,5,Customer Support,Excellent and fast service
FDB000219,SHP003221,CUST01601,2025-06-02,5,Delivery Speed,Excellent and fast service
FDB000220,SHP002073,CUST00170,2025-06-26,5,Courier Behavior,Excellent and fast service
FDB000221,SHP004981,CUST04322,2025-04-24,4,Courier Behavior,Good delivery experience
FDB000222,SHP003448,CUST04983,2025-01-19,1,Package Handling,Very poor experience
FDB000223,SHP000298,CUST03254,2025-01-22,4,Package Handling,Good delivery experience
FDB000224,SHP003840,CUST02872,2025-09-13,1,Package Handling,Very poor experience
FDB000225,SHP001400,CUST02799,2025-12-30,5,Delivery Speed,Excellent and fast service
FDB000226,SHP000412,CUST01594,2025-11-03,5,Customer Support,Excellent and fast service
FDB000227,SHP004362,CUST02904,2025-05-17,4,Courier Behavior,Good delivery experience
FDB000228,SHP003955,CUST04469,2025-09-12,3,Delivery Speed,Average service
FDB000229,SHP003967,CUST01302,2025-11-13,1,Package Handling,Very poor experience
FDB000230,SHP004122,CUST00936,2025-01-08,5,Overall Service,Excellent and fast service
FDB000231,SHP002105,CUST01280,2025-04-08,2,Delivery Speed,Delivery was slower than expected
FDB000232,SHP001439,CUST02829,2025-12-05,5,Courier Behavior,Excellent and fast service
FDB000233,SHP004985,CUST02954,2025-02-28,5,Package Handling,Excellent and fast service
FDB000234,SHP000136,CUST01398,2025-01-07,5,Delivery Speed,Excellent and fast service
FDB000235,SHP001755,CUST00160,2025-10-04,1,Customer Support,Very poor experience
FDB000236,SHP004750,CUST03831,2025-03-13,3,Overall Service,Average service
FDB000237,SHP001076,CUST00045,2025-11-16,3,Courier Behavior,Average service
FDB000238,SHP002896,CUST00658,2025-10-12,5,Courier Behavior,Excellent and fast service
FDB000239,SHP001981,CUST03302,2025-07-02,5,Delivery Speed,Excellent and fast service
FDB000240,SHP003930,CUST02972,2025-07-17,2,Delivery Speed,Delivery was slower than expected
FDB000241,SHP001372,CUST03249,2025-10-07,4,Delivery Speed,Good delivery experience
FDB000242,SHP004483,CUST01551,2025-03-04,2,Customer Support,Delivery was slower than expected
FDB000243,SHP002882,CUST03813,2025-06-02,1,Package Handling,Very poor experience
FDB000244,SHP004463,CUST01856,2025-09-06,4,Overall Service,Good delivery experience
FDB000245,SHP003743,CUST04257,2025-12-22,1,Overall Service,Very poor experience
FDB000246,SHP001745,CUST04226,2025-12-19,4,Overall Service,Good delivery experience
FDB000247,SHP003624,CUST03731,2025-09-23,5,Package Handling,Excellent and fast service
FDB000248,SHP004437,CUST00109,2025-06-08,4,Courier Behavior,Good delivery experience
FDB000249,SHP004199,CUST00775,2025-11-19,5,Delivery Speed,Excellent and fast service
FDB000250,SHP002600,CUST02398,2025-10-02,4,Courier Behavior,Good delivery experience
FDB000251,SHP003756,CUST00596,2025-06-17,5,Customer Support,Excellent and fast service
FDB000252,SHP002180,CUST02680,2025-08-04,4,Customer Support,Good delivery experience
FDB000253,SHP004349,CUST02614,2025-04-08,4,Customer Support,Good delivery experience
FDB000254,SHP001321,CUST01194,2025-05-02,5,Courier Behavior,Excellent and fast service
FDB000255,SHP000488,CUST01184,2025-09-27,4,Courier Behavior,Good delivery experience
FDB000256,SHP002767,CUST03797,2025-07-28,1,Overall Service,Very poor experience
FDB000257,SHP001213,CUST03839,2025-12-25,5,Package Handling,Excellent and fast service
FDB000258,SHP004175,CUST02747,2025-09-27,4,Overall Service,Good delivery experience
FDB000259,SHP004135,CUST01103,2025-08-06,4,Courier Behavior,Good delivery experience
FDB000260,SHP002158,CUST02807,2025-08-22,4,Customer Support,Good delivery experience
FDB000261,SHP001261,CUST02261,2025-07-24,3,Courier Behavior,Average service
FDB000262,SHP002808,CUST03403,2025-12-07,2,Overall Service,Delivery was slower than expected
FDB000263,SHP001778,CUST04466,2025-03-17,4,Overall Service,Good delivery experience
FDB000264,SHP003377,CUST04022,2025-07-07,3,Courier Behavior,Average service
FDB000265,SHP003232,CUST01447,2025-05-12,4,Delivery Speed,Good delivery experience
FDB000266,SHP000310,CUST04247,2025-12-17,5,Customer Support,Excellent and fast service
FDB000267,SHP003900,CUST00158,2025-06-25,4,Delivery Speed,Good delivery experience
FDB000268,SHP004854,CUST02901,2025-02-21,4,Courier Behavior,Good delivery experience
FDB000269,SHP003035,CUST04363,2025-12-02,5,Package Handling,Excellent and fast service
FDB000270,SHP000861,CUST03960,2025-02-22,5,Package Handling,Excellent and fast service
FDB000271,SHP002143,CUST01578,2025-09-04,4,Package Handling,Good delivery experience
FDB000272,SHP003269,CUST03982,2025-09-14,5,Overall Service,Excellent and fast service
FDB000273,SHP000440,CUST03080,2025-10-21,4,Overall Service,Good delivery experience
FDB000274,SHP001508,CUST02043,2025-08-15,3,Overall Service,Average service
FDB000275,SHP003321,CUST04582,2025-12-14,4,Overall Service,Good delivery experience
FDB000276,SHP004860,CUST04118,2025-03-17,5,Customer Support,Excellent and fast service
FDB000277,SHP004847,CUST00104,2025-04-30,4,Courier Behavior,Good delivery experience
FDB000278,SHP000521,CUST03199,2025-12-17,5,Package Handling,Excellent and fast service
FDB000279,SHP000792,CUST00795,2025-06-11,5,Customer Support,Excellent and fast service
FDB000280,SHP002385,CUST01899,2025-01-20,4,Courier Behavior,Good delivery experience
FDB000281,SHP002923,CUST01380,2025-07-20,3,Package Handling,Average service
FDB000282,SHP000460,CUST02211,2025-02-14,4,Delivery Speed,Good delivery experience
FDB000283,SHP003985,CUST00535,2025-01-07,5,Delivery Speed,Excellent and fast service
FDB000284,SHP001669,CUST03974,2025-05-05,5,Delivery Speed,Excellent and fast service
FDB000285,SHP002335,CUST01285,2025-10-05,5,Overall Service,Excellent and fast service
FDB000286,SHP001747,CUST03075,2025-10-23,5,Package Handling,Excellent and fast service
FDB000287,SHP001487,CUST04003,2025-07-27,4,Delivery Speed,Good delivery experience
FDB000288,SHP004762,CUST00321,2025-08-29,2,Courier Behavior,Delivery was slower than expected
FDB000289,SHP004975,CUST01599,2025-03-23,2,Overall Service,Delivery was slower than expected
FDB000290,SHP004863,CUST00029,2025-03-21,2,Courier Behavior,Delivery was slower than expected
FDB000291,SHP001475,CUST04448,2025-09-26,4,Courier Behavior,Good delivery experience
FDB000292,SHP002538,CUST00218,2025-08-24,5,Customer Support,Excellent and fast service
FDB000293,SHP004107,CUST02286,2025-02-25,4,Delivery Speed,Good delivery experience
FDB000294,SHP003042,CUST03588,2025-09-03,5,Customer Support,Excellent and fast service
FDB000295,SHP001943,CUST02782,2025-02-24,5,Courier Behavior,Excellent and fast service
FDB000296,SHP001575,CUST01809,2025-02-14,5,Customer Support,Excellent and fast service
FDB000297,SHP000095,CUST01867,2025-07-15,1,Customer Support,Very poor experience
FDB000298,SHP004941,CUST00062,2025-04-14,5,Delivery Speed,Excellent and fast service
FDB000299,SHP000810,CUST02540,2025-02-07,4,Customer Support,Good delivery experience
FDB000300,SHP004836,CUST04754,2025-09-27,5,Customer Support,Excellent and fast service
FDB000301,SHP004744,CUST02909,2025-12-13,2,Package Handling,Delivery was slower than expected
FDB000302,SHP001402,CUST01885,2025-01-08,2,Overall Service,Delivery was slower than expected
FDB000303,SHP002327,CUST00560,2025-09-16,2,Package Handling,Delivery was slower than expected
FDB000304,SHP004752,CUST02804,2025-11-23,3,Customer Support,Average service
FDB000305,SHP001926,CUST03984,2025-01-15,2,Package Handling,Delivery was slower than expected
FDB000306,SHP001571,CUST03466,2025-05-18,4,Courier Behavior,Good delivery experience
FDB000307,SHP003332,CUST01708,2025-06-15,2,Delivery Speed,Delivery was slower than expected
FDB000308,SHP001736,CUST02747,2025-12-11,2,Courier Behavior,Delivery was slower than expected
FDB000309,SHP003865,CUST00302,2025-01-27,1,Customer Support,Very poor experience
FDB000310,SHP002782,CUST01911,2025-08-16,4,Customer Support,Good delivery experience
FDB000311,SHP003883,CUST04609,2025-11-02,5,Package Handling,Excellent and fast service
FDB000312,SHP003507,CUST03087,2025-05-15,5,Package Handling,Excellent and fast service
FDB000313,SHP001613,CUST01866,2025-08-14,4,Package Handling,Good delivery experience
FDB000314,SHP000507,CUST04572,2025-04-09,2,Delivery Speed,Delivery was slower than expected
FDB000315,SHP004647,CUST04459,2025-10-11,4,Courier Behavior,Good delivery experience
FDB000316,SHP003440,CUST04413,2025-05-17,4,Overall Service,Good delivery experience
FDB000317,SHP002946,CUST03134,2025-01-03,5,Delivery Speed,Excellent and fast service
FDB000318,SHP000187,CUST03921,2025-05-19,5,Package Handling,Excellent and fast service
FDB000319,SHP003021,CUST01240,2025-04-22,2,Customer Support,Delivery was slower than expected
FDB000320,SHP004953,CUST02364,2025-04-18,4,Delivery Speed,Good delivery experience
FDB000321,SHP001542,CUST04266,2025-01-20,3,Delivery Speed,Average service
FDB000322,SHP000660,CUST03317,2025-02-18,3,Overall Service,Average service
FDB000323,SHP004220,CUST03429,2025-08-18,5,Delivery Speed,Excellent and fast service
FDB000324,SHP000578,CUST03435,2025-08-28,5,Customer Support,Excellent and fast service
FDB000325,SHP001868,CUST04129,2025-05-27,3,Customer Support,Average service
FDB000326,SHP003795,CUST00175,2025-03-15,3,Delivery Speed,Average service
FDB000327,SHP003423,CUST02268,2025-02-23,2,Courier Behavior,Delivery was slower than expected
FDB000328,SHP002072,CUST00818,2025-06-27,3,Courier Behavior,Average service
FDB000329,SHP003441,CUST01438,2025-03-09,4,Overall Service,Good delivery experience
FDB000330,SHP003930,CUST03572,2025-12-01,5,Customer Support,Excellent and fast service
FDB000331,SHP000568,CUST02415,2025-10-04,2,Package Handling,Delivery was slower than expected
FDB000332,SHP004088,CUST01030,2025-10-11,5,Delivery Speed,Excellent and fast service
FDB000333,SHP004438,CUST00019,2025-07-24,4,Courier Behavior,Good delivery experience
FDB000334,SHP003989,CUST01760,2025-05-04,4,Customer Support,Good delivery experience
FDB000335,SHP002006,CUST00698,2025-03-17,3,Delivery Speed,Average service
FDB000336,SHP004707,CUST00817,2025-11-19,1,Customer Support,Very poor experience
FDB000337,SHP003974,CUST02197,2025-11-14,3,Delivery Speed,Average service
FDB000338,SHP000031,CUST00966,2025-09-05,4,Overall Service,Good delivery experience
FDB000339,SHP003385,CUST04774,2025-07-30,4,Delivery Speed,Good delivery experience
FDB000340,SHP002190,CUST00256,2025-10-18,5,Overall Service,Excellent and fast service
FDB000341,SHP002797,CUST03251,2025-11-05,4,Package Handling,Good delivery experience
FDB000342,SHP000301,CUST02028,2025-01-14,3,Delivery Speed,Average service
FDB000343,SHP003545,CUST02946,2025-11-04,2,Customer Support,Delivery was slower than expected
FDB000344,SHP004987,CUST00004,2025-06-14,4,Courier Behavior,Good delivery experience
FDB000345,SHP003346,CUST02686,2025-12-15,5,Delivery Speed,Excellent and fast service
FDB000346,SHP003516,CUST00109,2025-06-23,4,Overall Service,Good delivery experience
FDB000347,SHP001272,CUST04782,2025-01-17,1,Overall Service,Very poor experience
FDB000348,SHP002609,CUST02483,2025-11-04,4,Customer Support,Good delivery experience
FDB000349,SHP000954,CUST04159,2025-02-02,5,Customer Support,Excellent and fast service
FDB000350,SHP001864,CUST00874,2025-07-21,4,Courier Behavior,Good delivery experience
FDB000351,SHP001590,CUST02814,2025-12-12,3,Delivery Speed,Average service
FDB000352,SHP000554,CUST02926,2025-08-31,5,Package Handling,Excellent and fast service
FDB000353,SHP004527,CUST03405,2025-02-02,4,Customer Support,Good delivery experience
FDB000354,SHP004547,CUST03157,2025-02-26,4,Package Handling,Good delivery experience
FDB000355,SHP000172,CUST02792,2025-11-18,5,Customer Support,Excellent and fast service
FDB000356,SHP004876,CUST03870,2025-10-28,4,Customer Support,Good delivery experience
FDB000357,SHP002335,CUST04486,2025-09-18,5,Delivery Speed,Excellent and fast service
FDB000358,SHP002576,CUST00124,2025-10-23,4,Customer Support,Good delivery experience
FDB000359,SHP002851,CUST03155,2025-07-06,5,Customer Support,Excellent and fast service
FDB000360,SHP000447,CUST03722,2025-01-25,2,Customer Support,Delivery was slower than expected
FDB000361,SHP000067,CUST03613,2025-02-20,4,Package Handling,Good delivery experience
FDB000362,SHP003864,CUST01446,2025-12-02,4,Customer Support,Good delivery experience
FDB000363,SHP002700,CUST01852,2025-10-02,1,Customer Support,Very poor experience
FDB000364,SHP002400,CUST04499,2025-03-12,4,Delivery Speed,Good delivery experience
FDB000365,SHP003711,CUST04595,2025-06-23,3,Customer Support,Average service
FDB000366,SHP000311,CUST02589,2025-05-28,4,Package Handling,Good delivery experience
FDB000367,SHP004091,CUST01941,2025-09-30,3,Courier Behavior,Average service
FDB000368,SHP002897,CUST02400,2025-08-27,4,Package Handling,Good delivery experience
FDB000369,SHP002529,CUST02252,2025-06-22,5,Customer Support,Excellent and fast service
FDB000370,SHP002349,CUST03745,2025-04-23,5,Delivery Speed,Excellent and fast service
FDB000371,SHP004415,CUST00317,2025-04-27,3,Customer Support,Average service
FDB000372,SHP002565,CUST02740,2025-07-15,5,Package Handling,Excellent and fast service
FDB000373,SHP001850,CUST03326,2025-11-02,4,Courier Behavior,Good delivery experience
FDB000374,SHP002631,CUST03486,2025-03-12,5,Courier Behavior,Excellent and fast service
FDB000375,SHP002745,CUST02930,2025-09-28,5,Package Handling,Excellent and fast service
FDB000376,SHP003222,CUST02559,2025-09-12,4,Delivery Speed,Good delivery experience
FDB000377,SHP002549,CUST00442,2025-12-12,5,Customer Support,Excellent and fast service
FDB000378,SHP002515,CUST04752,2025-08-07,2,Courier Behavior,Delivery was slower than expected
FDB000379,SHP002015,CUST03134,2025-02-09,5,Customer Support,Excellent and fast service
FDB000380,SHP004534,CUST03254,2025-10-17,4,Package Handling,Good delivery experience
FDB000381,SHP002899,CUST02799,2025-04-19,5,Overall Service,Excellent and fast service
FDB000382,SHP001900,CUST01838,2025-01-15,5,Courier Behavior,Excellent and fast service
FDB000383,SHP000731,CUST01910,2025-05-25,2,Package Handling,Delivery was slower than expected
FDB000384,SHP001744,CUST03092,2025-01-21,3,Package Handling,Average service
FDB000385,SHP001958,CUST02136,2025-03-27,5,Package Handling,Excellent and fast service
FDB000386,SHP004912,CUST04223,2025-12-22,5,Package Handling,Excellent and fast service
FDB000387,SHP003428,CUST03501,2025-02-13,1,Courier Behavior,Very poor experience
FDB000388,SHP002670,CUST03100,2025-05-10,4,Customer Support,Good delivery experience
FDB000389,SHP000262,CUST04624,2025-05-17,4,Customer Support,Good delivery experience
FDB000390,SHP003080,CUST03477,2025-05-19,4,Overall Service,Good delivery experience
FDB000391,SHP000324,CUST00260,2025-10-19,4,Customer Support,Good delivery experience
FDB000392,SHP003787,CUST00246,2025-08-20,3,Courier Behavior,Average service
FDB000393,SHP003476,CUST02194,2025-01-05,4,Delivery Speed,Good delivery experience
FDB000394,SHP003432,CUST00067,2025-03-11,3,Courier Behavior,Average service
FDB000395,SHP003388,CUST02032,2025-02-08,2,Customer Support,Delivery was slower than expected
FDB000396,SHP001759,CUST03292,2025-12-05,3,Courier Behavior,Average service
FDB000397,SHP000550,CUST00487,2025-03-26,5,Delivery Speed,Excellent and fast service
FDB000398,SHP001563,CUST01266,2025-01-05,4,Courier Behavior,Good delivery experience
FDB000399,SHP002242,CUST00085,2025-05-17,1,Customer Support,Very poor experience
FDB000400,SHP004301,CUST03739,2025-08-05,5,Delivery Speed,Excellent and fast service
FDB000401,SHP004995,CUST04202,2025-05-05,4,Package Handling,Good delivery experience
FDB000402,SHP004139,CUST04187,2025-09-21,4,Courier Behavior,Good delivery experience
FDB000403,SHP002458,CUST01047,2025-12-21,3,Customer Support,Average service
FDB000404,SHP001755,CUST02653,2025-03-01,4,Delivery Speed,Good delivery experience
FDB000405,SHP004518,CUST00495,2025-08-30,3,Overall Service,Average service
FDB000406,SHP003917,CUST01728,2025-08-17,4,Courier Behavior,Good delivery experience
FDB000407,SHP000634,CUST01355,2025-10-24,5,Delivery Speed,Excellent and fast service
FDB000408,SHP002510,CUST01412,2025-02-09,2,Overall Service,Delivery was slower than expected
FDB000409,SHP003075,CUST01711,2025-09-12,2,Courier Behavior,Delivery was slower than expected
FDB000410,SHP003520,CUST03004,2025-03-22,4,Overall Service,Good delivery experience
FDB000411,SHP001095,CUST01817,2025-09-23,3,Customer Support,Average service
FDB000412,SHP001425,CUST01116,2025-09-05,4,Delivery Speed,Good delivery experience
FDB000413,SHP001301,CUST04743,2025-01-22,4,Customer Support,Good delivery experience
FDB000414,SHP003481,CUST04355,2025-08-14,4,Courier Behavior,Good delivery experience
FDB000415,SHP001411,CUST00431,2025-12-15,4,Package Handling,Good delivery experience
FDB000416,SHP001244,CUST00156,2025-12-10,4,Courier Behavior,Good delivery experience
FDB000417,SHP003788,CUST03241,2025-02-06,4,Package Handling,Good delivery experience
FDB000418,SHP004413,CUST03461,2025-09-23,5,Delivery Speed,Excellent and fast service
FDB000419,SHP002183,CUST04753,2025-07-18,5,Overall Service,Excellent and fast service
FDB000420,SHP002981,CUST01142,2025-02-28,4,Overall Service,Good delivery experience
FDB000421,SHP004942,CUST00642,2025-02-28,4,Delivery Speed,Good delivery experience
FDB000422,SHP000753,CUST02766,2025-10-19,4,Delivery Speed,Good delivery experience
FDB000423,SHP000784,CUST01269,2025-01-06,4,Package Handling,Good delivery experience
FDB000424,SHP001621,CUST01566,2025-02-25,4,Package Handling,Good delivery experience
FDB000425,SHP003802,CUST02722,2025-05-15,3,Courier Behavior,Average service
FDB000426,SHP000060,CUST04517,2025-09-28,5,Customer Support,Excellent and fast service
FDB000427,SHP003263,CUST00395,2025-01-21,5,Delivery Speed,Excellent and fast service
FDB000428,SHP002753,CUST00208,2025-03-15,4,Customer Support,Good delivery experience
FDB000429,SHP001933,CUST01662,2025-08-28,5,Overall Service,Excellent and fast service
FDB000430,SHP003158,CUST02103,2025-12-17,3,Customer Support,Average service
FDB000431,SHP004826,CUST03500,2025-05-12,2,Courier Behavior,Delivery was slower than expected
FDB000432,SHP003785,CUST02056,2025-10-08,1,Customer Support,Very poor experience
FDB000433,SHP004803,CUST03561,2025-03-17,5,Delivery Speed,Excellent and fast service
FDB000434,SHP002383,CUST04161,2025-01-23,4,Overall Service,Good delivery experience
FDB000435,SHP004184,CUST00292,2025-09-06,5,Package Handling,Excellent and fast service
FDB000436,SHP000192,CUST01253,2025-07-12,5,Courier Behavior,Excellent and fast service
FDB000437,SHP000785,CUST00476,2025-06-17,5,Delivery Speed,Excellent and fast service
FDB000438,SHP003825,CUST00838,2025-07-09,4,Customer Support,Good delivery experience
FDB000439,SHP002806,CUST05000,2025-02-12,3,Package Handling,Average service
FDB000440,SHP001518,CUST00450,2025-02-08,5,Package Handling,Excellent and fast service
FDB000441,SHP000426,CUST03418,2025-09-01,1,Customer Support,Very poor experience
FDB000442,SHP001576,CUST00305,2025-06-14,4,Customer Support,Good delivery experience
FDB000443,SHP000412,CUST01330,2025-05-22,3,Delivery Speed,Average service
FDB000444,SHP001727,CUST03949,2025-08-16,5,Delivery Speed,Excellent and fast service
FDB000445,SHP004548,CUST00976,2025-01-05,4,Package Handling,Good delivery experience
FDB000446,SHP001819,CUST02531,2025-11-10,1,Package Handling,Very poor experience
FDB000447,SHP004797,CUST02034,2025-12-29,5,Delivery Speed,Excellent and fast service
FDB000448,SHP000248,CUST04588,2025-04-17,5,Courier Behavior,Excellent and fast service
FDB000449,SHP002958,CUST03932,2025-06-25,5,Overall Service,Excellent and fast service
FDB000450,SHP003417,CUST02998,2025-02-16,1,Customer Support,Very poor experience
FDB000451,SHP001068,CUST02527,2025-08-15,4,Customer Support,Good delivery experience
FDB000452,SHP003105,CUST04845,2025-03-27,5,Delivery Speed,Excellent and fast service
FDB000453,SHP001513,CUST02665,2025-07-19,4,Courier Behavior,Good delivery experience
FDB000454,SHP004540,CUST00740,2025-03-01,4,Courier Behavior,Good delivery experience
FDB000455,SHP002156,CUST04538,2025-04-11,4,Courier Behavior,Good delivery experience
FDB000456,SHP001482,CUST01416,2025-08-12,4,Package Handling,Good delivery experience
FDB000457,SHP000491,CUST04022,2025-04-04,3,Overall Service,Average service
FDB000458,SHP001972,CUST02977,2025-09-16,3,Overall Service,Average service
FDB000459,SHP001509,CUST03622,2025-05-19,3,Overall Service,Average service
FDB000460,SHP001559,CUST02666,2025-09-19,4,Customer Support,Good delivery experience
FDB000461,SHP000704,CUST01241,2025-03-29,4,Courier Behavior,Good delivery experience
FDB000462,SHP001963,CUST03718,2025-01-30,4,Delivery Speed,Good delivery experience
FDB000463,SHP001997,CUST04063,2025-04-08,4,Customer Support,Good delivery experience
FDB000464,SHP002150,CUST00170,2025-07-04,4,Courier Behavior,Good delivery experience
FDB000465,SHP002936,CUST03605,2025-09-15,4,Courier Behavior,Good delivery experience
FDB000466,SHP004314,CUST02634,2025-12-14,4,Customer Support,Good delivery experience
FDB000467,SHP001533,CUST00727,2025-01-31,5,Delivery Speed,Excellent and fast service
FDB000468,SHP003546,CUST04197,2025-07-20,5,Package Handling,Excellent and fast service
FDB000469,SHP003483,CUST01921,2025-03-16,2,Package Handling,Delivery was slower than expected
FDB000470,SHP002023,CUST03673,2025-08-23,3,Overall Service,Average service
FDB000471,SHP003084,CUST04134,2025-01-21,4,Customer Support,Good delivery experience
FDB000472,SHP000925,CUST00006,2025-09-18,2,Overall Service,Delivery was slower than expected
FDB000473,SHP002284,CUST03251,2025-07-14,5,Courier Behavior,Excellent and fast service
FDB000474,SHP004658,CUST04780,2025-11-19,4,Courier Behavior,Good delivery experience
FDB000475,SHP004706,CUST04304,2025-03-12,5,Package Handling,Excellent and fast service
FDB000476,SHP002625,CUST02761,2025-08-23,3,Customer Support,Average service
FDB000477,SHP002283,CUST04144,2025-01-09,2,Customer Support,Delivery was slower than expected
FDB000478,SHP000603,CUST03787,2025-08-20,5,Courier Behavior,Excellent and fast service
FDB000479,SHP001117,CUST03397,2025-09-09,5,Overall Service,Excellent and fast service
FDB000480,SHP003557,CUST00990,2025-05-25,5,Customer Support,Excellent and fast service
FDB000481,SHP003169,CUST02478,2025-05-19,5,Customer Support,Excellent and fast service
FDB000482,SHP001329,CUST02265,2025-07-16,5,Customer Support,Excellent and fast service
FDB000483,SHP004072,CUST04044,2025-04-06,3,Overall Service,Average service
FDB000484,SHP001371,CUST04515,2025-07-12,4,Package Handling,Good delivery experience
FDB000485,SHP003673,CUST01862,2025-03-16,4,Customer Support,Good delivery experience
FDB000486,SHP001133,CUST02266,2025-12-16,4,Customer Support,Good delivery experience
FDB000487,SHP002361,CUST03175,2025-09-26,5,Courier Behavior,Excellent and fast service
FDB000488,SHP001771,CUST03095,2025-04-17,3,Overall Service,Average service
FDB000489,SHP001515,CUST04959,2025-02-17,5,Delivery Speed,Excellent and fast service
FDB000490,SHP004475,CUST01917,2025-04-16,5,Delivery Speed,Excellent and fast service
FDB000491,SHP004290,CUST00182,2025-10-15,3,Package Handling,Average service
FDB000492,SHP004646,CUST03120,2025-12-12,3,Delivery Speed,Average service
FDB000493,SHP001334,CUST00727,2025-12-17,4,Overall Service,Good delivery experience
FDB000494,SHP000469,CUST01409,2025-05-02,4,Customer Support,Good delivery experience
FDB000495,SHP003515,CUST03674,2025-10-15,1,Delivery Speed,Very poor experience
FDB000496,SHP003664,CUST00574,2025-01-26,1,Delivery Speed,Very poor experience
FDB000497,SHP004913,CUST00952,2025-06-01,4,Customer Support,Good delivery experience
FDB000498,SHP000030,CUST01911,2025-02-10,1,Delivery Speed,Very poor experience
FDB000499,SHP001021,CUST00421,2025-03-23,4,Delivery Speed,Good delivery experience
FDB000500,SHP004830,CUST00899,2025-01-01,2,Overall Service,Delivery was slower than expected
FDB000501,SHP004153,CUST03216,2025-01-19,4,Overall Service,Good delivery experience
FDB000502,SHP003368,CUST03044,2025-05-10,4,Customer Support,Good delivery experience
FDB000503,SHP004792,CUST00560,2025-03-05,3,Delivery Speed,Average service
FDB000504,SHP002293,CUST03283,2025-12-03,4,Customer Support,Good delivery experience
FDB000505,SHP000666,CUST01378,2025-09-09,4,Overall Service,Good delivery experience
FDB000506,SHP001736,CUST03122,2025-07-22,4,Customer Support,Good delivery experience
FDB000507,SHP002822,CUST03860,2025-05-19,5,Customer Support,Excellent and fast service
FDB000508,SHP003928,CUST04362,2025-02-19,5,Package Handling,Excellent and fast service
FDB000509,SHP003381,CUST02492,2025-02-13,5,Package Handling,Excellent and fast service
FDB000510,SHP001633,CUST03527,2025-01-19,4,Courier Behavior,Good delivery experience
FDB000511,SHP000844,CUST02280,2025-02-23,4,Overall Service,Good delivery experience
FDB000512,SHP001164,CUST04771,2025-07-02,2,Delivery Speed,Delivery was slower than expected
FDB000513,SHP004111,CUST01665,2025-12-03,1,Overall Service,Very poor experience
FDB000514,SHP000475,CUST02555,2025-02-17,3,Overall Service,Average service
FDB000515,SHP000197,CUST04687,2025-11-15,5,Overall Service,Excellent and fast service
FDB000516,SHP000452,CUST03691,2025-11-09,4,Customer Support,Good delivery experience
FDB000517,SHP004790,CUST03654,2025-08-07,1,Customer Support,Very poor experience
FDB000518,SHP002282,CUST01796,2025-02-06,1,Delivery Speed,Very poor experience
FDB000519,SHP000422,CUST01595,2025-08-28,4,Overall Service,Good delivery experience
FDB000520,SHP000913,CUST01860,2025-11-23,4,Customer Support,Good delivery experience
FDB000521,SHP001393,CUST04054,2025-07-01,5,Customer Support,Excellent and fast service
FDB000522,SHP003001,CUST02380,2025-06-22,4,Courier Behavior,Good delivery experience
FDB000523,SHP001456,CUST02449,2025-12-06,4,Package Handling,Good delivery experience
FDB000524,SHP002974,CUST01476,2025-11-13,1,Overall Service,Very poor experience
FDB000525,SHP003053,CUST02008,2025-01-12,3,Package Handling,Average service
FDB000526,SHP003306,CUST03203,2025-02-05,3,Package Handling,Average service
FDB000527,SHP002877,CUST01166,2025-05-25,2,Package Handling,Delivery was slower than expected
FDB000528,SHP004230,CUST01998,2025-02-11,5,Overall Service,Excellent and fast service
FDB000529,SHP002785,CUST02184,2025-06-10,4,Delivery Speed,Good delivery experience
FDB000530,SHP000798,CUST02805,2025-01-25,5,Delivery Speed,Excellent and fast service
FDB000531,SHP003641,CUST02504,2025-10-29,3,Delivery Speed,Average service
FDB000532,SHP003478,CUST04720,2025-07-19,4,Delivery Speed,Good delivery experience
FDB000533,SHP004335,CUST03448,2025-01-31,4,Overall Service,Good delivery experience
FDB000534,SHP001214,CUST03290,2025-10-17,5,Package Handling,Excellent and fast service
FDB000535,SHP002386,CUST02416,2025-06-15,5,Delivery Speed,Excellent and fast service
FDB000536,SHP000903,CUST00106,2025-10-21,5,Overall Service,Excellent and fast service
FDB000537,SHP002700,CUST01835,2025-09-02,5,Delivery Speed,Excellent and fast service
FDB000538,SHP001694,CUST02246,2025-01-25,5,Courier Behavior,Excellent and fast service
FDB000539,SHP004436,CUST04316,2025-12-03,5,Courier Behavior,Excellent and fast service
FDB000540,SHP001811,CUST03812,2025-11-21,1,Package Handling,Very poor experience
FDB000541,SHP004802,CUST03806,2025-12-17,5,Customer Support,Excellent and fast service
FDB000542,SHP000707,CUST02530,2025-08-03,3,Overall Service,Average service
FDB000543,SHP002840,CUST01593,2025-03-26,4,Customer Support,Good delivery experience
FDB000544,SHP000010,CUST01049,2025-04-11,5,Delivery Speed,Excellent and fast service
FDB000545,SHP003276,CUST04407,2025-01-27,5,Customer Support,Excellent and fast service
FDB000546,SHP001187,CUST01506,2025-05-04,3,Package Handling,Average service
FDB000547,SHP001198,CUST04088,2025-11-04,3,Delivery Speed,Average service
FDB000548,SHP002078,CUST01339,2025-10-05,3,Courier Behavior,Average service
FDB000549,SHP003316,CUST04346,2025-10-07,4,Overall Service,Good delivery experience
FDB000550,SHP000668,CUST03637,2025-10-09,4,Delivery Speed,Good delivery experience
FDB000551,SHP002311,CUST01424,2025-04-15,3,Courier Behavior,Average service
FDB000552,SHP001703,CUST03967,2025-02-06,5,Overall Service,Excellent and fast service
FDB000553,SHP003707,CUST00797,2025-06-28,4,Customer Support,Good delivery experience
FDB000554,SHP003067,CUST02506,2025-11-05,3,Overall Service,Average service
FDB000555,SHP002173,CUST02569,2025-02-14,1,Courier Behavior,Very poor experience
FDB000556,SHP004534,CUST03979,2025-01-24,4,Delivery Speed,Good delivery experience
FDB000557,SHP004967,CUST00481,2025-12-26,3,Delivery Speed,Average service
FDB000558,SHP002476,CUST04899,2025-08-16,4,Package Handling,Good delivery experience
FDB000559,SHP002015,CUST00630,2025-02-05,5,Courier Behavior,Excellent and fast service
FDB000560,SHP001452,CUST00621,2025-09-08,5,Package Handling,Excellent and fast service
FDB000561,SHP000439,CUST01085,2025-05-07,4,Courier Behavior,Good delivery experience
FDB000562,SHP000864,CUST04355,2025-12-30,1,Courier Behavior,Very poor experience
FDB000563,SHP004658,CUST01423,2025-12-23,3,Courier Behavior,Average service
FDB000564,SHP003786,CUST04961,2025-05-24,5,Customer Support,Excellent and fast service
FDB000565,SHP000428,CUST04016,2025-03-21,4,Overall Service,Good delivery experience
FDB000566,SHP001334,CUST00678,2025-11-08,1,Customer Support,Very poor experience
FDB000567,SHP004894,CUST04410,2025-12-07,4,Courier Behavior,Good delivery experience
FDB000568,SHP003846,CUST00540,2025-06-29,3,Customer Support,Average service
FDB000569,SHP004662,CUST01924,2025-12-28,4,Package Handling,Good delivery experience
FDB000570,SHP000704,CUST03294,2025-12-15,1,Package Handling,Very poor experience
FDB000571,SHP001792,CUST03958,2025-07-29,5,Courier Behavior,Excellent and fast service
FDB000572,SHP001896,CUST02775,2025-07-13,4,Delivery Speed,Good delivery experience
FDB000573,SHP003737,CUST02337,2025-03-27,5,Delivery Speed,Excellent and fast service
FDB000574,SHP001053,CUST00077,2025-04-17,2,Customer Support,Delivery was slower than expected
FDB000575,SHP002019,CUST04739,2025-04-04,4,Customer Support,Good delivery experience
FDB000576,SHP004452,CUST04430,2025-06-07,5,Customer Support,Excellent and fast service
FDB000577,SHP002784,CUST01931,2025-02-16,4,Customer Support,Good delivery experience
FDB000578,SHP003018,CUST01526,2025-07-30,4,Overall Service,Good delivery experience
FDB000579,SHP002498,CUST03429,2025-05-29,5,Package Handling,Excellent and fast service
FDB000580,SHP002203,CUST03188,2025-06-21,5,Delivery Speed,Excellent and fast service
FDB000581,SHP002917,CUST04117,2025-12-14,1,Package Handling,Very poor experience
FDB000582,SHP003699,CUST03084,2025-12-01,1,Delivery Speed,Very poor experience
FDB000583,SHP003246,CUST04913,2025-03-24,5,Overall Service,Excellent and fast service
FDB000584,SHP003308,CUST03719,2025-07-26,3,Package Handling,Average service
FDB000585,SHP004203,CUST03827,2025-07-16,4,Overall Service,Good delivery experience
FDB000586,SHP000693,CUST01120,2025-10-08,3,Delivery Speed,Average service
FDB000587,SHP003519,CUST00316,2025-11-17,2,Customer Support,Delivery was slower than expected
FDB000588,SHP002790,CUST00484,2025-06-11,2,Customer Support,Delivery was slower than expected
FDB000589,SHP001280,CUST02212,2025-12-03,5,Delivery Speed,Excellent and fast service
FDB000590,SHP004501,CUST04480,2025-08-30,3,Courier Behavior,Average service
FDB000591,SHP002144,CUST04065,2025-11-22,3,Courier Behavior,Average service
FDB000592,SHP003110,CUST02689,2025-09-06,5,Overall Service,Excellent and fast service
FDB000593,SHP004739,CUST04224,2025-04-25,1,Courier Behavior,Very poor experience
FDB000594,SHP000792,CUST02982,2025-08-22,4,Courier Behavior,Good delivery experience
FDB000595,SHP003690,CUST01984,2025-10-23,3,Delivery Speed,Average service
FDB000596,SHP000188,CUST03243,2025-11-28,3,Package Handling,Average service
FDB000597,SHP001150,CUST02019,2025-02-17,3,Customer Support,Average service
FDB000598,SHP003556,CUST01884,2025-07-30,3,Overall Service,Average service
FDB000599,SHP003777,CUST00658,2025-06-13,4,Delivery Speed,Good delivery experience
FDB000600,SHP000387,CUST02202,2025-06-28,4,Overall Service,Good delivery experience
FDB000601,SHP000391,CUST03086,2025-02-23,3,Package Handling,Average service
FDB000602,SHP000322,CUST04727,2025-06-28,4,Courier Behavior,Good delivery experience
FDB000603,SHP003012,CUST03302,2025-06-21,4,Courier Behavior,Good delivery experience
FDB000604,SHP003966,CUST03299,2025-04-25,4,Overall Service,Good delivery experience
FDB000605,SHP004217,CUST01741,2025-05-24,2,Customer Support,Delivery was slower than expected
FDB000606,SHP000972,CUST00424,2025-05-05,5,Customer Support,Excellent and fast service
FDB000607,SHP000157,CUST04836,2025-02-01,3,Delivery Speed,Average service
FDB000608,SHP002344,CUST03983,2025-12-24,2,Courier Behavior,Delivery was slower than expected
FDB000609,SHP003204,CUST02257,2025-01-30,2,Package Handling,Delivery was slower than expected
FDB000610,SHP000265,CUST01860,2025-06-22,4,Overall Service,Good delivery experience
FDB000611,SHP000393,CUST00863,2025-12-31,5,Overall Service,Excellent and fast service
FDB000612,SHP002893,CUST02269,2025-02-06,2,Customer Support,Delivery was slower than expected
FDB000613,SHP003552,CUST00770,2025-10-29,4,Courier Behavior,Good delivery experience
FDB000614,SHP003729,CUST02896,2025-07-18,5,Delivery Speed,Excellent and fast service
FDB000615,SHP004577,CUST03262,2025-09-11,2,Overall Service,Delivery was slower than expected
FDB000616,SHP001375,CUST03630,2025-03-27,3,Overall Service,Average service
FDB000617,SHP001221,CUST03644,2025-03-09,3,Customer Support,Average service
FDB000618,SHP002894,CUST01041,2025-07-16,4,Package Handling,Good delivery experience
FDB000619,SHP002839,CUST01379,2025-09-23,1,Overall Service,Very poor experience
FDB000620,SHP001117,CUST04166,2025-03-27,4,Package Handling,Good delivery experience
FDB000621,SHP001774,CUST01448,2025-11-08,4,Customer Support,Good delivery experience
FDB000622,SHP004937,CUST04658,2025-08-09,4,Courier Behavior,Good delivery experience
FDB000623,SHP003625,CUST01369,2025-08-30,1,Package Handling,Very poor experience
FDB000624,SHP003888,CUST00700,2025-08-24,5,Delivery Speed,Excellent and fast service
FDB000625,SHP001229,CUST02426,2025-07-08,4,Courier Behavior,Good delivery experience
FDB000626,SHP003057,CUST00142,2025-05-09,5,Package Handling,Excellent and fast service
FDB000627,SHP001670,CUST01211,2025-04-20,4,Overall Service,Good delivery experience
FDB000628,SHP000511,CUST02464,2025-09-04,4,Overall Service,Good delivery experience
FDB000629,SHP001692,CUST04670,2025-07-21,4,Customer Support,Good delivery experience
FDB000630,SHP000555,CUST03373,2025-01-08,5,Courier Behavior,Excellent and fast service
FDB000631,SHP002509,CUST04400,2025-06-08,3,Courier Behavior,Average service
FDB000632,SHP003288,CUST02712,2025-03-18,4,Courier Behavior,Good delivery experience
FDB000633,SHP004705,CUST01523,2025-12-13,3,Courier Behavior,Average service
FDB000634,SHP001791,CUST00307,2025-08-16,5,Overall Service,Excellent and fast service
FDB000635,SHP004355,CUST04748,2025-09-25,1,Delivery Speed,Very poor experience
FDB000636,SHP004402,CUST02065,2025-04-17,1,Delivery Speed,Very poor experience
FDB000637,SHP002064,CUST04797,2025-09-03,4,Delivery Speed,Good delivery experience
FDB000638,SHP002670,CUST02842,2025-07-07,2,Courier Behavior,Delivery was slower than expected
FDB000639,SHP000944,CUST02251,2025-03-21,3,Package Handling,Average service
FDB000640,SHP000636,CUST03628,2025-05-30,5,Customer Support,Excellent and fast service
FDB000641,SHP002515,CUST02181,2025-09-19,5,Customer Support,Excellent and fast service
FDB000642,SHP003203,CUST02535,2025-05-20,4,Delivery Speed,Good delivery experience
FDB000643,SHP001918,CUST03188,2025-08-01,5,Customer Support,Excellent and fast service
FDB000644,SHP001924,CUST01527,2025-11-08,4,Courier Behavior,Good delivery experience
FDB000645,SHP003604,CUST00125,2025-06-17,5,Delivery Speed,Excellent and fast service
FDB000646,SHP000423,CUST04381,2025-07-01,3,Courier Behavior,Average service
FDB000647,SHP004373,CUST00328,2025-04-28,5,Delivery Speed,Excellent and fast service
FDB000648,SHP001631,CUST01250,2025-07-29,4,Courier Behavior,Good delivery experience
FDB000649,SHP002284,CUST00957,2025-09-25,5,Customer Support,Excellent and fast service
FDB000650,SHP004141,CUST02337,2025-01-19,5,Package Handling,Excellent and fast service
FDB000651,SHP002966,CUST01298,2025-03-19,5,Customer Support,Excellent and fast service
FDB000652,SHP001471,CUST01698,2025-09-03,5,Delivery Speed,Excellent and fast service
FDB000653,SHP003623,CUST03443,2025-11-05,3,Courier Behavior,Average service
FDB000654,SHP001757,CUST00362,2025-03-16,3,Customer Support,Average service
FDB000655,SHP004235,CUST01038,2025-10-15,4,Overall Service,Good delivery experience
FDB000656,SHP002389,CUST00796,2025-11-20,3,Package Handling,Average service
FDB000657,SHP004646,CUST02381,2025-01-15,5,Overall Service,Excellent and fast service
FDB000658,SHP004424,CUST00707,2025-04-12,4,Package Handling,Good delivery experience
FDB000659,SHP003032,CUST01168,2025-03-20,3,Package Handling,Average service
FDB000660,SHP001465,CUST02231,2025-11-01,3,Overall Service,Average service
FDB000661,SHP000532,CUST00909,2025-12-03,1,Courier Behavior,Very poor experience
FDB000662,SHP000232,CUST01266,2025-03-30,4,Customer Support,Good delivery experience
FDB000663,SHP002800,CUST01852,2025-08-02,1,Delivery Speed,Very poor experience
FDB000664,SHP000126,CUST00977,2025-03-25,5,Package Handling,Excellent and fast service
FDB000665,SHP001085,CUST04928,2025-06-29,4,Delivery Speed,Good delivery experience
FDB000666,SHP000862,CUST03151,2025-02-17,5,Customer Support,Excellent and fast service
FDB000667,SHP001246,CUST02085,2025-04-08,4,Delivery Speed,Good delivery experience
FDB000668,SHP004465,CUST01866,2025-08-18,5,Delivery Speed,Excellent and fast service
FDB000669,SHP000829,CUST02699,2025-03-03,3,Overall Service,Average service
FDB000670,SHP002651,CUST04786,2025-12-11,5,Customer Support,Excellent and fast service
FDB000671,SHP003554,CUST01491,2025-09-28,5,Overall Service,Excellent and fast service
FDB000672,SHP003382,CUST01074,2025-06-26,1,Package Handling,Very poor experience
FDB000673,SHP003232,CUST02911,2025-03-03,1,Overall Service,Very poor experience
FDB000674,SHP000242,CUST02850,2025-02-18,5,Delivery Speed,Excellent and fast service
FDB000675,SHP001091,CUST04667,2025-04-10,3,Courier Behavior,Average service
FDB000676,SHP003003,CUST01940,2025-08-19,5,Package Handling,Excellent and fast service
FDB000677,SHP000885,CUST04143,2025-04-22,3,Package Handling,Average service
FDB000678,SHP001830,CUST00464,2025-05-13,4,Overall Service,Good delivery experience
FDB000679,SHP004214,CUST01712,2025-06-03,3,Delivery Speed,Average service
FDB000680,SHP004659,CUST02530,2025-08-24,5,Overall Service,Excellent and fast service
FDB000681,SHP003346,CUST00128,2025-01-10,5,Customer Support,Excellent and fast service
FDB000682,SHP003274,CUST02555,2025-04-25,5,Delivery Speed,Excellent and fast service
FDB000683,SHP001277,CUST04275,2025-07-29,5,Courier Behavior,Excellent and fast service
FDB000684,SHP000756,CUST04948,2025-10-12,4,Courier Behavior,Good delivery experience
FDB000685,SHP004937,CUST00623,2025-01-25,2,Overall Service,Delivery was slower than expected
FDB000686,SHP004863,CUST03306,2025-08-04,4,Courier Behavior,Good delivery experience
FDB000687,SHP002154,CUST03435,2025-01-07,4,Delivery Speed,Good delivery experience
FDB000688,SHP001000,CUST00040,2025-04-02,5,Delivery Speed,Excellent and fast service
FDB000689,SHP003546,CUST01900,2025-04-09,5,Overall Service,Excellent and fast service
FDB000690,SHP003065,CUST03709,2025-04-01,2,Package Handling,Delivery was slower than expected
FDB000691,SHP004941,CUST00682,2025-11-06,4,Delivery Speed,Good delivery experience
FDB000692,SHP004615,CUST01494,2025-01-20,4,Package Handling,Good delivery experience
FDB000693,SHP000648,CUST02514,2025-02-23,4,Delivery Speed,Good delivery experience
FDB000694,SHP000243,CUST04973,2025-08-17,4,Courier Behavior,Good delivery experience
FDB000695,SHP002619,CUST00956,2025-01-07,5,Package Handling,Excellent and fast service
FDB000696,SHP003457,CUST03907,2025-06-17,4,Overall Service,Good delivery experience
FDB000697,SHP004467,CUST03394,2025-05-15,4,Customer Support,Good delivery experience
FDB000698,SHP004481,CUST00093,2025-05-27,4,Package Handling,Good delivery experience
FDB000699,SHP003329,CUST04537,2025-12-12,3,Delivery Speed,Average service
FDB000700,SHP003302,CUST03050,2025-05-18,5,Customer Support,Excellent and fast service
FDB000701,SHP000092,CUST04782,2025-03-05,5,Customer Support,Excellent and fast service
FDB000702,SHP000992,CUST00555,2025-02-15,5,Overall Service,Excellent and fast service
FDB000703,SHP000234,CUST03188,2025-01-29,5,Courier Behavior,Excellent and fast service
FDB000704,SHP001662,CUST04837,2025-10-21,5,Courier Behavior,Excellent and fast service
FDB000705,SHP002385,CUST02964,2025-11-26,5,Package Handling,Excellent and fast service
FDB000706,SHP003982,CUST03233,2025-01-20,5,Delivery Speed,Excellent and fast service
FDB000707,SHP004890,CUST00666,2025-04-01,3,Delivery Speed,Average service
FDB000708,SHP003591,CUST02223,2025-05-05,3,Customer Support,Average service
FDB000709,SHP001955,CUST04953,2025-04-06,4,Courier Behavior,Good delivery experience
FDB000710,SHP000554,CUST00829,2025-05-11,4,Delivery Speed,Good delivery experience
FDB000711,SHP002748,CUST00945,2025-09-26,5,Package Handling,Excellent and fast service
FDB000712,SHP002144,CUST02751,2025-12-06,3,Overall Service,Average service
FDB000713,SHP004403,CUST04417,2025-08-05,4,Overall Service,Good delivery experience
FDB000714,SHP003214,CUST03798,2025-08-01,4,Courier Behavior,Good delivery experience
FDB000715,SHP004279,CUST04857,2025-05-26,5,Delivery Speed,Excellent and fast service
FDB000716,SHP000523,CUST00962,2025-06-20,4,Delivery Speed,Good delivery experience
FDB000717,SHP004360,CUST01258,2025-09-18,4,Courier Behavior,Good delivery experience
FDB000718,SHP000322,CUST02979,2025-09-12,1,Overall Service,Very poor experience
FDB000719,SHP004944,CUST02762,2025-09-29,4,Delivery Speed,Good delivery experience
FDB000720,SHP000849,CUST03300,2025-07-06,5,Customer Support,Excellent and fast service
FDB000721,SHP001867,CUST00310,2025-11-16,5,Overall Service,Excellent and fast service
FDB000722,SHP002921,CUST02816,2025-01-28,4,Package Handling,Good delivery experience
FDB000723,SHP003665,CUST03330,2025-03-22,3,Overall Service,Average service
FDB000724,SHP001462,CUST02970,2025-01-02,4,Delivery Speed,Good delivery experience
FDB000725,SHP000189,CUST04806,2025-04-26,3,Delivery Speed,Average service
FDB000726,SHP004577,CUST02219,2025-12-04,4,Customer Support,Good delivery experience
FDB000727,SHP002301,CUST02659,2025-01-11,5,Package Handling,Excellent and fast service
FDB000728,SHP001559,CUST01366,2025-04-26,5,Package Handling,Excellent and fast service
FDB000729,SHP004720,CUST01774,2025-10-03,1,Package Handling,Very poor experience
FDB000730,SHP004732,CUST02935,2025-01-09,4,Overall Service,Good delivery experience
FDB000731,SHP002363,CUST00517,2025-10-19,3,Courier Behavior,Average service
FDB000732,SHP001319,CUST02343,2025-07-07,5,Courier Behavior,Excellent and fast service
FDB000733,SHP003044,CUST00794,2025-03-09,5,Delivery Speed,Excellent and fast service
FDB000734,SHP002664,CUST04898,2025-07-03,4,Package Handling,Good delivery experience
FDB000735,SHP001033,CUST02953,2025-10-11,5,Overall Service,Excellent and fast service
FDB000736,SHP002859,CUST00952,2025-09-06,4,Overall Service,Good delivery experience
FDB000737,SHP001712,CUST00730,2025-03-11,3,Delivery Speed,Average service
FDB000738,SHP004900,CUST04151,2025-12-23,5,Courier Behavior,Excellent and fast service
FDB000739,SHP000987,CUST00012,2025-12-11,5,Overall Service,Excellent and fast service
FDB000740,SHP001051,CUST04824,2025-06-14,3,Delivery Speed,Average service
FDB000741,SHP004458,CUST01984,2025-08-04,4,Courier Behavior,Good delivery experience
FDB000742,SHP003303,CUST00546,2025-05-21,3,Delivery Speed,Average service
FDB000743,SHP004293,CUST04546,2025-03-01,4,Customer Support,Good delivery experience
FDB000744,SHP003329,CUST03257,2025-04-29,3,Courier Behavior,Average service
FDB000745,SHP003328,CUST04204,2025-01-08,3,Overall Service,Average service
FDB000746,SHP004900,CUST00893,2025-03-04,5,Package Handling,Excellent and fast service
FDB000747,SHP003470,CUST03779,2025-01-30,3,Delivery Speed,Average service
FDB000748,SHP002057,CUST03339,2025-11-09,4,Package Handling,Good delivery experience
FDB000749,SHP002519,CUST03935,2025-05-20,5,Customer Support,Excellent and fast service
FDB000750,SHP003472,CUST04256,2025-01-29,1,Package Handling,Very poor experience
FDB000751,SHP000063,CUST04157,2025-04-30,4,Overall Service,Good delivery experience
FDB000752,SHP004117,CUST04087,2025-11-05,1,Delivery Speed,Very poor experience
FDB000753,SHP003650,CUST02961,2025-06-19,5,Package Handling,Excellent and fast service
FDB000754,SHP003364,CUST01717,2025-02-25,5,Delivery Speed,Excellent and fast service
FDB000755,SHP002050,CUST04835,2025-10-29,5,Customer Support,Excellent and fast service
FDB000756,SHP000773,CUST04611,2025-08-02,5,Courier Behavior,Excellent and fast service
FDB000757,SHP002317,CUST00333,2025-02-08,3,Courier Behavior,Average service
FDB000758,SHP000847,CUST04819,2025-03-15,4,Overall Service,Good delivery experience
FDB000759,SHP002110,CUST03909,2025-10-29,5,Package Handling,Excellent and fast service
FDB000760,SHP003900,CUST01161,2025-08-06,5,Customer Support,Excellent and fast service
FDB000761,SHP003109,CUST00127,2025-03-12,4,Package Handling,Good delivery experience
FDB000762,SHP004096,CUST01717,2025-12-10,4,Customer Support,Good delivery experience
FDB000763,SHP000186,CUST04252,2025-12-09,5,Package Handling,Excellent and fast service
FDB000764,SHP004787,CUST02556,2025-05-25,4,Courier Behavior,Good delivery experience
FDB000765,SHP003094,CUST04379,2025-05-03,5,Overall Service,Excellent and fast service
FDB000766,SHP003771,CUST02219,2025-09-09,3,Customer Support,Average service
FDB000767,SHP000952,CUST02731,2025-09-11,4,Overall Service,Good delivery experience
FDB000768,SHP000374,CUST03419,2025-01-26,5,Courier Behavior,Excellent and fast service
FDB000769,SHP001743,CUST03112,2025-12-24,5,Courier Behavior,Excellent and fast service
FDB000770,SHP004840,CUST04321,2025-06-30,4,Package Handling,Good delivery experience
FDB000771,SHP000369,CUST01656,2025-02-13,5,Customer Support,Excellent and fast service
FDB000772,SHP002052,CUST01227,2025-01-06,4,Delivery Speed,Good delivery experience
FDB000773,SHP004141,CUST00443,2025-04-05,5,Overall Service,Excellent and fast service
FDB000774,SHP003364,CUST04320,2025-04-26,5,Customer Support,Excellent and fast service
FDB000775,SHP000012,CUST04872,2025-05-11,2,Package Handling,Delivery was slower than expected
FDB000776,SHP000190,CUST04522,2025-10-15,4,Customer Support,Good delivery experience
FDB000777,SHP002592,CUST02386,2025-09-29,4,Delivery Speed,Good delivery experience
FDB000778,SHP001916,CUST04907,2025-08-11,4,Courier Behavior,Good delivery experience
FDB000779,SHP004907,CUST03300,2025-11-16,4,Courier Behavior,Good delivery experience
FDB000780,SHP003239,CUST04813,2025-05-26,4,Overall Service,Good delivery experience
FDB000781,SHP000402,CUST03948,2025-03-12,4,Package Handling,Good delivery experience
FDB000782,SHP000753,CUST00870,2025-04-21,1,Package Handling,Very poor experience
FDB000783,SHP002565,CUST03746,2025-06-04,3,Package Handling,Average service
FDB000784,SHP002188,CUST02588,2025-04-21,4,Overall Service,Good delivery experience
FDB000785,SHP002574,CUST01142,2025-11-04,4,Package Handling,Good delivery experience
FDB000786,SHP001449,CUST01572,2025-06-29,3,Package Handling,Average service
FDB000787,SHP004313,CUST04157,2025-07-30,4,Overall Service,Good delivery experience
FDB000788,SHP003873,CUST04279,2025-01-26,5,Overall Service,Excellent and fast service
FDB000789,SHP003312,CUST00643,2025-03-13,4,Customer Support,Good delivery experience
FDB000790,SHP001250,CUST00167,2025-03-19,2,Package Handling,Delivery was slower than expected
FDB000791,SHP000591,CUST02156,2025-01-31,4,Delivery Speed,Good delivery experience
FDB000792,SHP000341,CUST03708,2025-09-22,5,Courier Behavior,Excellent and fast service
FDB000793,SHP000590,CUST01579,2025-08-31,4,Customer Support,Good delivery experience
FDB000794,SHP004917,CUST03062,2025-10-17,1,Delivery Speed,Very poor experience
FDB000795,SHP002143,CUST02927,2025-02-06,3,Package Handling,Average service
FDB000796,SHP002348,CUST04745,2025-05-18,2,Package Handling,Delivery was slower than expected
FDB000797,SHP002738,CUST02529,2025-06-22,4,Delivery Speed,Good delivery experience
FDB000798,SHP000714,CUST00803,2025-03-30,5,Overall Service,Excellent and fast service
FDB000799,SHP004356,CUST00874,2025-05-07,4,Overall Service,Good delivery experience
FDB000800,SHP001245,CUST00380,2025-10-02,1,Courier Behavior,Very poor experience
FDB000801,SHP001437,CUST04733,2025-12-12,5,Delivery Speed,Excellent and fast service
FDB000802,SHP002257,CUST02269,2025-07-03,3,Courier Behavior,Average service
FDB000803,SHP000774,CUST02988,2025-07-29,4,Package Handling,Good delivery experience
FDB000804,SHP004698,CUST01091,2025-07-30,3,Package Handling,Average service
FDB000805,SHP004805,CUST03640,2025-10-30,4,Customer Support,Good delivery experience
FDB000806,SHP001945,CUST04124,2025-06-09,2,Overall Service,Delivery was slower than expected
FDB000807,SHP000678,CUST04792,2025-07-26,5,Delivery Speed,Excellent and fast service
FDB000808,SHP001192,CUST04326,2025-03-24,3,Delivery Speed,Average service
FDB000809,SHP002980,CUST03425,2025-06-17,4,Package Handling,Good delivery experience
FDB000810,SHP004738,CUST03882,2025-11-29,1,Overall Service,Very poor experience
FDB000811,SHP004783,CUST03359,2025-11-27,2,Customer Support,Delivery was slower than expected
FDB000812,SHP004105,CUST03457,2025-10-17,4,Overall Service,Good delivery experience
FDB000813,SHP004817,CUST01871,2025-12-11,3,Package Handling,Average service
FDB000814,SHP001077,CUST00273,2025-12-12,1,Delivery Speed,Very poor experience
FDB000815,SHP000633,CUST00432,2025-01-25,3,Package Handling,Average service
FDB000816,SHP002119,CUST04120,2025-02-05,3,Customer Support,Average service
FDB000817,SHP000102,CUST04306,2025-01-10,4,Overall Service,Good delivery experience
FDB000818,SHP004795,CUST03616,2025-05-28,1,Delivery Speed,Very poor experience
FDB000819,SHP004511,CUST03155,2025-08-18,5,Package Handling,Excellent and fast service
FDB000820,SHP002434,CUST04399,2025-12-10,2,Courier Behavior,Delivery was slower than expected
FDB000821,SHP003094,CUST01258,2025-07-24,4,Overall Service,Good delivery experience
FDB000822,SHP003805,CUST01808,2025-11-09,4,Package Handling,Good delivery experience
FDB000823,SHP003911,CUST02171,2025-04-12,1,Delivery Speed,Very poor experience
FDB000824,SHP002480,CUST02798,2025-01-01,4,Delivery Speed,Good delivery experience
FDB000825,SHP001601,CUST00529,2025-05-18,5,Delivery Speed,Excellent and fast service
FDB000826,SHP002822,CUST02994,2025-11-04,5,Delivery Speed,Excellent and fast service
FDB000827,SHP003134,CUST04465,2025-01-03,4,Courier Behavior,Good delivery experience
FDB000828,SHP003932,CUST00882,2025-11-13,3,Package Handling,Average service
FDB000829,SHP003596,CUST00786,2025-09-09,5,Customer Support,Excellent and fast service
FDB000830,SHP004106,CUST04309,2025-02-12,5,Customer Support,Excellent and fast service
FDB000831,SHP001835,CUST03414,2025-06-21,5,Overall Service,Excellent and fast service
FDB000832,SHP000757,CUST03198,2025-01-06,4,Package Handling,Good delivery experience
FDB000833,SHP000953,CUST02394,2025-03-19,4,Overall Service,Good delivery experience
FDB000834,SHP004867,CUST03675,2025-12-02,4,Delivery Speed,Good delivery experience
FDB000835,SHP003328,CUST04972,2025-09-12,2,Courier Behavior,Delivery was slower than expected
FDB000836,SHP002360,CUST04821,2025-06-27,3,Overall Service,Average service
FDB000837,SHP001137,CUST02916,2025-12-26,2,Package Handling,Delivery was slower than expected
FDB000838,SHP000300,CUST01808,2025-10-04,5,Courier Behavior,Excellent and fast service
FDB000839,SHP002100,CUST03783,2025-08-30,3,Courier Behavior,Average service
FDB000840,SHP000969,CUST00683,2025-04-06,4,Package Handling,Good delivery experience
FDB000841,SHP001403,CUST03820,2025-06-01,4,Courier Behavior,Good delivery experience
FDB000842,SHP003216,CUST03586,2025-08-24,4,Courier Behavior,Good delivery experience
FDB000843,SHP000147,CUST04590,2025-09-28,4,Delivery Speed,Good delivery experience
FDB000844,SHP000495,CUST03259,2025-12-30,2,Package Handling,Delivery was slower than expected
FDB000845,SHP003891,CUST04473,2025-07-09,4,Overall Service,Good delivery experience
FDB000846,SHP002025,CUST01863,2025-02-25,1,Overall Service,Very poor experience
FDB000847,SHP001061,CUST01274,2025-02-26,4,Overall Service,Good delivery experience
FDB000848,SHP001728,CUST03766,2025-07-21,4,Customer Support,Good delivery experience
FDB000849,SHP004865,CUST03416,2025-07-19,4,Customer Support,Good delivery experience
FDB000850,SHP001362,CUST03664,2025-07-31,2,Overall Service,Delivery was slower than expected
FDB000851,SHP004741,CUST02116,2025-03-17,1,Courier Behavior,Very poor experience
FDB000852,SHP003456,CUST01110,2025-06-04,5,Courier Behavior,Excellent and fast service
FDB000853,SHP001886,CUST01384,2025-04-24,4,Overall Service,Good delivery experience
FDB000854,SHP002334,CUST01398,2025-09-29,4,Package Handling,Good delivery experience
FDB000855,SHP004432,CUST02329,2025-03-10,4,Overall Service,Good delivery experience
FDB000856,SHP000526,CUST03325,2025-09-18,1,Customer Support,Very poor experience
FDB000857,SHP002116,CUST03825,2025-03-10,3,Package Handling,Average service
FDB000858,SHP000447,CUST02426,2025-02-27,5,Delivery Speed,Excellent and fast service
FDB000859,SHP003922,CUST03021,2025-09-26,4,Customer Support,Good delivery experience
FDB000860,SHP001470,CUST04352,2025-07-07,5,Delivery Speed,Excellent and fast service
FDB000861,SHP000315,CUST04641,2025-04-26,4,Customer Support,Good delivery experience
FDB000862,SHP003002,CUST01802,2025-11-09,4,Courier Behavior,Good delivery experience
FDB000863,SHP001077,CUST04558,2025-12-05,1,Delivery Speed,Very poor experience
FDB000864,SHP000474,CUST04937,2025-05-21,5,Package Handling,Excellent and fast service
FDB000865,SHP004511,CUST02005,2025-07-31,4,Overall Service,Good delivery experience
FDB000866,SHP004361,CUST00717,2025-03-04,1,Customer Support,Very poor experience
FDB000867,SHP000592,CUST02173,2025-09-15,1,Delivery Speed,Very poor experience
FDB000868,SHP002874,CUST03418,2025-01-08,4,Overall Service,Good delivery experience
FDB000869,SHP002108,CUST03369,2025-11-07,4,Package Handling,Good delivery experience
FDB000870,SHP002088,CUST01998,2025-02-09,5,Courier Behavior,Excellent and fast service
FDB000871,SHP004006,CUST03570,2025-06-05,3,Courier Behavior,Average service
FDB000872,SHP000739,CUST02586,2025-07-14,3,Delivery Speed,Average service
FDB000873,SHP001701,CUST02949,2025-05-19,4,Delivery Speed,Good delivery experience
FDB000874,SHP003097,CUST03028,2025-12-23,5,Overall Service,Excellent and fast service
FDB000875,SHP004777,CUST04827,2025-03-30,5,Courier Behavior,Excellent and fast service
FDB000876,SHP000384,CUST00265,2025-06-06,5,Customer Support,Excellent and fast service
FDB000877,SHP001293,CUST01963,2025-08-07,5,Delivery Speed,Excellent and fast service
FDB000878,SHP004019,CUST03385,2025-10-04,5,Delivery Speed,Excellent and fast service
FDB000879,SHP003615,CUST00785,2025-02-03,4,Customer Support,Good delivery experience
FDB000880,SHP001853,CUST02329,2025-11-04,4,Courier Behavior,Good delivery experience
FDB000881,SHP003861,CUST01066,2025-10-16,2,Customer Support,Delivery was slower than expected
FDB000882,SHP004554,CUST02046,2025-03-15,4,Courier Behavior,Good delivery experience
FDB000883,SHP001932,CUST03977,2025-05-21,4,Package Handling,Good delivery experience
FDB000884,SHP003673,CUST01738,2025-09-24,5,Courier Behavior,Excellent and fast service
FDB000885,SHP002683,CUST04915,2025-10-03,2,Courier Behavior,Delivery was slower than expected
FDB000886,SHP000267,CUST02493,2025-01-13,5,Customer Support,Excellent and fast service
FDB000887,SHP003532,CUST00508,2025-10-07,5,Overall Service,Excellent and fast service
FDB000888,SHP003949,CUST01573,2025-01-14,4,Courier Behavior,Good delivery experience
FDB000889,SHP003745,CUST00372,2025-05-14,5,Courier Behavior,Excellent and fast service
FDB000890,SHP000668,CUST01745,2025-11-30,4,Package Handling,Good delivery experience
FDB000891,SHP003911,CUST00591,2025-03-02,5,Overall Service,Excellent and fast service
FDB000892,SHP002266,CUST02570,2025-07-30,4,Delivery Speed,Good delivery experience
FDB000893,SHP004259,CUST04008,2025-10-15,3,Package Handling,Average service
FDB000894,SHP004882,CUST04368,2025-09-22,4,Delivery Speed,Good delivery experience
FDB000895,SHP004231,CUST02629,2025-09-23,2,Delivery Speed,Delivery was slower than expected
FDB000896,SHP000387,CUST00573,2025-01-03,3,Overall Service,Average service
FDB000897,SHP001862,CUST03101,2025-11-27,5,Delivery Speed,Excellent and fast service
FDB000898,SHP002394,CUST01861,2025-02-09,3,Delivery Speed,Average service
FDB000899,SHP004204,CUST02514,2025-06-12,3,Package Handling,Average service
FDB000900,SHP001148,CUST01239,2025-05-22,4,Delivery Speed,Good delivery experience
FDB000901,SHP002712,CUST01855,2025-09-20,5,Delivery Speed,Excellent and fast service
FDB000902,SHP001427,CUST04597,2025-06-01,5,Courier Behavior,Excellent and fast service
FDB000903,SHP001328,CUST02103,2025-05-16,4,Overall Service,Good delivery experience
FDB000904,SHP004216,CUST04581,2025-03-16,3,Overall Service,Average service
FDB000905,SHP001743,CUST04441,2025-07-15,2,Courier Behavior,Delivery was slower than expected
FDB000906,SHP002547,CUST01000,2025-09-21,2,Delivery Speed,Delivery was slower than expected
FDB000907,SHP002110,CUST00228,2025-07-17,4,Courier Behavior,Good delivery experience
FDB000908,SHP003170,CUST04378,2025-11-15,3,Customer Support,Average service
FDB000909,SHP004757,CUST03536,2025-12-04,4,Customer Support,Good delivery experience
FDB000910,SHP004614,CUST00420,2025-11-30,4,Customer Support,Good delivery experience
FDB000911,SHP001246,CUST02889,2025-08-11,4,Package Handling,Good delivery experience
FDB000912,SHP002624,CUST00929,2025-06-06,3,Courier Behavior,Average service
FDB000913,SHP000832,CUST02288,2025-09-08,3,Customer Support,Average service
FDB000914,SHP004854,CUST02944,2025-12-03,5,Courier Behavior,Excellent and fast service
FDB000915,SHP003583,CUST03144,2025-03-19,5,Package Handling,Excellent and fast service
FDB000916,SHP003002,CUST01763,2025-06-24,3,Customer Support,Average service
FDB000917,SHP001888,CUST01406,2025-07-18,4,Customer Support,Good delivery experience
FDB000918,SHP002240,CUST01326,2025-06-10,3,Package Handling,Average service
FDB000919,SHP002607,CUST00898,2025-12-24,3,Package Handling,Average service
FDB000920,SHP000206,CUST03481,2025-09-02,5,Courier Behavior,Excellent and fast service
FDB000921,SHP001492,CUST01937,2025-08-10,4,Package Handling,Good delivery experience
FDB000922,SHP001410,CUST02320,2025-06-14,3,Package Handling,Average service
FDB000923,SHP002487,CUST01177,2025-01-02,4,Courier Behavior,Good delivery experience
FDB000924,SHP001327,CUST01648,2025-06-18,2,Overall Service,Delivery was slower than expected
FDB000925,SHP003391,CUST03852,2025-05-26,4,Overall Service,Good delivery experience
FDB000926,SHP001245,CUST02254,2025-07-01,5,Delivery Speed,Excellent and fast service
FDB000927,SHP002521,CUST03653,2025-02-02,3,Package Handling,Average service
FDB000928,SHP000124,CUST03169,2025-08-26,5,Package Handling,Excellent and fast service
FDB000929,SHP003425,CUST03722,2025-07-26,4,Delivery Speed,Good delivery experience
FDB000930,SHP002206,CUST04046,2025-05-12,1,Courier Behavior,Very poor experience
FDB000931,SHP000524,CUST01786,2025-07-21,4,Delivery Speed,Good delivery experience
FDB000932,SHP002591,CUST03029,2025-04-22,3,Courier Behavior,Average service
FDB000933,SHP002818,CUST04594,2025-11-24,4,Package Handling,Good delivery experience
FDB000934,SHP000708,CUST02487,2025-04-03,3,Delivery Speed,Average service
FDB000935,SHP003544,CUST00197,2025-05-29,4,Delivery Speed,Good delivery experience
FDB000936,SHP002349,CUST02233,2025-01-31,4,Customer Support,Good delivery experience
FDB000937,SHP002943,CUST04285,2025-07-14,4,Delivery Speed,Good delivery experience
FDB000938,SHP003557,CUST03542,2025-12-08,4,Customer Support,Good delivery experience
FDB000939,SHP002016,CUST01256,2025-10-19,4,Customer Support,Good delivery experience
FDB000940,SHP002226,CUST02861,2025-06-10,5,Package Handling,Excellent and fast service
FDB000941,SHP004863,CUST02587,2025-01-15,4,Customer Support,Good delivery experience
FDB000942,SHP000620,CUST03595,2025-10-19,4,Overall Service,Good delivery experience
FDB000943,SHP002695,CUST00658,2025-08-17,4,Package Handling,Good delivery experience
FDB000944,SHP004471,CUST03903,2025-07-24,4,Overall Service,Good delivery experience
FDB000945,SHP004944,CUST02118,2025-11-17,5,Customer Support,Excellent and fast service
FDB000946,SHP001260,CUST02460,2025-07-04,2,Package Handling,Delivery was slower than expected
FDB000947,SHP003872,CUST04080,2025-06-08,3,Package Handling,Average service
FDB000948,SHP003025,CUST04644,2025-05-10,5,Customer Support,Excellent and fast service
FDB000949,SHP000191,CUST01514,2025-04-25,3,Customer Support,Average service
FDB000950,SHP004207,CUST02441,2025-12-03,2,Customer Support,Delivery was slower than expected
FDB000951,SHP000684,CUST04935,2025-05-05,4,Package Handling,Good delivery experience
FDB000952,SHP001832,CUST04333,2025-10-03,3,Courier Behavior,Average service
FDB000953,SHP000872,CUST01826,2025-04-26,5,Courier Behavior,Excellent and fast service
FDB000954,SHP004360,CUST04159,2025-09-21,5,Delivery Speed,Excellent and fast service
FDB000955,SHP002903,CUST01832,2025-01-21,2,Courier Behavior,Delivery was slower than expected
FDB000956,SHP003949,CUST02941,2025-05-12,5,Overall Service,Excellent and fast service
FDB000957,SHP000080,CUST04691,2025-01-24,5,Delivery Speed,Excellent and fast service
FDB000958,SHP000233,CUST04795,2025-11-14,4,Customer Support,Good delivery experience
FDB000959,SHP004772,CUST01020,2025-04-10,4,Delivery Speed,Good delivery experience
FDB000960,SHP000685,CUST04395,2025-05-10,4,Customer Support,Good delivery experience
FDB000961,SHP001577,CUST02147,2025-05-29,2,Courier Behavior,Delivery was slower than expected
FDB000962,SHP003834,CUST00770,2025-09-05,4,Delivery Speed,Good delivery experience
FDB000963,SHP004813,CUST03670,2025-06-30,4,Delivery Speed,Good delivery experience
FDB000964,SHP004401,CUST00841,2025-10-05,4,Delivery Speed,Good delivery experience
FDB000965,SHP002010,CUST00547,2025-03-20,4,Package Handling,Good delivery experience
FDB000966,SHP002672,CUST03811,2025-11-09,3,Package Handling,Average service
FDB000967,SHP001742,CUST03476,2025-01-29,4,Courier Behavior,Good delivery experience
FDB000968,SHP000283,CUST04702,2025-01-18,4,Delivery Speed,Good delivery experience
FDB000969,SHP002641,CUST00436,2025-01-16,3,Overall Service,Average service
FDB000970,SHP003624,CUST02062,2025-08-28,4,Overall Service,Good delivery experience
FDB000971,SHP001691,CUST02708,2025-03-06,1,Overall Service,Very poor experience
FDB000972,SHP002507,CUST00796,2025-11-16,5,Delivery Speed,Excellent and fast service
FDB000973,SHP001958,CUST01782,2025-09-21,5,Delivery Speed,Excellent and fast service
FDB000974,SHP003258,CUST02254,2025-03-29,5,Courier Behavior,Excellent and fast service
FDB000975,SHP001779,CUST03083,2025-10-24,5,Delivery Speed,Excellent and fast service
FDB000976,SHP002327,CUST04230,2025-07-09,5,Customer Support,Excellent and fast service
FDB000977,SHP000939,CUST04136,2025-09-22,4,Delivery Speed,Good delivery experience
FDB000978,SHP004391,CUST03651,2025-11-17,4,Overall Service,Good delivery experience
FDB000979,SHP003677,CUST03844,2025-12-01,4,Delivery Speed,Good delivery experience
FDB000980,SHP000663,CUST03025,2025-01-18,3,Delivery Speed,Average service
FDB000981,SHP003582,CUST02606,2025-06-15,3,Customer Support,Average service
FDB000982,SHP001012,CUST02212,2025-09-08,5,Delivery Speed,Excellent and fast service
FDB000983,SHP000869,CUST03741,2025-07-05,4,Delivery Speed,Good delivery experience
FDB000984,SHP003526,CUST00005,2025-11-28,5,Delivery Speed,Excellent and fast service
FDB000985,SHP002640,CUST03610,2025-04-12,5,Overall Service,Excellent and fast service
FDB000986,SHP001363,CUST02349,2025-02-19,5,Overall Service,Excellent and fast service
FDB000987,SHP001514,CUST01235,2025-08-11,2,Customer Support,Delivery was slower than expected
FDB000988,SHP003070,CUST00106,2025-01-10,5,Package Handling,Excellent and fast service
FDB000989,SHP001311,CUST03581,2025-04-30,4,Package Handling,Good delivery experience
FDB000990,SHP004140,CUST01142,2025-12-20,3,Customer Support,Average service
FDB000991,SHP000333,CUST00776,2025-11-11,5,Package Handling,Excellent and fast service
FDB000992,SHP001313,CUST01551,2025-11-05,5,Courier Behavior,Excellent and fast service
FDB000993,SHP002001,CUST00835,2025-10-22,2,Overall Service,Delivery was slower than expected
FDB000994,SHP002336,CUST04718,2025-10-16,2,Overall Service,Delivery was slower than expected
FDB000995,SHP003887,CUST02930,2025-06-27,5,Overall Service,Excellent and fast service
FDB000996,SHP000404,CUST01094,2025-04-30,4,Package Handling,Good delivery experience
FDB000997,SHP000659,CUST04573,2025-05-26,5,Delivery Speed,Excellent and fast service
FDB000998,SHP000850,CUST04048,2025-09-18,5,Courier Behavior,Excellent and fast service
FDB000999,SHP002464,CUST03828,2025-11-05,5,Courier Behavior,Excellent and fast service
FDB001000,SHP000412,CUST04171,2025-09-27,3,Delivery Speed,Average service
FDB001001,SHP002184,CUST01849,2025-08-03,3,Overall Service,Average service
FDB001002,SHP000963,CUST00576,2025-07-30,5,Package Handling,Excellent and fast service
FDB001003,SHP002069,CUST02246,2025-04-15,4,Package Handling,Good delivery experience
FDB001004,SHP000210,CUST01177,2025-12-09,4,Overall Service,Good delivery experience
FDB001005,SHP001248,CUST03681,2025-06-09,3,Delivery Speed,Average service
FDB001006,SHP003861,CUST03585,2025-08-18,3,Package Handling,Average service
FDB001007,SHP003297,CUST03789,2025-10-28,3,Delivery Speed,Average service
FDB001008,SHP001245,CUST00306,2025-03-08,5,Overall Service,Excellent and fast service
FDB001009,SHP004051,CUST04765,2025-06-06,5,Overall Service,Excellent and fast service
FDB001010,SHP004754,CUST01755,2025-06-19,4,Package Handling,Good delivery experience
FDB001011,SHP001013,CUST03109,2025-03-26,4,Package Handling,Good delivery experience
FDB001012,SHP004674,CUST04699,2025-04-10,3,Overall Service,Average service
FDB001013,SHP001127,CUST01080,2025-11-30,4,Overall Service,Good delivery experience
FDB001014,SHP000446,CUST02852,2025-08-27,4,Package Handling,Good delivery experience
FDB001015,SHP000893,CUST02544,2025-08-27,4,Package Handling,Good delivery experience
FDB001016,SHP004641,CUST01636,2025-02-02,5,Customer Support,Excellent and fast service
FDB001017,SHP003154,CUST01839,2025-09-25,2,Overall Service,Delivery was slower than expected
FDB001018,SHP000901,CUST04166,2025-06-28,5,Customer Support,Excellent and fast service
FDB001019,SHP002298,CUST03896,2025-10-20,3,Overall Service,Average service
FDB001020,SHP004912,CUST00393,2025-03-07,3,Overall Service,Average service
FDB001021,SHP003716,CUST00010,2025-09-14,3,Package Handling,Average service
FDB001022,SHP003718,CUST03817,2025-04-12,5,Package Handling,Excellent and fast service
FDB001023,SHP003948,CUST00216,2025-11-25,4,Customer Support,Good delivery experience
FDB001024,SHP003385,CUST03078,2025-03-12,5,Overall Service,Excellent and fast service
FDB001025,SHP002999,CUST02734,2025-02-14,4,Courier Behavior,Good delivery experience
FDB001026,SHP001158,CUST04819,2025-04-04,5,Courier Behavior,Excellent and fast service
FDB001027,SHP004978,CUST04944,2025-11-05,4,Customer Support,Good delivery experience
FDB001028,SHP004858,CUST03736,2025-10-04,4,Package Handling,Good delivery experience
FDB001029,SHP004407,CUST02019,2025-05-23,5,Customer Support,Excellent and fast service
FDB001030,SHP004905,CUST02823,2025-03-31,4,Delivery Speed,Good delivery experience
FDB001031,SHP002980,CUST00649,2025-03-17,5,Overall Service,Excellent and fast service
FDB001032,SHP002347,CUST02656,2025-06-06,2,Delivery Speed,Delivery was slower than expected
FDB001033,SHP004645,CUST01332,2025-10-14,3,Delivery Speed,Average service
FDB001034,SHP003718,CUST00652,2025-07-06,5,Courier Behavior,Excellent and fast service
FDB001035,SHP002454,CUST04130,2025-07-30,4,Overall Service,Good delivery experience
FDB001036,SHP001602,CUST03629,2025-02-13,2,Package Handling,Delivery was slower than expected
FDB001037,SHP003609,CUST03356,2025-09-06,3,Package Handling,Average service
FDB001038,SHP003148,CUST02530,2025-01-12,5,Customer Support,Excellent and fast service
FDB001039,SHP002974,CUST01974,2025-05-05,5,Delivery Speed,Excellent and fast service
FDB001040,SHP003531,CUST00502,2025-02-07,2,Customer Support,Delivery was slower than expected
FDB001041,SHP001577,CUST03022,2025-06-19,5,Courier Behavior,Excellent and fast service
FDB001042,SHP002791,CUST03342,2025-11-21,5,Delivery Speed,Excellent and fast service
FDB001043,SHP002671,CUST03268,2025-02-07,4,Overall Service,Good delivery experience
FDB001044,SHP001732,CUST01583,2025-09-16,4,Customer Support,Good delivery experience
FDB001045,SHP003517,CUST03248,2025-10-07,5,Overall Service,Excellent and fast service
FDB001046,SHP000017,CUST03560,2025-01-21,4,Courier Behavior,Good delivery experience
FDB001047,SHP003887,CUST03557,2025-05-13,3,Courier Behavior,Average service
FDB001048,SHP000613,CUST00401,2025-12-31,1,Customer Support,Very poor experience
FDB001049,SHP003249,CUST02141,2025-02-21,3,Delivery Speed,Average service
FDB001050,SHP000144,CUST00262,2025-07-24,4,Courier Behavior,Good delivery experience
FDB001051,SHP004417,CUST00985,2025-08-08,3,Customer Support,Average service
FDB001052,SHP000715,CUST03006,2025-01-09,5,Customer Support,Excellent and fast service
FDB001053,SHP001017,CUST03514,2025-04-21,5,Courier Behavior,Excellent and fast service
FDB001054,SHP003530,CUST00234,2025-03-12,5,Overall Service,Excellent and fast service
FDB001055,SHP000680,CUST02581,2025-09-07,5,Overall Service,Excellent and fast service
FDB001056,SHP003406,CUST02059,2025-11-23,5,Overall Service,Excellent and fast service
FDB001057,SHP001577,CUST03262,2025-02-12,5,Delivery Speed,Excellent and fast service
FDB001058,SHP002816,CUST01926,2025-12-30,5,Package Handling,Excellent and fast service
FDB001059,SHP000852,CUST01137,2025-10-30,2,Package Handling,Delivery was slower than expected
FDB001060,SHP004548,CUST04875,2025-09-12,4,Overall Service,Good delivery experience
FDB001061,SHP004475,CUST02872,2025-07-30,4,Package Handling,Good delivery experience
FDB001062,SHP003765,CUST01235,2025-08-26,5,Package Handling,Excellent and fast service
FDB001063,SHP003675,CUST01164,2025-08-21,5,Customer Support,Excellent and fast service
FDB001064,SHP004398,CUST04651,2025-01-19,5,Delivery Speed,Excellent and fast service
FDB001065,SHP001438,CUST02740,2025-02-09,3,Overall Service,Average service
FDB001066,SHP003777,CUST03435,2025-02-02,5,Customer Support,Excellent and fast service
FDB001067,SHP002173,CUST01810,2025-05-04,5,Customer Support,Excellent and fast service
FDB001068,SHP002060,CUST04719,2025-03-18,4,Package Handling,Good delivery experience
FDB001069,SHP003135,CUST00540,2025-08-26,3,Customer Support,Average service
FDB001070,SHP000352,CUST01843,2025-10-28,5,Delivery Speed,Excellent and fast service
FDB001071,SHP004500,CUST03607,2025-12-31,5,Courier Behavior,Excellent and fast service
FDB001072,SHP002812,CUST01035,2025-10-15,4,Delivery Speed,Good delivery experience
FDB001073,SHP001934,CUST01906,2025-04-25,5,Courier Behavior,Excellent and fast service
FDB001074,SHP003949,CUST04009,2025-12-11,5,Overall Service,Excellent and fast service
FDB001075,SHP002780,CUST02546,2025-06-26,2,Courier Behavior,Delivery was slower than expected
FDB001076,SHP001226,CUST00225,2025-02-14,4,Courier Behavior,Good delivery experience
FDB001077,SHP003176,CUST01960,2025-01-03,3,Overall Service,Average service
FDB001078,SHP002047,CUST00577,2025-05-10,2,Courier Behavior,Delivery was slower than expected
FDB001079,SHP003755,CUST00859,2025-06-16,5,Package Handling,Excellent and fast service
FDB001080,SHP004708,CUST01417,2025-10-14,2,Courier Behavior,Delivery was slower than expected
FDB001081,SHP004941,CUST00027,2025-07-08,5,Courier Behavior,Excellent and fast service
FDB001082,SHP004689,CUST04798,2025-06-23,5,Courier Behavior,Excellent and fast service
FDB001083,SHP002672,CUST02311,2025-01-07,4,Overall Service,Good delivery experience
FDB001084,SHP003417,CUST04056,2025-07-10,5,Package Handling,Excellent and fast service
FDB001085,SHP002281,CUST01826,2025-06-08,5,Courier Behavior,Excellent and fast service
FDB001086,SHP002146,CUST02899,2025-04-06,4,Courier Behavior,Good delivery experience
FDB001087,SHP002223,CUST00369,2025-12-30,4,Overall Service,Good delivery experience
FDB001088,SHP002219,CUST01049,2025-02-28,5,Customer Support,Excellent and fast service
FDB001089,SHP002510,CUST02485,2025-08-17,3,Courier Behavior,Average service
FDB001090,SHP003210,CUST01774,2025-04-18,5,Package Handling,Excellent and fast service
FDB001091,SHP004221,CUST04570,2025-02-03,1,Customer Support,Very poor experience
FDB001092,SHP001047,CUST00218,2025-06-10,4,Delivery Speed,Good delivery experience
FDB001093,SHP004342,CUST03040,2025-09-18,2,Delivery Speed,Delivery was slower than expected
FDB001094,SHP003874,CUST01449,2025-03-22,5,Overall Service,Excellent and fast service
FDB001095,SHP004315,CUST03578,2025-08-14,3,Package Handling,Average service
FDB001096,SHP002812,CUST03604,2025-01-30,5,Delivery Speed,Excellent and fast service
FDB001097,SHP000816,CUST02077,2025-03-08,3,Customer Support,Average service
FDB001098,SHP003246,CUST03572,2025-07-19,4,Courier Behavior,Good delivery experience
FDB001099,SHP002992,CUST00451,2025-05-20,2,Delivery Speed,Delivery was slower than expected
FDB001100,SHP002443,CUST01503,2025-10-31,5,Delivery Speed,Excellent and fast service
FDB001101,SHP003739,CUST04715,2025-12-23,2,Delivery Speed,Delivery was slower than expected
FDB001102,SHP001205,CUST02127,2025-06-24,5,Package Handling,Excellent and fast service
FDB001103,SHP000269,CUST04078,2025-09-21,5,Delivery Speed,Excellent and fast service
FDB001104,SHP004948,CUST03930,2025-12-11,5,Customer Support,Excellent and fast service
FDB001105,SHP004763,CUST04573,2025-06-04,4,Customer Support,Good delivery experience
FDB001106,SHP003209,CUST02868,2025-11-30,4,Delivery Speed,Good delivery experience
FDB001107,SHP004038,CUST04237,2025-01-10,4,Package Handling,Good delivery experience
FDB001108,SHP004691,CUST00732,2025-06-13,1,Overall Service,Very poor experience
FDB001109,SHP004378,CUST02265,2025-05-30,5,Package Handling,Excellent and fast service
FDB001110,SHP003565,CUST02055,2025-01-16,4,Package Handling,Good delivery experience
FDB001111,SHP001445,CUST01576,2025-03-26,5,Courier Behavior,Excellent and fast service
FDB001112,SHP004045,CUST00316,2025-11-27,3,Package Handling,Average service
FDB001113,SHP000096,CUST02394,2025-09-04,5,Customer Support,Excellent and fast service
FDB001114,SHP004799,CUST00922,2025-09-11,4,Customer Support,Good delivery experience
FDB001115,SHP003327,CUST02680,2025-07-11,1,Delivery Speed,Very poor experience
FDB001116,SHP000557,CUST04142,2025-12-11,2,Package Handling,Delivery was slower than expected
FDB001117,SHP001811,CUST01698,2025-09-01,3,Customer Support,Average service
FDB001118,SHP001170,CUST00486,2025-11-11,5,Delivery Speed,Excellent and fast service
FDB001119,SHP003047,CUST03235,2025-09-19,5,Delivery Speed,Excellent and fast service
FDB001120,SHP003440,CUST02966,2025-12-23,4,Courier Behavior,Good delivery experience
FDB001121,SHP001001,CUST01828,2025-11-13,5,Courier Behavior,Excellent and fast service
FDB001122,SHP001091,CUST02623,2025-03-25,2,Package Handling,Delivery was slower than expected
FDB001123,SHP003755,CUST02187,2025-06-26,4,Customer Support,Good delivery experience
FDB001124,SHP002872,CUST01058,2025-03-12,3,Courier Behavior,Average service
FDB001125,SHP002555,CUST03108,2025-07-15,4,Package Handling,Good delivery experience
FDB001126,SHP003525,CUST03234,2025-10-06,5,Overall Service,Excellent and fast service
FDB001127,SHP001275,CUST03386,2025-10-12,5,Package Handling,Excellent and fast service
FDB001128,SHP004089,CUST03342,2025-07-31,2,Overall Service,Delivery was slower than expected
FDB001129,SHP001604,CUST03005,2025-04-08,5,Package Handling,Excellent and fast service
FDB001130,SHP001820,CUST01899,2025-09-07,4,Package Handling,Good delivery experience
FDB001131,SHP001704,CUST01833,2025-06-27,4,Delivery Speed,Good delivery experience
FDB001132,SHP000485,CUST01655,2025-04-26,5,Delivery Speed,Excellent and fast service
FDB001133,SHP002856,CUST02243,2025-06-14,4,Courier Behavior,Good delivery experience
FDB001134,SHP000711,CUST03393,2025-06-30,3,Package Handling,Average service
FDB001135,SHP000106,CUST04427,2025-04-03,4,Package Handling,Good delivery experience
FDB001136,SHP001310,CUST01968,2025-06-11,3,Package Handling,Average service
FDB001137,SHP000002,CUST03888,2025-07-17,3,Package Handling,Average service
FDB001138,SHP004481,CUST00481,2025-08-28,1,Customer Support,Very poor experience
FDB001139,SHP000761,CUST04588,2025-05-01,4,Customer Support,Good delivery experience
FDB001140,SHP002741,CUST03782,2025-04-18,5,Overall Service,Excellent and fast service
FDB001141,SHP003509,CUST01888,2025-10-01,4,Delivery Speed,Good delivery experience
FDB001142,SHP002788,CUST03271,2025-04-23,5,Package Handling,Excellent and fast service
FDB001143,SHP002473,CUST01161,2025-09-01,5,Overall Service,Excellent and fast service
FDB001144,SHP004547,CUST01392,2025-08-19,3,Package Handling,Average service
FDB001145,SHP000587,CUST00469,2025-01-21,4,Delivery Speed,Good delivery experience
FDB001146,SHP000822,CUST00802,2025-12-18,5,Package Handling,Excellent and fast service
FDB001147,SHP004981,CUST01782,2025-05-23,1,Delivery Speed,Very poor experience
FDB001148,SHP003207,CUST04944,2025-07-02,4,Overall Service,Good delivery experience
FDB001149,SHP001466,CUST02439,2025-02-02,2,Delivery Speed,Delivery was slower than expected
FDB001150,SHP003332,CUST02220,2025-10-13,4,Overall Service,Good delivery experience
FDB001151,SHP000757,CUST00676,2025-01-30,3,Overall Service,Average service
FDB001152,SHP002574,CUST03750,2025-01-07,5,Customer Support,Excellent and fast service
FDB001153,SHP000498,CUST03370,2025-03-08,4,Customer Support,Good delivery experience
FDB001154,SHP004113,CUST01790,2025-01-13,5,Package Handling,Excellent and fast service
FDB001155,SHP000657,CUST01050,2025-08-18,3,Overall Service,Average service
FDB001156,SHP002539,CUST03414,2025-08-24,4,Delivery Speed,Good delivery experience
FDB001157,SHP004937,CUST02473,2025-01-29,3,Customer Support,Average service
FDB001158,SHP000951,CUST03125,2025-09-16,4,Delivery Speed,Good delivery experience
FDB001159,SHP001913,CUST02011,2025-08-12,3,Package Handling,Average service
FDB001160,SHP002370,CUST03026,2025-05-12,4,Courier Behavior,Good delivery experience
FDB001161,SHP004734,CUST01197,2025-09-14,4,Customer Support,Good delivery experience
FDB001162,SHP003541,CUST02821,2025-05-02,3,Delivery Speed,Average service
FDB001163,SHP003087,CUST01487,2025-01-07,3,Overall Service,Average service
FDB001164,SHP004483,CUST04864,2025-11-28,2,Courier Behavior,Delivery was slower than expected
FDB001165,SHP003609,CUST02342,2025-11-22,2,Delivery Speed,Delivery was slower than expected
FDB001166,SHP003896,CUST01611,2025-05-19,1,Package Handling,Very poor experience
FDB001167,SHP001631,CUST02217,2025-06-07,3,Courier Behavior,Average service
FDB001168,SHP003635,CUST03042,2025-07-16,2,Overall Service,Delivery was slower than expected
FDB001169,SHP003010,CUST01488,2025-07-19,3,Delivery Speed,Average service
FDB001170,SHP002141,CUST02627,2025-04-07,5,Courier Behavior,Excellent and fast service
FDB001171,SHP004986,CUST00784,2025-06-26,3,Overall Service,Average service
FDB001172,SHP002698,CUST04095,2025-03-08,3,Courier Behavior,Average service
FDB001173,SHP001623,CUST04080,2025-10-11,2,Package Handling,Delivery was slower than expected
FDB001174,SHP001213,CUST03428,2025-07-16,5,Delivery Speed,Excellent and fast service
FDB001175,SHP003997,CUST02520,2025-06-18,2,Overall Service,Delivery was slower than expected
FDB001176,SHP003668,CUST02433,2025-10-23,3,Customer Support,Average service
FDB001177,SHP002895,CUST03703,2025-03-23,3,Customer Support,Average service
FDB001178,SHP003907,CUST03410,2025-03-30,5,Delivery Speed,Excellent and fast service
FDB001179,SHP003545,CUST02948,2025-12-10,4,Courier Behavior,Good delivery experience
FDB001180,SHP003774,CUST01896,2025-03-17,4,Package Handling,Good delivery experience
FDB001181,SHP002472,CUST03471,2025-12-10,4,Courier Behavior,Good delivery experience
FDB001182,SHP002642,CUST04021,2025-09-21,5,Courier Behavior,Excellent and fast service
FDB001183,SHP001394,CUST00151,2025-02-16,3,Overall Service,Average service
FDB001184,SHP004678,CUST03520,2025-12-08,4,Customer Support,Good delivery experience
FDB001185,SHP000904,CUST02983,2025-12-20,5,Package Handling,Excellent and fast service
FDB001186,SHP002707,CUST04186,2025-08-07,3,Delivery Speed,Average service
FDB001187,SHP003558,CUST04350,2025-06-07,2,Package Handling,Delivery was slower than expected
FDB001188,SHP000973,CUST04713,2025-10-30,5,Overall Service,Excellent and fast service
FDB001189,SHP000409,CUST02894,2025-11-22,3,Customer Support,Average service
FDB001190,SHP000624,CUST03116,2025-03-14,2,Overall Service,Delivery was slower than expected
FDB001191,SHP001487,CUST03432,2025-04-18,4,Overall Service,Good delivery experience
FDB001192,SHP003331,CUST04793,2025-04-24,2,Customer Support,Delivery was slower than expected
FDB001193,SHP004338,CUST02209,2025-11-26,4,Customer Support,Good delivery experience
FDB001194,SHP001525,CUST04500,2025-03-20,4,Delivery Speed,Good delivery experience
FDB001195,SHP003703,CUST00895,2025-03-28,4,Package Handling,Good delivery experience
FDB001196,SHP003331,CUST02984,2025-08-25,4,Courier Behavior,Good delivery experience
FDB001197,SHP000767,CUST00174,2025-03-20,3,Package Handling,Average service
FDB001198,SHP003642,CUST01045,2025-01-25,4,Overall Service,Good delivery experience
FDB001199,SHP000484,CUST04981,2025-08-17,3,Delivery Speed,Average service
FDB001200,SHP003585,CUST04979,2025-09-15,5,Courier Behavior,Excellent and fast service
FDB001201,SHP003083,CUST04353,2025-07-24,5,Courier Behavior,Excellent and fast service
FDB001202,SHP004946,CUST03025,2025-05-11,2,Package Handling,Delivery was slower than expected
FDB001203,SHP003074,CUST03658,2025-09-17,2,Courier Behavior,Delivery was slower than expected
FDB001204,SHP001607,CUST03973,2025-07-08,3,Courier Behavior,Average service
FDB001205,SHP000985,CUST02076,2025-03-29,2,Overall Service,Delivery was slower than expected
FDB001206,SHP001408,CUST01202,2025-09-13,4,Overall Service,Good delivery experience
FDB001207,SHP004785,CUST00677,2025-12-07,5,Customer Support,Excellent and fast service
FDB001208,SHP003394,CUST00368,2025-01-31,5,Package Handling,Excellent and fast service
FDB001209,SHP004488,CUST00212,2025-03-03,5,Delivery Speed,Excellent and fast service
FDB001210,SHP003544,CUST00985,2025-03-28,3,Overall Service,Average service
FDB001211,SHP003289,CUST01469,2025-08-09,4,Delivery Speed,Good delivery experience
FDB001212,SHP001370,CUST01711,2025-08-08,5,Package Handling,Excellent and fast service
FDB001213,SHP001302,CUST03842,2025-12-01,5,Courier Behavior,Excellent and fast service
FDB001214,SHP003183,CUST03254,2025-10-26,5,Delivery Speed,Excellent and fast service
FDB001215,SHP002654,CUST04607,2025-02-12,2,Delivery Speed,Delivery was slower than expected
FDB001216,SHP000155,CUST04097,2025-05-02,3,Courier Behavior,Average service
FDB001217,SHP004154,CUST01798,2025-09-09,4,Package Handling,Good delivery experience
FDB001218,SHP001401,CUST03984,2025-12-26,5,Package Handling,Excellent and fast service
FDB001219,SHP001155,CUST02145,2025-10-14,1,Customer Support,Very poor experience
FDB001220,SHP002796,CUST00249,2025-07-04,3,Package Handling,Average service
FDB001221,SHP003847,CUST04592,2025-06-13,2,Courier Behavior,Delivery was slower than expected
FDB001222,SHP002667,CUST00329,2025-11-01,5,Delivery Speed,Excellent and fast service
FDB001223,SHP004350,CUST02153,2025-10-31,3,Package Handling,Average service
FDB001224,SHP004661,CUST02605,2025-12-06,5,Customer Support,Excellent and fast service
FDB001225,SHP004304,CUST04533,2025-08-14,3,Courier Behavior,Average service
FDB001226,SHP004443,CUST00607,2025-04-19,3,Courier Behavior,Average service
FDB001227,SHP003183,CUST01191,2025-04-14,5,Package Handling,Excellent and fast service
FDB001228,SHP004009,CUST02408,2025-12-02,4,Overall Service,Good delivery experience
FDB001229,SHP000287,CUST00415,2025-12-29,3,Courier Behavior,Average service
FDB001230,SHP001839,CUST01039,2025-12-29,3,Customer Support,Average service
FDB001231,SHP001996,CUST02863,2025-10-21,5,Customer Support,Excellent and fast service
FDB001232,SHP001262,CUST03192,2025-04-29,4,Customer Support,Good delivery experience
FDB001233,SHP002654,CUST04090,2025-05-04,5,Courier Behavior,Excellent and fast service
FDB001234,SHP000676,CUST02919,2025-12-19,5,Courier Behavior,Excellent and fast service
FDB001235,SHP004983,CUST04213,2025-12-25,3,Package Handling,Average service
FDB001236,SHP004269,CUST01550,2025-05-16,5,Delivery Speed,Excellent and fast service
FDB001237,SHP002500,CUST03966,2025-09-08,4,Customer Support,Good delivery experience
FDB001238,SHP001453,CUST00776,2025-02-27,4,Courier Behavior,Good delivery experience
FDB001239,SHP000638,CUST00331,2025-04-27,3,Customer Support,Average service
FDB001240,SHP002820,CUST04022,2025-02-02,4,Delivery Speed,Good delivery experience
FDB001241,SHP000001,CUST00696,2025-05-10,4,Courier Behavior,Good delivery experience
FDB001242,SHP003014,CUST00749,2025-07-16,4,Overall Service,Good delivery experience
FDB001243,SHP004594,CUST03310,2025-10-14,1,Delivery Speed,Very poor experience
FDB001244,SHP004219,CUST00715,2025-05-14,3,Courier Behavior,Average service
FDB001245,SHP004512,CUST02742,2025-06-14,4,Courier Behavior,Good delivery experience
FDB001246,SHP003998,CUST00740,2025-09-19,5,Overall Service,Excellent and fast service
FDB001247,SHP000999,CUST02541,2025-12-16,2,Delivery Speed,Delivery was slower than expected
FDB001248,SHP001135,CUST02039,2025-12-22,5,Delivery Speed,Excellent and fast service
FDB001249,SHP004404,CUST01194,2025-11-03,5,Delivery Speed,Excellent and fast service
FDB001250,SHP001095,CUST03167,2025-10-09,3,Delivery Speed,Average service
FDB001251,SHP002303,CUST04209,2025-03-16,4,Package Handling,Good delivery experience
FDB001252,SHP001991,CUST00917,2025-03-22,4,Package Handling,Good delivery experience
FDB001253,SHP003341,CUST04893,2025-04-02,4,Package Handling,Good delivery experience
FDB001254,SHP000495,CUST04606,2025-06-15,5,Package Handling,Excellent and fast service
FDB001255,SHP000479,CUST04035,2025-04-19,4,Overall Service,Good delivery experience
FDB001256,SHP001857,CUST02230,2025-06-11,5,Customer Support,Excellent and fast service
FDB001257,SHP003335,CUST04754,2025-07-05,2,Customer Support,Delivery was slower than expected
FDB001258,SHP000572,CUST01753,2025-08-11,5,Customer Support,Excellent and fast service
FDB001259,SHP002929,CUST02278,2025-12-01,4,Courier Behavior,Good delivery experience
FDB001260,SHP004694,CUST03628,2025-08-17,4,Customer Support,Good delivery experience
FDB001261,SHP004483,CUST00111,2025-01-21,4,Overall Service,Good delivery experience
FDB001262,SHP000455,CUST03782,2025-06-02,4,Delivery Speed,Good delivery experience
FDB001263,SHP004333,CUST02806,2025-06-28,4,Customer Support,Good delivery experience
FDB001264,SHP004763,CUST01257,2025-08-30,2,Overall Service,Delivery was slower than expected
FDB001265,SHP003652,CUST01168,2025-12-24,5,Courier Behavior,Excellent and fast service
FDB001266,SHP000107,CUST01356,2025-07-30,4,Package Handling,Good delivery experience
FDB001267,SHP002288,CUST04132,2025-08-18,4,Delivery Speed,Good delivery experience
FDB001268,SHP001710,CUST04126,2025-07-16,4,Courier Behavior,Good delivery experience
FDB001269,SHP002894,CUST03838,2025-07-23,1,Package Handling,Very poor experience
FDB001270,SHP004059,CUST04873,2025-11-02,4,Overall Service,Good delivery experience
FDB001271,SHP002791,CUST00691,2025-07-03,4,Customer Support,Good delivery experience
FDB001272,SHP003722,CUST01309,2025-06-07,2,Package Handling,Delivery was slower than expected
FDB001273,SHP001996,CUST01796,2025-07-02,2,Delivery Speed,Delivery was slower than expected
FDB001274,SHP004765,CUST02473,2025-09-26,4,Customer Support,Good delivery experience
FDB001275,SHP001940,CUST02786,2025-11-12,5,Package Handling,Excellent and fast service
FDB001276,SHP004539,CUST00231,2025-01-30,4,Package Handling,Good delivery experience
FDB001277,SHP001289,CUST03234,2025-03-18,5,Overall Service,Excellent and fast service
FDB001278,SHP003725,CUST02618,2025-05-10,5,Package Handling,Excellent and fast service
FDB001279,SHP004695,CUST02643,2025-06-06,4,Courier Behavior,Good delivery experience
FDB001280,SHP003693,CUST03687,2025-04-23,4,Overall Service,Good delivery experience
FDB001281,SHP003612,CUST04961,2025-09-02,4,Package Handling,Good delivery experience
FDB001282,SHP001864,CUST02248,2025-08-14,5,Delivery Speed,Excellent and fast service
FDB001283,SHP002679,CUST00773,2025-05-22,3,Overall Service,Average service
FDB001284,SHP000904,CUST01311,2025-02-03,4,Delivery Speed,Good delivery experience
FDB001285,SHP002641,CUST04699,2025-12-23,4,Customer Support,Good delivery experience
FDB001286,SHP001226,CUST02662,2025-09-08,5,Customer Support,Excellent and fast service
FDB001287,SHP000575,CUST01375,2025-05-31,5,Package Handling,Excellent and fast service
FDB001288,SHP003462,CUST02059,2025-11-25,5,Customer Support,Excellent and fast service
FDB001289,SHP004406,CUST03268,2025-10-29,4,Package Handling,Good delivery experience
FDB001290,SHP001765,CUST01133,2025-09-13,3,Package Handling,Average service
FDB001291,SHP004199,CUST01410,2025-04-15,4,Delivery Speed,Good delivery experience
FDB001292,SHP001005,CUST01333,2025-02-09,3,Overall Service,Average service
FDB001293,SHP003439,CUST02763,2025-04-26,3,Overall Service,Average service
FDB001294,SHP004947,CUST02797,2025-06-14,3,Package Handling,Average service
FDB001295,SHP003155,CUST00954,2025-11-24,4,Courier Behavior,Good delivery experience
FDB001296,SHP001019,CUST04436,2025-09-25,5,Courier Behavior,Excellent and fast service
FDB001297,SHP004404,CUST02589,2025-01-31,3,Delivery Speed,Average service
FDB001298,SHP003887,CUST02429,2025-07-13,3,Package Handling,Average service
FDB001299,SHP000412,CUST02596,2025-06-21,5,Customer Support,Excellent and fast service
FDB001300,SHP000361,CUST02569,2025-02-27,5,Delivery Speed,Excellent and fast service
FDB001301,SHP002801,CUST00751,2025-03-05,5,Customer Support,Excellent and fast service
FDB001302,SHP003044,CUST03755,2025-10-28,4,Courier Behavior,Good delivery experience
FDB001303,SHP002540,CUST00274,2025-01-21,3,Overall Service,Average service
FDB001304,SHP004093,CUST02703,2025-04-06,4,Overall Service,Good delivery experience
FDB001305,SHP003890,CUST01965,2025-11-20,4,Delivery Speed,Good delivery experience
FDB001306,SHP002643,CUST01020,2025-10-28,5,Package Handling,Excellent and fast service
FDB001307,SHP000683,CUST01896,2025-08-18,5,Package Handling,Excellent and fast service
FDB001308,SHP003369,CUST01156,2025-12-20,5,Package Handling,Excellent and fast service
FDB001309,SHP003087,CUST02040,2025-12-13,4,Customer Support,Good delivery experience
FDB001310,SHP003261,CUST03886,2025-08-01,4,Overall Service,Good delivery experience
FDB001311,SHP001358,CUST04705,2025-12-04,2,Overall Service,Delivery was slower than expected
FDB001312,SHP002238,CUST00198,2025-10-16,5,Customer Support,Excellent and fast service
FDB001313,SHP002900,CUST03658,2025-10-24,3,Delivery Speed,Average service
FDB001314,SHP000832,CUST04490,2025-05-27,5,Delivery Speed,Excellent and fast service
FDB001315,SHP001668,CUST02435,2025-09-10,1,Package Handling,Very poor experience
FDB001316,SHP004774,CUST03947,2025-04-04,3,Courier Behavior,Average service
FDB001317,SHP003755,CUST03859,2025-12-18,4,Delivery Speed,Good delivery experience
FDB001318,SHP002663,CUST00752,2025-10-15,5,Overall Service,Excellent and fast service
FDB001319,SHP003823,CUST03697,2025-06-23,5,Customer Support,Excellent and fast service
FDB001320,SHP004055,CUST03451,2025-12-17,4,Delivery Speed,Good delivery experience
FDB001321,SHP002430,CUST02917,2025-01-08,4,Customer Support,Good delivery experience
FDB001322,SHP000875,CUST04282,2025-11-06,1,Package Handling,Very poor experience
FDB001323,SHP001566,CUST00105,2025-09-10,2,Package Handling,Delivery was slower than expected
FDB001324,SHP002103,CUST04212,2025-09-02,4,Package Handling,Good delivery experience
FDB001325,SHP002558,CUST04871,2025-07-20,3,Overall Service,Average service
FDB001326,SHP002603,CUST01921,2025-04-25,3,Customer Support,Average service
FDB001327,SHP000390,CUST02084,2025-09-13,3,Delivery Speed,Average service
FDB001328,SHP000112,CUST04176,2025-07-29,2,Delivery Speed,Delivery was slower than expected
FDB001329,SHP004460,CUST00087,2025-06-25,5,Overall Service,Excellent and fast service
FDB001330,SHP000550,CUST03499,2025-06-28,4,Overall Service,Good delivery experience
FDB001331,SHP002367,CUST01697,2025-11-18,5,Customer Support,Excellent and fast service
FDB001332,SHP000508,CUST01455,2025-10-27,3,Overall Service,Average service
FDB001333,SHP004291,CUST03858,2025-11-03,5,Customer Support,Excellent and fast service
FDB001334,SHP000955,CUST00331,2025-07-22,4,Customer Support,Good delivery experience
FDB001335,SHP003337,CUST02316,2025-02-19,3,Delivery Speed,Average service
FDB001336,SHP000469,CUST04172,2025-09-14,5,Customer Support,Excellent and fast service
FDB001337,SHP000223,CUST03481,2025-06-02,4,Courier Behavior,Good delivery experience
FDB001338,SHP003657,CUST00084,2025-06-02,4,Courier Behavior,Good delivery experience
FDB001339,SHP004942,CUST00612,2025-05-23,3,Courier Behavior,Average service
FDB001340,SHP003584,CUST01759,2025-01-19,5,Courier Behavior,Excellent and fast service
FDB001341,SHP004329,CUST04450,2025-12-22,3,Overall Service,Average service
FDB001342,SHP003458,CUST01061,2025-05-10,3,Delivery Speed,Average service
FDB001343,SHP001760,CUST04913,2025-05-26,5,Overall Service,Excellent and fast service
FDB001344,SHP000738,CUST01951,2025-04-29,3,Package Handling,Average service
FDB001345,SHP002410,CUST01356,2025-06-29,3,Package Handling,Average service
FDB001346,SHP004706,CUST04983,2025-02-09,5,Package Handling,Excellent and fast service
FDB001347,SHP002573,CUST03287,2025-01-21,4,Overall Service,Good delivery experience
FDB001348,SHP003282,CUST02538,2025-01-16,4,Package Handling,Good delivery experience
FDB001349,SHP001043,CUST04296,2025-11-26,4,Customer Support,Good delivery experience
FDB001350,SHP003586,CUST03378,2025-07-17,5,Courier Behavior,Excellent and fast service
FDB001351,SHP001393,CUST02064,2025-05-21,4,Delivery Speed,Good delivery experience
FDB001352,SHP003131,CUST03662,2025-04-06,4,Package Handling,Good delivery experience
FDB001353,SHP001686,CUST03277,2025-10-09,4,Overall Service,Good delivery experience
FDB001354,SHP002884,CUST02820,2025-06-29,4,Courier Behavior,Good delivery experience
FDB001355,SHP003424,CUST04821,2025-06-13,4,Courier Behavior,Good delivery experience
FDB001356,SHP004362,CUST00859,2025-02-24,3,Package Handling,Average service
FDB001357,SHP000890,CUST01137,2025-01-23,3,Customer Support,Average service
FDB001358,SHP004200,CUST03388,2025-11-21,4,Overall Service,Good delivery experience
FDB001359,SHP004380,CUST04576,2025-09-19,4,Delivery Speed,Good delivery experience
FDB001360,SHP004920,CUST00977,2025-07-11,5,Customer Support,Excellent and fast service
FDB001361,SHP001589,CUST03393,2025-06-16,4,Courier Behavior,Good delivery experience
FDB001362,SHP004332,CUST00379,2025-04-09,4,Overall Service,Good delivery experience
FDB001363,SHP002456,CUST04539,2025-04-28,4,Courier Behavior,Good delivery experience
FDB001364,SHP001444,CUST04575,2025-09-13,4,Package Handling,Good delivery experience
FDB001365,SHP001451,CUST04590,2025-06-16,4,Customer Support,Good delivery experience
FDB001366,SHP004676,CUST02806,2025-08-19,4,Delivery Speed,Good delivery experience
FDB001367,SHP004659,CUST04923,2025-08-02,2,Delivery Speed,Delivery was slower than expected
FDB001368,SHP004334,CUST04246,2025-02-21,4,Courier Behavior,Good delivery experience
FDB001369,SHP001837,CUST00038,2025-03-20,4,Delivery Speed,Good delivery experience
FDB001370,SHP000236,CUST00564,2025-04-14,5,Overall Service,Excellent and fast service
FDB001371,SHP002814,CUST04832,2025-12-23,4,Delivery Speed,Good delivery experience
FDB001372,SHP002193,CUST03826,2025-03-01,3,Courier Behavior,Average service
FDB001373,SHP001386,CUST03110,2025-03-14,4,Courier Behavior,Good delivery experience
FDB001374,SHP003818,CUST01641,2025-12-11,2,Delivery Speed,Delivery was slower than expected
FDB001375,SHP001547,CUST04911,2025-03-03,2,Delivery Speed,Delivery was slower than expected
FDB001376,SHP001531,CUST04472,2025-09-16,4,Delivery Speed,Good delivery experience
FDB001377,SHP000255,CUST02432,2025-09-02,4,Overall Service,Good delivery experience
FDB001378,SHP000401,CUST01730,2025-03-06,5,Delivery Speed,Excellent and fast service
FDB001379,SHP000331,CUST02318,2025-04-27,3,Package Handling,Average service
FDB001380,SHP004665,CUST03382,2025-11-24,4,Customer Support,Good delivery experience
FDB001381,SHP003169,CUST00756,2025-01-03,2,Delivery Speed,Delivery was slower than expected
FDB001382,SHP000425,CUST00458,2025-03-06,4,Overall Service,Good delivery experience
FDB001383,SHP003173,CUST04441,2025-07-15,5,Customer Support,Excellent and fast service
FDB001384,SHP002762,CUST01986,2025-02-11,4,Courier Behavior,Good delivery experience
FDB001385,SHP003300,CUST01349,2025-06-03,3,Overall Service,Average service
FDB001386,SHP001043,CUST04090,2025-03-20,4,Courier Behavior,Good delivery experience
FDB001387,SHP004801,CUST02949,2025-11-09,1,Customer Support,Very poor experience
FDB001388,SHP001057,CUST03097,2025-02-06,5,Overall Service,Excellent and fast service
FDB001389,SHP001056,CUST00741,2025-08-09,4,Customer Support,Good delivery experience
FDB001390,SHP000842,CUST04932,2025-10-13,4,Overall Service,Good delivery experience
FDB001391,SHP003867,CUST01764,2025-04-09,2,Courier Behavior,Delivery was slower than expected
FDB001392,SHP002634,CUST01130,2025-06-04,4,Overall Service,Good delivery experience
FDB001393,SHP002257,CUST01514,2025-02-23,4,Customer Support,Good delivery experience
FDB001394,SHP003529,CUST01520,2025-12-10,4,Delivery Speed,Good delivery experience
FDB001395,SHP001424,CUST03833,2025-01-09,3,Delivery Speed,Average service
FDB001396,SHP000974,CUST01430,2025-12-10,3,Delivery Speed,Average service
FDB001397,SHP001689,CUST01329,2025-03-02,2,Package Handling,Delivery was slower than expected
FDB001398,SHP001018,CUST02154,2025-06-24,1,Customer Support,Very poor experience
FDB001399,SHP004214,CUST00783,2025-12-02,5,Overall Service,Excellent and fast service
FDB001400,SHP003610,CUST02700,2025-06-11,4,Courier Behavior,Good delivery experience
FDB001401,SHP001295,CUST01288,2025-10-11,2,Courier Behavior,Delivery was slower than expected
FDB001402,SHP002738,CUST03933,2025-02-27,1,Overall Service,Very poor experience
FDB001403,SHP001291,CUST00246,2025-03-26,4,Customer Support,Good delivery experience
FDB001404,SHP001258,CUST02989,2025-12-21,4,Customer Support,Good delivery experience
FDB001405,SHP003618,CUST03743,2025-05-10,4,Courier Behavior,Good delivery experience
FDB001406,SHP000863,CUST00798,2025-07-19,4,Delivery Speed,Good delivery experience
FDB001407,SHP003287,CUST00730,2025-08-23,4,Courier Behavior,Good delivery experience
FDB001408,SHP004759,CUST03858,2025-06-12,4,Delivery Speed,Good delivery experience
FDB001409,SHP004168,CUST00978,2025-10-17,5,Courier Behavior,Excellent and fast service
FDB001410,SHP004515,CUST02064,2025-04-12,2,Delivery Speed,Delivery was slower than expected
FDB001411,SHP002356,CUST04752,2025-06-25,4,Courier Behavior,Good delivery experience
FDB001412,SHP004433,CUST04991,2025-11-07,5,Overall Service,Excellent and fast service
FDB001413,SHP003771,CUST04291,2025-09-25,4,Delivery Speed,Good delivery experience
FDB001414,SHP004473,CUST03715,2025-10-09,5,Overall Service,Excellent and fast service
FDB001415,SHP004348,CUST00782,2025-07-09,2,Package Handling,Delivery was slower than expected
FDB001416,SHP003297,CUST02255,2025-09-07,4,Package Handling,Good delivery experience
FDB001417,SHP004366,CUST02325,2025-12-18,3,Courier Behavior,Average service
FDB001418,SHP002641,CUST00240,2025-12-08,4,Overall Service,Good delivery experience
FDB001419,SHP002795,CUST01020,2025-12-09,4,Overall Service,Good delivery experience
FDB001420,SHP003918,CUST03495,2025-02-14,3,Customer Support,Average service
FDB001421,SHP003031,CUST03553,2025-11-06,3,Courier Behavior,Average service
FDB001422,SHP003848,CUST00744,2025-11-10,5,Overall Service,Excellent and fast service
FDB001423,SHP002405,CUST04197,2025-11-05,5,Package Handling,Excellent and fast service
FDB001424,SHP004114,CUST04819,2025-10-14,4,Customer Support,Good delivery experience
FDB001425,SHP004190,CUST02937,2025-01-04,2,Courier Behavior,Delivery was slower than expected
FDB001426,SHP002606,CUST04301,2025-06-07,4,Delivery Speed,Good delivery experience
FDB001427,SHP002929,CUST03113,2025-05-29,5,Overall Service,Excellent and fast service
FDB001428,SHP004262,CUST02697,2025-05-03,5,Delivery Speed,Excellent and fast service
FDB001429,SHP002113,CUST04394,2025-01-17,4,Delivery Speed,Good delivery experience
FDB001430,SHP001940,CUST04316,2025-06-03,5,Delivery Speed,Excellent and fast service
FDB001431,SHP000260,CUST01592,2025-11-21,5,Courier Behavior,Excellent and fast service
FDB001432,SHP003577,CUST04480,2025-06-10,5,Package Handling,Excellent and fast service
FDB001433,SHP004299,CUST01511,2025-01-20,2,Overall Service,Delivery was slower than expected
FDB001434,SHP002565,CUST02369,2025-06-07,4,Courier Behavior,Good delivery experience
FDB001435,SHP004856,CUST00967,2025-03-13,5,Delivery Speed,Excellent and fast service
FDB001436,SHP003012,CUST00053,2025-10-28,3,Package Handling,Average service
FDB001437,SHP000603,CUST01484,2025-01-01,2,Courier Behavior,Delivery was slower than expected
FDB001438,SHP002304,CUST00248,2025-12-18,3,Delivery Speed,Average service
FDB001439,SHP004716,CUST03888,2025-01-06,4,Delivery Speed,Good delivery experience
FDB001440,SHP001835,CUST01011,2025-03-16,5,Overall Service,Excellent and fast service
FDB001441,SHP001996,CUST04029,2025-04-25,5,Overall Service,Excellent and fast service
FDB001442,SHP002987,CUST01171,2025-04-06,3,Package Handling,Average service
FDB001443,SHP002108,CUST04204,2025-04-24,3,Courier Behavior,Average service
FDB001444,SHP000143,CUST03443,2025-11-23,4,Overall Service,Good delivery experience
FDB001445,SHP003729,CUST03434,2025-06-07,5,Customer Support,Excellent and fast service
FDB001446,SHP000077,CUST01959,2025-07-03,3,Courier Behavior,Average service
FDB001447,SHP001689,CUST04329,2025-11-15,4,Courier Behavior,Good delivery experience
FDB001448,SHP002367,CUST04699,2025-02-25,5,Overall Service,Excellent and fast service
FDB001449,SHP000527,CUST00512,2025-10-19,4,Delivery Speed,Good delivery experience
FDB001450,SHP000139,CUST03565,2025-05-25,4,Overall Service,Good delivery experience
FDB001451,SHP004376,CUST02904,2025-02-04,3,Customer Support,Average service
FDB001452,SHP004774,CUST02867,2025-01-12,5,Courier Behavior,Excellent and fast service
FDB001453,SHP000207,CUST01971,2025-07-16,1,Delivery Speed,Very poor experience
FDB001454,SHP003077,CUST03334,2025-05-10,5,Overall Service,Excellent and fast service
FDB001455,SHP002461,CUST02952,2025-01-22,5,Courier Behavior,Excellent and fast service
FDB001456,SHP001801,CUST01244,2025-01-22,4,Delivery Speed,Good delivery experience
FDB001457,SHP004910,CUST03926,2025-08-07,4,Overall Service,Good delivery experience
FDB001458,SHP000876,CUST04171,2025-05-23,5,Delivery Speed,Excellent and fast service
FDB001459,SHP000967,CUST03889,2025-01-08,5,Package Handling,Excellent and fast service
FDB001460,SHP004509,CUST03243,2025-05-18,3,Delivery Speed,Average service
FDB001461,SHP000529,CUST02618,2025-09-09,5,Customer Support,Excellent and fast service
FDB001462,SHP000752,CUST01347,2025-10-20,3,Courier Behavior,Average service
FDB001463,SHP004278,CUST04517,2025-04-10,4,Delivery Speed,Good delivery experience
FDB001464,SHP004433,CUST04177,2025-05-21,4,Courier Behavior,Good delivery experience
FDB001465,SHP004170,CUST01940,2025-06-30,5,Courier Behavior,Excellent and fast service
FDB001466,SHP002960,CUST04842,2025-02-17,4,Courier Behavior,Good delivery experience
FDB001467,SHP003935,CUST00898,2025-04-13,4,Overall Service,Good delivery experience
FDB001468,SHP004713,CUST03445,2025-09-27,4,Delivery Speed,Good delivery experience
FDB001469,SHP002187,CUST01753,2025-11-10,2,Overall Service,Delivery was slower than expected
FDB001470,SHP004283,CUST05000,2025-05-14,5,Overall Service,Excellent and fast service
FDB001471,SHP000282,CUST00222,2025-10-18,4,Package Handling,Good delivery experience
FDB001472,SHP004801,CUST00638,2025-01-19,4,Courier Behavior,Good delivery experience
FDB001473,SHP002317,CUST03383,2025-01-17,5,Overall Service,Excellent and fast service
FDB001474,SHP003391,CUST01071,2025-01-15,3,Package Handling,Average service
FDB001475,SHP000058,CUST01469,2025-01-11,2,Overall Service,Delivery was slower than expected
FDB001476,SHP001988,CUST03258,2025-02-02,3,Delivery Speed,Average service
FDB001477,SHP003714,CUST03883,2025-03-20,3,Overall Service,Average service
FDB001478,SHP002022,CUST01092,2025-03-06,4,Package Handling,Good delivery experience
FDB001479,SHP004807,CUST02825,2025-02-08,5,Courier Behavior,Excellent and fast service
FDB001480,SHP004866,CUST01643,2025-01-24,5,Customer Support,Excellent and fast service
FDB001481,SHP002784,CUST03305,2025-11-22,4,Package Handling,Good delivery experience
FDB001482,SHP000109,CUST02174,2025-03-22,5,Package Handling,Excellent and fast service
FDB001483,SHP001802,CUST03618,2025-07-06,5,Package Handling,Excellent and fast service
FDB001484,SHP001080,CUST00635,2025-11-16,4,Package Handling,Good delivery experience
FDB001485,SHP003835,CUST01646,2025-03-26,5,Package Handling,Excellent and fast service
FDB001486,SHP001523,CUST00255,2025-12-20,4,Overall Service,Good delivery experience
FDB001487,SHP003732,CUST03290,2025-03-17,4,Delivery Speed,Good delivery experience
FDB001488,SHP003591,CUST03793,2025-10-29,3,Overall Service,Average service
FDB001489,SHP001130,CUST01179,2025-08-31,5,Customer Support,Excellent and fast service
FDB001490,SHP003515,CUST00409,2025-02-13,4,Delivery Speed,Good delivery experience
FDB001491,SHP004950,CUST04540,2025-10-13,5,Delivery Speed,Excellent and fast service
FDB001492,SHP003106,CUST04113,2025-01-31,2,Package Handling,Delivery was slower than expected
FDB001493,SHP003533,CUST00687,2025-08-11,4,Overall Service,Good delivery experience
FDB001494,SHP004994,CUST01550,2025-05-10,2,Courier Behavior,Delivery was slower than expected
FDB001495,SHP001513,CUST04570,2025-03-14,5,Courier Behavior,Excellent and fast service
FDB001496,SHP003384,CUST02590,2025-06-12,4,Package Handling,Good delivery experience
FDB001497,SHP000437,CUST00376,2025-08-08,5,Delivery Speed,Excellent and fast service
FDB001498,SHP001691,CUST02843,2025-11-07,5,Delivery Speed,Excellent and fast service
FDB001499,SHP003247,CUST02761,2025-07-28,4,Package Handling,Good delivery experience
FDB001500,SHP000743,CUST00517,2025-11-09,3,Overall Service,Average service
FDB001501,SHP002520,CUST01628,2025-07-08,4,Courier Behavior,Good delivery experience
FDB001502,SHP003226,CUST01904,2025-03-24,5,Delivery Speed,Excellent and fast service
FDB001503,SHP000028,CUST04424,2025-09-03,3,Delivery Speed,Average service
FDB001504,SHP002983,CUST01244,2025-06-11,1,Overall Service,Very poor experience
FDB001505,SHP004089,CUST04372,2025-08-23,4,Customer Support,Good delivery experience
FDB001506,SHP003822,CUST01630,2025-01-27,4,Overall Service,Good delivery experience
FDB001507,SHP003005,CUST00177,2025-07-16,5,Customer Support,Excellent and fast service
FDB001508,SHP003546,CUST01476,2025-06-28,5,Delivery Speed,Excellent and fast service
FDB001509,SHP001332,CUST03093,2025-07-24,3,Courier Behavior,Average service
FDB001510,SHP004793,CUST02115,2025-12-06,2,Courier Behavior,Delivery was slower than expected
FDB001511,SHP000277,CUST00846,2025-05-15,4,Delivery Speed,Good delivery experience
FDB001512,SHP001868,CUST00816,2025-10-13,4,Overall Service,Good delivery experience
FDB001513,SHP001434,CUST00035,2025-08-29,5,Courier Behavior,Excellent and fast service
FDB001514,SHP003154,CUST01724,2025-03-11,3,Overall Service,Average service
FDB001515,SHP002896,CUST00276,2025-12-30,1,Overall Service,Very poor experience
FDB001516,SHP001352,CUST02220,2025-06-12,5,Customer Support,Excellent and fast service
FDB001517,SHP002055,CUST03305,2025-11-26,5,Delivery Speed,Excellent and fast service
FDB001518,SHP004720,CUST03962,2025-12-30,4,Overall Service,Good delivery experience
FDB001519,SHP001043,CUST03089,2025-05-22,2,Customer Support,Delivery was slower than expected
FDB001520,SHP000535,CUST04124,2025-07-26,3,Customer Support,Average service
FDB001521,SHP000431,CUST01161,2025-11-26,4,Delivery Speed,Good delivery experience
FDB001522,SHP000766,CUST04741,2025-06-19,4,Overall Service,Good delivery experience
FDB001523,SHP000804,CUST04262,2025-06-05,5,Customer Support,Excellent and fast service
FDB001524,SHP002120,CUST03602,2025-02-13,4,Courier Behavior,Good delivery experience
FDB001525,SHP002845,CUST04884,2025-12-24,5,Delivery Speed,Excellent and fast service
FDB001526,SHP004132,CUST02313,2025-11-08,5,Overall Service,Excellent and fast service
FDB001527,SHP004511,CUST01426,2025-04-03,5,Customer Support,Excellent and fast service
FDB001528,SHP001018,CUST01400,2025-06-17,4,Customer Support,Good delivery experience
FDB001529,SHP002303,CUST03017,2025-05-16,4,Courier Behavior,Good delivery experience
FDB001530,SHP004624,CUST04346,2025-03-26,3,Customer Support,Average service
FDB001531,SHP003362,CUST02628,2025-05-20,3,Package Handling,Average service
FDB001532,SHP004419,CUST01956,2025-10-10,1,Overall Service,Very poor experience
FDB001533,SHP003522,CUST04946,2025-07-28,4,Delivery Speed,Good delivery experience
FDB001534,SHP004099,CUST00156,2025-10-16,2,Package Handling,Delivery was slower than expected
FDB001535,SHP002442,CUST02446,2025-03-13,4,Package Handling,Good delivery experience
FDB001536,SHP002336,CUST00302,2025-04-03,5,Delivery Speed,Excellent and fast service
FDB001537,SHP003616,CUST02236,2025-02-26,4,Package Handling,Good delivery experience
FDB001538,SHP002154,CUST02379,2025-10-10,4,Overall Service,Good delivery experience
FDB001539,SHP004928,CUST00198,2025-10-19,3,Customer Support,Average service
FDB001540,SHP002336,CUST04960,2025-04-01,2,Overall Service,Delivery was slower than expected
FDB001541,SHP002747,CUST00137,2025-06-09,3,Delivery Speed,Average service
FDB001542,SHP004658,CUST02165,2025-08-05,4,Courier Behavior,Good delivery experience
FDB001543,SHP003741,CUST03663,2025-12-19,1,Package Handling,Very poor experience
FDB001544,SHP003356,CUST04999,2025-09-19,4,Delivery Speed,Good delivery experience
FDB001545,SHP002008,CUST01065,2025-10-07,5,Package Handling,Excellent and fast service
FDB001546,SHP003760,CUST01273,2025-08-17,3,Overall Service,Average service
FDB001547,SHP000760,CUST03519,2025-02-01,4,Customer Support,Good delivery experience
FDB001548,SHP000115,CUST00511,2025-06-06,2,Package Handling,Delivery was slower than expected
FDB001549,SHP004079,CUST01531,2025-07-12,5,Courier Behavior,Excellent and fast service
FDB001550,SHP001851,CUST01361,2025-08-22,4,Delivery Speed,Good delivery experience
FDB001551,SHP003787,CUST02887,2025-11-08,5,Customer Support,Excellent and fast service
FDB001552,SHP001302,CUST02071,2025-06-02,4,Courier Behavior,Good delivery experience
FDB001553,SHP000352,CUST01227,2025-06-29,5,Overall Service,Excellent and fast service
FDB001554,SHP004091,CUST03894,2025-05-17,4,Courier Behavior,Good delivery experience
FDB001555,SHP000511,CUST00533,2025-05-10,5,Overall Service,Excellent and fast service
FDB001556,SHP002912,CUST04046,2025-10-24,3,Package Handling,Average service
FDB001557,SHP001084,CUST00888,2025-07-17,5,Overall Service,Excellent and fast service
FDB001558,SHP004709,CUST04814,2025-08-25,5,Delivery Speed,Excellent and fast service
FDB001559,SHP000776,CUST03878,2025-03-16,4,Customer Support,Good delivery experience
FDB001560,SHP000705,CUST01094,2025-09-13,5,Customer Support,Excellent and fast service
FDB001561,SHP000665,CUST03894,2025-04-08,4,Courier Behavior,Good delivery experience
FDB001562,SHP001949,CUST04808,2025-03-27,4,Package Handling,Good delivery experience
FDB001563,SHP002102,CUST00210,2025-11-30,5,Delivery Speed,Excellent and fast service
FDB001564,SHP002747,CUST03381,2025-02-10,3,Customer Support,Average service
FDB001565,SHP002537,CUST00962,2025-12-11,5,Overall Service,Excellent and fast service
FDB001566,SHP003660,CUST00208,2025-03-26,2,Delivery Speed,Delivery was slower than expected
FDB001567,SHP002834,CUST00741,2025-03-30,5,Package Handling,Excellent and fast service
FDB001568,SHP000915,CUST01288,2025-03-21,5,Courier Behavior,Excellent and fast service
FDB001569,SHP001054,CUST02271,2025-07-23,2,Delivery Speed,Delivery was slower than expected
FDB001570,SHP004845,CUST01275,2025-07-14,4,Courier Behavior,Good delivery experience
FDB001571,SHP003749,CUST01385,2025-06-10,2,Package Handling,Delivery was slower than expected
FDB001572,SHP004358,CUST00499,2025-06-25,5,Package Handling,Excellent and fast service
FDB001573,SHP003395,CUST02723,2025-07-04,4,Overall Service,Good delivery experience
FDB001574,SHP004062,CUST02175,2025-07-27,5,Delivery Speed,Excellent and fast service
FDB001575,SHP001808,CUST04274,2025-06-25,3,Customer Support,Average service
FDB001576,SHP000258,CUST01659,2025-08-02,5,Delivery Speed,Excellent and fast service
FDB001577,SHP000107,CUST04414,2025-09-04,4,Courier Behavior,Good delivery experience
FDB001578,SHP000115,CUST03991,2025-06-27,5,Delivery Speed,Excellent and fast service
FDB001579,SHP002198,CUST01850,2025-06-09,4,Courier Behavior,Good delivery experience
FDB001580,SHP003386,CUST02443,2025-10-03,4,Delivery Speed,Good delivery experience
FDB001581,SHP004601,CUST02594,2025-04-06,4,Customer Support,Good delivery experience
FDB001582,SHP002462,CUST00697,2025-02-01,4,Overall Service,Good delivery experience
FDB001583,SHP000566,CUST00710,2025-08-09,4,Package Handling,Good delivery experience
FDB001584,SHP004132,CUST02111,2025-10-08,3,Delivery Speed,Average service
FDB001585,SHP003083,CUST02000,2025-12-27,2,Delivery Speed,Delivery was slower than expected
FDB001586,SHP002302,CUST03674,2025-09-24,5,Customer Support,Excellent and fast service
FDB001587,SHP001930,CUST02509,2025-01-26,4,Delivery Speed,Good delivery experience
FDB001588,SHP000805,CUST03238,2025-07-04,5,Overall Service,Excellent and fast service
FDB001589,SHP000426,CUST02646,2025-04-18,5,Delivery Speed,Excellent and fast service
FDB001590,SHP004445,CUST00630,2025-06-26,3,Delivery Speed,Average service
FDB001591,SHP001041,CUST01715,2025-03-29,5,Package Handling,Excellent and fast service
FDB001592,SHP002586,CUST00347,2025-11-04,5,Delivery Speed,Excellent and fast service
FDB001593,SHP000997,CUST04859,2025-05-27,2,Overall Service,Delivery was slower than expected
FDB001594,SHP003774,CUST01260,2025-04-11,3,Package Handling,Average service
FDB001595,SHP000123,CUST04650,2025-10-24,5,Overall Service,Excellent and fast service
FDB001596,SHP000491,CUST00003,2025-01-04,4,Package Handling,Good delivery experience
FDB001597,SHP004125,CUST02688,2025-01-10,2,Overall Service,Delivery was slower than expected
FDB001598,SHP003385,CUST00708,2025-01-30,3,Delivery Speed,Average service
FDB001599,SHP000951,CUST03745,2025-04-07,5,Package Handling,Excellent and fast service
FDB001600,SHP004907,CUST00490,2025-03-08,4,Package Handling,Good delivery experience
FDB001601,SHP004184,CUST01996,2025-08-12,5,Customer Support,Excellent and fast service
FDB001602,SHP004430,CUST04933,2025-06-24,4,Customer Support,Good delivery experience
FDB001603,SHP004746,CUST01728,2025-04-04,5,Overall Service,Excellent and fast service
FDB001604,SHP003150,CUST02678,2025-01-08,4,Customer Support,Good delivery experience
FDB001605,SHP004613,CUST02358,2025-01-17,3,Delivery Speed,Average service
FDB001606,SHP003847,CUST03192,2025-11-10,2,Package Handling,Delivery was slower than expected
FDB001607,SHP002967,CUST00100,2025-04-02,4,Courier Behavior,Good delivery experience
FDB001608,SHP001162,CUST03928,2025-03-06,2,Courier Behavior,Delivery was slower than expected
FDB001609,SHP003297,CUST01763,2025-08-19,4,Courier Behavior,Good delivery experience
FDB001610,SHP000372,CUST04556,2025-10-14,2,Courier Behavior,Delivery was slower than expected
FDB001611,SHP004282,CUST02628,2025-06-17,4,Package Handling,Good delivery experience
FDB001612,SHP000469,CUST03399,2025-08-22,3,Customer Support,Average service
FDB001613,SHP000974,CUST03266,2025-10-05,4,Package Handling,Good delivery experience
FDB001614,SHP003799,CUST01571,2025-07-02,3,Customer Support,Average service
FDB001615,SHP000059,CUST00855,2025-09-18,4,Courier Behavior,Good delivery experience
FDB001616,SHP003548,CUST00236,2025-12-28,5,Customer Support,Excellent and fast service
FDB001617,SHP001366,CUST01765,2025-10-10,4,Delivery Speed,Good delivery experience
FDB001618,SHP002598,CUST04245,2025-09-15,4,Package Handling,Good delivery experience
FDB001619,SHP003938,CUST03320,2025-08-02,5,Customer Support,Excellent and fast service
FDB001620,SHP001482,CUST00544,2025-05-22,4,Courier Behavior,Good delivery experience
FDB001621,SHP002076,CUST01357,2025-05-11,4,Overall Service,Good delivery experience
FDB001622,SHP002824,CUST02716,2025-11-15,3,Overall Service,Average service
FDB001623,SHP003152,CUST02092,2025-01-25,4,Overall Service,Good delivery experience
FDB001624,SHP002948,CUST03739,2025-05-27,5,Delivery Speed,Excellent and fast service
FDB001625,SHP004724,CUST01953,2025-10-08,4,Overall Service,Good delivery experience
FDB001626,SHP002002,CUST01551,2025-06-19,4,Customer Support,Good delivery experience
FDB001627,SHP003155,CUST02862,2025-06-06,2,Customer Support,Delivery was slower than expected
FDB001628,SHP003504,CUST03561,2025-07-16,5,Package Handling,Excellent and fast service
FDB001629,SHP002804,CUST04541,2025-11-09,4,Overall Service,Good delivery experience
FDB001630,SHP004831,CUST01484,2025-05-03,5,Package Handling,Excellent and fast service
FDB001631,SHP004234,CUST02468,2025-09-18,5,Delivery Speed,Excellent and fast service
FDB001632,SHP004769,CUST04123,2025-02-18,2,Package Handling,Delivery was slower than expected
FDB001633,SHP004101,CUST04043,2025-10-26,4,Package Handling,Good delivery experience
FDB001634,SHP002434,CUST01017,2025-11-14,5,Courier Behavior,Excellent and fast service
FDB001635,SHP002549,CUST02658,2025-06-27,4,Courier Behavior,Good delivery experience
FDB001636,SHP002825,CUST04611,2025-05-11,5,Customer Support,Excellent and fast service
FDB001637,SHP002018,CUST02097,2025-06-19,4,Delivery Speed,Good delivery experience
FDB001638,SHP004291,CUST01923,2025-09-15,3,Package Handling,Average service
FDB001639,SHP004282,CUST03634,2025-03-18,5,Package Handling,Excellent and fast service
FDB001640,SHP002879,CUST00019,2025-10-04,4,Package Handling,Good delivery experience
FDB001641,SHP004937,CUST01240,2025-12-19,4,Overall Service,Good delivery experience
FDB001642,SHP003036,CUST01184,2025-09-19,4,Courier Behavior,Good delivery experience
FDB001643,SHP004864,CUST04157,2025-02-17,3,Customer Support,Average service
FDB001644,SHP003873,CUST04765,2025-05-25,4,Delivery Speed,Good delivery experience
FDB001645,SHP003501,CUST01752,2025-04-08,4,Package Handling,Good delivery experience
FDB001646,SHP001487,CUST03591,2025-11-08,2,Package Handling,Delivery was slower than expected
FDB001647,SHP003814,CUST03654,2025-09-15,3,Overall Service,Average service
FDB001648,SHP001270,CUST01075,2025-07-26,3,Courier Behavior,Average service
FDB001649,SHP003332,CUST02851,2025-12-07,4,Package Handling,Good delivery experience
FDB001650,SHP002904,CUST03056,2025-12-11,3,Package Handling,Average service
FDB001651,SHP000696,CUST04532,2025-11-12,2,Overall Service,Delivery was slower than expected
FDB001652,SHP000444,CUST02583,2025-12-22,4,Overall Service,Good delivery experience
FDB001653,SHP000893,CUST01269,2025-02-27,3,Delivery Speed,Average service
FDB001654,SHP003712,CUST01605,2025-02-19,5,Overall Service,Excellent and fast service
FDB001655,SHP004934,CUST03117,2025-01-21,1,Customer Support,Very poor experience
FDB001656,SHP002943,CUST04942,2025-01-22,5,Package Handling,Excellent and fast service
FDB001657,SHP004869,CUST00022,2025-08-15,5,Delivery Speed,Excellent and fast service
FDB001658,SHP000703,CUST03787,2025-03-19,4,Delivery Speed,Good delivery experience
FDB001659,SHP001612,CUST02265,2025-08-25,5,Package Handling,Excellent and fast service
FDB001660,SHP002274,CUST01875,2025-01-23,3,Courier Behavior,Average service
FDB001661,SHP000905,CUST04905,2025-09-21,2,Courier Behavior,Delivery was slower than expected
FDB001662,SHP002799,CUST00967,2025-04-11,5,Package Handling,Excellent and fast service
FDB001663,SHP001705,CUST04960,2025-01-20,2,Delivery Speed,Delivery was slower than expected
FDB001664,SHP003046,CUST02252,2025-08-16,4,Overall Service,Good delivery experience
FDB001665,SHP003129,CUST04193,2025-09-09,5,Customer Support,Excellent and fast service
FDB001666,SHP003665,CUST01253,2025-07-09,2,Customer Support,Delivery was slower than expected
FDB001667,SHP000155,CUST01428,2025-02-18,5,Courier Behavior,Excellent and fast service
FDB001668,SHP000973,CUST01535,2025-05-25,5,Package Handling,Excellent and fast service
FDB001669,SHP002937,CUST01689,2025-03-28,3,Package Handling,Average service
FDB001670,SHP000815,CUST04063,2025-09-06,5,Courier Behavior,Excellent and fast service
FDB001671,SHP001540,CUST03073,2025-07-08,2,Delivery Speed,Delivery was slower than expected
FDB001672,SHP000510,CUST04346,2025-03-02,5,Delivery Speed,Excellent and fast service
FDB001673,SHP002453,CUST03313,2025-11-29,4,Delivery Speed,Good delivery experience
FDB001674,SHP004370,CUST01672,2025-12-22,2,Courier Behavior,Delivery was slower than expected
FDB001675,SHP004918,CUST03189,2025-10-28,3,Customer Support,Average service
FDB001676,SHP002450,CUST01064,2025-07-02,4,Courier Behavior,Good delivery experience
FDB001677,SHP004473,CUST00075,2025-06-05,4,Package Handling,Good delivery experience
FDB001678,SHP003525,CUST00691,2025-08-23,4,Courier Behavior,Good delivery experience
FDB001679,SHP002504,CUST02992,2025-05-28,1,Customer Support,Very poor experience
FDB001680,SHP000634,CUST03732,2025-09-20,2,Package Handling,Delivery was slower than expected
FDB001681,SHP001531,CUST02896,2025-06-10,4,Customer Support,Good delivery experience
FDB001682,SHP000493,CUST00079,2025-12-06,4,Customer Support,Good delivery experience
FDB001683,SHP001698,CUST02776,2025-09-29,5,Delivery Speed,Excellent and fast service
FDB001684,SHP000763,CUST02395,2025-06-26,4,Customer Support,Good delivery experience
FDB001685,SHP003873,CUST00377,2025-04-29,4,Overall Service,Good delivery experience
FDB001686,SHP000654,CUST01623,2025-08-21,3,Package Handling,Average service
FDB001687,SHP004048,CUST00269,2025-06-06,5,Courier Behavior,Excellent and fast service
FDB001688,SHP003252,CUST03823,2025-08-25,4,Package Handling,Good delivery experience
FDB001689,SHP003999,CUST02304,2025-09-02,3,Courier Behavior,Average service
FDB001690,SHP002933,CUST04781,2025-12-16,4,Courier Behavior,Good delivery experience
FDB001691,SHP002457,CUST03969,2025-02-15,2,Overall Service,Delivery was slower than expected
FDB001692,SHP002235,CUST02265,2025-05-29,4,Overall Service,Good delivery experience
FDB001693,SHP003142,CUST00250,2025-04-23,3,Overall Service,Average service
FDB001694,SHP003055,CUST03226,2025-07-08,4,Package Handling,Good delivery experience
FDB001695,SHP002191,CUST02878,2025-05-14,3,Package Handling,Average service
FDB001696,SHP001792,CUST01933,2025-11-21,5,Package Handling,Excellent and fast service
FDB001697,SHP002808,CUST02108,2025-02-27,5,Package Handling,Excellent and fast service
FDB001698,SHP000848,CUST04559,2025-12-25,4,Customer Support,Good delivery experience
FDB001699,SHP002207,CUST02297,2025-08-13,5,Delivery Speed,Excellent and fast service
FDB001700,SHP001392,CUST03539,2025-02-19,4,Delivery Speed,Good delivery experience
FDB001701,SHP002570,CUST02941,2025-06-05,4,Customer Support,Good delivery experience
FDB001702,SHP001501,CUST01380,2025-10-07,5,Customer Support,Excellent and fast service
FDB001703,SHP001804,CUST02926,2025-10-19,3,Overall Service,Average service
FDB001704,SHP000282,CUST01778,2025-02-16,4,Overall Service,Good delivery experience
FDB001705,SHP002274,CUST03562,2025-01-08,5,Package Handling,Excellent and fast service
FDB001706,SHP004534,CUST03431,2025-02-22,3,Courier Behavior,Average service
FDB001707,SHP001621,CUST04970,2025-10-20,5,Courier Behavior,Excellent and fast service
FDB001708,SHP004602,CUST03488,2025-11-12,1,Package Handling,Very poor experience
FDB001709,SHP000070,CUST00890,2025-04-04,5,Courier Behavior,Excellent and fast service
FDB001710,SHP000424,CUST02521,2025-04-01,5,Delivery Speed,Excellent and fast service
FDB001711,SHP000997,CUST02403,2025-06-25,5,Package Handling,Excellent and fast service
FDB001712,SHP000471,CUST01970,2025-11-04,3,Delivery Speed,Average service
FDB001713,SHP001829,CUST01392,2025-01-16,3,Courier Behavior,Average service
FDB001714,SHP001532,CUST03481,2025-11-17,5,Package Handling,Excellent and fast service
FDB001715,SHP000051,CUST02632,2025-04-01,3,Delivery Speed,Average service
FDB001716,SHP001217,CUST03256,2025-02-02,4,Package Handling,Good delivery experience
FDB001717,SHP000620,CUST01271,2025-09-16,5,Overall Service,Excellent and fast service
FDB001718,SHP004379,CUST01748,2025-07-03,5,Delivery Speed,Excellent and fast service
FDB001719,SHP004718,CUST04884,2025-02-15,4,Package Handling,Good delivery experience
FDB001720,SHP002438,CUST01376,2025-01-02,3,Package Handling,Average service
FDB001721,SHP001491,CUST02169,2025-11-14,4,Courier Behavior,Good delivery experience
FDB001722,SHP000326,CUST03104,2025-07-25,5,Overall Service,Excellent and fast service
FDB001723,SHP003748,CUST03324,2025-04-22,1,Package Handling,Very poor experience
FDB001724,SHP004008,CUST03976,2025-06-14,4,Package Handling,Good delivery experience
FDB001725,SHP000808,CUST03138,2025-12-11,5,Delivery Speed,Excellent and fast service
FDB001726,SHP003513,CUST04174,2025-02-26,4,Customer Support,Good delivery experience
FDB001727,SHP004137,CUST00140,2025-02-02,1,Package Handling,Very poor experience
FDB001728,SHP000682,CUST00231,2025-12-09,5,Customer Support,Excellent and fast service
FDB001729,SHP000027,CUST01950,2025-10-10,4,Customer Support,Good delivery experience
FDB001730,SHP003088,CUST01684,2025-08-11,4,Overall Service,Good delivery experience
FDB001731,SHP002661,CUST03890,2025-12-17,2,Package Handling,Delivery was slower than expected
FDB001732,SHP001184,CUST02889,2025-06-03,5,Overall Service,Excellent and fast service
FDB001733,SHP000494,CUST00395,2025-01-06,4,Delivery Speed,Good delivery experience
FDB001734,SHP003832,CUST03053,2025-12-24,1,Package Handling,Very poor experience
FDB001735,SHP000335,CUST04139,2025-02-11,4,Overall Service,Good delivery experience
FDB001736,SHP003985,CUST03203,2025-10-08,5,Courier Behavior,Excellent and fast service
FDB001737,SHP004140,CUST04079,2025-04-29,2,Customer Support,Delivery was slower than expected
FDB001738,SHP003347,CUST02132,2025-09-23,5,Package Handling,Excellent and fast service
FDB001739,SHP003398,CUST01243,2025-05-22,5,Package Handling,Excellent and fast service
FDB001740,SHP000900,CUST04660,2025-10-17,3,Customer Support,Average service
FDB001741,SHP000536,CUST01443,2025-04-21,1,Delivery Speed,Very poor experience
FDB001742,SHP003536,CUST01001,2025-10-22,1,Overall Service,Very poor experience
FDB001743,SHP000482,CUST02231,2025-07-12,5,Overall Service,Excellent and fast service
FDB001744,SHP001734,CUST01879,2025-10-07,3,Customer Support,Average service
FDB001745,SHP002619,CUST04857,2025-11-23,3,Overall Service,Average service
FDB001746,SHP002884,CUST00387,2025-08-18,4,Customer Support,Good delivery experience
FDB001747,SHP004756,CUST00947,2025-10-11,5,Overall Service,Excellent and fast service
FDB001748,SHP004140,CUST03278,2025-08-21,3,Delivery Speed,Average service
FDB001749,SHP004724,CUST04771,2025-06-06,5,Delivery Speed,Excellent and fast service
FDB001750,SHP003659,CUST04993,2025-05-28,5,Delivery Speed,Excellent and fast service
FDB001751,SHP000137,CUST04301,2025-03-12,4,Delivery Speed,Good delivery experience
FDB001752,SHP004035,CUST00253,2025-09-30,4,Overall Service,Good delivery experience
FDB001753,SHP002758,CUST01057,2025-09-22,4,Customer Support,Good delivery experience
FDB001754,SHP003959,CUST00572,2025-12-29,4,Package Handling,Good delivery experience
FDB001755,SHP001930,CUST03468,2025-03-20,5,Delivery Speed,Excellent and fast service
FDB001756,SHP001205,CUST00001,2025-02-20,5,Overall Service,Excellent and fast service
FDB001757,SHP001115,CUST04092,2025-06-22,3,Customer Support,Average service
FDB001758,SHP001288,CUST02349,2025-11-14,4,Overall Service,Good delivery experience
FDB001759,SHP003111,CUST00002,2025-11-22,5,Delivery Speed,Excellent and fast service
FDB001760,SHP002296,CUST02765,2025-07-25,4,Delivery Speed,Good delivery experience
FDB001761,SHP002057,CUST02565,2025-05-28,4,Customer Support,Good delivery experience
FDB001762,SHP000549,CUST03195,2025-04-14,2,Overall Service,Delivery was slower than expected
FDB001763,SHP001039,CUST00880,2025-07-02,4,Customer Support,Good delivery experience
FDB001764,SHP002811,CUST03437,2025-02-01,5,Courier Behavior,Excellent and fast service
FDB001765,SHP000176,CUST01099,2025-07-26,4,Overall Service,Good delivery experience
FDB001766,SHP002350,CUST01711,2025-12-20,3,Customer Support,Average service
FDB001767,SHP000799,CUST02619,2025-07-14,5,Overall Service,Excellent and fast service
FDB001768,SHP004287,CUST00490,2025-06-21,5,Delivery Speed,Excellent and fast service
FDB001769,SHP003247,CUST01807,2025-09-14,4,Package Handling,Good delivery experience
FDB001770,SHP001327,CUST04659,2025-09-12,2,Courier Behavior,Delivery was slower than expected
FDB001771,SHP002625,CUST00175,2025-10-10,4,Package Handling,Good delivery experience
FDB001772,SHP003718,CUST02640,2025-08-25,3,Delivery Speed,Average service
FDB001773,SHP003406,CUST04431,2025-10-14,3,Delivery Speed,Average service
FDB001774,SHP002236,CUST03345,2025-07-18,5,Courier Behavior,Excellent and fast service
FDB001775,SHP000292,CUST03051,2025-01-01,4,Package Handling,Good delivery experience
FDB001776,SHP002439,CUST04868,2025-07-02,5,Customer Support,Excellent and fast service
FDB001777,SHP003253,CUST03460,2025-06-10,5,Delivery Speed,Excellent and fast service
FDB001778,SHP001091,CUST03793,2025-02-14,3,Delivery Speed,Average service
FDB001779,SHP003826,CUST04367,2025-03-09,5,Customer Support,Excellent and fast service
FDB001780,SHP004010,CUST01969,2025-03-08,3,Overall Service,Average service
FDB001781,SHP003188,CUST01881,2025-05-21,5,Customer Support,Excellent and fast service
FDB001782,SHP001806,CUST02430,2025-05-26,4,Package Handling,Good delivery experience
FDB001783,SHP003246,CUST02953,2025-01-25,4,Delivery Speed,Good delivery experience
FDB001784,SHP004236,CUST02831,2025-04-24,5,Courier Behavior,Excellent and fast service
FDB001785,SHP002599,CUST00738,2025-11-29,5,Overall Service,Excellent and fast service
FDB001786,SHP004088,CUST00301,2025-09-18,4,Delivery Speed,Good delivery experience
FDB001787,SHP000317,CUST00131,2025-11-10,1,Overall Service,Very poor experience
FDB001788,SHP001563,CUST02917,2025-07-29,5,Courier Behavior,Excellent and fast service
FDB001789,SHP004076,CUST04895,2025-01-21,4,Delivery Speed,Good delivery experience
FDB001790,SHP000875,CUST04361,2025-03-15,2,Customer Support,Delivery was slower than expected
FDB001791,SHP003681,CUST00651,2025-07-21,2,Delivery Speed,Delivery was slower than expected
FDB001792,SHP004582,CUST04195,2025-07-19,4,Courier Behavior,Good delivery experience
FDB001793,SHP003835,CUST04954,2025-10-17,4,Overall Service,Good delivery experience
FDB001794,SHP004354,CUST04008,2025-03-21,5,Delivery Speed,Excellent and fast service
FDB001795,SHP000202,CUST00868,2025-01-02,4,Overall Service,Good delivery experience
FDB001796,SHP002218,CUST00375,2025-02-24,4,Customer Support,Good delivery experience
FDB001797,SHP000308,CUST01129,2025-07-09,5,Package Handling,Excellent and fast service
FDB001798,SHP000912,CUST01774,2025-01-22,4,Package Handling,Good delivery experience
FDB001799,SHP003447,CUST03678,2025-02-04,4,Delivery Speed,Good delivery experience
FDB001800,SHP004308,CUST01295,2025-02-23,4,Delivery Speed,Good delivery experience
FDB001801,SHP002825,CUST00816,2025-02-17,5,Courier Behavior,Excellent and fast service
FDB001802,SHP003597,CUST00821,2025-11-06,4,Courier Behavior,Good delivery experience
FDB001803,SHP001555,CUST00993,2025-07-27,3,Courier Behavior,Average service
FDB001804,SHP002297,CUST01927,2025-03-19,2,Delivery Speed,Delivery was slower than expected
FDB001805,SHP000184,CUST04315,2025-08-15,5,Customer Support,Excellent and fast service
FDB001806,SHP003127,CUST00762,2025-04-04,3,Overall Service,Average service
FDB001807,SHP003350,CUST04678,2025-04-18,4,Customer Support,Good delivery experience
FDB001808,SHP003053,CUST03647,2025-07-24,5,Customer Support,Excellent and fast service
FDB001809,SHP004366,CUST00743,2025-11-26,5,Courier Behavior,Excellent and fast service
FDB001810,SHP004074,CUST00496,2025-11-13,4,Customer Support,Good delivery experience
FDB001811,SHP002201,CUST02527,2025-02-07,1,Courier Behavior,Very poor experience
FDB001812,SHP004335,CUST03067,2025-01-22,1,Overall Service,Very poor experience
FDB001813,SHP000148,CUST03803,2025-01-29,3,Package Handling,Average service
FDB001814,SHP003905,CUST00002,2025-04-06,4,Package Handling,Good delivery experience
FDB001815,SHP002059,CUST03758,2025-07-11,2,Courier Behavior,Delivery was slower than expected
FDB001816,SHP002976,CUST03174,2025-04-19,2,Overall Service,Delivery was slower than expected
FDB001817,SHP004496,CUST03395,2025-11-09,1,Package Handling,Very poor experience
FDB001818,SHP002412,CUST04671,2025-10-18,4,Delivery Speed,Good delivery experience
FDB001819,SHP000677,CUST01580,2025-08-10,5,Delivery Speed,Excellent and fast service
FDB001820,SHP002766,CUST04446,2025-06-09,4,Courier Behavior,Good delivery experience
FDB001821,SHP003352,CUST02090,2025-11-18,3,Courier Behavior,Average service
FDB001822,SHP000769,CUST01212,2025-01-25,4,Package Handling,Good delivery experience
FDB001823,SHP003297,CUST00709,2025-05-30,4,Courier Behavior,Good delivery experience
FDB001824,SHP004699,CUST02096,2025-06-15,3,Delivery Speed,Average service
FDB001825,SHP002372,CUST03403,2025-07-07,5,Courier Behavior,Excellent and fast service
FDB001826,SHP003022,CUST04412,2025-04-27,3,Courier Behavior,Average service
FDB001827,SHP003038,CUST01173,2025-03-24,4,Overall Service,Good delivery experience
FDB001828,SHP002403,CUST01970,2025-05-05,5,Package Handling,Excellent and fast service
FDB001829,SHP004878,CUST04779,2025-06-19,5,Courier Behavior,Excellent and fast service
FDB001830,SHP002271,CUST00072,2025-11-07,4,Overall Service,Good delivery experience
FDB001831,SHP000682,CUST03560,2025-09-06,4,Customer Support,Good delivery experience
FDB001832,SHP004075,CUST03614,2025-12-16,5,Courier Behavior,Excellent and fast service
FDB001833,SHP002540,CUST04574,2025-09-23,5,Overall Service,Excellent and fast service
FDB001834,SHP003799,CUST00568,2025-12-13,5,Delivery Speed,Excellent and fast service
FDB001835,SHP004261,CUST02544,2025-04-10,3,Package Handling,Average service
FDB001836,SHP004990,CUST02150,2025-03-02,4,Package Handling,Good delivery experience
FDB001837,SHP004536,CUST04928,2025-12-08,4,Package Handling,Good delivery experience
FDB001838,SHP003914,CUST02263,2025-02-28,1,Overall Service,Very poor experience
FDB001839,SHP001444,CUST00169,2025-05-03,3,Overall Service,Average service
FDB001840,SHP003915,CUST00356,2025-04-25,5,Delivery Speed,Excellent and fast service
FDB001841,SHP004704,CUST02376,2025-04-17,3,Delivery Speed,Average service
FDB001842,SHP001234,CUST00415,2025-03-12,3,Overall Service,Average service
FDB001843,SHP001099,CUST00389,2025-12-08,5,Courier Behavior,Excellent and fast service
FDB001844,SHP000418,CUST01574,2025-03-18,4,Package Handling,Good delivery experience
FDB001845,SHP000645,CUST03707,2025-06-07,2,Customer Support,Delivery was slower than expected
FDB001846,SHP002141,CUST04925,2025-11-21,3,Delivery Speed,Average service
FDB001847,SHP003207,CUST03227,2025-10-05,4,Overall Service,Good delivery experience
FDB001848,SHP001853,CUST02352,2025-07-28,1,Customer Support,Very poor experience
FDB001849,SHP001258,CUST01637,2025-09-10,5,Courier Behavior,Excellent and fast service
FDB001850,SHP002776,CUST02756,2025-10-02,5,Customer Support,Excellent and fast service
FDB001851,SHP002947,CUST00202,2025-01-21,4,Overall Service,Good delivery experience
FDB001852,SHP004164,CUST00757,2025-02-02,4,Delivery Speed,Good delivery experience
FDB001853,SHP001426,CUST02934,2025-09-25,5,Courier Behavior,Excellent and fast service
FDB001854,SHP000341,CUST01561,2025-01-09,5,Customer Support,Excellent and fast service
FDB001855,SHP004833,CUST01402,2025-02-05,3,Package Handling,Average service
FDB001856,SHP001641,CUST03554,2025-03-18,5,Package Handling,Excellent and fast service
FDB001857,SHP003143,CUST04344,2025-03-24,4,Overall Service,Good delivery experience
FDB001858,SHP000327,CUST02802,2025-08-05,4,Delivery Speed,Good delivery experience
FDB001859,SHP003689,CUST00176,2025-04-22,4,Overall Service,Good delivery experience
FDB001860,SHP002658,CUST02016,2025-07-12,4,Customer Support,Good delivery experience
FDB001861,SHP002845,CUST01121,2025-03-09,2,Package Handling,Delivery was slower than expected
FDB001862,SHP003566,CUST01793,2025-04-18,4,Delivery Speed,Good delivery experience
FDB001863,SHP004303,CUST00270,2025-10-22,3,Delivery Speed,Average service
FDB001864,SHP002029,CUST04388,2025-05-23,4,Delivery Speed,Good delivery experience
FDB001865,SHP001309,CUST00756,2025-09-07,5,Courier Behavior,Excellent and fast service
FDB001866,SHP000320,CUST04322,2025-10-18,3,Customer Support,Average service
FDB001867,SHP000246,CUST04520,2025-11-27,5,Delivery Speed,Excellent and fast service
FDB001868,SHP000674,CUST03534,2025-02-16,4,Courier Behavior,Good delivery experience
FDB001869,SHP004255,CUST02527,2025-10-21,4,Package Handling,Good delivery experience
FDB001870,SHP003839,CUST00136,2025-08-08,4,Package Handling,Good delivery experience
FDB001871,SHP001042,CUST04102,2025-06-08,4,Package Handling,Good delivery experience
FDB001872,SHP000879,CUST01789,2025-03-16,4,Package Handling,Good delivery experience
FDB001873,SHP000338,CUST02389,2025-08-17,5,Customer Support,Excellent and fast service
FDB001874,SHP004685,CUST03289,2025-09-21,4,Overall Service,Good delivery experience
FDB001875,SHP004508,CUST04774,2025-05-11,4,Courier Behavior,Good delivery experience
FDB001876,SHP000581,CUST04444,2025-06-08,5,Customer Support,Excellent and fast service
FDB001877,SHP001684,CUST01378,2025-01-25,4,Package Handling,Good delivery experience
FDB001878,SHP000344,CUST03209,2025-04-12,5,Package Handling,Excellent and fast service
FDB001879,SHP004139,CUST04195,2025-04-19,2,Delivery Speed,Delivery was slower than expected
FDB001880,SHP003513,CUST00239,2025-07-30,5,Courier Behavior,Excellent and fast service
FDB001881,SHP002938,CUST03083,2025-04-19,3,Package Handling,Average service
FDB001882,SHP004237,CUST02746,2025-04-25,4,Delivery Speed,Good delivery experience
FDB001883,SHP002931,CUST01994,2025-10-26,5,Customer Support,Excellent and fast service
FDB001884,SHP000835,CUST03758,2025-12-16,5,Customer Support,Excellent and fast service
FDB001885,SHP000701,CUST03445,2025-12-22,4,Customer Support,Good delivery experience
FDB001886,SHP003372,CUST01820,2025-11-27,2,Overall Service,Delivery was slower than expected
FDB001887,SHP000858,CUST02182,2025-05-30,4,Overall Service,Good delivery experience
FDB001888,SHP000125,CUST03723,2025-12-13,3,Courier Behavior,Average service
FDB001889,SHP001267,CUST02627,2025-08-20,2,Customer Support,Delivery was slower than expected
FDB001890,SHP002660,CUST00733,2025-07-16,4,Customer Support,Good delivery experience
FDB001891,SHP003025,CUST04624,2025-08-11,4,Courier Behavior,Good delivery experience
FDB001892,SHP001634,CUST01001,2025-08-22,3,Customer Support,Average service
FDB001893,SHP001509,CUST03861,2025-06-02,4,Courier Behavior,Good delivery experience
FDB001894,SHP001049,CUST00683,2025-12-01,5,Package Handling,Excellent and fast service
FDB001895,SHP003348,CUST00530,2025-08-03,5,Courier Behavior,Excellent and fast service
FDB001896,SHP004535,CUST01423,2025-05-11,4,Courier Behavior,Good delivery experience
FDB001897,SHP004825,CUST00331,2025-02-04,4,Courier Behavior,Good delivery experience
FDB001898,SHP004770,CUST02971,2025-06-24,5,Delivery Speed,Excellent and fast service
FDB001899,SHP003008,CUST04640,2025-08-20,4,Customer Support,Good delivery experience
FDB001900,SHP003933,CUST03277,2025-05-21,4,Delivery Speed,Good delivery experience
FDB001901,SHP004497,CUST00985,2025-12-04,5,Delivery Speed,Excellent and fast service
FDB001902,SHP001668,CUST03434,2025-06-29,5,Delivery Speed,Excellent and fast service
FDB001903,SHP002749,CUST01747,2025-09-09,3,Courier Behavior,Average service
FDB001904,SHP001302,CUST01984,2025-06-16,4,Overall Service,Good delivery experience
FDB001905,SHP002102,CUST04560,2025-12-14,3,Package Handling,Average service
FDB001906,SHP001871,CUST04189,2025-03-28,3,Courier Behavior,Average service
FDB001907,SHP001569,CUST00901,2025-11-10,3,Delivery Speed,Average service
FDB001908,SHP004644,CUST00450,2025-02-20,5,Overall Service,Excellent and fast service
FDB001909,SHP000526,CUST02715,2025-04-02,5,Customer Support,Excellent and fast service
FDB001910,SHP001757,CUST02877,2025-09-06,3,Package Handling,Average service
FDB001911,SHP000646,CUST02689,2025-05-02,4,Delivery Speed,Good delivery experience
FDB001912,SHP003784,CUST01144,2025-04-25,3,Delivery Speed,Average service
FDB001913,SHP002546,CUST02965,2025-11-29,4,Customer Support,Good delivery experience
FDB001914,SHP001507,CUST02252,2025-12-18,4,Courier Behavior,Good delivery experience
FDB001915,SHP004045,CUST03394,2025-07-18,4,Customer Support,Good delivery experience
FDB001916,SHP002518,CUST02848,2025-12-03,4,Package Handling,Good delivery experience
FDB001917,SHP003877,CUST00555,2025-01-09,4,Delivery Speed,Good delivery experience
FDB001918,SHP002311,CUST02505,2025-05-15,4,Package Handling,Good delivery experience
FDB001919,SHP002867,CUST04395,2025-05-09,4,Courier Behavior,Good delivery experience
FDB001920,SHP000551,CUST02561,2025-07-23,4,Customer Support,Good delivery experience
FDB001921,SHP003120,CUST00373,2025-04-01,4,Delivery Speed,Good delivery experience
FDB001922,SHP000951,CUST03568,2025-02-27,5,Overall Service,Excellent and fast service
FDB001923,SHP001365,CUST03218,2025-05-01,5,Customer Support,Excellent and fast service
FDB001924,SHP003662,CUST04798,2025-11-25,5,Package Handling,Excellent and fast service
FDB001925,SHP003128,CUST03113,2025-12-26,3,Package Handling,Average service
FDB001926,SHP004041,CUST03290,2025-02-08,4,Overall Service,Good delivery experience
FDB001927,SHP001976,CUST01353,2025-07-27,4,Courier Behavior,Good delivery experience
FDB001928,SHP003972,CUST01799,2025-07-14,4,Overall Service,Good delivery experience
FDB001929,SHP000514,CUST00079,2025-02-27,3,Delivery Speed,Average service
FDB001930,SHP000589,CUST01458,2025-02-23,3,Delivery Speed,Average service
FDB001931,SHP001926,CUST03929,2025-07-19,3,Courier Behavior,Average service
FDB001932,SHP001234,CUST01917,2025-07-21,5,Courier Behavior,Excellent and fast service
FDB001933,SHP000510,CUST02443,2025-08-08,4,Customer Support,Good delivery experience
FDB001934,SHP002312,CUST02220,2025-05-17,5,Customer Support,Excellent and fast service
FDB001935,SHP000188,CUST02943,2025-10-27,4,Customer Support,Good delivery experience
FDB001936,SHP000368,CUST00973,2025-10-08,3,Courier Behavior,Average service
FDB001937,SHP001897,CUST03272,2025-07-28,5,Overall Service,Excellent and fast service
FDB001938,SHP001957,CUST03038,2025-07-10,3,Overall Service,Average service
FDB001939,SHP003163,CUST04385,2025-01-26,4,Customer Support,Good delivery experience
FDB001940,SHP003519,CUST01064,2025-06-15,1,Package Handling,Very poor experience
FDB001941,SHP004072,CUST00788,2025-04-30,3,Courier Behavior,Average service
FDB001942,SHP001419,CUST00880,2025-02-12,5,Customer Support,Excellent and fast service
FDB001943,SHP004807,CUST03741,2025-02-01,5,Delivery Speed,Excellent and fast service
FDB001944,SHP002102,CUST04485,2025-11-01,3,Customer Support,Average service
FDB001945,SHP000468,CUST02090,2025-08-30,3,Courier Behavior,Average service
FDB001946,SHP004530,CUST01032,2025-01-17,4,Package Handling,Good delivery experience
FDB001947,SHP004330,CUST04219,2025-09-06,5,Package Handling,Excellent and fast service
FDB001948,SHP003123,CUST01484,2025-05-19,3,Courier Behavior,Average service
FDB001949,SHP004570,CUST03734,2025-01-25,5,Customer Support,Excellent and fast service
FDB001950,SHP001398,CUST04225,2025-02-22,5,Customer Support,Excellent and fast service
FDB001951,SHP001050,CUST02312,2025-05-30,4,Courier Behavior,Good delivery experience
FDB001952,SHP004420,CUST00674,2025-01-10,4,Package Handling,Good delivery experience
FDB001953,SHP000312,CUST00669,2025-07-22,2,Customer Support,Delivery was slower than expected
FDB001954,SHP000493,CUST01919,2025-08-20,4,Overall Service,Good delivery experience
FDB001955,SHP004450,CUST04547,2025-01-04,5,Overall Service,Excellent and fast service
FDB001956,SHP004802,CUST02905,2025-12-25,5,Customer Support,Excellent and fast service
FDB001957,SHP001881,CUST00317,2025-03-07,1,Delivery Speed,Very poor experience
FDB001958,SHP000497,CUST04827,2025-08-31,2,Package Handling,Delivery was slower than expected
FDB001959,SHP004568,CUST00747,2025-06-14,4,Customer Support,Good delivery experience
FDB001960,SHP002699,CUST01238,2025-11-16,5,Customer Support,Excellent and fast service
FDB001961,SHP001827,CUST01620,2025-05-16,4,Courier Behavior,Good delivery experience
FDB001962,SHP002202,CUST00354,2025-06-05,2,Customer Support,Delivery was slower than expected
FDB001963,SHP001763,CUST01749,2025-10-07,4,Delivery Speed,Good delivery experience
FDB001964,SHP000866,CUST01060,2025-06-01,4,Customer Support,Good delivery experience
FDB001965,SHP003557,CUST02940,2025-07-24,3,Courier Behavior,Average service
FDB001966,SHP000888,CUST01448,2025-01-17,4,Package Handling,Good delivery experience
FDB001967,SHP000891,CUST02141,2025-08-14,5,Courier Behavior,Excellent and fast service
FDB001968,SHP004522,CUST00982,2025-12-28,3,Delivery Speed,Average service
FDB001969,SHP002363,CUST03767,2025-06-15,4,Package Handling,Good delivery experience
FDB001970,SHP000088,CUST01178,2025-08-29,3,Courier Behavior,Average service
FDB001971,SHP003930,CUST03229,2025-06-25,5,Courier Behavior,Excellent and fast service
FDB001972,SHP001405,CUST03608,2025-10-01,1,Overall Service,Very poor experience
FDB001973,SHP002648,CUST02431,2025-05-08,5,Courier Behavior,Excellent and fast service
FDB001974,SHP002584,CUST00314,2025-12-31,2,Delivery Speed,Delivery was slower than expected
FDB001975,SHP004978,CUST00545,2025-03-11,2,Overall Service,Delivery was slower than expected
FDB001976,SHP001532,CUST02649,2025-04-08,5,Package Handling,Excellent and fast service
FDB001977,SHP004341,CUST03661,2025-01-14,4,Courier Behavior,Good delivery experience
FDB001978,SHP004838,CUST04167,2025-11-11,4,Package Handling,Good delivery experience
FDB001979,SHP003179,CUST03693,2025-02-03,4,Delivery Speed,Good delivery experience
FDB001980,SHP004968,CUST04836,2025-03-12,5,Delivery Speed,Excellent and fast service
FDB001981,SHP000578,CUST03602,2025-04-29,4,Delivery Speed,Good delivery experience
FDB001982,SHP002287,CUST00245,2025-12-16,5,Courier Behavior,Excellent and fast service
FDB001983,SHP003050,CUST04956,2025-07-21,3,Package Handling,Average service
FDB001984,SHP003629,CUST03299,2025-04-08,5,Delivery Speed,Excellent and fast service
FDB001985,SHP001651,CUST02219,2025-08-11,5,Delivery Speed,Excellent and fast service
FDB001986,SHP000106,CUST02010,2025-11-29,3,Courier Behavior,Average service
FDB001987,SHP004199,CUST01716,2025-11-17,4,Customer Support,Good delivery experience
FDB001988,SHP004869,CUST00409,2025-02-24,5,Package Handling,Excellent and fast service
FDB001989,SHP001742,CUST02821,2025-05-04,3,Customer Support,Average service
FDB001990,SHP003899,CUST00834,2025-09-16,4,Package Handling,Good delivery experience
FDB001991,SHP001331,CUST04361,2025-11-13,5,Customer Support,Excellent and fast service
FDB001992,SHP003237,CUST01350,2025-11-21,4,Delivery Speed,Good delivery experience
FDB001993,SHP003095,CUST00629,2025-04-21,4,Overall Service,Good delivery experience
FDB001994,SHP002797,CUST01558,2025-11-02,5,Courier Behavior,Excellent and fast service
FDB001995,SHP002536,CUST04038,2025-02-20,5,Customer Support,Excellent and fast service
FDB001996,SHP002853,CUST03396,2025-10-07,5,Customer Support,Excellent and fast service
FDB001997,SHP003078,CUST04932,2025-11-23,4,Customer Support,Good delivery experience
FDB001998,SHP000640,CUST04397,2025-07-18,2,Customer Support,Delivery was slower than expected
FDB001999,SHP001487,CUST02035,2025-03-14,5,Courier Behavior,Excellent and fast service
FDB002000,SHP003538,CUST03257,2025-03-25,4,Courier Behavior,Good delivery experience
FDB002001,SHP002043,CUST00541,2025-04-20,5,Courier Behavior,Excellent and fast service
FDB002002,SHP003356,CUST03792,2025-08-15,4,Courier Behavior,Good delivery experience
FDB002003,SHP001001,CUST00909,2025-11-11,3,Package Handling,Average service
FDB002004,SHP004909,CUST00397,2025-03-21,5,Overall Service,Excellent and fast service
FDB002005,SHP003523,CUST01647,2025-07-12,4,Package Handling,Good delivery experience
FDB002006,SHP001500,CUST02952,2025-03-22,3,Package Handling,Average service
FDB002007,SHP004803,CUST03714,2025-04-30,3,Customer Support,Average service
FDB002008,SHP003973,CUST02534,2025-03-02,5,Delivery Speed,Excellent and fast service
FDB002009,SHP004922,CUST03212,2025-12-05,1,Customer Support,Very poor experience
FDB002010,SHP003865,CUST01800,2025-05-31,4,Courier Behavior,Good delivery experience
FDB002011,SHP004792,CUST03572,2025-05-13,3,Package Handling,Average service
FDB002012,SHP003365,CUST00056,2025-01-31,4,Customer Support,Good delivery experience
FDB002013,SHP002789,CUST04103,2025-07-09,3,Package Handling,Average service
FDB002014,SHP002549,CUST03453,2025-11-15,4,Delivery Speed,Good delivery experience
FDB002015,SHP000484,CUST00618,2025-06-26,5,Package Handling,Excellent and fast service
FDB002016,SHP000387,CUST03046,2025-06-22,4,Customer Support,Good delivery experience
FDB002017,SHP000770,CUST00971,2025-02-22,4,Delivery Speed,Good delivery experience
FDB002018,SHP004321,CUST02422,2025-04-01,5,Customer Support,Excellent and fast service
FDB002019,SHP004882,CUST04064,2025-01-13,3,Customer Support,Average service
FDB002020,SHP004810,CUST04547,2025-12-29,5,Courier Behavior,Excellent and fast service
FDB002021,SHP002114,CUST04606,2025-07-04,3,Customer Support,Average service
FDB002022,SHP003588,CUST04418,2025-05-06,4,Delivery Speed,Good delivery experience
FDB002023,SHP004455,CUST01044,2025-10-12,3,Overall Service,Average service
FDB002024,SHP000579,CUST01856,2025-09-05,5,Courier Behavior,Excellent and fast service
FDB002025,SHP002762,CUST00095,2025-06-15,5,Delivery Speed,Excellent and fast service
FDB002026,SHP000969,CUST00890,2025-12-04,5,Courier Behavior,Excellent and fast service
FDB002027,SHP001379,CUST04050,2025-08-26,4,Overall Service,Good delivery experience
FDB002028,SHP002909,CUST03848,2025-02-06,2,Overall Service,Delivery was slower than expected
FDB002029,SHP001796,CUST02565,2025-11-27,1,Overall Service,Very poor experience
FDB002030,SHP002255,CUST01262,2025-10-07,4,Delivery Speed,Good delivery experience
FDB002031,SHP001493,CUST02092,2025-12-18,3,Courier Behavior,Average service
FDB002032,SHP001351,CUST04860,2025-01-12,3,Customer Support,Average service
FDB002033,SHP004887,CUST00192,2025-05-02,5,Customer Support,Excellent and fast service
FDB002034,SHP003037,CUST02026,2025-11-29,3,Overall Service,Average service
FDB002035,SHP000545,CUST03338,2025-05-28,3,Package Handling,Average service
FDB002036,SHP001330,CUST03423,2025-04-15,5,Courier Behavior,Excellent and fast service
FDB002037,SHP003305,CUST01082,2025-11-01,5,Overall Service,Excellent and fast service
FDB002038,SHP003691,CUST02203,2025-06-22,5,Delivery Speed,Excellent and fast service
FDB002039,SHP000757,CUST01191,2025-01-29,5,Package Handling,Excellent and fast service
FDB002040,SHP002975,CUST01402,2025-04-25,4,Overall Service,Good delivery experience
FDB002041,SHP002310,CUST03446,2025-08-12,5,Overall Service,Excellent and fast service
FDB002042,SHP003695,CUST04201,2025-11-21,5,Courier Behavior,Excellent and fast service
FDB002043,SHP000418,CUST02956,2025-05-11,4,Package Handling,Good delivery experience
FDB002044,SHP002765,CUST03752,2025-02-10,4,Delivery Speed,Good delivery experience
FDB002045,SHP000322,CUST03843,2025-06-14,1,Courier Behavior,Very poor experience
FDB002046,SHP000881,CUST00064,2025-01-03,4,Delivery Speed,Good delivery experience
FDB002047,SHP003331,CUST01734,2025-05-28,4,Package Handling,Good delivery experience
FDB002048,SHP004874,CUST04099,2025-04-23,5,Overall Service,Excellent and fast service
FDB002049,SHP001002,CUST03236,2025-09-26,3,Delivery Speed,Average service
FDB002050,SHP001659,CUST00944,2025-07-28,4,Overall Service,Good delivery experience
FDB002051,SHP003642,CUST02524,2025-03-25,5,Package Handling,Excellent and fast service
FDB002052,SHP004501,CUST03802,2025-01-23,5,Customer Support,Excellent and fast service
FDB002053,SHP000149,CUST04433,2025-10-17,5,Overall Service,Excellent and fast service
FDB002054,SHP000325,CUST01271,2025-03-28,4,Package Handling,Good delivery experience
FDB002055,SHP001075,CUST03317,2025-07-02,5,Customer Support,Excellent and fast service
FDB002056,SHP000081,CUST04710,2025-04-26,5,Delivery Speed,Excellent and fast service
FDB002057,SHP001380,CUST03816,2025-03-02,4,Customer Support,Good delivery experience
FDB002058,SHP003849,CUST03463,2025-08-31,5,Courier Behavior,Excellent and fast service
FDB002059,SHP004181,CUST03890,2025-07-15,5,Package Handling,Excellent and fast service
FDB002060,SHP000729,CUST03550,2025-02-14,4,Overall Service,Good delivery experience
FDB002061,SHP002371,CUST04421,2025-10-19,3,Delivery Speed,Average service
FDB002062,SHP000790,CUST03520,2025-07-27,4,Customer Support,Good delivery experience
FDB002063,SHP001320,CUST01681,2025-11-09,4,Package Handling,Good delivery experience
FDB002064,SHP000845,CUST01169,2025-03-10,1,Overall Service,Very poor experience
FDB002065,SHP001544,CUST04286,2025-07-17,4,Overall Service,Good delivery experience
FDB002066,SHP000784,CUST02661,2025-08-19,4,Package Handling,Good delivery experience
FDB002067,SHP002509,CUST02099,2025-08-09,5,Delivery Speed,Excellent and fast service
FDB002068,SHP003197,CUST01502,2025-09-13,4,Customer Support,Good delivery experience
FDB002069,SHP002669,CUST03654,2025-11-02,5,Customer Support,Excellent and fast service
FDB002070,SHP003819,CUST02391,2025-09-11,3,Courier Behavior,Average service
FDB002071,SHP003288,CUST03872,2025-08-18,1,Overall Service,Very poor experience
FDB002072,SHP001487,CUST03956,2025-12-16,4,Customer Support,Good delivery experience
FDB002073,SHP003238,CUST04413,2025-09-12,3,Customer Support,Average service
FDB002074,SHP004198,CUST01211,2025-05-28,3,Courier Behavior,Average service
FDB002075,SHP001089,CUST02816,2025-03-18,5,Customer Support,Excellent and fast service
FDB002076,SHP000080,CUST04371,2025-09-26,5,Courier Behavior,Excellent and fast service
FDB002077,SHP003214,CUST04516,2025-10-25,5,Customer Support,Excellent and fast service
FDB002078,SHP001454,CUST00544,2025-01-22,5,Delivery Speed,Excellent and fast service
FDB002079,SHP000086,CUST04561,2025-09-14,5,Overall Service,Excellent and fast service
FDB002080,SHP001466,CUST01674,2025-07-10,4,Customer Support,Good delivery experience
FDB002081,SHP002048,CUST00703,2025-07-13,4,Package Handling,Good delivery experience
FDB002082,SHP001416,CUST00707,2025-03-24,3,Courier Behavior,Average service
FDB002083,SHP002592,CUST01654,2025-05-17,4,Overall Service,Good delivery experience
FDB002084,SHP003713,CUST02437,2025-05-21,5,Delivery Speed,Excellent and fast service
FDB002085,SHP003113,CUST03324,2025-03-12,3,Delivery Speed,Average service
FDB002086,SHP001939,CUST04511,2025-05-11,4,Delivery Speed,Good delivery experience
FDB002087,SHP003083,CUST01169,2025-04-07,5,Delivery Speed,Excellent and fast service
FDB002088,SHP000176,CUST00106,2025-05-13,5,Delivery Speed,Excellent and fast service
FDB002089,SHP001044,CUST02707,2025-12-13,5,Package Handling,Excellent and fast service
FDB002090,SHP004971,CUST00875,2025-05-19,5,Courier Behavior,Excellent and fast service
FDB002091,SHP000278,CUST00338,2025-04-26,4,Courier Behavior,Good delivery experience
FDB002092,SHP003293,CUST01598,2025-11-04,3,Customer Support,Average service
FDB002093,SHP001619,CUST03600,2025-03-17,4,Delivery Speed,Good delivery experience
FDB002094,SHP000262,CUST04347,2025-08-25,5,Courier Behavior,Excellent and fast service
FDB002095,SHP002952,CUST03351,2025-10-17,5,Overall Service,Excellent and fast service
FDB002096,SHP000470,CUST04043,2025-01-05,4,Overall Service,Good delivery experience
FDB002097,SHP000894,CUST00475,2025-08-01,5,Courier Behavior,Excellent and fast service
FDB002098,SHP004105,CUST00462,2025-02-21,3,Courier Behavior,Average service
FDB002099,SHP000995,CUST04209,2025-10-18,5,Delivery Speed,Excellent and fast service
FDB002100,SHP001094,CUST02479,2025-08-03,4,Delivery Speed,Good delivery experience
FDB002101,SHP003518,CUST01353,2025-05-28,5,Courier Behavior,Excellent and fast service
FDB002102,SHP004359,CUST00621,2025-03-14,2,Overall Service,Delivery was slower than expected
FDB002103,SHP000908,CUST02187,2025-12-14,5,Overall Service,Excellent and fast service
FDB002104,SHP003894,CUST04122,2025-01-01,5,Delivery Speed,Excellent and fast service
FDB002105,SHP002775,CUST02171,2025-09-30,2,Package Handling,Delivery was slower than expected
FDB002106,SHP003749,CUST01413,2025-12-24,5,Customer Support,Excellent and fast service
FDB002107,SHP001870,CUST00363,2025-10-19,2,Delivery Speed,Delivery was slower than expected
FDB002108,SHP000345,CUST00209,2025-04-20,4,Delivery Speed,Good delivery experience
FDB002109,SHP003132,CUST01121,2025-12-14,4,Customer Support,Good delivery experience
FDB002110,SHP001010,CUST03492,2025-06-24,3,Overall Service,Average service
FDB002111,SHP003417,CUST03237,2025-03-09,5,Customer Support,Excellent and fast service
FDB002112,SHP003170,CUST01559,2025-08-29,4,Customer Support,Good delivery experience
FDB002113,SHP002408,CUST04679,2025-04-25,5,Courier Behavior,Excellent and fast service
FDB002114,SHP004504,CUST04438,2025-05-20,4,Courier Behavior,Good delivery experience
FDB002115,SHP003603,CUST04243,2025-12-17,1,Courier Behavior,Very poor experience
FDB002116,SHP003165,CUST00179,2025-12-04,3,Customer Support,Average service
FDB002117,SHP003984,CUST03503,2025-09-08,5,Courier Behavior,Excellent and fast service
FDB002118,SHP003275,CUST03209,2025-08-30,5,Package Handling,Excellent and fast service
FDB002119,SHP002012,CUST01031,2025-12-19,4,Courier Behavior,Good delivery experience
FDB002120,SHP001205,CUST01120,2025-02-26,5,Overall Service,Excellent and fast service
FDB002121,SHP002428,CUST04712,2025-06-08,4,Overall Service,Good delivery experience
FDB002122,SHP000266,CUST01891,2025-07-22,5,Package Handling,Excellent and fast service
FDB002123,SHP004425,CUST01586,2025-08-16,4,Customer Support,Good delivery experience
FDB002124,SHP002874,CUST01962,2025-03-31,4,Courier Behavior,Good delivery experience
FDB002125,SHP001164,CUST02165,2025-05-16,1,Courier Behavior,Very poor experience
FDB002126,SHP000729,CUST03219,2025-05-06,3,Delivery Speed,Average service
FDB002127,SHP004731,CUST04233,2025-01-05,4,Courier Behavior,Good delivery experience
FDB002128,SHP001841,CUST04363,2025-02-19,4,Customer Support,Good delivery experience
FDB002129,SHP004776,CUST02037,2025-02-28,4,Package Handling,Good delivery experience
FDB002130,SHP001989,CUST03946,2025-05-31,2,Overall Service,Delivery was slower than expected
FDB002131,SHP000302,CUST04354,2025-03-17,5,Delivery Speed,Excellent and fast service
FDB002132,SHP001626,CUST02421,2025-01-16,4,Customer Support,Good delivery experience
FDB002133,SHP001434,CUST00938,2025-07-01,5,Courier Behavior,Excellent and fast service
FDB002134,SHP000223,CUST02191,2025-05-10,5,Package Handling,Excellent and fast service
FDB002135,SHP003991,CUST01621,2025-08-05,4,Delivery Speed,Good delivery experience
FDB002136,SHP003765,CUST02715,2025-02-03,5,Delivery Speed,Excellent and fast service
FDB002137,SHP004355,CUST03165,2025-06-03,4,Customer Support,Good delivery experience
FDB002138,SHP001959,CUST01998,2025-08-14,3,Overall Service,Average service
FDB002139,SHP001772,CUST04705,2025-05-23,5,Overall Service,Excellent and fast service
FDB002140,SHP001637,CUST04953,2025-07-11,4,Delivery Speed,Good delivery experience
FDB002141,SHP003134,CUST04175,2025-03-15,3,Delivery Speed,Average service
FDB002142,SHP004765,CUST01282,2025-07-12,5,Customer Support,Excellent and fast service
FDB002143,SHP004017,CUST00510,2025-12-27,3,Customer Support,Average service
FDB002144,SHP001286,CUST04633,2025-10-01,5,Delivery Speed,Excellent and fast service
FDB002145,SHP004909,CUST04294,2025-11-09,4,Overall Service,Good delivery experience
FDB002146,SHP003771,CUST01346,2025-05-29,4,Package Handling,Good delivery experience
FDB002147,SHP004748,CUST00578,2025-10-31,4,Overall Service,Good delivery experience
FDB002148,SHP001209,CUST04576,2025-07-26,5,Package Handling,Excellent and fast service
FDB002149,SHP004408,CUST00505,2025-05-18,4,Package Handling,Good delivery experience
FDB002150,SHP003752,CUST03034,2025-09-05,5,Package Handling,Excellent and fast service
FDB002151,SHP003915,CUST03761,2025-06-16,4,Customer Support,Good delivery experience
FDB002152,SHP002827,CUST02097,2025-10-24,4,Package Handling,Good delivery experience
FDB002153,SHP000043,CUST00511,2025-04-18,4,Customer Support,Good delivery experience
FDB002154,SHP002083,CUST00454,2025-07-08,1,Overall Service,Very poor experience
FDB002155,SHP000940,CUST04232,2025-07-09,3,Courier Behavior,Average service
FDB002156,SHP003982,CUST03204,2025-06-25,3,Delivery Speed,Average service
FDB002157,SHP003470,CUST04552,2025-10-11,4,Overall Service,Good delivery experience
FDB002158,SHP000539,CUST03432,2025-04-20,5,Courier Behavior,Excellent and fast service
FDB002159,SHP004108,CUST01165,2025-08-17,4,Customer Support,Good delivery experience
FDB002160,SHP000816,CUST00041,2025-07-05,4,Delivery Speed,Good delivery experience
FDB002161,SHP000384,CUST03588,2025-04-19,2,Delivery Speed,Delivery was slower than expected
FDB002162,SHP002764,CUST00495,2025-06-26,5,Customer Support,Excellent and fast service
FDB002163,SHP003014,CUST03143,2025-08-07,5,Overall Service,Excellent and fast service
FDB002164,SHP003101,CUST00116,2025-02-26,4,Courier Behavior,Good delivery experience
FDB002165,SHP002242,CUST02992,2025-12-06,5,Courier Behavior,Excellent and fast service
FDB002166,SHP003456,CUST02724,2025-07-08,1,Overall Service,Very poor experience
FDB002167,SHP001449,CUST01737,2025-06-12,4,Customer Support,Good delivery experience
FDB002168,SHP004536,CUST04781,2025-05-17,5,Courier Behavior,Excellent and fast service
FDB002169,SHP000248,CUST00677,2025-12-26,5,Overall Service,Excellent and fast service
FDB002170,SHP004220,CUST03398,2025-01-02,4,Customer Support,Good delivery experience
FDB002171,SHP003650,CUST03011,2025-01-19,4,Customer Support,Good delivery experience
FDB002172,SHP002049,CUST02190,2025-04-25,2,Courier Behavior,Delivery was slower than expected
FDB002173,SHP004049,CUST01611,2025-10-04,2,Courier Behavior,Delivery was slower than expected
FDB002174,SHP002162,CUST00777,2025-02-02,2,Delivery Speed,Delivery was slower than expected
FDB002175,SHP001967,CUST01842,2025-09-03,4,Delivery Speed,Good delivery experience
FDB002176,SHP004645,CUST00484,2025-11-07,3,Overall Service,Average service
FDB002177,SHP003583,CUST01889,2025-10-29,1,Package Handling,Very poor experience
FDB002178,SHP004270,CUST03252,2025-11-29,3,Package Handling,Average service
FDB002179,SHP002578,CUST04375,2025-12-15,4,Package Handling,Good delivery experience
FDB002180,SHP002024,CUST04334,2025-08-20,2,Delivery Speed,Delivery was slower than expected
FDB002181,SHP001760,CUST03947,2025-08-04,5,Customer Support,Excellent and fast service
FDB002182,SHP003620,CUST02682,2025-07-13,5,Delivery Speed,Excellent and fast service
FDB002183,SHP002686,CUST00700,2025-01-08,4,Customer Support,Good delivery experience
FDB002184,SHP002228,CUST03090,2025-03-29,5,Delivery Speed,Excellent and fast service
FDB002185,SHP003177,CUST04867,2025-08-20,4,Overall Service,Good delivery experience
FDB002186,SHP001455,CUST00386,2025-12-30,4,Delivery Speed,Good delivery experience
FDB002187,SHP001824,CUST04282,2025-12-05,3,Overall Service,Average service
FDB002188,SHP001823,CUST00185,2025-12-22,1,Overall Service,Very poor experience
FDB002189,SHP000410,CUST02154,2025-07-14,3,Package Handling,Average service
FDB002190,SHP001448,CUST02833,2025-10-17,4,Customer Support,Good delivery experience
FDB002191,SHP003795,CUST03718,2025-05-23,3,Customer Support,Average service
FDB002192,SHP002308,CUST04966,2025-05-09,3,Package Handling,Average service
FDB002193,SHP004774,CUST03941,2025-09-26,5,Overall Service,Excellent and fast service
FDB002194,SHP004139,CUST01308,2025-01-26,5,Delivery Speed,Excellent and fast service
FDB002195,SHP002485,CUST00061,2025-08-13,3,Customer Support,Average service
FDB002196,SHP004229,CUST03481,2025-03-05,3,Courier Behavior,Average service
FDB002197,SHP000524,CUST03724,2025-11-03,1,Overall Service,Very poor experience
FDB002198,SHP003349,CUST01845,2025-08-03,4,Customer Support,Good delivery experience
FDB002199,SHP002449,CUST02373,2025-02-01,4,Delivery Speed,Good delivery experience
FDB002200,SHP002567,CUST00474,2025-08-09,4,Customer Support,Good delivery experience
FDB002201,SHP002571,CUST00260,2025-05-09,2,Package Handling,Delivery was slower than expected
FDB002202,SHP002650,CUST01358,2025-05-31,4,Delivery Speed,Good delivery experience
FDB002203,SHP001559,CUST00809,2025-05-31,4,Package Handling,Good delivery experience
FDB002204,SHP002240,CUST01524,2025-12-05,5,Delivery Speed,Excellent and fast service
FDB002205,SHP001764,CUST01698,2025-02-03,3,Delivery Speed,Average service
FDB002206,SHP000948,CUST01359,2025-09-14,3,Delivery Speed,Average service
FDB002207,SHP000834,CUST04060,2025-05-27,4,Courier Behavior,Good delivery experience
FDB002208,SHP004258,CUST04803,2025-09-11,4,Package Handling,Good delivery experience
FDB002209,SHP000569,CUST01166,2025-06-22,4,Overall Service,Good delivery experience
FDB002210,SHP001409,CUST02018,2025-04-16,4,Courier Behavior,Good delivery experience
FDB002211,SHP002082,CUST03423,2025-11-23,5,Courier Behavior,Excellent and fast service
FDB002212,SHP000091,CUST01087,2025-02-02,5,Customer Support,Excellent and fast service
FDB002213,SHP000769,CUST02101,2025-10-17,4,Overall Service,Good delivery experience
FDB002214,SHP003059,CUST01911,2025-03-04,2,Overall Service,Delivery was slower than expected
FDB002215,SHP003232,CUST01300,2025-09-09,4,Customer Support,Good delivery experience
FDB002216,SHP004818,CUST02000,2025-01-15,4,Overall Service,Good delivery experience
FDB002217,SHP004789,CUST01289,2025-10-16,4,Customer Support,Good delivery experience
FDB002218,SHP000234,CUST03144,2025-01-19,5,Courier Behavior,Excellent and fast service
FDB002219,SHP003664,CUST04517,2025-05-22,5,Customer Support,Excellent and fast service
FDB002220,SHP002231,CUST04708,2025-10-03,5,Overall Service,Excellent and fast service
FDB002221,SHP003473,CUST03464,2025-04-06,2,Delivery Speed,Delivery was slower than expected
FDB002222,SHP003266,CUST00196,2025-01-16,4,Courier Behavior,Good delivery experience
FDB002223,SHP003877,CUST04443,2025-10-22,4,Package Handling,Good delivery experience
FDB002224,SHP001956,CUST04653,2025-12-12,5,Delivery Speed,Excellent and fast service
FDB002225,SHP003322,CUST02395,2025-11-24,5,Delivery Speed,Excellent and fast service
FDB002226,SHP003300,CUST04619,2025-04-20,5,Customer Support,Excellent and fast service
FDB002227,SHP001935,CUST03836,2025-10-15,4,Package Handling,Good delivery experience
FDB002228,SHP002529,CUST03199,2025-11-07,5,Package Handling,Excellent and fast service
FDB002229,SHP004880,CUST04101,2025-03-07,5,Package Handling,Excellent and fast service
FDB002230,SHP003997,CUST03832,2025-10-11,4,Courier Behavior,Good delivery experience
FDB002231,SHP000972,CUST04179,2025-04-24,5,Customer Support,Excellent and fast service
FDB002232,SHP003087,CUST00771,2025-07-21,4,Package Handling,Good delivery experience
FDB002233,SHP002984,CUST04342,2025-03-02,1,Overall Service,Very poor experience
FDB002234,SHP002907,CUST04516,2025-11-09,3,Overall Service,Average service
FDB002235,SHP000430,CUST04635,2025-04-01,3,Delivery Speed,Average service
FDB002236,SHP002310,CUST02440,2025-10-02,5,Courier Behavior,Excellent and fast service
FDB002237,SHP004328,CUST04105,2025-11-23,4,Delivery Speed,Good delivery experience
FDB002238,SHP000020,CUST01439,2025-12-13,3,Package Handling,Average service
FDB002239,SHP001825,CUST02548,2025-03-04,4,Overall Service,Good delivery experience
FDB002240,SHP003918,CUST02557,2025-02-15,4,Overall Service,Good delivery experience
FDB002241,SHP002011,CUST00137,2025-06-26,2,Package Handling,Delivery was slower than expected
FDB002242,SHP002488,CUST02546,2025-07-08,3,Package Handling,Average service
FDB002243,SHP004081,CUST04496,2025-08-24,1,Package Handling,Very poor experience
FDB002244,SHP004639,CUST02833,2025-12-20,4,Courier Behavior,Good delivery experience
FDB002245,SHP003597,CUST01289,2025-06-30,5,Overall Service,Excellent and fast service
FDB002246,SHP002066,CUST01875,2025-02-07,4,Delivery Speed,Good delivery experience
FDB002247,SHP004450,CUST00771,2025-11-26,5,Delivery Speed,Excellent and fast service
FDB002248,SHP000549,CUST04071,2025-05-02,2,Delivery Speed,Delivery was slower than expected
FDB002249,SHP004271,CUST00418,2025-07-07,5,Overall Service,Excellent and fast service
FDB002250,SHP003439,CUST04950,2025-07-27,5,Customer Support,Excellent and fast service
FDB002251,SHP002949,CUST02991,2025-04-24,5,Courier Behavior,Excellent and fast service
FDB002252,SHP004428,CUST00786,2025-07-26,5,Overall Service,Excellent and fast service
FDB002253,SHP001384,CUST02059,2025-05-09,3,Courier Behavior,Average service
FDB002254,SHP000308,CUST02372,2025-11-12,4,Courier Behavior,Good delivery experience
FDB002255,SHP001504,CUST04009,2025-04-12,5,Overall Service,Excellent and fast service
FDB002256,SHP004086,CUST04308,2025-05-26,5,Package Handling,Excellent and fast service
FDB002257,SHP002599,CUST04655,2025-06-22,5,Delivery Speed,Excellent and fast service
FDB002258,SHP002187,CUST01172,2025-06-09,5,Courier Behavior,Excellent and fast service
FDB002259,SHP003185,CUST03067,2025-07-20,5,Package Handling,Excellent and fast service
FDB002260,SHP004506,CUST00269,2025-02-16,4,Customer Support,Good delivery experience
FDB002261,SHP000695,CUST03745,2025-03-01,4,Customer Support,Good delivery experience
FDB002262,SHP001091,CUST01008,2025-02-13,4,Package Handling,Good delivery experience
FDB002263,SHP002278,CUST03702,2025-03-18,4,Customer Support,Good delivery experience
FDB002264,SHP002517,CUST04979,2025-04-26,1,Delivery Speed,Very poor experience
FDB002265,SHP001138,CUST01579,2025-08-11,4,Courier Behavior,Good delivery experience
FDB002266,SHP003462,CUST00789,2025-04-10,3,Delivery Speed,Average service
FDB002267,SHP000043,CUST02038,2025-12-16,4,Package Handling,Good delivery experience
FDB002268,SHP002334,CUST03757,2025-08-22,4,Delivery Speed,Good delivery experience
FDB002269,SHP004559,CUST02949,2025-01-05,1,Courier Behavior,Very poor experience
FDB002270,SHP002795,CUST03895,2025-08-02,3,Courier Behavior,Average service
FDB002271,SHP001024,CUST04419,2025-12-05,5,Courier Behavior,Excellent and fast service
FDB002272,SHP003520,CUST02398,2025-09-19,4,Delivery Speed,Good delivery experience
FDB002273,SHP003714,CUST04669,2025-04-04,3,Delivery Speed,Average service
FDB002274,SHP004787,CUST00203,2025-12-09,5,Customer Support,Excellent and fast service
FDB002275,SHP003252,CUST00640,2025-10-31,3,Delivery Speed,Average service
FDB002276,SHP000790,CUST00938,2025-03-12,5,Customer Support,Excellent and fast service
FDB002277,SHP001917,CUST03680,2025-10-17,5,Courier Behavior,Excellent and fast service
FDB002278,SHP002102,CUST01317,2025-07-30,1,Overall Service,Very poor experience
FDB002279,SHP000514,CUST02836,2025-12-08,5,Customer Support,Excellent and fast service
FDB002280,SHP001988,CUST03206,2025-08-04,4,Customer Support,Good delivery experience
FDB002281,SHP003755,CUST03467,2025-05-14,5,Customer Support,Excellent and fast service
FDB002282,SHP003331,CUST04184,2025-06-13,4,Delivery Speed,Good delivery experience
FDB002283,SHP000950,CUST01909,2025-01-22,3,Customer Support,Average service
FDB002284,SHP000911,CUST01844,2025-05-05,4,Overall Service,Good delivery experience
FDB002285,SHP001956,CUST00582,2025-07-22,1,Overall Service,Very poor experience
FDB002286,SHP003353,CUST02233,2025-12-18,4,Courier Behavior,Good delivery experience
FDB002287,SHP002186,CUST04023,2025-07-27,3,Customer Support,Average service
FDB002288,SHP001905,CUST02154,2025-04-13,4,Overall Service,Good delivery experience
FDB002289,SHP002749,CUST01372,2025-09-10,3,Customer Support,Average service
FDB002290,SHP000982,CUST03454,2025-03-29,2,Overall Service,Delivery was slower than expected
FDB002291,SHP000774,CUST04156,2025-10-21,4,Customer Support,Good delivery experience
FDB002292,SHP000256,CUST02040,2025-11-26,4,Package Handling,Good delivery experience
FDB002293,SHP000418,CUST02165,2025-11-27,4,Package Handling,Good delivery experience
FDB002294,SHP004355,CUST04848,2025-07-13,1,Courier Behavior,Very poor experience
FDB002295,SHP002767,CUST04070,2025-02-10,3,Delivery Speed,Average service
FDB002296,SHP003054,CUST02000,2025-11-17,3,Courier Behavior,Average service
FDB002297,SHP001111,CUST03657,2025-02-11,4,Delivery Speed,Good delivery experience
FDB002298,SHP000347,CUST03951,2025-10-04,4,Customer Support,Good delivery experience
FDB002299,SHP002742,CUST03274,2025-01-01,5,Courier Behavior,Excellent and fast service
FDB002300,SHP003720,CUST01955,2025-08-23,1,Package Handling,Very poor experience
FDB002301,SHP002190,CUST00643,2025-10-15,2,Courier Behavior,Delivery was slower than expected
FDB002302,SHP001931,CUST04330,2025-08-14,5,Courier Behavior,Excellent and fast service
FDB002303,SHP001618,CUST00478,2025-03-01,4,Overall Service,Good delivery experience
FDB002304,SHP003330,CUST00119,2025-02-04,2,Overall Service,Delivery was slower than expected
FDB002305,SHP002996,CUST03505,2025-02-21,4,Customer Support,Good delivery experience
FDB002306,SHP004287,CUST01869,2025-07-16,5,Courier Behavior,Excellent and fast service
FDB002307,SHP001847,CUST01647,2025-07-26,3,Package Handling,Average service
FDB002308,SHP003516,CUST02123,2025-06-08,2,Overall Service,Delivery was slower than expected
FDB002309,SHP000764,CUST02169,2025-06-21,4,Customer Support,Good delivery experience
FDB002310,SHP001672,CUST03687,2025-11-11,3,Courier Behavior,Average service
FDB002311,SHP000160,CUST02163,2025-07-19,5,Customer Support,Excellent and fast service
FDB002312,SHP000532,CUST00305,2025-04-09,4,Courier Behavior,Good delivery experience
FDB002313,SHP003350,CUST04216,2025-12-14,3,Delivery Speed,Average service
FDB002314,SHP001692,CUST01710,2025-08-03,4,Courier Behavior,Good delivery experience
FDB002315,SHP003731,CUST04524,2025-07-18,4,Delivery Speed,Good delivery experience
FDB002316,SHP003382,CUST01149,2025-03-24,4,Delivery Speed,Good delivery experience
FDB002317,SHP000565,CUST01227,2025-05-06,5,Package Handling,Excellent and fast service
FDB002318,SHP004027,CUST01428,2025-05-09,3,Delivery Speed,Average service
FDB002319,SHP000291,CUST01861,2025-09-01,5,Delivery Speed,Excellent and fast service
FDB002320,SHP003407,CUST01658,2025-06-22,5,Package Handling,Excellent and fast service
FDB002321,SHP000995,CUST03892,2025-03-28,5,Courier Behavior,Excellent and fast service
FDB002322,SHP004179,CUST04522,2025-10-06,3,Courier Behavior,Average service
FDB002323,SHP000602,CUST00256,2025-07-04,5,Customer Support,Excellent and fast service
FDB002324,SHP002721,CUST01131,2025-12-13,1,Delivery Speed,Very poor experience
FDB002325,SHP002707,CUST03326,2025-03-16,4,Delivery Speed,Good delivery experience
FDB002326,SHP002768,CUST00557,2025-05-29,3,Customer Support,Average service
FDB002327,SHP001544,CUST01746,2025-10-11,3,Overall Service,Average service
FDB002328,SHP003689,CUST00936,2025-08-02,4,Package Handling,Good delivery experience
FDB002329,SHP001983,CUST00176,2025-09-11,5,Delivery Speed,Excellent and fast service
FDB002330,SHP003911,CUST01930,2025-07-11,4,Package Handling,Good delivery experience
FDB002331,SHP004065,CUST02065,2025-04-12,4,Delivery Speed,Good delivery experience
FDB002332,SHP001129,CUST02790,2025-02-14,5,Overall Service,Excellent and fast service
FDB002333,SHP003810,CUST03242,2025-05-08,5,Courier Behavior,Excellent and fast service
FDB002334,SHP001311,CUST01960,2025-03-21,3,Courier Behavior,Average service
FDB002335,SHP003519,CUST04034,2025-02-23,4,Courier Behavior,Good delivery experience
FDB002336,SHP002874,CUST03785,2025-01-02,5,Delivery Speed,Excellent and fast service
FDB002337,SHP001048,CUST01922,2025-07-25,2,Overall Service,Delivery was slower than expected
FDB002338,SHP002498,CUST02579,2025-02-18,4,Customer Support,Good delivery experience
FDB002339,SHP002793,CUST00486,2025-05-24,5,Overall Service,Excellent and fast service
FDB002340,SHP000198,CUST03962,2025-04-19,5,Delivery Speed,Excellent and fast service
FDB002341,SHP003307,CUST04644,2025-01-01,2,Overall Service,Delivery was slower than expected
FDB002342,SHP001952,CUST04609,2025-08-16,2,Overall Service,Delivery was slower than expected
FDB002343,SHP001658,CUST00478,2025-10-04,3,Customer Support,Average service
FDB002344,SHP004827,CUST03631,2025-07-14,5,Package Handling,Excellent and fast service
FDB002345,SHP003033,CUST00578,2025-02-19,2,Overall Service,Delivery was slower than expected
FDB002346,SHP003206,CUST01143,2025-09-09,5,Overall Service,Excellent and fast service
FDB002347,SHP000230,CUST01399,2025-02-27,5,Courier Behavior,Excellent and fast service
FDB002348,SHP002774,CUST01724,2025-08-17,5,Overall Service,Excellent and fast service
FDB002349,SHP000898,CUST04145,2025-03-30,2,Customer Support,Delivery was slower than expected
FDB002350,SHP004738,CUST00894,2025-09-16,2,Courier Behavior,Delivery was slower than expected
FDB002351,SHP000025,CUST02647,2025-11-04,5,Customer Support,Excellent and fast service
FDB002352,SHP003654,CUST00831,2025-03-31,5,Courier Behavior,Excellent and fast service
FDB002353,SHP003462,CUST03913,2025-12-05,5,Overall Service,Excellent and fast service
FDB002354,SHP004514,CUST01912,2025-12-16,5,Delivery Speed,Excellent and fast service
FDB002355,SHP002099,CUST03221,2025-12-14,5,Overall Service,Excellent and fast service
FDB002356,SHP004795,CUST02515,2025-09-13,5,Package Handling,Excellent and fast service
FDB002357,SHP002897,CUST01373,2025-01-08,4,Delivery Speed,Good delivery experience
FDB002358,SHP000923,CUST00286,2025-05-05,4,Delivery Speed,Good delivery experience
FDB002359,SHP003997,CUST01829,2025-10-16,5,Overall Service,Excellent and fast service
FDB002360,SHP004395,CUST02100,2025-12-11,2,Courier Behavior,Delivery was slower than expected
FDB002361,SHP004376,CUST04637,2025-12-02,5,Package Handling,Excellent and fast service
FDB002362,SHP000298,CUST02692,2025-08-26,4,Courier Behavior,Good delivery experience
FDB002363,SHP004151,CUST00031,2025-09-20,2,Courier Behavior,Delivery was slower than expected
FDB002364,SHP002103,CUST01951,2025-03-17,5,Overall Service,Excellent and fast service
FDB002365,SHP001759,CUST01197,2025-07-01,4,Delivery Speed,Good delivery experience
FDB002366,SHP003906,CUST04234,2025-01-30,4,Courier Behavior,Good delivery experience
FDB002367,SHP000442,CUST00111,2025-01-08,4,Customer Support,Good delivery experience
FDB002368,SHP003063,CUST01984,2025-05-20,4,Delivery Speed,Good delivery experience
FDB002369,SHP004340,CUST01297,2025-03-17,4,Delivery Speed,Good delivery experience
FDB002370,SHP000773,CUST02403,2025-09-23,3,Package Handling,Average service
FDB002371,SHP004437,CUST01181,2025-05-22,4,Overall Service,Good delivery experience
FDB002372,SHP001157,CUST04056,2025-08-23,4,Package Handling,Good delivery experience
FDB002373,SHP004417,CUST01156,2025-09-17,5,Package Handling,Excellent and fast service
FDB002374,SHP001865,CUST02802,2025-03-22,4,Courier Behavior,Good delivery experience
FDB002375,SHP001133,CUST03091,2025-07-03,5,Overall Service,Excellent and fast service
FDB002376,SHP004228,CUST03235,2025-09-15,4,Overall Service,Good delivery experience
FDB002377,SHP002723,CUST03229,2025-07-30,4,Delivery Speed,Good delivery experience
FDB002378,SHP003933,CUST03672,2025-10-03,3,Customer Support,Average service
FDB002379,SHP004854,CUST00768,2025-07-09,5,Courier Behavior,Excellent and fast service
FDB002380,SHP004760,CUST03154,2025-05-04,5,Overall Service,Excellent and fast service
FDB002381,SHP001380,CUST03408,2025-01-27,5,Customer Support,Excellent and fast service
FDB002382,SHP004569,CUST04949,2025-11-15,5,Overall Service,Excellent and fast service
FDB002383,SHP004677,CUST04638,2025-01-11,3,Package Handling,Average service
FDB002384,SHP001964,CUST04861,2025-08-16,4,Courier Behavior,Good delivery experience
FDB002385,SHP004086,CUST02137,2025-04-24,3,Package Handling,Average service
FDB002386,SHP002201,CUST00698,2025-09-27,5,Courier Behavior,Excellent and fast service
FDB002387,SHP001070,CUST04062,2025-12-17,4,Delivery Speed,Good delivery experience
FDB002388,SHP002277,CUST00542,2025-01-14,2,Courier Behavior,Delivery was slower than expected
FDB002389,SHP004156,CUST01981,2025-04-01,4,Package Handling,Good delivery experience
FDB002390,SHP003057,CUST01020,2025-08-19,5,Courier Behavior,Excellent and fast service
FDB002391,SHP004372,CUST00868,2025-02-09,4,Courier Behavior,Good delivery experience
FDB002392,SHP000691,CUST02670,2025-09-15,4,Customer Support,Good delivery experience
FDB002393,SHP000192,CUST00847,2025-10-27,3,Package Handling,Average service
FDB002394,SHP002157,CUST04590,2025-01-27,3,Courier Behavior,Average service
FDB002395,SHP003062,CUST03187,2025-12-24,4,Delivery Speed,Good delivery experience
FDB002396,SHP003763,CUST04720,2025-10-10,4,Customer Support,Good delivery experience
FDB002397,SHP000104,CUST00937,2025-06-12,3,Package Handling,Average service
FDB002398,SHP003457,CUST01557,2025-07-26,1,Package Handling,Very poor experience
FDB002399,SHP002258,CUST01133,2025-10-29,5,Courier Behavior,Excellent and fast service
FDB002400,SHP004214,CUST01853,2025-07-14,5,Delivery Speed,Excellent and fast service
FDB002401,SHP004351,CUST02648,2025-09-27,5,Courier Behavior,Excellent and fast service
FDB002402,SHP001313,CUST03164,2025-06-19,5,Delivery Speed,Excellent and fast service
FDB002403,SHP000620,CUST01513,2025-06-28,3,Delivery Speed,Average service
FDB002404,SHP004229,CUST03168,2025-04-23,2,Overall Service,Delivery was slower than expected
FDB002405,SHP000061,CUST03917,2025-01-29,2,Customer Support,Delivery was slower than expected
FDB002406,SHP003777,CUST02812,2025-09-16,5,Package Handling,Excellent and fast service
FDB002407,SHP003234,CUST01983,2025-08-07,4,Courier Behavior,Good delivery experience
FDB002408,SHP000348,CUST01833,2025-10-03,5,Courier Behavior,Excellent and fast service
FDB002409,SHP002373,CUST03853,2025-11-27,4,Package Handling,Good delivery experience
FDB002410,SHP000677,CUST04143,2025-10-15,4,Customer Support,Good delivery experience
FDB002411,SHP002416,CUST04664,2025-06-30,3,Package Handling,Average service
FDB002412,SHP002873,CUST00138,2025-10-25,4,Delivery Speed,Good delivery experience
FDB002413,SHP000196,CUST03905,2025-03-03,4,Courier Behavior,Good delivery experience
FDB002414,SHP004768,CUST02282,2025-07-25,4,Delivery Speed,Good delivery experience
FDB002415,SHP001802,CUST02382,2025-06-05,4,Courier Behavior,Good delivery experience
FDB002416,SHP004962,CUST04303,2025-05-30,1,Customer Support,Very poor experience
FDB002417,SHP003857,CUST02601,2025-12-21,3,Package Handling,Average service
FDB002418,SHP001281,CUST02531,2025-10-15,3,Courier Behavior,Average service
FDB002419,SHP002857,CUST04221,2025-04-29,4,Courier Behavior,Good delivery experience
FDB002420,SHP002559,CUST01778,2025-12-13,5,Overall Service,Excellent and fast service
FDB002421,SHP003565,CUST04272,2025-06-11,4,Customer Support,Good delivery experience
FDB002422,SHP001995,CUST04572,2025-05-14,5,Courier Behavior,Excellent and fast service
FDB002423,SHP004339,CUST03990,2025-07-07,4,Delivery Speed,Good delivery experience
FDB002424,SHP003518,CUST02556,2025-05-09,3,Courier Behavior,Average service
FDB002425,SHP002995,CUST03297,2025-07-30,5,Overall Service,Excellent and fast service
FDB002426,SHP004701,CUST04420,2025-03-10,4,Delivery Speed,Good delivery experience
FDB002427,SHP004128,CUST04562,2025-02-27,3,Customer Support,Average service
FDB002428,SHP004865,CUST03493,2025-12-10,1,Overall Service,Very poor experience
FDB002429,SHP002470,CUST03486,2025-02-19,4,Courier Behavior,Good delivery experience
FDB002430,SHP002282,CUST03572,2025-04-25,4,Customer Support,Good delivery experience
FDB002431,SHP002897,CUST02267,2025-07-11,5,Delivery Speed,Excellent and fast service
FDB002432,SHP002736,CUST02097,2025-02-07,2,Delivery Speed,Delivery was slower than expected
FDB002433,SHP001504,CUST01838,2025-07-18,3,Overall Service,Average service
FDB002434,SHP003072,CUST03418,2025-05-11,5,Package Handling,Excellent and fast service
FDB002435,SHP003669,CUST00464,2025-07-11,5,Package Handling,Excellent and fast service
FDB002436,SHP001102,CUST04030,2025-02-02,4,Overall Service,Good delivery experience
FDB002437,SHP004655,CUST03236,2025-10-12,5,Courier Behavior,Excellent and fast service
FDB002438,SHP000664,CUST04575,2025-03-05,2,Delivery Speed,Delivery was slower than expected
FDB002439,SHP001150,CUST01261,2025-09-07,4,Courier Behavior,Good delivery experience
FDB002440,SHP000471,CUST01730,2025-12-09,4,Delivery Speed,Good delivery experience
FDB002441,SHP004882,CUST01825,2025-02-26,5,Customer Support,Excellent and fast service
FDB002442,SHP003495,CUST03119,2025-06-03,4,Courier Behavior,Good delivery experience
FDB002443,SHP004902,CUST00535,2025-03-19,3,Overall Service,Average service
FDB002444,SHP004581,CUST00856,2025-09-12,3,Package Handling,Average service
FDB002445,SHP002439,CUST01731,2025-05-11,5,Delivery Speed,Excellent and fast service
FDB002446,SHP000293,CUST00646,2025-10-18,5,Package Handling,Excellent and fast service
FDB002447,SHP003320,CUST01087,2025-05-20,5,Package Handling,Excellent and fast service
FDB002448,SHP003035,CUST00145,2025-11-16,4,Overall Service,Good delivery experience
FDB002449,SHP001102,CUST02072,2025-07-02,5,Delivery Speed,Excellent and fast service
FDB002450,SHP003240,CUST00050,2025-03-16,1,Overall Service,Very poor experience
FDB002451,SHP001055,CUST00335,2025-08-04,5,Courier Behavior,Excellent and fast service
FDB002452,SHP003636,CUST01988,2025-05-14,5,Package Handling,Excellent and fast service
FDB002453,SHP002941,CUST03477,2025-08-18,4,Customer Support,Good delivery experience
FDB002454,SHP002150,CUST01622,2025-04-12,5,Customer Support,Excellent and fast service
FDB002455,SHP001531,CUST03532,2025-07-24,4,Delivery Speed,Good delivery experience
FDB002456,SHP001485,CUST00820,2025-08-10,5,Courier Behavior,Excellent and fast service
FDB002457,SHP000481,CUST03116,2025-11-26,4,Courier Behavior,Good delivery experience
FDB002458,SHP001131,CUST03155,2025-12-11,5,Delivery Speed,Excellent and fast service
FDB002459,SHP002264,CUST01108,2025-02-10,3,Overall Service,Average service
FDB002460,SHP001538,CUST00042,2025-12-29,5,Package Handling,Excellent and fast service
FDB002461,SHP001410,CUST02422,2025-08-10,5,Customer Support,Excellent and fast service
FDB002462,SHP003521,CUST02845,2025-07-23,5,Courier Behavior,Excellent and fast service
FDB002463,SHP001355,CUST04117,2025-03-15,5,Delivery Speed,Excellent and fast service
FDB002464,SHP002743,CUST02441,2025-01-28,4,Customer Support,Good delivery experience
FDB002465,SHP000687,CUST02576,2025-01-23,3,Delivery Speed,Average service
FDB002466,SHP002888,CUST04399,2025-03-09,5,Package Handling,Excellent and fast service
FDB002467,SHP002337,CUST00835,2025-07-10,3,Package Handling,Average service
FDB002468,SHP004442,CUST01597,2025-03-12,5,Courier Behavior,Excellent and fast service
FDB002469,SHP001854,CUST01680,2025-09-04,5,Customer Support,Excellent and fast service
FDB002470,SHP000840,CUST04229,2025-03-16,4,Courier Behavior,Good delivery experience
FDB002471,SHP001881,CUST01764,2025-08-23,5,Package Handling,Excellent and fast service
FDB002472,SHP000666,CUST03087,2025-05-10,4,Package Handling,Good delivery experience
FDB002473,SHP003771,CUST02019,2025-01-01,3,Overall Service,Average service
FDB002474,SHP003477,CUST00045,2025-05-12,5,Customer Support,Excellent and fast service
FDB002475,SHP000473,CUST00201,2025-09-30,5,Customer Support,Excellent and fast service
FDB002476,SHP002064,CUST02254,2025-03-03,5,Package Handling,Excellent and fast service
FDB002477,SHP003337,CUST01078,2025-05-31,3,Overall Service,Average service
FDB002478,SHP002700,CUST03838,2025-09-12,4,Overall Service,Good delivery experience
FDB002479,SHP001343,CUST02302,2025-09-26,1,Courier Behavior,Very poor experience
FDB002480,SHP001933,CUST02149,2025-08-22,4,Package Handling,Good delivery experience
FDB002481,SHP000745,CUST00677,2025-04-03,5,Customer Support,Excellent and fast service
FDB002482,SHP002724,CUST01810,2025-08-30,5,Courier Behavior,Excellent and fast service
FDB002483,SHP003388,CUST04593,2025-11-02,5,Package Handling,Excellent and fast service
FDB002484,SHP002959,CUST03559,2025-11-27,2,Delivery Speed,Delivery was slower than expected
FDB002485,SHP004581,CUST03479,2025-09-22,4,Courier Behavior,Good delivery experience
FDB002486,SHP002892,CUST04494,2025-12-05,4,Courier Behavior,Good delivery experience
FDB002487,SHP002964,CUST04452,2025-11-02,5,Overall Service,Excellent and fast service
FDB002488,SHP001422,CUST04743,2025-11-09,5,Delivery Speed,Excellent and fast service
FDB002489,SHP000871,CUST00545,2025-05-21,3,Courier Behavior,Average service
FDB002490,SHP003486,CUST01618,2025-01-10,5,Customer Support,Excellent and fast service
FDB002491,SHP002955,CUST00169,2025-08-28,5,Courier Behavior,Excellent and fast service
FDB002492,SHP000233,CUST03319,2025-12-22,5,Package Handling,Excellent and fast service
FDB002493,SHP004137,CUST03595,2025-11-23,5,Overall Service,Excellent and fast service
FDB002494,SHP003187,CUST00352,2025-03-18,5,Delivery Speed,Excellent and fast service
FDB002495,SHP002807,CUST03271,2025-01-12,4,Delivery Speed,Good delivery experience
FDB002496,SHP004996,CUST04252,2025-09-21,5,Package Handling,Excellent and fast service
FDB002497,SHP001613,CUST04058,2025-07-02,4,Customer Support,Good delivery experience
FDB002498,SHP004789,CUST01161,2025-12-27,5,Customer Support,Excellent and fast service
FDB002499,SHP004122,CUST04404,2025-07-27,5,Customer Support,Excellent and fast service
FDB002500,SHP002379,CUST01013,2025-08-17,5,Customer Support,Excellent and fast service
FDB002501,SHP003074,CUST00297,2025-06-02,1,Customer Support,Very poor experience
FDB002502,SHP000829,CUST00104,2025-05-17,4,Courier Behavior,Good delivery experience
FDB002503,SHP002673,CUST02811,2025-06-03,5,Courier Behavior,Excellent and fast service
FDB002504,SHP001957,CUST04509,2025-10-19,4,Customer Support,Good delivery experience
FDB002505,SHP000435,CUST01190,2025-12-25,5,Courier Behavior,Excellent and fast service
FDB002506,SHP003789,CUST01098,2025-02-02,5,Package Handling,Excellent and fast service
FDB002507,SHP004490,CUST03933,2025-05-02,4,Courier Behavior,Good delivery experience
FDB002508,SHP003334,CUST04787,2025-05-17,5,Overall Service,Excellent and fast service
FDB002509,SHP003195,CUST02896,2025-07-02,2,Package Handling,Delivery was slower than expected
FDB002510,SHP003599,CUST03946,2025-10-19,5,Delivery Speed,Excellent and fast service
FDB002511,SHP003935,CUST04320,2025-09-01,4,Courier Behavior,Good delivery experience
FDB002512,SHP002786,CUST04825,2025-12-27,3,Package Handling,Average service
FDB002513,SHP002754,CUST02213,2025-06-25,5,Package Handling,Excellent and fast service
FDB002514,SHP001059,CUST02024,2025-03-12,4,Customer Support,Good delivery experience
FDB002515,SHP003638,CUST02544,2025-01-06,3,Courier Behavior,Average service
FDB002516,SHP001994,CUST01904,2025-09-27,3,Package Handling,Average service
FDB002517,SHP004778,CUST01687,2025-11-20,4,Overall Service,Good delivery experience
FDB002518,SHP002610,CUST01767,2025-03-20,5,Customer Support,Excellent and fast service
FDB002519,SHP001325,CUST04981,2025-07-20,4,Package Handling,Good delivery experience
FDB002520,SHP001647,CUST00053,2025-05-25,3,Package Handling,Average service
FDB002521,SHP002633,CUST04909,2025-06-04,4,Courier Behavior,Good delivery experience
FDB002522,SHP003580,CUST03818,2025-09-25,2,Overall Service,Delivery was slower than expected
FDB002523,SHP002974,CUST00473,2025-10-24,3,Package Handling,Average service
FDB002524,SHP004007,CUST00235,2025-03-12,5,Delivery Speed,Excellent and fast service
FDB002525,SHP000094,CUST00027,2025-11-22,4,Package Handling,Good delivery experience
FDB002526,SHP000872,CUST00825,2025-09-03,4,Delivery Speed,Good delivery experience
FDB002527,SHP003875,CUST00589,2025-08-12,2,Package Handling,Delivery was slower than expected
FDB002528,SHP004978,CUST04099,2025-06-17,4,Overall Service,Good delivery experience
FDB002529,SHP002922,CUST04519,2025-02-18,4,Delivery Speed,Good delivery experience
FDB002530,SHP001614,CUST02814,2025-10-21,4,Customer Support,Good delivery experience
FDB002531,SHP002798,CUST04226,2025-03-07,5,Overall Service,Excellent and fast service
FDB002532,SHP002089,CUST02743,2025-10-27,5,Delivery Speed,Excellent and fast service
FDB002533,SHP004637,CUST04427,2025-03-12,4,Delivery Speed,Good delivery experience
FDB002534,SHP003103,CUST02012,2025-07-17,5,Delivery Speed,Excellent and fast service
FDB002535,SHP003113,CUST01890,2025-12-19,5,Overall Service,Excellent and fast service
FDB002536,SHP001893,CUST04813,2025-07-06,5,Customer Support,Excellent and fast service
FDB002537,SHP003790,CUST02426,2025-03-17,5,Package Handling,Excellent and fast service
FDB002538,SHP000461,CUST02840,2025-06-02,4,Customer Support,Good delivery experience
FDB002539,SHP001036,CUST00231,2025-05-12,5,Customer Support,Excellent and fast service
FDB002540,SHP004735,CUST03445,2025-08-31,5,Customer Support,Excellent and fast service
FDB002541,SHP003102,CUST02664,2025-01-25,4,Delivery Speed,Good delivery experience
FDB002542,SHP004082,CUST02846,2025-07-16,5,Overall Service,Excellent and fast service
FDB002543,SHP002805,CUST00168,2025-10-11,5,Delivery Speed,Excellent and fast service
FDB002544,SHP001222,CUST00991,2025-11-28,5,Package Handling,Excellent and fast service
FDB002545,SHP004671,CUST00734,2025-11-04,3,Customer Support,Average service
FDB002546,SHP004258,CUST01398,2025-12-16,1,Customer Support,Very poor experience
FDB002547,SHP002522,CUST03308,2025-03-13,3,Delivery Speed,Average service
FDB002548,SHP004322,CUST00591,2025-05-05,5,Delivery Speed,Excellent and fast service
FDB002549,SHP004923,CUST04969,2025-08-23,1,Package Handling,Very poor experience
FDB002550,SHP002682,CUST01279,2025-06-10,5,Package Handling,Excellent and fast service
FDB002551,SHP003186,CUST04190,2025-02-11,5,Overall Service,Excellent and fast service
FDB002552,SHP003599,CUST04651,2025-12-24,4,Courier Behavior,Good delivery experience
FDB002553,SHP004707,CUST01397,2025-10-14,4,Overall Service,Good delivery experience
FDB002554,SHP002713,CUST01043,2025-04-29,4,Overall Service,Good delivery experience
FDB002555,SHP002774,CUST04489,2025-09-21,5,Delivery Speed,Excellent and fast service
FDB002556,SHP002224,CUST02988,2025-04-04,3,Customer Support,Average service
FDB002557,SHP003228,CUST00070,2025-10-30,5,Package Handling,Excellent and fast service
FDB002558,SHP004874,CUST03043,2025-04-01,5,Courier Behavior,Excellent and fast service
FDB002559,SHP003103,CUST00313,2025-01-19,3,Overall Service,Average service
FDB002560,SHP002168,CUST04960,2025-12-20,2,Courier Behavior,Delivery was slower than expected
FDB002561,SHP003634,CUST02357,2025-07-17,4,Customer Support,Good delivery experience
FDB002562,SHP004019,CUST00194,2025-05-15,5,Overall Service,Excellent and fast service
FDB002563,SHP000660,CUST02214,2025-12-31,3,Overall Service,Average service
FDB002564,SHP004527,CUST00212,2025-04-27,4,Package Handling,Good delivery experience
FDB002565,SHP003852,CUST03773,2025-07-18,5,Courier Behavior,Excellent and fast service
FDB002566,SHP003196,CUST03243,2025-07-17,1,Delivery Speed,Very poor experience
FDB002567,SHP002658,CUST02914,2025-07-14,5,Customer Support,Excellent and fast service
FDB002568,SHP002807,CUST03497,2025-09-24,5,Overall Service,Excellent and fast service
FDB002569,SHP001812,CUST02901,2025-03-13,4,Courier Behavior,Good delivery experience
FDB002570,SHP004206,CUST00086,2025-12-28,3,Overall Service,Average service
FDB002571,SHP001218,CUST04427,2025-12-29,3,Delivery Speed,Average service
FDB002572,SHP002726,CUST01498,2025-01-10,3,Customer Support,Average service
FDB002573,SHP001852,CUST03274,2025-08-07,4,Delivery Speed,Good delivery experience
FDB002574,SHP004298,CUST04739,2025-09-18,5,Delivery Speed,Excellent and fast service
FDB002575,SHP003293,CUST04907,2025-12-05,5,Customer Support,Excellent and fast service
FDB002576,SHP001517,CUST04959,2025-08-13,4,Package Handling,Good delivery experience
FDB002577,SHP001365,CUST00701,2025-12-04,4,Delivery Speed,Good delivery experience
FDB002578,SHP000053,CUST02937,2025-01-05,2,Overall Service,Delivery was slower than expected
FDB002579,SHP001564,CUST04941,2025-09-25,5,Overall Service,Excellent and fast service
FDB002580,SHP002064,CUST04008,2025-04-30,4,Package Handling,Good delivery experience
FDB002581,SHP001726,CUST00811,2025-05-20,4,Package Handling,Good delivery experience
FDB002582,SHP003644,CUST02514,2025-02-13,4,Courier Behavior,Good delivery experience
FDB002583,SHP004330,CUST00952,2025-11-20,5,Customer Support,Excellent and fast service
FDB002584,SHP002457,CUST03121,2025-04-21,5,Delivery Speed,Excellent and fast service
FDB002585,SHP004776,CUST02425,2025-06-20,3,Delivery Speed,Average service
FDB002586,SHP004273,CUST03497,2025-10-20,3,Delivery Speed,Average service
FDB002587,SHP003442,CUST01704,2025-03-12,2,Courier Behavior,Delivery was slower than expected
FDB002588,SHP003475,CUST02288,2025-08-29,5,Overall Service,Excellent and fast service
FDB002589,SHP003488,CUST04365,2025-06-11,4,Package Handling,Good delivery experience
FDB002590,SHP001079,CUST00578,2025-02-07,4,Delivery Speed,Good delivery experience
FDB002591,SHP000522,CUST04516,2025-10-16,5,Customer Support,Excellent and fast service
FDB002592,SHP002216,CUST03765,2025-08-31,5,Overall Service,Excellent and fast service
FDB002593,SHP000165,CUST04382,2025-03-10,5,Package Handling,Excellent and fast service
FDB002594,SHP001682,CUST01268,2025-06-01,3,Customer Support,Average service
FDB002595,SHP002483,CUST01907,2025-03-19,5,Overall Service,Excellent and fast service
FDB002596,SHP004912,CUST01566,2025-06-20,5,Customer Support,Excellent and fast service
FDB002597,SHP000002,CUST03055,2025-03-05,4,Package Handling,Good delivery experience
FDB002598,SHP004145,CUST03380,2025-03-26,2,Customer Support,Delivery was slower than expected
FDB002599,SHP001979,CUST04798,2025-05-04,3,Courier Behavior,Average service
FDB002600,SHP001744,CUST01839,2025-05-21,5,Courier Behavior,Excellent and fast service
FDB002601,SHP000432,CUST00225,2025-02-27,5,Overall Service,Excellent and fast service
FDB002602,SHP004784,CUST04807,2025-02-01,3,Overall Service,Average service
FDB002603,SHP000926,CUST00143,2025-08-26,5,Overall Service,Excellent and fast service
FDB002604,SHP004650,CUST00481,2025-11-15,3,Overall Service,Average service
FDB002605,SHP000815,CUST03159,2025-07-19,5,Package Handling,Excellent and fast service
FDB002606,SHP001614,CUST01978,2025-01-16,5,Overall Service,Excellent and fast service
FDB002607,SHP002720,CUST01413,2025-03-08,3,Package Handling,Average service
FDB002608,SHP001179,CUST03698,2025-01-30,4,Courier Behavior,Good delivery experience
FDB002609,SHP000808,CUST03949,2025-11-14,5,Package Handling,Excellent and fast service
FDB002610,SHP003398,CUST02616,2025-04-10,5,Package Handling,Excellent and fast service
FDB002611,SHP000214,CUST03774,2025-05-23,4,Delivery Speed,Good delivery experience
FDB002612,SHP002859,CUST00160,2025-08-02,5,Overall Service,Excellent and fast service
FDB002613,SHP003878,CUST01527,2025-05-31,5,Overall Service,Excellent and fast service
FDB002614,SHP003145,CUST03280,2025-02-03,4,Package Handling,Good delivery experience
FDB002615,SHP001345,CUST00923,2025-09-10,5,Package Handling,Excellent and fast service
FDB002616,SHP002061,CUST02737,2025-06-02,3,Courier Behavior,Average service
FDB002617,SHP002806,CUST03194,2025-05-02,4,Overall Service,Good delivery experience
FDB002618,SHP002194,CUST02882,2025-06-09,3,Delivery Speed,Average service
FDB002619,SHP004107,CUST02466,2025-02-23,4,Customer Support,Good delivery experience
FDB002620,SHP001654,CUST00176,2025-08-26,2,Customer Support,Delivery was slower than expected
FDB002621,SHP004655,CUST02826,2025-09-07,4,Package Handling,Good delivery experience
FDB002622,SHP004662,CUST03933,2025-02-23,4,Package Handling,Good delivery experience
FDB002623,SHP003334,CUST02969,2025-04-19,3,Courier Behavior,Average service
FDB002624,SHP002421,CUST00844,2025-02-08,5,Package Handling,Excellent and fast service
FDB002625,SHP004458,CUST03511,2025-09-26,4,Delivery Speed,Good delivery experience
FDB002626,SHP004340,CUST01735,2025-10-25,5,Courier Behavior,Excellent and fast service
FDB002627,SHP000408,CUST02937,2025-11-01,1,Delivery Speed,Very poor experience
FDB002628,SHP004576,CUST00187,2025-04-04,3,Customer Support,Average service
FDB002629,SHP004171,CUST00304,2025-12-08,4,Delivery Speed,Good delivery experience
FDB002630,SHP002644,CUST01351,2025-03-18,5,Courier Behavior,Excellent and fast service
FDB002631,SHP003244,CUST00607,2025-02-11,1,Overall Service,Very poor experience
FDB002632,SHP003662,CUST02964,2025-07-02,4,Courier Behavior,Good delivery experience
FDB002633,SHP000137,CUST03454,2025-06-17,3,Courier Behavior,Average service
FDB002634,SHP001150,CUST01743,2025-03-04,5,Customer Support,Excellent and fast service
FDB002635,SHP001548,CUST03516,2025-06-15,5,Package Handling,Excellent and fast service
FDB002636,SHP003463,CUST02600,2025-09-29,4,Delivery Speed,Good delivery experience
FDB002637,SHP000546,CUST03391,2025-04-21,5,Overall Service,Excellent and fast service
FDB002638,SHP000694,CUST00644,2025-01-25,4,Delivery Speed,Good delivery experience
FDB002639,SHP003169,CUST01310,2025-07-16,4,Courier Behavior,Good delivery experience
FDB002640,SHP002085,CUST01148,2025-04-15,5,Overall Service,Excellent and fast service
FDB002641,SHP004907,CUST04492,2025-08-12,3,Package Handling,Average service
FDB002642,SHP002400,CUST04889,2025-11-12,5,Overall Service,Excellent and fast service
FDB002643,SHP001445,CUST01453,2025-10-30,4,Delivery Speed,Good delivery experience
FDB002644,SHP004108,CUST02697,2025-02-26,4,Package Handling,Good delivery experience
FDB002645,SHP003931,CUST04048,2025-06-22,5,Customer Support,Excellent and fast service
FDB002646,SHP000497,CUST02167,2025-08-08,4,Package Handling,Good delivery experience
FDB002647,SHP004452,CUST02965,2025-06-29,5,Customer Support,Excellent and fast service
FDB002648,SHP003562,CUST01719,2025-11-14,2,Overall Service,Delivery was slower than expected
FDB002649,SHP003735,CUST02946,2025-08-23,4,Delivery Speed,Good delivery experience
FDB002650,SHP003100,CUST03132,2025-08-29,3,Customer Support,Average service
FDB002651,SHP001381,CUST00908,2025-11-15,4,Customer Support,Good delivery experience
FDB002652,SHP002664,CUST01930,2025-03-23,5,Courier Behavior,Excellent and fast service
FDB002653,SHP004384,CUST03362,2025-07-19,3,Customer Support,Average service
FDB002654,SHP001727,CUST04156,2025-10-30,2,Package Handling,Delivery was slower than expected
FDB002655,SHP001922,CUST02270,2025-03-23,4,Courier Behavior,Good delivery experience
FDB002656,SHP003333,CUST03774,2025-01-11,4,Package Handling,Good delivery experience
FDB002657,SHP002692,CUST01729,2025-01-24,5,Overall Service,Excellent and fast service
FDB002658,SHP003271,CUST04809,2025-05-27,4,Customer Support,Good delivery experience
FDB002659,SHP002937,CUST01061,2025-02-03,5,Courier Behavior,Excellent and fast service
FDB002660,SHP000861,CUST01884,2025-07-23,5,Package Handling,Excellent and fast service
FDB002661,SHP003191,CUST01632,2025-04-24,5,Customer Support,Excellent and fast service
FDB002662,SHP000671,CUST00071,2025-01-27,4,Overall Service,Good delivery experience
FDB002663,SHP002315,CUST01540,2025-05-14,5,Overall Service,Excellent and fast service
FDB002664,SHP004698,CUST04382,2025-12-31,4,Delivery Speed,Good delivery experience
FDB002665,SHP002748,CUST03259,2025-02-27,5,Courier Behavior,Excellent and fast service
FDB002666,SHP002879,CUST02087,2025-08-24,4,Customer Support,Good delivery experience
FDB002667,SHP002989,CUST01526,2025-02-16,4,Package Handling,Good delivery experience
FDB002668,SHP002633,CUST02405,2025-07-04,5,Customer Support,Excellent and fast service
FDB002669,SHP000243,CUST00919,2025-04-28,5,Overall Service,Excellent and fast service
FDB002670,SHP004227,CUST03337,2025-04-05,5,Customer Support,Excellent and fast service
FDB002671,SHP003668,CUST01937,2025-03-09,5,Overall Service,Excellent and fast service
FDB002672,SHP002234,CUST02085,2025-10-24,5,Package Handling,Excellent and fast service
FDB002673,SHP002930,CUST00120,2025-03-19,5,Customer Support,Excellent and fast service
FDB002674,SHP002159,CUST03812,2025-09-29,5,Delivery Speed,Excellent and fast service
FDB002675,SHP003027,CUST04172,2025-10-11,4,Delivery Speed,Good delivery experience
FDB002676,SHP000913,CUST00749,2025-05-05,4,Overall Service,Good delivery experience
FDB002677,SHP004895,CUST04505,2025-01-31,3,Overall Service,Average service
FDB002678,SHP000128,CUST04376,2025-09-06,3,Overall Service,Average service
FDB002679,SHP002102,CUST04079,2025-11-03,3,Delivery Speed,Average service
FDB002680,SHP002208,CUST00969,2025-09-25,3,Overall Service,Average service
FDB002681,SHP000037,CUST03302,2025-03-11,2,Package Handling,Delivery was slower than expected
FDB002682,SHP004625,CUST00086,2025-10-19,4,Delivery Speed,Good delivery experience
FDB002683,SHP002506,CUST03165,2025-10-28,4,Customer Support,Good delivery experience
FDB002684,SHP004717,CUST03371,2025-01-07,4,Overall Service,Good delivery experience
FDB002685,SHP002553,CUST03665,2025-12-21,5,Courier Behavior,Excellent and fast service
FDB002686,SHP000204,CUST01943,2025-02-24,5,Overall Service,Excellent and fast service
FDB002687,SHP003571,CUST00315,2025-07-12,1,Courier Behavior,Very poor experience
FDB002688,SHP001417,CUST01338,2025-07-22,5,Package Handling,Excellent and fast service
FDB002689,SHP001595,CUST00536,2025-03-16,2,Customer Support,Delivery was slower than expected
FDB002690,SHP002121,CUST01052,2025-05-26,5,Delivery Speed,Excellent and fast service
FDB002691,SHP001460,CUST03194,2025-12-08,5,Courier Behavior,Excellent and fast service
FDB002692,SHP001786,CUST04244,2025-04-21,3,Package Handling,Average service
FDB002693,SHP001399,CUST01709,2025-01-10,5,Overall Service,Excellent and fast service
FDB002694,SHP003026,CUST01938,2025-04-16,4,Package Handling,Good delivery experience
FDB002695,SHP003107,CUST01694,2025-12-18,5,Overall Service,Excellent and fast service
FDB002696,SHP000327,CUST02296,2025-09-09,5,Customer Support,Excellent and fast service
FDB002697,SHP003631,CUST04633,2025-07-23,1,Courier Behavior,Very poor experience
FDB002698,SHP004271,CUST02062,2025-04-13,4,Package Handling,Good delivery experience
FDB002699,SHP002071,CUST01297,2025-03-16,4,Courier Behavior,Good delivery experience
FDB002700,SHP002275,CUST00538,2025-06-06,5,Package Handling,Excellent and fast service
FDB002701,SHP003540,CUST03799,2025-09-04,2,Overall Service,Delivery was slower than expected
FDB002702,SHP003524,CUST01816,2025-08-07,5,Courier Behavior,Excellent and fast service
FDB002703,SHP002127,CUST02362,2025-05-22,2,Package Handling,Delivery was slower than expected
FDB002704,SHP002180,CUST01312,2025-05-31,5,Package Handling,Excellent and fast service
FDB002705,SHP000806,CUST00485,2025-05-25,4,Customer Support,Good delivery experience
FDB002706,SHP001408,CUST00867,2025-09-20,5,Customer Support,Excellent and fast service
FDB002707,SHP004593,CUST01643,2025-05-07,2,Delivery Speed,Delivery was slower than expected
FDB002708,SHP001206,CUST02816,2025-01-01,4,Delivery Speed,Good delivery experience
FDB002709,SHP004664,CUST02102,2025-03-01,5,Delivery Speed,Excellent and fast service
FDB002710,SHP000907,CUST03903,2025-10-26,5,Overall Service,Excellent and fast service
FDB002711,SHP001216,CUST04348,2025-08-31,5,Overall Service,Excellent and fast service
FDB002712,SHP003205,CUST02577,2025-06-15,5,Overall Service,Excellent and fast service
FDB002713,SHP003943,CUST00133,2025-09-17,5,Overall Service,Excellent and fast service
FDB002714,SHP000514,CUST04173,2025-12-18,4,Courier Behavior,Good delivery experience
FDB002715,SHP002301,CUST04225,2025-02-19,5,Customer Support,Excellent and fast service
FDB002716,SHP002427,CUST00171,2025-11-30,3,Package Handling,Average service
FDB002717,SHP004181,CUST03899,2025-11-08,4,Delivery Speed,Good delivery experience
FDB002718,SHP000603,CUST01001,2025-02-10,4,Overall Service,Good delivery experience
FDB002719,SHP003217,CUST01010,2025-03-29,3,Customer Support,Average service
FDB002720,SHP002290,CUST02883,2025-05-15,4,Package Handling,Good delivery experience
FDB002721,SHP001284,CUST03962,2025-07-02,3,Overall Service,Average service
FDB002722,SHP003292,CUST04976,2025-05-10,3,Delivery Speed,Average service
FDB002723,SHP003079,CUST04759,2025-01-23,5,Package Handling,Excellent and fast service
FDB002724,SHP000730,CUST01189,2025-02-11,5,Delivery Speed,Excellent and fast service
FDB002725,SHP004571,CUST01732,2025-09-08,4,Overall Service,Good delivery experience
FDB002726,SHP000801,CUST03226,2025-10-14,4,Courier Behavior,Good delivery experience
FDB002727,SHP004705,CUST01325,2025-08-09,4,Delivery Speed,Good delivery experience
FDB002728,SHP001929,CUST03514,2025-03-30,4,Courier Behavior,Good delivery experience
FDB002729,SHP000371,CUST01957,2025-12-25,5,Overall Service,Excellent and fast service
FDB002730,SHP000573,CUST00605,2025-01-29,2,Package Handling,Delivery was slower than expected
FDB002731,SHP001497,CUST00581,2025-11-07,5,Overall Service,Excellent and fast service
FDB002732,SHP001794,CUST02430,2025-06-20,5,Package Handling,Excellent and fast service
FDB002733,SHP002330,CUST01995,2025-08-19,5,Package Handling,Excellent and fast service
FDB002734,SHP004391,CUST01636,2025-04-30,3,Delivery Speed,Average service
FDB002735,SHP002775,CUST01814,2025-12-24,4,Delivery Speed,Good delivery experience
FDB002736,SHP003621,CUST02532,2025-12-08,2,Courier Behavior,Delivery was slower than expected
FDB002737,SHP003747,CUST04002,2025-07-28,3,Package Handling,Average service
FDB002738,SHP003289,CUST02850,2025-02-15,5,Overall Service,Excellent and fast service
FDB002739,SHP001840,CUST03254,2025-11-13,3,Courier Behavior,Average service
FDB002740,SHP003565,CUST01658,2025-05-28,4,Courier Behavior,Good delivery experience
FDB002741,SHP003703,CUST04515,2025-06-19,3,Courier Behavior,Average service
FDB002742,SHP002096,CUST02555,2025-02-28,2,Courier Behavior,Delivery was slower than expected
FDB002743,SHP001361,CUST00470,2025-04-27,3,Package Handling,Average service
FDB002744,SHP003524,CUST04414,2025-06-05,5,Overall Service,Excellent and fast service
FDB002745,SHP001341,CUST04017,2025-08-14,4,Courier Behavior,Good delivery experience
FDB002746,SHP003229,CUST03361,2025-06-25,4,Customer Support,Good delivery experience
FDB002747,SHP003393,CUST01723,2025-12-03,5,Overall Service,Excellent and fast service
FDB002748,SHP000556,CUST04373,2025-03-18,5,Customer Support,Excellent and fast service
FDB002749,SHP002635,CUST00081,2025-11-28,4,Courier Behavior,Good delivery experience
FDB002750,SHP001371,CUST04263,2025-08-23,4,Overall Service,Good delivery experience
FDB002751,SHP003478,CUST03251,2025-07-22,5,Customer Support,Excellent and fast service
FDB002752,SHP001686,CUST04605,2025-10-07,3,Customer Support,Average service
FDB002753,SHP003829,CUST00096,2025-11-16,4,Overall Service,Good delivery experience
FDB002754,SHP001246,CUST01412,2025-01-18,4,Customer Support,Good delivery experience
FDB002755,SHP001420,CUST03563,2025-05-30,5,Delivery Speed,Excellent and fast service
FDB002756,SHP000038,CUST00029,2025-12-29,3,Package Handling,Average service
FDB002757,SHP001042,CUST00383,2025-09-05,4,Package Handling,Good delivery experience
FDB002758,SHP004172,CUST01548,2025-10-27,5,Package Handling,Excellent and fast service
FDB002759,SHP003671,CUST02104,2025-04-26,4,Courier Behavior,Good delivery experience
FDB002760,SHP002698,CUST03718,2025-06-28,4,Overall Service,Good delivery experience
FDB002761,SHP004852,CUST00493,2025-03-21,4,Package Handling,Good delivery experience
FDB002762,SHP004193,CUST04094,2025-08-21,5,Courier Behavior,Excellent and fast service
FDB002763,SHP000702,CUST01426,2025-10-12,5,Courier Behavior,Excellent and fast service
FDB002764,SHP000717,CUST01415,2025-10-10,3,Package Handling,Average service
FDB002765,SHP000344,CUST03025,2025-07-02,5,Delivery Speed,Excellent and fast service
FDB002766,SHP000110,CUST00431,2025-10-20,5,Package Handling,Excellent and fast service
FDB002767,SHP000716,CUST03959,2025-07-05,5,Courier Behavior,Excellent and fast service
FDB002768,SHP000786,CUST01533,2025-04-11,5,Overall Service,Excellent and fast service
FDB002769,SHP002312,CUST04893,2025-03-10,4,Courier Behavior,Good delivery experience
FDB002770,SHP002897,CUST01342,2025-11-08,3,Customer Support,Average service
FDB002771,SHP003409,CUST03929,2025-07-03,3,Delivery Speed,Average service
FDB002772,SHP000583,CUST01993,2025-06-19,3,Customer Support,Average service
FDB002773,SHP003769,CUST03083,2025-08-08,1,Delivery Speed,Very poor experience
FDB002774,SHP003264,CUST00767,2025-10-11,4,Delivery Speed,Good delivery experience
FDB002775,SHP003183,CUST04817,2025-08-29,4,Delivery Speed,Good delivery experience
FDB002776,SHP004708,CUST00283,2025-08-02,5,Customer Support,Excellent and fast service
FDB002777,SHP001841,CUST02906,2025-08-23,4,Package Handling,Good delivery experience
FDB002778,SHP000273,CUST04146,2025-07-12,4,Customer Support,Good delivery experience
FDB002779,SHP003697,CUST01609,2025-09-06,5,Overall Service,Excellent and fast service
FDB002780,SHP002366,CUST03109,2025-06-21,4,Customer Support,Good delivery experience
FDB002781,SHP003024,CUST03998,2025-06-25,5,Delivery Speed,Excellent and fast service
FDB002782,SHP002630,CUST01940,2025-09-26,4,Courier Behavior,Good delivery experience
FDB002783,SHP001080,CUST03353,2025-04-16,4,Customer Support,Good delivery experience
FDB002784,SHP000991,CUST00029,2025-02-25,5,Customer Support,Excellent and fast service
FDB002785,SHP003570,CUST02941,2025-01-19,5,Package Handling,Excellent and fast service
FDB002786,SHP004588,CUST04294,2025-04-30,4,Package Handling,Good delivery experience
FDB002787,SHP002581,CUST03309,2025-04-15,4,Courier Behavior,Good delivery experience
FDB002788,SHP004019,CUST04400,2025-09-07,5,Courier Behavior,Excellent and fast service
FDB002789,SHP000472,CUST01748,2025-04-17,2,Courier Behavior,Delivery was slower than expected
FDB002790,SHP004996,CUST04752,2025-04-11,5,Package Handling,Excellent and fast service
FDB002791,SHP002907,CUST03669,2025-08-10,4,Courier Behavior,Good delivery experience
FDB002792,SHP004137,CUST04988,2025-07-07,5,Overall Service,Excellent and fast service
FDB002793,SHP003468,CUST04548,2025-01-06,5,Package Handling,Excellent and fast service
FDB002794,SHP003503,CUST00687,2025-03-28,4,Package Handling,Good delivery experience
FDB002795,SHP000512,CUST03012,2025-03-03,4,Package Handling,Good delivery experience
FDB002796,SHP003003,CUST02444,2025-01-07,5,Package Handling,Excellent and fast service
FDB002797,SHP001379,CUST00011,2025-09-13,2,Customer Support,Delivery was slower than expected
FDB002798,SHP000872,CUST02552,2025-12-16,4,Overall Service,Good delivery experience
FDB002799,SHP004867,CUST03846,2025-08-25,5,Package Handling,Excellent and fast service
FDB002800,SHP001836,CUST03062,2025-08-23,4,Customer Support,Good delivery experience
FDB002801,SHP001521,CUST00975,2025-01-04,4,Package Handling,Good delivery experience
FDB002802,SHP002823,CUST03296,2025-10-13,4,Overall Service,Good delivery experience
FDB002803,SHP003864,CUST00027,2025-05-18,5,Package Handling,Excellent and fast service
FDB002804,SHP002788,CUST03600,2025-11-27,5,Customer Support,Excellent and fast service
FDB002805,SHP001224,CUST01520,2025-08-03,5,Courier Behavior,Excellent and fast service
FDB002806,SHP002958,CUST03319,2025-04-13,3,Package Handling,Average service
FDB002807,SHP001428,CUST00110,2025-11-14,2,Overall Service,Delivery was slower than expected
FDB002808,SHP003168,CUST04291,2025-08-11,4,Overall Service,Good delivery experience
FDB002809,SHP002670,CUST04105,2025-09-26,5,Courier Behavior,Excellent and fast service
FDB002810,SHP002962,CUST01166,2025-10-08,5,Overall Service,Excellent and fast service
FDB002811,SHP003374,CUST03448,2025-05-28,3,Courier Behavior,Average service
FDB002812,SHP001868,CUST03261,2025-08-17,5,Package Handling,Excellent and fast service
FDB002813,SHP002403,CUST02267,2025-07-06,4,Overall Service,Good delivery experience
FDB002814,SHP001897,CUST02826,2025-10-20,4,Courier Behavior,Good delivery experience
FDB002815,SHP003454,CUST04537,2025-10-26,5,Delivery Speed,Excellent and fast service
FDB002816,SHP002451,CUST02694,2025-10-08,4,Overall Service,Good delivery experience
FDB002817,SHP004060,CUST02552,2025-06-28,3,Package Handling,Average service
FDB002818,SHP001133,CUST01046,2025-06-24,4,Overall Service,Good delivery experience
FDB002819,SHP004356,CUST04925,2025-08-03,4,Courier Behavior,Good delivery experience
FDB002820,SHP000104,CUST03405,2025-01-25,4,Overall Service,Good delivery experience
FDB002821,SHP003855,CUST01306,2025-03-27,5,Package Handling,Excellent and fast service
FDB002822,SHP003840,CUST01372,2025-11-22,5,Courier Behavior,Excellent and fast service
FDB002823,SHP003723,CUST04024,2025-09-26,5,Customer Support,Excellent and fast service
FDB002824,SHP002266,CUST03133,2025-12-27,1,Courier Behavior,Very poor experience
FDB002825,SHP001519,CUST01237,2025-07-21,5,Overall Service,Excellent and fast service
FDB002826,SHP001904,CUST00919,2025-01-01,5,Overall Service,Excellent and fast service
FDB002827,SHP003857,CUST00642,2025-12-31,4,Delivery Speed,Good delivery experience
FDB002828,SHP000339,CUST03006,2025-05-22,4,Overall Service,Good delivery experience
FDB002829,SHP004894,CUST01868,2025-04-25,5,Customer Support,Excellent and fast service
FDB002830,SHP004213,CUST04274,2025-08-03,2,Delivery Speed,Delivery was slower than expected
FDB002831,SHP002246,CUST03363,2025-08-18,5,Delivery Speed,Excellent and fast service
FDB002832,SHP003740,CUST00112,2025-01-04,3,Customer Support,Average service
FDB002833,SHP001866,CUST02688,2025-04-01,1,Overall Service,Very poor experience
FDB002834,SHP004334,CUST04132,2025-11-25,3,Courier Behavior,Average service
FDB002835,SHP004901,CUST04001,2025-04-17,5,Overall Service,Excellent and fast service
FDB002836,SHP004088,CUST04658,2025-04-04,5,Overall Service,Excellent and fast service
FDB002837,SHP002321,CUST00463,2025-12-27,5,Customer Support,Excellent and fast service
FDB002838,SHP003353,CUST02982,2025-10-23,4,Courier Behavior,Good delivery experience
FDB002839,SHP001093,CUST02502,2025-05-10,5,Customer Support,Excellent and fast service
FDB002840,SHP004492,CUST04103,2025-12-19,5,Overall Service,Excellent and fast service
FDB002841,SHP001623,CUST04949,2025-08-17,5,Overall Service,Excellent and fast service
FDB002842,SHP002862,CUST03899,2025-11-08,4,Package Handling,Good delivery experience
FDB002843,SHP003125,CUST01618,2025-10-14,5,Package Handling,Excellent and fast service
FDB002844,SHP000988,CUST02608,2025-09-13,5,Delivery Speed,Excellent and fast service
FDB002845,SHP003617,CUST00062,2025-01-13,5,Delivery Speed,Excellent and fast service
FDB002846,SHP002658,CUST01390,2025-06-03,5,Customer Support,Excellent and fast service
FDB002847,SHP003176,CUST03922,2025-03-16,4,Delivery Speed,Good delivery experience
FDB002848,SHP001052,CUST00660,2025-07-28,4,Overall Service,Good delivery experience
FDB002849,SHP002585,CUST04159,2025-04-21,4,Courier Behavior,Good delivery experience
FDB002850,SHP001525,CUST02897,2025-04-10,4,Overall Service,Good delivery experience
FDB002851,SHP001346,CUST00394,2025-08-15,5,Package Handling,Excellent and fast service
FDB002852,SHP002444,CUST03165,2025-07-31,5,Delivery Speed,Excellent and fast service
FDB002853,SHP000697,CUST01099,2025-07-07,5,Customer Support,Excellent and fast service
FDB002854,SHP002695,CUST02512,2025-09-15,2,Delivery Speed,Delivery was slower than expected
FDB002855,SHP004363,CUST02280,2025-11-28,5,Overall Service,Excellent and fast service
FDB002856,SHP004665,CUST01264,2025-12-09,5,Delivery Speed,Excellent and fast service
FDB002857,SHP000858,CUST03124,2025-10-18,2,Package Handling,Delivery was slower than expected
FDB002858,SHP001653,CUST00722,2025-09-08,4,Package Handling,Good delivery experience
FDB002859,SHP002328,CUST03747,2025-10-22,3,Delivery Speed,Average service
FDB002860,SHP003139,CUST04397,2025-08-13,5,Overall Service,Excellent and fast service
FDB002861,SHP004839,CUST01880,2025-02-06,5,Overall Service,Excellent and fast service
FDB002862,SHP003873,CUST04096,2025-01-03,5,Customer Support,Excellent and fast service
FDB002863,SHP003425,CUST03228,2025-03-07,5,Courier Behavior,Excellent and fast service
FDB002864,SHP001482,CUST03083,2025-01-08,3,Package Handling,Average service
FDB002865,SHP003699,CUST02430,2025-07-09,2,Delivery Speed,Delivery was slower than expected
FDB002866,SHP003356,CUST03038,2025-11-12,4,Courier Behavior,Good delivery experience
FDB002867,SHP004097,CUST00948,2025-07-16,4,Package Handling,Good delivery experience
FDB002868,SHP001850,CUST00060,2025-02-13,3,Customer Support,Average service
FDB002869,SHP004723,CUST01553,2025-03-13,4,Delivery Speed,Good delivery experience
FDB002870,SHP001460,CUST00370,2025-01-22,5,Overall Service,Excellent and fast service
FDB002871,SHP002698,CUST01508,2025-03-10,3,Courier Behavior,Average service
FDB002872,SHP002316,CUST01612,2025-02-05,4,Overall Service,Good delivery experience
FDB002873,SHP003108,CUST01162,2025-07-19,5,Courier Behavior,Excellent and fast service
FDB002874,SHP001807,CUST03765,2025-09-26,4,Courier Behavior,Good delivery experience
FDB002875,SHP000252,CUST04096,2025-02-13,5,Package Handling,Excellent and fast service
FDB002876,SHP002268,CUST00073,2025-09-13,5,Customer Support,Excellent and fast service
FDB002877,SHP002353,CUST02859,2025-03-18,5,Package Handling,Excellent and fast service
FDB002878,SHP004851,CUST03835,2025-02-20,4,Package Handling,Good delivery experience
FDB002879,SHP001989,CUST04601,2025-06-03,5,Overall Service,Excellent and fast service
FDB002880,SHP004065,CUST02128,2025-02-21,4,Package Handling,Good delivery experience
FDB002881,SHP004338,CUST04422,2025-10-15,3,Delivery Speed,Average service
FDB002882,SHP002427,CUST00816,2025-10-05,3,Delivery Speed,Average service
FDB002883,SHP004696,CUST04439,2025-02-22,5,Customer Support,Excellent and fast service
FDB002884,SHP002367,CUST03649,2025-11-20,4,Package Handling,Good delivery experience
FDB002885,SHP000100,CUST01042,2025-04-20,5,Customer Support,Excellent and fast service
FDB002886,SHP002985,CUST00302,2025-08-27,4,Delivery Speed,Good delivery experience
FDB002887,SHP000202,CUST03089,2025-04-12,5,Delivery Speed,Excellent and fast service
FDB002888,SHP003369,CUST03113,2025-09-14,5,Customer Support,Excellent and fast service
FDB002889,SHP000659,CUST04212,2025-11-09,3,Delivery Speed,Average service
FDB002890,SHP004428,CUST00721,2025-12-28,4,Delivery Speed,Good delivery experience
FDB002891,SHP003577,CUST02210,2025-10-17,2,Customer Support,Delivery was slower than expected
FDB002892,SHP004636,CUST03906,2025-05-19,5,Delivery Speed,Excellent and fast service
FDB002893,SHP004689,CUST04721,2025-05-14,4,Delivery Speed,Good delivery experience
FDB002894,SHP000917,CUST00637,2025-09-30,5,Delivery Speed,Excellent and fast service
FDB002895,SHP001180,CUST04428,2025-12-05,5,Customer Support,Excellent and fast service
FDB002896,SHP003569,CUST02153,2025-05-14,3,Overall Service,Average service
FDB002897,SHP003164,CUST02431,2025-02-25,5,Delivery Speed,Excellent and fast service
FDB002898,SHP001682,CUST03424,2025-05-18,3,Courier Behavior,Average service
FDB002899,SHP001657,CUST02326,2025-06-10,4,Package Handling,Good delivery experience
FDB002900,SHP004949,CUST04080,2025-06-24,4,Customer Support,Good delivery experience
FDB002901,SHP003591,CUST02698,2025-10-02,4,Customer Support,Good delivery experience
FDB002902,SHP000965,CUST02311,2025-03-23,5,Delivery Speed,Excellent and fast service
FDB002903,SHP003114,CUST02090,2025-07-08,4,Customer Support,Good delivery experience
FDB002904,SHP003538,CUST00435,2025-06-04,5,Courier Behavior,Excellent and fast service
FDB002905,SHP002376,CUST00292,2025-02-24,3,Customer Support,Average service
FDB002906,SHP001269,CUST03646,2025-02-06,4,Package Handling,Good delivery experience
FDB002907,SHP002890,CUST02647,2025-05-16,4,Overall Service,Good delivery experience
FDB002908,SHP003236,CUST02286,2025-11-22,4,Overall Service,Good delivery experience
FDB002909,SHP002283,CUST04521,2025-03-02,5,Customer Support,Excellent and fast service
FDB002910,SHP002581,CUST03394,2025-01-15,5,Overall Service,Excellent and fast service
FDB002911,SHP000098,CUST04459,2025-07-28,5,Customer Support,Excellent and fast service
FDB002912,SHP001997,CUST02136,2025-01-23,3,Package Handling,Average service
FDB002913,SHP001735,CUST02434,2025-06-06,4,Courier Behavior,Good delivery experience
FDB002914,SHP002367,CUST02998,2025-04-30,5,Courier Behavior,Excellent and fast service
FDB002915,SHP000670,CUST03064,2025-06-08,4,Customer Support,Good delivery experience
FDB002916,SHP004089,CUST00461,2025-09-27,4,Package Handling,Good delivery experience
FDB002917,SHP000374,CUST02163,2025-08-23,3,Delivery Speed,Average service
FDB002918,SHP004007,CUST01490,2025-06-05,5,Delivery Speed,Excellent and fast service
FDB002919,SHP004653,CUST00145,2025-01-10,3,Customer Support,Average service
FDB002920,SHP003180,CUST02551,2025-12-21,5,Delivery Speed,Excellent and fast service
FDB002921,SHP001456,CUST00791,2025-04-11,4,Courier Behavior,Good delivery experience
FDB002922,SHP000036,CUST00516,2025-04-13,4,Overall Service,Good delivery experience
FDB002923,SHP001140,CUST02683,2025-10-02,5,Customer Support,Excellent and fast service
FDB002924,SHP001992,CUST00086,2025-09-28,3,Overall Service,Average service
FDB002925,SHP003369,CUST01549,2025-09-23,2,Delivery Speed,Delivery was slower than expected
FDB002926,SHP000702,CUST02971,2025-06-10,5,Courier Behavior,Excellent and fast service
FDB002927,SHP003786,CUST01207,2025-10-11,2,Customer Support,Delivery was slower than expected
FDB002928,SHP000561,CUST02593,2025-08-26,4,Courier Behavior,Good delivery experience
FDB002929,SHP002747,CUST01520,2025-10-01,4,Customer Support,Good delivery experience
FDB002930,SHP003227,CUST02607,2025-08-08,5,Package Handling,Excellent and fast service
FDB002931,SHP003060,CUST01210,2025-05-26,4,Courier Behavior,Good delivery experience
FDB002932,SHP001551,CUST02496,2025-07-10,5,Package Handling,Excellent and fast service
FDB002933,SHP000681,CUST03777,2025-09-07,5,Package Handling,Excellent and fast service
FDB002934,SHP000815,CUST04943,2025-08-21,4,Delivery Speed,Good delivery experience
FDB002935,SHP003623,CUST02289,2025-05-22,4,Customer Support,Good delivery experience
FDB002936,SHP003210,CUST01769,2025-01-09,3,Delivery Speed,Average service
FDB002937,SHP001464,CUST02370,2025-12-19,5,Package Handling,Excellent and fast service
FDB002938,SHP004969,CUST03175,2025-06-23,5,Overall Service,Excellent and fast service
FDB002939,SHP003713,CUST00215,2025-05-21,5,Package Handling,Excellent and fast service
FDB002940,SHP000811,CUST00917,2025-07-24,4,Customer Support,Good delivery experience
FDB002941,SHP001400,CUST04632,2025-01-16,2,Customer Support,Delivery was slower than expected
FDB002942,SHP003520,CUST02705,2025-07-15,1,Package Handling,Very poor experience
FDB002943,SHP002154,CUST04307,2025-03-25,5,Delivery Speed,Excellent and fast service
FDB002944,SHP002791,CUST02331,2025-12-25,4,Delivery Speed,Good delivery experience
FDB002945,SHP004067,CUST03810,2025-01-31,5,Package Handling,Excellent and fast service
FDB002946,SHP004219,CUST01925,2025-06-19,4,Package Handling,Good delivery experience
FDB002947,SHP002877,CUST01201,2025-10-04,4,Package Handling,Good delivery experience
FDB002948,SHP002917,CUST04835,2025-11-12,4,Delivery Speed,Good delivery experience
FDB002949,SHP002428,CUST04892,2025-04-22,5,Customer Support,Excellent and fast service
FDB002950,SHP000727,CUST04189,2025-06-05,1,Package Handling,Very poor experience
FDB002951,SHP003989,CUST01018,2025-01-10,4,Delivery Speed,Good delivery experience
FDB002952,SHP001970,CUST03507,2025-12-09,4,Overall Service,Good delivery experience
FDB002953,SHP004683,CUST01241,2025-09-23,3,Delivery Speed,Average service
FDB002954,SHP003890,CUST01055,2025-11-15,4,Overall Service,Good delivery experience
FDB002955,SHP000477,CUST00334,2025-09-22,5,Customer Support,Excellent and fast service
FDB002956,SHP003845,CUST00650,2025-09-04,5,Courier Behavior,Excellent and fast service
FDB002957,SHP003524,CUST01231,2025-05-20,2,Courier Behavior,Delivery was slower than expected
FDB002958,SHP004467,CUST03550,2025-03-08,5,Courier Behavior,Excellent and fast service
FDB002959,SHP003207,CUST01800,2025-10-22,5,Delivery Speed,Excellent and fast service
FDB002960,SHP000612,CUST02865,2025-12-10,2,Delivery Speed,Delivery was slower than expected
FDB002961,SHP000152,CUST03033,2025-05-09,3,Courier Behavior,Average service
FDB002962,SHP000572,CUST02108,2025-09-11,4,Package Handling,Good delivery experience
FDB002963,SHP001710,CUST02399,2025-12-20,4,Delivery Speed,Good delivery experience
FDB002964,SHP000515,CUST02973,2025-04-06,4,Package Handling,Good delivery experience
FDB002965,SHP001534,CUST01644,2025-09-14,4,Delivery Speed,Good delivery experience
FDB002966,SHP003233,CUST03383,2025-05-20,5,Delivery Speed,Excellent and fast service
FDB002967,SHP002527,CUST04066,2025-11-07,3,Delivery Speed,Average service
FDB002968,SHP000873,CUST00843,2025-07-09,2,Customer Support,Delivery was slower than expected
FDB002969,SHP003872,CUST00368,2025-01-30,4,Delivery Speed,Good delivery experience
FDB002970,SHP001720,CUST03332,2025-11-14,5,Courier Behavior,Excellent and fast service
FDB002971,SHP003399,CUST04410,2025-01-30,4,Overall Service,Good delivery experience
FDB002972,SHP000031,CUST00625,2025-02-24,2,Overall Service,Delivery was slower than expected
FDB002973,SHP002879,CUST04823,2025-09-18,3,Courier Behavior,Average service
FDB002974,SHP004036,CUST01616,2025-05-16,2,Delivery Speed,Delivery was slower than expected
FDB002975,SHP002262,CUST00698,2025-10-16,4,Delivery Speed,Good delivery experience
FDB002976,SHP004259,CUST02848,2025-07-17,3,Package Handling,Average service
FDB002977,SHP001348,CUST00532,2025-04-20,2,Delivery Speed,Delivery was slower than expected
FDB002978,SHP003788,CUST00966,2025-11-27,5,Overall Service,Excellent and fast service
FDB002979,SHP001741,CUST00174,2025-12-07,2,Overall Service,Delivery was slower than expected
FDB002980,SHP002629,CUST00337,2025-01-19,4,Customer Support,Good delivery experience
FDB002981,SHP002192,CUST04303,2025-12-14,5,Overall Service,Excellent and fast service
FDB002982,SHP000297,CUST01594,2025-02-05,1,Courier Behavior,Very poor experience
FDB002983,SHP000437,CUST04204,2025-04-22,4,Package Handling,Good delivery experience
FDB002984,SHP000134,CUST04071,2025-06-20,5,Courier Behavior,Excellent and fast service
FDB002985,SHP003785,CUST01593,2025-12-12,5,Delivery Speed,Excellent and fast service
FDB002986,SHP002386,CUST03240,2025-02-04,5,Delivery Speed,Excellent and fast service
FDB002987,SHP003497,CUST00148,2025-04-03,4,Delivery Speed,Good delivery experience
FDB002988,SHP002583,CUST04337,2025-06-05,5,Delivery Speed,Excellent and fast service
FDB002989,SHP002735,CUST04510,2025-10-29,2,Courier Behavior,Delivery was slower than expected
FDB002990,SHP004037,CUST00244,2025-08-30,4,Overall Service,Good delivery experience
FDB002991,SHP004613,CUST02907,2025-09-14,3,Delivery Speed,Average service
FDB002992,SHP003400,CUST01423,2025-02-06,3,Delivery Speed,Average service
FDB002993,SHP001920,CUST02562,2025-06-19,4,Package Handling,Good delivery experience
FDB002994,SHP003790,CUST02152,2025-03-09,5,Package Handling,Excellent and fast service
FDB002995,SHP000008,CUST04721,2025-01-28,4,Courier Behavior,Good delivery experience
FDB002996,SHP000292,CUST01044,2025-09-02,1,Package Handling,Very poor experience
FDB002997,SHP001271,CUST00603,2025-11-09,2,Customer Support,Delivery was slower than expected
FDB002998,SHP000496,CUST02856,2025-07-24,3,Delivery Speed,Average service
FDB002999,SHP003623,CUST02938,2025-11-16,4,Package Handling,Good delivery experience
FDB003000,SHP004714,CUST03183,2025-04-15,4,Customer Support,Good delivery experience
FDB003001,SHP001836,CUST04128,2025-07-24,5,Customer Support,Excellent and fast service
FDB003002,SHP002577,CUST04562,2025-01-03,5,Courier Behavior,Excellent and fast service
FDB003003,SHP000749,CUST03741,2025-06-01,5,Courier Behavior,Excellent and fast service
FDB003004,SHP001326,CUST02153,2025-03-03,2,Courier Behavior,Delivery was slower than expected
FDB003005,SHP000865,CUST01296,2025-06-23,3,Package Handling,Average service
FDB003006,SHP001986,CUST01330,2025-06-03,3,Delivery Speed,Average service
FDB003007,SHP000437,CUST04859,2025-02-06,4,Customer Support,Good delivery experience
FDB003008,SHP002724,CUST04091,2025-10-24,3,Customer Support,Average service
FDB003009,SHP002154,CUST03191,2025-02-15,4,Courier Behavior,Good delivery experience
FDB003010,SHP000918,CUST00200,2025-12-05,3,Courier Behavior,Average service
FDB003011,SHP000879,CUST01868,2025-09-01,5,Package Handling,Excellent and fast service
FDB003012,SHP002226,CUST01447,2025-11-05,2,Courier Behavior,Delivery was slower than expected
FDB003013,SHP004605,CUST03429,2025-04-20,3,Package Handling,Average service
FDB003014,SHP000436,CUST04473,2025-08-17,1,Overall Service,Very poor experience
FDB003015,SHP000204,CUST04425,2025-06-12,2,Delivery Speed,Delivery was slower than expected
FDB003016,SHP003125,CUST04565,2025-12-21,2,Customer Support,Delivery was slower than expected
FDB003017,SHP003462,CUST03402,2025-05-18,3,Delivery Speed,Average service
FDB003018,SHP002350,CUST00029,2025-12-05,4,Courier Behavior,Good delivery experience
FDB003019,SHP000518,CUST03725,2025-01-02,2,Customer Support,Delivery was slower than expected
FDB003020,SHP001834,CUST02015,2025-01-26,2,Delivery Speed,Delivery was slower than expected
FDB003021,SHP000085,CUST03301,2025-10-09,3,Courier Behavior,Average service
FDB003022,SHP004665,CUST01829,2025-03-05,1,Overall Service,Very poor experience
FDB003023,SHP004876,CUST04213,2025-09-13,3,Courier Behavior,Average service
FDB003024,SHP004596,CUST02346,2025-10-14,2,Delivery Speed,Delivery was slower than expected
FDB003025,SHP001728,CUST01172,2025-07-09,4,Customer Support,Good delivery experience
FDB003026,SHP001615,CUST00360,2025-10-23,2,Overall Service,Delivery was slower than expected
FDB003027,SHP004880,CUST02391,2025-10-28,5,Courier Behavior,Excellent and fast service
FDB003028,SHP001727,CUST01080,2025-03-01,5,Delivery Speed,Excellent and fast service
FDB003029,SHP001360,CUST00275,2025-06-13,5,Courier Behavior,Excellent and fast service
FDB003030,SHP001255,CUST04537,2025-10-29,5,Overall Service,Excellent and fast service
FDB003031,SHP000371,CUST02281,2025-10-22,1,Customer Support,Very poor experience
FDB003032,SHP002612,CUST01535,2025-01-23,2,Courier Behavior,Delivery was slower than expected
FDB003033,SHP004406,CUST03740,2025-08-18,5,Courier Behavior,Excellent and fast service
FDB003034,SHP000559,CUST04625,2025-11-29,5,Overall Service,Excellent and fast service
FDB003035,SHP003828,CUST01298,2025-06-15,2,Package Handling,Delivery was slower than expected
FDB003036,SHP001720,CUST02300,2025-10-04,5,Courier Behavior,Excellent and fast service
FDB003037,SHP000396,CUST00958,2025-01-19,5,Overall Service,Excellent and fast service
FDB003038,SHP001044,CUST00040,2025-12-25,5,Delivery Speed,Excellent and fast service
FDB003039,SHP004444,CUST04702,2025-12-17,1,Package Handling,Very poor experience
FDB003040,SHP004063,CUST02501,2025-08-06,5,Courier Behavior,Excellent and fast service
FDB003041,SHP002160,CUST03014,2025-01-15,5,Courier Behavior,Excellent and fast service
FDB003042,SHP004678,CUST01267,2025-08-24,5,Overall Service,Excellent and fast service
FDB003043,SHP000531,CUST01527,2025-08-19,5,Overall Service,Excellent and fast service
FDB003044,SHP004932,CUST02782,2025-11-01,4,Courier Behavior,Good delivery experience
FDB003045,SHP000173,CUST01794,2025-10-09,3,Customer Support,Average service
FDB003046,SHP002076,CUST02621,2025-12-22,5,Delivery Speed,Excellent and fast service
FDB003047,SHP001658,CUST02979,2025-01-06,1,Courier Behavior,Very poor experience
FDB003048,SHP002927,CUST04867,2025-03-12,4,Package Handling,Good delivery experience
FDB003049,SHP004939,CUST03310,2025-04-18,4,Courier Behavior,Good delivery experience
FDB003050,SHP002967,CUST00127,2025-11-12,4,Package Handling,Good delivery experience
FDB003051,SHP003537,CUST00944,2025-07-31,3,Overall Service,Average service
FDB003052,SHP004883,CUST01726,2025-09-08,4,Courier Behavior,Good delivery experience
FDB003053,SHP000017,CUST03457,2025-07-11,4,Package Handling,Good delivery experience
FDB003054,SHP000871,CUST02362,2025-12-09,3,Package Handling,Average service
FDB003055,SHP000557,CUST03540,2025-01-28,5,Delivery Speed,Excellent and fast service
FDB003056,SHP002864,CUST02298,2025-02-07,3,Customer Support,Average service
FDB003057,SHP004677,CUST00375,2025-11-17,4,Customer Support,Good delivery experience
FDB003058,SHP002668,CUST02457,2025-03-08,3,Customer Support,Average service
FDB003059,SHP000838,CUST04649,2025-03-27,1,Delivery Speed,Very poor experience
FDB003060,SHP002278,CUST00963,2025-07-24,4,Delivery Speed,Good delivery experience
FDB003061,SHP000084,CUST03294,2025-01-03,1,Package Handling,Very poor experience
FDB003062,SHP002689,CUST04790,2025-07-28,4,Delivery Speed,Good delivery experience
FDB003063,SHP002370,CUST03509,2025-11-14,5,Package Handling,Excellent and fast service
FDB003064,SHP000028,CUST00595,2025-05-05,4,Courier Behavior,Good delivery experience
FDB003065,SHP001370,CUST01258,2025-08-22,5,Package Handling,Excellent and fast service
FDB003066,SHP003665,CUST01922,2025-10-23,2,Customer Support,Delivery was slower than expected
FDB003067,SHP003115,CUST01692,2025-07-23,5,Delivery Speed,Excellent and fast service
FDB003068,SHP001722,CUST01536,2025-11-01,5,Delivery Speed,Excellent and fast service
FDB003069,SHP004422,CUST00446,2025-07-15,4,Overall Service,Good delivery experience
FDB003070,SHP001086,CUST00339,2025-02-28,4,Delivery Speed,Good delivery experience
FDB003071,SHP000521,CUST02286,2025-04-11,4,Courier Behavior,Good delivery experience
FDB003072,SHP004773,CUST04728,2025-08-24,4,Customer Support,Good delivery experience
FDB003073,SHP001112,CUST01288,2025-01-23,4,Package Handling,Good delivery experience
FDB003074,SHP001925,CUST03782,2025-05-18,3,Delivery Speed,Average service
FDB003075,SHP000602,CUST01339,2025-12-04,5,Package Handling,Excellent and fast service
FDB003076,SHP003450,CUST02001,2025-03-17,5,Package Handling,Excellent and fast service
FDB003077,SHP000844,CUST00425,2025-04-07,4,Customer Support,Good delivery experience
FDB003078,SHP002138,CUST01802,2025-04-05,4,Package Handling,Good delivery experience
FDB003079,SHP003573,CUST03321,2025-08-16,4,Package Handling,Good delivery experience
FDB003080,SHP000199,CUST04612,2025-08-06,4,Delivery Speed,Good delivery experience
FDB003081,SHP000334,CUST03334,2025-01-06,5,Package Handling,Excellent and fast service
FDB003082,SHP001448,CUST01203,2025-01-20,4,Courier Behavior,Good delivery experience
FDB003083,SHP001280,CUST01483,2025-03-25,5,Overall Service,Excellent and fast service
FDB003084,SHP004486,CUST03848,2025-10-07,4,Courier Behavior,Good delivery experience
FDB003085,SHP003630,CUST03360,2025-11-22,4,Customer Support,Good delivery experience
FDB003086,SHP002033,CUST01715,2025-09-26,4,Customer Support,Good delivery experience
FDB003087,SHP000288,CUST01769,2025-04-07,4,Delivery Speed,Good delivery experience
FDB003088,SHP002327,CUST03469,2025-06-24,5,Delivery Speed,Excellent and fast service
FDB003089,SHP000073,CUST01663,2025-12-27,4,Courier Behavior,Good delivery experience
FDB003090,SHP000659,CUST04112,2025-03-08,1,Overall Service,Very poor experience
FDB003091,SHP002397,CUST03857,2025-11-10,4,Delivery Speed,Good delivery experience
FDB003092,SHP001524,CUST04959,2025-01-04,4,Delivery Speed,Good delivery experience
FDB003093,SHP004366,CUST03277,2025-02-07,3,Package Handling,Average service
FDB003094,SHP002611,CUST02584,2025-12-29,4,Customer Support,Good delivery experience
FDB003095,SHP003133,CUST00951,2025-06-26,5,Delivery Speed,Excellent and fast service
FDB003096,SHP002567,CUST03788,2025-09-06,4,Courier Behavior,Good delivery experience
FDB003097,SHP003733,CUST01241,2025-10-21,3,Overall Service,Average service
FDB003098,SHP002302,CUST01408,2025-08-13,4,Customer Support,Good delivery experience
FDB003099,SHP003309,CUST04043,2025-01-04,4,Package Handling,Good delivery experience
FDB003100,SHP003316,CUST03723,2025-04-29,4,Overall Service,Good delivery experience
FDB003101,SHP000219,CUST01056,2025-11-10,5,Delivery Speed,Excellent and fast service
FDB003102,SHP003291,CUST02858,2025-08-11,1,Delivery Speed,Very poor experience
FDB003103,SHP002690,CUST00801,2025-05-02,4,Customer Support,Good delivery experience
FDB003104,SHP000712,CUST00977,2025-09-03,4,Courier Behavior,Good delivery experience
FDB003105,SHP001667,CUST00375,2025-09-07,5,Customer Support,Excellent and fast service
FDB003106,SHP003115,CUST00504,2025-12-22,1,Delivery Speed,Very poor experience
FDB003107,SHP000661,CUST03319,2025-09-25,2,Delivery Speed,Delivery was slower than expected
FDB003108,SHP000489,CUST01452,2025-12-07,3,Delivery Speed,Average service
FDB003109,SHP004509,CUST03652,2025-12-31,3,Overall Service,Average service
FDB003110,SHP002335,CUST01334,2025-11-30,4,Courier Behavior,Good delivery experience
FDB003111,SHP000306,CUST03477,2025-08-31,3,Courier Behavior,Average service
FDB003112,SHP001444,CUST00205,2025-01-20,5,Package Handling,Excellent and fast service
FDB003113,SHP004603,CUST04991,2025-04-13,5,Delivery Speed,Excellent and fast service
FDB003114,SHP001874,CUST02252,2025-03-31,5,Delivery Speed,Excellent and fast service
FDB003115,SHP001494,CUST03145,2025-07-20,3,Delivery Speed,Average service
FDB003116,SHP004296,CUST03435,2025-03-08,3,Package Handling,Average service
FDB003117,SHP001731,CUST01181,2025-03-04,5,Package Handling,Excellent and fast service
FDB003118,SHP000942,CUST00942,2025-05-05,4,Delivery Speed,Good delivery experience
FDB003119,SHP003766,CUST00206,2025-03-17,1,Courier Behavior,Very poor experience
FDB003120,SHP004158,CUST03210,2025-11-25,2,Courier Behavior,Delivery was slower than expected
FDB003121,SHP003731,CUST00976,2025-03-23,3,Customer Support,Average service
FDB003122,SHP001295,CUST02491,2025-11-16,3,Package Handling,Average service
FDB003123,SHP003464,CUST01591,2025-12-19,2,Courier Behavior,Delivery was slower than expected
FDB003124,SHP001506,CUST04226,2025-01-14,5,Delivery Speed,Excellent and fast service
FDB003125,SHP001177,CUST02304,2025-08-12,1,Delivery Speed,Very poor experience
FDB003126,SHP003876,CUST03777,2025-03-01,5,Package Handling,Excellent and fast service
FDB003127,SHP000499,CUST04294,2025-12-12,5,Courier Behavior,Excellent and fast service
FDB003128,SHP000250,CUST04273,2025-09-14,4,Overall Service,Good delivery experience
FDB003129,SHP003744,CUST04194,2025-07-27,2,Delivery Speed,Delivery was slower than expected
FDB003130,SHP000904,CUST03743,2025-05-19,5,Customer Support,Excellent and fast service
FDB003131,SHP004513,CUST03220,2025-11-23,3,Overall Service,Average service
FDB003132,SHP002788,CUST03619,2025-04-16,4,Delivery Speed,Good delivery experience
FDB003133,SHP003104,CUST00310,2025-03-23,4,Customer Support,Good delivery experience
FDB003134,SHP003217,CUST00318,2025-07-07,5,Courier Behavior,Excellent and fast service
FDB003135,SHP004972,CUST00007,2025-12-14,5,Customer Support,Excellent and fast service
FDB003136,SHP001181,CUST00866,2025-11-18,5,Delivery Speed,Excellent and fast service
FDB003137,SHP000586,CUST00437,2025-02-16,4,Overall Service,Good delivery experience
FDB003138,SHP003733,CUST04835,2025-05-01,1,Delivery Speed,Very poor experience
FDB003139,SHP004054,CUST00803,2025-05-21,5,Package Handling,Excellent and fast service
FDB003140,SHP003303,CUST03379,2025-07-22,1,Customer Support,Very poor experience
FDB003141,SHP003888,CUST04850,2025-10-08,2,Customer Support,Delivery was slower than expected
FDB003142,SHP004431,CUST00038,2025-02-24,3,Delivery Speed,Average service
FDB003143,SHP003856,CUST01235,2025-10-04,2,Package Handling,Delivery was slower than expected
FDB003144,SHP002735,CUST02123,2025-08-07,3,Package Handling,Average service
FDB003145,SHP001374,CUST03682,2025-01-13,3,Customer Support,Average service
FDB003146,SHP004348,CUST04122,2025-01-05,2,Courier Behavior,Delivery was slower than expected
FDB003147,SHP003671,CUST00140,2025-11-29,4,Customer Support,Good delivery experience
FDB003148,SHP001750,CUST04344,2025-10-27,3,Overall Service,Average service
FDB003149,SHP004112,CUST01617,2025-06-27,5,Package Handling,Excellent and fast service
FDB003150,SHP002398,CUST02303,2025-08-07,5,Package Handling,Excellent and fast service
FDB003151,SHP002577,CUST02785,2025-02-01,5,Delivery Speed,Excellent and fast service
FDB003152,SHP004899,CUST03196,2025-08-02,4,Courier Behavior,Good delivery experience
FDB003153,SHP000329,CUST02170,2025-10-16,5,Package Handling,Excellent and fast service
FDB003154,SHP003036,CUST00173,2025-01-07,4,Delivery Speed,Good delivery experience
FDB003155,SHP001348,CUST00850,2025-04-25,4,Package Handling,Good delivery experience
FDB003156,SHP001641,CUST04265,2025-10-24,2,Overall Service,Delivery was slower than expected
FDB003157,SHP004668,CUST04815,2025-12-23,3,Courier Behavior,Average service
FDB003158,SHP001432,CUST04717,2025-01-01,5,Package Handling,Excellent and fast service
FDB003159,SHP002833,CUST03746,2025-04-12,5,Package Handling,Excellent and fast service
FDB003160,SHP003054,CUST01920,2025-04-27,3,Package Handling,Average service
FDB003161,SHP000257,CUST01304,2025-07-01,4,Overall Service,Good delivery experience
FDB003162,SHP003396,CUST01426,2025-11-21,4,Courier Behavior,Good delivery experience
FDB003163,SHP000505,CUST04906,2025-04-16,5,Customer Support,Excellent and fast service
FDB003164,SHP003192,CUST03868,2025-11-04,3,Customer Support,Average service
FDB003165,SHP000559,CUST02447,2025-05-24,5,Overall Service,Excellent and fast service
FDB003166,SHP004266,CUST02757,2025-10-14,5,Customer Support,Excellent and fast service
FDB003167,SHP002683,CUST01333,2025-01-23,5,Delivery Speed,Excellent and fast service
FDB003168,SHP004656,CUST02939,2025-08-30,5,Overall Service,Excellent and fast service
FDB003169,SHP001700,CUST01817,2025-08-20,1,Customer Support,Very poor experience
FDB003170,SHP000618,CUST04421,2025-11-19,4,Package Handling,Good delivery experience
FDB003171,SHP004080,CUST03792,2025-10-08,4,Overall Service,Good delivery experience
FDB003172,SHP003704,CUST02662,2025-10-06,5,Package Handling,Excellent and fast service
FDB003173,SHP000953,CUST00668,2025-04-23,2,Courier Behavior,Delivery was slower than expected
FDB003174,SHP000633,CUST01668,2025-10-19,2,Overall Service,Delivery was slower than expected
FDB003175,SHP003855,CUST01630,2025-01-22,3,Customer Support,Average service
FDB003176,SHP004798,CUST00386,2025-07-07,4,Package Handling,Good delivery experience
FDB003177,SHP004146,CUST00166,2025-03-11,4,Customer Support,Good delivery experience
FDB003178,SHP003402,CUST03740,2025-12-13,4,Overall Service,Good delivery experience
FDB003179,SHP003151,CUST03352,2025-05-02,3,Overall Service,Average service
FDB003180,SHP001460,CUST02167,2025-04-16,5,Delivery Speed,Excellent and fast service
FDB003181,SHP001755,CUST02530,2025-02-15,3,Delivery Speed,Average service
FDB003182,SHP000971,CUST02789,2025-06-15,5,Delivery Speed,Excellent and fast service
FDB003183,SHP001545,CUST02667,2025-03-31,4,Package Handling,Good delivery experience
FDB003184,SHP004902,CUST04268,2025-12-13,4,Package Handling,Good delivery experience
FDB003185,SHP001187,CUST00260,2025-06-28,3,Overall Service,Average service
FDB003186,SHP002024,CUST02589,2025-02-13,3,Delivery Speed,Average service
FDB003187,SHP001300,CUST00120,2025-06-06,5,Customer Support,Excellent and fast service
FDB003188,SHP002741,CUST01282,2025-11-18,5,Courier Behavior,Excellent and fast service
FDB003189,SHP003491,CUST01301,2025-01-08,4,Delivery Speed,Good delivery experience
FDB003190,SHP003759,CUST00732,2025-10-15,4,Courier Behavior,Good delivery experience
FDB003191,SHP003370,CUST04403,2025-08-23,4,Courier Behavior,Good delivery experience
FDB003192,SHP000624,CUST02151,2025-04-15,3,Delivery Speed,Average service
FDB003193,SHP002909,CUST00660,2025-05-09,4,Package Handling,Good delivery experience
FDB003194,SHP003243,CUST01405,2025-02-13,2,Overall Service,Delivery was slower than expected
FDB003195,SHP003179,CUST03604,2025-08-29,5,Courier Behavior,Excellent and fast service
FDB003196,SHP001621,CUST03769,2025-05-14,4,Package Handling,Good delivery experience
FDB003197,SHP003112,CUST01668,2025-06-09,5,Overall Service,Excellent and fast service
FDB003198,SHP003360,CUST02634,2025-06-27,4,Customer Support,Good delivery experience
FDB003199,SHP004508,CUST00100,2025-09-21,4,Overall Service,Good delivery experience
FDB003200,SHP000407,CUST01369,2025-01-15,4,Customer Support,Good delivery experience
FDB003201,SHP003848,CUST00411,2025-07-16,5,Overall Service,Excellent and fast service
FDB003202,SHP000475,CUST02846,2025-04-23,5,Delivery Speed,Excellent and fast service
FDB003203,SHP003967,CUST04145,2025-09-30,5,Delivery Speed,Excellent and fast service
FDB003204,SHP003299,CUST01488,2025-04-19,4,Overall Service,Good delivery experience
FDB003205,SHP001656,CUST01461,2025-03-09,4,Customer Support,Good delivery experience
FDB003206,SHP001640,CUST00946,2025-06-16,5,Overall Service,Excellent and fast service
FDB003207,SHP001588,CUST00372,2025-08-25,4,Delivery Speed,Good delivery experience
FDB003208,SHP003512,CUST02443,2025-12-23,4,Courier Behavior,Good delivery experience
FDB003209,SHP004731,CUST01300,2025-12-23,4,Courier Behavior,Good delivery experience
FDB003210,SHP003935,CUST02130,2025-07-06,5,Customer Support,Excellent and fast service
FDB003211,SHP001086,CUST01791,2025-09-07,4,Courier Behavior,Good delivery experience
FDB003212,SHP001825,CUST00905,2025-06-28,4,Courier Behavior,Good delivery experience
FDB003213,SHP000161,CUST00372,2025-07-12,5,Package Handling,Excellent and fast service
FDB003214,SHP003184,CUST00016,2025-03-02,5,Overall Service,Excellent and fast service
FDB003215,SHP001732,CUST00843,2025-04-04,4,Customer Support,Good delivery experience
FDB003216,SHP002607,CUST04874,2025-05-27,3,Overall Service,Average service
FDB003217,SHP004883,CUST01634,2025-11-29,4,Package Handling,Good delivery experience
FDB003218,SHP003724,CUST02666,2025-02-15,3,Customer Support,Average service
FDB003219,SHP001762,CUST01573,2025-09-04,3,Courier Behavior,Average service
FDB003220,SHP003586,CUST03751,2025-11-04,3,Delivery Speed,Average service
FDB003221,SHP003236,CUST00120,2025-12-03,1,Overall Service,Very poor experience
FDB003222,SHP002439,CUST01402,2025-02-27,5,Delivery Speed,Excellent and fast service
FDB003223,SHP000686,CUST04851,2025-08-14,4,Package Handling,Good delivery experience
FDB003224,SHP001210,CUST01693,2025-12-16,4,Overall Service,Good delivery experience
FDB003225,SHP003568,CUST03325,2025-03-22,1,Overall Service,Very poor experience
FDB003226,SHP000053,CUST01851,2025-07-03,5,Delivery Speed,Excellent and fast service
FDB003227,SHP003933,CUST01324,2025-05-19,4,Package Handling,Good delivery experience
FDB003228,SHP000387,CUST01027,2025-01-14,5,Courier Behavior,Excellent and fast service
FDB003229,SHP001590,CUST00008,2025-10-20,5,Delivery Speed,Excellent and fast service
FDB003230,SHP002382,CUST03971,2025-11-30,5,Delivery Speed,Excellent and fast service
FDB003231,SHP003015,CUST01838,2025-12-30,5,Overall Service,Excellent and fast service
FDB003232,SHP001339,CUST04918,2025-10-18,5,Delivery Speed,Excellent and fast service
FDB003233,SHP001640,CUST03586,2025-12-15,4,Courier Behavior,Good delivery experience
FDB003234,SHP004799,CUST02397,2025-09-02,3,Overall Service,Average service
FDB003235,SHP004394,CUST04243,2025-04-16,3,Courier Behavior,Average service
FDB003236,SHP000953,CUST01243,2025-11-25,4,Courier Behavior,Good delivery experience
FDB003237,SHP002771,CUST00205,2025-05-30,4,Courier Behavior,Good delivery experience
FDB003238,SHP004342,CUST04050,2025-08-24,5,Courier Behavior,Excellent and fast service
FDB003239,SHP000990,CUST00774,2025-09-28,3,Courier Behavior,Average service
FDB003240,SHP001053,CUST00237,2025-04-02,4,Delivery Speed,Good delivery experience
FDB003241,SHP000042,CUST02273,2025-05-29,4,Delivery Speed,Good delivery experience
FDB003242,SHP003814,CUST00827,2025-12-15,4,Package Handling,Good delivery experience
FDB003243,SHP003897,CUST00634,2025-05-17,2,Package Handling,Delivery was slower than expected
FDB003244,SHP000592,CUST00079,2025-04-13,1,Package Handling,Very poor experience
FDB003245,SHP000497,CUST02868,2025-02-01,5,Package Handling,Excellent and fast service
FDB003246,SHP003784,CUST02892,2025-01-09,5,Courier Behavior,Excellent and fast service
FDB003247,SHP001797,CUST01679,2025-05-04,4,Overall Service,Good delivery experience
FDB003248,SHP003563,CUST00433,2025-05-09,3,Customer Support,Average service
FDB003249,SHP002196,CUST00003,2025-10-06,5,Customer Support,Excellent and fast service
FDB003250,SHP003879,CUST01428,2025-08-11,4,Customer Support,Good delivery experience
FDB003251,SHP004155,CUST00022,2025-02-26,5,Overall Service,Excellent and fast service
FDB003252,SHP004433,CUST04538,2025-02-19,4,Delivery Speed,Good delivery experience
FDB003253,SHP003743,CUST00874,2025-02-14,4,Customer Support,Good delivery experience
FDB003254,SHP003094,CUST04276,2025-07-18,2,Delivery Speed,Delivery was slower than expected
FDB003255,SHP000254,CUST02694,2025-12-27,5,Overall Service,Excellent and fast service
FDB003256,SHP002309,CUST02176,2025-03-26,5,Customer Support,Excellent and fast service
FDB003257,SHP002661,CUST00021,2025-12-23,5,Overall Service,Excellent and fast service
FDB003258,SHP004780,CUST04644,2025-11-09,4,Overall Service,Good delivery experience
FDB003259,SHP000050,CUST02485,2025-12-10,4,Overall Service,Good delivery experience
FDB003260,SHP003897,CUST02887,2025-12-06,5,Customer Support,Excellent and fast service
FDB003261,SHP001919,CUST04402,2025-01-31,3,Delivery Speed,Average service
FDB003262,SHP002834,CUST03113,2025-06-06,5,Delivery Speed,Excellent and fast service
FDB003263,SHP004723,CUST01613,2025-04-25,2,Courier Behavior,Delivery was slower than expected
FDB003264,SHP003052,CUST02868,2025-07-29,5,Delivery Speed,Excellent and fast service
FDB003265,SHP001866,CUST00142,2025-11-16,5,Package Handling,Excellent and fast service
FDB003266,SHP001019,CUST03752,2025-09-08,4,Customer Support,Good delivery experience
FDB003267,SHP004296,CUST01874,2025-10-24,4,Package Handling,Good delivery experience
FDB003268,SHP000351,CUST01798,2025-08-12,5,Delivery Speed,Excellent and fast service
FDB003269,SHP004860,CUST02694,2025-08-29,4,Courier Behavior,Good delivery experience
FDB003270,SHP003987,CUST02548,2025-08-18,4,Delivery Speed,Good delivery experience
FDB003271,SHP002738,CUST01408,2025-09-20,4,Delivery Speed,Good delivery experience
FDB003272,SHP004227,CUST02821,2025-11-10,3,Package Handling,Average service
FDB003273,SHP001613,CUST02921,2025-12-27,5,Customer Support,Excellent and fast service
FDB003274,SHP003457,CUST00327,2025-05-07,2,Customer Support,Delivery was slower than expected
FDB003275,SHP000443,CUST04050,2025-03-23,5,Courier Behavior,Excellent and fast service
FDB003276,SHP003650,CUST03407,2025-03-20,3,Delivery Speed,Average service
FDB003277,SHP001201,CUST01355,2025-07-31,3,Courier Behavior,Average service
FDB003278,SHP000609,CUST01350,2025-09-07,4,Overall Service,Good delivery experience
FDB003279,SHP001700,CUST04177,2025-11-11,3,Overall Service,Average service
FDB003280,SHP000516,CUST02196,2025-10-17,4,Customer Support,Good delivery experience
FDB003281,SHP002492,CUST02312,2025-02-22,5,Customer Support,Excellent and fast service
FDB003282,SHP002358,CUST03082,2025-04-25,4,Courier Behavior,Good delivery experience
FDB003283,SHP002579,CUST04442,2025-09-30,1,Delivery Speed,Very poor experience
FDB003284,SHP004740,CUST01778,2025-09-23,4,Package Handling,Good delivery experience
FDB003285,SHP001013,CUST01575,2025-02-09,5,Courier Behavior,Excellent and fast service
FDB003286,SHP000182,CUST00382,2025-08-08,3,Courier Behavior,Average service
FDB003287,SHP003749,CUST00510,2025-08-06,4,Courier Behavior,Good delivery experience
FDB003288,SHP004860,CUST03141,2025-04-20,4,Package Handling,Good delivery experience
FDB003289,SHP001220,CUST02466,2025-02-27,2,Package Handling,Delivery was slower than expected
FDB003290,SHP001143,CUST01103,2025-02-28,5,Delivery Speed,Excellent and fast service
FDB003291,SHP004069,CUST01744,2025-08-07,4,Package Handling,Good delivery experience
FDB003292,SHP001763,CUST02194,2025-05-02,4,Overall Service,Good delivery experience
FDB003293,SHP004022,CUST01318,2025-12-21,1,Package Handling,Very poor experience
FDB003294,SHP000677,CUST02385,2025-04-26,5,Customer Support,Excellent and fast service
FDB003295,SHP000524,CUST03417,2025-07-09,4,Package Handling,Good delivery experience
FDB003296,SHP004850,CUST01591,2025-05-17,4,Courier Behavior,Good delivery experience
FDB003297,SHP002798,CUST03508,2025-04-17,4,Delivery Speed,Good delivery experience
FDB003298,SHP002690,CUST01099,2025-04-28,5,Courier Behavior,Excellent and fast service
FDB003299,SHP000072,CUST02418,2025-07-04,4,Overall Service,Good delivery experience
FDB003300,SHP002075,CUST02952,2025-04-23,5,Courier Behavior,Excellent and fast service
FDB003301,SHP004908,CUST00337,2025-04-19,2,Customer Support,Delivery was slower than expected
FDB003302,SHP004709,CUST00218,2025-06-05,5,Courier Behavior,Excellent and fast service
FDB003303,SHP004118,CUST03013,2025-08-29,1,Overall Service,Very poor experience
FDB003304,SHP001919,CUST00406,2025-01-18,3,Package Handling,Average service
FDB003305,SHP000923,CUST03249,2025-02-15,5,Customer Support,Excellent and fast service
FDB003306,SHP002572,CUST02612,2025-10-04,4,Package Handling,Good delivery experience
FDB003307,SHP003355,CUST04610,2025-02-23,4,Delivery Speed,Good delivery experience
FDB003308,SHP003887,CUST01061,2025-11-07,5,Delivery Speed,Excellent and fast service
FDB003309,SHP001285,CUST04152,2025-09-27,4,Courier Behavior,Good delivery experience
FDB003310,SHP004488,CUST04576,2025-11-11,5,Courier Behavior,Excellent and fast service
FDB003311,SHP001767,CUST03480,2025-12-19,3,Package Handling,Average service
FDB003312,SHP001335,CUST02334,2025-06-05,4,Package Handling,Good delivery experience
FDB003313,SHP004495,CUST00183,2025-03-24,2,Overall Service,Delivery was slower than expected
FDB003314,SHP004279,CUST01551,2025-01-05,5,Overall Service,Excellent and fast service
FDB003315,SHP001331,CUST02732,2025-11-02,5,Courier Behavior,Excellent and fast service
FDB003316,SHP003047,CUST04133,2025-07-27,1,Package Handling,Very poor experience
FDB003317,SHP000650,CUST01692,2025-08-30,2,Overall Service,Delivery was slower than expected
FDB003318,SHP001584,CUST00084,2025-04-17,5,Customer Support,Excellent and fast service
FDB003319,SHP004617,CUST04393,2025-05-07,3,Overall Service,Average service
FDB003320,SHP004680,CUST01044,2025-05-04,5,Overall Service,Excellent and fast service
FDB003321,SHP001691,CUST01733,2025-10-25,3,Customer Support,Average service
FDB003322,SHP000679,CUST03034,2025-11-22,5,Customer Support,Excellent and fast service
FDB003323,SHP002977,CUST00047,2025-02-18,4,Courier Behavior,Good delivery experience
FDB003324,SHP000026,CUST02720,2025-01-05,5,Delivery Speed,Excellent and fast service
FDB003325,SHP002538,CUST03231,2025-05-11,4,Overall Service,Good delivery experience
FDB003326,SHP003818,CUST01429,2025-11-12,3,Courier Behavior,Average service
FDB003327,SHP004765,CUST02421,2025-11-07,3,Customer Support,Average service
FDB003328,SHP000860,CUST00376,2025-04-28,4,Package Handling,Good delivery experience
FDB003329,SHP001101,CUST03101,2025-12-15,2,Overall Service,Delivery was slower than expected
FDB003330,SHP003839,CUST02966,2025-08-09,4,Delivery Speed,Good delivery experience
FDB003331,SHP004761,CUST01363,2025-02-13,3,Courier Behavior,Average service
FDB003332,SHP002470,CUST04585,2025-02-08,5,Delivery Speed,Excellent and fast service
FDB003333,SHP000669,CUST01306,2025-03-16,5,Overall Service,Excellent and fast service
FDB003334,SHP003734,CUST02597,2025-05-25,4,Delivery Speed,Good delivery experience
FDB003335,SHP000141,CUST02006,2025-03-09,5,Delivery Speed,Excellent and fast service
FDB003336,SHP002061,CUST02537,2025-09-20,5,Customer Support,Excellent and fast service
FDB003337,SHP001919,CUST01828,2025-08-19,5,Delivery Speed,Excellent and fast service
FDB003338,SHP001798,CUST03784,2025-12-05,5,Courier Behavior,Excellent and fast service
FDB003339,SHP000110,CUST02260,2025-09-13,4,Delivery Speed,Good delivery experience
FDB003340,SHP003831,CUST02603,2025-07-04,5,Overall Service,Excellent and fast service
FDB003341,SHP003757,CUST00904,2025-08-31,4,Overall Service,Good delivery experience
FDB003342,SHP001577,CUST05000,2025-03-11,4,Delivery Speed,Good delivery experience
FDB003343,SHP001650,CUST02690,2025-06-09,3,Delivery Speed,Average service
FDB003344,SHP000273,CUST04383,2025-04-19,5,Customer Support,Excellent and fast service
FDB003345,SHP004012,CUST02632,2025-01-31,4,Customer Support,Good delivery experience
FDB003346,SHP001525,CUST03401,2025-12-07,2,Customer Support,Delivery was slower than expected
FDB003347,SHP000521,CUST01140,2025-10-16,1,Courier Behavior,Very poor experience
FDB003348,SHP003588,CUST04889,2025-12-29,4,Delivery Speed,Good delivery experience
FDB003349,SHP002815,CUST00358,2025-03-29,4,Delivery Speed,Good delivery experience
FDB003350,SHP003386,CUST01458,2025-04-15,2,Customer Support,Delivery was slower than expected
FDB003351,SHP004880,CUST03890,2025-02-18,4,Customer Support,Good delivery experience
FDB003352,SHP001117,CUST03978,2025-02-25,5,Courier Behavior,Excellent and fast service
FDB003353,SHP000484,CUST02611,2025-06-29,4,Package Handling,Good delivery experience
FDB003354,SHP000067,CUST03733,2025-07-29,2,Courier Behavior,Delivery was slower than expected
FDB003355,SHP004061,CUST02179,2025-01-26,5,Delivery Speed,Excellent and fast service
FDB003356,SHP001679,CUST01606,2025-12-01,5,Courier Behavior,Excellent and fast service
FDB003357,SHP001759,CUST01527,2025-10-29,5,Courier Behavior,Excellent and fast service
FDB003358,SHP002257,CUST02415,2025-04-04,4,Package Handling,Good delivery experience
FDB003359,SHP000401,CUST04561,2025-05-07,5,Delivery Speed,Excellent and fast service
FDB003360,SHP003314,CUST00215,2025-09-03,5,Package Handling,Excellent and fast service
FDB003361,SHP003345,CUST01205,2025-12-08,4,Package Handling,Good delivery experience
FDB003362,SHP000184,CUST00532,2025-08-25,4,Package Handling,Good delivery experience
FDB003363,SHP001714,CUST03945,2025-02-12,2,Delivery Speed,Delivery was slower than expected
FDB003364,SHP004410,CUST02961,2025-11-20,5,Customer Support,Excellent and fast service
FDB003365,SHP003610,CUST04328,2025-12-31,4,Delivery Speed,Good delivery experience
FDB003366,SHP000600,CUST00675,2025-06-29,5,Delivery Speed,Excellent and fast service
FDB003367,SHP004956,CUST02123,2025-08-16,4,Delivery Speed,Good delivery experience
FDB003368,SHP001493,CUST01873,2025-10-01,3,Courier Behavior,Average service
FDB003369,SHP004224,CUST00408,2025-08-18,4,Courier Behavior,Good delivery experience
FDB003370,SHP000896,CUST01773,2025-08-09,2,Overall Service,Delivery was slower than expected
FDB003371,SHP003079,CUST04733,2025-03-21,5,Delivery Speed,Excellent and fast service
FDB003372,SHP002393,CUST01477,2025-06-14,3,Package Handling,Average service
FDB003373,SHP002654,CUST02106,2025-03-18,4,Package Handling,Good delivery experience
FDB003374,SHP003610,CUST02408,2025-01-12,3,Package Handling,Average service
FDB003375,SHP001019,CUST03917,2025-08-16,3,Delivery Speed,Average service
FDB003376,SHP000331,CUST04361,2025-12-21,4,Delivery Speed,Good delivery experience
FDB003377,SHP000669,CUST02684,2025-07-20,4,Overall Service,Good delivery experience
FDB003378,SHP003588,CUST03940,2025-10-22,3,Overall Service,Average service
FDB003379,SHP000466,CUST01034,2025-08-04,5,Overall Service,Excellent and fast service
FDB003380,SHP002235,CUST04747,2025-12-07,4,Overall Service,Good delivery experience
FDB003381,SHP002518,CUST01176,2025-06-01,3,Delivery Speed,Average service
FDB003382,SHP003562,CUST04405,2025-04-09,5,Overall Service,Excellent and fast service
FDB003383,SHP000489,CUST01269,2025-12-04,3,Package Handling,Average service
FDB003384,SHP002846,CUST01839,2025-06-25,5,Customer Support,Excellent and fast service
FDB003385,SHP000583,CUST01493,2025-06-23,4,Delivery Speed,Good delivery experience
FDB003386,SHP002348,CUST03669,2025-06-20,4,Customer Support,Good delivery experience
FDB003387,SHP000707,CUST03699,2025-06-26,3,Delivery Speed,Average service
FDB003388,SHP000191,CUST02174,2025-03-10,2,Overall Service,Delivery was slower than expected
FDB003389,SHP000254,CUST01162,2025-11-18,5,Package Handling,Excellent and fast service
FDB003390,SHP000968,CUST01316,2025-04-16,2,Overall Service,Delivery was slower than expected
FDB003391,SHP001043,CUST02605,2025-09-01,4,Courier Behavior,Good delivery experience
FDB003392,SHP000789,CUST00233,2025-02-20,5,Courier Behavior,Excellent and fast service
FDB003393,SHP002462,CUST01179,2025-06-20,4,Overall Service,Good delivery experience
FDB003394,SHP002283,CUST01908,2025-04-18,4,Courier Behavior,Good delivery experience
FDB003395,SHP000146,CUST01701,2025-09-24,5,Courier Behavior,Excellent and fast service
FDB003396,SHP004655,CUST00282,2025-03-21,5,Package Handling,Excellent and fast service
FDB003397,SHP002802,CUST01174,2025-11-13,3,Courier Behavior,Average service
FDB003398,SHP002918,CUST01895,2025-03-01,5,Customer Support,Excellent and fast service
FDB003399,SHP004428,CUST02345,2025-07-04,5,Customer Support,Excellent and fast service
FDB003400,SHP003674,CUST00508,2025-11-10,5,Courier Behavior,Excellent and fast service
FDB003401,SHP002511,CUST00363,2025-12-31,4,Overall Service,Good delivery experience
FDB003402,SHP003441,CUST04050,2025-08-11,5,Overall Service,Excellent and fast service
FDB003403,SHP001993,CUST04364,2025-02-03,2,Overall Service,Delivery was slower than expected
FDB003404,SHP002766,CUST02874,2025-12-16,4,Overall Service,Good delivery experience
FDB003405,SHP004244,CUST00998,2025-09-04,4,Overall Service,Good delivery experience
FDB003406,SHP000647,CUST01544,2025-07-14,5,Courier Behavior,Excellent and fast service
FDB003407,SHP003629,CUST00149,2025-04-05,4,Delivery Speed,Good delivery experience
FDB003408,SHP000198,CUST03424,2025-01-20,5,Package Handling,Excellent and fast service
FDB003409,SHP002076,CUST04777,2025-11-10,4,Overall Service,Good delivery experience
FDB003410,SHP001153,CUST02907,2025-06-02,5,Customer Support,Excellent and fast service
FDB003411,SHP000546,CUST01367,2025-12-30,5,Courier Behavior,Excellent and fast service
FDB003412,SHP002871,CUST03107,2025-11-13,4,Delivery Speed,Good delivery experience
FDB003413,SHP003314,CUST00268,2025-07-20,5,Delivery Speed,Excellent and fast service
FDB003414,SHP001478,CUST00555,2025-04-09,4,Overall Service,Good delivery experience
FDB003415,SHP003452,CUST04103,2025-01-09,4,Overall Service,Good delivery experience
FDB003416,SHP001720,CUST02927,2025-05-15,2,Courier Behavior,Delivery was slower than expected
FDB003417,SHP002273,CUST00234,2025-12-07,5,Courier Behavior,Excellent and fast service
FDB003418,SHP000228,CUST02496,2025-12-09,4,Delivery Speed,Good delivery experience
FDB003419,SHP003114,CUST00069,2025-06-23,4,Package Handling,Good delivery experience
FDB003420,SHP003527,CUST02587,2025-09-19,5,Package Handling,Excellent and fast service
FDB003421,SHP001364,CUST01707,2025-02-12,5,Courier Behavior,Excellent and fast service
FDB003422,SHP004395,CUST03044,2025-02-22,3,Package Handling,Average service
FDB003423,SHP003931,CUST02968,2025-01-18,5,Package Handling,Excellent and fast service
FDB003424,SHP002342,CUST01457,2025-02-10,4,Overall Service,Good delivery experience
FDB003425,SHP003593,CUST00670,2025-02-24,4,Customer Support,Good delivery experience
FDB003426,SHP001858,CUST04686,2025-09-18,3,Package Handling,Average service
FDB003427,SHP003936,CUST02252,2025-06-07,4,Customer Support,Good delivery experience
FDB003428,SHP002753,CUST01830,2025-03-07,5,Delivery Speed,Excellent and fast service
FDB003429,SHP001925,CUST04113,2025-11-29,5,Package Handling,Excellent and fast service
FDB003430,SHP004143,CUST03295,2025-01-06,5,Overall Service,Excellent and fast service
FDB003431,SHP004306,CUST02010,2025-07-03,3,Courier Behavior,Average service
FDB003432,SHP003023,CUST02021,2025-09-25,4,Overall Service,Good delivery experience
FDB003433,SHP003641,CUST02169,2025-06-20,5,Courier Behavior,Excellent and fast service
FDB003434,SHP002354,CUST02294,2025-11-02,3,Customer Support,Average service
FDB003435,SHP003796,CUST03942,2025-12-25,3,Overall Service,Average service
FDB003436,SHP003217,CUST00268,2025-11-22,5,Package Handling,Excellent and fast service
FDB003437,SHP004098,CUST02582,2025-06-02,5,Customer Support,Excellent and fast service
FDB003438,SHP004298,CUST02828,2025-03-28,2,Delivery Speed,Delivery was slower than expected
FDB003439,SHP003620,CUST01935,2025-09-15,4,Delivery Speed,Good delivery experience
FDB003440,SHP004016,CUST03730,2025-01-16,3,Package Handling,Average service
FDB003441,SHP002126,CUST01643,2025-07-25,5,Customer Support,Excellent and fast service
FDB003442,SHP003490,CUST03369,2025-03-11,4,Courier Behavior,Good delivery experience
FDB003443,SHP001389,CUST00448,2025-03-07,3,Courier Behavior,Average service
FDB003444,SHP003311,CUST01407,2025-11-13,4,Courier Behavior,Good delivery experience
FDB003445,SHP002995,CUST01686,2025-08-02,5,Delivery Speed,Excellent and fast service
FDB003446,SHP002410,CUST03276,2025-03-06,2,Customer Support,Delivery was slower than expected
FDB003447,SHP003648,CUST04601,2025-02-06,5,Customer Support,Excellent and fast service
FDB003448,SHP001796,CUST04703,2025-01-11,2,Customer Support,Delivery was slower than expected
FDB003449,SHP004269,CUST00446,2025-09-19,5,Overall Service,Excellent and fast service
FDB003450,SHP000408,CUST02896,2025-07-04,5,Overall Service,Excellent and fast service
FDB003451,SHP002374,CUST03341,2025-04-07,4,Delivery Speed,Good delivery experience
FDB003452,SHP002626,CUST01546,2025-01-05,4,Package Handling,Good delivery experience
FDB003453,SHP002544,CUST00421,2025-12-26,5,Courier Behavior,Excellent and fast service
FDB003454,SHP003913,CUST01200,2025-05-17,4,Delivery Speed,Good delivery experience
FDB003455,SHP000444,CUST01461,2025-01-26,4,Courier Behavior,Good delivery experience
FDB003456,SHP000837,CUST02427,2025-08-23,5,Overall Service,Excellent and fast service
FDB003457,SHP001522,CUST00730,2025-02-06,3,Courier Behavior,Average service
FDB003458,SHP004465,CUST01206,2025-04-12,3,Delivery Speed,Average service
FDB003459,SHP001251,CUST04524,2025-09-06,4,Package Handling,Good delivery experience
FDB003460,SHP001234,CUST00474,2025-09-30,4,Delivery Speed,Good delivery experience
FDB003461,SHP001265,CUST03389,2025-07-17,4,Delivery Speed,Good delivery experience
FDB003462,SHP004161,CUST03840,2025-04-19,1,Package Handling,Very poor experience
FDB003463,SHP002452,CUST01827,2025-07-11,2,Overall Service,Delivery was slower than expected
FDB003464,SHP003851,CUST01044,2025-12-02,5,Delivery Speed,Excellent and fast service
FDB003465,SHP003410,CUST02288,2025-08-01,2,Package Handling,Delivery was slower than expected
FDB003466,SHP000266,CUST02083,2025-10-02,5,Package Handling,Excellent and fast service
FDB003467,SHP003502,CUST02187,2025-03-10,4,Delivery Speed,Good delivery experience
FDB003468,SHP002342,CUST04830,2025-03-23,5,Customer Support,Excellent and fast service
FDB003469,SHP000197,CUST03350,2025-02-21,5,Customer Support,Excellent and fast service
FDB003470,SHP000917,CUST03212,2025-03-21,5,Courier Behavior,Excellent and fast service
FDB003471,SHP000553,CUST02232,2025-02-22,5,Courier Behavior,Excellent and fast service
FDB003472,SHP000813,CUST00246,2025-03-12,4,Customer Support,Good delivery experience
FDB003473,SHP002911,CUST03921,2025-07-03,3,Courier Behavior,Average service
FDB003474,SHP000265,CUST04358,2025-06-23,5,Package Handling,Excellent and fast service
FDB003475,SHP001283,CUST01396,2025-07-15,4,Package Handling,Good delivery experience
FDB003476,SHP003112,CUST00109,2025-09-23,1,Customer Support,Very poor experience
FDB003477,SHP002160,CUST00895,2025-06-01,3,Customer Support,Average service
FDB003478,SHP003348,CUST02551,2025-12-08,3,Customer Support,Average service
FDB003479,SHP000561,CUST03642,2025-09-28,5,Overall Service,Excellent and fast service
FDB003480,SHP004312,CUST01661,2025-04-30,3,Overall Service,Average service
FDB003481,SHP002521,CUST04250,2025-02-27,5,Customer Support,Excellent and fast service
FDB003482,SHP004855,CUST01850,2025-05-30,4,Overall Service,Good delivery experience
FDB003483,SHP002988,CUST00942,2025-09-03,5,Customer Support,Excellent and fast service
FDB003484,SHP004131,CUST02291,2025-02-19,4,Overall Service,Good delivery experience
FDB003485,SHP000612,CUST02824,2025-06-03,4,Delivery Speed,Good delivery experience
FDB003486,SHP002257,CUST04127,2025-06-11,3,Package Handling,Average service
FDB003487,SHP003719,CUST02795,2025-02-26,5,Package Handling,Excellent and fast service
FDB003488,SHP003212,CUST03235,2025-01-18,4,Delivery Speed,Good delivery experience
FDB003489,SHP004973,CUST02186,2025-03-13,1,Courier Behavior,Very poor experience
FDB003490,SHP004143,CUST03866,2025-01-23,5,Package Handling,Excellent and fast service
FDB003491,SHP002243,CUST00593,2025-10-28,5,Delivery Speed,Excellent and fast service
FDB003492,SHP002920,CUST01216,2025-04-28,5,Courier Behavior,Excellent and fast service
FDB003493,SHP000417,CUST00060,2025-04-22,5,Courier Behavior,Excellent and fast service
FDB003494,SHP003814,CUST02710,2025-11-28,4,Overall Service,Good delivery experience
FDB003495,SHP000826,CUST03950,2025-03-19,1,Customer Support,Very poor experience
FDB003496,SHP001450,CUST01660,2025-12-14,5,Overall Service,Excellent and fast service
FDB003497,SHP004105,CUST04966,2025-04-16,3,Package Handling,Average service
FDB003498,SHP000493,CUST03030,2025-08-10,3,Delivery Speed,Average service
FDB003499,SHP002122,CUST02764,2025-12-30,5,Courier Behavior,Excellent and fast service
FDB003500,SHP001873,CUST03293,2025-07-23,2,Courier Behavior,Delivery was slower than expected
FDB003501,SHP003952,CUST03768,2025-08-14,3,Courier Behavior,Average service
FDB003502,SHP003218,CUST01541,2025-10-29,5,Delivery Speed,Excellent and fast service
FDB003503,SHP004813,CUST02801,2025-10-14,3,Courier Behavior,Average service
FDB003504,SHP003666,CUST03497,2025-07-26,4,Package Handling,Good delivery experience
FDB003505,SHP002704,CUST01864,2025-09-28,2,Overall Service,Delivery was slower than expected
FDB003506,SHP004355,CUST01014,2025-02-24,5,Package Handling,Excellent and fast service
FDB003507,SHP001045,CUST02598,2025-10-24,5,Courier Behavior,Excellent and fast service
FDB003508,SHP004663,CUST03102,2025-12-27,5,Delivery Speed,Excellent and fast service
FDB003509,SHP001308,CUST01360,2025-05-08,5,Customer Support,Excellent and fast service
FDB003510,SHP000836,CUST02971,2025-08-10,5,Overall Service,Excellent and fast service
FDB003511,SHP004054,CUST03139,2025-10-31,5,Package Handling,Excellent and fast service
FDB003512,SHP000880,CUST00350,2025-08-16,2,Customer Support,Delivery was slower than expected
FDB003513,SHP002282,CUST01274,2025-04-30,3,Delivery Speed,Average service
FDB003514,SHP002198,CUST03039,2025-12-25,5,Delivery Speed,Excellent and fast service
FDB003515,SHP000638,CUST04989,2025-02-01,4,Overall Service,Good delivery experience
FDB003516,SHP001888,CUST03321,2025-08-01,4,Courier Behavior,Good delivery experience
FDB003517,SHP001737,CUST03780,2025-07-26,4,Overall Service,Good delivery experience
FDB003518,SHP002330,CUST01621,2025-08-01,2,Customer Support,Delivery was slower than expected
FDB003519,SHP000471,CUST02139,2025-07-12,5,Delivery Speed,Excellent and fast service
FDB003520,SHP001732,CUST00600,2025-02-10,2,Courier Behavior,Delivery was slower than expected
FDB003521,SHP000314,CUST00144,2025-12-04,3,Delivery Speed,Average service
FDB003522,SHP001803,CUST04672,2025-04-17,5,Overall Service,Excellent and fast service
FDB003523,SHP000737,CUST04366,2025-03-17,5,Courier Behavior,Excellent and fast service
FDB003524,SHP003014,CUST03005,2025-07-18,4,Overall Service,Good delivery experience
FDB003525,SHP000408,CUST03748,2025-07-21,4,Courier Behavior,Good delivery experience
FDB003526,SHP003524,CUST02809,2025-08-31,3,Delivery Speed,Average service
FDB003527,SHP002229,CUST02655,2025-01-30,4,Courier Behavior,Good delivery experience
FDB003528,SHP001480,CUST02759,2025-12-18,2,Overall Service,Delivery was slower than expected
FDB003529,SHP000572,CUST02290,2025-07-22,4,Overall Service,Good delivery experience
FDB003530,SHP000199,CUST02353,2025-11-21,5,Courier Behavior,Excellent and fast service
FDB003531,SHP001780,CUST00732,2025-03-04,4,Package Handling,Good delivery experience
FDB003532,SHP003189,CUST00118,2025-11-18,5,Package Handling,Excellent and fast service
FDB003533,SHP000322,CUST00089,2025-11-12,4,Delivery Speed,Good delivery experience
FDB003534,SHP004693,CUST00083,2025-10-21,4,Delivery Speed,Good delivery experience
FDB003535,SHP003191,CUST02815,2025-05-04,5,Overall Service,Excellent and fast service
FDB003536,SHP002031,CUST02241,2025-10-27,4,Overall Service,Good delivery experience
FDB003537,SHP002838,CUST04265,2025-04-09,5,Customer Support,Excellent and fast service
FDB003538,SHP002302,CUST00684,2025-11-20,4,Courier Behavior,Good delivery experience
FDB003539,SHP004653,CUST04589,2025-02-05,4,Overall Service,Good delivery experience
FDB003540,SHP000433,CUST03985,2025-10-28,1,Courier Behavior,Very poor experience
FDB003541,SHP004851,CUST01679,2025-06-12,4,Delivery Speed,Good delivery experience
FDB003542,SHP002060,CUST04296,2025-02-14,4,Courier Behavior,Good delivery experience
FDB003543,SHP002674,CUST01465,2025-04-09,3,Courier Behavior,Average service
FDB003544,SHP002581,CUST04826,2025-04-21,4,Courier Behavior,Good delivery experience
FDB003545,SHP003153,CUST01213,2025-06-05,1,Courier Behavior,Very poor experience
FDB003546,SHP003504,CUST00440,2025-02-14,5,Package Handling,Excellent and fast service
FDB003547,SHP004943,CUST01085,2025-09-28,4,Courier Behavior,Good delivery experience
FDB003548,SHP001347,CUST01785,2025-10-18,3,Package Handling,Average service
FDB003549,SHP001639,CUST04017,2025-08-16,4,Delivery Speed,Good delivery experience
FDB003550,SHP002552,CUST01219,2025-05-24,3,Delivery Speed,Average service
FDB003551,SHP001381,CUST02031,2025-10-03,1,Courier Behavior,Very poor experience
FDB003552,SHP003720,CUST03955,2025-06-18,5,Package Handling,Excellent and fast service
FDB003553,SHP002168,CUST00781,2025-03-29,3,Customer Support,Average service
FDB003554,SHP004929,CUST01299,2025-11-28,3,Delivery Speed,Average service
FDB003555,SHP001108,CUST03858,2025-01-01,4,Courier Behavior,Good delivery experience
FDB003556,SHP003533,CUST00377,2025-01-02,5,Overall Service,Excellent and fast service
FDB003557,SHP003360,CUST02116,2025-08-16,5,Delivery Speed,Excellent and fast service
FDB003558,SHP002656,CUST03709,2025-02-09,2,Overall Service,Delivery was slower than expected
FDB003559,SHP000713,CUST01047,2025-11-11,4,Package Handling,Good delivery experience
FDB003560,SHP001399,CUST00041,2025-08-16,4,Delivery Speed,Good delivery experience
FDB003561,SHP001269,CUST01587,2025-12-24,4,Delivery Speed,Good delivery experience
FDB003562,SHP003107,CUST01599,2025-09-22,5,Overall Service,Excellent and fast service
FDB003563,SHP001824,CUST02993,2025-02-06,5,Courier Behavior,Excellent and fast service
FDB003564,SHP001855,CUST01549,2025-05-23,4,Package Handling,Good delivery experience
FDB003565,SHP001068,CUST00211,2025-03-06,3,Package Handling,Average service
FDB003566,SHP002649,CUST04100,2025-09-12,3,Customer Support,Average service
FDB003567,SHP004684,CUST00453,2025-12-30,2,Overall Service,Delivery was slower than expected
FDB003568,SHP003448,CUST00543,2025-07-21,3,Overall Service,Average service
FDB003569,SHP001276,CUST04233,2025-05-05,1,Courier Behavior,Very poor experience
FDB003570,SHP001648,CUST04564,2025-12-22,2,Customer Support,Delivery was slower than expected
FDB003571,SHP002278,CUST04309,2025-05-21,4,Delivery Speed,Good delivery experience
FDB003572,SHP004788,CUST01130,2025-12-28,3,Overall Service,Average service
FDB003573,SHP001777,CUST01283,2025-11-21,4,Package Handling,Good delivery experience
FDB003574,SHP000329,CUST03735,2025-10-22,5,Delivery Speed,Excellent and fast service
FDB003575,SHP000522,CUST02434,2025-05-09,4,Delivery Speed,Good delivery experience
FDB003576,SHP002913,CUST04311,2025-12-07,5,Courier Behavior,Excellent and fast service
FDB003577,SHP004333,CUST02062,2025-06-05,1,Package Handling,Very poor experience
FDB003578,SHP002030,CUST03717,2025-07-01,4,Overall Service,Good delivery experience
FDB003579,SHP001146,CUST00376,2025-02-09,4,Overall Service,Good delivery experience
FDB003580,SHP002196,CUST00039,2025-04-24,5,Courier Behavior,Excellent and fast service
FDB003581,SHP003533,CUST03134,2025-07-04,4,Package Handling,Good delivery experience
FDB003582,SHP003891,CUST03374,2025-10-13,4,Courier Behavior,Good delivery experience
FDB003583,SHP001720,CUST04187,2025-01-07,4,Delivery Speed,Good delivery experience
FDB003584,SHP002607,CUST00740,2025-11-25,5,Courier Behavior,Excellent and fast service
FDB003585,SHP000286,CUST02419,2025-01-03,3,Customer Support,Average service
FDB003586,SHP004283,CUST04411,2025-05-21,4,Courier Behavior,Good delivery experience
FDB003587,SHP004903,CUST02882,2025-05-25,5,Package Handling,Excellent and fast service
FDB003588,SHP002527,CUST01975,2025-12-08,4,Overall Service,Good delivery experience
FDB003589,SHP004361,CUST04796,2025-02-16,3,Customer Support,Average service
FDB003590,SHP001067,CUST03333,2025-10-04,4,Courier Behavior,Good delivery experience
FDB003591,SHP002587,CUST04849,2025-10-28,4,Courier Behavior,Good delivery experience
FDB003592,SHP003167,CUST01693,2025-03-16,3,Package Handling,Average service
FDB003593,SHP003850,CUST01095,2025-10-08,3,Courier Behavior,Average service
FDB003594,SHP001633,CUST01203,2025-06-17,1,Package Handling,Very poor experience
FDB003595,SHP002369,CUST00630,2025-03-19,2,Package Handling,Delivery was slower than expected
FDB003596,SHP004624,CUST00874,2025-10-10,2,Delivery Speed,Delivery was slower than expected
FDB003597,SHP001763,CUST02324,2025-04-20,4,Package Handling,Good delivery experience
FDB003598,SHP002555,CUST04204,2025-12-19,3,Overall Service,Average service
FDB003599,SHP002691,CUST02535,2025-05-21,3,Courier Behavior,Average service
FDB003600,SHP002010,CUST01319,2025-06-03,4,Courier Behavior,Good delivery experience
FDB003601,SHP001112,CUST03393,2025-04-01,4,Delivery Speed,Good delivery experience
FDB003602,SHP000891,CUST01773,2025-11-30,3,Delivery Speed,Average service
FDB003603,SHP003696,CUST03696,2025-03-09,5,Overall Service,Excellent and fast service
FDB003604,SHP000934,CUST04121,2025-05-24,2,Overall Service,Delivery was slower than expected
FDB003605,SHP003784,CUST04140,2025-10-01,5,Package Handling,Excellent and fast service
FDB003606,SHP000566,CUST00645,2025-05-10,3,Overall Service,Average service
FDB003607,SHP001136,CUST00493,2025-10-20,4,Package Handling,Good delivery experience
FDB003608,SHP002611,CUST03331,2025-04-27,5,Courier Behavior,Excellent and fast service
FDB003609,SHP002607,CUST00684,2025-11-04,4,Courier Behavior,Good delivery experience
FDB003610,SHP001335,CUST01310,2025-06-18,5,Overall Service,Excellent and fast service
FDB003611,SHP004496,CUST03648,2025-11-06,2,Overall Service,Delivery was slower than expected
FDB003612,SHP000104,CUST02734,2025-02-01,4,Courier Behavior,Good delivery experience
FDB003613,SHP001510,CUST01804,2025-04-02,5,Overall Service,Excellent and fast service
FDB003614,SHP002432,CUST02539,2025-08-28,5,Customer Support,Excellent and fast service
FDB003615,SHP001990,CUST01255,2025-11-09,4,Courier Behavior,Good delivery experience
FDB003616,SHP003893,CUST04636,2025-03-21,5,Courier Behavior,Excellent and fast service
FDB003617,SHP001225,CUST00137,2025-01-06,4,Courier Behavior,Good delivery experience
FDB003618,SHP001641,CUST02826,2025-05-18,1,Package Handling,Very poor experience
FDB003619,SHP001608,CUST02733,2025-03-11,3,Customer Support,Average service
FDB003620,SHP003232,CUST04105,2025-09-25,5,Delivery Speed,Excellent and fast service
FDB003621,SHP003162,CUST03927,2025-01-26,3,Overall Service,Average service
FDB003622,SHP004199,CUST02281,2025-09-01,1,Overall Service,Very poor experience
FDB003623,SHP002591,CUST03484,2025-08-25,4,Customer Support,Good delivery experience
FDB003624,SHP002207,CUST01147,2025-04-20,4,Customer Support,Good delivery experience
FDB003625,SHP004292,CUST02323,2025-10-31,4,Courier Behavior,Good delivery experience
FDB003626,SHP004579,CUST02030,2025-02-24,5,Delivery Speed,Excellent and fast service
FDB003627,SHP000788,CUST04579,2025-11-04,5,Courier Behavior,Excellent and fast service
FDB003628,SHP001751,CUST04308,2025-05-29,5,Courier Behavior,Excellent and fast service
FDB003629,SHP004965,CUST02238,2025-06-04,2,Delivery Speed,Delivery was slower than expected
FDB003630,SHP001179,CUST00638,2025-05-06,5,Courier Behavior,Excellent and fast service
FDB003631,SHP002443,CUST01060,2025-11-20,5,Package Handling,Excellent and fast service
FDB003632,SHP004200,CUST02945,2025-12-02,5,Overall Service,Excellent and fast service
FDB003633,SHP001283,CUST02182,2025-03-01,3,Customer Support,Average service
FDB003634,SHP003473,CUST02097,2025-04-15,5,Package Handling,Excellent and fast service
FDB003635,SHP002645,CUST02185,2025-05-11,3,Courier Behavior,Average service
FDB003636,SHP002422,CUST01347,2025-06-19,4,Delivery Speed,Good delivery experience
FDB003637,SHP000315,CUST04064,2025-08-08,4,Package Handling,Good delivery experience
FDB003638,SHP003742,CUST01323,2025-12-11,4,Customer Support,Good delivery experience
FDB003639,SHP001855,CUST02091,2025-03-05,3,Customer Support,Average service
FDB003640,SHP000420,CUST04955,2025-04-26,4,Package Handling,Good delivery experience
FDB003641,SHP002595,CUST02561,2025-09-21,4,Overall Service,Good delivery experience
FDB003642,SHP000933,CUST02305,2025-12-30,2,Courier Behavior,Delivery was slower than expected
FDB003643,SHP001247,CUST00617,2025-02-12,4,Package Handling,Good delivery experience
FDB003644,SHP003575,CUST04912,2025-06-11,4,Delivery Speed,Good delivery experience
FDB003645,SHP002496,CUST01223,2025-03-25,4,Package Handling,Good delivery experience
FDB003646,SHP003665,CUST02872,2025-10-28,5,Package Handling,Excellent and fast service
FDB003647,SHP004256,CUST04257,2025-09-15,4,Delivery Speed,Good delivery experience
FDB003648,SHP004510,CUST02068,2025-05-04,4,Delivery Speed,Good delivery experience
FDB003649,SHP004531,CUST00777,2025-04-04,4,Package Handling,Good delivery experience
FDB003650,SHP003191,CUST03935,2025-07-09,5,Overall Service,Excellent and fast service
FDB003651,SHP004914,CUST00021,2025-09-11,4,Overall Service,Good delivery experience
FDB003652,SHP003789,CUST02357,2025-11-09,3,Overall Service,Average service
FDB003653,SHP001391,CUST03727,2025-01-06,4,Courier Behavior,Good delivery experience
FDB003654,SHP004112,CUST00582,2025-02-20,3,Courier Behavior,Average service
FDB003655,SHP000792,CUST02369,2025-05-04,5,Package Handling,Excellent and fast service
FDB003656,SHP004993,CUST03595,2025-08-23,2,Package Handling,Delivery was slower than expected
FDB003657,SHP000450,CUST00001,2025-05-31,2,Courier Behavior,Delivery was slower than expected
FDB003658,SHP004856,CUST04960,2025-06-12,3,Customer Support,Average service
FDB003659,SHP004105,CUST04118,2025-03-24,2,Customer Support,Delivery was slower than expected
FDB003660,SHP000455,CUST02451,2025-05-28,3,Overall Service,Average service
FDB003661,SHP003539,CUST04329,2025-07-28,4,Delivery Speed,Good delivery experience
FDB003662,SHP003990,CUST02899,2025-02-16,2,Customer Support,Delivery was slower than expected
FDB003663,SHP000598,CUST04589,2025-01-06,5,Delivery Speed,Excellent and fast service
FDB003664,SHP003162,CUST00404,2025-09-02,5,Customer Support,Excellent and fast service
FDB003665,SHP001055,CUST02026,2025-03-16,5,Delivery Speed,Excellent and fast service
FDB003666,SHP001538,CUST04298,2025-11-29,4,Package Handling,Good delivery experience
FDB003667,SHP003981,CUST02414,2025-01-08,4,Courier Behavior,Good delivery experience
FDB003668,SHP004013,CUST01721,2025-08-04,5,Courier Behavior,Excellent and fast service
FDB003669,SHP000419,CUST04772,2025-09-21,4,Delivery Speed,Good delivery experience
FDB003670,SHP000159,CUST03709,2025-10-29,5,Package Handling,Excellent and fast service
FDB003671,SHP001278,CUST04230,2025-03-29,5,Courier Behavior,Excellent and fast service
FDB003672,SHP003956,CUST01901,2025-07-04,4,Courier Behavior,Good delivery experience
FDB003673,SHP002283,CUST00760,2025-04-02,3,Overall Service,Average service
FDB003674,SHP000274,CUST04990,2025-01-20,4,Customer Support,Good delivery experience
FDB003675,SHP002585,CUST01092,2025-11-21,3,Package Handling,Average service
FDB003676,SHP003926,CUST03323,2025-08-06,5,Delivery Speed,Excellent and fast service
FDB003677,SHP004965,CUST04650,2025-04-16,3,Package Handling,Average service
FDB003678,SHP004278,CUST03003,2025-03-07,4,Package Handling,Good delivery experience
FDB003679,SHP002804,CUST02229,2025-04-11,3,Overall Service,Average service
FDB003680,SHP003221,CUST04610,2025-08-07,2,Overall Service,Delivery was slower than expected
FDB003681,SHP000909,CUST04327,2025-04-23,4,Package Handling,Good delivery experience
FDB003682,SHP002023,CUST02840,2025-07-30,3,Package Handling,Average service
FDB003683,SHP002846,CUST02925,2025-07-12,4,Package Handling,Good delivery experience
FDB003684,SHP003851,CUST03150,2025-01-09,5,Customer Support,Excellent and fast service
FDB003685,SHP004616,CUST01595,2025-12-29,3,Overall Service,Average service
FDB003686,SHP000536,CUST01428,2025-08-24,5,Delivery Speed,Excellent and fast service
FDB003687,SHP003567,CUST02318,2025-12-14,1,Package Handling,Very poor experience
FDB003688,SHP001882,CUST00942,2025-06-16,5,Package Handling,Excellent and fast service
FDB003689,SHP004318,CUST00062,2025-02-09,4,Delivery Speed,Good delivery experience
FDB003690,SHP004921,CUST04208,2025-02-13,5,Delivery Speed,Excellent and fast service
FDB003691,SHP000571,CUST04924,2025-01-03,4,Customer Support,Good delivery experience
FDB003692,SHP004283,CUST00646,2025-10-06,5,Overall Service,Excellent and fast service
FDB003693,SHP004188,CUST02152,2025-10-26,3,Package Handling,Average service
FDB003694,SHP002486,CUST04572,2025-07-24,2,Delivery Speed,Delivery was slower than expected
FDB003695,SHP002822,CUST00976,2025-05-10,1,Courier Behavior,Very poor experience
FDB003696,SHP002919,CUST03315,2025-09-11,1,Customer Support,Very poor experience
FDB003697,SHP004566,CUST04302,2025-04-17,1,Overall Service,Very poor experience
FDB003698,SHP003857,CUST03347,2025-11-24,5,Overall Service,Excellent and fast service
FDB003699,SHP000292,CUST04052,2025-03-14,5,Delivery Speed,Excellent and fast service
FDB003700,SHP002033,CUST03678,2025-07-25,4,Package Handling,Good delivery experience
FDB003701,SHP004489,CUST00601,2025-05-29,5,Courier Behavior,Excellent and fast service
FDB003702,SHP004101,CUST04088,2025-08-05,4,Courier Behavior,Good delivery experience
FDB003703,SHP003196,CUST00731,2025-03-20,3,Courier Behavior,Average service
FDB003704,SHP000502,CUST03767,2025-09-14,2,Customer Support,Delivery was slower than expected
FDB003705,SHP000007,CUST00239,2025-08-09,5,Delivery Speed,Excellent and fast service
FDB003706,SHP001090,CUST04130,2025-05-19,5,Delivery Speed,Excellent and fast service
FDB003707,SHP001785,CUST00965,2025-08-03,5,Delivery Speed,Excellent and fast service
FDB003708,SHP000022,CUST02965,2025-03-26,3,Customer Support,Average service
FDB003709,SHP000536,CUST00972,2025-01-25,5,Courier Behavior,Excellent and fast service
FDB003710,SHP001537,CUST02808,2025-06-04,1,Package Handling,Very poor experience
FDB003711,SHP004171,CUST02764,2025-08-08,4,Overall Service,Good delivery experience
FDB003712,SHP003208,CUST02125,2025-12-28,5,Overall Service,Excellent and fast service
FDB003713,SHP002182,CUST00879,2025-12-12,4,Courier Behavior,Good delivery experience
FDB003714,SHP002485,CUST02408,2025-04-15,4,Overall Service,Good delivery experience
FDB003715,SHP000392,CUST04190,2025-09-15,4,Customer Support,Good delivery experience
FDB003716,SHP002105,CUST00496,2025-12-18,3,Customer Support,Average service
FDB003717,SHP002922,CUST00143,2025-05-12,4,Courier Behavior,Good delivery experience
FDB003718,SHP002664,CUST01936,2025-09-08,3,Package Handling,Average service
FDB003719,SHP003764,CUST01647,2025-11-06,4,Package Handling,Good delivery experience
FDB003720,SHP000089,CUST04042,2025-09-04,1,Courier Behavior,Very poor experience
FDB003721,SHP002231,CUST02806,2025-11-03,4,Courier Behavior,Good delivery experience
FDB003722,SHP003843,CUST02804,2025-11-22,5,Courier Behavior,Excellent and fast service
FDB003723,SHP000695,CUST01733,2025-03-18,4,Customer Support,Good delivery experience
FDB003724,SHP000360,CUST02772,2025-10-12,4,Courier Behavior,Good delivery experience
FDB003725,SHP003654,CUST02058,2025-10-16,5,Delivery Speed,Excellent and fast service
FDB003726,SHP000880,CUST01185,2025-04-03,5,Overall Service,Excellent and fast service
FDB003727,SHP004414,CUST04430,2025-07-24,4,Courier Behavior,Good delivery experience
FDB003728,SHP004714,CUST03746,2025-02-27,5,Courier Behavior,Excellent and fast service
FDB003729,SHP003190,CUST00261,2025-11-15,5,Package Handling,Excellent and fast service
FDB003730,SHP003713,CUST04803,2025-07-30,5,Customer Support,Excellent and fast service
FDB003731,SHP004760,CUST04300,2025-05-15,2,Customer Support,Delivery was slower than expected
FDB003732,SHP003757,CUST01011,2025-04-18,5,Package Handling,Excellent and fast service
FDB003733,SHP004032,CUST03395,2025-08-25,4,Overall Service,Good delivery experience
FDB003734,SHP003008,CUST03284,2025-05-10,2,Delivery Speed,Delivery was slower than expected
FDB003735,SHP003236,CUST02420,2025-12-07,5,Courier Behavior,Excellent and fast service
FDB003736,SHP002390,CUST04474,2025-10-16,5,Overall Service,Excellent and fast service
FDB003737,SHP000066,CUST01539,2025-05-23,5,Package Handling,Excellent and fast service
FDB003738,SHP004133,CUST00413,2025-02-02,3,Package Handling,Average service
FDB003739,SHP003916,CUST04845,2025-07-22,3,Customer Support,Average service
FDB003740,SHP004773,CUST03086,2025-11-12,5,Delivery Speed,Excellent and fast service
FDB003741,SHP004088,CUST02926,2025-07-13,3,Overall Service,Average service
FDB003742,SHP000426,CUST04760,2025-06-01,5,Delivery Speed,Excellent and fast service
FDB003743,SHP003350,CUST01273,2025-10-06,5,Customer Support,Excellent and fast service
FDB003744,SHP000774,CUST01103,2025-08-27,4,Delivery Speed,Good delivery experience
FDB003745,SHP000240,CUST03523,2025-12-25,5,Delivery Speed,Excellent and fast service
FDB003746,SHP002183,CUST04785,2025-05-02,4,Customer Support,Good delivery experience
FDB003747,SHP002662,CUST00799,2025-06-18,4,Overall Service,Good delivery experience
FDB003748,SHP004223,CUST01701,2025-07-01,4,Package Handling,Good delivery experience
FDB003749,SHP002348,CUST02612,2025-07-15,3,Package Handling,Average service
FDB003750,SHP001110,CUST04551,2025-07-04,4,Delivery Speed,Good delivery experience
FDB003751,SHP000313,CUST01824,2025-02-12,5,Courier Behavior,Excellent and fast service
FDB003752,SHP003166,CUST02854,2025-06-09,4,Courier Behavior,Good delivery experience
FDB003753,SHP000402,CUST03745,2025-07-13,4,Overall Service,Good delivery experience
FDB003754,SHP004071,CUST01313,2025-09-04,5,Overall Service,Excellent and fast service
FDB003755,SHP000292,CUST01180,2025-04-12,1,Customer Support,Very poor experience
FDB003756,SHP002896,CUST03653,2025-01-26,4,Package Handling,Good delivery experience
FDB003757,SHP002079,CUST02924,2025-11-20,2,Package Handling,Delivery was slower than expected
FDB003758,SHP000271,CUST01254,2025-05-28,4,Courier Behavior,Good delivery experience
FDB003759,SHP004905,CUST03775,2025-10-02,5,Overall Service,Excellent and fast service
FDB003760,SHP004967,CUST04999,2025-03-10,4,Delivery Speed,Good delivery experience
FDB003761,SHP000821,CUST02014,2025-12-11,3,Courier Behavior,Average service
FDB003762,SHP002725,CUST04522,2025-09-22,4,Customer Support,Good delivery experience
FDB003763,SHP003465,CUST03899,2025-03-26,3,Delivery Speed,Average service
FDB003764,SHP003857,CUST03342,2025-09-27,4,Overall Service,Good delivery experience
FDB003765,SHP001081,CUST00573,2025-07-26,1,Package Handling,Very poor experience
FDB003766,SHP001942,CUST03253,2025-06-14,5,Delivery Speed,Excellent and fast service
FDB003767,SHP001561,CUST02941,2025-12-19,5,Overall Service,Excellent and fast service
FDB003768,SHP002995,CUST03207,2025-01-23,5,Delivery Speed,Excellent and fast service
FDB003769,SHP000122,CUST04309,2025-10-06,4,Overall Service,Good delivery experience
FDB003770,SHP002063,CUST04983,2025-12-19,4,Courier Behavior,Good delivery experience
FDB003771,SHP001772,CUST01195,2025-01-28,5,Delivery Speed,Excellent and fast service
FDB003772,SHP001983,CUST01694,2025-11-20,5,Package Handling,Excellent and fast service
FDB003773,SHP004920,CUST00678,2025-02-12,4,Delivery Speed,Good delivery experience
FDB003774,SHP004634,CUST01881,2025-06-14,3,Customer Support,Average service
FDB003775,SHP002345,CUST04732,2025-03-20,4,Customer Support,Good delivery experience
FDB003776,SHP004106,CUST02048,2025-05-21,5,Courier Behavior,Excellent and fast service
FDB003777,SHP001325,CUST03351,2025-07-22,5,Customer Support,Excellent and fast service
FDB003778,SHP004225,CUST04663,2025-07-29,4,Courier Behavior,Good delivery experience
FDB003779,SHP001785,CUST02978,2025-01-24,5,Delivery Speed,Excellent and fast service
FDB003780,SHP002604,CUST03359,2025-04-21,4,Courier Behavior,Good delivery experience
FDB003781,SHP004650,CUST03602,2025-02-11,5,Package Handling,Excellent and fast service
FDB003782,SHP001333,CUST02656,2025-05-11,4,Overall Service,Good delivery experience
FDB003783,SHP003262,CUST03442,2025-02-20,4,Customer Support,Good delivery experience
FDB003784,SHP001533,CUST01606,2025-11-24,2,Customer Support,Delivery was slower than expected
FDB003785,SHP001961,CUST00834,2025-09-05,4,Delivery Speed,Good delivery experience
FDB003786,SHP003257,CUST00485,2025-09-06,2,Courier Behavior,Delivery was slower than expected
FDB003787,SHP000300,CUST03613,2025-01-19,4,Package Handling,Good delivery experience
FDB003788,SHP004612,CUST04657,2025-12-06,4,Customer Support,Good delivery experience
FDB003789,SHP004120,CUST03821,2025-03-03,4,Delivery Speed,Good delivery experience
FDB003790,SHP000265,CUST01417,2025-11-11,5,Customer Support,Excellent and fast service
FDB003791,SHP000503,CUST02576,2025-01-07,4,Package Handling,Good delivery experience
FDB003792,SHP004390,CUST04970,2025-07-11,2,Overall Service,Delivery was slower than expected
FDB003793,SHP004606,CUST03396,2025-07-08,4,Overall Service,Good delivery experience
FDB003794,SHP002468,CUST02686,2025-03-24,5,Courier Behavior,Excellent and fast service
FDB003795,SHP001757,CUST04829,2025-12-21,4,Courier Behavior,Good delivery experience
FDB003796,SHP000158,CUST03305,2025-04-13,3,Overall Service,Average service
FDB003797,SHP001857,CUST01066,2025-06-12,5,Delivery Speed,Excellent and fast service
FDB003798,SHP004819,CUST03064,2025-08-21,3,Package Handling,Average service
FDB003799,SHP004662,CUST02580,2025-06-13,4,Courier Behavior,Good delivery experience
FDB003800,SHP002812,CUST02958,2025-10-03,1,Delivery Speed,Very poor experience
FDB003801,SHP000394,CUST04428,2025-01-05,1,Delivery Speed,Very poor experience
FDB003802,SHP000165,CUST03348,2025-02-14,4,Customer Support,Good delivery experience
FDB003803,SHP003426,CUST02297,2025-04-04,4,Delivery Speed,Good delivery experience
FDB003804,SHP001555,CUST02817,2025-01-17,5,Delivery Speed,Excellent and fast service
FDB003805,SHP003870,CUST04708,2025-07-03,5,Delivery Speed,Excellent and fast service
FDB003806,SHP004542,CUST00584,2025-05-08,4,Package Handling,Good delivery experience
FDB003807,SHP003485,CUST01446,2025-11-11,3,Package Handling,Average service
FDB003808,SHP001168,CUST04609,2025-12-03,4,Overall Service,Good delivery experience
FDB003809,SHP001321,CUST03263,2025-08-27,4,Overall Service,Good delivery experience
FDB003810,SHP001971,CUST03507,2025-09-25,5,Overall Service,Excellent and fast service
FDB003811,SHP000506,CUST02686,2025-05-27,5,Customer Support,Excellent and fast service
FDB003812,SHP003767,CUST00415,2025-11-15,4,Courier Behavior,Good delivery experience
FDB003813,SHP002964,CUST01914,2025-08-03,4,Overall Service,Good delivery experience
FDB003814,SHP004460,CUST04878,2025-01-11,3,Delivery Speed,Average service
FDB003815,SHP002280,CUST02586,2025-10-19,4,Package Handling,Good delivery experience
FDB003816,SHP002074,CUST04707,2025-10-25,4,Overall Service,Good delivery experience
FDB003817,SHP000346,CUST00227,2025-01-04,4,Package Handling,Good delivery experience
FDB003818,SHP003794,CUST00060,2025-04-02,5,Package Handling,Excellent and fast service
FDB003819,SHP002869,CUST04159,2025-10-11,5,Package Handling,Excellent and fast service
FDB003820,SHP001723,CUST00210,2025-08-31,4,Customer Support,Good delivery experience
FDB003821,SHP001476,CUST00512,2025-09-22,4,Delivery Speed,Good delivery experience
FDB003822,SHP003902,CUST00910,2025-06-21,4,Overall Service,Good delivery experience
FDB003823,SHP002636,CUST02821,2025-05-10,4,Package Handling,Good delivery experience
FDB003824,SHP000300,CUST02849,2025-09-08,4,Overall Service,Good delivery experience
FDB003825,SHP000888,CUST01275,2025-04-05,4,Customer Support,Good delivery experience
FDB003826,SHP000083,CUST01978,2025-08-16,4,Delivery Speed,Good delivery experience
FDB003827,SHP000090,CUST00178,2025-05-18,5,Package Handling,Excellent and fast service
FDB003828,SHP000404,CUST01743,2025-11-25,5,Package Handling,Excellent and fast service
FDB003829,SHP003243,CUST01636,2025-06-03,4,Courier Behavior,Good delivery experience
FDB003830,SHP000093,CUST03520,2025-12-06,4,Overall Service,Good delivery experience
FDB003831,SHP001461,CUST04909,2025-05-22,5,Customer Support,Excellent and fast service
FDB003832,SHP001155,CUST04150,2025-08-23,5,Courier Behavior,Excellent and fast service
FDB003833,SHP000506,CUST02637,2025-01-25,4,Overall Service,Good delivery experience
FDB003834,SHP004767,CUST04252,2025-09-03,5,Overall Service,Excellent and fast service
FDB003835,SHP002687,CUST01269,2025-07-16,3,Overall Service,Average service
FDB003836,SHP002715,CUST01253,2025-09-13,4,Delivery Speed,Good delivery experience
FDB003837,SHP004112,CUST01108,2025-09-09,5,Delivery Speed,Excellent and fast service
FDB003838,SHP001235,CUST04712,2025-04-30,5,Package Handling,Excellent and fast service
FDB003839,SHP003624,CUST02978,2025-09-11,4,Customer Support,Good delivery experience
FDB003840,SHP000866,CUST04305,2025-05-18,4,Customer Support,Good delivery experience
FDB003841,SHP001847,CUST02070,2025-03-22,5,Customer Support,Excellent and fast service
FDB003842,SHP001514,CUST03216,2025-07-27,4,Delivery Speed,Good delivery experience
FDB003843,SHP003197,CUST02806,2025-02-24,5,Delivery Speed,Excellent and fast service
FDB003844,SHP004684,CUST02961,2025-02-15,5,Courier Behavior,Excellent and fast service
FDB003845,SHP003406,CUST01734,2025-05-19,3,Overall Service,Average service
FDB003846,SHP000008,CUST02500,2025-05-26,4,Package Handling,Good delivery experience
FDB003847,SHP002048,CUST04353,2025-10-22,4,Overall Service,Good delivery experience
FDB003848,SHP001972,CUST04649,2025-10-29,4,Package Handling,Good delivery experience
FDB003849,SHP001550,CUST03501,2025-03-17,4,Delivery Speed,Good delivery experience
FDB003850,SHP000332,CUST04110,2025-08-30,4,Customer Support,Good delivery experience
FDB003851,SHP001610,CUST04612,2025-12-27,5,Courier Behavior,Excellent and fast service
FDB003852,SHP001831,CUST02280,2025-02-02,3,Package Handling,Average service
FDB003853,SHP000605,CUST02364,2025-10-05,4,Package Handling,Good delivery experience
FDB003854,SHP003930,CUST04994,2025-08-21,5,Courier Behavior,Excellent and fast service
FDB003855,SHP002874,CUST04717,2025-06-07,5,Courier Behavior,Excellent and fast service
FDB003856,SHP001597,CUST04952,2025-08-26,4,Overall Service,Good delivery experience
FDB003857,SHP002233,CUST02059,2025-10-20,5,Courier Behavior,Excellent and fast service
FDB003858,SHP001479,CUST02009,2025-06-17,4,Overall Service,Good delivery experience
FDB003859,SHP002993,CUST02075,2025-05-24,4,Delivery Speed,Good delivery experience
FDB003860,SHP000813,CUST03996,2025-06-02,2,Courier Behavior,Delivery was slower than expected
FDB003861,SHP003201,CUST00044,2025-11-06,4,Overall Service,Good delivery experience
FDB003862,SHP002198,CUST04359,2025-05-01,4,Delivery Speed,Good delivery experience
FDB003863,SHP000329,CUST04404,2025-02-12,5,Overall Service,Excellent and fast service
FDB003864,SHP001326,CUST04838,2025-08-12,4,Courier Behavior,Good delivery experience
FDB003865,SHP001824,CUST01531,2025-06-21,3,Customer Support,Average service
FDB003866,SHP001438,CUST01503,2025-02-20,5,Customer Support,Excellent and fast service
FDB003867,SHP002272,CUST01396,2025-01-20,5,Package Handling,Excellent and fast service
FDB003868,SHP000658,CUST04752,2025-01-08,5,Package Handling,Excellent and fast service
FDB003869,SHP000356,CUST04573,2025-08-21,3,Customer Support,Average service
FDB003870,SHP001360,CUST01333,2025-05-07,2,Customer Support,Delivery was slower than expected
FDB003871,SHP003166,CUST02110,2025-10-12,5,Courier Behavior,Excellent and fast service
FDB003872,SHP000843,CUST00103,2025-04-12,4,Overall Service,Good delivery experience
FDB003873,SHP000206,CUST03926,2025-05-14,5,Package Handling,Excellent and fast service
FDB003874,SHP001505,CUST00617,2025-11-14,5,Package Handling,Excellent and fast service
FDB003875,SHP001804,CUST00719,2025-10-26,4,Package Handling,Good delivery experience
FDB003876,SHP003064,CUST01183,2025-07-17,4,Package Handling,Good delivery experience
FDB003877,SHP002826,CUST03937,2025-09-01,4,Delivery Speed,Good delivery experience
FDB003878,SHP002845,CUST01677,2025-11-22,3,Customer Support,Average service
FDB003879,SHP003140,CUST03664,2025-09-11,4,Customer Support,Good delivery experience
FDB003880,SHP000995,CUST01322,2025-05-23,4,Courier Behavior,Good delivery experience
FDB003881,SHP001672,CUST00527,2025-09-24,5,Overall Service,Excellent and fast service
FDB003882,SHP000157,CUST04973,2025-01-12,4,Courier Behavior,Good delivery experience
FDB003883,SHP004925,CUST00222,2025-09-21,5,Delivery Speed,Excellent and fast service
FDB003884,SHP001516,CUST04982,2025-04-29,5,Customer Support,Excellent and fast service
FDB003885,SHP001027,CUST03678,2025-12-19,4,Customer Support,Good delivery experience
FDB003886,SHP001033,CUST03321,2025-05-18,5,Customer Support,Excellent and fast service
FDB003887,SHP002296,CUST04129,2025-03-16,3,Overall Service,Average service
FDB003888,SHP002330,CUST01637,2025-10-08,4,Delivery Speed,Good delivery experience
FDB003889,SHP004245,CUST00389,2025-09-12,4,Delivery Speed,Good delivery experience
FDB003890,SHP001484,CUST04790,2025-12-23,3,Overall Service,Average service
FDB003891,SHP000576,CUST02785,2025-04-20,4,Overall Service,Good delivery experience
FDB003892,SHP003106,CUST02442,2025-10-17,3,Courier Behavior,Average service
FDB003893,SHP000811,CUST00207,2025-07-06,1,Package Handling,Very poor experience
FDB003894,SHP001265,CUST02959,2025-04-18,4,Delivery Speed,Good delivery experience
FDB003895,SHP003635,CUST01170,2025-08-01,3,Overall Service,Average service
FDB003896,SHP002043,CUST02328,2025-09-14,4,Courier Behavior,Good delivery experience
FDB003897,SHP000098,CUST04343,2025-03-28,3,Delivery Speed,Average service
FDB003898,SHP000432,CUST00560,2025-12-16,1,Customer Support,Very poor experience
FDB003899,SHP004015,CUST02143,2025-12-10,5,Overall Service,Excellent and fast service
FDB003900,SHP002401,CUST00210,2025-03-03,5,Overall Service,Excellent and fast service
FDB003901,SHP000128,CUST01234,2025-01-15,4,Overall Service,Good delivery experience
FDB003902,SHP000539,CUST00668,2025-05-25,4,Package Handling,Good delivery experience
FDB003903,SHP004651,CUST00555,2025-01-11,2,Customer Support,Delivery was slower than expected
FDB003904,SHP002174,CUST04504,2025-09-04,5,Overall Service,Excellent and fast service
FDB003905,SHP003316,CUST04991,2025-10-09,2,Courier Behavior,Delivery was slower than expected
FDB003906,SHP002184,CUST03047,2025-11-18,4,Delivery Speed,Good delivery experience
FDB003907,SHP003589,CUST00695,2025-08-22,3,Package Handling,Average service
FDB003908,SHP001321,CUST00480,2025-04-14,1,Courier Behavior,Very poor experience
FDB003909,SHP000375,CUST01456,2025-06-03,4,Courier Behavior,Good delivery experience
FDB003910,SHP001136,CUST03844,2025-01-21,5,Customer Support,Excellent and fast service
FDB003911,SHP002610,CUST02619,2025-12-27,2,Package Handling,Delivery was slower than expected
FDB003912,SHP000829,CUST03288,2025-10-10,5,Courier Behavior,Excellent and fast service
FDB003913,SHP003601,CUST01424,2025-09-05,4,Overall Service,Good delivery experience
FDB003914,SHP003906,CUST03169,2025-04-17,4,Overall Service,Good delivery experience
FDB003915,SHP000012,CUST00550,2025-06-04,4,Package Handling,Good delivery experience
FDB003916,SHP004870,CUST03589,2025-08-21,5,Courier Behavior,Excellent and fast service
FDB003917,SHP001656,CUST02098,2025-05-27,5,Courier Behavior,Excellent and fast service
FDB003918,SHP003516,CUST02786,2025-05-23,4,Customer Support,Good delivery experience
FDB003919,SHP004884,CUST03724,2025-02-16,5,Overall Service,Excellent and fast service
FDB003920,SHP004991,CUST00515,2025-04-20,5,Delivery Speed,Excellent and fast service
FDB003921,SHP003398,CUST03370,2025-11-19,4,Delivery Speed,Good delivery experience
FDB003922,SHP001690,CUST01766,2025-05-24,4,Delivery Speed,Good delivery experience
FDB003923,SHP004774,CUST01455,2025-02-15,5,Overall Service,Excellent and fast service
FDB003924,SHP004431,CUST01314,2025-12-11,3,Courier Behavior,Average service
FDB003925,SHP001699,CUST03711,2025-11-05,3,Overall Service,Average service
FDB003926,SHP003610,CUST04539,2025-06-03,4,Customer Support,Good delivery experience
FDB003927,SHP001380,CUST02280,2025-05-07,1,Delivery Speed,Very poor experience
FDB003928,SHP004136,CUST01070,2025-02-27,4,Overall Service,Good delivery experience
FDB003929,SHP000718,CUST03229,2025-10-05,5,Delivery Speed,Excellent and fast service
FDB003930,SHP001686,CUST02903,2025-10-18,2,Package Handling,Delivery was slower than expected
FDB003931,SHP003239,CUST01451,2025-09-17,5,Package Handling,Excellent and fast service
FDB003932,SHP000050,CUST03106,2025-06-29,4,Package Handling,Good delivery experience
FDB003933,SHP004700,CUST04871,2025-04-27,4,Courier Behavior,Good delivery experience
FDB003934,SHP004809,CUST03285,2025-11-18,5,Delivery Speed,Excellent and fast service
FDB003935,SHP003554,CUST02630,2025-04-19,5,Delivery Speed,Excellent and fast service
FDB003936,SHP000765,CUST03132,2025-04-02,4,Overall Service,Good delivery experience
FDB003937,SHP004751,CUST04979,2025-11-06,4,Courier Behavior,Good delivery experience
FDB003938,SHP001872,CUST02136,2025-11-04,3,Package Handling,Average service
FDB003939,SHP002201,CUST01415,2025-03-09,5,Package Handling,Excellent and fast service
FDB003940,SHP002598,CUST04856,2025-06-06,3,Overall Service,Average service
FDB003941,SHP002707,CUST04469,2025-04-06,5,Delivery Speed,Excellent and fast service
FDB003942,SHP004828,CUST00756,2025-07-26,2,Customer Support,Delivery was slower than expected
FDB003943,SHP003278,CUST03934,2025-06-08,4,Package Handling,Good delivery experience
FDB003944,SHP000042,CUST01946,2025-09-15,2,Package Handling,Delivery was slower than expected
FDB003945,SHP003320,CUST04041,2025-04-05,5,Courier Behavior,Excellent and fast service
FDB003946,SHP001881,CUST02239,2025-12-23,5,Courier Behavior,Excellent and fast service
FDB003947,SHP004670,CUST03737,2025-08-26,5,Customer Support,Excellent and fast service
FDB003948,SHP003834,CUST03185,2025-10-08,4,Delivery Speed,Good delivery experience
FDB003949,SHP003558,CUST00719,2025-07-18,2,Courier Behavior,Delivery was slower than expected
FDB003950,SHP001905,CUST04910,2025-01-21,4,Courier Behavior,Good delivery experience
FDB003951,SHP002538,CUST02872,2025-06-19,3,Package Handling,Average service
FDB003952,SHP000804,CUST02939,2025-11-10,2,Customer Support,Delivery was slower than expected
FDB003953,SHP002749,CUST00872,2025-08-02,3,Customer Support,Average service
FDB003954,SHP004988,CUST02692,2025-03-16,3,Courier Behavior,Average service
FDB003955,SHP001990,CUST03692,2025-01-31,4,Courier Behavior,Good delivery experience
FDB003956,SHP004999,CUST04784,2025-08-30,5,Package Handling,Excellent and fast service
FDB003957,SHP002345,CUST01783,2025-06-17,5,Package Handling,Excellent and fast service
FDB003958,SHP001942,CUST03875,2025-12-01,5,Package Handling,Excellent and fast service
FDB003959,SHP001574,CUST02349,2025-07-27,5,Delivery Speed,Excellent and fast service
FDB003960,SHP003792,CUST00096,2025-01-04,2,Overall Service,Delivery was slower than expected
FDB003961,SHP004471,CUST02076,2025-07-06,5,Package Handling,Excellent and fast service
FDB003962,SHP000480,CUST03907,2025-03-17,5,Delivery Speed,Excellent and fast service
FDB003963,SHP000814,CUST04107,2025-04-05,5,Delivery Speed,Excellent and fast service
FDB003964,SHP002093,CUST02171,2025-12-28,5,Courier Behavior,Excellent and fast service
FDB003965,SHP001329,CUST04445,2025-09-23,2,Courier Behavior,Delivery was slower than expected
FDB003966,SHP004130,CUST02443,2025-10-26,2,Package Handling,Delivery was slower than expected
FDB003967,SHP000157,CUST01033,2025-05-09,4,Courier Behavior,Good delivery experience
FDB003968,SHP002346,CUST01005,2025-09-14,3,Courier Behavior,Average service
FDB003969,SHP004173,CUST04031,2025-05-04,5,Overall Service,Excellent and fast service
FDB003970,SHP002931,CUST02133,2025-12-26,2,Courier Behavior,Delivery was slower than expected
FDB003971,SHP003438,CUST02679,2025-03-11,5,Customer Support,Excellent and fast service
FDB003972,SHP002650,CUST04597,2025-02-17,4,Overall Service,Good delivery experience
FDB003973,SHP004791,CUST03672,2025-09-19,4,Delivery Speed,Good delivery experience
FDB003974,SHP002752,CUST00287,2025-06-16,4,Package Handling,Good delivery experience
FDB003975,SHP004917,CUST00732,2025-04-18,3,Delivery Speed,Average service
FDB003976,SHP001654,CUST04637,2025-05-29,4,Courier Behavior,Good delivery experience
FDB003977,SHP000300,CUST02397,2025-09-19,4,Delivery Speed,Good delivery experience
FDB003978,SHP002780,CUST01739,2025-10-04,5,Overall Service,Excellent and fast service
FDB003979,SHP002027,CUST02761,2025-09-02,5,Customer Support,Excellent and fast service
FDB003980,SHP001663,CUST00331,2025-11-18,4,Package Handling,Good delivery experience
FDB003981,SHP001103,CUST00625,2025-09-29,4,Courier Behavior,Good delivery experience
FDB003982,SHP002474,CUST04529,2025-09-27,4,Package Handling,Good delivery experience
FDB003983,SHP002109,CUST01591,2025-07-08,5,Courier Behavior,Excellent and fast service
FDB003984,SHP004478,CUST02929,2025-01-10,4,Package Handling,Good delivery experience
FDB003985,SHP002294,CUST01129,2025-03-20,4,Delivery Speed,Good delivery experience
FDB003986,SHP001905,CUST02076,2025-03-20,5,Overall Service,Excellent and fast service
FDB003987,SHP000573,CUST00705,2025-01-28,5,Overall Service,Excellent and fast service
FDB003988,SHP003674,CUST01666,2025-09-25,5,Courier Behavior,Excellent and fast service
FDB003989,SHP002019,CUST00697,2025-03-18,3,Customer Support,Average service
FDB003990,SHP000785,CUST00845,2025-08-26,3,Overall Service,Average service
FDB003991,SHP003100,CUST01741,2025-10-14,4,Delivery Speed,Good delivery experience
FDB003992,SHP002202,CUST01245,2025-08-29,5,Courier Behavior,Excellent and fast service
FDB003993,SHP002791,CUST01087,2025-07-28,1,Courier Behavior,Very poor experience
FDB003994,SHP001116,CUST04668,2025-07-22,4,Package Handling,Good delivery experience
FDB003995,SHP003208,CUST03909,2025-02-22,3,Overall Service,Average service
FDB003996,SHP000412,CUST01361,2025-01-08,5,Courier Behavior,Excellent and fast service
FDB003997,SHP003601,CUST00437,2025-04-05,5,Delivery Speed,Excellent and fast service
FDB003998,SHP001922,CUST01923,2025-06-21,5,Overall Service,Excellent and fast service
FDB003999,SHP002537,CUST01992,2025-02-16,2,Courier Behavior,Delivery was slower than expected
FDB004000,SHP002450,CUST00833,2025-04-26,5,Delivery Speed,Excellent and fast service
FDB004001,SHP000067,CUST00438,2025-11-24,4,Delivery Speed,Good delivery experience
FDB004002,SHP003164,CUST00580,2025-11-07,5,Customer Support,Excellent and fast service
FDB004003,SHP000284,CUST02475,2025-07-03,4,Courier Behavior,Good delivery experience
FDB004004,SHP004071,CUST04944,2025-03-18,4,Courier Behavior,Good delivery experience
FDB004005,SHP003283,CUST00059,2025-07-13,4,Courier Behavior,Good delivery experience
FDB004006,SHP002288,CUST00698,2025-02-24,4,Package Handling,Good delivery experience
FDB004007,SHP001211,CUST03342,2025-11-24,3,Delivery Speed,Average service
FDB004008,SHP001284,CUST02069,2025-07-02,4,Delivery Speed,Good delivery experience
FDB004009,SHP002906,CUST02619,2025-03-22,5,Package Handling,Excellent and fast service
FDB004010,SHP001320,CUST03875,2025-07-12,5,Delivery Speed,Excellent and fast service
FDB004011,SHP002485,CUST04006,2025-03-13,5,Customer Support,Excellent and fast service
FDB004012,SHP004852,CUST00396,2025-05-17,4,Package Handling,Good delivery experience
FDB004013,SHP004102,CUST01657,2025-04-09,5,Overall Service,Excellent and fast service
FDB004014,SHP002126,CUST03750,2025-08-22,4,Courier Behavior,Good delivery experience
FDB004015,SHP001435,CUST04068,2025-07-16,3,Overall Service,Average service
FDB004016,SHP004737,CUST02202,2025-07-28,5,Overall Service,Excellent and fast service
FDB004017,SHP002727,CUST01437,2025-03-01,4,Overall Service,Good delivery experience
FDB004018,SHP003054,CUST01127,2025-01-05,2,Delivery Speed,Delivery was slower than expected
FDB004019,SHP003163,CUST00490,2025-10-26,2,Customer Support,Delivery was slower than expected
FDB004020,SHP001524,CUST00980,2025-06-19,5,Overall Service,Excellent and fast service
FDB004021,SHP000654,CUST04991,2025-02-03,5,Overall Service,Excellent and fast service
FDB004022,SHP004214,CUST02501,2025-04-24,4,Overall Service,Good delivery experience
FDB004023,SHP001005,CUST03843,2025-08-19,4,Customer Support,Good delivery experience
FDB004024,SHP000725,CUST03722,2025-01-29,4,Overall Service,Good delivery experience
FDB004025,SHP000928,CUST00860,2025-11-25,3,Delivery Speed,Average service
FDB004026,SHP003281,CUST02409,2025-08-02,2,Overall Service,Delivery was slower than expected
FDB004027,SHP001140,CUST04298,2025-07-10,5,Overall Service,Excellent and fast service
FDB004028,SHP001722,CUST00216,2025-06-10,3,Package Handling,Average service
FDB004029,SHP001951,CUST01471,2025-12-05,5,Delivery Speed,Excellent and fast service
FDB004030,SHP000382,CUST02785,2025-10-15,3,Package Handling,Average service
FDB004031,SHP002980,CUST00825,2025-08-22,5,Customer Support,Excellent and fast service
FDB004032,SHP001981,CUST01083,2025-05-17,5,Overall Service,Excellent and fast service
FDB004033,SHP000111,CUST00204,2025-01-19,4,Package Handling,Good delivery experience
FDB004034,SHP001004,CUST03066,2025-07-24,5,Courier Behavior,Excellent and fast service
FDB004035,SHP002402,CUST02366,2025-03-17,3,Customer Support,Average service
FDB004036,SHP000719,CUST04935,2025-08-11,5,Delivery Speed,Excellent and fast service
FDB004037,SHP003408,CUST01614,2025-08-14,5,Package Handling,Excellent and fast service
FDB004038,SHP001901,CUST03697,2025-03-23,4,Overall Service,Good delivery experience
FDB004039,SHP004839,CUST04016,2025-08-30,4,Delivery Speed,Good delivery experience
FDB004040,SHP001329,CUST03642,2025-10-01,4,Courier Behavior,Good delivery experience
FDB004041,SHP004117,CUST01915,2025-02-24,3,Courier Behavior,Average service
FDB004042,SHP003366,CUST00152,2025-03-02,1,Customer Support,Very poor experience
FDB004043,SHP002274,CUST02935,2025-12-10,4,Customer Support,Good delivery experience
FDB004044,SHP004029,CUST04913,2025-09-16,5,Package Handling,Excellent and fast service
FDB004045,SHP002730,CUST01357,2025-06-03,5,Courier Behavior,Excellent and fast service
FDB004046,SHP002941,CUST00856,2025-05-26,5,Package Handling,Excellent and fast service
FDB004047,SHP004077,CUST02116,2025-06-19,5,Package Handling,Excellent and fast service
FDB004048,SHP004972,CUST01698,2025-10-06,1,Overall Service,Very poor experience
FDB004049,SHP004565,CUST04711,2025-05-08,3,Courier Behavior,Average service
FDB004050,SHP001366,CUST01863,2025-12-24,3,Delivery Speed,Average service
FDB004051,SHP002540,CUST02714,2025-01-27,3,Overall Service,Average service
FDB004052,SHP002278,CUST04261,2025-02-02,1,Customer Support,Very poor experience
FDB004053,SHP004053,CUST00060,2025-10-15,3,Delivery Speed,Average service
FDB004054,SHP000057,CUST02221,2025-04-07,5,Package Handling,Excellent and fast service
FDB004055,SHP002035,CUST03508,2025-06-18,1,Courier Behavior,Very poor experience
FDB004056,SHP003488,CUST03394,2025-01-02,4,Package Handling,Good delivery experience
FDB004057,SHP003220,CUST00715,2025-12-21,4,Package Handling,Good delivery experience
FDB004058,SHP003727,CUST02927,2025-01-15,4,Package Handling,Good delivery experience
FDB004059,SHP003319,CUST02430,2025-02-13,5,Courier Behavior,Excellent and fast service
FDB004060,SHP000462,CUST03493,2025-10-04,5,Delivery Speed,Excellent and fast service
FDB004061,SHP004225,CUST02001,2025-11-23,4,Package Handling,Good delivery experience
FDB004062,SHP000687,CUST03864,2025-09-09,3,Overall Service,Average service
FDB004063,SHP001028,CUST03947,2025-03-22,5,Package Handling,Excellent and fast service
FDB004064,SHP000245,CUST04736,2025-06-12,4,Courier Behavior,Good delivery experience
FDB004065,SHP001681,CUST01745,2025-12-02,5,Package Handling,Excellent and fast service
FDB004066,SHP004605,CUST03892,2025-02-16,5,Customer Support,Excellent and fast service
FDB004067,SHP002188,CUST00219,2025-05-15,5,Package Handling,Excellent and fast service
FDB004068,SHP002849,CUST02948,2025-09-08,5,Courier Behavior,Excellent and fast service
FDB004069,SHP004334,CUST00452,2025-09-17,4,Courier Behavior,Good delivery experience
FDB004070,SHP003116,CUST03529,2025-05-31,5,Customer Support,Excellent and fast service
FDB004071,SHP002633,CUST00864,2025-12-28,4,Customer Support,Good delivery experience
FDB004072,SHP003622,CUST03479,2025-07-10,5,Delivery Speed,Excellent and fast service
FDB004073,SHP003600,CUST02334,2025-06-09,3,Package Handling,Average service
FDB004074,SHP002231,CUST04265,2025-04-15,4,Delivery Speed,Good delivery experience
FDB004075,SHP003947,CUST03655,2025-12-01,4,Customer Support,Good delivery experience
FDB004076,SHP000998,CUST00457,2025-10-14,5,Customer Support,Excellent and fast service
FDB004077,SHP002297,CUST01947,2025-02-10,3,Package Handling,Average service
FDB004078,SHP002469,CUST04785,2025-12-16,2,Courier Behavior,Delivery was slower than expected
FDB004079,SHP001391,CUST02962,2025-08-17,3,Courier Behavior,Average service
FDB004080,SHP002146,CUST01003,2025-02-27,2,Package Handling,Delivery was slower than expected
FDB004081,SHP003234,CUST01306,2025-12-03,5,Customer Support,Excellent and fast service
FDB004082,SHP000215,CUST00428,2025-07-27,3,Overall Service,Average service
FDB004083,SHP001498,CUST01307,2025-12-10,4,Courier Behavior,Good delivery experience
FDB004084,SHP004123,CUST01434,2025-07-27,5,Courier Behavior,Excellent and fast service
FDB004085,SHP001355,CUST03270,2025-04-22,2,Package Handling,Delivery was slower than expected
FDB004086,SHP000151,CUST03206,2025-03-11,3,Delivery Speed,Average service
FDB004087,SHP001311,CUST02408,2025-01-27,3,Customer Support,Average service
FDB004088,SHP003437,CUST00877,2025-05-10,4,Package Handling,Good delivery experience
FDB004089,SHP000278,CUST00896,2025-01-17,3,Overall Service,Average service
FDB004090,SHP004092,CUST04184,2025-02-01,2,Customer Support,Delivery was slower than expected
FDB004091,SHP004595,CUST04542,2025-07-09,5,Customer Support,Excellent and fast service
FDB004092,SHP003012,CUST00545,2025-09-27,3,Courier Behavior,Average service
FDB004093,SHP001311,CUST03215,2025-04-25,5,Courier Behavior,Excellent and fast service
FDB004094,SHP003355,CUST03789,2025-03-21,3,Overall Service,Average service
FDB004095,SHP000760,CUST01780,2025-12-24,5,Overall Service,Excellent and fast service
FDB004096,SHP001386,CUST01322,2025-08-31,2,Delivery Speed,Delivery was slower than expected
FDB004097,SHP002064,CUST01842,2025-10-15,5,Package Handling,Excellent and fast service
FDB004098,SHP003381,CUST04297,2025-07-12,4,Delivery Speed,Good delivery experience
FDB004099,SHP002486,CUST01636,2025-02-28,5,Package Handling,Excellent and fast service
FDB004100,SHP004125,CUST03551,2025-06-15,3,Delivery Speed,Average service
FDB004101,SHP001860,CUST02409,2025-03-31,5,Courier Behavior,Excellent and fast service
FDB004102,SHP000071,CUST03781,2025-01-02,4,Delivery Speed,Good delivery experience
FDB004103,SHP001722,CUST03845,2025-01-29,2,Overall Service,Delivery was slower than expected
FDB004104,SHP001034,CUST00938,2025-04-03,4,Overall Service,Good delivery experience
FDB004105,SHP001749,CUST04831,2025-05-04,2,Courier Behavior,Delivery was slower than expected
FDB004106,SHP000688,CUST02492,2025-03-09,1,Overall Service,Very poor experience
FDB004107,SHP002762,CUST00195,2025-02-26,5,Courier Behavior,Excellent and fast service
FDB004108,SHP004534,CUST01954,2025-04-30,1,Delivery Speed,Very poor experience
FDB004109,SHP003784,CUST04824,2025-08-26,4,Overall Service,Good delivery experience
FDB004110,SHP001129,CUST04755,2025-03-17,5,Customer Support,Excellent and fast service
FDB004111,SHP004173,CUST03684,2025-11-12,3,Customer Support,Average service
FDB004112,SHP004884,CUST00315,2025-06-05,5,Customer Support,Excellent and fast service
FDB004113,SHP003716,CUST00704,2025-09-14,3,Package Handling,Average service
FDB004114,SHP000521,CUST02561,2025-10-26,4,Package Handling,Good delivery experience
FDB004115,SHP001669,CUST04155,2025-03-06,4,Customer Support,Good delivery experience
FDB004116,SHP002218,CUST04207,2025-07-25,2,Package Handling,Delivery was slower than expected
FDB004117,SHP001190,CUST01975,2025-07-29,4,Courier Behavior,Good delivery experience
FDB004118,SHP000651,CUST03535,2025-01-22,3,Customer Support,Average service
FDB004119,SHP000434,CUST03027,2025-12-01,4,Customer Support,Good delivery experience
FDB004120,SHP001862,CUST02943,2025-09-13,5,Package Handling,Excellent and fast service
FDB004121,SHP001296,CUST01358,2025-07-18,4,Customer Support,Good delivery experience
FDB004122,SHP003489,CUST03800,2025-12-19,5,Courier Behavior,Excellent and fast service
FDB004123,SHP001486,CUST03978,2025-08-24,3,Overall Service,Average service
FDB004124,SHP000066,CUST00164,2025-11-13,4,Overall Service,Good delivery experience
FDB004125,SHP001771,CUST03949,2025-12-21,4,Overall Service,Good delivery experience
FDB004126,SHP000604,CUST03299,2025-12-12,5,Customer Support,Excellent and fast service
FDB004127,SHP002764,CUST01963,2025-04-24,4,Package Handling,Good delivery experience
FDB004128,SHP004511,CUST04513,2025-01-29,4,Delivery Speed,Good delivery experience
FDB004129,SHP001271,CUST00926,2025-06-09,3,Customer Support,Average service
FDB004130,SHP000041,CUST02465,2025-07-24,2,Delivery Speed,Delivery was slower than expected
FDB004131,SHP003718,CUST02106,2025-12-26,3,Overall Service,Average service
FDB004132,SHP000032,CUST03045,2025-02-14,5,Courier Behavior,Excellent and fast service
FDB004133,SHP003968,CUST03441,2025-01-29,5,Delivery Speed,Excellent and fast service
FDB004134,SHP002180,CUST03550,2025-02-08,5,Customer Support,Excellent and fast service
FDB004135,SHP002845,CUST00931,2025-06-07,5,Package Handling,Excellent and fast service
FDB004136,SHP000534,CUST00736,2025-07-09,3,Courier Behavior,Average service
FDB004137,SHP000264,CUST03371,2025-08-18,5,Package Handling,Excellent and fast service
FDB004138,SHP003715,CUST03348,2025-03-10,4,Package Handling,Good delivery experience
FDB004139,SHP002153,CUST02938,2025-04-24,4,Overall Service,Good delivery experience
FDB004140,SHP002868,CUST00181,2025-08-14,5,Courier Behavior,Excellent and fast service
FDB004141,SHP002005,CUST01788,2025-07-24,5,Courier Behavior,Excellent and fast service
FDB004142,SHP000956,CUST02204,2025-10-18,4,Courier Behavior,Good delivery experience
FDB004143,SHP002275,CUST01237,2025-11-26,5,Delivery Speed,Excellent and fast service
FDB004144,SHP003841,CUST00652,2025-08-27,4,Package Handling,Good delivery experience
FDB004145,SHP003183,CUST00638,2025-10-21,5,Delivery Speed,Excellent and fast service
FDB004146,SHP002425,CUST01945,2025-03-16,4,Overall Service,Good delivery experience
FDB004147,SHP000823,CUST04440,2025-01-21,4,Customer Support,Good delivery experience
FDB004148,SHP001409,CUST04907,2025-09-01,3,Customer Support,Average service
FDB004149,SHP004350,CUST02273,2025-04-06,4,Package Handling,Good delivery experience
FDB004150,SHP002639,CUST00206,2025-01-23,5,Customer Support,Excellent and fast service
FDB004151,SHP004705,CUST00446,2025-06-18,4,Customer Support,Good delivery experience
FDB004152,SHP004944,CUST00632,2025-08-06,5,Overall Service,Excellent and fast service
FDB004153,SHP002512,CUST00643,2025-03-21,3,Overall Service,Average service
FDB004154,SHP001610,CUST01071,2025-12-03,5,Package Handling,Excellent and fast service
FDB004155,SHP003880,CUST04752,2025-06-26,3,Courier Behavior,Average service
FDB004156,SHP001219,CUST04056,2025-09-13,4,Overall Service,Good delivery experience
FDB004157,SHP003787,CUST04582,2025-05-31,4,Overall Service,Good delivery experience
FDB004158,SHP003926,CUST00490,2025-10-22,3,Delivery Speed,Average service
FDB004159,SHP003921,CUST04152,2025-07-03,5,Customer Support,Excellent and fast service
FDB004160,SHP004131,CUST04706,2025-05-15,4,Courier Behavior,Good delivery experience
FDB004161,SHP004411,CUST04869,2025-01-14,4,Courier Behavior,Good delivery experience
FDB004162,SHP001276,CUST00885,2025-09-17,5,Package Handling,Excellent and fast service
FDB004163,SHP004623,CUST02216,2025-09-10,5,Delivery Speed,Excellent and fast service
FDB004164,SHP000681,CUST02039,2025-06-29,5,Overall Service,Excellent and fast service
FDB004165,SHP003238,CUST00802,2025-12-13,5,Customer Support,Excellent and fast service
FDB004166,SHP003623,CUST04735,2025-04-06,5,Overall Service,Excellent and fast service
FDB004167,SHP001105,CUST00665,2025-10-21,5,Courier Behavior,Excellent and fast service
FDB004168,SHP000627,CUST03178,2025-05-06,4,Delivery Speed,Good delivery experience
FDB004169,SHP003411,CUST02589,2025-12-21,3,Courier Behavior,Average service
FDB004170,SHP001528,CUST00056,2025-03-10,4,Overall Service,Good delivery experience
FDB004171,SHP003362,CUST04769,2025-06-11,5,Overall Service,Excellent and fast service
FDB004172,SHP002153,CUST01504,2025-08-02,5,Courier Behavior,Excellent and fast service
FDB004173,SHP003531,CUST02388,2025-03-12,4,Overall Service,Good delivery experience
FDB004174,SHP003123,CUST04445,2025-11-09,4,Courier Behavior,Good delivery experience
FDB004175,SHP000863,CUST02354,2025-07-23,4,Courier Behavior,Good delivery experience
FDB004176,SHP001348,CUST01970,2025-09-12,4,Overall Service,Good delivery experience
FDB004177,SHP002059,CUST03713,2025-10-12,4,Courier Behavior,Good delivery experience
FDB004178,SHP003953,CUST00011,2025-07-26,4,Overall Service,Good delivery experience
FDB004179,SHP000187,CUST01077,2025-11-29,2,Courier Behavior,Delivery was slower than expected
FDB004180,SHP000343,CUST01303,2025-04-18,4,Overall Service,Good delivery experience
FDB004181,SHP001472,CUST03193,2025-06-04,4,Overall Service,Good delivery experience
FDB004182,SHP003933,CUST03321,2025-10-31,4,Delivery Speed,Good delivery experience
FDB004183,SHP004136,CUST03700,2025-05-21,4,Package Handling,Good delivery experience
FDB004184,SHP002004,CUST03171,2025-10-20,4,Overall Service,Good delivery experience
FDB004185,SHP003447,CUST02618,2025-09-26,5,Package Handling,Excellent and fast service
FDB004186,SHP000244,CUST01394,2025-08-10,4,Courier Behavior,Good delivery experience
FDB004187,SHP000782,CUST01336,2025-04-16,4,Delivery Speed,Good delivery experience
FDB004188,SHP000216,CUST00835,2025-05-24,3,Courier Behavior,Average service
FDB004189,SHP003688,CUST00910,2025-11-27,2,Courier Behavior,Delivery was slower than expected
FDB004190,SHP000673,CUST03869,2025-09-12,4,Overall Service,Good delivery experience
FDB004191,SHP002108,CUST01223,2025-05-25,5,Courier Behavior,Excellent and fast service
FDB004192,SHP000501,CUST01992,2025-02-05,3,Overall Service,Average service
FDB004193,SHP004796,CUST04786,2025-08-27,2,Delivery Speed,Delivery was slower than expected
FDB004194,SHP000007,CUST02038,2025-04-27,4,Courier Behavior,Good delivery experience
FDB004195,SHP003753,CUST04517,2025-01-23,4,Overall Service,Good delivery experience
FDB004196,SHP002444,CUST01959,2025-03-18,1,Package Handling,Very poor experience
FDB004197,SHP003993,CUST01653,2025-02-04,3,Package Handling,Average service
FDB004198,SHP001964,CUST02252,2025-08-27,5,Customer Support,Excellent and fast service
FDB004199,SHP004715,CUST04177,2025-06-19,4,Delivery Speed,Good delivery experience
FDB004200,SHP001762,CUST02089,2025-03-20,3,Delivery Speed,Average service
FDB004201,SHP002091,CUST00481,2025-09-25,4,Courier Behavior,Good delivery experience
FDB004202,SHP004151,CUST02329,2025-05-17,3,Overall Service,Average service
FDB004203,SHP002873,CUST00992,2025-12-21,4,Package Handling,Good delivery experience
FDB004204,SHP000215,CUST00075,2025-09-25,4,Customer Support,Good delivery experience
FDB004205,SHP002466,CUST04304,2025-09-20,4,Overall Service,Good delivery experience
FDB004206,SHP004285,CUST04696,2025-06-16,4,Courier Behavior,Good delivery experience
FDB004207,SHP001537,CUST01055,2025-09-13,1,Overall Service,Very poor experience
FDB004208,SHP001384,CUST04895,2025-11-11,4,Overall Service,Good delivery experience
FDB004209,SHP004855,CUST04810,2025-01-16,4,Delivery Speed,Good delivery experience
FDB004210,SHP002231,CUST01397,2025-06-26,5,Customer Support,Excellent and fast service
FDB004211,SHP004921,CUST03013,2025-04-09,5,Package Handling,Excellent and fast service
FDB004212,SHP003571,CUST00291,2025-06-20,5,Customer Support,Excellent and fast service
FDB004213,SHP000502,CUST04043,2025-02-28,3,Courier Behavior,Average service
FDB004214,SHP003391,CUST03708,2025-05-26,4,Package Handling,Good delivery experience
FDB004215,SHP003355,CUST02528,2025-12-04,3,Package Handling,Average service
FDB004216,SHP004675,CUST00180,2025-03-11,4,Overall Service,Good delivery experience
FDB004217,SHP004777,CUST03836,2025-09-12,5,Courier Behavior,Excellent and fast service
FDB004218,SHP001716,CUST03600,2025-04-28,4,Overall Service,Good delivery experience
FDB004219,SHP004036,CUST02969,2025-10-16,5,Overall Service,Excellent and fast service
FDB004220,SHP001605,CUST03601,2025-02-14,3,Courier Behavior,Average service
FDB004221,SHP002762,CUST04543,2025-02-04,3,Package Handling,Average service
FDB004222,SHP002014,CUST01215,2025-08-05,3,Customer Support,Average service
FDB004223,SHP002744,CUST03118,2025-10-28,4,Overall Service,Good delivery experience
FDB004224,SHP004352,CUST02195,2025-02-09,4,Package Handling,Good delivery experience
FDB004225,SHP001700,CUST04298,2025-07-10,5,Delivery Speed,Excellent and fast service
FDB004226,SHP000583,CUST02402,2025-08-07,1,Overall Service,Very poor experience
FDB004227,SHP001418,CUST04307,2025-02-17,3,Overall Service,Average service
FDB004228,SHP002437,CUST01133,2025-02-28,4,Customer Support,Good delivery experience
FDB004229,SHP003741,CUST04647,2025-01-23,3,Customer Support,Average service
FDB004230,SHP004699,CUST03288,2025-07-24,4,Delivery Speed,Good delivery experience
FDB004231,SHP003615,CUST00558,2025-06-01,4,Delivery Speed,Good delivery experience
FDB004232,SHP001819,CUST03684,2025-07-18,5,Customer Support,Excellent and fast service
FDB004233,SHP003824,CUST01230,2025-03-02,5,Courier Behavior,Excellent and fast service
FDB004234,SHP000554,CUST01955,2025-12-29,4,Customer Support,Good delivery experience
FDB004235,SHP003064,CUST04337,2025-09-08,5,Overall Service,Excellent and fast service
FDB004236,SHP001853,CUST01153,2025-10-01,4,Package Handling,Good delivery experience
FDB004237,SHP001111,CUST03571,2025-12-27,5,Customer Support,Excellent and fast service
FDB004238,SHP002697,CUST02605,2025-10-13,2,Courier Behavior,Delivery was slower than expected
FDB004239,SHP004849,CUST03657,2025-03-08,5,Courier Behavior,Excellent and fast service
FDB004240,SHP000360,CUST01284,2025-01-31,3,Package Handling,Average service
FDB004241,SHP001246,CUST03622,2025-06-16,4,Overall Service,Good delivery experience
FDB004242,SHP001981,CUST02442,2025-01-09,5,Package Handling,Excellent and fast service
FDB004243,SHP004265,CUST04114,2025-11-04,4,Customer Support,Good delivery experience
FDB004244,SHP000255,CUST02175,2025-06-24,4,Package Handling,Good delivery experience
FDB004245,SHP001213,CUST02705,2025-02-26,5,Overall Service,Excellent and fast service
FDB004246,SHP000485,CUST02119,2025-03-07,5,Courier Behavior,Excellent and fast service
FDB004247,SHP004924,CUST02401,2025-05-14,3,Overall Service,Average service
FDB004248,SHP004618,CUST03579,2025-01-13,5,Courier Behavior,Excellent and fast service
FDB004249,SHP001816,CUST02602,2025-06-05,5,Delivery Speed,Excellent and fast service
FDB004250,SHP002918,CUST04215,2025-06-05,4,Package Handling,Good delivery experience
FDB004251,SHP004565,CUST02885,2025-04-02,2,Package Handling,Delivery was slower than expected
FDB004252,SHP003105,CUST04011,2025-05-22,4,Overall Service,Good delivery experience
FDB004253,SHP003297,CUST03834,2025-02-07,5,Courier Behavior,Excellent and fast service
FDB004254,SHP003412,CUST00692,2025-04-19,4,Package Handling,Good delivery experience
FDB004255,SHP004503,CUST03348,2025-06-27,5,Delivery Speed,Excellent and fast service
FDB004256,SHP002108,CUST04909,2025-06-24,2,Overall Service,Delivery was slower than expected
FDB004257,SHP001198,CUST00795,2025-07-12,3,Delivery Speed,Average service
FDB004258,SHP004255,CUST00885,2025-04-12,2,Package Handling,Delivery was slower than expected
FDB004259,SHP004466,CUST02270,2025-11-16,4,Customer Support,Good delivery experience
FDB004260,SHP001965,CUST00301,2025-07-14,5,Overall Service,Excellent and fast service
FDB004261,SHP004283,CUST03679,2025-12-23,3,Courier Behavior,Average service
FDB004262,SHP002504,CUST02028,2025-10-25,5,Courier Behavior,Excellent and fast service
FDB004263,SHP002685,CUST00914,2025-05-05,2,Overall Service,Delivery was slower than expected
FDB004264,SHP004231,CUST02743,2025-10-13,4,Overall Service,Good delivery experience
FDB004265,SHP003775,CUST00401,2025-03-21,3,Customer Support,Average service
FDB004266,SHP000297,CUST04806,2025-05-24,5,Package Handling,Excellent and fast service
FDB004267,SHP003701,CUST02200,2025-11-08,3,Customer Support,Average service
FDB004268,SHP002091,CUST03040,2025-08-10,5,Customer Support,Excellent and fast service
FDB004269,SHP002237,CUST00363,2025-10-18,5,Package Handling,Excellent and fast service
FDB004270,SHP002107,CUST04847,2025-03-27,3,Overall Service,Average service
FDB004271,SHP003847,CUST02132,2025-04-16,5,Overall Service,Excellent and fast service
FDB004272,SHP002982,CUST03562,2025-07-30,2,Delivery Speed,Delivery was slower than expected
FDB004273,SHP003997,CUST02772,2025-07-04,5,Courier Behavior,Excellent and fast service
FDB004274,SHP000193,CUST03280,2025-05-29,3,Customer Support,Average service
FDB004275,SHP003158,CUST02931,2025-09-25,4,Delivery Speed,Good delivery experience
FDB004276,SHP002275,CUST02621,2025-05-05,4,Customer Support,Good delivery experience
FDB004277,SHP003320,CUST02686,2025-12-31,5,Customer Support,Excellent and fast service
FDB004278,SHP001220,CUST01891,2025-03-14,3,Customer Support,Average service
FDB004279,SHP002306,CUST00834,2025-12-14,5,Delivery Speed,Excellent and fast service
FDB004280,SHP004691,CUST03266,2025-04-24,4,Overall Service,Good delivery experience
FDB004281,SHP002692,CUST00208,2025-02-28,5,Delivery Speed,Excellent and fast service
FDB004282,SHP001610,CUST01246,2025-03-23,5,Customer Support,Excellent and fast service
FDB004283,SHP003526,CUST04274,2025-02-05,5,Courier Behavior,Excellent and fast service
FDB004284,SHP004529,CUST00199,2025-11-03,4,Customer Support,Good delivery experience
FDB004285,SHP003529,CUST02382,2025-06-20,4,Package Handling,Good delivery experience
FDB004286,SHP003207,CUST01591,2025-05-04,2,Package Handling,Delivery was slower than expected
FDB004287,SHP001446,CUST01611,2025-10-04,5,Overall Service,Excellent and fast service
FDB004288,SHP004939,CUST00967,2025-02-01,3,Package Handling,Average service
FDB004289,SHP003000,CUST01053,2025-12-30,4,Courier Behavior,Good delivery experience
FDB004290,SHP000361,CUST04535,2025-01-17,4,Overall Service,Good delivery experience
FDB004291,SHP004051,CUST02596,2025-06-16,5,Overall Service,Excellent and fast service
FDB004292,SHP000288,CUST00239,2025-06-04,1,Customer Support,Very poor experience
FDB004293,SHP000605,CUST00090,2025-10-26,4,Courier Behavior,Good delivery experience
FDB004294,SHP002867,CUST01235,2025-07-24,5,Overall Service,Excellent and fast service
FDB004295,SHP002460,CUST00356,2025-09-17,5,Courier Behavior,Excellent and fast service
FDB004296,SHP002467,CUST01578,2025-07-09,3,Delivery Speed,Average service
FDB004297,SHP001850,CUST03703,2025-01-10,3,Delivery Speed,Average service
FDB004298,SHP003043,CUST01804,2025-03-30,5,Overall Service,Excellent and fast service
FDB004299,SHP001137,CUST00690,2025-09-03,5,Overall Service,Excellent and fast service
FDB004300,SHP000905,CUST00163,2025-06-22,1,Package Handling,Very poor experience
FDB004301,SHP000459,CUST01433,2025-08-19,5,Courier Behavior,Excellent and fast service
FDB004302,SHP002132,CUST00816,2025-05-08,3,Courier Behavior,Average service
FDB004303,SHP004814,CUST04274,2025-12-03,4,Courier Behavior,Good delivery experience
FDB004304,SHP000352,CUST01909,2025-09-08,3,Overall Service,Average service
FDB004305,SHP000775,CUST04800,2025-03-20,5,Package Handling,Excellent and fast service
FDB004306,SHP001831,CUST04814,2025-03-27,5,Courier Behavior,Excellent and fast service
FDB004307,SHP001093,CUST01302,2025-04-17,4,Delivery Speed,Good delivery experience
FDB004308,SHP001416,CUST00356,2025-02-25,1,Overall Service,Very poor experience
FDB004309,SHP004786,CUST02620,2025-08-06,4,Customer Support,Good delivery experience
FDB004310,SHP001618,CUST00450,2025-10-25,5,Customer Support,Excellent and fast service
FDB004311,SHP001985,CUST03724,2025-10-29,5,Delivery Speed,Excellent and fast service
FDB004312,SHP000852,CUST02331,2025-04-10,3,Delivery Speed,Average service
FDB004313,SHP003749,CUST03254,2025-07-04,5,Customer Support,Excellent and fast service
FDB004314,SHP002767,CUST03023,2025-06-11,3,Courier Behavior,Average service
FDB004315,SHP000564,CUST02849,2025-02-17,5,Customer Support,Excellent and fast service
FDB004316,SHP000846,CUST02851,2025-10-02,5,Package Handling,Excellent and fast service
FDB004317,SHP003613,CUST00522,2025-02-24,5,Courier Behavior,Excellent and fast service
FDB004318,SHP004303,CUST04085,2025-03-15,5,Overall Service,Excellent and fast service
FDB004319,SHP002238,CUST04435,2025-04-18,5,Customer Support,Excellent and fast service
FDB004320,SHP000903,CUST03934,2025-04-26,5,Package Handling,Excellent and fast service
FDB004321,SHP004252,CUST02918,2025-12-24,4,Package Handling,Good delivery experience
FDB004322,SHP000500,CUST00364,2025-02-24,3,Overall Service,Average service
FDB004323,SHP003149,CUST02558,2025-08-13,5,Customer Support,Excellent and fast service
FDB004324,SHP004763,CUST03029,2025-08-16,5,Delivery Speed,Excellent and fast service
FDB004325,SHP004109,CUST03734,2025-04-30,5,Package Handling,Excellent and fast service
FDB004326,SHP003109,CUST03086,2025-03-19,5,Overall Service,Excellent and fast service
FDB004327,SHP004834,CUST02426,2025-11-02,5,Courier Behavior,Excellent and fast service
FDB004328,SHP004435,CUST01874,2025-05-09,2,Delivery Speed,Delivery was slower than expected
FDB004329,SHP004586,CUST03234,2025-08-26,4,Delivery Speed,Good delivery experience
FDB004330,SHP004648,CUST04206,2025-07-30,1,Customer Support,Very poor experience
FDB004331,SHP001998,CUST03814,2025-05-05,2,Delivery Speed,Delivery was slower than expected
FDB004332,SHP000644,CUST03163,2025-08-21,5,Courier Behavior,Excellent and fast service
FDB004333,SHP002950,CUST01316,2025-08-01,3,Delivery Speed,Average service
FDB004334,SHP001878,CUST03256,2025-03-28,5,Customer Support,Excellent and fast service
FDB004335,SHP001279,CUST03687,2025-07-06,4,Delivery Speed,Good delivery experience
FDB004336,SHP002608,CUST00678,2025-12-31,5,Delivery Speed,Excellent and fast service
FDB004337,SHP001003,CUST04208,2025-03-19,5,Overall Service,Excellent and fast service
FDB004338,SHP004898,CUST03120,2025-07-09,4,Delivery Speed,Good delivery experience
FDB004339,SHP002600,CUST03068,2025-01-24,5,Overall Service,Excellent and fast service
FDB004340,SHP004200,CUST01979,2025-03-25,2,Overall Service,Delivery was slower than expected
FDB004341,SHP001460,CUST00352,2025-06-04,4,Overall Service,Good delivery experience
FDB004342,SHP001168,CUST01344,2025-10-04,4,Courier Behavior,Good delivery experience
FDB004343,SHP000980,CUST00526,2025-10-15,4,Overall Service,Good delivery experience
FDB004344,SHP000874,CUST03734,2025-05-09,2,Courier Behavior,Delivery was slower than expected
FDB004345,SHP001717,CUST02155,2025-04-20,4,Courier Behavior,Good delivery experience
FDB004346,SHP001401,CUST00405,2025-12-04,3,Customer Support,Average service
FDB004347,SHP002215,CUST00073,2025-07-07,5,Courier Behavior,Excellent and fast service
FDB004348,SHP002493,CUST03841,2025-03-08,1,Package Handling,Very poor experience
FDB004349,SHP004718,CUST03905,2025-05-07,4,Overall Service,Good delivery experience
FDB004350,SHP002564,CUST02415,2025-04-25,4,Delivery Speed,Good delivery experience
FDB004351,SHP001867,CUST00610,2025-07-05,4,Courier Behavior,Good delivery experience
FDB004352,SHP003823,CUST02451,2025-06-13,4,Customer Support,Good delivery experience
FDB004353,SHP004501,CUST03027,2025-06-16,5,Package Handling,Excellent and fast service
FDB004354,SHP000391,CUST02591,2025-11-17,4,Customer Support,Good delivery experience
FDB004355,SHP002063,CUST00864,2025-08-30,5,Overall Service,Excellent and fast service
FDB004356,SHP002282,CUST04689,2025-01-13,5,Customer Support,Excellent and fast service
FDB004357,SHP002380,CUST00594,2025-08-14,5,Courier Behavior,Excellent and fast service
FDB004358,SHP004597,CUST01081,2025-09-16,5,Customer Support,Excellent and fast service
FDB004359,SHP004444,CUST03985,2025-12-08,5,Delivery Speed,Excellent and fast service
FDB004360,SHP001510,CUST00410,2025-04-11,5,Courier Behavior,Excellent and fast service
FDB004361,SHP003885,CUST04506,2025-01-03,2,Package Handling,Delivery was slower than expected
FDB004362,SHP003212,CUST04711,2025-01-23,5,Package Handling,Excellent and fast service
FDB004363,SHP001767,CUST03947,2025-11-20,5,Courier Behavior,Excellent and fast service
FDB004364,SHP001612,CUST02394,2025-06-01,4,Customer Support,Good delivery experience
FDB004365,SHP002757,CUST00273,2025-03-22,4,Customer Support,Good delivery experience
FDB004366,SHP002773,CUST02510,2025-01-29,4,Courier Behavior,Good delivery experience
FDB004367,SHP002241,CUST04025,2025-04-05,3,Delivery Speed,Average service
FDB004368,SHP004290,CUST03101,2025-04-24,4,Courier Behavior,Good delivery experience
FDB004369,SHP004320,CUST04163,2025-09-06,1,Package Handling,Very poor experience
FDB004370,SHP004791,CUST00128,2025-06-11,2,Overall Service,Delivery was slower than expected
FDB004371,SHP003487,CUST04897,2025-08-10,3,Courier Behavior,Average service
FDB004372,SHP000374,CUST03653,2025-06-14,4,Customer Support,Good delivery experience
FDB004373,SHP001869,CUST02676,2025-12-21,1,Overall Service,Very poor experience
FDB004374,SHP002210,CUST03256,2025-12-20,4,Package Handling,Good delivery experience
FDB004375,SHP002115,CUST01735,2025-08-05,5,Courier Behavior,Excellent and fast service
FDB004376,SHP003620,CUST02373,2025-09-09,4,Package Handling,Good delivery experience
FDB004377,SHP003621,CUST02675,2025-11-04,5,Package Handling,Excellent and fast service
FDB004378,SHP002648,CUST04110,2025-05-04,4,Courier Behavior,Good delivery experience
FDB004379,SHP000718,CUST01200,2025-08-07,2,Delivery Speed,Delivery was slower than expected
FDB004380,SHP000657,CUST01036,2025-10-27,5,Package Handling,Excellent and fast service
FDB004381,SHP003447,CUST03586,2025-11-19,4,Delivery Speed,Good delivery experience
FDB004382,SHP003156,CUST04394,2025-12-23,5,Customer Support,Excellent and fast service
FDB004383,SHP002081,CUST04234,2025-04-23,5,Overall Service,Excellent and fast service
FDB004384,SHP002400,CUST02417,2025-09-14,3,Courier Behavior,Average service
FDB004385,SHP004432,CUST01478,2025-09-20,5,Overall Service,Excellent and fast service
FDB004386,SHP004053,CUST04273,2025-07-10,4,Delivery Speed,Good delivery experience
FDB004387,SHP002973,CUST03276,2025-04-06,4,Overall Service,Good delivery experience
FDB004388,SHP003750,CUST04944,2025-01-20,4,Courier Behavior,Good delivery experience
FDB004389,SHP000192,CUST02920,2025-03-19,4,Delivery Speed,Good delivery experience
FDB004390,SHP001862,CUST04050,2025-12-23,5,Courier Behavior,Excellent and fast service
FDB004391,SHP003027,CUST00385,2025-10-05,5,Delivery Speed,Excellent and fast service
FDB004392,SHP001735,CUST03549,2025-01-05,1,Package Handling,Very poor experience
FDB004393,SHP003452,CUST02640,2025-03-26,4,Delivery Speed,Good delivery experience
FDB004394,SHP000514,CUST00733,2025-03-09,5,Delivery Speed,Excellent and fast service
FDB004395,SHP002588,CUST00082,2025-09-24,4,Delivery Speed,Good delivery experience
FDB004396,SHP000916,CUST02996,2025-12-27,4,Package Handling,Good delivery experience
FDB004397,SHP003273,CUST02841,2025-02-09,4,Package Handling,Good delivery experience
FDB004398,SHP002050,CUST02433,2025-02-15,3,Delivery Speed,Average service
FDB004399,SHP004793,CUST00486,2025-08-03,2,Courier Behavior,Delivery was slower than expected
FDB004400,SHP004802,CUST00441,2025-07-29,5,Courier Behavior,Excellent and fast service
FDB004401,SHP003789,CUST04202,2025-07-01,3,Customer Support,Average service
FDB004402,SHP003360,CUST01279,2025-03-10,4,Customer Support,Good delivery experience
FDB004403,SHP004777,CUST04304,2025-08-01,4,Customer Support,Good delivery experience
FDB004404,SHP001104,CUST03908,2025-06-26,5,Delivery Speed,Excellent and fast service
FDB004405,SHP003269,CUST03627,2025-08-22,5,Courier Behavior,Excellent and fast service
FDB004406,SHP004089,CUST02953,2025-10-11,3,Overall Service,Average service
FDB004407,SHP004783,CUST03250,2025-12-10,4,Courier Behavior,Good delivery experience
FDB004408,SHP001588,CUST04314,2025-11-13,2,Overall Service,Delivery was slower than expected
FDB004409,SHP000040,CUST00246,2025-05-08,4,Customer Support,Good delivery experience
FDB004410,SHP000996,CUST03597,2025-04-25,5,Customer Support,Excellent and fast service
FDB004411,SHP003514,CUST02175,2025-02-14,3,Overall Service,Average service
FDB004412,SHP002800,CUST03654,2025-08-25,4,Customer Support,Good delivery experience
FDB004413,SHP003908,CUST00070,2025-02-10,4,Courier Behavior,Good delivery experience
FDB004414,SHP001843,CUST04385,2025-04-25,5,Courier Behavior,Excellent and fast service
FDB004415,SHP004323,CUST04483,2025-06-22,4,Overall Service,Good delivery experience
FDB004416,SHP000083,CUST02119,2025-12-06,4,Delivery Speed,Good delivery experience
FDB004417,SHP001425,CUST02208,2025-05-01,2,Package Handling,Delivery was slower than expected
FDB004418,SHP002396,CUST01676,2025-11-11,2,Overall Service,Delivery was slower than expected
FDB004419,SHP002154,CUST01659,2025-03-25,3,Customer Support,Average service
FDB004420,SHP004394,CUST00393,2025-04-09,5,Customer Support,Excellent and fast service
FDB004421,SHP001660,CUST04762,2025-11-25,2,Courier Behavior,Delivery was slower than expected
FDB004422,SHP000326,CUST00986,2025-11-02,4,Customer Support,Good delivery experience
FDB004423,SHP004471,CUST02527,2025-12-09,4,Delivery Speed,Good delivery experience
FDB004424,SHP002669,CUST03163,2025-06-18,4,Overall Service,Good delivery experience
FDB004425,SHP004734,CUST03906,2025-03-01,4,Delivery Speed,Good delivery experience
FDB004426,SHP001550,CUST04081,2025-01-12,4,Courier Behavior,Good delivery experience
FDB004427,SHP004876,CUST02438,2025-06-22,4,Overall Service,Good delivery experience
FDB004428,SHP004742,CUST00370,2025-05-30,4,Package Handling,Good delivery experience
FDB004429,SHP000363,CUST00558,2025-11-19,5,Customer Support,Excellent and fast service
FDB004430,SHP001345,CUST00106,2025-02-07,4,Delivery Speed,Good delivery experience
FDB004431,SHP003298,CUST02831,2025-10-09,4,Customer Support,Good delivery experience
FDB004432,SHP004325,CUST03686,2025-10-07,3,Customer Support,Average service
FDB004433,SHP004542,CUST04590,2025-05-21,5,Overall Service,Excellent and fast service
FDB004434,SHP003978,CUST01397,2025-09-16,4,Customer Support,Good delivery experience
FDB004435,SHP000226,CUST03200,2025-01-05,4,Courier Behavior,Good delivery experience
FDB004436,SHP001935,CUST02448,2025-08-02,5,Overall Service,Excellent and fast service
FDB004437,SHP001479,CUST00812,2025-03-28,3,Courier Behavior,Average service
FDB004438,SHP000771,CUST03753,2025-06-03,5,Customer Support,Excellent and fast service
FDB004439,SHP000212,CUST01915,2025-05-03,3,Delivery Speed,Average service
FDB004440,SHP004959,CUST03163,2025-04-23,4,Customer Support,Good delivery experience
FDB004441,SHP003672,CUST02532,2025-05-02,5,Delivery Speed,Excellent and fast service
FDB004442,SHP001364,CUST03984,2025-05-10,5,Customer Support,Excellent and fast service
FDB004443,SHP003688,CUST02107,2025-10-15,5,Delivery Speed,Excellent and fast service
FDB004444,SHP000766,CUST00020,2025-10-15,3,Customer Support,Average service
FDB004445,SHP002891,CUST03429,2025-04-01,4,Package Handling,Good delivery experience
FDB004446,SHP003642,CUST02507,2025-10-05,4,Courier Behavior,Good delivery experience
FDB004447,SHP003416,CUST03173,2025-10-14,4,Package Handling,Good delivery experience
FDB004448,SHP001641,CUST00747,2025-04-01,4,Delivery Speed,Good delivery experience
FDB004449,SHP004695,CUST00877,2025-04-06,4,Overall Service,Good delivery experience
FDB004450,SHP003745,CUST00169,2025-04-17,5,Courier Behavior,Excellent and fast service
FDB004451,SHP000580,CUST03197,2025-12-15,2,Package Handling,Delivery was slower than expected
FDB004452,SHP004551,CUST04715,2025-04-19,5,Overall Service,Excellent and fast service
FDB004453,SHP003653,CUST04879,2025-06-06,5,Overall Service,Excellent and fast service
FDB004454,SHP001283,CUST01980,2025-12-01,1,Delivery Speed,Very poor experience
FDB004455,SHP003438,CUST00233,2025-08-17,2,Overall Service,Delivery was slower than expected
FDB004456,SHP003833,CUST03715,2025-01-18,2,Delivery Speed,Delivery was slower than expected
FDB004457,SHP003504,CUST03192,2025-10-25,3,Courier Behavior,Average service
FDB004458,SHP001354,CUST00211,2025-02-22,4,Overall Service,Good delivery experience
FDB004459,SHP002332,CUST00992,2025-01-20,3,Delivery Speed,Average service
FDB004460,SHP004858,CUST02099,2025-06-14,4,Overall Service,Good delivery experience
FDB004461,SHP001584,CUST00230,2025-05-09,5,Package Handling,Excellent and fast service
FDB004462,SHP004901,CUST01842,2025-01-19,3,Delivery Speed,Average service
FDB004463,SHP002425,CUST03949,2025-05-02,4,Customer Support,Good delivery experience
FDB004464,SHP002555,CUST03632,2025-02-02,4,Overall Service,Good delivery experience
FDB004465,SHP002840,CUST03868,2025-01-25,5,Overall Service,Excellent and fast service
FDB004466,SHP001565,CUST00615,2025-10-08,5,Package Handling,Excellent and fast service
FDB004467,SHP001690,CUST02472,2025-04-28,3,Package Handling,Average service
FDB004468,SHP002955,CUST04495,2025-03-15,3,Courier Behavior,Average service
FDB004469,SHP000105,CUST04233,2025-09-29,4,Package Handling,Good delivery experience
FDB004470,SHP003089,CUST01762,2025-10-10,4,Overall Service,Good delivery experience
FDB004471,SHP001524,CUST00616,2025-09-02,4,Package Handling,Good delivery experience
FDB004472,SHP002761,CUST03674,2025-12-18,4,Package Handling,Good delivery experience
FDB004473,SHP004461,CUST04103,2025-11-26,3,Courier Behavior,Average service
FDB004474,SHP004200,CUST04107,2025-04-28,5,Courier Behavior,Excellent and fast service
FDB004475,SHP000258,CUST02393,2025-05-18,4,Courier Behavior,Good delivery experience
FDB004476,SHP004309,CUST00154,2025-01-19,5,Courier Behavior,Excellent and fast service
FDB004477,SHP000763,CUST04576,2025-05-06,4,Overall Service,Good delivery experience
FDB004478,SHP003671,CUST03978,2025-02-19,1,Delivery Speed,Very poor experience
FDB004479,SHP001027,CUST02020,2025-01-02,2,Package Handling,Delivery was slower than expected
FDB004480,SHP001939,CUST00759,2025-09-06,4,Overall Service,Good delivery experience
FDB004481,SHP000224,CUST02159,2025-02-05,3,Customer Support,Average service
FDB004482,SHP001794,CUST02542,2025-02-14,5,Customer Support,Excellent and fast service
FDB004483,SHP004526,CUST02606,2025-06-24,5,Courier Behavior,Excellent and fast service
FDB004484,SHP001866,CUST04944,2025-02-10,2,Courier Behavior,Delivery was slower than expected
FDB004485,SHP002229,CUST03088,2025-09-21,2,Package Handling,Delivery was slower than expected
FDB004486,SHP002836,CUST03128,2025-03-31,4,Overall Service,Good delivery experience
FDB004487,SHP001632,CUST02994,2025-01-05,3,Delivery Speed,Average service
FDB004488,SHP000274,CUST03498,2025-04-19,5,Customer Support,Excellent and fast service
FDB004489,SHP002032,CUST02006,2025-03-24,5,Customer Support,Excellent and fast service
FDB004490,SHP001769,CUST03405,2025-07-15,5,Courier Behavior,Excellent and fast service
FDB004491,SHP000770,CUST01418,2025-05-02,4,Courier Behavior,Good delivery experience
FDB004492,SHP002375,CUST02936,2025-05-24,3,Delivery Speed,Average service
FDB004493,SHP004281,CUST04108,2025-04-17,4,Customer Support,Good delivery experience
FDB004494,SHP001891,CUST04546,2025-10-14,3,Delivery Speed,Average service
FDB004495,SHP004016,CUST01367,2025-02-01,5,Courier Behavior,Excellent and fast service
FDB004496,SHP001556,CUST04739,2025-08-24,3,Package Handling,Average service
FDB004497,SHP003594,CUST01546,2025-06-29,1,Package Handling,Very poor experience
FDB004498,SHP000760,CUST02806,2025-08-10,4,Package Handling,Good delivery experience
FDB004499,SHP001467,CUST04597,2025-06-16,4,Overall Service,Good delivery experience
FDB004500,SHP000457,CUST02339,2025-11-22,4,Package Handling,Good delivery experience
FDB004501,SHP003289,CUST02665,2025-05-10,5,Package Handling,Excellent and fast service
FDB004502,SHP003812,CUST00380,2025-07-03,5,Customer Support,Excellent and fast service
FDB004503,SHP003754,CUST02625,2025-05-03,5,Delivery Speed,Excellent and fast service
FDB004504,SHP002370,CUST03368,2025-05-13,4,Package Handling,Good delivery experience
FDB004505,SHP000515,CUST01688,2025-04-30,1,Overall Service,Very poor experience
FDB004506,SHP003340,CUST00588,2025-11-09,5,Courier Behavior,Excellent and fast service
FDB004507,SHP001474,CUST00541,2025-02-21,4,Overall Service,Good delivery experience
FDB004508,SHP003046,CUST03286,2025-05-25,3,Overall Service,Average service
FDB004509,SHP000879,CUST02255,2025-05-28,4,Customer Support,Good delivery experience
FDB004510,SHP004934,CUST00208,2025-07-01,3,Customer Support,Average service
FDB004511,SHP004696,CUST04159,2025-11-28,3,Overall Service,Average service
FDB004512,SHP004441,CUST03052,2025-07-10,5,Courier Behavior,Excellent and fast service
FDB004513,SHP000792,CUST01726,2025-01-30,5,Delivery Speed,Excellent and fast service
FDB004514,SHP001813,CUST01211,2025-03-08,5,Courier Behavior,Excellent and fast service
FDB004515,SHP000317,CUST02015,2025-05-05,4,Delivery Speed,Good delivery experience
FDB004516,SHP001137,CUST03032,2025-02-21,1,Overall Service,Very poor experience
FDB004517,SHP003341,CUST01110,2025-07-23,4,Package Handling,Good delivery experience
FDB004518,SHP002322,CUST00005,2025-12-15,5,Overall Service,Excellent and fast service
FDB004519,SHP002964,CUST00169,2025-10-12,1,Delivery Speed,Very poor experience
FDB004520,SHP001412,CUST04693,2025-04-30,3,Delivery Speed,Average service
FDB004521,SHP002807,CUST03622,2025-07-26,4,Package Handling,Good delivery experience
FDB004522,SHP002701,CUST00002,2025-05-15,2,Overall Service,Delivery was slower than expected
FDB004523,SHP002432,CUST04403,2025-01-29,3,Delivery Speed,Average service
FDB004524,SHP002959,CUST02021,2025-10-13,3,Package Handling,Average service
FDB004525,SHP002782,CUST02598,2025-05-18,3,Delivery Speed,Average service
FDB004526,SHP004111,CUST03308,2025-10-17,2,Customer Support,Delivery was slower than expected
FDB004527,SHP002039,CUST03760,2025-03-23,5,Overall Service,Excellent and fast service
FDB004528,SHP000475,CUST04711,2025-05-13,1,Overall Service,Very poor experience
FDB004529,SHP000198,CUST04673,2025-07-25,4,Package Handling,Good delivery experience
FDB004530,SHP004498,CUST04462,2025-01-12,3,Overall Service,Average service
FDB004531,SHP001195,CUST02138,2025-11-23,4,Overall Service,Good delivery experience
FDB004532,SHP000968,CUST00275,2025-05-16,5,Delivery Speed,Excellent and fast service
FDB004533,SHP002419,CUST02140,2025-05-12,5,Customer Support,Excellent and fast service
FDB004534,SHP003890,CUST02687,2025-06-26,5,Delivery Speed,Excellent and fast service
FDB004535,SHP003475,CUST00887,2025-09-29,5,Delivery Speed,Excellent and fast service
FDB004536,SHP003507,CUST02157,2025-02-05,2,Customer Support,Delivery was slower than expected
FDB004537,SHP001393,CUST02096,2025-08-09,3,Customer Support,Average service
FDB004538,SHP003589,CUST04397,2025-09-03,4,Package Handling,Good delivery experience
FDB004539,SHP002691,CUST00200,2025-08-28,4,Courier Behavior,Good delivery experience
FDB004540,SHP004838,CUST03326,2025-07-12,5,Overall Service,Excellent and fast service
FDB004541,SHP000162,CUST01333,2025-08-08,4,Courier Behavior,Good delivery experience
FDB004542,SHP003816,CUST03636,2025-01-11,3,Overall Service,Average service
FDB004543,SHP002901,CUST03418,2025-06-06,4,Customer Support,Good delivery experience
FDB004544,SHP002914,CUST01911,2025-02-25,5,Delivery Speed,Excellent and fast service
FDB004545,SHP004278,CUST03315,2025-01-13,1,Package Handling,Very poor experience
FDB004546,SHP003409,CUST00039,2025-01-31,4,Delivery Speed,Good delivery experience
FDB004547,SHP004169,CUST03406,2025-07-18,3,Package Handling,Average service
FDB004548,SHP001655,CUST02118,2025-04-28,5,Customer Support,Excellent and fast service
FDB004549,SHP001417,CUST01801,2025-10-25,4,Courier Behavior,Good delivery experience
FDB004550,SHP002339,CUST02457,2025-02-12,4,Delivery Speed,Good delivery experience
FDB004551,SHP004445,CUST01112,2025-05-19,1,Customer Support,Very poor experience
FDB004552,SHP001708,CUST02112,2025-02-02,2,Delivery Speed,Delivery was slower than expected
FDB004553,SHP000600,CUST04883,2025-03-26,4,Delivery Speed,Good delivery experience
FDB004554,SHP004920,CUST00628,2025-04-12,1,Courier Behavior,Very poor experience
FDB004555,SHP003125,CUST01755,2025-08-25,4,Customer Support,Good delivery experience
FDB004556,SHP004665,CUST00669,2025-08-15,4,Package Handling,Good delivery experience
FDB004557,SHP001716,CUST01922,2025-01-06,5,Courier Behavior,Excellent and fast service
FDB004558,SHP001315,CUST00580,2025-01-19,4,Customer Support,Good delivery experience
FDB004559,SHP002074,CUST00627,2025-02-22,4,Package Handling,Good delivery experience
FDB004560,SHP003739,CUST01466,2025-12-03,4,Overall Service,Good delivery experience
FDB004561,SHP003307,CUST03300,2025-02-04,3,Package Handling,Average service
FDB004562,SHP001510,CUST00891,2025-01-27,3,Delivery Speed,Average service
FDB004563,SHP004529,CUST04973,2025-03-31,4,Courier Behavior,Good delivery experience
FDB004564,SHP000755,CUST04802,2025-08-02,4,Package Handling,Good delivery experience
FDB004565,SHP004490,CUST01551,2025-05-27,4,Customer Support,Good delivery experience
FDB004566,SHP001185,CUST00150,2025-04-13,3,Overall Service,Average service
FDB004567,SHP001965,CUST04382,2025-12-19,3,Overall Service,Average service
FDB004568,SHP004665,CUST03585,2025-09-15,5,Package Handling,Excellent and fast service
FDB004569,SHP001537,CUST04603,2025-04-22,5,Overall Service,Excellent and fast service
FDB004570,SHP000374,CUST00899,2025-12-20,4,Delivery Speed,Good delivery experience
FDB004571,SHP002715,CUST03828,2025-03-07,4,Customer Support,Good delivery experience
FDB004572,SHP002282,CUST01478,2025-02-16,5,Customer Support,Excellent and fast service
FDB004573,SHP002172,CUST01349,2025-05-14,1,Package Handling,Very poor experience
FDB004574,SHP003623,CUST03045,2025-06-11,5,Package Handling,Excellent and fast service
FDB004575,SHP004774,CUST00144,2025-02-16,5,Courier Behavior,Excellent and fast service
FDB004576,SHP002706,CUST00133,2025-04-17,5,Package Handling,Excellent and fast service
FDB004577,SHP001432,CUST04920,2025-03-09,5,Overall Service,Excellent and fast service
FDB004578,SHP003114,CUST03536,2025-04-04,4,Overall Service,Good delivery experience
FDB004579,SHP004039,CUST02669,2025-06-04,5,Overall Service,Excellent and fast service
FDB004580,SHP001549,CUST01128,2025-05-23,4,Package Handling,Good delivery experience
FDB004581,SHP004644,CUST00079,2025-08-22,5,Customer Support,Excellent and fast service
FDB004582,SHP002527,CUST04555,2025-08-06,4,Delivery Speed,Good delivery experience
FDB004583,SHP001750,CUST04355,2025-09-08,5,Overall Service,Excellent and fast service
FDB004584,SHP000322,CUST02524,2025-09-17,4,Delivery Speed,Good delivery experience
FDB004585,SHP001975,CUST00143,2025-09-03,4,Delivery Speed,Good delivery experience
FDB004586,SHP001910,CUST01746,2025-02-13,5,Courier Behavior,Excellent and fast service
FDB004587,SHP002033,CUST00731,2025-03-11,4,Delivery Speed,Good delivery experience
FDB004588,SHP003846,CUST02457,2025-03-07,5,Courier Behavior,Excellent and fast service
FDB004589,SHP000321,CUST01198,2025-07-24,3,Delivery Speed,Average service
FDB004590,SHP000425,CUST00804,2025-01-02,5,Customer Support,Excellent and fast service
FDB004591,SHP000243,CUST01925,2025-02-19,5,Courier Behavior,Excellent and fast service
FDB004592,SHP000052,CUST00719,2025-08-15,5,Courier Behavior,Excellent and fast service
FDB004593,SHP003465,CUST00881,2025-05-29,4,Delivery Speed,Good delivery experience
FDB004594,SHP002254,CUST02805,2025-01-28,5,Customer Support,Excellent and fast service
FDB004595,SHP004621,CUST03313,2025-07-25,4,Courier Behavior,Good delivery experience
FDB004596,SHP002146,CUST03383,2025-12-12,5,Courier Behavior,Excellent and fast service
FDB004597,SHP000376,CUST04173,2025-07-07,5,Delivery Speed,Excellent and fast service
FDB004598,SHP004919,CUST04475,2025-01-11,3,Delivery Speed,Average service
FDB004599,SHP001216,CUST04248,2025-05-05,3,Customer Support,Average service
FDB004600,SHP002746,CUST04133,2025-12-29,3,Overall Service,Average service
FDB004601,SHP003343,CUST01799,2025-07-22,5,Customer Support,Excellent and fast service
FDB004602,SHP001688,CUST04736,2025-10-28,4,Overall Service,Good delivery experience
FDB004603,SHP001778,CUST01921,2025-12-26,3,Package Handling,Average service
FDB004604,SHP002451,CUST00629,2025-09-13,4,Courier Behavior,Good delivery experience
FDB004605,SHP000244,CUST00609,2025-08-24,4,Overall Service,Good delivery experience
FDB004606,SHP001825,CUST04266,2025-02-09,5,Delivery Speed,Excellent and fast service
FDB004607,SHP002210,CUST02192,2025-06-07,3,Overall Service,Average service
FDB004608,SHP004638,CUST00228,2025-10-18,2,Delivery Speed,Delivery was slower than expected
FDB004609,SHP002785,CUST00160,2025-08-02,5,Courier Behavior,Excellent and fast service
FDB004610,SHP004689,CUST04309,2025-03-20,5,Package Handling,Excellent and fast service
FDB004611,SHP002504,CUST02412,2025-11-16,2,Courier Behavior,Delivery was slower than expected
FDB004612,SHP000390,CUST02841,2025-08-12,4,Delivery Speed,Good delivery experience
FDB004613,SHP002997,CUST00515,2025-07-29,4,Delivery Speed,Good delivery experience
FDB004614,SHP004587,CUST03445,2025-05-01,5,Courier Behavior,Excellent and fast service
FDB004615,SHP001766,CUST03201,2025-10-24,1,Courier Behavior,Very poor experience
FDB004616,SHP000090,CUST03384,2025-05-01,5,Package Handling,Excellent and fast service
FDB004617,SHP001129,CUST02063,2025-02-07,4,Package Handling,Good delivery experience
FDB004618,SHP004406,CUST04766,2025-01-05,3,Overall Service,Average service
FDB004619,SHP001717,CUST00801,2025-02-04,4,Overall Service,Good delivery experience
FDB004620,SHP003079,CUST04425,2025-06-30,5,Courier Behavior,Excellent and fast service
FDB004621,SHP000765,CUST04295,2025-11-13,3,Customer Support,Average service
FDB004622,SHP001455,CUST03690,2025-12-15,5,Overall Service,Excellent and fast service
FDB004623,SHP004077,CUST00455,2025-08-04,4,Delivery Speed,Good delivery experience
FDB004624,SHP002474,CUST04610,2025-09-06,5,Delivery Speed,Excellent and fast service
FDB004625,SHP003648,CUST02394,2025-02-18,5,Package Handling,Excellent and fast service
FDB004626,SHP003741,CUST04043,2025-09-12,5,Courier Behavior,Excellent and fast service
FDB004627,SHP003794,CUST04297,2025-03-20,4,Overall Service,Good delivery experience
FDB004628,SHP002303,CUST01978,2025-08-19,4,Overall Service,Good delivery experience
FDB004629,SHP001737,CUST04542,2025-02-27,4,Package Handling,Good delivery experience
FDB004630,SHP001557,CUST04967,2025-01-20,2,Courier Behavior,Delivery was slower than expected
FDB004631,SHP002333,CUST02932,2025-11-27,5,Customer Support,Excellent and fast service
FDB004632,SHP000102,CUST00730,2025-07-10,4,Courier Behavior,Good delivery experience
FDB004633,SHP000156,CUST00539,2025-08-30,4,Courier Behavior,Good delivery experience
FDB004634,SHP002400,CUST02587,2025-05-25,3,Package Handling,Average service
FDB004635,SHP004357,CUST01489,2025-06-10,1,Package Handling,Very poor experience
FDB004636,SHP002060,CUST02922,2025-07-01,5,Overall Service,Excellent and fast service
FDB004637,SHP001331,CUST04310,2025-11-21,2,Delivery Speed,Delivery was slower than expected
FDB004638,SHP001889,CUST02586,2025-10-17,4,Courier Behavior,Good delivery experience
FDB004639,SHP003639,CUST00347,2025-11-11,1,Courier Behavior,Very poor experience
FDB004640,SHP003884,CUST04096,2025-08-08,4,Customer Support,Good delivery experience
FDB004641,SHP000002,CUST00287,2025-12-27,4,Package Handling,Good delivery experience
FDB004642,SHP003463,CUST00998,2025-09-25,4,Customer Support,Good delivery experience
FDB004643,SHP000583,CUST01120,2025-04-09,5,Customer Support,Excellent and fast service
FDB004644,SHP002742,CUST00259,2025-07-10,5,Courier Behavior,Excellent and fast service
FDB004645,SHP003929,CUST00280,2025-09-12,4,Package Handling,Good delivery experience
FDB004646,SHP000628,CUST04854,2025-11-26,4,Customer Support,Good delivery experience
FDB004647,SHP000595,CUST01362,2025-11-22,3,Customer Support,Average service
FDB004648,SHP004510,CUST02432,2025-12-08,1,Delivery Speed,Very poor experience
FDB004649,SHP004722,CUST02443,2025-04-23,5,Customer Support,Excellent and fast service
FDB004650,SHP000624,CUST04130,2025-11-04,5,Customer Support,Excellent and fast service
FDB004651,SHP000098,CUST03027,2025-04-14,5,Overall Service,Excellent and fast service
FDB004652,SHP002903,CUST03648,2025-08-18,5,Customer Support,Excellent and fast service
FDB004653,SHP003856,CUST01787,2025-08-06,5,Package Handling,Excellent and fast service
FDB004654,SHP002436,CUST01393,2025-08-14,5,Overall Service,Excellent and fast service
FDB004655,SHP003020,CUST00031,2025-10-02,3,Package Handling,Average service
FDB004656,SHP001102,CUST04867,2025-01-11,4,Package Handling,Good delivery experience
FDB004657,SHP000614,CUST00930,2025-08-31,5,Package Handling,Excellent and fast service
FDB004658,SHP000650,CUST01952,2025-01-02,3,Courier Behavior,Average service
FDB004659,SHP002320,CUST03144,2025-11-07,5,Package Handling,Excellent and fast service
FDB004660,SHP003820,CUST02975,2025-04-02,4,Overall Service,Good delivery experience
FDB004661,SHP003430,CUST02999,2025-12-11,3,Overall Service,Average service
FDB004662,SHP000950,CUST03032,2025-09-05,4,Courier Behavior,Good delivery experience
FDB004663,SHP002120,CUST01545,2025-11-21,1,Delivery Speed,Very poor experience
FDB004664,SHP002419,CUST00045,2025-04-01,3,Delivery Speed,Average service
FDB004665,SHP000508,CUST03904,2025-06-22,4,Overall Service,Good delivery experience
FDB004666,SHP003556,CUST00456,2025-10-03,5,Courier Behavior,Excellent and fast service
FDB004667,SHP001917,CUST00458,2025-01-07,4,Courier Behavior,Good delivery experience
FDB004668,SHP000701,CUST00335,2025-06-24,5,Delivery Speed,Excellent and fast service
FDB004669,SHP003548,CUST04587,2025-04-28,5,Delivery Speed,Excellent and fast service
FDB004670,SHP003994,CUST01750,2025-02-19,5,Courier Behavior,Excellent and fast service
FDB004671,SHP001556,CUST01043,2025-08-06,5,Overall Service,Excellent and fast service
FDB004672,SHP000988,CUST03251,2025-08-22,4,Delivery Speed,Good delivery experience
FDB004673,SHP003256,CUST04185,2025-05-28,3,Courier Behavior,Average service
FDB004674,SHP004900,CUST03314,2025-11-12,2,Package Handling,Delivery was slower than expected
FDB004675,SHP000072,CUST00429,2025-08-11,4,Overall Service,Good delivery experience
FDB004676,SHP004381,CUST00599,2025-02-02,4,Customer Support,Good delivery experience
FDB004677,SHP000460,CUST02686,2025-01-18,1,Overall Service,Very poor experience
FDB004678,SHP001137,CUST01219,2025-11-18,5,Customer Support,Excellent and fast service
FDB004679,SHP004911,CUST04704,2025-08-29,4,Overall Service,Good delivery experience
FDB004680,SHP000714,CUST04892,2025-10-03,5,Delivery Speed,Excellent and fast service
FDB004681,SHP000018,CUST03519,2025-02-12,4,Customer Support,Good delivery experience
FDB004682,SHP002583,CUST04057,2025-10-31,2,Courier Behavior,Delivery was slower than expected
FDB004683,SHP004930,CUST03523,2025-02-09,4,Package Handling,Good delivery experience
FDB004684,SHP000369,CUST00109,2025-10-05,2,Delivery Speed,Delivery was slower than expected
FDB004685,SHP001270,CUST01297,2025-08-08,3,Courier Behavior,Average service
FDB004686,SHP004107,CUST03310,2025-09-18,5,Overall Service,Excellent and fast service
FDB004687,SHP000414,CUST01541,2025-03-24,5,Package Handling,Excellent and fast service
FDB004688,SHP000730,CUST04173,2025-06-12,4,Package Handling,Good delivery experience
FDB004689,SHP004628,CUST01724,2025-08-03,3,Delivery Speed,Average service
FDB004690,SHP001984,CUST03654,2025-11-23,3,Overall Service,Average service
FDB004691,SHP001496,CUST00124,2025-11-02,5,Overall Service,Excellent and fast service
FDB004692,SHP002144,CUST03216,2025-10-18,2,Overall Service,Delivery was slower than expected
FDB004693,SHP003862,CUST01096,2025-04-09,2,Delivery Speed,Delivery was slower than expected
FDB004694,SHP003130,CUST01461,2025-02-09,5,Courier Behavior,Excellent and fast service
FDB004695,SHP002141,CUST03979,2025-12-11,4,Customer Support,Good delivery experience
FDB004696,SHP004779,CUST04539,2025-09-28,5,Delivery Speed,Excellent and fast service
FDB004697,SHP001565,CUST03637,2025-02-26,4,Delivery Speed,Good delivery experience
FDB004698,SHP000327,CUST00450,2025-08-06,5,Package Handling,Excellent and fast service
FDB004699,SHP004213,CUST03245,2025-07-04,4,Package Handling,Good delivery experience
FDB004700,SHP002613,CUST01467,2025-06-16,3,Courier Behavior,Average service
FDB004701,SHP004761,CUST01094,2025-06-26,5,Package Handling,Excellent and fast service
FDB004702,SHP000066,CUST03495,2025-11-29,4,Customer Support,Good delivery experience
FDB004703,SHP003153,CUST04629,2025-06-26,4,Courier Behavior,Good delivery experience
FDB004704,SHP004068,CUST01033,2025-07-11,5,Courier Behavior,Excellent and fast service
FDB004705,SHP002599,CUST04781,2025-11-18,4,Overall Service,Good delivery experience
FDB004706,SHP000756,CUST01011,2025-07-24,5,Delivery Speed,Excellent and fast service
FDB004707,SHP000871,CUST04241,2025-11-01,4,Package Handling,Good delivery experience
FDB004708,SHP003147,CUST02748,2025-08-16,4,Courier Behavior,Good delivery experience
FDB004709,SHP004061,CUST04806,2025-12-13,5,Package Handling,Excellent and fast service
FDB004710,SHP000489,CUST04429,2025-02-23,1,Courier Behavior,Very poor experience
FDB004711,SHP004836,CUST04776,2025-11-13,5,Package Handling,Excellent and fast service
FDB004712,SHP004217,CUST04119,2025-01-23,4,Overall Service,Good delivery experience
FDB004713,SHP003539,CUST03620,2025-10-25,2,Courier Behavior,Delivery was slower than expected
FDB004714,SHP001959,CUST00905,2025-09-28,3,Courier Behavior,Average service
FDB004715,SHP003233,CUST02602,2025-05-07,3,Package Handling,Average service
FDB004716,SHP000728,CUST03345,2025-04-04,3,Overall Service,Average service
FDB004717,SHP002104,CUST02585,2025-12-26,5,Customer Support,Excellent and fast service
FDB004718,SHP003769,CUST01228,2025-10-04,3,Courier Behavior,Average service
FDB004719,SHP002882,CUST04676,2025-09-02,5,Customer Support,Excellent and fast service
FDB004720,SHP002554,CUST02060,2025-04-03,5,Customer Support,Excellent and fast service
FDB004721,SHP004758,CUST02283,2025-01-10,5,Overall Service,Excellent and fast service
FDB004722,SHP001923,CUST00274,2025-07-03,4,Overall Service,Good delivery experience
FDB004723,SHP004441,CUST02205,2025-10-29,5,Customer Support,Excellent and fast service
FDB004724,SHP003822,CUST03120,2025-04-04,4,Delivery Speed,Good delivery experience
FDB004725,SHP002543,CUST04454,2025-10-03,5,Delivery Speed,Excellent and fast service
FDB004726,SHP000788,CUST04041,2025-01-02,2,Customer Support,Delivery was slower than expected
FDB004727,SHP001816,CUST03215,2025-07-20,5,Package Handling,Excellent and fast service
FDB004728,SHP003565,CUST04434,2025-11-17,3,Customer Support,Average service
FDB004729,SHP002814,CUST03511,2025-07-05,3,Courier Behavior,Average service
FDB004730,SHP003488,CUST03258,2025-02-08,5,Overall Service,Excellent and fast service
FDB004731,SHP001358,CUST02972,2025-09-23,5,Customer Support,Excellent and fast service
FDB004732,SHP002401,CUST01501,2025-11-26,4,Courier Behavior,Good delivery experience
FDB004733,SHP002713,CUST00016,2025-01-15,4,Package Handling,Good delivery experience
FDB004734,SHP002615,CUST03906,2025-06-29,3,Package Handling,Average service
FDB004735,SHP003762,CUST04300,2025-08-12,2,Courier Behavior,Delivery was slower than expected
FDB004736,SHP004283,CUST01124,2025-05-05,4,Package Handling,Good delivery experience
FDB004737,SHP004388,CUST04607,2025-12-02,4,Overall Service,Good delivery experience
FDB004738,SHP001341,CUST01835,2025-09-05,3,Customer Support,Average service
FDB004739,SHP004308,CUST03344,2025-07-15,5,Delivery Speed,Excellent and fast service
FDB004740,SHP004991,CUST01841,2025-07-19,4,Customer Support,Good delivery experience
FDB004741,SHP003119,CUST00031,2025-05-13,4,Overall Service,Good delivery experience
FDB004742,SHP002165,CUST02620,2025-01-03,4,Package Handling,Good delivery experience
FDB004743,SHP003210,CUST03119,2025-06-08,3,Courier Behavior,Average service
FDB004744,SHP003543,CUST01788,2025-11-20,4,Courier Behavior,Good delivery experience
FDB004745,SHP002657,CUST01177,2025-11-12,5,Delivery Speed,Excellent and fast service
FDB004746,SHP004119,CUST02420,2025-08-15,4,Courier Behavior,Good delivery experience
FDB004747,SHP002857,CUST01738,2025-10-01,3,Package Handling,Average service
FDB004748,SHP002628,CUST04492,2025-10-01,5,Package Handling,Excellent and fast service
FDB004749,SHP002746,CUST03888,2025-03-18,4,Customer Support,Good delivery experience
FDB004750,SHP003616,CUST00226,2025-03-12,4,Customer Support,Good delivery experience
FDB004751,SHP004407,CUST03718,2025-05-09,4,Delivery Speed,Good delivery experience
FDB004752,SHP004391,CUST03757,2025-10-22,2,Package Handling,Delivery was slower than expected
FDB004753,SHP004131,CUST01408,2025-07-03,1,Delivery Speed,Very poor experience
FDB004754,SHP002657,CUST04215,2025-10-07,4,Overall Service,Good delivery experience
FDB004755,SHP001384,CUST00125,2025-10-13,4,Delivery Speed,Good delivery experience
FDB004756,SHP004785,CUST01134,2025-07-22,2,Courier Behavior,Delivery was slower than expected
FDB004757,SHP002527,CUST02125,2025-02-14,4,Delivery Speed,Good delivery experience
FDB004758,SHP000278,CUST02448,2025-04-13,5,Customer Support,Excellent and fast service
FDB004759,SHP000875,CUST03946,2025-10-13,4,Delivery Speed,Good delivery experience
FDB004760,SHP003346,CUST03065,2025-06-29,1,Courier Behavior,Very poor experience
FDB004761,SHP000728,CUST04450,2025-12-26,3,Delivery Speed,Average service
FDB004762,SHP003080,CUST02309,2025-01-31,4,Customer Support,Good delivery experience
FDB004763,SHP001604,CUST02377,2025-05-26,5,Package Handling,Excellent and fast service
FDB004764,SHP004871,CUST01005,2025-07-18,5,Courier Behavior,Excellent and fast service
FDB004765,SHP000467,CUST00275,2025-10-17,4,Package Handling,Good delivery experience
FDB004766,SHP004230,CUST02235,2025-12-31,1,Delivery Speed,Very poor experience
FDB004767,SHP001083,CUST00169,2025-01-06,4,Overall Service,Good delivery experience
FDB004768,SHP000665,CUST04758,2025-06-14,5,Delivery Speed,Excellent and fast service
FDB004769,SHP001159,CUST00618,2025-12-16,4,Customer Support,Good delivery experience
FDB004770,SHP004976,CUST01654,2025-01-08,4,Customer Support,Good delivery experience
FDB004771,SHP002894,CUST02293,2025-04-19,5,Package Handling,Excellent and fast service
FDB004772,SHP002927,CUST01942,2025-04-05,5,Customer Support,Excellent and fast service
FDB004773,SHP004870,CUST01243,2025-11-07,4,Package Handling,Good delivery experience
FDB004774,SHP004129,CUST00216,2025-11-16,4,Package Handling,Good delivery experience
FDB004775,SHP002805,CUST03277,2025-04-28,5,Delivery Speed,Excellent and fast service
FDB004776,SHP001924,CUST04739,2025-08-24,5,Package Handling,Excellent and fast service
FDB004777,SHP003970,CUST03498,2025-02-23,4,Customer Support,Good delivery experience
FDB004778,SHP000955,CUST00558,2025-07-06,4,Courier Behavior,Good delivery experience
FDB004779,SHP003278,CUST00030,2025-05-02,4,Delivery Speed,Good delivery experience
FDB004780,SHP000622,CUST03392,2025-08-30,5,Delivery Speed,Excellent and fast service
FDB004781,SHP000347,CUST03041,2025-07-23,4,Delivery Speed,Good delivery experience
FDB004782,SHP000236,CUST00756,2025-06-06,5,Package Handling,Excellent and fast service
FDB004783,SHP004292,CUST00297,2025-07-30,4,Package Handling,Good delivery experience
FDB004784,SHP002786,CUST03184,2025-08-15,1,Package Handling,Very poor experience
FDB004785,SHP001308,CUST04200,2025-11-27,3,Package Handling,Average service
FDB004786,SHP001950,CUST03391,2025-01-12,4,Courier Behavior,Good delivery experience
FDB004787,SHP002750,CUST00428,2025-08-18,5,Courier Behavior,Excellent and fast service
FDB004788,SHP003353,CUST03119,2025-11-04,3,Overall Service,Average service
FDB004789,SHP001356,CUST04853,2025-12-06,3,Courier Behavior,Average service
FDB004790,SHP001737,CUST00526,2025-11-13,4,Package Handling,Good delivery experience
FDB004791,SHP004003,CUST02389,2025-05-24,2,Customer Support,Delivery was slower than expected
FDB004792,SHP000818,CUST03101,2025-09-04,4,Overall Service,Good delivery experience
FDB004793,SHP003301,CUST03738,2025-06-03,1,Courier Behavior,Very poor experience
FDB004794,SHP004756,CUST03107,2025-04-06,4,Delivery Speed,Good delivery experience
FDB004795,SHP003122,CUST01269,2025-03-15,4,Overall Service,Good delivery experience
FDB004796,SHP002203,CUST01852,2025-09-21,4,Customer Support,Good delivery experience
FDB004797,SHP003615,CUST03452,2025-01-28,1,Package Handling,Very poor experience
FDB004798,SHP002201,CUST03432,2025-09-21,4,Overall Service,Good delivery experience
FDB004799,SHP001543,CUST04429,2025-04-06,5,Package Handling,Excellent and fast service
FDB004800,SHP001722,CUST04174,2025-11-28,4,Delivery Speed,Good delivery experience
FDB004801,SHP002632,CUST01267,2025-12-04,5,Overall Service,Excellent and fast service
FDB004802,SHP004597,CUST02908,2025-08-18,5,Customer Support,Excellent and fast service
FDB004803,SHP000196,CUST04343,2025-08-13,5,Package Handling,Excellent and fast service
FDB004804,SHP002748,CUST04327,2025-09-06,3,Customer Support,Average service
FDB004805,SHP001288,CUST01890,2025-06-04,5,Delivery Speed,Excellent and fast service
FDB004806,SHP004699,CUST00067,2025-06-26,4,Overall Service,Good delivery experience
FDB004807,SHP002945,CUST01963,2025-07-24,5,Overall Service,Excellent and fast service
FDB004808,SHP003490,CUST00706,2025-04-21,3,Overall Service,Average service
FDB004809,SHP000957,CUST04040,2025-01-09,4,Delivery Speed,Good delivery experience
FDB004810,SHP000909,CUST02099,2025-05-10,5,Customer Support,Excellent and fast service
FDB004811,SHP001090,CUST03668,2025-10-28,4,Overall Service,Good delivery experience
FDB004812,SHP000126,CUST03555,2025-11-10,4,Customer Support,Good delivery experience
FDB004813,SHP004367,CUST04002,2025-03-03,5,Package Handling,Excellent and fast service
FDB004814,SHP004269,CUST02174,2025-04-01,3,Delivery Speed,Average service
FDB004815,SHP000789,CUST04470,2025-08-15,4,Courier Behavior,Good delivery experience
FDB004816,SHP002967,CUST01971,2025-10-02,3,Delivery Speed,Average service
FDB004817,SHP004253,CUST02017,2025-10-02,4,Delivery Speed,Good delivery experience
FDB004818,SHP003127,CUST01756,2025-08-20,5,Courier Behavior,Excellent and fast service
FDB004819,SHP002142,CUST01720,2025-06-29,4,Package Handling,Good delivery experience
FDB004820,SHP004469,CUST01218,2025-10-14,4,Courier Behavior,Good delivery experience
FDB004821,SHP000432,CUST01451,2025-01-09,3,Courier Behavior,Average service
FDB004822,SHP003417,CUST01335,2025-10-15,3,Courier Behavior,Average service
FDB004823,SHP002221,CUST04997,2025-07-28,5,Package Handling,Excellent and fast service
FDB004824,SHP000077,CUST00272,2025-07-16,3,Courier Behavior,Average service
FDB004825,SHP001666,CUST03358,2025-08-15,3,Customer Support,Average service
FDB004826,SHP002914,CUST03671,2025-06-23,5,Overall Service,Excellent and fast service
FDB004827,SHP001054,CUST04973,2025-08-19,4,Delivery Speed,Good delivery experience
FDB004828,SHP003716,CUST04310,2025-02-01,5,Customer Support,Excellent and fast service
FDB004829,SHP001135,CUST03939,2025-03-04,3,Overall Service,Average service
FDB004830,SHP002646,CUST01498,2025-03-08,2,Package Handling,Delivery was slower than expected
FDB004831,SHP000570,CUST03305,2025-02-12,3,Customer Support,Average service
FDB004832,SHP001942,CUST00988,2025-10-09,3,Customer Support,Average service
FDB004833,SHP001044,CUST01510,2025-05-04,3,Overall Service,Average service
FDB004834,SHP002925,CUST01837,2025-03-27,5,Delivery Speed,Excellent and fast service
FDB004835,SHP001913,CUST04864,2025-06-07,4,Delivery Speed,Good delivery experience
FDB004836,SHP001043,CUST04963,2025-09-20,4,Overall Service,Good delivery experience
FDB004837,SHP000531,CUST01336,2025-09-09,4,Courier Behavior,Good delivery experience
FDB004838,SHP003157,CUST01201,2025-01-24,5,Package Handling,Excellent and fast service
FDB004839,SHP000362,CUST04732,2025-04-29,5,Courier Behavior,Excellent and fast service
FDB004840,SHP000762,CUST04681,2025-03-19,5,Package Handling,Excellent and fast service
FDB004841,SHP004633,CUST00131,2025-12-06,5,Delivery Speed,Excellent and fast service
FDB004842,SHP000780,CUST00228,2025-01-09,4,Delivery Speed,Good delivery experience
FDB004843,SHP001158,CUST04262,2025-09-14,5,Overall Service,Excellent and fast service
FDB004844,SHP002024,CUST04731,2025-04-01,4,Courier Behavior,Good delivery experience
FDB004845,SHP001865,CUST02300,2025-02-10,5,Courier Behavior,Excellent and fast service
FDB004846,SHP004244,CUST02453,2025-10-16,5,Customer Support,Excellent and fast service
FDB004847,SHP002226,CUST01988,2025-08-19,3,Overall Service,Average service
FDB004848,SHP000531,CUST01906,2025-06-09,4,Overall Service,Good delivery experience
FDB004849,SHP002207,CUST01555,2025-06-17,5,Package Handling,Excellent and fast service
FDB004850,SHP004660,CUST02617,2025-12-08,4,Delivery Speed,Good delivery experience
FDB004851,SHP001346,CUST00555,2025-07-16,5,Overall Service,Excellent and fast service
FDB004852,SHP002571,CUST00923,2025-12-16,3,Overall Service,Average service
FDB004853,SHP004665,CUST03200,2025-12-13,5,Delivery Speed,Excellent and fast service
FDB004854,SHP001951,CUST00758,2025-11-04,3,Package Handling,Average service
FDB004855,SHP000533,CUST04341,2025-04-29,2,Customer Support,Delivery was slower than expected
FDB004856,SHP003765,CUST01908,2025-06-03,4,Delivery Speed,Good delivery experience
FDB004857,SHP000238,CUST02869,2025-11-10,2,Delivery Speed,Delivery was slower than expected
FDB004858,SHP003867,CUST01222,2025-12-02,4,Delivery Speed,Good delivery experience
FDB004859,SHP003207,CUST02017,2025-03-09,4,Customer Support,Good delivery experience
FDB004860,SHP000346,CUST04264,2025-09-27,4,Overall Service,Good delivery experience
FDB004861,SHP001802,CUST04519,2025-04-08,5,Package Handling,Excellent and fast service
FDB004862,SHP003123,CUST04643,2025-01-29,5,Delivery Speed,Excellent and fast service
FDB004863,SHP003431,CUST00940,2025-11-15,5,Courier Behavior,Excellent and fast service
FDB004864,SHP002380,CUST04754,2025-09-23,3,Delivery Speed,Average service
FDB004865,SHP000518,CUST04401,2025-03-13,5,Customer Support,Excellent and fast service
FDB004866,SHP000727,CUST04113,2025-09-06,4,Courier Behavior,Good delivery experience
FDB004867,SHP000465,CUST01546,2025-09-02,4,Delivery Speed,Good delivery experience
FDB004868,SHP002765,CUST01111,2025-09-14,2,Courier Behavior,Delivery was slower than expected
FDB004869,SHP001770,CUST04014,2025-03-26,4,Package Handling,Good delivery experience
FDB004870,SHP001793,CUST03465,2025-11-18,5,Package Handling,Excellent and fast service
FDB004871,SHP000404,CUST02382,2025-12-15,5,Package Handling,Excellent and fast service
FDB004872,SHP003213,CUST04628,2025-04-23,5,Package Handling,Excellent and fast service
FDB004873,SHP001206,CUST04018,2025-11-04,4,Overall Service,Good delivery experience
FDB004874,SHP001375,CUST01923,2025-05-31,4,Courier Behavior,Good delivery experience
FDB004875,SHP002133,CUST01302,2025-01-04,4,Package Handling,Good delivery experience
FDB004876,SHP002186,CUST01388,2025-04-10,4,Delivery Speed,Good delivery experience
FDB004877,SHP001159,CUST00408,2025-02-16,4,Customer Support,Good delivery experience
FDB004878,SHP001571,CUST00251,2025-02-21,5,Overall Service,Excellent and fast service
FDB004879,SHP003737,CUST02541,2025-04-05,5,Courier Behavior,Excellent and fast service
FDB004880,SHP003525,CUST00872,2025-08-21,1,Delivery Speed,Very poor experience
FDB004881,SHP004268,CUST00963,2025-02-10,5,Delivery Speed,Excellent and fast service
FDB004882,SHP001017,CUST00113,2025-11-17,5,Customer Support,Excellent and fast service
FDB004883,SHP000749,CUST04966,2025-09-05,4,Courier Behavior,Good delivery experience
FDB004884,SHP001386,CUST02497,2025-05-08,4,Customer Support,Good delivery experience
FDB004885,SHP004613,CUST02658,2025-02-07,5,Delivery Speed,Excellent and fast service
FDB004886,SHP000015,CUST01284,2025-04-07,4,Delivery Speed,Good delivery experience
FDB004887,SHP003965,CUST02801,2025-03-21,4,Courier Behavior,Good delivery experience
FDB004888,SHP003506,CUST01130,2025-12-16,3,Customer Support,Average service
FDB004889,SHP004216,CUST04145,2025-07-21,3,Overall Service,Average service
FDB004890,SHP002606,CUST04955,2025-10-04,5,Customer Support,Excellent and fast service
FDB004891,SHP002240,CUST00040,2025-01-31,4,Delivery Speed,Good delivery experience
FDB004892,SHP003050,CUST03595,2025-12-31,5,Overall Service,Excellent and fast service
FDB004893,SHP002759,CUST03451,2025-01-29,4,Delivery Speed,Good delivery experience
FDB004894,SHP002922,CUST00030,2025-03-13,2,Package Handling,Delivery was slower than expected
FDB004895,SHP000440,CUST02805,2025-03-30,4,Courier Behavior,Good delivery experience
FDB004896,SHP002807,CUST01521,2025-11-02,3,Customer Support,Average service
FDB004897,SHP000520,CUST00391,2025-09-27,4,Customer Support,Good delivery experience
FDB004898,SHP002273,CUST00327,2025-07-14,3,Package Handling,Average service
FDB004899,SHP000035,CUST03341,2025-10-30,4,Package Handling,Good delivery experience
FDB004900,SHP002161,CUST04287,2025-03-22,2,Package Handling,Delivery was slower than expected
FDB004901,SHP001063,CUST02964,2025-04-16,4,Package Handling,Good delivery experience
FDB004902,SHP003625,CUST04705,2025-04-04,2,Customer Support,Delivery was slower than expected
FDB004903,SHP000229,CUST00158,2025-09-23,5,Package Handling,Excellent and fast service
FDB004904,SHP003940,CUST02753,2025-07-05,5,Courier Behavior,Excellent and fast service
FDB004905,SHP000171,CUST00707,2025-05-25,5,Customer Support,Excellent and fast service
FDB004906,SHP002846,CUST04165,2025-11-09,4,Customer Support,Good delivery experience
FDB004907,SHP001929,CUST04607,2025-04-21,5,Delivery Speed,Excellent and fast service
FDB004908,SHP001621,CUST01666,2025-03-31,4,Courier Behavior,Good delivery experience
FDB004909,SHP001608,CUST00132,2025-04-27,4,Overall Service,Good delivery experience
FDB004910,SHP002032,CUST00607,2025-02-06,4,Courier Behavior,Good delivery experience
FDB004911,SHP001117,CUST02818,2025-03-05,5,Customer Support,Excellent and fast service
FDB004912,SHP004208,CUST02922,2025-02-20,5,Customer Support,Excellent and fast service
FDB004913,SHP000909,CUST03223,2025-02-12,4,Delivery Speed,Good delivery experience
FDB004914,SHP003896,CUST01449,2025-08-20,4,Package Handling,Good delivery experience
FDB004915,SHP001732,CUST00271,2025-12-18,2,Courier Behavior,Delivery was slower than expected
FDB004916,SHP000983,CUST01674,2025-10-11,5,Overall Service,Excellent and fast service
FDB004917,SHP000403,CUST03249,2025-09-11,3,Customer Support,Average service
FDB004918,SHP002814,CUST03820,2025-08-27,4,Delivery Speed,Good delivery experience
FDB004919,SHP004542,CUST00700,2025-06-23,5,Courier Behavior,Excellent and fast service
FDB004920,SHP001421,CUST02846,2025-03-11,5,Courier Behavior,Excellent and fast service
FDB004921,SHP000507,CUST02311,2025-03-14,4,Overall Service,Good delivery experience
FDB004922,SHP001311,CUST03398,2025-06-08,2,Courier Behavior,Delivery was slower than expected
FDB004923,SHP000428,CUST03791,2025-08-15,3,Courier Behavior,Average service
FDB004924,SHP002578,CUST03574,2025-10-11,4,Delivery Speed,Good delivery experience
FDB004925,SHP000205,CUST02750,2025-09-28,3,Customer Support,Average service
FDB004926,SHP002874,CUST04921,2025-08-05,4,Courier Behavior,Good delivery experience
FDB004927,SHP000479,CUST04828,2025-07-09,5,Package Handling,Excellent and fast service
FDB004928,SHP000679,CUST01841,2025-12-28,5,Overall Service,Excellent and fast service
FDB004929,SHP003683,CUST00568,2025-01-03,5,Overall Service,Excellent and fast service
FDB004930,SHP002839,CUST03832,2025-06-28,5,Customer Support,Excellent and fast service
FDB004931,SHP000317,CUST00313,2025-08-03,3,Package Handling,Average service
FDB004932,SHP002170,CUST02487,2025-03-09,4,Delivery Speed,Good delivery experience
FDB004933,SHP003667,CUST04964,2025-03-21,4,Courier Behavior,Good delivery experience
FDB004934,SHP002578,CUST03354,2025-08-26,5,Courier Behavior,Excellent and fast service
FDB004935,SHP001432,CUST03118,2025-11-20,5,Customer Support,Excellent and fast service
FDB004936,SHP002618,CUST01199,2025-11-21,5,Customer Support,Excellent and fast service
FDB004937,SHP001257,CUST00928,2025-04-03,3,Delivery Speed,Average service
FDB004938,SHP002800,CUST01393,2025-09-25,4,Customer Support,Good delivery experience
FDB004939,SHP000153,CUST00498,2025-12-12,1,Courier Behavior,Very poor experience
FDB004940,SHP004415,CUST03378,2025-12-05,4,Courier Behavior,Good delivery experience
FDB004941,SHP004539,CUST00401,2025-07-16,5,Overall Service,Excellent and fast service
FDB004942,SHP004489,CUST01689,2025-01-05,3,Courier Behavior,Average service
FDB004943,SHP003065,CUST01437,2025-11-09,4,Overall Service,Good delivery experience
FDB004944,SHP000808,CUST01638,2025-01-01,4,Customer Support,Good delivery experience
FDB004945,SHP003254,CUST04118,2025-10-05,1,Overall Service,Very poor experience
FDB004946,SHP002960,CUST04103,2025-01-09,4,Overall Service,Good delivery experience
FDB004947,SHP001081,CUST03943,2025-09-07,5,Package Handling,Excellent and fast service
FDB004948,SHP004657,CUST02739,2025-01-20,5,Delivery Speed,Excellent and fast service
FDB004949,SHP000814,CUST03311,2025-09-27,3,Package Handling,Average service
FDB004950,SHP004597,CUST03668,2025-03-01,4,Customer Support,Good delivery experience
FDB004951,SHP001429,CUST02250,2025-05-07,4,Courier Behavior,Good delivery experience
FDB004952,SHP002468,CUST00294,2025-10-26,1,Overall Service,Very poor experience
FDB004953,SHP004208,CUST04293,2025-08-22,4,Delivery Speed,Good delivery experience
FDB004954,SHP000318,CUST01749,2025-09-14,4,Overall Service,Good delivery experience
FDB004955,SHP004468,CUST01307,2025-10-28,5,Customer Support,Excellent and fast service
FDB004956,SHP004574,CUST02173,2025-06-21,1,Package Handling,Very poor experience
FDB004957,SHP004091,CUST00807,2025-01-01,3,Package Handling,Average service
FDB004958,SHP003761,CUST00066,2025-02-16,5,Package Handling,Excellent and fast service
FDB004959,SHP004770,CUST01052,2025-01-23,3,Overall Service,Average service
FDB004960,SHP003614,CUST02942,2025-09-10,3,Customer Support,Average service
FDB004961,SHP001941,CUST00788,2025-11-24,3,Overall Service,Average service
FDB004962,SHP001993,CUST02449,2025-03-10,4,Overall Service,Good delivery experience
FDB004963,SHP002233,CUST02337,2025-12-04,2,Package Handling,Delivery was slower than expected
FDB004964,SHP003881,CUST01008,2025-12-07,4,Delivery Speed,Good delivery experience
FDB004965,SHP003832,CUST02839,2025-06-03,4,Courier Behavior,Good delivery experience
FDB004966,SHP001165,CUST03037,2025-05-01,4,Delivery Speed,Good delivery experience
FDB004967,SHP002566,CUST04788,2025-10-19,3,Delivery Speed,Average service
FDB004968,SHP002556,CUST04863,2025-01-19,3,Delivery Speed,Average service
FDB004969,SHP000539,CUST04190,2025-02-01,4,Delivery Speed,Good delivery experience
FDB004970,SHP000172,CUST00914,2025-08-19,5,Package Handling,Excellent and fast service
FDB004971,SHP002692,CUST00780,2025-08-22,4,Package Handling,Good delivery experience
FDB004972,SHP002363,CUST00180,2025-04-03,4,Customer Support,Good delivery experience
FDB004973,SHP004952,CUST03028,2025-08-21,4,Customer Support,Good delivery experience
FDB004974,SHP001062,CUST00991,2025-05-15,5,Delivery Speed,Excellent and fast service
FDB004975,SHP003591,CUST01457,2025-04-20,5,Package Handling,Excellent and fast service
FDB004976,SHP001636,CUST02191,2025-08-29,5,Package Handling,Excellent and fast service
FDB004977,SHP001099,CUST00548,2025-02-17,5,Package Handling,Excellent and fast service
FDB004978,SHP004282,CUST02352,2025-07-18,5,Courier Behavior,Excellent and fast service
FDB004979,SHP000754,CUST00653,2025-02-27,5,Customer Support,Excellent and fast service
FDB004980,SHP002125,CUST00169,2025-04-25,3,Courier Behavior,Average service
FDB004981,SHP003111,CUST00380,2025-04-01,3,Overall Service,Average service
FDB004982,SHP000293,CUST04438,2025-09-04,3,Courier Behavior,Average service
FDB004983,SHP000062,CUST03259,2025-10-16,2,Customer Support,Delivery was slower than expected
FDB004984,SHP004840,CUST00992,2025-12-30,4,Courier Behavior,Good delivery experience
FDB004985,SHP001821,CUST01648,2025-06-09,5,Courier Behavior,Excellent and fast service
FDB004986,SHP000015,CUST04548,2025-04-06,4,Customer Support,Good delivery experience
FDB004987,SHP003474,CUST01314,2025-03-15,2,Customer Support,Delivery was slower than expected
FDB004988,SHP001355,CUST02314,2025-09-27,5,Courier Behavior,Excellent and fast service
FDB004989,SHP000843,CUST03840,2025-12-11,4,Package Handling,Good delivery experience
FDB004990,SHP002688,CUST01191,2025-09-02,2,Package Handling,Delivery was slower than expected
FDB004991,SHP000260,CUST04797,2025-07-15,4,Package Handling,Good delivery experience
FDB004992,SHP003754,CUST04251,2025-12-04,2,Delivery Speed,Delivery was slower than expected
FDB004993,SHP004503,CUST00315,2025-12-09,4,Customer Support,Good delivery experience
FDB004994,SHP000566,CUST03834,2025-11-20,3,Courier Behavior,Average service
FDB004995,SHP003105,CUST03920,2025-11-01,5,Courier Behavior,Excellent and fast service
FDB004996,SHP002157,CUST04623,2025-12-13,4,Customer Support,Good delivery experience
FDB004997,SHP001066,CUST00408,2025-05-02,5,Overall Service,Excellent and fast service
FDB004998,SHP001160,CUST04250,2025-03-26,4,Package Handling,Good delivery experience
FDB004999,SHP003266,CUST03940,2025-10-11,2,Overall Service,Delivery was slower than expected
FDB005000,SHP003442,CUST00567,2025-05-22,4,Delivery Speed,Good delivery experience
