item_id,shipment_id,item_category,item_description,quantity,declared_value,fragile_flag
ITEM000001,SHP000001,Food,Book,2,25476.74,No
ITEM000002,SHP000002,Books,Mobile Accessory,3,26359.55,No
ITEM000003,SHP000003,Food,Gadget,2,10602.83,No
ITEM000004,SHP000004,Household,Gadget,4,22518.85,No
ITEM000005,SHP000005,Documents,Business Document,3,23237.42,No
ITEM000006,SHP000006,Clothing,T-Shirt,3,2988.57,No
ITEM000007,SHP000007,Electronics,Business Document,5,41870.83,No
ITEM000008,SHP000008,Accessories,Home Item,3,31191.45,No
ITEM000009,SHP000009,Documents,Mobile Accessory,4,3494.22,Yes
ITEM000010,SHP000010,Books,Mobile Accessory,2,45611.62,No
ITEM000011,SHP000011,Clothing,Packed Food,5,29498.84,Yes
ITEM000012,SHP000012,Food,T-Shirt,4,20130.75,Yes
ITEM000013,SHP000013,Electronics,T-Shirt,2,8546.91,Yes
ITEM000014,SHP000014,Household,Packed Food,1,15431.56,No
ITEM000015,SHP000015,Books,Gadget,1,21209.23,No
ITEM000016,SHP000016,Clothing,Packed Food,5,30109.9,Yes
ITEM000017,SHP000017,Household,Business Document,5,46151.51,No
ITEM000018,SHP000018,Clothing,Business Document,3,1058.52,No
ITEM000019,SHP000019,Documents,Business Document,4,17073.71,No
ITEM000020,SHP000020,Documents,Mobile Accessory,2,13715.89,No
ITEM000021,SHP000021,Accessories,Home Item,1,40770.59,No
ITEM000022,SHP000022,Documents,Home Item,1,22260.23,No
ITEM000023,SHP000023,Clothing,Book,5,33821.56,No
ITEM000024,SHP000024,Food,Business Document,4,33377.32,No
ITEM000025,SHP000025,Household,T-Shirt,5,2260.89,No
ITEM000026,SHP000026,Clothing,Business Document,4,15440.42,No
ITEM000027,SHP000027,Clothing,Book,1,45320.02,No
ITEM000028,SHP000028,Electronics,Business Document,4,36799.02,No
ITEM000029,SHP000029,Food,Mobile Accessory,5,45739.66,Yes
ITEM000030,SHP000030,Food,Book,3,29745.3,No
ITEM000031,SHP000031,Books,Mobile Accessory,4,33295.62,Yes
ITEM000032,SHP000032,Clothing,Mobile Accessory,3,46854.41,No
ITEM000033,SHP000033,Documents,Mobile Accessory,1,40764.0,No
ITEM000034,SHP000034,Food,T-Shirt,3,15670.14,No
ITEM000035,SHP000035,Accessories,Packed Food,4,30182.17,No
ITEM000036,SHP000036,Accessories,Packed Food,5,2599.33,No
ITEM000037,SHP000037,Clothing,Packed Food,5,44993.35,No
ITEM000038,SHP000038,Household,T-Shirt,2,44128.19,No
ITEM000039,SHP000039,Books,T-Shirt,1,13429.04,No
ITEM000040,SHP000040,Documents,Mobile Accessory,5,12202.63,No
ITEM000041,SHP000041,Food,Packed Food,5,34111.66,Yes
ITEM000042,SHP000042,Books,Home Item,1,255.25,No
ITEM000043,SHP000043,Clothing,Packed Food,5,20571.01,No
ITEM000044,SHP000044,Documents,Gadget,4,15075.88,No
ITEM000045,SHP000045,Household,Home Item,2,3268.84,No
ITEM000046,SHP000046,Food,Business Document,1,15209.83,No
ITEM000047,SHP000047,Household,Book,3,16853.72,No
ITEM000048,SHP000048,Documents,Business Document,5,41151.97,Yes
ITEM000049,SHP000049,Household,Packed Food,4,40766.62,Yes
ITEM000050,SHP000050,Food,Mobile Accessory,2,43472.72,No
ITEM000051,SHP000051,Food,Gadget,5,6289.05,No
ITEM000052,SHP000052,Household,Home Item,3,9886.15,No
ITEM000053,SHP000053,Electronics,Mobile Accessory,1,8242.89,Yes
ITEM000054,SHP000054,Food,Business Document,1,30631.54,No
ITEM000055,SHP000055,Food,Home Item,4,13931.59,No
ITEM000056,SHP000056,Electronics,Book,4,40504.32,Yes
ITEM000057,SHP000057,Food,T-Shirt,3,47115.1,Yes
ITEM000058,SHP000058,Electronics,Packed Food,2,1251.26,Yes
ITEM000059,SHP000059,Books,Packed Food,2,23474.15,No
ITEM000060,SHP000060,Accessories,Packed Food,1,48758.56,No
ITEM000061,SHP000061,Accessories,Gadget,1,27912.89,No
ITEM000062,SHP000062,Food,Gadget,4,39726.01,No
ITEM000063,SHP000063,Documents,T-Shirt,5,26890.88,No
ITEM000064,SHP000064,Food,Home Item,5,37287.39,No
ITEM000065,SHP000065,Electronics,Gadget,3,8203.03,No
ITEM000066,SHP000066,Books,Gadget,2,33426.69,No
ITEM000067,SHP000067,Household,Mobile Accessory,1,40573.77,No
ITEM000068,SHP000068,Books,Book,1,36706.97,No
ITEM000069,SHP000069,Clothing,Mobile Accessory,1,15691.27,No
ITEM000070,SHP000070,Accessories,Gadget,5,16835.53,No
ITEM000071,SHP000071,Books,T-Shirt,3,48808.81,Yes
ITEM000072,SHP000072,Documents,Mobile Accessory,3,46154.09,Yes
ITEM000073,SHP000073,Electronics,Mobile Accessory,1,25952.46,No
ITEM000074,SHP000074,Electronics,Business Document,2,34732.95,No
ITEM000075,SHP000075,Books,T-Shirt,4,40573.99,No
ITEM000076,SHP000076,Books,Business Document,5,29499.27,No
ITEM000077,SHP000077,Household,T-Shirt,2,3902.31,No
ITEM000078,SHP000078,Documents,Packed Food,4,23879.06,No
ITEM000079,SHP000079,Books,Business Document,1,42251.25,No
ITEM000080,SHP000080,Documents,T-Shirt,4,16376.87,No
ITEM000081,SHP000081,Documents,Packed Food,1,25228.64,Yes
ITEM000082,SHP000082,Electronics,Home Item,5,10428.5,No
ITEM000083,SHP000083,Clothing,Book,2,41217.69,No
ITEM000084,SHP000084,Accessories,Home Item,1,10254.51,No
ITEM000085,SHP000085,Food,Packed Food,3,37156.01,No
ITEM000086,SHP000086,Documents,Book,3,32027.88,No
ITEM000087,SHP000087,Clothing,Gadget,3,46785.0,No
ITEM000088,SHP000088,Household,Gadget,5,29594.58,No
ITEM000089,SHP000089,Household,Packed Food,3,34760.0,No
ITEM000090,SHP000090,Household,Book,5,49683.5,No
ITEM000091,SHP000091,Household,Mobile Accessory,4,16504.56,No
ITEM000092,SHP000092,Books,Business Document,3,12198.17,Yes
ITEM000093,SHP000093,Clothing,Mobile Accessory,2,17383.23,No
ITEM000094,SHP000094,Electronics,Business Document,3,34703.95,No
ITEM000095,SHP000095,Household,Home Item,1,23841.95,No
ITEM000096,SHP000096,Clothing,Book,2,31266.22,No
ITEM000097,SHP000097,Food,Business Document,3,48507.86,No
ITEM000098,SHP000098,Household,Book,1,27012.33,No
ITEM000099,SHP000099,Books,T-Shirt,5,33240.65,Yes
ITEM000100,SHP000100,Household,Book,3,8152.58,No
ITEM000101,SHP000101,Food,T-Shirt,5,16345.16,No
ITEM000102,SHP000102,Books,T-Shirt,4,40588.91,No
ITEM000103,SHP000103,Books,Business Document,2,284.86,No
ITEM000104,SHP000104,Accessories,Packed Food,5,30613.04,No
ITEM000105,SHP000105,Food,Home Item,4,38201.11,Yes
ITEM000106,SHP000106,Clothing,Mobile Accessory,1,16539.25,No
ITEM000107,SHP000107,Household,Packed Food,4,14958.23,No
ITEM000108,SHP000108,Electronics,Packed Food,3,10828.39,Yes
ITEM000109,SHP000109,Food,Packed Food,5,38068.48,No
ITEM000110,SHP000110,Electronics,Home Item,3,49142.19,No
ITEM000111,SHP000111,Accessories,Gadget,4,35256.41,No
ITEM000112,SHP000112,Books,Mobile Accessory,2,38718.41,No
ITEM000113,SHP000113,Clothing,Book,2,15948.65,No
ITEM000114,SHP000114,Clothing,Business Document,4,35416.64,No
ITEM000115,SHP000115,Clothing,Book,4,31328.26,Yes
ITEM000116,SHP000116,Books,Business Document,1,7297.99,No
ITEM000117,SHP000117,Electronics,T-Shirt,4,32909.89,No
ITEM000118,SHP000118,Clothing,Packed Food,1,46732.78,No
ITEM000119,SHP000119,Clothing,Business Document,3,25147.17,No
ITEM000120,SHP000120,Household,Packed Food,3,43674.07,No
ITEM000121,SHP000121,Books,T-Shirt,1,44973.56,No
ITEM000122,SHP000122,Household,Gadget,3,4165.2,No
ITEM000123,SHP000123,Clothing,Business Document,4,41676.76,No
ITEM000124,SHP000124,Household,Mobile Accessory,4,26724.01,Yes
ITEM000125,SHP000125,Clothing,Packed Food,2,32234.71,No
ITEM000126,SHP000126,Household,Book,5,5935.35,No
ITEM000127,SHP000127,Books,T-Shirt,4,6228.61,No
ITEM000128,SHP000128,Clothing,Business Document,1,36032.56,No
ITEM000129,SHP000129,Documents,Gadget,3,41459.16,No
ITEM000130,SHP000130,Electronics,Packed Food,5,49104.12,Yes
ITEM000131,SHP000131,Household,Book,4,46354.03,No
ITEM000132,SHP000132,Clothing,Home Item,3,40677.6,Yes
ITEM000133,SHP000133,Accessories,Business Document,1,48545.66,No
ITEM000134,SHP000134,Electronics,Packed Food,1,35538.41,No
ITEM000135,SHP000135,Household,Mobile Accessory,4,49695.12,Yes
ITEM000136,SHP000136,Documents,Gadget,4,18821.28,No
ITEM000137,SHP000137,Clothing,Business Document,1,2823.64,No
ITEM000138,SHP000138,Documents,Packed Food,3,36213.76,No
ITEM000139,SHP000139,Electronics,Packed Food,2,11754.43,No
ITEM000140,SHP000140,Books,Business Document,1,18731.52,Yes
ITEM000141,SHP000141,Accessories,T-Shirt,1,14062.55,No
ITEM000142,SHP000142,Electronics,Home Item,1,564.78,No
ITEM000143,SHP000143,Food,Packed Food,4,25294.6,Yes
ITEM000144,SHP000144,Books,Gadget,2,4245.58,Yes
ITEM000145,SHP000145,Household,Book,4,11262.6,Yes
ITEM000146,SHP000146,Clothing,Mobile Accessory,1,20460.35,Yes
ITEM000147,SHP000147,Household,T-Shirt,3,25599.04,No
ITEM000148,SHP000148,Food,Book,4,37429.2,Yes
ITEM000149,SHP000149,Documents,Book,4,10647.49,No
ITEM000150,SHP000150,Documents,Gadget,4,24466.0,No
ITEM000151,SHP000151,Accessories,Gadget,5,34008.21,No
ITEM000152,SHP000152,Food,T-Shirt,1,30799.59,No
ITEM000153,SHP000153,Clothing,Book,3,8192.13,No
ITEM000154,SHP000154,Clothing,Book,5,41447.79,No
ITEM000155,SHP000155,Food,Book,5,1127.31,No
ITEM000156,SHP000156,Household,Home Item,2,22028.33,No
ITEM000157,SHP000157,Electronics,Gadget,1,14975.52,No
ITEM000158,SHP000158,Accessories,Book,4,5171.96,No
ITEM000159,SHP000159,Food,Mobile Accessory,1,38073.65,No
ITEM000160,SHP000160,Books,T-Shirt,5,43439.15,Yes
ITEM000161,SHP000161,Books,Packed Food,5,26843.31,No
ITEM000162,SHP000162,Food,Mobile Accessory,3,28505.74,No
ITEM000163,SHP000163,Electronics,T-Shirt,1,28011.98,No
ITEM000164,SHP000164,Accessories,T-Shirt,2,17887.35,No
ITEM000165,SHP000165,Books,Mobile Accessory,5,26132.93,No
ITEM000166,SHP000166,Clothing,Home Item,4,27731.8,No
ITEM000167,SHP000167,Household,Home Item,1,49887.9,No
ITEM000168,SHP000168,Household,Gadget,3,16847.0,No
ITEM000169,SHP000169,Books,Mobile Accessory,1,39226.34,No
ITEM000170,SHP000170,Clothing,Business Document,4,13989.12,No
ITEM000171,SHP000171,Books,Book,1,15168.99,Yes
ITEM000172,SHP000172,Food,Book,5,2190.06,No
ITEM000173,SHP000173,Books,Mobile Accessory,1,7491.89,No
ITEM000174,SHP000174,Books,Business Document,1,20365.34,Yes
ITEM000175,SHP000175,Accessories,Gadget,5,40512.73,No
ITEM000176,SHP000176,Electronics,Business Document,5,26703.68,Yes
ITEM000177,SHP000177,Food,Gadget,5,22100.21,Yes
ITEM000178,SHP000178,Electronics,T-Shirt,5,41887.4,No
ITEM000179,SHP000179,Documents,Mobile Accessory,4,37414.21,Yes
ITEM000180,SHP000180,Food,Book,3,20888.6,No
ITEM000181,SHP000181,Household,Book,2,49457.41,Yes
ITEM000182,SHP000182,Books,Mobile Accessory,3,39907.49,No
ITEM000183,SHP000183,Documents,Home Item,1,20597.35,No
ITEM000184,SHP000184,Accessories,Mobile Accessory,4,40673.77,Yes
ITEM000185,SHP000185,Clothing,Gadget,5,28337.07,Yes
ITEM000186,SHP000186,Food,T-Shirt,5,3140.66,No
ITEM000187,SHP000187,Food,Business Document,2,36042.95,No
ITEM000188,SHP000188,Accessories,Business Document,4,20008.4,No
ITEM000189,SHP000189,Books,Book,4,36293.06,No
ITEM000190,SHP000190,Household,Packed Food,3,23648.46,No
ITEM000191,SHP000191,Food,Packed Food,1,14446.57,Yes
ITEM000192,SHP000192,Accessories,Book,3,14899.41,No
ITEM000193,SHP000193,Books,Mobile Accessory,4,8985.83,No
ITEM000194,SHP000194,Books,T-Shirt,1,44636.29,No
ITEM000195,SHP000195,Accessories,Packed Food,1,47681.08,No
ITEM000196,SHP000196,Food,Packed Food,4,35100.58,No
ITEM000197,SHP000197,Food,Gadget,1,3964.13,Yes
ITEM000198,SHP000198,Household,Business Document,2,24516.57,No
ITEM000199,SHP000199,Clothing,Mobile Accessory,5,3949.64,No
ITEM000200,SHP000200,Accessories,Business Document,5,15758.61,No
ITEM000201,SHP000201,Books,Book,5,2098.95,No
ITEM000202,SHP000202,Electronics,Gadget,1,49774.47,No
ITEM000203,SHP000203,Clothing,Business Document,3,21489.69,No
ITEM000204,SHP000204,Clothing,Book,1,13915.32,No
ITEM000205,SHP000205,Electronics,Business Document,5,4230.84,No
ITEM000206,SHP000206,Food,Mobile Accessory,3,7359.41,No
ITEM000207,SHP000207,Food,Gadget,4,11597.74,No
ITEM000208,SHP000208,Books,Home Item,1,22328.38,No
ITEM000209,SHP000209,Food,Business Document,1,7053.07,No
ITEM000210,SHP000210,Electronics,Gadget,4,4857.04,Yes
ITEM000211,SHP000211,Clothing,Business Document,4,33959.2,Yes
ITEM000212,SHP000212,Accessories,Mobile Accessory,5,29746.26,No
ITEM000213,SHP000213,Clothing,Book,5,9319.7,No
ITEM000214,SHP000214,Documents,Business Document,5,25560.65,No
ITEM000215,SHP000215,Household,Packed Food,4,11979.13,Yes
ITEM000216,SHP000216,Accessories,Mobile Accessory,4,4442.86,No
ITEM000217,SHP000217,Household,Book,4,35888.46,Yes
ITEM000218,SHP000218,Food,Gadget,2,26400.4,No
ITEM000219,SHP000219,Electronics,Packed Food,3,30263.14,No
ITEM000220,SHP000220,Food,T-Shirt,5,7704.53,No
ITEM000221,SHP000221,Food,Home Item,2,37618.57,No
ITEM000222,SHP000222,Household,Book,1,38479.24,No
ITEM000223,SHP000223,Books,Business Document,2,25066.27,No
ITEM000224,SHP000224,Documents,Mobile Accessory,3,43366.5,No
ITEM000225,SHP000225,Food,Mobile Accessory,5,49599.19,No
ITEM000226,SHP000226,Documents,Packed Food,3,22007.13,No
ITEM000227,SHP000227,Electronics,Gadget,4,34799.47,No
ITEM000228,SHP000228,Electronics,Packed Food,4,1255.8,No
ITEM000229,SHP000229,Clothing,T-Shirt,2,3627.97,No
ITEM000230,SHP000230,Electronics,Home Item,4,25206.32,No
ITEM000231,SHP000231,Clothing,Gadget,2,8780.88,No
ITEM000232,SHP000232,Food,Packed Food,2,1354.66,No
ITEM000233,SHP000233,Electronics,Gadget,4,3331.66,No
ITEM000234,SHP000234,Electronics,Home Item,3,5410.98,Yes
ITEM000235,SHP000235,Electronics,Packed Food,2,46469.19,No
ITEM000236,SHP000236,Books,Home Item,2,33841.78,No
ITEM000237,SHP000237,Electronics,Mobile Accessory,2,39482.99,No
ITEM000238,SHP000238,Household,Book,2,8669.98,No
ITEM000239,SHP000239,Household,T-Shirt,2,16414.27,No
ITEM000240,SHP000240,Documents,Gadget,2,5823.74,Yes
ITEM000241,SHP000241,Clothing,Business Document,1,43435.77,No
ITEM000242,SHP000242,Household,Gadget,4,22405.39,Yes
ITEM000243,SHP000243,Food,Mobile Accessory,2,44290.17,Yes
ITEM000244,SHP000244,Books,Packed Food,3,32354.31,No
ITEM000245,SHP000245,Electronics,Business Document,3,45780.63,No
ITEM000246,SHP000246,Clothing,T-Shirt,2,35223.94,No
ITEM000247,SHP000247,Accessories,Mobile Accessory,5,27383.58,Yes
ITEM000248,SHP000248,Books,Business Document,2,691.17,Yes
ITEM000249,SHP000249,Household,Business Document,3,15990.19,No
ITEM000250,SHP000250,Accessories,Packed Food,4,31253.0,No
ITEM000251,SHP000251,Food,Business Document,2,49785.45,Yes
ITEM000252,SHP000252,Household,Home Item,5,25877.81,No
ITEM000253,SHP000253,Accessories,Business Document,1,33135.96,No
ITEM000254,SHP000254,Accessories,T-Shirt,3,46719.14,No
ITEM000255,SHP000255,Accessories,Home Item,3,5984.87,No
ITEM000256,SHP000256,Electronics,Business Document,2,26779.72,No
ITEM000257,SHP000257,Books,Mobile Accessory,1,39389.5,No
ITEM000258,SHP000258,Clothing,Business Document,2,19212.25,No
ITEM000259,SHP000259,Electronics,Gadget,5,29506.41,Yes
ITEM000260,SHP000260,Accessories,Packed Food,5,35368.21,Yes
ITEM000261,SHP000261,Food,Gadget,5,38292.82,No
ITEM000262,SHP000262,Books,Home Item,4,13361.65,No
ITEM000263,SHP000263,Clothing,Home Item,5,10360.82,No
ITEM000264,SHP000264,Clothing,T-Shirt,1,46056.96,No
ITEM000265,SHP000265,Books,T-Shirt,1,1352.12,No
ITEM000266,SHP000266,Clothing,Book,4,40261.55,No
ITEM000267,SHP000267,Food,Business Document,5,11231.14,No
ITEM000268,SHP000268,Books,Home Item,2,38221.89,No
ITEM000269,SHP000269,Documents,Home Item,5,26910.86,No
ITEM000270,SHP000270,Food,Packed Food,3,25094.8,No
ITEM000271,SHP000271,Clothing,Home Item,5,17367.34,No
ITEM000272,SHP000272,Food,Book,1,46207.42,No
ITEM000273,SHP000273,Household,Book,4,9205.29,No
ITEM000274,SHP000274,Documents,Packed Food,3,2865.94,Yes
ITEM000275,SHP000275,Electronics,Book,2,27735.39,No
ITEM000276,SHP000276,Books,T-Shirt,4,5387.19,No
ITEM000277,SHP000277,Books,Packed Food,1,28938.84,Yes
ITEM000278,SHP000278,Household,Gadget,5,26166.75,No
ITEM000279,SHP000279,Documents,Book,5,33562.17,No
ITEM000280,SHP000280,Documents,Home Item,3,43389.82,Yes
ITEM000281,SHP000281,Accessories,T-Shirt,3,17979.07,No
ITEM000282,SHP000282,Accessories,Book,4,29642.22,No
ITEM000283,SHP000283,Electronics,Gadget,3,25277.32,No
ITEM000284,SHP000284,Clothing,Mobile Accessory,4,9056.72,No
ITEM000285,SHP000285,Clothing,Book,1,19532.85,No
ITEM000286,SHP000286,Documents,Home Item,5,25756.97,No
ITEM000287,SHP000287,Clothing,Book,5,4292.35,No
ITEM000288,SHP000288,Food,Gadget,3,10654.99,No
ITEM000289,SHP000289,Accessories,Packed Food,4,22692.1,No
ITEM000290,SHP000290,Accessories,Mobile Accessory,3,31507.22,Yes
ITEM000291,SHP000291,Household,Gadget,2,31185.83,No
ITEM000292,SHP000292,Books,T-Shirt,2,11906.07,No
ITEM000293,SHP000293,Household,Gadget,2,47814.43,No
ITEM000294,SHP000294,Food,Gadget,5,13590.82,Yes
ITEM000295,SHP000295,Clothing,Packed Food,4,23381.12,No
ITEM000296,SHP000296,Clothing,T-Shirt,5,27003.4,No
ITEM000297,SHP000297,Clothing,T-Shirt,1,17987.4,No
ITEM000298,SHP000298,Clothing,Mobile Accessory,2,27413.68,No
ITEM000299,SHP000299,Electronics,Gadget,3,19020.51,Yes
ITEM000300,SHP000300,Food,T-Shirt,1,25649.45,Yes
ITEM000301,SHP000301,Documents,T-Shirt,1,29637.18,No
ITEM000302,SHP000302,Books,T-Shirt,4,5942.86,Yes
ITEM000303,SHP000303,Household,Business Document,5,35550.64,No
ITEM000304,SHP000304,Food,Home Item,3,37244.89,Yes
ITEM000305,SHP000305,Documents,Business Document,5,4305.75,No
ITEM000306,SHP000306,Books,Business Document,5,2533.06,No
ITEM000307,SHP000307,Clothing,Book,4,37543.88,No
ITEM000308,SHP000308,Documents,T-Shirt,4,47601.25,No
ITEM000309,SHP000309,Food,Packed Food,2,19478.51,No
ITEM000310,SHP000310,Books,Home Item,2,44751.08,No
ITEM000311,SHP000311,Electronics,Book,5,42752.14,No
ITEM000312,SHP000312,Documents,Gadget,5,10282.01,No
ITEM000313,SHP000313,Household,Gadget,5,29849.59,Yes
ITEM000314,SHP000314,Documents,Packed Food,2,1031.01,Yes
ITEM000315,SHP000315,Household,Business Document,2,44102.49,No
ITEM000316,SHP000316,Clothing,T-Shirt,1,26145.02,No
ITEM000317,SHP000317,Books,Book,2,47949.17,No
ITEM000318,SHP000318,Accessories,Home Item,2,17487.58,No
ITEM000319,SHP000319,Accessories,Gadget,4,1355.68,No
ITEM000320,SHP000320,Documents,Business Document,1,14477.57,No
ITEM000321,SHP000321,Electronics,Mobile Accessory,5,16873.84,No
ITEM000322,SHP000322,Books,Mobile Accessory,4,24724.2,Yes
ITEM000323,SHP000323,Household,Business Document,4,7908.13,No
ITEM000324,SHP000324,Food,T-Shirt,3,33907.92,No
ITEM000325,SHP000325,Food,Home Item,3,3956.05,No
ITEM000326,SHP000326,Household,Book,5,11767.08,No
ITEM000327,SHP000327,Household,Mobile Accessory,2,468.21,No
ITEM000328,SHP000328,Electronics,Home Item,1,27076.92,No
ITEM000329,SHP000329,Books,Mobile Accessory,2,10904.51,Yes
ITEM000330,SHP000330,Clothing,Book,1,30077.51,No
ITEM000331,SHP000331,Electronics,Packed Food,5,28295.53,No
ITEM000332,SHP000332,Accessories,Mobile Accessory,4,39308.56,No
ITEM000333,SHP000333,Household,T-Shirt,3,34939.47,Yes
ITEM000334,SHP000334,Accessories,Business Document,2,2609.6,No
ITEM000335,SHP000335,Electronics,Gadget,2,25999.08,No
ITEM000336,SHP000336,Accessories,Book,2,43089.64,Yes
ITEM000337,SHP000337,Books,Business Document,5,3503.94,Yes
ITEM000338,SHP000338,Documents,Gadget,5,47595.51,Yes
ITEM000339,SHP000339,Electronics,T-Shirt,5,49598.39,No
ITEM000340,SHP000340,Food,T-Shirt,2,21269.29,No
ITEM000341,SHP000341,Clothing,Business Document,3,15896.83,No
ITEM000342,SHP000342,Accessories,T-Shirt,3,42287.93,No
ITEM000343,SHP000343,Food,Home Item,5,43412.12,No
ITEM000344,SHP000344,Food,Business Document,3,41220.24,No
ITEM000345,SHP000345,Electronics,Book,4,40567.47,No
ITEM000346,SHP000346,Clothing,Book,4,34100.98,No
ITEM000347,SHP000347,Household,Mobile Accessory,4,1898.82,Yes
ITEM000348,SHP000348,Food,Gadget,2,28948.56,No
ITEM000349,SHP000349,Documents,Book,3,14093.55,No
ITEM000350,SHP000350,Clothing,Gadget,2,29861.76,No
ITEM000351,SHP000351,Books,Business Document,2,15227.89,No
ITEM000352,SHP000352,Electronics,Packed Food,1,14602.7,No
ITEM000353,SHP000353,Household,Business Document,3,13095.16,No
ITEM000354,SHP000354,Food,Book,1,18917.75,No
ITEM000355,SHP000355,Documents,T-Shirt,4,18620.38,Yes
ITEM000356,SHP000356,Accessories,Business Document,5,43208.1,No
ITEM000357,SHP000357,Clothing,T-Shirt,4,20379.55,Yes
ITEM000358,SHP000358,Accessories,Packed Food,5,18337.82,No
ITEM000359,SHP000359,Accessories,Book,2,12857.57,No
ITEM000360,SHP000360,Accessories,Packed Food,1,27451.95,No
ITEM000361,SHP000361,Electronics,Gadget,2,18099.69,Yes
ITEM000362,SHP000362,Electronics,Business Document,1,48917.46,Yes
ITEM000363,SHP000363,Documents,Book,5,23655.41,No
ITEM000364,SHP000364,Household,T-Shirt,2,378.9,No
ITEM000365,SHP000365,Documents,Packed Food,1,17677.66,No
ITEM000366,SHP000366,Documents,Gadget,1,9636.55,No
ITEM000367,SHP000367,Books,Home Item,2,17710.94,No
ITEM000368,SHP000368,Accessories,Mobile Accessory,5,12876.67,No
ITEM000369,SHP000369,Electronics,Gadget,1,11224.44,No
ITEM000370,SHP000370,Books,Business Document,4,10141.1,No
ITEM000371,SHP000371,Food,Home Item,5,45807.13,No
ITEM000372,SHP000372,Books,Book,2,1845.7,No
ITEM000373,SHP000373,Food,Gadget,1,39269.25,No
ITEM000374,SHP000374,Books,Gadget,3,6210.55,No
ITEM000375,SHP000375,Accessories,Packed Food,3,2555.66,No
ITEM000376,SHP000376,Books,Home Item,2,17369.0,Yes
ITEM000377,SHP000377,Documents,Business Document,5,32529.91,No
ITEM000378,SHP000378,Electronics,Gadget,4,49473.97,No
ITEM000379,SHP000379,Clothing,T-Shirt,3,13252.34,No
ITEM000380,SHP000380,Documents,Mobile Accessory,3,13117.73,No
ITEM000381,SHP000381,Household,T-Shirt,4,7635.78,Yes
ITEM000382,SHP000382,Accessories,Packed Food,2,40952.82,Yes
ITEM000383,SHP000383,Clothing,Book,2,39826.27,No
ITEM000384,SHP000384,Books,Gadget,1,23416.89,No
ITEM000385,SHP000385,Household,Gadget,5,17290.41,No
ITEM000386,SHP000386,Accessories,Home Item,5,11211.67,No
ITEM000387,SHP000387,Accessories,Mobile Accessory,3,23058.32,Yes
ITEM000388,SHP000388,Documents,Business Document,3,40494.74,No
ITEM000389,SHP000389,Electronics,Business Document,3,34806.88,No
ITEM000390,SHP000390,Household,Home Item,1,24826.84,Yes
ITEM000391,SHP000391,Accessories,Mobile Accessory,5,26906.42,No
ITEM000392,SHP000392,Clothing,Packed Food,1,28624.58,No
ITEM000393,SHP000393,Clothing,Book,2,38153.39,No
ITEM000394,SHP000394,Books,T-Shirt,4,5970.25,No
ITEM000395,SHP000395,Household,Home Item,4,26051.57,No
ITEM000396,SHP000396,Household,Book,4,11103.46,No
ITEM000397,SHP000397,Documents,Mobile Accessory,3,45355.94,No
ITEM000398,SHP000398,Household,Packed Food,2,45876.85,No
ITEM000399,SHP000399,Accessories,Book,5,9906.56,No
ITEM000400,SHP000400,Accessories,Home Item,5,43634.52,No
ITEM000401,SHP000401,Books,Home Item,1,36786.97,Yes
ITEM000402,SHP000402,Clothing,Home Item,2,25368.41,No
ITEM000403,SHP000403,Clothing,Business Document,1,36896.11,No
ITEM000404,SHP000404,Household,T-Shirt,5,3939.4,Yes
ITEM000405,SHP000405,Documents,T-Shirt,3,46719.39,No
ITEM000406,SHP000406,Books,Packed Food,4,30285.18,Yes
ITEM000407,SHP000407,Electronics,T-Shirt,2,1130.16,No
ITEM000408,SHP000408,Food,Mobile Accessory,4,19269.65,No
ITEM000409,SHP000409,Documents,Business Document,4,20675.34,No
ITEM000410,SHP000410,Accessories,Home Item,1,43807.81,No
ITEM000411,SHP000411,Documents,Business Document,2,36404.66,Yes
ITEM000412,SHP000412,Food,Business Document,3,4435.93,Yes
ITEM000413,SHP000413,Documents,Business Document,2,1367.28,No
ITEM000414,SHP000414,Electronics,Business Document,1,2013.22,No
ITEM000415,SHP000415,Electronics,Home Item,2,1836.0,No
ITEM000416,SHP000416,Electronics,Home Item,5,16445.29,No
ITEM000417,SHP000417,Household,Business Document,5,12914.24,No
ITEM000418,SHP000418,Accessories,Gadget,2,40073.26,Yes
ITEM000419,SHP000419,Documents,T-Shirt,4,34394.85,No
ITEM000420,SHP000420,Electronics,Home Item,5,8044.01,No
ITEM000421,SHP000421,Household,Book,2,28968.01,No
ITEM000422,SHP000422,Electronics,Packed Food,5,47074.82,No
ITEM000423,SHP000423,Food,Business Document,2,29709.83,No
ITEM000424,SHP000424,Food,Gadget,3,22850.26,Yes
ITEM000425,SHP000425,Accessories,Packed Food,1,40345.0,Yes
ITEM000426,SHP000426,Clothing,Business Document,4,41762.29,No
ITEM000427,SHP000427,Documents,Mobile Accessory,3,19163.65,Yes
ITEM000428,SHP000428,Books,T-Shirt,5,9059.25,Yes
ITEM000429,SHP000429,Electronics,Packed Food,2,41234.03,No
ITEM000430,SHP000430,Food,Home Item,1,38840.78,No
ITEM000431,SHP000431,Household,Business Document,4,34261.94,No
ITEM000432,SHP000432,Electronics,Packed Food,4,22760.91,No
ITEM000433,SHP000433,Documents,T-Shirt,2,8694.64,No
ITEM000434,SHP000434,Clothing,Mobile Accessory,2,38892.39,No
ITEM000435,SHP000435,Household,T-Shirt,4,10710.27,No
ITEM000436,SHP000436,Electronics,Packed Food,2,12898.47,Yes
ITEM000437,SHP000437,Electronics,T-Shirt,5,8325.42,No
ITEM000438,SHP000438,Clothing,Packed Food,5,44149.96,No
ITEM000439,SHP000439,Electronics,Packed Food,3,24476.66,No
ITEM000440,SHP000440,Household,Business Document,5,6215.72,No
ITEM000441,SHP000441,Documents,Business Document,2,38234.04,No
ITEM000442,SHP000442,Books,T-Shirt,5,27680.63,Yes
ITEM000443,SHP000443,Books,Home Item,3,38027.04,No
ITEM000444,SHP000444,Books,Packed Food,5,33265.26,No
ITEM000445,SHP000445,Accessories,Home Item,1,38359.54,No
ITEM000446,SHP000446,Books,Gadget,3,6789.37,No
ITEM000447,SHP000447,Accessories,Home Item,3,7225.81,No
ITEM000448,SHP000448,Clothing,Business Document,4,25205.85,Yes
ITEM000449,SHP000449,Household,Book,3,39423.43,No
ITEM000450,SHP000450,Books,Business Document,4,33310.99,No
ITEM000451,SHP000451,Household,Business Document,1,39688.02,Yes
ITEM000452,SHP000452,Food,Home Item,3,18265.45,Yes
ITEM000453,SHP000453,Accessories,Packed Food,1,1896.57,Yes
ITEM000454,SHP000454,Food,Book,2,5884.43,No
ITEM000455,SHP000455,Books,Home Item,3,14681.08,No
ITEM000456,SHP000456,Household,Gadget,2,46017.62,No
ITEM000457,SHP000457,Household,Book,2,36752.9,Yes
ITEM000458,SHP000458,Clothing,Book,4,30191.17,No
ITEM000459,SHP000459,Clothing,Gadget,1,45070.79,No
ITEM000460,SHP000460,Books,Gadget,3,390.61,No
ITEM000461,SHP000461,Food,Home Item,5,26091.63,No
ITEM000462,SHP000462,Books,Book,3,35178.04,No
ITEM000463,SHP000463,Documents,Business Document,3,1560.15,No
ITEM000464,SHP000464,Documents,T-Shirt,4,36302.04,Yes
ITEM000465,SHP000465,Clothing,T-Shirt,2,33006.45,No
ITEM000466,SHP000466,Books,Business Document,1,30580.05,No
ITEM000467,SHP000467,Books,Gadget,5,48033.24,No
ITEM000468,SHP000468,Books,Mobile Accessory,3,9255.06,No
ITEM000469,SHP000469,Documents,Mobile Accessory,3,48607.24,No
ITEM000470,SHP000470,Documents,Book,4,45943.57,No
ITEM000471,SHP000471,Documents,T-Shirt,1,40087.43,Yes
ITEM000472,SHP000472,Electronics,Book,5,45985.15,Yes
ITEM000473,SHP000473,Food,Book,2,48218.34,Yes
ITEM000474,SHP000474,Books,Home Item,1,27724.04,No
ITEM000475,SHP000475,Household,Packed Food,3,21127.43,No
ITEM000476,SHP000476,Clothing,Book,2,15613.23,No
ITEM000477,SHP000477,Clothing,Business Document,4,11419.22,No
ITEM000478,SHP000478,Electronics,Home Item,5,25340.99,No
ITEM000479,SHP000479,Documents,Gadget,4,39076.52,Yes
ITEM000480,SHP000480,Documents,Gadget,5,18954.54,Yes
ITEM000481,SHP000481,Accessories,Book,2,41186.29,No
ITEM000482,SHP000482,Books,Home Item,2,24983.77,Yes
ITEM000483,SHP000483,Accessories,T-Shirt,3,12347.72,No
ITEM000484,SHP000484,Electronics,Business Document,4,30795.3,No
ITEM000485,SHP000485,Documents,Business Document,3,46718.97,No
ITEM000486,SHP000486,Documents,Packed Food,1,8456.63,Yes
ITEM000487,SHP000487,Household,Business Document,3,25505.71,Yes
ITEM000488,SHP000488,Household,Mobile Accessory,2,3700.39,No
ITEM000489,SHP000489,Clothing,Business Document,1,38428.25,Yes
ITEM000490,SHP000490,Clothing,Home Item,1,43843.07,No
ITEM000491,SHP000491,Documents,Packed Food,3,9372.38,Yes
ITEM000492,SHP000492,Food,Packed Food,4,7203.65,Yes
ITEM000493,SHP000493,Clothing,Book,5,1845.86,No
ITEM000494,SHP000494,Food,Mobile Accessory,5,36605.8,No
ITEM000495,SHP000495,Household,Mobile Accessory,3,2295.09,No
ITEM000496,SHP000496,Electronics,Gadget,3,48566.02,No
ITEM000497,SHP000497,Clothing,Business Document,4,12328.67,No
ITEM000498,SHP000498,Clothing,Packed Food,3,29858.59,No
ITEM000499,SHP000499,Documents,T-Shirt,1,33092.33,Yes
ITEM000500,SHP000500,Accessories,Home Item,3,8023.75,Yes
ITEM000501,SHP000501,Household,Book,4,7957.58,No
ITEM000502,SHP000502,Books,T-Shirt,4,970.02,No
ITEM000503,SHP000503,Accessories,Business Document,4,37667.45,No
ITEM000504,SHP000504,Electronics,Book,4,6632.47,No
ITEM000505,SHP000505,Documents,Home Item,5,15258.78,No
ITEM000506,SHP000506,Books,Book,4,25795.43,No
ITEM000507,SHP000507,Books,Mobile Accessory,5,38198.74,No
ITEM000508,SHP000508,Household,Mobile Accessory,2,13745.87,No
ITEM000509,SHP000509,Clothing,Business Document,4,37566.55,No
ITEM000510,SHP000510,Documents,Business Document,1,18770.41,No
ITEM000511,SHP000511,Food,Packed Food,4,33239.13,No
ITEM000512,SHP000512,Books,Book,1,20674.9,No
ITEM000513,SHP000513,Food,Gadget,3,44218.73,No
ITEM000514,SHP000514,Accessories,Book,3,16494.61,No
ITEM000515,SHP000515,Accessories,T-Shirt,5,35948.68,Yes
ITEM000516,SHP000516,Electronics,Gadget,1,29974.88,Yes
ITEM000517,SHP000517,Books,Gadget,1,40790.67,No
ITEM000518,SHP000518,Documents,Home Item,3,44617.43,No
ITEM000519,SHP000519,Food,Packed Food,3,45957.59,Yes
ITEM000520,SHP000520,Food,T-Shirt,4,31871.05,Yes
ITEM000521,SHP000521,Food,T-Shirt,5,15680.1,No
ITEM000522,SHP000522,Clothing,Business Document,1,3619.42,Yes
ITEM000523,SHP000523,Accessories,Packed Food,2,11132.24,No
ITEM000524,SHP000524,Household,Book,2,8448.5,Yes
ITEM000525,SHP000525,Household,Gadget,5,10177.22,No
ITEM000526,SHP000526,Clothing,Mobile Accessory,2,46780.47,No
ITEM000527,SHP000527,Documents,Gadget,3,24895.11,No
ITEM000528,SHP000528,Electronics,T-Shirt,4,21707.83,No
ITEM000529,SHP000529,Books,Business Document,3,11506.27,No
ITEM000530,SHP000530,Clothing,Business Document,3,25057.81,No
ITEM000531,SHP000531,Books,Packed Food,5,49389.72,No
ITEM000532,SHP000532,Accessories,Home Item,3,10637.78,No
ITEM000533,SHP000533,Electronics,Home Item,5,14420.98,No
ITEM000534,SHP000534,Documents,Mobile Accessory,5,38239.73,Yes
ITEM000535,SHP000535,Household,Home Item,1,46451.88,Yes
ITEM000536,SHP000536,Documents,Business Document,4,26369.86,No
ITEM000537,SHP000537,Accessories,Packed Food,5,38698.06,No
ITEM000538,SHP000538,Electronics,Book,2,1002.49,No
ITEM000539,SHP000539,Documents,Home Item,2,32107.98,No
ITEM000540,SHP000540,Documents,Book,5,2325.63,Yes
ITEM000541,SHP000541,Books,Book,4,49499.25,No
ITEM000542,SHP000542,Clothing,Gadget,1,27679.41,No
ITEM000543,SHP000543,Clothing,Home Item,3,8224.13,No
ITEM000544,SHP000544,Books,Business Document,4,43137.97,No
ITEM000545,SHP000545,Electronics,Mobile Accessory,2,35881.81,No
ITEM000546,SHP000546,Books,Gadget,1,16959.11,Yes
ITEM000547,SHP000547,Accessories,Packed Food,3,2388.25,No
ITEM000548,SHP000548,Household,Packed Food,1,32446.29,No
ITEM000549,SHP000549,Electronics,Mobile Accessory,5,31865.09,No
ITEM000550,SHP000550,Accessories,Business Document,4,15759.58,Yes
ITEM000551,SHP000551,Household,T-Shirt,5,32295.56,No
ITEM000552,SHP000552,Clothing,Gadget,1,8639.39,No
ITEM000553,SHP000553,Household,Business Document,3,46210.42,Yes
ITEM000554,SHP000554,Food,Packed Food,1,18406.68,No
ITEM000555,SHP000555,Books,T-Shirt,2,7875.83,No
ITEM000556,SHP000556,Household,Home Item,4,43268.49,Yes
ITEM000557,SHP000557,Books,Packed Food,1,19453.56,No
ITEM000558,SHP000558,Household,Home Item,3,34010.59,No
ITEM000559,SHP000559,Electronics,Home Item,1,30962.24,Yes
ITEM000560,SHP000560,Food,T-Shirt,2,8625.72,Yes
ITEM000561,SHP000561,Household,Home Item,1,20868.41,No
ITEM000562,SHP000562,Documents,Home Item,5,41463.9,No
ITEM000563,SHP000563,Household,Gadget,1,9810.83,No
ITEM000564,SHP000564,Documents,Home Item,1,24924.95,Yes
ITEM000565,SHP000565,Documents,T-Shirt,4,26320.56,Yes
ITEM000566,SHP000566,Accessories,Packed Food,1,44202.62,No
ITEM000567,SHP000567,Clothing,Business Document,5,30475.05,No
ITEM000568,SHP000568,Household,Gadget,1,43362.95,Yes
ITEM000569,SHP000569,Household,Book,4,43941.35,No
ITEM000570,SHP000570,Household,Home Item,3,22023.35,No
ITEM000571,SHP000571,Accessories,Gadget,5,4689.1,No
ITEM000572,SHP000572,Books,T-Shirt,4,44552.72,No
ITEM000573,SHP000573,Documents,Book,1,9168.44,No
ITEM000574,SHP000574,Books,Business Document,1,27214.7,No
ITEM000575,SHP000575,Documents,T-Shirt,2,6527.85,Yes
ITEM000576,SHP000576,Accessories,Mobile Accessory,3,48062.12,No
ITEM000577,SHP000577,Documents,Packed Food,4,816.68,No
ITEM000578,SHP000578,Household,T-Shirt,4,16585.84,No
ITEM000579,SHP000579,Books,Home Item,5,49119.68,No
ITEM000580,SHP000580,Documents,T-Shirt,2,9037.59,No
ITEM000581,SHP000581,Electronics,Home Item,1,35908.76,Yes
ITEM000582,SHP000582,Household,Home Item,1,31792.47,No
ITEM000583,SHP000583,Electronics,Home Item,2,797.73,No
ITEM000584,SHP000584,Books,Gadget,1,44225.6,No
ITEM000585,SHP000585,Electronics,Business Document,5,1339.02,Yes
ITEM000586,SHP000586,Food,Book,1,35518.36,No
ITEM000587,SHP000587,Books,Book,1,22651.65,No
ITEM000588,SHP000588,Clothing,Home Item,3,3455.89,No
ITEM000589,SHP000589,Documents,Packed Food,3,23665.74,No
ITEM000590,SHP000590,Documents,Packed Food,4,33812.41,No
ITEM000591,SHP000591,Books,Book,1,3037.8,Yes
ITEM000592,SHP000592,Accessories,Home Item,2,45466.67,No
ITEM000593,SHP000593,Documents,Packed Food,1,16583.22,Yes
ITEM000594,SHP000594,Books,Home Item,4,9998.96,No
ITEM000595,SHP000595,Electronics,Book,2,42170.26,Yes
ITEM000596,SHP000596,Documents,Book,1,20797.67,Yes
ITEM000597,SHP000597,Electronics,Mobile Accessory,2,42995.18,No
ITEM000598,SHP000598,Documents,Business Document,2,15240.3,No
ITEM000599,SHP000599,Food,Gadget,2,29314.37,Yes
ITEM000600,SHP000600,Clothing,Mobile Accessory,1,48819.76,No
ITEM000601,SHP000601,Household,Mobile Accessory,5,18124.77,Yes
ITEM000602,SHP000602,Accessories,Mobile Accessory,3,25152.59,No
ITEM000603,SHP000603,Books,Mobile Accessory,2,40428.92,No
ITEM000604,SHP000604,Household,Business Document,2,31743.04,No
ITEM000605,SHP000605,Books,Gadget,4,39436.25,No
ITEM000606,SHP000606,Books,Book,5,17943.65,Yes
ITEM000607,SHP000607,Electronics,Book,3,20779.57,No
ITEM000608,SHP000608,Household,T-Shirt,5,1661.23,No
ITEM000609,SHP000609,Documents,Book,1,40155.44,Yes
ITEM000610,SHP000610,Documents,Book,4,27859.07,No
ITEM000611,SHP000611,Electronics,Book,5,28104.84,No
ITEM000612,SHP000612,Books,Business Document,2,16758.37,No
ITEM000613,SHP000613,Documents,Gadget,5,44753.77,No
ITEM000614,SHP000614,Documents,Business Document,3,35516.95,No
ITEM000615,SHP000615,Clothing,Home Item,1,3105.48,No
ITEM000616,SHP000616,Documents,Home Item,5,38246.68,No
ITEM000617,SHP000617,Household,Book,2,2240.22,No
ITEM000618,SHP000618,Food,Gadget,3,17083.56,No
ITEM000619,SHP000619,Food,Packed Food,2,22895.82,No
ITEM000620,SHP000620,Clothing,T-Shirt,3,32496.44,Yes
ITEM000621,SHP000621,Household,Gadget,3,33767.68,Yes
ITEM000622,SHP000622,Books,Gadget,4,25192.38,No
ITEM000623,SHP000623,Accessories,Mobile Accessory,4,16526.43,No
ITEM000624,SHP000624,Books,Packed Food,4,30040.23,No
ITEM000625,SHP000625,Electronics,Book,5,34249.64,No
ITEM000626,SHP000626,Accessories,Business Document,4,14573.17,Yes
ITEM000627,SHP000627,Food,Packed Food,2,29887.98,No
ITEM000628,SHP000628,Accessories,Book,2,25259.17,No
ITEM000629,SHP000629,Household,Mobile Accessory,2,3611.13,No
ITEM000630,SHP000630,Books,Business Document,4,42390.08,No
ITEM000631,SHP000631,Electronics,Business Document,1,45681.78,No
ITEM000632,SHP000632,Food,Home Item,2,30451.53,No
ITEM000633,SHP000633,Accessories,Gadget,3,40149.74,No
ITEM000634,SHP000634,Electronics,T-Shirt,1,29751.52,No
ITEM000635,SHP000635,Household,Packed Food,2,26209.72,No
ITEM000636,SHP000636,Books,T-Shirt,3,32501.01,No
ITEM000637,SHP000637,Accessories,T-Shirt,1,30107.58,No
ITEM000638,SHP000638,Accessories,Home Item,4,35426.61,No
ITEM000639,SHP000639,Food,Business Document,4,31028.64,No
ITEM000640,SHP000640,Clothing,Business Document,2,48648.09,Yes
ITEM000641,SHP000641,Accessories,Gadget,2,31270.63,No
ITEM000642,SHP000642,Food,Book,5,20903.78,No
ITEM000643,SHP000643,Accessories,Book,5,2582.6,No
ITEM000644,SHP000644,Books,T-Shirt,4,37909.9,No
ITEM000645,SHP000645,Books,Business Document,5,5701.09,No
ITEM000646,SHP000646,Books,Gadget,1,27819.23,No
ITEM000647,SHP000647,Clothing,Home Item,3,637.26,No
ITEM000648,SHP000648,Food,Mobile Accessory,1,35713.29,Yes
ITEM000649,SHP000649,Clothing,Mobile Accessory,5,9377.13,No
ITEM000650,SHP000650,Electronics,Business Document,5,17577.96,No
ITEM000651,SHP000651,Electronics,Home Item,1,37016.47,No
ITEM000652,SHP000652,Electronics,T-Shirt,2,29853.03,Yes
ITEM000653,SHP000653,Household,T-Shirt,4,10584.0,No
ITEM000654,SHP000654,Food,Book,1,16891.02,No
ITEM000655,SHP000655,Household,T-Shirt,2,22458.97,No
ITEM000656,SHP000656,Documents,T-Shirt,1,19861.37,No
ITEM000657,SHP000657,Household,Packed Food,4,31427.13,No
ITEM000658,SHP000658,Household,Packed Food,5,21152.45,Yes
ITEM000659,SHP000659,Books,Gadget,3,29422.39,No
ITEM000660,SHP000660,Food,Gadget,2,12598.96,No
ITEM000661,SHP000661,Documents,Gadget,4,49980.75,Yes
ITEM000662,SHP000662,Documents,Packed Food,4,38727.23,No
ITEM000663,SHP000663,Electronics,Book,5,19868.92,Yes
ITEM000664,SHP000664,Accessories,Home Item,2,48421.18,No
ITEM000665,SHP000665,Food,T-Shirt,3,35421.42,No
ITEM000666,SHP000666,Documents,Business Document,3,22798.34,No
ITEM000667,SHP000667,Household,Packed Food,2,10748.83,Yes
ITEM000668,SHP000668,Documents,Packed Food,4,29072.89,Yes
ITEM000669,SHP000669,Documents,T-Shirt,5,16966.39,No
ITEM000670,SHP000670,Accessories,Gadget,1,2345.5,Yes
ITEM000671,SHP000671,Food,Gadget,4,17246.7,Yes
ITEM000672,SHP000672,Food,Gadget,2,1155.11,Yes
ITEM000673,SHP000673,Books,Home Item,5,26861.0,No
ITEM000674,SHP000674,Documents,Business Document,2,2948.58,Yes
ITEM000675,SHP000675,Household,Home Item,1,4642.93,Yes
ITEM000676,SHP000676,Books,T-Shirt,3,46961.52,Yes
ITEM000677,SHP000677,Accessories,Business Document,3,29290.41,No
ITEM000678,SHP000678,Electronics,Mobile Accessory,2,45428.3,Yes
ITEM000679,SHP000679,Books,Mobile Accessory,5,3776.17,Yes
ITEM000680,SHP000680,Accessories,T-Shirt,5,49376.84,No
ITEM000681,SHP000681,Electronics,T-Shirt,3,38241.42,Yes
ITEM000682,SHP000682,Documents,Gadget,4,40798.83,No
ITEM000683,SHP000683,Accessories,Business Document,5,45593.82,Yes
ITEM000684,SHP000684,Accessories,Packed Food,4,47026.74,No
ITEM000685,SHP000685,Books,Mobile Accessory,5,35797.75,No
ITEM000686,SHP000686,Electronics,Packed Food,4,30613.4,No
ITEM000687,SHP000687,Accessories,T-Shirt,2,6318.31,No
ITEM000688,SHP000688,Food,T-Shirt,1,5596.09,No
ITEM000689,SHP000689,Accessories,Home Item,3,15471.16,No
ITEM000690,SHP000690,Clothing,Packed Food,5,20724.33,No
ITEM000691,SHP000691,Food,T-Shirt,2,49475.94,No
ITEM000692,SHP000692,Accessories,T-Shirt,2,32126.38,No
ITEM000693,SHP000693,Documents,Business Document,5,32435.32,No
ITEM000694,SHP000694,Books,T-Shirt,3,27540.26,Yes
ITEM000695,SHP000695,Electronics,Book,2,6652.77,Yes
ITEM000696,SHP000696,Documents,Gadget,2,27406.89,No
ITEM000697,SHP000697,Accessories,Packed Food,1,13285.74,No
ITEM000698,SHP000698,Accessories,T-Shirt,1,28445.28,No
ITEM000699,SHP000699,Books,Gadget,4,14974.11,No
ITEM000700,SHP000700,Documents,Book,2,25825.72,No
ITEM000701,SHP000701,Household,Mobile Accessory,5,31301.6,No
ITEM000702,SHP000702,Accessories,Gadget,3,23432.33,No
ITEM000703,SHP000703,Accessories,Book,3,1153.78,Yes
ITEM000704,SHP000704,Clothing,Packed Food,3,8235.46,No
ITEM000705,SHP000705,Books,Packed Food,5,30561.19,Yes
ITEM000706,SHP000706,Documents,Book,2,10362.14,No
ITEM000707,SHP000707,Clothing,T-Shirt,3,10377.25,No
ITEM000708,SHP000708,Documents,Home Item,2,34563.99,No
ITEM000709,SHP000709,Food,Book,3,21323.65,No
ITEM000710,SHP000710,Accessories,T-Shirt,1,36313.33,No
ITEM000711,SHP000711,Food,Business Document,1,4594.95,No
ITEM000712,SHP000712,Books,Home Item,3,39169.3,No
ITEM000713,SHP000713,Books,Gadget,1,29282.01,No
ITEM000714,SHP000714,Food,Home Item,4,26362.23,Yes
ITEM000715,SHP000715,Household,Gadget,5,40318.36,No
ITEM000716,SHP000716,Accessories,T-Shirt,1,47409.69,No
ITEM000717,SHP000717,Food,Mobile Accessory,1,32671.62,No
ITEM000718,SHP000718,Food,Mobile Accessory,1,6819.3,No
ITEM000719,SHP000719,Household,Packed Food,5,30956.98,No
ITEM000720,SHP000720,Food,Mobile Accessory,5,359.34,No
ITEM000721,SHP000721,Food,Mobile Accessory,5,16562.03,No
ITEM000722,SHP000722,Clothing,Mobile Accessory,3,35142.96,No
ITEM000723,SHP000723,Household,Book,5,43600.22,No
ITEM000724,SHP000724,Clothing,Book,3,18043.95,No
ITEM000725,SHP000725,Clothing,Book,5,12324.21,No
ITEM000726,SHP000726,Clothing,Packed Food,1,8338.63,Yes
ITEM000727,SHP000727,Household,T-Shirt,4,24364.97,Yes
ITEM000728,SHP000728,Food,Packed Food,3,22459.87,No
ITEM000729,SHP000729,Electronics,Gadget,5,24936.46,Yes
ITEM000730,SHP000730,Accessories,Business Document,2,13323.27,No
ITEM000731,SHP000731,Electronics,Business Document,2,23583.62,No
ITEM000732,SHP000732,Household,Book,2,17686.55,No
ITEM000733,SHP000733,Accessories,T-Shirt,5,49244.02,No
ITEM000734,SHP000734,Food,Book,2,9591.43,No
ITEM000735,SHP000735,Household,T-Shirt,2,6170.13,Yes
ITEM000736,SHP000736,Documents,Mobile Accessory,4,40674.99,No
ITEM000737,SHP000737,Books,Book,3,38639.31,Yes
ITEM000738,SHP000738,Accessories,Packed Food,3,40950.26,No
ITEM000739,SHP000739,Food,Home Item,5,24922.24,No
ITEM000740,SHP000740,Accessories,Home Item,4,11105.45,No
ITEM000741,SHP000741,Household,Home Item,3,45322.57,No
ITEM000742,SHP000742,Accessories,Gadget,3,39728.36,No
ITEM000743,SHP000743,Household,Mobile Accessory,2,37342.44,No
ITEM000744,SHP000744,Accessories,Home Item,5,1981.65,No
ITEM000745,SHP000745,Documents,Book,2,24406.07,No
ITEM000746,SHP000746,Household,Business Document,4,17126.6,Yes
ITEM000747,SHP000747,Household,Packed Food,3,17334.45,Yes
ITEM000748,SHP000748,Accessories,Book,3,6470.09,No
ITEM000749,SHP000749,Household,Mobile Accessory,4,44181.28,No
ITEM000750,SHP000750,Documents,Packed Food,1,12277.14,No
ITEM000751,SHP000751,Accessories,T-Shirt,2,2651.92,No
ITEM000752,SHP000752,Electronics,Mobile Accessory,4,23065.22,No
ITEM000753,SHP000753,Accessories,T-Shirt,4,27274.8,No
ITEM000754,SHP000754,Clothing,T-Shirt,2,17954.14,No
ITEM000755,SHP000755,Books,Packed Food,2,18515.81,No
ITEM000756,SHP000756,Food,Book,2,19789.03,No
ITEM000757,SHP000757,Documents,Business Document,1,34307.53,Yes
ITEM000758,SHP000758,Books,Mobile Accessory,4,12984.34,Yes
ITEM000759,SHP000759,Accessories,Book,4,47015.97,No
ITEM000760,SHP000760,Books,Packed Food,1,19199.64,No
ITEM000761,SHP000761,Books,Home Item,3,21094.8,No
ITEM000762,SHP000762,Food,Gadget,5,7546.23,No
ITEM000763,SHP000763,Electronics,Packed Food,1,23355.47,No
ITEM000764,SHP000764,Household,T-Shirt,4,34886.59,No
ITEM000765,SHP000765,Electronics,T-Shirt,3,17051.32,No
ITEM000766,SHP000766,Accessories,Home Item,3,9782.42,No
ITEM000767,SHP000767,Household,Home Item,3,38425.05,No
ITEM000768,SHP000768,Documents,Gadget,5,29830.52,No
ITEM000769,SHP000769,Food,T-Shirt,5,24556.9,Yes
ITEM000770,SHP000770,Documents,Business Document,4,19416.35,No
ITEM000771,SHP000771,Household,T-Shirt,3,14405.97,No
ITEM000772,SHP000772,Accessories,Home Item,3,5965.21,No
ITEM000773,SHP000773,Food,Mobile Accessory,2,13445.63,No
ITEM000774,SHP000774,Accessories,Mobile Accessory,1,13859.54,No
ITEM000775,SHP000775,Books,Gadget,1,16914.96,No
ITEM000776,SHP000776,Books,T-Shirt,3,13758.15,Yes
ITEM000777,SHP000777,Electronics,T-Shirt,4,1354.98,No
ITEM000778,SHP000778,Household,Mobile Accessory,5,14850.28,No
ITEM000779,SHP000779,Electronics,Business Document,4,663.47,No
ITEM000780,SHP000780,Household,Gadget,3,36878.44,Yes
ITEM000781,SHP000781,Food,Business Document,2,9665.66,No
ITEM000782,SHP000782,Household,Mobile Accessory,2,6166.69,No
ITEM000783,SHP000783,Books,Packed Food,3,31703.38,No
ITEM000784,SHP000784,Documents,Gadget,3,47463.02,No
ITEM000785,SHP000785,Household,Mobile Accessory,4,46111.71,No
ITEM000786,SHP000786,Clothing,Book,5,27587.76,No
ITEM000787,SHP000787,Documents,T-Shirt,4,17477.63,No
ITEM000788,SHP000788,Books,T-Shirt,5,11165.81,No
ITEM000789,SHP000789,Household,T-Shirt,1,19302.83,Yes
ITEM000790,SHP000790,Clothing,Business Document,1,2415.21,Yes
ITEM000791,SHP000791,Accessories,Book,1,29381.66,No
ITEM000792,SHP000792,Electronics,Mobile Accessory,2,45378.47,No
ITEM000793,SHP000793,Food,Packed Food,2,33326.15,No
ITEM000794,SHP000794,Household,Gadget,3,31041.83,No
ITEM000795,SHP000795,Electronics,T-Shirt,1,14384.73,No
ITEM000796,SHP000796,Clothing,Gadget,5,22287.16,No
ITEM000797,SHP000797,Accessories,Business Document,2,47689.75,No
ITEM000798,SHP000798,Clothing,Business Document,5,37116.89,No
ITEM000799,SHP000799,Electronics,Gadget,2,3334.03,No
ITEM000800,SHP000800,Accessories,Business Document,2,9555.76,No
ITEM000801,SHP000801,Documents,Book,1,21933.65,No
ITEM000802,SHP000802,Clothing,Mobile Accessory,1,42019.02,Yes
ITEM000803,SHP000803,Food,Business Document,2,45510.52,No
ITEM000804,SHP000804,Clothing,Home Item,3,16587.45,No
ITEM000805,SHP000805,Accessories,Gadget,2,8940.96,No
ITEM000806,SHP000806,Books,Book,3,6377.72,No
ITEM000807,SHP000807,Documents,Gadget,3,4279.42,No
ITEM000808,SHP000808,Household,Home Item,1,8181.77,No
ITEM000809,SHP000809,Books,Business Document,3,5184.66,No
ITEM000810,SHP000810,Food,Mobile Accessory,5,24975.9,No
ITEM000811,SHP000811,Clothing,Book,5,37971.26,No
ITEM000812,SHP000812,Documents,Home Item,1,15105.4,No
ITEM000813,SHP000813,Documents,Packed Food,5,25800.89,Yes
ITEM000814,SHP000814,Food,Mobile Accessory,2,43976.86,No
ITEM000815,SHP000815,Electronics,Home Item,5,45999.23,No
ITEM000816,SHP000816,Books,Home Item,1,17699.69,No
ITEM000817,SHP000817,Electronics,Business Document,2,36689.15,No
ITEM000818,SHP000818,Household,Home Item,2,3766.59,No
ITEM000819,SHP000819,Documents,Gadget,3,28740.65,Yes
ITEM000820,SHP000820,Clothing,Mobile Accessory,1,29664.16,No
ITEM000821,SHP000821,Household,Gadget,4,27378.87,No
ITEM000822,SHP000822,Electronics,Book,4,8418.23,No
ITEM000823,SHP000823,Electronics,Home Item,4,33379.68,Yes
ITEM000824,SHP000824,Clothing,Book,1,11722.23,Yes
ITEM000825,SHP000825,Electronics,T-Shirt,1,45875.65,No
ITEM000826,SHP000826,Books,Business Document,5,4614.28,No
ITEM000827,SHP000827,Documents,Business Document,5,33861.72,Yes
ITEM000828,SHP000828,Accessories,Home Item,1,19599.63,No
ITEM000829,SHP000829,Documents,T-Shirt,1,16656.1,Yes
ITEM000830,SHP000830,Documents,Book,2,15338.6,Yes
ITEM000831,SHP000831,Accessories,Book,5,18707.74,No
ITEM000832,SHP000832,Food,Business Document,5,11785.82,No
ITEM000833,SHP000833,Books,Home Item,5,42173.02,No
ITEM000834,SHP000834,Clothing,Book,2,31454.14,No
ITEM000835,SHP000835,Electronics,Mobile Accessory,4,36987.4,No
ITEM000836,SHP000836,Clothing,Book,5,11763.84,Yes
ITEM000837,SHP000837,Accessories,Book,4,10654.41,No
ITEM000838,SHP000838,Electronics,Business Document,3,21505.45,No
ITEM000839,SHP000839,Food,Gadget,2,35473.86,No
ITEM000840,SHP000840,Clothing,Book,3,48601.5,No
ITEM000841,SHP000841,Electronics,Mobile Accessory,4,18525.57,No
ITEM000842,SHP000842,Electronics,Packed Food,2,43127.07,No
ITEM000843,SHP000843,Household,Packed Food,5,46584.86,No
ITEM000844,SHP000844,Food,Packed Food,4,547.0,No
ITEM000845,SHP000845,Documents,Business Document,1,35779.57,No
ITEM000846,SHP000846,Books,Packed Food,4,21506.43,No
ITEM000847,SHP000847,Documents,Home Item,4,29607.54,Yes
ITEM000848,SHP000848,Electronics,Packed Food,4,26520.56,Yes
ITEM000849,SHP000849,Food,Mobile Accessory,4,43331.21,Yes
ITEM000850,SHP000850,Food,Mobile Accessory,5,9474.06,Yes
ITEM000851,SHP000851,Books,Gadget,3,34502.53,Yes
ITEM000852,SHP000852,Clothing,Packed Food,3,12713.74,No
ITEM000853,SHP000853,Electronics,Gadget,2,41776.0,Yes
ITEM000854,SHP000854,Electronics,T-Shirt,5,43689.45,No
ITEM000855,SHP000855,Accessories,Book,5,10873.52,No
ITEM000856,SHP000856,Clothing,Book,4,17897.88,No
ITEM000857,SHP000857,Electronics,Book,3,26707.77,No
ITEM000858,SHP000858,Documents,Business Document,3,3510.91,No
ITEM000859,SHP000859,Documents,Business Document,5,25379.29,No
ITEM000860,SHP000860,Electronics,Book,1,30030.4,No
ITEM000861,SHP000861,Clothing,Gadget,5,45529.84,No
ITEM000862,SHP000862,Clothing,Gadget,4,18423.86,No
ITEM000863,SHP000863,Household,Packed Food,4,12162.97,No
ITEM000864,SHP000864,Documents,T-Shirt,4,26669.44,No
ITEM000865,SHP000865,Books,Gadget,1,40884.97,No
ITEM000866,SHP000866,Electronics,Mobile Accessory,2,28519.12,Yes
ITEM000867,SHP000867,Household,Business Document,1,43258.74,No
ITEM000868,SHP000868,Clothing,Book,4,9151.86,Yes
ITEM000869,SHP000869,Books,Mobile Accessory,3,43574.99,Yes
ITEM000870,SHP000870,Electronics,Packed Food,5,28109.54,No
ITEM000871,SHP000871,Documents,Business Document,4,14288.27,No
ITEM000872,SHP000872,Food,Packed Food,3,4713.71,No
ITEM000873,SHP000873,Books,T-Shirt,1,4019.26,No
ITEM000874,SHP000874,Household,T-Shirt,1,33798.8,No
ITEM000875,SHP000875,Books,Home Item,3,47481.43,No
ITEM000876,SHP000876,Documents,Packed Food,4,36303.25,No
ITEM000877,SHP000877,Accessories,Gadget,1,36977.53,No
ITEM000878,SHP000878,Books,Business Document,1,10135.83,No
ITEM000879,SHP000879,Accessories,Business Document,3,15810.8,No
ITEM000880,SHP000880,Household,Mobile Accessory,2,40022.07,No
ITEM000881,SHP000881,Documents,Packed Food,2,25140.88,No
ITEM000882,SHP000882,Accessories,T-Shirt,5,1422.13,No
ITEM000883,SHP000883,Books,Gadget,4,13285.39,Yes
ITEM000884,SHP000884,Accessories,Mobile Accessory,1,44045.4,No
ITEM000885,SHP000885,Food,Mobile Accessory,1,40931.15,No
ITEM000886,SHP000886,Clothing,Gadget,3,9462.9,No
ITEM000887,SHP000887,Food,Book,1,12462.32,Yes
ITEM000888,SHP000888,Documents,Book,5,47193.13,Yes
ITEM000889,SHP000889,Electronics,Business Document,3,20267.7,No
ITEM000890,SHP000890,Books,Business Document,2,7189.33,Yes
ITEM000891,SHP000891,Accessories,Mobile Accessory,4,25129.69,Yes
ITEM000892,SHP000892,Documents,T-Shirt,5,23681.79,No
ITEM000893,SHP000893,Household,Home Item,1,48644.91,No
ITEM000894,SHP000894,Accessories,Packed Food,4,32342.88,No
ITEM000895,SHP000895,Clothing,Business Document,3,22836.96,No
ITEM000896,SHP000896,Clothing,Packed Food,5,18628.55,No
ITEM000897,SHP000897,Clothing,Business Document,2,30774.89,Yes
ITEM000898,SHP000898,Household,Mobile Accessory,2,26727.18,No
ITEM000899,SHP000899,Books,Book,3,33526.05,No
ITEM000900,SHP000900,Clothing,Home Item,3,27556.22,Yes
ITEM000901,SHP000901,Food,Business Document,1,45462.57,No
ITEM000902,SHP000902,Household,Mobile Accessory,1,398.91,No
ITEM000903,SHP000903,Electronics,Home Item,3,28086.7,No
ITEM000904,SHP000904,Books,Business Document,4,39685.23,No
ITEM000905,SHP000905,Electronics,Gadget,3,4659.11,No
ITEM000906,SHP000906,Food,Book,3,4855.23,No
ITEM000907,SHP000907,Household,Business Document,2,4916.66,No
ITEM000908,SHP000908,Household,Book,4,47097.08,Yes
ITEM000909,SHP000909,Electronics,Gadget,2,42319.46,Yes
ITEM000910,SHP000910,Books,Gadget,4,5636.81,No
ITEM000911,SHP000911,Food,Book,3,32620.46,Yes
ITEM000912,SHP000912,Food,Packed Food,5,29193.55,No
ITEM000913,SHP000913,Accessories,Book,2,6874.9,Yes
ITEM000914,SHP000914,Clothing,Home Item,3,26468.63,No
ITEM000915,SHP000915,Food,Packed Food,1,2179.98,No
ITEM000916,SHP000916,Clothing,Home Item,4,492.67,Yes
ITEM000917,SHP000917,Books,Book,5,14597.32,Yes
ITEM000918,SHP000918,Books,T-Shirt,3,45978.23,No
ITEM000919,SHP000919,Food,Business Document,2,28117.1,Yes
ITEM000920,SHP000920,Clothing,Packed Food,4,1766.28,No
ITEM000921,SHP000921,Household,Mobile Accessory,1,1935.24,No
ITEM000922,SHP000922,Food,Mobile Accessory,1,6162.04,No
ITEM000923,SHP000923,Documents,Packed Food,1,13728.43,Yes
ITEM000924,SHP000924,Books,Packed Food,5,7811.2,No
ITEM000925,SHP000925,Clothing,T-Shirt,1,11387.28,No
ITEM000926,SHP000926,Books,T-Shirt,3,8065.98,Yes
ITEM000927,SHP000927,Electronics,Mobile Accessory,2,38874.75,No
ITEM000928,SHP000928,Household,T-Shirt,1,20346.79,Yes
ITEM000929,SHP000929,Household,T-Shirt,1,33728.88,Yes
ITEM000930,SHP000930,Household,Home Item,3,15480.28,No
ITEM000931,SHP000931,Household,Packed Food,1,22628.53,Yes
ITEM000932,SHP000932,Documents,Business Document,1,30548.99,Yes
ITEM000933,SHP000933,Food,Business Document,3,3586.87,No
ITEM000934,SHP000934,Electronics,Gadget,2,12768.32,No
ITEM000935,SHP000935,Household,Mobile Accessory,2,48167.76,No
ITEM000936,SHP000936,Electronics,Packed Food,2,42824.59,No
ITEM000937,SHP000937,Documents,Home Item,3,46434.59,No
ITEM000938,SHP000938,Accessories,Business Document,5,2187.19,No
ITEM000939,SHP000939,Documents,Business Document,2,28293.61,No
ITEM000940,SHP000940,Electronics,Packed Food,1,14020.09,Yes
ITEM000941,SHP000941,Clothing,Business Document,3,42277.72,No
ITEM000942,SHP000942,Food,Business Document,2,29936.8,Yes
ITEM000943,SHP000943,Clothing,Book,5,9640.56,Yes
ITEM000944,SHP000944,Accessories,Gadget,5,3634.08,No
ITEM000945,SHP000945,Clothing,Mobile Accessory,3,35160.62,No
ITEM000946,SHP000946,Accessories,Packed Food,1,46498.85,No
ITEM000947,SHP000947,Clothing,Book,3,16158.33,No
ITEM000948,SHP000948,Electronics,Packed Food,3,21773.05,No
ITEM000949,SHP000949,Clothing,Mobile Accessory,3,36700.34,No
ITEM000950,SHP000950,Clothing,Book,4,29633.13,Yes
ITEM000951,SHP000951,Accessories,Packed Food,2,31006.85,Yes
ITEM000952,SHP000952,Electronics,Business Document,3,13354.71,Yes
ITEM000953,SHP000953,Electronics,Mobile Accessory,4,5470.99,No
ITEM000954,SHP000954,Household,Home Item,5,23711.06,No
ITEM000955,SHP000955,Food,Home Item,5,27765.4,No
ITEM000956,SHP000956,Household,Book,3,38555.74,Yes
ITEM000957,SHP000957,Books,Gadget,2,4137.67,No
ITEM000958,SHP000958,Books,Packed Food,4,9595.56,Yes
ITEM000959,SHP000959,Accessories,Book,2,11488.21,No
ITEM000960,SHP000960,Documents,Home Item,1,27359.22,Yes
ITEM000961,SHP000961,Food,Home Item,3,20748.0,No
ITEM000962,SHP000962,Food,Mobile Accessory,4,35350.26,No
ITEM000963,SHP000963,Household,Home Item,2,43058.67,Yes
ITEM000964,SHP000964,Household,Business Document,5,31166.11,No
ITEM000965,SHP000965,Documents,Home Item,3,43588.0,No
ITEM000966,SHP000966,Books,Packed Food,2,32973.72,No
ITEM000967,SHP000967,Food,Home Item,3,29500.63,No
ITEM000968,SHP000968,Electronics,Book,3,27049.24,No
ITEM000969,SHP000969,Books,Business Document,3,25185.99,No
ITEM000970,SHP000970,Electronics,T-Shirt,4,8670.54,Yes
ITEM000971,SHP000971,Food,Business Document,1,24741.28,No
ITEM000972,SHP000972,Electronics,T-Shirt,5,38901.48,Yes
ITEM000973,SHP000973,Documents,Home Item,5,27430.21,No
ITEM000974,SHP000974,Books,Home Item,2,21498.45,No
ITEM000975,SHP000975,Food,Packed Food,1,47008.0,No
ITEM000976,SHP000976,Documents,Packed Food,1,1214.74,No
ITEM000977,SHP000977,Documents,Book,5,6510.57,Yes
ITEM000978,SHP000978,Food,Mobile Accessory,5,44798.89,No
ITEM000979,SHP000979,Electronics,Business Document,3,6132.17,No
ITEM000980,SHP000980,Accessories,Gadget,1,27917.14,No
ITEM000981,SHP000981,Documents,Book,3,45989.14,Yes
ITEM000982,SHP000982,Books,Mobile Accessory,2,34319.68,Yes
ITEM000983,SHP000983,Household,Mobile Accessory,1,22155.45,No
ITEM000984,SHP000984,Documents,Packed Food,5,4242.38,No
ITEM000985,SHP000985,Documents,T-Shirt,3,10368.8,No
ITEM000986,SHP000986,Electronics,Book,5,35328.38,No
ITEM000987,SHP000987,Household,Packed Food,3,34667.82,No
ITEM000988,SHP000988,Household,Business Document,2,29344.93,Yes
ITEM000989,SHP000989,Books,Business Document,3,26213.52,No
ITEM000990,SHP000990,Books,Book,1,14636.06,No
ITEM000991,SHP000991,Books,Home Item,2,32180.61,No
ITEM000992,SHP000992,Books,Gadget,3,47373.1,Yes
ITEM000993,SHP000993,Accessories,Packed Food,2,32821.51,No
ITEM000994,SHP000994,Documents,Mobile Accessory,4,44118.93,No
ITEM000995,SHP000995,Books,Mobile Accessory,1,35852.89,No
ITEM000996,SHP000996,Food,Home Item,4,37648.25,No
ITEM000997,SHP000997,Clothing,Packed Food,5,6674.47,No
ITEM000998,SHP000998,Clothing,Book,4,5038.97,No
ITEM000999,SHP000999,Food,T-Shirt,5,15995.9,No
ITEM001000,SHP001000,Documents,T-Shirt,4,18932.13,Yes
ITEM001001,SHP001001,Food,Home Item,4,31957.56,No
ITEM001002,SHP001002,Electronics,Packed Food,3,20000.16,No
ITEM001003,SHP001003,Household,Packed Food,2,16046.45,No
ITEM001004,SHP001004,Accessories,T-Shirt,5,49708.29,Yes
ITEM001005,SHP001005,Accessories,Mobile Accessory,4,29712.84,No
ITEM001006,SHP001006,Documents,Packed Food,5,3371.45,No
ITEM001007,SHP001007,Electronics,Gadget,5,1204.65,No
ITEM001008,SHP001008,Clothing,Packed Food,4,36793.71,No
ITEM001009,SHP001009,Books,Packed Food,1,23239.68,No
ITEM001010,SHP001010,Household,T-Shirt,1,44758.84,No
ITEM001011,SHP001011,Accessories,T-Shirt,1,37265.73,Yes
ITEM001012,SHP001012,Accessories,Business Document,1,39711.2,No
ITEM001013,SHP001013,Electronics,Book,1,10907.97,No
ITEM001014,SHP001014,Clothing,Business Document,2,17461.51,Yes
ITEM001015,SHP001015,Electronics,Home Item,2,34088.84,Yes
ITEM001016,SHP001016,Documents,Home Item,4,42191.92,No
ITEM001017,SHP001017,Documents,Book,2,40542.78,Yes
ITEM001018,SHP001018,Books,Book,2,16989.09,No
ITEM001019,SHP001019,Documents,Book,5,29667.53,Yes
ITEM001020,SHP001020,Documents,Book,4,370.22,No
ITEM001021,SHP001021,Accessories,Gadget,3,46660.66,No
ITEM001022,SHP001022,Electronics,T-Shirt,4,14062.36,Yes
ITEM001023,SHP001023,Clothing,T-Shirt,2,6347.89,No
ITEM001024,SHP001024,Electronics,Business Document,5,38843.51,No
ITEM001025,SHP001025,Electronics,Gadget,2,35621.28,No
ITEM001026,SHP001026,Books,Packed Food,3,18574.71,No
ITEM001027,SHP001027,Electronics,Home Item,1,20034.57,No
ITEM001028,SHP001028,Documents,Mobile Accessory,3,35163.37,No
ITEM001029,SHP001029,Accessories,Business Document,2,1388.04,No
ITEM001030,SHP001030,Accessories,T-Shirt,2,47634.77,No
ITEM001031,SHP001031,Documents,Packed Food,3,46424.62,No
ITEM001032,SHP001032,Documents,Gadget,4,20042.92,No
ITEM001033,SHP001033,Clothing,Home Item,3,37350.67,No
ITEM001034,SHP001034,Accessories,Mobile Accessory,5,28409.25,No
ITEM001035,SHP001035,Books,Business Document,5,35211.31,Yes
ITEM001036,SHP001036,Documents,Packed Food,4,45402.94,No
ITEM001037,SHP001037,Books,T-Shirt,4,21593.06,No
ITEM001038,SHP001038,Food,Business Document,4,21646.02,No
ITEM001039,SHP001039,Documents,Packed Food,3,41958.34,No
ITEM001040,SHP001040,Accessories,Packed Food,3,1361.93,No
ITEM001041,SHP001041,Household,Gadget,5,12929.06,No
ITEM001042,SHP001042,Documents,T-Shirt,3,7158.56,No
ITEM001043,SHP001043,Electronics,Gadget,2,44890.15,No
ITEM001044,SHP001044,Accessories,Packed Food,4,28316.9,Yes
ITEM001045,SHP001045,Food,Business Document,1,2210.04,No
ITEM001046,SHP001046,Documents,Gadget,1,20973.0,No
ITEM001047,SHP001047,Food,Gadget,4,41297.79,No
ITEM001048,SHP001048,Books,Book,4,4851.34,No
ITEM001049,SHP001049,Accessories,T-Shirt,3,14899.89,No
ITEM001050,SHP001050,Books,Business Document,2,44735.35,Yes
ITEM001051,SHP001051,Accessories,Gadget,5,3427.77,Yes
ITEM001052,SHP001052,Documents,Book,5,49806.55,Yes
ITEM001053,SHP001053,Household,Book,2,15625.48,No
ITEM001054,SHP001054,Household,Business Document,3,2060.63,No
ITEM001055,SHP001055,Accessories,Business Document,1,8075.21,Yes
ITEM001056,SHP001056,Electronics,Mobile Accessory,4,32108.21,No
ITEM001057,SHP001057,Accessories,Gadget,3,6841.44,Yes
ITEM001058,SHP001058,Household,Book,1,38134.77,Yes
ITEM001059,SHP001059,Clothing,Business Document,3,19861.32,No
ITEM001060,SHP001060,Household,Book,3,44911.9,No
ITEM001061,SHP001061,Electronics,Business Document,4,4137.8,No
ITEM001062,SHP001062,Accessories,Book,3,19937.76,No
ITEM001063,SHP001063,Accessories,Home Item,2,29550.89,No
ITEM001064,SHP001064,Accessories,Packed Food,3,42297.74,No
ITEM001065,SHP001065,Clothing,T-Shirt,5,26858.08,No
ITEM001066,SHP001066,Household,Business Document,4,37590.95,Yes
ITEM001067,SHP001067,Documents,Book,2,31458.56,No
ITEM001068,SHP001068,Accessories,Packed Food,2,14616.76,Yes
ITEM001069,SHP001069,Accessories,Mobile Accessory,5,20293.22,No
ITEM001070,SHP001070,Accessories,Book,5,42216.53,No
ITEM001071,SHP001071,Documents,Book,2,5594.96,No
ITEM001072,SHP001072,Accessories,T-Shirt,1,48421.28,No
ITEM001073,SHP001073,Documents,Packed Food,5,31600.21,No
ITEM001074,SHP001074,Documents,Book,2,21178.47,Yes
ITEM001075,SHP001075,Documents,T-Shirt,3,43381.85,Yes
ITEM001076,SHP001076,Electronics,Mobile Accessory,1,28678.19,No
ITEM001077,SHP001077,Books,T-Shirt,5,34913.58,No
ITEM001078,SHP001078,Electronics,Gadget,3,5215.85,No
ITEM001079,SHP001079,Books,T-Shirt,2,41472.61,No
ITEM001080,SHP001080,Documents,Packed Food,5,45739.91,Yes
ITEM001081,SHP001081,Food,Business Document,1,4591.32,No
ITEM001082,SHP001082,Clothing,Gadget,4,11426.0,No
ITEM001083,SHP001083,Clothing,T-Shirt,4,20517.19,No
ITEM001084,SHP001084,Electronics,Business Document,3,25602.78,Yes
ITEM001085,SHP001085,Accessories,Mobile Accessory,4,45299.9,Yes
ITEM001086,SHP001086,Books,Home Item,5,49939.55,Yes
ITEM001087,SHP001087,Books,Packed Food,4,37355.99,Yes
ITEM001088,SHP001088,Books,Packed Food,1,37129.2,No
ITEM001089,SHP001089,Books,Packed Food,4,39142.44,Yes
ITEM001090,SHP001090,Documents,Packed Food,2,8423.69,Yes
ITEM001091,SHP001091,Food,Mobile Accessory,4,20874.22,No
ITEM001092,SHP001092,Clothing,Gadget,2,38365.06,No
ITEM001093,SHP001093,Clothing,Book,5,45167.29,No
ITEM001094,SHP001094,Electronics,Mobile Accessory,3,46416.39,No
ITEM001095,SHP001095,Food,Gadget,1,281.45,No
ITEM001096,SHP001096,Accessories,Home Item,3,46170.07,No
ITEM001097,SHP001097,Food,Gadget,4,47384.85,No
ITEM001098,SHP001098,Electronics,Home Item,4,300.83,No
ITEM001099,SHP001099,Household,Book,1,795.77,No
ITEM001100,SHP001100,Accessories,Book,4,13667.14,No
ITEM001101,SHP001101,Food,T-Shirt,2,3089.15,No
ITEM001102,SHP001102,Accessories,Business Document,3,31101.01,No
ITEM001103,SHP001103,Electronics,Home Item,4,22396.79,No
ITEM001104,SHP001104,Books,Gadget,5,11882.58,No
ITEM001105,SHP001105,Electronics,Business Document,2,39587.89,Yes
ITEM001106,SHP001106,Accessories,Home Item,5,8758.27,Yes
ITEM001107,SHP001107,Food,Home Item,1,38357.06,No
ITEM001108,SHP001108,Accessories,T-Shirt,5,48656.15,No
ITEM001109,SHP001109,Food,Packed Food,2,29158.26,No
ITEM001110,SHP001110,Books,Gadget,4,41301.5,No
ITEM001111,SHP001111,Clothing,Book,5,5152.1,No
ITEM001112,SHP001112,Clothing,Business Document,1,15364.94,No
ITEM001113,SHP001113,Food,Packed Food,4,34577.71,No
ITEM001114,SHP001114,Documents,Home Item,5,35076.45,No
ITEM001115,SHP001115,Clothing,Mobile Accessory,2,6003.82,No
ITEM001116,SHP001116,Clothing,Gadget,2,45858.33,Yes
ITEM001117,SHP001117,Documents,T-Shirt,3,47485.82,Yes
ITEM001118,SHP001118,Household,Home Item,5,1779.6,Yes
ITEM001119,SHP001119,Accessories,Mobile Accessory,4,40575.86,No
ITEM001120,SHP001120,Food,Gadget,4,7059.34,No
ITEM001121,SHP001121,Clothing,Packed Food,2,6283.38,No
ITEM001122,SHP001122,Accessories,T-Shirt,3,35074.21,No
ITEM001123,SHP001123,Books,Gadget,2,4226.11,No
ITEM001124,SHP001124,Documents,Business Document,3,22524.4,Yes
ITEM001125,SHP001125,Books,T-Shirt,2,19339.84,No
ITEM001126,SHP001126,Accessories,Mobile Accessory,2,34017.01,No
ITEM001127,SHP001127,Accessories,Packed Food,4,39855.53,No
ITEM001128,SHP001128,Documents,Packed Food,2,10698.0,No
ITEM001129,SHP001129,Clothing,Book,5,9391.07,No
ITEM001130,SHP001130,Accessories,Gadget,5,45344.42,No
ITEM001131,SHP001131,Household,Home Item,2,494.36,Yes
ITEM001132,SHP001132,Household,Home Item,1,28161.81,No
ITEM001133,SHP001133,Household,Home Item,5,29727.54,No
ITEM001134,SHP001134,Electronics,Business Document,3,40977.51,Yes
ITEM001135,SHP001135,Food,Book,3,11026.34,No
ITEM001136,SHP001136,Food,Gadget,1,47479.59,No
ITEM001137,SHP001137,Clothing,Business Document,3,3637.28,No
ITEM001138,SHP001138,Electronics,Gadget,3,15333.44,No
ITEM001139,SHP001139,Documents,Book,1,12430.68,Yes
ITEM001140,SHP001140,Documents,Packed Food,1,10995.86,No
ITEM001141,SHP001141,Accessories,Business Document,3,8524.07,No
ITEM001142,SHP001142,Books,Mobile Accessory,5,9461.0,No
ITEM001143,SHP001143,Food,Business Document,1,38787.43,Yes
ITEM001144,SHP001144,Books,Book,3,48267.77,No
ITEM001145,SHP001145,Electronics,Business Document,4,38675.28,No
ITEM001146,SHP001146,Clothing,Mobile Accessory,2,12661.38,No
ITEM001147,SHP001147,Documents,Book,2,12655.18,Yes
ITEM001148,SHP001148,Documents,Book,3,36672.72,No
ITEM001149,SHP001149,Electronics,Packed Food,2,16639.37,No
ITEM001150,SHP001150,Documents,Business Document,4,39966.26,No
ITEM001151,SHP001151,Accessories,Packed Food,1,924.04,No
ITEM001152,SHP001152,Clothing,Mobile Accessory,4,18886.52,No
ITEM001153,SHP001153,Accessories,Packed Food,5,19318.8,No
ITEM001154,SHP001154,Electronics,T-Shirt,1,16563.51,Yes
ITEM001155,SHP001155,Food,Mobile Accessory,1,35929.97,Yes
ITEM001156,SHP001156,Books,Home Item,5,33802.28,No
ITEM001157,SHP001157,Food,Gadget,1,49766.38,No
ITEM001158,SHP001158,Documents,Packed Food,2,30767.12,No
ITEM001159,SHP001159,Household,T-Shirt,2,41752.6,No
ITEM001160,SHP001160,Books,T-Shirt,2,12083.49,No
ITEM001161,SHP001161,Documents,Book,2,32703.44,No
ITEM001162,SHP001162,Accessories,T-Shirt,2,24293.18,No
ITEM001163,SHP001163,Food,Home Item,2,42729.22,No
ITEM001164,SHP001164,Food,Mobile Accessory,1,44096.98,No
ITEM001165,SHP001165,Electronics,Business Document,3,12845.88,No
ITEM001166,SHP001166,Documents,Gadget,5,3172.64,No
ITEM001167,SHP001167,Books,Mobile Accessory,1,27043.1,No
ITEM001168,SHP001168,Electronics,Business Document,5,16939.03,No
ITEM001169,SHP001169,Electronics,Gadget,2,35604.91,No
ITEM001170,SHP001170,Food,T-Shirt,2,492.86,Yes
ITEM001171,SHP001171,Clothing,T-Shirt,4,34480.78,No
ITEM001172,SHP001172,Documents,Mobile Accessory,1,27036.68,No
ITEM001173,SHP001173,Food,Mobile Accessory,1,16320.0,No
ITEM001174,SHP001174,Documents,Business Document,4,28766.11,No
ITEM001175,SHP001175,Household,Packed Food,2,46735.06,Yes
ITEM001176,SHP001176,Clothing,Business Document,5,44321.31,No
ITEM001177,SHP001177,Accessories,Mobile Accessory,2,43676.55,No
ITEM001178,SHP001178,Household,Packed Food,2,11997.58,No
ITEM001179,SHP001179,Food,Book,4,20304.12,No
ITEM001180,SHP001180,Clothing,Gadget,5,3817.13,No
ITEM001181,SHP001181,Clothing,Book,2,6684.44,Yes
ITEM001182,SHP001182,Household,Gadget,2,11983.61,No
ITEM001183,SHP001183,Accessories,T-Shirt,4,44210.07,No
ITEM001184,SHP001184,Food,Business Document,3,6176.1,No
ITEM001185,SHP001185,Food,Gadget,2,17678.07,No
ITEM001186,SHP001186,Clothing,Home Item,4,1683.85,No
ITEM001187,SHP001187,Documents,Mobile Accessory,1,13278.26,No
ITEM001188,SHP001188,Books,Book,5,39943.75,No
ITEM001189,SHP001189,Food,Packed Food,4,46291.78,No
ITEM001190,SHP001190,Electronics,Business Document,1,20764.84,No
ITEM001191,SHP001191,Clothing,Book,4,14128.73,No
ITEM001192,SHP001192,Books,Gadget,2,28807.69,Yes
ITEM001193,SHP001193,Books,Home Item,5,1577.39,No
ITEM001194,SHP001194,Books,Home Item,3,16801.42,No
ITEM001195,SHP001195,Accessories,Business Document,5,39345.58,No
ITEM001196,SHP001196,Clothing,Mobile Accessory,2,1184.65,No
ITEM001197,SHP001197,Books,Business Document,1,13929.78,No
ITEM001198,SHP001198,Accessories,Business Document,2,9859.11,No
ITEM001199,SHP001199,Books,Business Document,1,17750.45,No
ITEM001200,SHP001200,Household,Gadget,2,3802.45,No
ITEM001201,SHP001201,Food,Home Item,4,21473.74,No
ITEM001202,SHP001202,Books,Mobile Accessory,1,23630.09,No
ITEM001203,SHP001203,Books,Mobile Accessory,1,4986.86,No
ITEM001204,SHP001204,Documents,Gadget,1,41085.56,No
ITEM001205,SHP001205,Documents,Packed Food,2,36440.33,No
ITEM001206,SHP001206,Food,Book,2,13239.69,Yes
ITEM001207,SHP001207,Clothing,Book,5,7368.08,Yes
ITEM001208,SHP001208,Books,T-Shirt,4,49912.94,No
ITEM001209,SHP001209,Food,Packed Food,3,1519.99,No
ITEM001210,SHP001210,Electronics,Mobile Accessory,3,26025.53,No
ITEM001211,SHP001211,Electronics,T-Shirt,2,36838.08,Yes
ITEM001212,SHP001212,Food,Mobile Accessory,2,46904.12,No
ITEM001213,SHP001213,Documents,Home Item,1,26204.82,Yes
ITEM001214,SHP001214,Clothing,Business Document,5,28919.88,Yes
ITEM001215,SHP001215,Household,Book,5,44588.67,No
ITEM001216,SHP001216,Electronics,T-Shirt,4,20514.29,No
ITEM001217,SHP001217,Accessories,Home Item,5,18789.23,No
ITEM001218,SHP001218,Documents,Mobile Accessory,1,44562.0,No
ITEM001219,SHP001219,Documents,Gadget,4,36395.44,No
ITEM001220,SHP001220,Electronics,Business Document,4,33394.57,No
ITEM001221,SHP001221,Books,Packed Food,1,8360.45,Yes
ITEM001222,SHP001222,Household,Home Item,3,21467.58,Yes
ITEM001223,SHP001223,Household,Mobile Accessory,3,19988.28,Yes
ITEM001224,SHP001224,Food,Home Item,5,45735.37,No
ITEM001225,SHP001225,Household,Book,4,2565.35,No
ITEM001226,SHP001226,Electronics,Book,5,49228.48,No
ITEM001227,SHP001227,Household,Mobile Accessory,3,45697.01,No
ITEM001228,SHP001228,Clothing,Packed Food,2,31888.79,No
ITEM001229,SHP001229,Documents,Book,3,21379.2,No
ITEM001230,SHP001230,Accessories,Gadget,5,38556.17,No
ITEM001231,SHP001231,Food,Mobile Accessory,4,41750.27,No
ITEM001232,SHP001232,Documents,Gadget,2,8816.48,No
ITEM001233,SHP001233,Electronics,Business Document,4,43809.6,No
ITEM001234,SHP001234,Electronics,Book,2,7502.96,No
ITEM001235,SHP001235,Electronics,Gadget,2,20383.91,No
ITEM001236,SHP001236,Clothing,T-Shirt,2,10337.88,No
ITEM001237,SHP001237,Food,Mobile Accessory,4,27100.84,No
ITEM001238,SHP001238,Electronics,Book,2,46578.69,Yes
ITEM001239,SHP001239,Documents,Business Document,5,17355.62,No
ITEM001240,SHP001240,Household,Mobile Accessory,3,40941.98,No
ITEM001241,SHP001241,Clothing,Gadget,1,25735.76,No
ITEM001242,SHP001242,Household,Book,4,40752.31,No
ITEM001243,SHP001243,Clothing,Gadget,1,45041.76,No
ITEM001244,SHP001244,Books,Business Document,5,21829.56,No
ITEM001245,SHP001245,Electronics,Business Document,4,19881.52,No
ITEM001246,SHP001246,Clothing,Mobile Accessory,5,10773.39,No
ITEM001247,SHP001247,Clothing,T-Shirt,2,44562.95,Yes
ITEM001248,SHP001248,Food,Book,5,37286.13,No
ITEM001249,SHP001249,Food,Book,3,23184.57,No
ITEM001250,SHP001250,Electronics,Mobile Accessory,3,19660.84,No
ITEM001251,SHP001251,Documents,Business Document,3,5295.48,Yes
ITEM001252,SHP001252,Documents,Packed Food,1,10163.68,No
ITEM001253,SHP001253,Clothing,Mobile Accessory,4,14298.1,No
ITEM001254,SHP001254,Documents,T-Shirt,2,44263.5,Yes
ITEM001255,SHP001255,Household,Packed Food,4,33444.8,No
ITEM001256,SHP001256,Books,Gadget,1,9402.42,No
ITEM001257,SHP001257,Books,Gadget,4,17719.24,No
ITEM001258,SHP001258,Food,Home Item,5,9544.82,No
ITEM001259,SHP001259,Books,Packed Food,4,14720.34,No
ITEM001260,SHP001260,Clothing,Gadget,5,7964.72,Yes
ITEM001261,SHP001261,Electronics,Book,4,41040.21,Yes
ITEM001262,SHP001262,Household,Business Document,1,3093.9,No
ITEM001263,SHP001263,Accessories,T-Shirt,1,22442.53,No
ITEM001264,SHP001264,Electronics,Book,4,14440.83,Yes
ITEM001265,SHP001265,Books,T-Shirt,4,20355.55,No
ITEM001266,SHP001266,Food,Business Document,2,44723.39,No
ITEM001267,SHP001267,Clothing,Packed Food,2,23007.02,No
ITEM001268,SHP001268,Food,Mobile Accessory,1,21885.09,Yes
ITEM001269,SHP001269,Documents,Gadget,2,21110.99,No
ITEM001270,SHP001270,Books,Packed Food,3,7410.68,No
ITEM001271,SHP001271,Electronics,Business Document,4,28023.17,No
ITEM001272,SHP001272,Documents,Business Document,2,14206.52,Yes
ITEM001273,SHP001273,Food,Packed Food,3,30697.73,No
ITEM001274,SHP001274,Documents,T-Shirt,3,33205.27,No
ITEM001275,SHP001275,Accessories,Packed Food,5,40764.77,Yes
ITEM001276,SHP001276,Books,Business Document,2,35307.91,Yes
ITEM001277,SHP001277,Accessories,Packed Food,4,30878.03,No
ITEM001278,SHP001278,Clothing,Home Item,4,38527.11,No
ITEM001279,SHP001279,Food,Home Item,3,33146.64,Yes
ITEM001280,SHP001280,Accessories,Book,2,17302.58,Yes
ITEM001281,SHP001281,Electronics,Mobile Accessory,5,5846.21,No
ITEM001282,SHP001282,Books,Mobile Accessory,1,37725.79,No
ITEM001283,SHP001283,Food,Mobile Accessory,2,11016.76,No
ITEM001284,SHP001284,Accessories,Business Document,1,43128.93,Yes
ITEM001285,SHP001285,Documents,Mobile Accessory,4,35000.06,Yes
ITEM001286,SHP001286,Documents,Packed Food,4,22525.9,Yes
ITEM001287,SHP001287,Accessories,Book,3,48164.06,No
ITEM001288,SHP001288,Electronics,Packed Food,4,37600.18,No
ITEM001289,SHP001289,Accessories,Packed Food,1,24191.25,No
ITEM001290,SHP001290,Electronics,Gadget,3,15134.43,Yes
ITEM001291,SHP001291,Electronics,Gadget,1,13392.6,No
ITEM001292,SHP001292,Clothing,Mobile Accessory,5,13179.64,No
ITEM001293,SHP001293,Electronics,Business Document,4,23148.69,No
ITEM001294,SHP001294,Household,Book,1,9713.57,No
ITEM001295,SHP001295,Electronics,Home Item,4,35778.63,No
ITEM001296,SHP001296,Household,Packed Food,4,41738.79,Yes
ITEM001297,SHP001297,Electronics,T-Shirt,4,4205.28,No
ITEM001298,SHP001298,Electronics,Business Document,2,37271.31,No
ITEM001299,SHP001299,Documents,T-Shirt,5,25432.4,No
ITEM001300,SHP001300,Food,Book,4,4265.35,No
ITEM001301,SHP001301,Electronics,Book,1,15312.23,Yes
ITEM001302,SHP001302,Household,Book,4,44265.57,Yes
ITEM001303,SHP001303,Household,Packed Food,5,35893.82,No
ITEM001304,SHP001304,Clothing,Book,1,20063.93,No
ITEM001305,SHP001305,Household,Book,1,35670.77,No
ITEM001306,SHP001306,Documents,Gadget,2,13198.48,No
ITEM001307,SHP001307,Documents,Gadget,1,9401.26,No
ITEM001308,SHP001308,Clothing,Business Document,4,45959.0,Yes
ITEM001309,SHP001309,Books,Business Document,2,16575.8,No
ITEM001310,SHP001310,Household,Business Document,3,10754.19,No
ITEM001311,SHP001311,Food,Gadget,2,30239.65,No
ITEM001312,SHP001312,Household,Mobile Accessory,2,44088.36,Yes
ITEM001313,SHP001313,Food,Packed Food,3,38007.84,No
ITEM001314,SHP001314,Electronics,Book,1,22167.3,No
ITEM001315,SHP001315,Electronics,T-Shirt,1,31877.49,No
ITEM001316,SHP001316,Electronics,Mobile Accessory,1,10248.09,No
ITEM001317,SHP001317,Documents,Gadget,2,25622.82,No
ITEM001318,SHP001318,Electronics,T-Shirt,3,41963.2,No
ITEM001319,SHP001319,Household,Business Document,2,46698.85,No
ITEM001320,SHP001320,Documents,Book,3,36642.16,No
ITEM001321,SHP001321,Clothing,Mobile Accessory,4,19706.29,No
ITEM001322,SHP001322,Accessories,T-Shirt,4,13505.36,No
ITEM001323,SHP001323,Documents,Business Document,2,16190.8,No
ITEM001324,SHP001324,Documents,T-Shirt,5,37557.82,No
ITEM001325,SHP001325,Food,Mobile Accessory,1,9846.14,No
ITEM001326,SHP001326,Accessories,Mobile Accessory,2,20233.55,Yes
ITEM001327,SHP001327,Clothing,Book,4,48211.89,No
ITEM001328,SHP001328,Household,Home Item,3,45878.4,No
ITEM001329,SHP001329,Books,T-Shirt,2,45988.35,Yes
ITEM001330,SHP001330,Electronics,Book,1,2898.38,No
ITEM001331,SHP001331,Clothing,T-Shirt,3,46731.51,No
ITEM001332,SHP001332,Books,Mobile Accessory,4,9473.99,No
ITEM001333,SHP001333,Documents,T-Shirt,5,37732.58,No
ITEM001334,SHP001334,Books,Home Item,2,9736.24,No
ITEM001335,SHP001335,Food,Business Document,4,19562.9,Yes
ITEM001336,SHP001336,Household,Book,4,20806.56,No
ITEM001337,SHP001337,Documents,Mobile Accessory,2,25156.76,No
ITEM001338,SHP001338,Food,Home Item,4,44660.33,No
ITEM001339,SHP001339,Clothing,Business Document,1,31850.58,No
ITEM001340,SHP001340,Food,Gadget,2,9961.66,No
ITEM001341,SHP001341,Books,Book,5,21608.58,No
ITEM001342,SHP001342,Household,T-Shirt,2,7404.72,No
ITEM001343,SHP001343,Documents,Packed Food,1,17058.14,No
ITEM001344,SHP001344,Documents,Gadget,2,21363.47,No
ITEM001345,SHP001345,Documents,Book,3,15775.73,No
ITEM001346,SHP001346,Books,Gadget,1,38642.42,Yes
ITEM001347,SHP001347,Books,Mobile Accessory,4,934.85,Yes
ITEM001348,SHP001348,Food,Business Document,3,46687.53,No
ITEM001349,SHP001349,Documents,T-Shirt,2,26236.73,No
ITEM001350,SHP001350,Food,T-Shirt,1,40146.23,No
ITEM001351,SHP001351,Documents,Mobile Accessory,2,9576.06,Yes
ITEM001352,SHP001352,Accessories,Gadget,4,17663.02,No
ITEM001353,SHP001353,Documents,Business Document,1,48406.11,No
ITEM001354,SHP001354,Clothing,Business Document,5,27046.53,No
ITEM001355,SHP001355,Clothing,Business Document,5,18082.21,No
ITEM001356,SHP001356,Documents,Business Document,4,49930.2,No
ITEM001357,SHP001357,Clothing,Packed Food,5,34524.61,Yes
ITEM001358,SHP001358,Electronics,Packed Food,3,40460.38,No
ITEM001359,SHP001359,Documents,T-Shirt,2,9861.36,Yes
ITEM001360,SHP001360,Documents,Mobile Accessory,2,881.63,No
ITEM001361,SHP001361,Food,Book,4,45753.09,No
ITEM001362,SHP001362,Electronics,Home Item,3,15325.38,No
ITEM001363,SHP001363,Household,T-Shirt,1,38268.04,No
ITEM001364,SHP001364,Electronics,Packed Food,3,21604.41,Yes
ITEM001365,SHP001365,Electronics,Business Document,3,44160.67,No
ITEM001366,SHP001366,Accessories,Mobile Accessory,4,13105.03,No
ITEM001367,SHP001367,Documents,T-Shirt,1,26581.74,No
ITEM001368,SHP001368,Electronics,Book,1,18403.8,Yes
ITEM001369,SHP001369,Books,Book,4,34335.21,No
ITEM001370,SHP001370,Clothing,Home Item,4,26934.95,No
ITEM001371,SHP001371,Electronics,Business Document,2,36859.02,No
ITEM001372,SHP001372,Household,Business Document,3,21971.96,No
ITEM001373,SHP001373,Electronics,Mobile Accessory,1,39022.93,No
ITEM001374,SHP001374,Clothing,Mobile Accessory,3,25494.58,No
ITEM001375,SHP001375,Food,T-Shirt,2,5944.33,No
ITEM001376,SHP001376,Household,Business Document,3,36644.02,No
ITEM001377,SHP001377,Books,Mobile Accessory,1,21608.24,No
ITEM001378,SHP001378,Accessories,Business Document,2,39237.48,No
ITEM001379,SHP001379,Household,T-Shirt,3,45325.84,No
ITEM001380,SHP001380,Food,Gadget,4,45299.93,No
ITEM001381,SHP001381,Clothing,Home Item,2,39188.95,No
ITEM001382,SHP001382,Food,Business Document,3,6064.96,Yes
ITEM001383,SHP001383,Household,Packed Food,3,48140.2,No
ITEM001384,SHP001384,Clothing,Business Document,4,26296.1,No
ITEM001385,SHP001385,Documents,Gadget,5,45720.09,Yes
ITEM001386,SHP001386,Food,Home Item,5,34355.12,Yes
ITEM001387,SHP001387,Documents,Book,5,10699.79,No
ITEM001388,SHP001388,Household,Gadget,1,31561.93,No
ITEM001389,SHP001389,Accessories,Packed Food,2,18590.33,No
ITEM001390,SHP001390,Accessories,Packed Food,5,1054.31,No
ITEM001391,SHP001391,Books,Business Document,4,42331.95,No
ITEM001392,SHP001392,Documents,T-Shirt,2,49038.48,Yes
ITEM001393,SHP001393,Food,Book,4,26376.11,Yes
ITEM001394,SHP001394,Accessories,Gadget,1,16030.77,Yes
ITEM001395,SHP001395,Clothing,Business Document,4,10835.5,No
ITEM001396,SHP001396,Household,Home Item,1,12855.29,No
ITEM001397,SHP001397,Household,Book,4,41911.48,No
ITEM001398,SHP001398,Household,Mobile Accessory,2,7953.32,Yes
ITEM001399,SHP001399,Clothing,Book,5,46535.45,No
ITEM001400,SHP001400,Electronics,Home Item,2,21413.24,No
ITEM001401,SHP001401,Accessories,Book,5,32890.09,No
ITEM001402,SHP001402,Books,Business Document,3,21278.66,No
ITEM001403,SHP001403,Books,Gadget,2,49858.96,No
ITEM001404,SHP001404,Food,Gadget,5,18754.47,No
ITEM001405,SHP001405,Household,Gadget,5,18963.29,No
ITEM001406,SHP001406,Food,T-Shirt,2,43599.65,No
ITEM001407,SHP001407,Documents,Home Item,1,5980.55,No
ITEM001408,SHP001408,Accessories,Home Item,5,9050.38,No
ITEM001409,SHP001409,Clothing,Business Document,2,48802.45,No
ITEM001410,SHP001410,Clothing,Gadget,3,4875.19,No
ITEM001411,SHP001411,Clothing,Book,5,2372.72,Yes
ITEM001412,SHP001412,Accessories,Packed Food,1,37913.37,No
ITEM001413,SHP001413,Clothing,Home Item,4,23406.58,No
ITEM001414,SHP001414,Documents,Home Item,5,26572.37,No
ITEM001415,SHP001415,Documents,Business Document,2,25881.69,Yes
ITEM001416,SHP001416,Household,Home Item,2,44009.27,No
ITEM001417,SHP001417,Accessories,Book,5,19079.73,No
ITEM001418,SHP001418,Accessories,Book,1,40205.77,Yes
ITEM001419,SHP001419,Electronics,T-Shirt,4,28740.48,No
ITEM001420,SHP001420,Household,Packed Food,2,7699.7,No
ITEM001421,SHP001421,Electronics,Book,2,36103.79,No
ITEM001422,SHP001422,Household,Book,3,4916.83,Yes
ITEM001423,SHP001423,Household,Business Document,2,12629.69,No
ITEM001424,SHP001424,Electronics,T-Shirt,5,27886.76,Yes
ITEM001425,SHP001425,Books,Book,2,22502.83,No
ITEM001426,SHP001426,Household,Packed Food,3,25925.33,No
ITEM001427,SHP001427,Documents,Mobile Accessory,5,25328.59,No
ITEM001428,SHP001428,Electronics,Book,5,27702.94,No
ITEM001429,SHP001429,Documents,Book,2,14787.92,Yes
ITEM001430,SHP001430,Household,Book,4,20620.75,No
ITEM001431,SHP001431,Food,Home Item,1,37185.69,No
ITEM001432,SHP001432,Electronics,Mobile Accessory,3,43411.67,No
ITEM001433,SHP001433,Clothing,Business Document,3,1647.12,Yes
ITEM001434,SHP001434,Books,T-Shirt,1,19822.78,Yes
ITEM001435,SHP001435,Clothing,Mobile Accessory,3,19140.41,No
ITEM001436,SHP001436,Accessories,Mobile Accessory,5,26869.33,No
ITEM001437,SHP001437,Food,T-Shirt,4,267.92,No
ITEM001438,SHP001438,Electronics,Business Document,3,15088.11,No
ITEM001439,SHP001439,Clothing,Packed Food,2,31038.43,Yes
ITEM001440,SHP001440,Documents,Home Item,2,11653.82,No
ITEM001441,SHP001441,Documents,Gadget,2,2968.42,Yes
ITEM001442,SHP001442,Documents,Mobile Accessory,1,11820.75,No
ITEM001443,SHP001443,Books,Gadget,1,42225.36,Yes
ITEM001444,SHP001444,Accessories,Mobile Accessory,5,13718.99,No
ITEM001445,SHP001445,Accessories,Packed Food,2,23199.8,No
ITEM001446,SHP001446,Clothing,Business Document,4,5995.68,No
ITEM001447,SHP001447,Accessories,Business Document,2,36616.88,Yes
ITEM001448,SHP001448,Clothing,Business Document,4,21478.82,Yes
ITEM001449,SHP001449,Clothing,Gadget,3,9538.71,No
ITEM001450,SHP001450,Documents,T-Shirt,4,48376.62,No
ITEM001451,SHP001451,Household,T-Shirt,5,41970.96,No
ITEM001452,SHP001452,Electronics,Gadget,3,18763.43,No
ITEM001453,SHP001453,Documents,Book,2,6286.76,No
ITEM001454,SHP001454,Household,Gadget,1,30962.7,No
ITEM001455,SHP001455,Food,Business Document,4,39103.83,Yes
ITEM001456,SHP001456,Electronics,Book,3,43852.23,No
ITEM001457,SHP001457,Clothing,Business Document,1,21189.65,No
ITEM001458,SHP001458,Accessories,Book,2,10712.39,No
ITEM001459,SHP001459,Electronics,Home Item,2,10853.83,Yes
ITEM001460,SHP001460,Documents,Gadget,5,1094.25,No
ITEM001461,SHP001461,Electronics,Business Document,2,39503.75,No
ITEM001462,SHP001462,Food,Book,1,25415.33,No
ITEM001463,SHP001463,Electronics,Home Item,4,46267.5,No
ITEM001464,SHP001464,Clothing,Mobile Accessory,2,8739.78,No
ITEM001465,SHP001465,Accessories,T-Shirt,2,15720.12,Yes
ITEM001466,SHP001466,Food,Packed Food,5,42901.35,No
ITEM001467,SHP001467,Household,Mobile Accessory,3,30908.73,No
ITEM001468,SHP001468,Clothing,Packed Food,5,17880.17,No
ITEM001469,SHP001469,Documents,Gadget,4,13536.72,No
ITEM001470,SHP001470,Electronics,Mobile Accessory,5,29286.4,Yes
ITEM001471,SHP001471,Household,Mobile Accessory,1,19395.47,Yes
ITEM001472,SHP001472,Accessories,Business Document,3,13391.07,Yes
ITEM001473,SHP001473,Clothing,Gadget,1,18978.43,No
ITEM001474,SHP001474,Accessories,T-Shirt,3,35379.58,Yes
ITEM001475,SHP001475,Electronics,Packed Food,5,21098.07,No
ITEM001476,SHP001476,Food,Gadget,5,23849.85,No
ITEM001477,SHP001477,Electronics,T-Shirt,2,33412.11,Yes
ITEM001478,SHP001478,Household,T-Shirt,2,24329.18,No
ITEM001479,SHP001479,Accessories,Book,3,47631.41,No
ITEM001480,SHP001480,Accessories,Gadget,5,3684.95,No
ITEM001481,SHP001481,Accessories,Mobile Accessory,5,33804.34,No
ITEM001482,SHP001482,Household,Book,4,43144.21,No
ITEM001483,SHP001483,Books,T-Shirt,4,13683.78,Yes
ITEM001484,SHP001484,Clothing,Home Item,4,20763.98,Yes
ITEM001485,SHP001485,Accessories,T-Shirt,4,19242.95,Yes
ITEM001486,SHP001486,Accessories,T-Shirt,5,45574.18,No
ITEM001487,SHP001487,Books,Packed Food,2,15983.21,No
ITEM001488,SHP001488,Accessories,Packed Food,4,27389.09,No
ITEM001489,SHP001489,Electronics,Home Item,5,8354.12,No
ITEM001490,SHP001490,Books,T-Shirt,3,2318.87,Yes
ITEM001491,SHP001491,Accessories,Gadget,1,33257.39,No
ITEM001492,SHP001492,Food,Mobile Accessory,4,27494.72,No
ITEM001493,SHP001493,Clothing,Home Item,5,4486.39,No
ITEM001494,SHP001494,Electronics,Mobile Accessory,3,47848.67,Yes
ITEM001495,SHP001495,Books,Business Document,3,21622.61,Yes
ITEM001496,SHP001496,Clothing,Packed Food,5,24096.96,No
ITEM001497,SHP001497,Clothing,Packed Food,4,23752.07,No
ITEM001498,SHP001498,Electronics,Mobile Accessory,3,25619.34,Yes
ITEM001499,SHP001499,Accessories,Gadget,3,24224.49,No
ITEM001500,SHP001500,Accessories,Packed Food,2,41838.76,Yes
ITEM001501,SHP001501,Electronics,T-Shirt,1,23584.05,Yes
ITEM001502,SHP001502,Household,T-Shirt,3,27895.74,No
ITEM001503,SHP001503,Clothing,Business Document,2,15505.17,Yes
ITEM001504,SHP001504,Clothing,Home Item,1,27067.13,No
ITEM001505,SHP001505,Documents,Gadget,3,30389.83,Yes
ITEM001506,SHP001506,Food,Packed Food,3,36984.99,No
ITEM001507,SHP001507,Clothing,Gadget,5,42226.68,No
ITEM001508,SHP001508,Accessories,Home Item,5,32267.32,No
ITEM001509,SHP001509,Documents,Gadget,1,7172.96,No
ITEM001510,SHP001510,Electronics,Gadget,3,4961.38,No
ITEM001511,SHP001511,Documents,T-Shirt,5,29553.55,No
ITEM001512,SHP001512,Food,Gadget,3,13027.14,Yes
ITEM001513,SHP001513,Electronics,T-Shirt,4,39601.52,Yes
ITEM001514,SHP001514,Food,Packed Food,5,46462.69,Yes
ITEM001515,SHP001515,Household,Mobile Accessory,1,21428.61,Yes
ITEM001516,SHP001516,Electronics,Home Item,4,30816.33,No
ITEM001517,SHP001517,Food,Book,1,34583.76,Yes
ITEM001518,SHP001518,Food,Business Document,2,38743.27,No
ITEM001519,SHP001519,Documents,Book,4,24400.77,Yes
ITEM001520,SHP001520,Electronics,Book,2,2908.33,Yes
ITEM001521,SHP001521,Clothing,Book,4,9435.78,Yes
ITEM001522,SHP001522,Electronics,Home Item,5,2683.28,Yes
ITEM001523,SHP001523,Accessories,Gadget,1,25855.27,No
ITEM001524,SHP001524,Books,T-Shirt,5,29143.15,No
ITEM001525,SHP001525,Accessories,Gadget,2,1349.46,No
ITEM001526,SHP001526,Food,Packed Food,3,15067.27,No
ITEM001527,SHP001527,Food,Gadget,1,46104.37,No
ITEM001528,SHP001528,Accessories,Business Document,3,2763.22,No
ITEM001529,SHP001529,Food,Home Item,2,24292.72,No
ITEM001530,SHP001530,Electronics,Mobile Accessory,5,33611.61,No
ITEM001531,SHP001531,Books,Business Document,1,14739.62,Yes
ITEM001532,SHP001532,Books,Book,3,44966.4,No
ITEM001533,SHP001533,Accessories,Home Item,2,7518.8,No
ITEM001534,SHP001534,Documents,Business Document,1,34716.56,No
ITEM001535,SHP001535,Books,Packed Food,3,20892.84,No
ITEM001536,SHP001536,Clothing,T-Shirt,2,12838.53,No
ITEM001537,SHP001537,Household,Mobile Accessory,1,22523.7,No
ITEM001538,SHP001538,Food,Mobile Accessory,5,27442.03,No
ITEM001539,SHP001539,Accessories,Home Item,2,11883.93,No
ITEM001540,SHP001540,Food,Gadget,2,45848.69,No
ITEM001541,SHP001541,Documents,T-Shirt,1,5504.41,No
ITEM001542,SHP001542,Electronics,Business Document,5,28096.32,No
ITEM001543,SHP001543,Books,Packed Food,1,24165.09,No
ITEM001544,SHP001544,Accessories,Gadget,4,43194.78,No
ITEM001545,SHP001545,Household,Packed Food,4,22649.11,Yes
ITEM001546,SHP001546,Clothing,T-Shirt,4,29872.85,No
ITEM001547,SHP001547,Clothing,Gadget,4,46258.32,No
ITEM001548,SHP001548,Household,Home Item,1,2659.13,No
ITEM001549,SHP001549,Accessories,T-Shirt,3,26113.5,No
ITEM001550,SHP001550,Food,Home Item,3,46213.55,No
ITEM001551,SHP001551,Food,Business Document,5,5093.11,No
ITEM001552,SHP001552,Books,Business Document,1,44223.54,No
ITEM001553,SHP001553,Accessories,Packed Food,5,1217.63,No
ITEM001554,SHP001554,Household,Packed Food,2,41167.77,No
ITEM001555,SHP001555,Documents,Book,1,43618.61,No
ITEM001556,SHP001556,Household,Book,2,701.15,No
ITEM001557,SHP001557,Food,Mobile Accessory,5,11378.49,Yes
ITEM001558,SHP001558,Clothing,Packed Food,3,21235.7,Yes
ITEM001559,SHP001559,Documents,Home Item,1,22878.4,No
ITEM001560,SHP001560,Household,Book,2,31472.52,No
ITEM001561,SHP001561,Documents,Mobile Accessory,2,4018.47,Yes
ITEM001562,SHP001562,Documents,Business Document,4,1133.46,No
ITEM001563,SHP001563,Clothing,Gadget,5,9824.12,No
ITEM001564,SHP001564,Books,Book,5,39440.43,No
ITEM001565,SHP001565,Accessories,Gadget,1,16089.35,No
ITEM001566,SHP001566,Documents,Packed Food,3,35901.63,No
ITEM001567,SHP001567,Food,Home Item,3,20122.14,No
ITEM001568,SHP001568,Food,Business Document,2,33528.31,Yes
ITEM001569,SHP001569,Clothing,Gadget,5,710.03,No
ITEM001570,SHP001570,Books,Packed Food,5,2624.2,Yes
ITEM001571,SHP001571,Accessories,Business Document,1,36574.74,No
ITEM001572,SHP001572,Accessories,Business Document,4,46803.63,Yes
ITEM001573,SHP001573,Electronics,Gadget,2,6708.87,No
ITEM001574,SHP001574,Books,Packed Food,4,18378.48,No
ITEM001575,SHP001575,Food,Book,5,39728.63,No
ITEM001576,SHP001576,Food,Gadget,2,6088.29,Yes
ITEM001577,SHP001577,Clothing,Business Document,2,15336.12,Yes
ITEM001578,SHP001578,Documents,Home Item,2,12313.58,No
ITEM001579,SHP001579,Books,Mobile Accessory,2,25408.58,Yes
ITEM001580,SHP001580,Accessories,Gadget,5,7623.69,Yes
ITEM001581,SHP001581,Household,Business Document,3,25612.05,No
ITEM001582,SHP001582,Food,Gadget,4,33137.96,Yes
ITEM001583,SHP001583,Books,Book,2,24521.16,Yes
ITEM001584,SHP001584,Electronics,Business Document,3,6031.92,No
ITEM001585,SHP001585,Food,Home Item,2,1765.34,No
ITEM001586,SHP001586,Food,Packed Food,4,49234.8,No
ITEM001587,SHP001587,Books,Book,2,35272.14,No
ITEM001588,SHP001588,Clothing,Business Document,4,43633.51,Yes
ITEM001589,SHP001589,Electronics,Home Item,5,375.47,Yes
ITEM001590,SHP001590,Household,Book,1,40306.47,No
ITEM001591,SHP001591,Food,Home Item,1,46726.55,No
ITEM001592,SHP001592,Food,Book,2,10874.82,Yes
ITEM001593,SHP001593,Food,Packed Food,1,14439.95,Yes
ITEM001594,SHP001594,Food,T-Shirt,5,29860.0,No
ITEM001595,SHP001595,Documents,Packed Food,3,8560.54,No
ITEM001596,SHP001596,Electronics,Home Item,2,1716.45,No
ITEM001597,SHP001597,Electronics,Packed Food,5,38874.31,No
ITEM001598,SHP001598,Documents,Mobile Accessory,2,40845.69,No
ITEM001599,SHP001599,Electronics,Book,3,30336.31,No
ITEM001600,SHP001600,Books,Book,5,22971.6,Yes
ITEM001601,SHP001601,Documents,Packed Food,1,29224.19,Yes
ITEM001602,SHP001602,Documents,Business Document,5,20127.35,No
ITEM001603,SHP001603,Documents,Mobile Accessory,1,13115.44,No
ITEM001604,SHP001604,Food,Business Document,5,4885.48,No
ITEM001605,SHP001605,Household,Packed Food,1,14140.51,No
ITEM001606,SHP001606,Electronics,Gadget,4,27620.55,No
ITEM001607,SHP001607,Household,Home Item,2,1477.62,Yes
ITEM001608,SHP001608,Books,Packed Food,3,42579.45,No
ITEM001609,SHP001609,Documents,Home Item,1,25397.13,No
ITEM001610,SHP001610,Household,Book,1,28702.31,No
ITEM001611,SHP001611,Clothing,T-Shirt,4,12729.13,Yes
ITEM001612,SHP001612,Accessories,Business Document,1,49600.04,No
ITEM001613,SHP001613,Books,Home Item,3,21903.78,No
ITEM001614,SHP001614,Clothing,Business Document,5,10394.64,No
ITEM001615,SHP001615,Documents,Packed Food,4,47701.54,Yes
ITEM001616,SHP001616,Clothing,Gadget,5,739.46,No
ITEM001617,SHP001617,Accessories,Business Document,2,48096.86,No
ITEM001618,SHP001618,Documents,Mobile Accessory,4,16004.49,Yes
ITEM001619,SHP001619,Food,Gadget,1,37240.91,No
ITEM001620,SHP001620,Books,Gadget,5,16434.38,No
ITEM001621,SHP001621,Documents,Packed Food,5,30443.13,No
ITEM001622,SHP001622,Books,Packed Food,2,28419.08,No
ITEM001623,SHP001623,Electronics,Home Item,3,41339.03,No
ITEM001624,SHP001624,Documents,Business Document,5,29899.58,No
ITEM001625,SHP001625,Accessories,Packed Food,3,44220.21,Yes
ITEM001626,SHP001626,Food,Home Item,5,41714.82,No
ITEM001627,SHP001627,Food,Book,2,21444.79,Yes
ITEM001628,SHP001628,Household,Mobile Accessory,5,28621.43,Yes
ITEM001629,SHP001629,Food,Book,3,41224.56,No
ITEM001630,SHP001630,Electronics,Packed Food,4,44886.65,No
ITEM001631,SHP001631,Documents,Mobile Accessory,1,4637.23,No
ITEM001632,SHP001632,Clothing,Business Document,5,40461.62,No
ITEM001633,SHP001633,Accessories,Home Item,4,27007.98,Yes
ITEM001634,SHP001634,Clothing,Gadget,2,30719.39,No
ITEM001635,SHP001635,Books,Gadget,2,19413.48,No
ITEM001636,SHP001636,Food,Book,3,3820.58,No
ITEM001637,SHP001637,Food,T-Shirt,5,47293.01,No
ITEM001638,SHP001638,Clothing,Gadget,1,46834.6,No
ITEM001639,SHP001639,Electronics,T-Shirt,3,9966.99,No
ITEM001640,SHP001640,Documents,Gadget,5,19436.73,No
ITEM001641,SHP001641,Accessories,Gadget,2,29711.41,Yes
ITEM001642,SHP001642,Clothing,Packed Food,3,28185.0,No
ITEM001643,SHP001643,Books,Mobile Accessory,4,6336.85,Yes
ITEM001644,SHP001644,Accessories,Home Item,5,748.95,No
ITEM001645,SHP001645,Accessories,Home Item,5,49009.89,No
ITEM001646,SHP001646,Documents,Mobile Accessory,5,49182.3,No
ITEM001647,SHP001647,Clothing,Gadget,3,27675.9,Yes
ITEM001648,SHP001648,Household,Mobile Accessory,3,22177.34,No
ITEM001649,SHP001649,Clothing,Home Item,5,47938.85,No
ITEM001650,SHP001650,Books,Mobile Accessory,5,23640.98,No
ITEM001651,SHP001651,Clothing,Home Item,2,23721.53,No
ITEM001652,SHP001652,Clothing,Gadget,1,6323.35,Yes
ITEM001653,SHP001653,Books,Book,2,18387.09,Yes
ITEM001654,SHP001654,Accessories,Business Document,1,32465.38,No
ITEM001655,SHP001655,Books,Home Item,2,36574.73,No
ITEM001656,SHP001656,Food,Packed Food,3,49785.07,No
ITEM001657,SHP001657,Household,Mobile Accessory,1,39564.63,No
ITEM001658,SHP001658,Accessories,Book,2,34109.25,No
ITEM001659,SHP001659,Clothing,Book,1,9269.74,No
ITEM001660,SHP001660,Household,Book,1,18115.51,No
ITEM001661,SHP001661,Food,Book,5,36354.74,No
ITEM001662,SHP001662,Books,Mobile Accessory,2,23908.74,No
ITEM001663,SHP001663,Clothing,Business Document,5,38161.52,Yes
ITEM001664,SHP001664,Clothing,Gadget,3,33160.77,No
ITEM001665,SHP001665,Documents,T-Shirt,2,23424.66,Yes
ITEM001666,SHP001666,Electronics,Gadget,5,16883.83,No
ITEM001667,SHP001667,Accessories,T-Shirt,2,8180.38,No
ITEM001668,SHP001668,Clothing,Business Document,1,22160.12,No
ITEM001669,SHP001669,Books,Home Item,4,33765.48,No
ITEM001670,SHP001670,Food,T-Shirt,1,3812.97,Yes
ITEM001671,SHP001671,Documents,Business Document,1,15994.85,No
ITEM001672,SHP001672,Clothing,Book,3,6902.49,No
ITEM001673,SHP001673,Food,Gadget,3,14738.53,Yes
ITEM001674,SHP001674,Documents,Packed Food,3,40383.41,Yes
ITEM001675,SHP001675,Books,Business Document,5,19902.06,No
ITEM001676,SHP001676,Electronics,Home Item,1,43622.27,Yes
ITEM001677,SHP001677,Accessories,T-Shirt,4,36645.43,No
ITEM001678,SHP001678,Books,T-Shirt,5,18454.75,No
ITEM001679,SHP001679,Books,Book,2,8271.22,No
ITEM001680,SHP001680,Electronics,Business Document,2,300.5,Yes
ITEM001681,SHP001681,Electronics,T-Shirt,4,21357.32,No
ITEM001682,SHP001682,Clothing,Business Document,3,25280.95,No
ITEM001683,SHP001683,Clothing,Business Document,4,22514.49,No
ITEM001684,SHP001684,Household,Home Item,5,18468.72,No
ITEM001685,SHP001685,Electronics,Business Document,4,36407.47,No
ITEM001686,SHP001686,Electronics,Book,5,4892.51,No
ITEM001687,SHP001687,Clothing,Home Item,3,5578.28,Yes
ITEM001688,SHP001688,Electronics,Book,2,27445.51,No
ITEM001689,SHP001689,Clothing,Mobile Accessory,2,1728.5,No
ITEM001690,SHP001690,Accessories,Gadget,3,19983.37,No
ITEM001691,SHP001691,Household,Packed Food,3,9974.23,No
ITEM001692,SHP001692,Books,T-Shirt,2,10764.69,No
ITEM001693,SHP001693,Household,Gadget,4,24326.37,No
ITEM001694,SHP001694,Food,Business Document,2,26918.99,No
ITEM001695,SHP001695,Accessories,Packed Food,4,20794.38,No
ITEM001696,SHP001696,Electronics,Gadget,1,6880.51,No
ITEM001697,SHP001697,Accessories,Book,3,23628.14,No
ITEM001698,SHP001698,Accessories,Gadget,1,40019.54,Yes
ITEM001699,SHP001699,Books,T-Shirt,5,33942.77,No
ITEM001700,SHP001700,Clothing,Home Item,5,26017.0,Yes
ITEM001701,SHP001701,Clothing,Packed Food,5,7268.36,No
ITEM001702,SHP001702,Electronics,Gadget,4,30452.77,No
ITEM001703,SHP001703,Electronics,Gadget,5,25340.54,No
ITEM001704,SHP001704,Food,T-Shirt,2,41299.79,No
ITEM001705,SHP001705,Household,T-Shirt,4,7797.78,Yes
ITEM001706,SHP001706,Books,Mobile Accessory,3,19543.57,Yes
ITEM001707,SHP001707,Books,Home Item,5,5221.77,No
ITEM001708,SHP001708,Books,Business Document,4,26304.01,No
ITEM001709,SHP001709,Documents,Packed Food,5,45195.2,No
ITEM001710,SHP001710,Food,Business Document,5,47211.16,No
ITEM001711,SHP001711,Food,Home Item,4,1705.19,Yes
ITEM001712,SHP001712,Household,Business Document,4,18579.46,No
ITEM001713,SHP001713,Accessories,T-Shirt,4,16407.88,No
ITEM001714,SHP001714,Accessories,Home Item,2,31734.93,No
ITEM001715,SHP001715,Household,T-Shirt,3,35481.65,No
ITEM001716,SHP001716,Clothing,Home Item,1,9562.36,No
ITEM001717,SHP001717,Accessories,Packed Food,3,9357.5,No
ITEM001718,SHP001718,Electronics,Book,2,14363.38,No
ITEM001719,SHP001719,Household,T-Shirt,2,1468.95,No
ITEM001720,SHP001720,Clothing,Packed Food,2,28762.93,No
ITEM001721,SHP001721,Accessories,T-Shirt,3,34942.7,No
ITEM001722,SHP001722,Clothing,Mobile Accessory,2,448.13,No
ITEM001723,SHP001723,Clothing,Packed Food,2,21759.11,Yes
ITEM001724,SHP001724,Food,Gadget,2,22945.71,No
ITEM001725,SHP001725,Books,Home Item,4,30586.96,No
ITEM001726,SHP001726,Accessories,Mobile Accessory,3,37661.96,Yes
ITEM001727,SHP001727,Food,T-Shirt,3,43361.96,No
ITEM001728,SHP001728,Accessories,Mobile Accessory,5,7995.08,No
ITEM001729,SHP001729,Clothing,Gadget,1,19918.64,No
ITEM001730,SHP001730,Household,Gadget,2,30020.61,No
ITEM001731,SHP001731,Food,Home Item,1,24571.43,No
ITEM001732,SHP001732,Food,Book,5,33315.88,No
ITEM001733,SHP001733,Food,Packed Food,2,28463.29,No
ITEM001734,SHP001734,Documents,Book,1,16510.91,No
ITEM001735,SHP001735,Food,Home Item,5,45918.63,No
ITEM001736,SHP001736,Documents,T-Shirt,4,41157.44,No
ITEM001737,SHP001737,Books,Business Document,4,36484.25,No
ITEM001738,SHP001738,Household,Book,5,19490.33,No
ITEM001739,SHP001739,Documents,Gadget,4,2774.25,No
ITEM001740,SHP001740,Documents,Mobile Accessory,3,48753.23,No
ITEM001741,SHP001741,Books,Packed Food,2,33949.3,Yes
ITEM001742,SHP001742,Household,Business Document,5,14498.78,No
ITEM001743,SHP001743,Clothing,T-Shirt,3,22842.59,No
ITEM001744,SHP001744,Household,Mobile Accessory,1,12552.67,No
ITEM001745,SHP001745,Clothing,Book,2,37112.83,No
ITEM001746,SHP001746,Electronics,T-Shirt,2,32292.44,No
ITEM001747,SHP001747,Clothing,Mobile Accessory,1,26074.75,Yes
ITEM001748,SHP001748,Accessories,Gadget,2,18896.34,Yes
ITEM001749,SHP001749,Books,Book,5,15468.07,No
ITEM001750,SHP001750,Accessories,T-Shirt,3,40690.04,No
ITEM001751,SHP001751,Clothing,Mobile Accessory,1,19745.7,Yes
ITEM001752,SHP001752,Accessories,Gadget,2,23938.49,No
ITEM001753,SHP001753,Accessories,T-Shirt,1,8847.77,No
ITEM001754,SHP001754,Electronics,Packed Food,2,43286.77,No
ITEM001755,SHP001755,Food,Packed Food,3,12457.29,Yes
ITEM001756,SHP001756,Documents,Business Document,3,8659.87,Yes
ITEM001757,SHP001757,Household,Gadget,5,31304.52,No
ITEM001758,SHP001758,Household,Packed Food,5,6882.97,No
ITEM001759,SHP001759,Electronics,Packed Food,5,48903.29,No
ITEM001760,SHP001760,Documents,Gadget,5,28073.87,No
ITEM001761,SHP001761,Household,Gadget,4,2482.21,No
ITEM001762,SHP001762,Household,T-Shirt,5,7154.28,No
ITEM001763,SHP001763,Clothing,Mobile Accessory,5,46664.65,No
ITEM001764,SHP001764,Accessories,Packed Food,5,27494.08,No
ITEM001765,SHP001765,Electronics,Packed Food,3,17878.02,No
ITEM001766,SHP001766,Clothing,T-Shirt,5,34823.44,Yes
ITEM001767,SHP001767,Documents,Gadget,4,18743.06,No
ITEM001768,SHP001768,Accessories,Packed Food,3,7320.44,Yes
ITEM001769,SHP001769,Accessories,Gadget,4,37292.18,No
ITEM001770,SHP001770,Accessories,T-Shirt,1,18353.34,No
ITEM001771,SHP001771,Electronics,Book,5,49051.18,Yes
ITEM001772,SHP001772,Accessories,T-Shirt,2,13529.79,Yes
ITEM001773,SHP001773,Electronics,T-Shirt,1,4087.88,No
ITEM001774,SHP001774,Food,Packed Food,2,29152.59,Yes
ITEM001775,SHP001775,Documents,Mobile Accessory,1,5198.14,Yes
ITEM001776,SHP001776,Accessories,Business Document,1,39829.27,No
ITEM001777,SHP001777,Food,Home Item,5,18660.66,No
ITEM001778,SHP001778,Clothing,Book,3,48684.6,No
ITEM001779,SHP001779,Electronics,Gadget,2,45031.16,No
ITEM001780,SHP001780,Documents,Home Item,4,25856.58,No
ITEM001781,SHP001781,Clothing,Mobile Accessory,3,17859.97,No
ITEM001782,SHP001782,Household,Book,4,49482.57,No
ITEM001783,SHP001783,Household,Gadget,1,18016.57,Yes
ITEM001784,SHP001784,Electronics,Packed Food,5,5949.6,No
ITEM001785,SHP001785,Accessories,Gadget,3,36905.88,No
ITEM001786,SHP001786,Books,Mobile Accessory,3,41478.23,No
ITEM001787,SHP001787,Electronics,Business Document,1,16334.82,No
ITEM001788,SHP001788,Documents,Packed Food,4,13996.07,No
ITEM001789,SHP001789,Household,Home Item,4,21547.24,Yes
ITEM001790,SHP001790,Food,T-Shirt,5,10084.95,No
ITEM001791,SHP001791,Food,T-Shirt,4,44678.32,Yes
ITEM001792,SHP001792,Documents,Packed Food,4,42707.77,No
ITEM001793,SHP001793,Books,Packed Food,3,35342.39,No
ITEM001794,SHP001794,Books,Gadget,3,41339.29,Yes
ITEM001795,SHP001795,Clothing,T-Shirt,2,12725.09,No
ITEM001796,SHP001796,Clothing,Home Item,1,24011.3,No
ITEM001797,SHP001797,Accessories,T-Shirt,1,18436.56,No
ITEM001798,SHP001798,Electronics,Business Document,4,41234.97,No
ITEM001799,SHP001799,Household,Book,5,7586.84,No
ITEM001800,SHP001800,Clothing,T-Shirt,5,9628.14,Yes
ITEM001801,SHP001801,Books,Gadget,1,30868.24,No
ITEM001802,SHP001802,Books,Packed Food,2,19376.79,Yes
ITEM001803,SHP001803,Food,Mobile Accessory,3,7605.85,Yes
ITEM001804,SHP001804,Clothing,Business Document,2,5620.42,No
ITEM001805,SHP001805,Household,T-Shirt,2,23781.86,No
ITEM001806,SHP001806,Documents,Home Item,4,36981.32,Yes
ITEM001807,SHP001807,Documents,Book,3,2845.71,Yes
ITEM001808,SHP001808,Books,Packed Food,5,37130.86,No
ITEM001809,SHP001809,Books,Home Item,3,30786.75,No
ITEM001810,SHP001810,Household,Gadget,5,16626.99,No
ITEM001811,SHP001811,Food,Home Item,1,1714.97,No
ITEM001812,SHP001812,Accessories,Book,1,48490.76,No
ITEM001813,SHP001813,Accessories,Gadget,5,18941.89,No
ITEM001814,SHP001814,Documents,Business Document,2,46706.99,Yes
ITEM001815,SHP001815,Food,Gadget,3,26330.45,No
ITEM001816,SHP001816,Accessories,Gadget,4,28511.51,No
ITEM001817,SHP001817,Food,Business Document,3,16612.12,No
ITEM001818,SHP001818,Accessories,Business Document,3,20395.71,No
ITEM001819,SHP001819,Clothing,T-Shirt,4,33061.91,No
ITEM001820,SHP001820,Electronics,Home Item,2,23472.16,No
ITEM001821,SHP001821,Clothing,Home Item,4,19871.58,No
ITEM001822,SHP001822,Books,Business Document,3,1638.67,No
ITEM001823,SHP001823,Clothing,Mobile Accessory,4,18576.07,Yes
ITEM001824,SHP001824,Documents,Mobile Accessory,2,9698.44,Yes
ITEM001825,SHP001825,Electronics,T-Shirt,1,46562.77,No
ITEM001826,SHP001826,Books,Book,1,12982.47,No
ITEM001827,SHP001827,Electronics,T-Shirt,1,3257.7,Yes
ITEM001828,SHP001828,Accessories,Home Item,3,8505.61,No
ITEM001829,SHP001829,Accessories,Mobile Accessory,4,6539.39,No
ITEM001830,SHP001830,Food,Mobile Accessory,1,9109.37,No
ITEM001831,SHP001831,Documents,Home Item,3,12244.07,No
ITEM001832,SHP001832,Food,Business Document,5,47671.52,No
ITEM001833,SHP001833,Clothing,T-Shirt,1,38332.69,Yes
ITEM001834,SHP001834,Documents,Business Document,1,11406.5,No
ITEM001835,SHP001835,Books,Gadget,5,33956.14,No
ITEM001836,SHP001836,Books,Business Document,5,32323.98,No
ITEM001837,SHP001837,Clothing,Book,5,16494.87,No
ITEM001838,SHP001838,Clothing,Packed Food,1,18640.64,No
ITEM001839,SHP001839,Books,Business Document,3,45109.91,No
ITEM001840,SHP001840,Books,Business Document,4,24142.97,No
ITEM001841,SHP001841,Food,Mobile Accessory,5,47154.93,No
ITEM001842,SHP001842,Electronics,Mobile Accessory,5,9296.85,No
ITEM001843,SHP001843,Food,Book,4,2051.85,Yes
ITEM001844,SHP001844,Accessories,Home Item,3,24701.41,Yes
ITEM001845,SHP001845,Household,Gadget,3,29558.76,Yes
ITEM001846,SHP001846,Clothing,T-Shirt,5,26099.58,Yes
ITEM001847,SHP001847,Clothing,Packed Food,5,32618.11,No
ITEM001848,SHP001848,Books,Book,2,17822.15,Yes
ITEM001849,SHP001849,Books,Gadget,5,6900.76,No
ITEM001850,SHP001850,Documents,Home Item,4,14143.11,No
ITEM001851,SHP001851,Accessories,Packed Food,3,3808.65,No
ITEM001852,SHP001852,Documents,T-Shirt,2,3701.03,No
ITEM001853,SHP001853,Electronics,Gadget,2,18901.36,Yes
ITEM001854,SHP001854,Food,Gadget,1,44872.8,No
ITEM001855,SHP001855,Food,Gadget,2,24798.59,No
ITEM001856,SHP001856,Books,Gadget,1,8640.81,No
ITEM001857,SHP001857,Clothing,T-Shirt,1,18185.5,No
ITEM001858,SHP001858,Household,T-Shirt,2,48888.18,No
ITEM001859,SHP001859,Documents,Gadget,2,1745.67,No
ITEM001860,SHP001860,Household,Gadget,2,30160.92,Yes
ITEM001861,SHP001861,Electronics,Book,1,30590.55,No
ITEM001862,SHP001862,Accessories,Packed Food,4,44099.43,No
ITEM001863,SHP001863,Household,Book,2,20922.51,No
ITEM001864,SHP001864,Accessories,Gadget,5,21190.17,No
ITEM001865,SHP001865,Clothing,Business Document,3,48459.33,No
ITEM001866,SHP001866,Books,Gadget,1,1393.15,No
ITEM001867,SHP001867,Electronics,Business Document,3,30450.62,No
ITEM001868,SHP001868,Documents,Mobile Accessory,5,35148.11,No
ITEM001869,SHP001869,Household,Business Document,2,4737.59,No
ITEM001870,SHP001870,Documents,Book,3,35735.94,Yes
ITEM001871,SHP001871,Food,Home Item,1,33049.48,No
ITEM001872,SHP001872,Documents,Business Document,4,1014.21,No
ITEM001873,SHP001873,Documents,Mobile Accessory,3,42529.34,Yes
ITEM001874,SHP001874,Electronics,Book,2,31917.82,Yes
ITEM001875,SHP001875,Household,T-Shirt,1,46349.04,No
ITEM001876,SHP001876,Accessories,T-Shirt,3,31401.71,No
ITEM001877,SHP001877,Documents,Mobile Accessory,4,21364.04,No
ITEM001878,SHP001878,Food,Home Item,2,30887.25,Yes
ITEM001879,SHP001879,Clothing,Business Document,2,43194.53,No
ITEM001880,SHP001880,Accessories,Mobile Accessory,1,21181.93,Yes
ITEM001881,SHP001881,Documents,Home Item,5,21256.86,Yes
ITEM001882,SHP001882,Books,Gadget,2,5353.78,No
ITEM001883,SHP001883,Electronics,Packed Food,4,28263.73,Yes
ITEM001884,SHP001884,Documents,Packed Food,1,22304.44,Yes
ITEM001885,SHP001885,Accessories,Book,4,19025.55,Yes
ITEM001886,SHP001886,Electronics,Mobile Accessory,2,2150.89,No
ITEM001887,SHP001887,Food,Packed Food,5,30273.93,No
ITEM001888,SHP001888,Documents,Mobile Accessory,4,2957.74,Yes
ITEM001889,SHP001889,Accessories,T-Shirt,4,4602.29,No
ITEM001890,SHP001890,Food,Mobile Accessory,3,2806.21,Yes
ITEM001891,SHP001891,Documents,Mobile Accessory,2,14348.85,Yes
ITEM001892,SHP001892,Clothing,Gadget,3,25942.23,Yes
ITEM001893,SHP001893,Food,Mobile Accessory,1,29850.68,No
ITEM001894,SHP001894,Books,Gadget,3,17394.73,Yes
ITEM001895,SHP001895,Electronics,Gadget,3,34829.44,No
ITEM001896,SHP001896,Accessories,Book,4,39101.93,Yes
ITEM001897,SHP001897,Clothing,Book,3,30218.89,No
ITEM001898,SHP001898,Accessories,Mobile Accessory,2,17209.99,No
ITEM001899,SHP001899,Accessories,T-Shirt,5,2481.49,No
ITEM001900,SHP001900,Documents,Home Item,5,46837.1,No
ITEM001901,SHP001901,Clothing,Business Document,4,48922.16,No
ITEM001902,SHP001902,Household,Mobile Accessory,2,5069.97,Yes
ITEM001903,SHP001903,Household,Home Item,3,21032.72,No
ITEM001904,SHP001904,Books,Home Item,4,11156.39,Yes
ITEM001905,SHP001905,Electronics,Packed Food,4,27374.98,No
ITEM001906,SHP001906,Documents,Business Document,4,24453.65,No
ITEM001907,SHP001907,Accessories,Gadget,4,10877.69,Yes
ITEM001908,SHP001908,Electronics,Packed Food,1,45465.82,No
ITEM001909,SHP001909,Accessories,Book,4,44674.34,No
ITEM001910,SHP001910,Documents,Business Document,1,34861.41,No
ITEM001911,SHP001911,Food,Home Item,5,36029.44,Yes
ITEM001912,SHP001912,Electronics,Business Document,2,17575.99,No
ITEM001913,SHP001913,Food,T-Shirt,3,19488.43,No
ITEM001914,SHP001914,Clothing,Gadget,1,24498.89,Yes
ITEM001915,SHP001915,Documents,Packed Food,5,32046.55,No
ITEM001916,SHP001916,Documents,Packed Food,1,21831.67,No
ITEM001917,SHP001917,Books,Gadget,2,13729.72,No
ITEM001918,SHP001918,Electronics,Gadget,1,43475.16,No
ITEM001919,SHP001919,Electronics,Gadget,1,14111.83,No
ITEM001920,SHP001920,Household,T-Shirt,3,31280.31,No
ITEM001921,SHP001921,Food,Book,3,35602.85,No
ITEM001922,SHP001922,Documents,Packed Food,1,31246.51,No
ITEM001923,SHP001923,Electronics,T-Shirt,3,37664.17,Yes
ITEM001924,SHP001924,Accessories,Home Item,4,10237.63,No
ITEM001925,SHP001925,Household,Mobile Accessory,1,19748.47,Yes
ITEM001926,SHP001926,Clothing,Packed Food,4,27997.78,No
ITEM001927,SHP001927,Clothing,Gadget,3,43570.16,Yes
ITEM001928,SHP001928,Books,Business Document,1,48404.12,Yes
ITEM001929,SHP001929,Accessories,Business Document,2,43008.52,No
ITEM001930,SHP001930,Accessories,Packed Food,1,6419.3,No
ITEM001931,SHP001931,Food,Home Item,5,1633.97,No
ITEM001932,SHP001932,Books,Gadget,3,14276.61,No
ITEM001933,SHP001933,Food,Book,4,20480.9,No
ITEM001934,SHP001934,Clothing,Business Document,5,6424.76,Yes
ITEM001935,SHP001935,Food,Home Item,5,34038.72,No
ITEM001936,SHP001936,Books,Business Document,3,45049.02,No
ITEM001937,SHP001937,Accessories,T-Shirt,2,20087.4,No
ITEM001938,SHP001938,Documents,Gadget,2,49456.67,No
ITEM001939,SHP001939,Electronics,Gadget,4,14748.45,Yes
ITEM001940,SHP001940,Electronics,Business Document,2,20325.32,Yes
ITEM001941,SHP001941,Electronics,Book,2,2948.7,No
ITEM001942,SHP001942,Accessories,Mobile Accessory,2,35613.95,No
ITEM001943,SHP001943,Books,Home Item,3,853.85,No
ITEM001944,SHP001944,Documents,T-Shirt,5,21609.89,No
ITEM001945,SHP001945,Books,Business Document,1,11467.33,Yes
ITEM001946,SHP001946,Electronics,T-Shirt,1,31572.12,Yes
ITEM001947,SHP001947,Food,Home Item,2,10889.66,Yes
ITEM001948,SHP001948,Household,Packed Food,2,28039.83,No
ITEM001949,SHP001949,Documents,Gadget,5,4329.73,No
ITEM001950,SHP001950,Clothing,T-Shirt,4,4085.57,Yes
ITEM001951,SHP001951,Documents,Gadget,2,44327.63,No
ITEM001952,SHP001952,Accessories,Book,1,39263.0,No
ITEM001953,SHP001953,Accessories,Gadget,2,48386.23,Yes
ITEM001954,SHP001954,Food,Home Item,1,11530.61,No
ITEM001955,SHP001955,Household,Book,2,14766.41,No
ITEM001956,SHP001956,Clothing,Packed Food,3,49912.29,No
ITEM001957,SHP001957,Food,Business Document,2,34064.23,No
ITEM001958,SHP001958,Accessories,Gadget,2,15226.16,No
ITEM001959,SHP001959,Electronics,Business Document,1,13035.19,No
ITEM001960,SHP001960,Food,Home Item,5,42103.77,Yes
ITEM001961,SHP001961,Books,Business Document,3,20127.02,No
ITEM001962,SHP001962,Food,Packed Food,3,2233.98,No
ITEM001963,SHP001963,Clothing,Mobile Accessory,5,18245.21,No
ITEM001964,SHP001964,Clothing,Packed Food,3,9026.53,No
ITEM001965,SHP001965,Food,Home Item,4,4861.75,No
ITEM001966,SHP001966,Electronics,Mobile Accessory,4,44343.86,No
ITEM001967,SHP001967,Household,Home Item,2,34800.1,Yes
ITEM001968,SHP001968,Food,Business Document,4,33603.97,No
ITEM001969,SHP001969,Clothing,Book,5,30111.0,Yes
ITEM001970,SHP001970,Household,T-Shirt,5,36013.68,No
ITEM001971,SHP001971,Household,Book,2,47390.9,Yes
ITEM001972,SHP001972,Accessories,T-Shirt,1,3572.31,Yes
ITEM001973,SHP001973,Books,Business Document,1,1961.78,No
ITEM001974,SHP001974,Household,Packed Food,1,28150.14,No
ITEM001975,SHP001975,Clothing,Gadget,3,20430.71,No
ITEM001976,SHP001976,Electronics,T-Shirt,1,4304.42,No
ITEM001977,SHP001977,Books,T-Shirt,4,47799.24,No
ITEM001978,SHP001978,Clothing,Gadget,2,38350.37,No
ITEM001979,SHP001979,Household,Mobile Accessory,5,24417.96,Yes
ITEM001980,SHP001980,Documents,Book,5,47761.03,No
ITEM001981,SHP001981,Food,T-Shirt,2,38533.25,No
ITEM001982,SHP001982,Books,Gadget,5,4021.46,No
ITEM001983,SHP001983,Food,T-Shirt,3,33290.2,No
ITEM001984,SHP001984,Clothing,Mobile Accessory,2,23704.21,Yes
ITEM001985,SHP001985,Household,T-Shirt,5,29669.0,No
ITEM001986,SHP001986,Books,Business Document,5,12183.25,No
ITEM001987,SHP001987,Household,Business Document,1,23451.47,No
ITEM001988,SHP001988,Documents,Business Document,1,16579.29,No
ITEM001989,SHP001989,Clothing,Gadget,3,22277.02,No
ITEM001990,SHP001990,Household,Business Document,2,5374.95,Yes
ITEM001991,SHP001991,Clothing,Gadget,2,6609.86,No
ITEM001992,SHP001992,Food,Home Item,3,23026.04,Yes
ITEM001993,SHP001993,Household,Gadget,2,12263.97,No
ITEM001994,SHP001994,Food,Book,3,13743.83,Yes
ITEM001995,SHP001995,Clothing,Mobile Accessory,4,32377.19,Yes
ITEM001996,SHP001996,Electronics,Gadget,4,849.77,Yes
ITEM001997,SHP001997,Documents,Packed Food,5,23068.28,Yes
ITEM001998,SHP001998,Documents,T-Shirt,1,28728.53,Yes
ITEM001999,SHP001999,Accessories,Packed Food,2,17465.94,No
ITEM002000,SHP002000,Household,Mobile Accessory,4,26633.21,No
ITEM002001,SHP002001,Household,Home Item,5,41458.17,No
ITEM002002,SHP002002,Documents,Business Document,3,22223.14,Yes
ITEM002003,SHP002003,Household,Gadget,2,24398.79,Yes
ITEM002004,SHP002004,Documents,Book,5,42972.73,No
ITEM002005,SHP002005,Documents,T-Shirt,5,23009.4,No
ITEM002006,SHP002006,Accessories,Packed Food,3,47181.38,No
ITEM002007,SHP002007,Clothing,Packed Food,1,45048.71,Yes
ITEM002008,SHP002008,Electronics,Book,4,2045.85,No
ITEM002009,SHP002009,Clothing,Packed Food,3,9249.21,No
ITEM002010,SHP002010,Clothing,Home Item,5,24858.9,No
ITEM002011,SHP002011,Clothing,Home Item,1,6865.78,No
ITEM002012,SHP002012,Accessories,Book,5,43764.07,No
ITEM002013,SHP002013,Electronics,Book,2,22344.54,No
ITEM002014,SHP002014,Household,Mobile Accessory,2,8228.62,Yes
ITEM002015,SHP002015,Accessories,Home Item,1,33981.15,Yes
ITEM002016,SHP002016,Electronics,Gadget,5,35075.72,No
ITEM002017,SHP002017,Electronics,T-Shirt,4,25650.05,No
ITEM002018,SHP002018,Household,Gadget,2,7466.15,Yes
ITEM002019,SHP002019,Accessories,T-Shirt,4,40678.33,Yes
ITEM002020,SHP002020,Electronics,Gadget,4,44555.38,No
ITEM002021,SHP002021,Books,Home Item,4,46103.82,No
ITEM002022,SHP002022,Household,Book,1,10894.26,No
ITEM002023,SHP002023,Clothing,T-Shirt,5,30024.76,No
ITEM002024,SHP002024,Electronics,Book,1,35130.54,Yes
ITEM002025,SHP002025,Documents,T-Shirt,3,4076.47,Yes
ITEM002026,SHP002026,Food,Gadget,2,28078.98,No
ITEM002027,SHP002027,Accessories,Gadget,4,2593.92,No
ITEM002028,SHP002028,Books,Packed Food,5,40200.03,No
ITEM002029,SHP002029,Food,Gadget,4,44188.36,Yes
ITEM002030,SHP002030,Household,Book,1,31703.67,Yes
ITEM002031,SHP002031,Food,Gadget,5,46383.11,No
ITEM002032,SHP002032,Clothing,Mobile Accessory,3,13758.38,No
ITEM002033,SHP002033,Books,Mobile Accessory,1,35443.71,No
ITEM002034,SHP002034,Household,Business Document,5,9023.42,No
ITEM002035,SHP002035,Accessories,Business Document,2,3491.86,No
ITEM002036,SHP002036,Books,Packed Food,1,21342.6,Yes
ITEM002037,SHP002037,Documents,Home Item,5,47513.41,No
ITEM002038,SHP002038,Food,Gadget,5,41393.5,No
ITEM002039,SHP002039,Clothing,Gadget,3,35091.63,No
ITEM002040,SHP002040,Clothing,Business Document,5,33389.54,No
ITEM002041,SHP002041,Household,Book,5,13074.96,No
ITEM002042,SHP002042,Documents,Home Item,4,1724.93,Yes
ITEM002043,SHP002043,Accessories,Home Item,3,22930.91,No
ITEM002044,SHP002044,Food,Book,1,15537.3,No
ITEM002045,SHP002045,Clothing,Packed Food,3,18103.84,No
ITEM002046,SHP002046,Electronics,Book,3,3781.54,No
ITEM002047,SHP002047,Books,Packed Food,2,13262.17,No
ITEM002048,SHP002048,Food,Packed Food,5,29042.13,No
ITEM002049,SHP002049,Accessories,Home Item,4,45289.19,Yes
ITEM002050,SHP002050,Household,Business Document,5,40957.56,No
ITEM002051,SHP002051,Household,Home Item,1,15020.14,No
ITEM002052,SHP002052,Clothing,Mobile Accessory,2,38652.36,Yes
ITEM002053,SHP002053,Documents,Packed Food,5,34429.09,No
ITEM002054,SHP002054,Household,Book,3,7348.73,No
ITEM002055,SHP002055,Household,Gadget,5,29464.3,Yes
ITEM002056,SHP002056,Food,Home Item,5,39644.18,No
ITEM002057,SHP002057,Accessories,T-Shirt,3,7009.59,No
ITEM002058,SHP002058,Household,T-Shirt,1,3371.41,No
ITEM002059,SHP002059,Clothing,Home Item,5,3491.6,Yes
ITEM002060,SHP002060,Documents,Packed Food,4,26174.39,No
ITEM002061,SHP002061,Accessories,Business Document,1,1868.09,No
ITEM002062,SHP002062,Books,Book,3,23919.59,No
ITEM002063,SHP002063,Household,Business Document,5,26523.59,No
ITEM002064,SHP002064,Food,T-Shirt,4,10345.69,No
ITEM002065,SHP002065,Books,Mobile Accessory,2,48505.13,No
ITEM002066,SHP002066,Household,Gadget,3,37341.99,Yes
ITEM002067,SHP002067,Accessories,Book,4,19874.63,Yes
ITEM002068,SHP002068,Clothing,Home Item,1,43380.72,No
ITEM002069,SHP002069,Documents,Packed Food,4,22341.5,No
ITEM002070,SHP002070,Accessories,Business Document,4,36063.27,Yes
ITEM002071,SHP002071,Household,Mobile Accessory,4,29970.86,Yes
ITEM002072,SHP002072,Accessories,Packed Food,2,23218.43,No
ITEM002073,SHP002073,Electronics,T-Shirt,2,13272.67,No
ITEM002074,SHP002074,Books,Book,1,1152.28,No
ITEM002075,SHP002075,Accessories,Gadget,4,1778.25,No
ITEM002076,SHP002076,Clothing,T-Shirt,3,32237.2,Yes
ITEM002077,SHP002077,Documents,Packed Food,5,43548.41,Yes
ITEM002078,SHP002078,Household,Business Document,1,41640.78,No
ITEM002079,SHP002079,Household,Home Item,1,27478.87,No
ITEM002080,SHP002080,Accessories,Gadget,4,2153.05,No
ITEM002081,SHP002081,Accessories,Home Item,5,3430.11,No
ITEM002082,SHP002082,Electronics,Gadget,4,9232.23,No
ITEM002083,SHP002083,Books,Book,5,11013.86,No
ITEM002084,SHP002084,Books,Mobile Accessory,4,19153.27,No
ITEM002085,SHP002085,Food,Business Document,3,10207.41,No
ITEM002086,SHP002086,Household,Book,2,15269.79,No
ITEM002087,SHP002087,Household,Book,1,3339.57,No
ITEM002088,SHP002088,Clothing,T-Shirt,4,20642.0,No
ITEM002089,SHP002089,Books,Business Document,2,26513.36,No
ITEM002090,SHP002090,Electronics,Mobile Accessory,4,36237.37,Yes
ITEM002091,SHP002091,Household,Home Item,1,3573.02,No
ITEM002092,SHP002092,Food,Gadget,2,46151.37,No
ITEM002093,SHP002093,Household,Gadget,5,22315.2,Yes
ITEM002094,SHP002094,Accessories,Business Document,2,20834.21,No
ITEM002095,SHP002095,Clothing,Business Document,4,47966.86,No
ITEM002096,SHP002096,Books,Packed Food,1,26318.3,No
ITEM002097,SHP002097,Documents,T-Shirt,3,13183.56,No
ITEM002098,SHP002098,Books,Gadget,1,1533.38,No
ITEM002099,SHP002099,Documents,Packed Food,2,43818.1,Yes
ITEM002100,SHP002100,Books,Gadget,1,38196.37,No
ITEM002101,SHP002101,Food,Book,1,32415.51,Yes
ITEM002102,SHP002102,Electronics,Home Item,3,22345.4,No
ITEM002103,SHP002103,Electronics,Mobile Accessory,2,39558.16,No
ITEM002104,SHP002104,Books,Home Item,1,13728.38,Yes
ITEM002105,SHP002105,Electronics,Business Document,4,11134.9,No
ITEM002106,SHP002106,Clothing,Packed Food,1,46530.78,Yes
ITEM002107,SHP002107,Electronics,T-Shirt,1,3673.07,No
ITEM002108,SHP002108,Accessories,T-Shirt,2,45384.49,No
ITEM002109,SHP002109,Books,Packed Food,1,11585.7,No
ITEM002110,SHP002110,Documents,Gadget,5,47162.32,Yes
ITEM002111,SHP002111,Electronics,T-Shirt,5,19316.69,No
ITEM002112,SHP002112,Accessories,Book,2,19328.34,No
ITEM002113,SHP002113,Electronics,Gadget,2,2519.44,No
ITEM002114,SHP002114,Household,Book,1,41292.43,No
ITEM002115,SHP002115,Books,Business Document,2,43343.84,Yes
ITEM002116,SHP002116,Documents,Mobile Accessory,3,35689.47,No
ITEM002117,SHP002117,Clothing,Home Item,4,36888.65,No
ITEM002118,SHP002118,Books,Business Document,5,15550.34,No
ITEM002119,SHP002119,Clothing,Mobile Accessory,4,33679.54,No
ITEM002120,SHP002120,Books,Book,1,886.51,No
ITEM002121,SHP002121,Food,T-Shirt,5,36410.75,No
ITEM002122,SHP002122,Accessories,Packed Food,2,45894.3,No
ITEM002123,SHP002123,Accessories,Packed Food,4,12025.98,No
ITEM002124,SHP002124,Documents,Book,4,3816.89,Yes
ITEM002125,SHP002125,Accessories,Home Item,3,35332.52,No
ITEM002126,SHP002126,Documents,Gadget,4,46708.8,No
ITEM002127,SHP002127,Documents,Book,1,44554.65,Yes
ITEM002128,SHP002128,Electronics,Gadget,5,46493.51,No
ITEM002129,SHP002129,Electronics,Gadget,3,33413.92,Yes
ITEM002130,SHP002130,Accessories,Mobile Accessory,2,19877.16,No
ITEM002131,SHP002131,Electronics,Home Item,3,21919.85,No
ITEM002132,SHP002132,Food,Book,5,45923.8,No
ITEM002133,SHP002133,Household,Mobile Accessory,1,33489.69,No
ITEM002134,SHP002134,Electronics,T-Shirt,5,30828.93,No
ITEM002135,SHP002135,Documents,Mobile Accessory,3,33188.34,No
ITEM002136,SHP002136,Clothing,Business Document,1,41987.9,No
ITEM002137,SHP002137,Food,Mobile Accessory,5,2928.2,No
ITEM002138,SHP002138,Documents,T-Shirt,5,8530.43,No
ITEM002139,SHP002139,Documents,Book,4,11472.92,No
ITEM002140,SHP002140,Books,Mobile Accessory,2,10769.86,No
ITEM002141,SHP002141,Accessories,Gadget,1,26352.57,No
ITEM002142,SHP002142,Electronics,Mobile Accessory,3,15250.36,Yes
ITEM002143,SHP002143,Food,T-Shirt,2,18571.19,No
ITEM002144,SHP002144,Electronics,T-Shirt,4,24932.77,No
ITEM002145,SHP002145,Documents,Packed Food,3,26767.78,Yes
ITEM002146,SHP002146,Clothing,T-Shirt,2,22693.64,No
ITEM002147,SHP002147,Books,Packed Food,1,28125.55,No
ITEM002148,SHP002148,Electronics,Book,1,14450.25,No
ITEM002149,SHP002149,Books,Packed Food,4,30978.59,Yes
ITEM002150,SHP002150,Accessories,Mobile Accessory,3,18602.27,No
ITEM002151,SHP002151,Documents,Home Item,2,47994.58,Yes
ITEM002152,SHP002152,Food,T-Shirt,4,45711.9,No
ITEM002153,SHP002153,Household,Business Document,5,38670.07,Yes
ITEM002154,SHP002154,Documents,Mobile Accessory,3,41398.13,No
ITEM002155,SHP002155,Accessories,Packed Food,4,48621.28,Yes
ITEM002156,SHP002156,Accessories,Home Item,3,9530.97,No
ITEM002157,SHP002157,Accessories,T-Shirt,5,32193.28,No
ITEM002158,SHP002158,Food,Packed Food,5,7695.16,No
ITEM002159,SHP002159,Accessories,Home Item,2,12525.22,No
ITEM002160,SHP002160,Documents,Home Item,4,21426.42,No
ITEM002161,SHP002161,Clothing,Home Item,1,6509.13,No
ITEM002162,SHP002162,Household,Business Document,4,17216.28,No
ITEM002163,SHP002163,Electronics,T-Shirt,1,29547.57,No
ITEM002164,SHP002164,Electronics,Mobile Accessory,1,6217.4,No
ITEM002165,SHP002165,Food,Mobile Accessory,4,30933.08,Yes
ITEM002166,SHP002166,Food,Mobile Accessory,2,19104.05,No
ITEM002167,SHP002167,Food,Book,1,18659.61,No
ITEM002168,SHP002168,Books,Book,2,44679.57,No
ITEM002169,SHP002169,Household,Packed Food,2,19658.77,No
ITEM002170,SHP002170,Household,Packed Food,5,35371.66,No
ITEM002171,SHP002171,Clothing,Book,2,45825.72,Yes
ITEM002172,SHP002172,Documents,Gadget,3,37041.57,No
ITEM002173,SHP002173,Electronics,Book,5,33081.44,No
ITEM002174,SHP002174,Household,Gadget,4,13758.02,No
ITEM002175,SHP002175,Clothing,Book,5,36419.13,No
ITEM002176,SHP002176,Accessories,Business Document,1,10551.18,No
ITEM002177,SHP002177,Food,Mobile Accessory,3,3916.2,No
ITEM002178,SHP002178,Household,Gadget,1,27679.09,Yes
ITEM002179,SHP002179,Accessories,T-Shirt,4,46096.61,No
ITEM002180,SHP002180,Clothing,Home Item,4,14734.22,No
ITEM002181,SHP002181,Clothing,Packed Food,1,15649.85,No
ITEM002182,SHP002182,Accessories,Home Item,1,28411.29,Yes
ITEM002183,SHP002183,Documents,Home Item,4,7965.6,Yes
ITEM002184,SHP002184,Food,Gadget,3,33994.88,No
ITEM002185,SHP002185,Clothing,Book,5,23945.48,No
ITEM002186,SHP002186,Books,Home Item,4,8752.1,No
ITEM002187,SHP002187,Accessories,Gadget,5,23527.4,No
ITEM002188,SHP002188,Household,Business Document,3,5740.32,No
ITEM002189,SHP002189,Documents,Gadget,4,31368.48,No
ITEM002190,SHP002190,Books,Book,5,5297.52,No
ITEM002191,SHP002191,Books,Mobile Accessory,2,37841.31,No
ITEM002192,SHP002192,Household,Book,5,34243.53,No
ITEM002193,SHP002193,Electronics,Book,4,3361.23,No
ITEM002194,SHP002194,Accessories,Business Document,4,4102.55,No
ITEM002195,SHP002195,Household,Book,1,16100.85,Yes
ITEM002196,SHP002196,Clothing,Gadget,4,6625.4,No
ITEM002197,SHP002197,Books,Gadget,4,16541.1,No
ITEM002198,SHP002198,Clothing,Mobile Accessory,5,10428.31,No
ITEM002199,SHP002199,Accessories,Home Item,2,33953.26,No
ITEM002200,SHP002200,Books,T-Shirt,2,6542.22,No
ITEM002201,SHP002201,Food,Packed Food,5,1970.44,No
ITEM002202,SHP002202,Food,Business Document,1,11247.68,Yes
ITEM002203,SHP002203,Food,Book,3,18816.19,No
ITEM002204,SHP002204,Clothing,Book,1,1205.18,No
ITEM002205,SHP002205,Books,Home Item,4,37149.84,No
ITEM002206,SHP002206,Accessories,Gadget,4,37283.33,Yes
ITEM002207,SHP002207,Clothing,Gadget,4,23821.38,No
ITEM002208,SHP002208,Documents,T-Shirt,3,24895.02,No
ITEM002209,SHP002209,Electronics,T-Shirt,4,36223.48,No
ITEM002210,SHP002210,Electronics,Book,2,37335.68,No
ITEM002211,SHP002211,Electronics,Gadget,3,32791.87,No
ITEM002212,SHP002212,Documents,T-Shirt,4,5147.03,No
ITEM002213,SHP002213,Books,Book,5,29507.08,No
ITEM002214,SHP002214,Clothing,Home Item,3,29418.23,No
ITEM002215,SHP002215,Food,Gadget,2,19684.28,No
ITEM002216,SHP002216,Accessories,Gadget,3,8524.68,No
ITEM002217,SHP002217,Household,Home Item,1,46736.35,No
ITEM002218,SHP002218,Documents,Book,2,39345.55,Yes
ITEM002219,SHP002219,Accessories,Book,5,22198.44,No
ITEM002220,SHP002220,Clothing,Packed Food,5,14485.56,No
ITEM002221,SHP002221,Household,Book,3,20877.08,No
ITEM002222,SHP002222,Books,T-Shirt,1,24066.88,No
ITEM002223,SHP002223,Documents,Gadget,2,38889.48,Yes
ITEM002224,SHP002224,Food,Gadget,1,2509.33,Yes
ITEM002225,SHP002225,Clothing,Mobile Accessory,4,34299.24,Yes
ITEM002226,SHP002226,Household,Home Item,2,31852.29,No
ITEM002227,SHP002227,Documents,Business Document,1,33337.18,Yes
ITEM002228,SHP002228,Documents,Business Document,2,35701.61,No
ITEM002229,SHP002229,Accessories,Business Document,2,47826.57,Yes
ITEM002230,SHP002230,Clothing,Business Document,4,40037.76,No
ITEM002231,SHP002231,Clothing,Gadget,5,28743.7,No
ITEM002232,SHP002232,Food,Book,3,21781.44,No
ITEM002233,SHP002233,Food,Mobile Accessory,3,42654.42,No
ITEM002234,SHP002234,Clothing,Home Item,4,49574.77,No
ITEM002235,SHP002235,Household,Home Item,3,48646.92,Yes
ITEM002236,SHP002236,Accessories,Packed Food,4,27627.41,No
ITEM002237,SHP002237,Electronics,Book,3,32697.47,No
ITEM002238,SHP002238,Documents,Mobile Accessory,1,41070.53,No
ITEM002239,SHP002239,Clothing,T-Shirt,2,20624.54,No
ITEM002240,SHP002240,Clothing,T-Shirt,1,35150.28,No
ITEM002241,SHP002241,Electronics,Packed Food,3,18965.28,No
ITEM002242,SHP002242,Documents,Mobile Accessory,5,31099.23,No
ITEM002243,SHP002243,Documents,Mobile Accessory,5,7545.12,Yes
ITEM002244,SHP002244,Documents,T-Shirt,1,38685.69,No
ITEM002245,SHP002245,Documents,Mobile Accessory,2,4788.03,Yes
ITEM002246,SHP002246,Food,Business Document,4,6932.2,No
ITEM002247,SHP002247,Accessories,Gadget,1,41378.28,No
ITEM002248,SHP002248,Documents,Packed Food,5,27997.15,No
ITEM002249,SHP002249,Documents,Mobile Accessory,4,25286.35,No
ITEM002250,SHP002250,Electronics,Gadget,2,44063.06,No
ITEM002251,SHP002251,Food,Business Document,2,16728.81,No
ITEM002252,SHP002252,Electronics,Packed Food,1,16742.84,No
ITEM002253,SHP002253,Household,Business Document,4,26733.49,No
ITEM002254,SHP002254,Food,Gadget,3,42194.4,Yes
ITEM002255,SHP002255,Electronics,Packed Food,3,10488.8,No
ITEM002256,SHP002256,Clothing,Packed Food,2,14798.76,No
ITEM002257,SHP002257,Accessories,Packed Food,4,36443.05,No
ITEM002258,SHP002258,Food,Business Document,2,49429.75,No
ITEM002259,SHP002259,Food,Home Item,3,34911.68,Yes
ITEM002260,SHP002260,Books,Mobile Accessory,2,28253.2,No
ITEM002261,SHP002261,Clothing,Gadget,3,43797.06,No
ITEM002262,SHP002262,Clothing,Business Document,2,20539.95,Yes
ITEM002263,SHP002263,Books,Home Item,5,33996.89,No
ITEM002264,SHP002264,Electronics,Business Document,2,12142.91,No
ITEM002265,SHP002265,Electronics,Home Item,5,19881.39,No
ITEM002266,SHP002266,Household,Book,3,35993.73,No
ITEM002267,SHP002267,Food,Book,4,30448.08,Yes
ITEM002268,SHP002268,Accessories,Mobile Accessory,4,45224.17,No
ITEM002269,SHP002269,Electronics,T-Shirt,1,10494.51,No
ITEM002270,SHP002270,Books,Business Document,3,24600.11,No
ITEM002271,SHP002271,Documents,Business Document,3,2804.72,No
ITEM002272,SHP002272,Clothing,Book,5,48465.76,Yes
ITEM002273,SHP002273,Accessories,Book,1,30308.34,Yes
ITEM002274,SHP002274,Electronics,T-Shirt,4,9257.26,No
ITEM002275,SHP002275,Books,T-Shirt,4,42628.41,No
ITEM002276,SHP002276,Accessories,Book,3,5716.71,No
ITEM002277,SHP002277,Books,Home Item,2,44226.67,No
ITEM002278,SHP002278,Books,Home Item,5,2186.34,No
ITEM002279,SHP002279,Food,T-Shirt,2,47029.18,No
ITEM002280,SHP002280,Household,T-Shirt,2,15007.75,No
ITEM002281,SHP002281,Clothing,Gadget,3,18504.38,No
ITEM002282,SHP002282,Household,Business Document,2,31485.9,No
ITEM002283,SHP002283,Accessories,Mobile Accessory,1,47119.12,No
ITEM002284,SHP002284,Electronics,T-Shirt,1,9801.8,No
ITEM002285,SHP002285,Books,Packed Food,5,18034.21,No
ITEM002286,SHP002286,Accessories,Gadget,1,33949.19,No
ITEM002287,SHP002287,Electronics,Mobile Accessory,1,3669.89,No
ITEM002288,SHP002288,Clothing,Home Item,3,17163.26,Yes
ITEM002289,SHP002289,Books,Book,5,31711.22,No
ITEM002290,SHP002290,Electronics,Gadget,2,21982.19,No
ITEM002291,SHP002291,Electronics,Gadget,5,48936.33,Yes
ITEM002292,SHP002292,Books,Book,4,48795.13,No
ITEM002293,SHP002293,Accessories,Mobile Accessory,1,46377.77,No
ITEM002294,SHP002294,Electronics,Gadget,1,47773.7,No
ITEM002295,SHP002295,Clothing,Mobile Accessory,4,47632.5,No
ITEM002296,SHP002296,Clothing,Home Item,3,42087.66,No
ITEM002297,SHP002297,Documents,Gadget,5,47472.05,No
ITEM002298,SHP002298,Accessories,Business Document,5,641.64,Yes
ITEM002299,SHP002299,Food,Packed Food,4,39191.01,No
ITEM002300,SHP002300,Accessories,T-Shirt,4,26893.52,No
ITEM002301,SHP002301,Clothing,Mobile Accessory,2,23565.85,No
ITEM002302,SHP002302,Food,Business Document,3,6515.82,Yes
ITEM002303,SHP002303,Clothing,Book,5,17928.58,No
ITEM002304,SHP002304,Documents,T-Shirt,4,19360.84,No
ITEM002305,SHP002305,Electronics,Home Item,3,11047.45,Yes
ITEM002306,SHP002306,Electronics,Packed Food,2,47271.22,No
ITEM002307,SHP002307,Household,Packed Food,2,30596.47,No
ITEM002308,SHP002308,Books,Book,3,48324.79,No
ITEM002309,SHP002309,Books,Business Document,3,29422.23,No
ITEM002310,SHP002310,Household,Business Document,4,26525.58,No
ITEM002311,SHP002311,Documents,Book,4,19514.31,No
ITEM002312,SHP002312,Food,Packed Food,5,9990.03,No
ITEM002313,SHP002313,Books,Gadget,1,9204.08,No
ITEM002314,SHP002314,Accessories,Home Item,4,36417.77,No
ITEM002315,SHP002315,Accessories,T-Shirt,2,40643.69,No
ITEM002316,SHP002316,Electronics,Packed Food,2,1985.86,No
ITEM002317,SHP002317,Books,Book,2,5405.06,No
ITEM002318,SHP002318,Household,T-Shirt,3,36867.09,No
ITEM002319,SHP002319,Electronics,T-Shirt,2,8739.39,No
ITEM002320,SHP002320,Accessories,Gadget,3,19131.42,No
ITEM002321,SHP002321,Household,Gadget,5,39640.71,No
ITEM002322,SHP002322,Accessories,T-Shirt,5,43641.07,No
ITEM002323,SHP002323,Household,Gadget,5,45737.38,No
ITEM002324,SHP002324,Household,T-Shirt,5,17111.54,No
ITEM002325,SHP002325,Food,Business Document,2,30072.35,No
ITEM002326,SHP002326,Documents,Mobile Accessory,4,24138.27,No
ITEM002327,SHP002327,Household,Gadget,5,35600.64,Yes
ITEM002328,SHP002328,Documents,Home Item,4,37060.94,Yes
ITEM002329,SHP002329,Food,Gadget,5,11382.78,Yes
ITEM002330,SHP002330,Electronics,Mobile Accessory,3,47132.8,No
ITEM002331,SHP002331,Books,Book,2,24437.9,No
ITEM002332,SHP002332,Accessories,Book,5,11460.08,No
ITEM002333,SHP002333,Electronics,T-Shirt,4,14118.9,Yes
ITEM002334,SHP002334,Accessories,Packed Food,1,7148.33,No
ITEM002335,SHP002335,Household,Book,3,8741.67,No
ITEM002336,SHP002336,Clothing,Mobile Accessory,4,42754.1,No
ITEM002337,SHP002337,Household,Home Item,5,41965.28,No
ITEM002338,SHP002338,Books,Packed Food,5,22026.47,Yes
ITEM002339,SHP002339,Electronics,Gadget,4,24923.13,No
ITEM002340,SHP002340,Clothing,Home Item,5,3493.62,No
ITEM002341,SHP002341,Books,Home Item,5,12166.46,No
ITEM002342,SHP002342,Clothing,Book,4,12018.99,No
ITEM002343,SHP002343,Household,Home Item,4,42050.7,No
ITEM002344,SHP002344,Clothing,Home Item,2,21872.18,Yes
ITEM002345,SHP002345,Food,Business Document,1,2146.64,No
ITEM002346,SHP002346,Household,Gadget,4,13539.01,Yes
ITEM002347,SHP002347,Books,Home Item,4,22668.01,Yes
ITEM002348,SHP002348,Household,Book,2,8642.38,No
ITEM002349,SHP002349,Books,Gadget,5,3576.81,No
ITEM002350,SHP002350,Household,Home Item,1,8182.87,Yes
ITEM002351,SHP002351,Household,Gadget,3,12011.95,Yes
ITEM002352,SHP002352,Clothing,Business Document,4,24705.19,No
ITEM002353,SHP002353,Clothing,Gadget,1,38363.1,No
ITEM002354,SHP002354,Electronics,Packed Food,3,11879.78,No
ITEM002355,SHP002355,Accessories,Gadget,1,40977.27,No
ITEM002356,SHP002356,Clothing,Book,2,41791.03,No
ITEM002357,SHP002357,Food,Gadget,3,33463.79,No
ITEM002358,SHP002358,Books,Home Item,3,26197.65,No
ITEM002359,SHP002359,Clothing,Mobile Accessory,1,6983.62,No
ITEM002360,SHP002360,Clothing,T-Shirt,4,27741.13,No
ITEM002361,SHP002361,Clothing,Business Document,3,21771.82,No
ITEM002362,SHP002362,Clothing,Mobile Accessory,4,7576.27,No
ITEM002363,SHP002363,Books,Packed Food,2,5913.66,No
ITEM002364,SHP002364,Books,Business Document,2,13242.71,No
ITEM002365,SHP002365,Documents,Home Item,3,36546.18,No
ITEM002366,SHP002366,Electronics,Mobile Accessory,4,31087.41,No
ITEM002367,SHP002367,Electronics,Book,2,7823.0,No
ITEM002368,SHP002368,Clothing,Mobile Accessory,2,22533.17,No
ITEM002369,SHP002369,Electronics,Gadget,1,13813.03,Yes
ITEM002370,SHP002370,Books,Mobile Accessory,1,45119.73,No
ITEM002371,SHP002371,Clothing,Business Document,3,3514.6,No
ITEM002372,SHP002372,Books,Home Item,1,15215.99,No
ITEM002373,SHP002373,Household,Mobile Accessory,3,12032.49,No
ITEM002374,SHP002374,Documents,Mobile Accessory,5,20220.64,No
ITEM002375,SHP002375,Household,Gadget,1,4887.0,No
ITEM002376,SHP002376,Food,Business Document,5,11833.7,No
ITEM002377,SHP002377,Documents,Mobile Accessory,1,45622.22,No
ITEM002378,SHP002378,Accessories,Home Item,1,9707.72,No
ITEM002379,SHP002379,Household,Mobile Accessory,3,14694.13,No
ITEM002380,SHP002380,Clothing,Mobile Accessory,5,19969.48,No
ITEM002381,SHP002381,Household,Packed Food,1,12885.97,No
ITEM002382,SHP002382,Household,Business Document,4,31840.86,No
ITEM002383,SHP002383,Electronics,Mobile Accessory,4,48627.4,No
ITEM002384,SHP002384,Electronics,T-Shirt,1,26705.05,No
ITEM002385,SHP002385,Electronics,Packed Food,1,41260.16,No
ITEM002386,SHP002386,Books,Business Document,1,4275.62,No
ITEM002387,SHP002387,Books,Gadget,5,21035.23,No
ITEM002388,SHP002388,Clothing,T-Shirt,3,13479.49,No
ITEM002389,SHP002389,Food,Home Item,5,15751.11,No
ITEM002390,SHP002390,Accessories,Mobile Accessory,4,42389.45,No
ITEM002391,SHP002391,Accessories,Mobile Accessory,3,26824.9,No
ITEM002392,SHP002392,Accessories,Book,1,18463.13,No
ITEM002393,SHP002393,Accessories,Book,3,16158.65,No
ITEM002394,SHP002394,Books,Packed Food,3,3438.68,Yes
ITEM002395,SHP002395,Books,Gadget,4,44674.73,No
ITEM002396,SHP002396,Books,Book,2,17463.48,Yes
ITEM002397,SHP002397,Food,T-Shirt,1,30448.94,No
ITEM002398,SHP002398,Clothing,Business Document,5,29270.55,No
ITEM002399,SHP002399,Documents,T-Shirt,5,22954.3,No
ITEM002400,SHP002400,Household,Gadget,3,40209.49,No
ITEM002401,SHP002401,Electronics,Gadget,4,15712.42,Yes
ITEM002402,SHP002402,Accessories,Gadget,5,26003.95,Yes
ITEM002403,SHP002403,Books,Home Item,4,13231.57,No
ITEM002404,SHP002404,Food,T-Shirt,3,42145.69,Yes
ITEM002405,SHP002405,Electronics,Gadget,1,31054.35,Yes
ITEM002406,SHP002406,Food,Mobile Accessory,3,18415.85,No
ITEM002407,SHP002407,Household,Home Item,4,816.11,No
ITEM002408,SHP002408,Documents,T-Shirt,4,31573.82,Yes
ITEM002409,SHP002409,Electronics,Gadget,4,36064.09,No
ITEM002410,SHP002410,Books,T-Shirt,4,30269.54,No
ITEM002411,SHP002411,Accessories,Mobile Accessory,5,49338.56,Yes
ITEM002412,SHP002412,Accessories,T-Shirt,2,5996.52,No
ITEM002413,SHP002413,Food,Book,3,14898.68,No
ITEM002414,SHP002414,Household,Gadget,2,21188.19,Yes
ITEM002415,SHP002415,Books,Gadget,3,19633.02,Yes
ITEM002416,SHP002416,Documents,T-Shirt,1,37160.03,Yes
ITEM002417,SHP002417,Electronics,Home Item,3,6623.97,No
ITEM002418,SHP002418,Books,Book,4,3747.94,No
ITEM002419,SHP002419,Accessories,Packed Food,2,1743.76,No
ITEM002420,SHP002420,Food,Home Item,1,34514.88,Yes
ITEM002421,SHP002421,Household,Business Document,3,39614.25,No
ITEM002422,SHP002422,Electronics,Business Document,5,23979.88,No
ITEM002423,SHP002423,Clothing,Packed Food,3,19114.72,No
ITEM002424,SHP002424,Documents,Home Item,5,9046.88,No
ITEM002425,SHP002425,Documents,Home Item,2,23956.42,No
ITEM002426,SHP002426,Electronics,T-Shirt,4,5489.52,No
ITEM002427,SHP002427,Accessories,Mobile Accessory,4,5843.51,No
ITEM002428,SHP002428,Food,Gadget,2,22274.6,No
ITEM002429,SHP002429,Documents,Business Document,1,1183.78,No
ITEM002430,SHP002430,Electronics,Business Document,2,35859.7,No
ITEM002431,SHP002431,Clothing,Gadget,4,46281.04,No
ITEM002432,SHP002432,Electronics,Mobile Accessory,4,16516.65,No
ITEM002433,SHP002433,Electronics,Gadget,5,32319.88,No
ITEM002434,SHP002434,Household,Book,2,45698.13,No
ITEM002435,SHP002435,Electronics,Home Item,5,11557.52,Yes
ITEM002436,SHP002436,Clothing,T-Shirt,5,27263.6,Yes
ITEM002437,SHP002437,Electronics,Packed Food,3,29194.38,No
ITEM002438,SHP002438,Electronics,Packed Food,4,41440.73,Yes
ITEM002439,SHP002439,Food,Business Document,2,30579.82,No
ITEM002440,SHP002440,Electronics,Home Item,2,39264.43,Yes
ITEM002441,SHP002441,Documents,Business Document,5,13992.21,No
ITEM002442,SHP002442,Food,Mobile Accessory,2,34944.59,No
ITEM002443,SHP002443,Food,Mobile Accessory,5,25347.29,No
ITEM002444,SHP002444,Clothing,Gadget,3,27979.6,Yes
ITEM002445,SHP002445,Accessories,Gadget,5,34931.19,No
ITEM002446,SHP002446,Documents,Business Document,3,40826.12,Yes
ITEM002447,SHP002447,Food,Business Document,4,11670.24,No
ITEM002448,SHP002448,Household,Packed Food,3,12701.92,No
ITEM002449,SHP002449,Accessories,Book,1,49949.46,No
ITEM002450,SHP002450,Clothing,Book,2,3057.9,No
ITEM002451,SHP002451,Household,Gadget,5,5652.27,No
ITEM002452,SHP002452,Food,Business Document,5,25716.39,No
ITEM002453,SHP002453,Household,Business Document,5,27433.13,No
ITEM002454,SHP002454,Electronics,Business Document,3,35813.74,No
ITEM002455,SHP002455,Household,Gadget,1,45715.87,Yes
ITEM002456,SHP002456,Documents,Gadget,4,45873.84,No
ITEM002457,SHP002457,Food,Packed Food,4,31987.58,Yes
ITEM002458,SHP002458,Household,Business Document,4,37821.62,No
ITEM002459,SHP002459,Household,Book,4,32779.51,No
ITEM002460,SHP002460,Documents,T-Shirt,5,8366.37,Yes
ITEM002461,SHP002461,Clothing,Gadget,4,47235.23,No
ITEM002462,SHP002462,Electronics,Packed Food,4,42261.03,Yes
ITEM002463,SHP002463,Accessories,Home Item,2,5070.15,No
ITEM002464,SHP002464,Accessories,Book,1,49272.8,No
ITEM002465,SHP002465,Household,Book,4,42201.21,No
ITEM002466,SHP002466,Clothing,T-Shirt,1,44730.49,No
ITEM002467,SHP002467,Electronics,Book,3,26183.1,Yes
ITEM002468,SHP002468,Food,Book,2,45295.04,No
ITEM002469,SHP002469,Household,Book,1,16882.25,No
ITEM002470,SHP002470,Household,Gadget,4,8007.8,Yes
ITEM002471,SHP002471,Food,Gadget,5,2318.69,No
ITEM002472,SHP002472,Accessories,T-Shirt,2,13241.2,No
ITEM002473,SHP002473,Electronics,T-Shirt,4,43580.98,No
ITEM002474,SHP002474,Books,Packed Food,3,32307.55,Yes
ITEM002475,SHP002475,Accessories,Gadget,2,17568.87,No
ITEM002476,SHP002476,Clothing,Mobile Accessory,3,11503.48,No
ITEM002477,SHP002477,Books,Home Item,1,12945.05,Yes
ITEM002478,SHP002478,Books,Mobile Accessory,2,33846.74,No
ITEM002479,SHP002479,Books,Home Item,4,8282.49,No
ITEM002480,SHP002480,Accessories,Gadget,1,6901.02,No
ITEM002481,SHP002481,Documents,Mobile Accessory,4,31798.69,No
ITEM002482,SHP002482,Accessories,Packed Food,4,44000.88,No
ITEM002483,SHP002483,Documents,Home Item,4,38910.78,No
ITEM002484,SHP002484,Accessories,T-Shirt,3,4479.47,No
ITEM002485,SHP002485,Household,Book,5,39135.26,Yes
ITEM002486,SHP002486,Household,Gadget,4,45167.12,Yes
ITEM002487,SHP002487,Electronics,Book,4,34830.48,Yes
ITEM002488,SHP002488,Accessories,Gadget,3,38432.44,No
ITEM002489,SHP002489,Electronics,Mobile Accessory,1,43941.91,No
ITEM002490,SHP002490,Clothing,Gadget,4,26540.86,No
ITEM002491,SHP002491,Food,Gadget,1,27182.13,No
ITEM002492,SHP002492,Electronics,Mobile Accessory,3,30340.2,Yes
ITEM002493,SHP002493,Clothing,Book,3,10513.72,No
ITEM002494,SHP002494,Food,Home Item,2,21677.14,No
ITEM002495,SHP002495,Household,Gadget,2,26621.35,No
ITEM002496,SHP002496,Accessories,Mobile Accessory,5,2377.51,Yes
ITEM002497,SHP002497,Accessories,Packed Food,2,24026.4,No
ITEM002498,SHP002498,Documents,Packed Food,2,31796.86,No
ITEM002499,SHP002499,Accessories,Mobile Accessory,1,37567.14,No
ITEM002500,SHP002500,Clothing,Packed Food,2,2528.71,Yes
ITEM002501,SHP002501,Accessories,Packed Food,5,27463.42,No
ITEM002502,SHP002502,Books,Packed Food,2,38085.61,Yes
ITEM002503,SHP002503,Household,Home Item,5,9423.37,Yes
ITEM002504,SHP002504,Household,Packed Food,5,17179.74,No
ITEM002505,SHP002505,Books,T-Shirt,4,4191.99,Yes
ITEM002506,SHP002506,Books,Gadget,5,19993.01,No
ITEM002507,SHP002507,Documents,T-Shirt,1,13302.79,No
ITEM002508,SHP002508,Food,Business Document,4,17908.67,No
ITEM002509,SHP002509,Household,Mobile Accessory,3,9180.57,No
ITEM002510,SHP002510,Accessories,Book,1,13903.67,No
ITEM002511,SHP002511,Clothing,Book,1,19870.16,No
ITEM002512,SHP002512,Household,Mobile Accessory,5,925.33,No
ITEM002513,SHP002513,Household,Mobile Accessory,5,16203.2,Yes
ITEM002514,SHP002514,Books,Gadget,3,7874.02,No
ITEM002515,SHP002515,Books,T-Shirt,1,46742.46,No
ITEM002516,SHP002516,Documents,Home Item,4,18570.55,No
ITEM002517,SHP002517,Food,Packed Food,1,19824.96,No
ITEM002518,SHP002518,Household,Gadget,3,44393.57,No
ITEM002519,SHP002519,Food,Business Document,1,40727.99,No
ITEM002520,SHP002520,Household,Mobile Accessory,2,3747.38,Yes
ITEM002521,SHP002521,Food,Home Item,1,3156.71,Yes
ITEM002522,SHP002522,Food,Home Item,5,42372.41,No
ITEM002523,SHP002523,Food,Packed Food,4,5932.13,No
ITEM002524,SHP002524,Documents,Mobile Accessory,1,23027.31,No
ITEM002525,SHP002525,Accessories,Mobile Accessory,1,7523.26,Yes
ITEM002526,SHP002526,Electronics,Mobile Accessory,5,21984.14,No
ITEM002527,SHP002527,Household,Packed Food,3,10476.56,No
ITEM002528,SHP002528,Food,T-Shirt,3,31888.51,No
ITEM002529,SHP002529,Food,Mobile Accessory,2,4415.5,No
ITEM002530,SHP002530,Books,Gadget,5,33704.24,No
ITEM002531,SHP002531,Documents,Mobile Accessory,3,26463.77,No
ITEM002532,SHP002532,Household,Home Item,3,30412.19,No
ITEM002533,SHP002533,Food,Business Document,5,17673.4,No
ITEM002534,SHP002534,Books,Gadget,5,46684.19,No
ITEM002535,SHP002535,Documents,Business Document,5,5254.87,No
ITEM002536,SHP002536,Books,Book,2,44777.22,No
ITEM002537,SHP002537,Food,Gadget,1,27528.16,No
ITEM002538,SHP002538,Books,Gadget,4,42375.71,Yes
ITEM002539,SHP002539,Electronics,Packed Food,1,40238.35,No
ITEM002540,SHP002540,Documents,Book,5,12435.53,No
ITEM002541,SHP002541,Books,Gadget,4,10911.82,Yes
ITEM002542,SHP002542,Clothing,T-Shirt,5,24864.34,Yes
ITEM002543,SHP002543,Electronics,Home Item,3,35593.72,Yes
ITEM002544,SHP002544,Accessories,Gadget,3,17133.49,No
ITEM002545,SHP002545,Food,Packed Food,5,44654.31,No
ITEM002546,SHP002546,Clothing,Business Document,1,17114.44,No
ITEM002547,SHP002547,Food,Mobile Accessory,3,2266.44,No
ITEM002548,SHP002548,Accessories,Gadget,4,36945.53,No
ITEM002549,SHP002549,Clothing,Mobile Accessory,4,8330.74,No
ITEM002550,SHP002550,Electronics,T-Shirt,5,45881.2,No
ITEM002551,SHP002551,Electronics,Business Document,5,32893.31,No
ITEM002552,SHP002552,Accessories,T-Shirt,1,15214.94,No
ITEM002553,SHP002553,Clothing,Packed Food,3,21673.94,No
ITEM002554,SHP002554,Accessories,Home Item,2,20946.91,Yes
ITEM002555,SHP002555,Food,Packed Food,3,27505.27,No
ITEM002556,SHP002556,Electronics,T-Shirt,3,11342.88,Yes
ITEM002557,SHP002557,Household,Packed Food,3,5638.39,Yes
ITEM002558,SHP002558,Food,Gadget,5,30404.03,No
ITEM002559,SHP002559,Household,Packed Food,5,29238.39,Yes
ITEM002560,SHP002560,Documents,Mobile Accessory,3,18636.6,Yes
ITEM002561,SHP002561,Documents,Business Document,5,43854.91,No
ITEM002562,SHP002562,Clothing,Business Document,1,38273.41,No
ITEM002563,SHP002563,Electronics,Home Item,4,10811.14,Yes
ITEM002564,SHP002564,Accessories,Packed Food,4,27318.48,No
ITEM002565,SHP002565,Electronics,Book,4,5734.88,No
ITEM002566,SHP002566,Books,T-Shirt,1,14491.34,Yes
ITEM002567,SHP002567,Clothing,T-Shirt,3,45756.02,Yes
ITEM002568,SHP002568,Electronics,Packed Food,2,44654.12,No
ITEM002569,SHP002569,Accessories,Gadget,5,13997.91,Yes
ITEM002570,SHP002570,Accessories,T-Shirt,2,14381.33,Yes
ITEM002571,SHP002571,Documents,T-Shirt,3,47737.41,No
ITEM002572,SHP002572,Documents,Mobile Accessory,1,26208.84,No
ITEM002573,SHP002573,Food,Home Item,3,47145.38,Yes
ITEM002574,SHP002574,Accessories,Gadget,3,19465.33,No
ITEM002575,SHP002575,Documents,Packed Food,5,32266.1,No
ITEM002576,SHP002576,Electronics,Gadget,1,40096.74,No
ITEM002577,SHP002577,Books,Book,4,13556.71,No
ITEM002578,SHP002578,Electronics,Home Item,4,34735.89,No
ITEM002579,SHP002579,Household,Home Item,2,1751.5,Yes
ITEM002580,SHP002580,Books,Packed Food,5,3764.12,No
ITEM002581,SHP002581,Clothing,Home Item,1,13084.2,No
ITEM002582,SHP002582,Books,Gadget,1,20752.23,No
ITEM002583,SHP002583,Accessories,Business Document,4,18843.41,No
ITEM002584,SHP002584,Clothing,Packed Food,4,24089.25,No
ITEM002585,SHP002585,Household,Gadget,1,39754.67,No
ITEM002586,SHP002586,Food,Business Document,5,38511.48,No
ITEM002587,SHP002587,Accessories,Business Document,2,27507.94,Yes
ITEM002588,SHP002588,Electronics,Book,1,7170.66,No
ITEM002589,SHP002589,Electronics,Packed Food,1,32414.38,No
ITEM002590,SHP002590,Household,Home Item,4,44255.97,No
ITEM002591,SHP002591,Household,Book,1,23642.49,No
ITEM002592,SHP002592,Documents,Book,1,8774.25,Yes
ITEM002593,SHP002593,Household,T-Shirt,5,13873.61,No
ITEM002594,SHP002594,Clothing,Mobile Accessory,1,31441.11,Yes
ITEM002595,SHP002595,Books,Book,1,32596.91,No
ITEM002596,SHP002596,Household,Home Item,5,6236.17,No
ITEM002597,SHP002597,Clothing,Packed Food,4,35487.18,Yes
ITEM002598,SHP002598,Books,Business Document,5,48452.55,Yes
ITEM002599,SHP002599,Accessories,Book,5,12708.57,Yes
ITEM002600,SHP002600,Food,Gadget,2,828.04,No
ITEM002601,SHP002601,Documents,Gadget,4,24459.67,No
ITEM002602,SHP002602,Household,Business Document,4,48788.72,No
ITEM002603,SHP002603,Accessories,Mobile Accessory,1,2433.65,No
ITEM002604,SHP002604,Books,Gadget,2,26749.23,No
ITEM002605,SHP002605,Accessories,Home Item,5,16738.49,No
ITEM002606,SHP002606,Documents,Packed Food,2,23686.25,Yes
ITEM002607,SHP002607,Electronics,Mobile Accessory,3,44062.23,No
ITEM002608,SHP002608,Books,Home Item,3,22853.3,No
ITEM002609,SHP002609,Clothing,Gadget,5,36609.59,No
ITEM002610,SHP002610,Documents,Book,3,39482.48,No
ITEM002611,SHP002611,Household,Gadget,5,33325.26,No
ITEM002612,SHP002612,Household,Packed Food,5,7408.39,No
ITEM002613,SHP002613,Books,Business Document,5,47899.31,Yes
ITEM002614,SHP002614,Food,Mobile Accessory,4,9343.74,No
ITEM002615,SHP002615,Books,Gadget,4,30193.93,No
ITEM002616,SHP002616,Books,T-Shirt,5,6974.18,No
ITEM002617,SHP002617,Electronics,T-Shirt,4,1268.86,No
ITEM002618,SHP002618,Documents,Business Document,4,2180.45,No
ITEM002619,SHP002619,Food,Gadget,4,19458.18,Yes
ITEM002620,SHP002620,Clothing,Packed Food,2,21850.94,No
ITEM002621,SHP002621,Household,Book,3,29045.25,No
ITEM002622,SHP002622,Food,Mobile Accessory,1,17381.9,No
ITEM002623,SHP002623,Documents,Mobile Accessory,2,20714.69,Yes
ITEM002624,SHP002624,Documents,Business Document,2,45099.12,Yes
ITEM002625,SHP002625,Accessories,Gadget,5,17383.42,No
ITEM002626,SHP002626,Household,Mobile Accessory,1,15884.29,No
ITEM002627,SHP002627,Clothing,Gadget,5,36029.11,Yes
ITEM002628,SHP002628,Household,Gadget,2,48915.9,No
ITEM002629,SHP002629,Accessories,Book,5,1405.66,Yes
ITEM002630,SHP002630,Clothing,Home Item,5,3608.34,No
ITEM002631,SHP002631,Accessories,Packed Food,4,38399.82,No
ITEM002632,SHP002632,Clothing,Business Document,2,3119.58,No
ITEM002633,SHP002633,Accessories,T-Shirt,2,37443.87,No
ITEM002634,SHP002634,Household,T-Shirt,4,18965.33,Yes
ITEM002635,SHP002635,Accessories,Packed Food,4,25591.29,No
ITEM002636,SHP002636,Household,Book,2,1582.86,No
ITEM002637,SHP002637,Documents,Book,5,15235.92,No
ITEM002638,SHP002638,Clothing,Gadget,2,41890.88,No
ITEM002639,SHP002639,Documents,Mobile Accessory,4,47694.54,No
ITEM002640,SHP002640,Clothing,T-Shirt,1,27611.94,No
ITEM002641,SHP002641,Accessories,Home Item,4,49238.74,No
ITEM002642,SHP002642,Books,Business Document,3,5079.57,No
ITEM002643,SHP002643,Documents,Business Document,3,43512.78,No
ITEM002644,SHP002644,Books,Mobile Accessory,2,37765.84,No
ITEM002645,SHP002645,Accessories,T-Shirt,3,5911.77,No
ITEM002646,SHP002646,Books,Home Item,3,34956.93,No
ITEM002647,SHP002647,Electronics,T-Shirt,1,32483.68,No
ITEM002648,SHP002648,Accessories,Business Document,5,47352.21,Yes
ITEM002649,SHP002649,Electronics,Gadget,5,11549.49,Yes
ITEM002650,SHP002650,Documents,T-Shirt,5,16608.54,Yes
ITEM002651,SHP002651,Documents,Gadget,2,9711.19,No
ITEM002652,SHP002652,Books,Book,1,46579.8,No
ITEM002653,SHP002653,Clothing,Book,2,43031.07,Yes
ITEM002654,SHP002654,Electronics,Gadget,1,14043.85,No
ITEM002655,SHP002655,Documents,T-Shirt,5,43047.64,No
ITEM002656,SHP002656,Clothing,Gadget,1,48052.11,No
ITEM002657,SHP002657,Food,Book,3,6560.63,Yes
ITEM002658,SHP002658,Books,Mobile Accessory,5,47631.75,No
ITEM002659,SHP002659,Food,Business Document,4,44347.08,No
ITEM002660,SHP002660,Accessories,Gadget,1,45121.74,Yes
ITEM002661,SHP002661,Clothing,Home Item,3,3104.92,No
ITEM002662,SHP002662,Clothing,Mobile Accessory,4,46964.9,No
ITEM002663,SHP002663,Electronics,Gadget,4,49735.15,No
ITEM002664,SHP002664,Clothing,Gadget,5,35681.6,No
ITEM002665,SHP002665,Accessories,Packed Food,3,41879.12,No
ITEM002666,SHP002666,Books,Home Item,4,24441.78,No
ITEM002667,SHP002667,Documents,Packed Food,4,5034.75,No
ITEM002668,SHP002668,Books,Home Item,4,23761.71,Yes
ITEM002669,SHP002669,Food,Home Item,5,45008.93,No
ITEM002670,SHP002670,Food,Book,1,22362.82,No
ITEM002671,SHP002671,Clothing,T-Shirt,5,17071.25,Yes
ITEM002672,SHP002672,Documents,Gadget,5,31808.72,No
ITEM002673,SHP002673,Electronics,Gadget,2,48445.36,Yes
ITEM002674,SHP002674,Clothing,Mobile Accessory,1,28488.19,Yes
ITEM002675,SHP002675,Accessories,Business Document,2,26725.79,No
ITEM002676,SHP002676,Documents,Book,1,23571.46,No
ITEM002677,SHP002677,Electronics,Book,5,20828.01,No
ITEM002678,SHP002678,Household,Home Item,4,21047.94,Yes
ITEM002679,SHP002679,Electronics,T-Shirt,2,48540.64,Yes
ITEM002680,SHP002680,Books,Book,4,14147.85,No
ITEM002681,SHP002681,Accessories,Book,5,23984.91,No
ITEM002682,SHP002682,Documents,Mobile Accessory,1,6194.73,No
ITEM002683,SHP002683,Household,Book,1,23698.78,No
ITEM002684,SHP002684,Accessories,Book,3,16955.54,No
ITEM002685,SHP002685,Clothing,Book,1,24325.63,No
ITEM002686,SHP002686,Accessories,T-Shirt,1,21772.76,No
ITEM002687,SHP002687,Books,Mobile Accessory,5,44544.23,No
ITEM002688,SHP002688,Electronics,Gadget,1,30479.0,Yes
ITEM002689,SHP002689,Accessories,Home Item,5,20532.59,Yes
ITEM002690,SHP002690,Electronics,Mobile Accessory,3,19751.02,Yes
ITEM002691,SHP002691,Electronics,Mobile Accessory,3,2853.71,Yes
ITEM002692,SHP002692,Documents,Book,1,11756.34,No
ITEM002693,SHP002693,Electronics,Mobile Accessory,2,44421.43,Yes
ITEM002694,SHP002694,Accessories,Business Document,2,18665.35,No
ITEM002695,SHP002695,Accessories,Packed Food,4,47912.88,Yes
ITEM002696,SHP002696,Electronics,T-Shirt,4,8362.61,No
ITEM002697,SHP002697,Food,Packed Food,3,7348.19,No
ITEM002698,SHP002698,Electronics,Packed Food,5,43839.5,No
ITEM002699,SHP002699,Electronics,Home Item,4,25993.74,Yes
ITEM002700,SHP002700,Documents,Gadget,4,42664.08,Yes
ITEM002701,SHP002701,Clothing,Business Document,4,15540.34,No
ITEM002702,SHP002702,Documents,Mobile Accessory,3,12094.21,No
ITEM002703,SHP002703,Household,Gadget,5,31572.55,No
ITEM002704,SHP002704,Electronics,Gadget,5,15908.58,Yes
ITEM002705,SHP002705,Electronics,Business Document,3,1886.88,No
ITEM002706,SHP002706,Food,Gadget,2,45049.1,No
ITEM002707,SHP002707,Documents,Book,4,41056.12,Yes
ITEM002708,SHP002708,Food,Packed Food,3,26386.22,No
ITEM002709,SHP002709,Books,Book,2,13016.51,No
ITEM002710,SHP002710,Accessories,Book,2,16487.69,No
ITEM002711,SHP002711,Food,Home Item,2,1916.11,Yes
ITEM002712,SHP002712,Food,Packed Food,2,6467.27,No
ITEM002713,SHP002713,Food,T-Shirt,4,16903.36,No
ITEM002714,SHP002714,Books,Home Item,2,41393.38,No
ITEM002715,SHP002715,Electronics,Mobile Accessory,3,38996.87,No
ITEM002716,SHP002716,Documents,Home Item,5,20668.02,No
ITEM002717,SHP002717,Clothing,T-Shirt,5,43293.38,No
ITEM002718,SHP002718,Documents,Book,2,28167.93,No
ITEM002719,SHP002719,Household,Gadget,2,46225.7,No
ITEM002720,SHP002720,Documents,Packed Food,1,1325.2,No
ITEM002721,SHP002721,Household,Book,2,43222.04,No
ITEM002722,SHP002722,Electronics,Packed Food,3,35468.02,No
ITEM002723,SHP002723,Household,Business Document,5,17061.14,No
ITEM002724,SHP002724,Household,Packed Food,1,34966.96,No
ITEM002725,SHP002725,Clothing,Home Item,2,35158.15,No
ITEM002726,SHP002726,Electronics,Mobile Accessory,5,30218.36,No
ITEM002727,SHP002727,Clothing,T-Shirt,4,45549.67,No
ITEM002728,SHP002728,Food,Gadget,2,44928.25,Yes
ITEM002729,SHP002729,Clothing,Packed Food,5,11636.39,No
ITEM002730,SHP002730,Documents,Packed Food,5,11947.42,No
ITEM002731,SHP002731,Books,Home Item,4,23069.99,No
ITEM002732,SHP002732,Books,Mobile Accessory,5,33962.47,No
ITEM002733,SHP002733,Documents,Home Item,3,37894.45,Yes
ITEM002734,SHP002734,Clothing,Gadget,3,49463.69,No
ITEM002735,SHP002735,Household,Business Document,4,13239.59,No
ITEM002736,SHP002736,Food,Business Document,5,26979.17,No
ITEM002737,SHP002737,Books,Mobile Accessory,4,10551.68,No
ITEM002738,SHP002738,Accessories,Home Item,5,42710.4,No
ITEM002739,SHP002739,Documents,Mobile Accessory,3,18798.81,Yes
ITEM002740,SHP002740,Clothing,Book,1,47833.14,No
ITEM002741,SHP002741,Clothing,Book,3,36117.75,No
ITEM002742,SHP002742,Household,Business Document,5,37254.77,No
ITEM002743,SHP002743,Food,T-Shirt,3,3476.15,No
ITEM002744,SHP002744,Clothing,Home Item,5,29226.31,No
ITEM002745,SHP002745,Clothing,Packed Food,4,2396.92,Yes
ITEM002746,SHP002746,Books,Business Document,2,3955.72,No
ITEM002747,SHP002747,Clothing,T-Shirt,1,47494.33,No
ITEM002748,SHP002748,Food,T-Shirt,5,3481.4,No
ITEM002749,SHP002749,Books,Gadget,4,46805.11,No
ITEM002750,SHP002750,Household,Mobile Accessory,1,12858.9,No
ITEM002751,SHP002751,Electronics,Business Document,3,1179.64,No
ITEM002752,SHP002752,Food,Book,4,48566.31,No
ITEM002753,SHP002753,Household,Packed Food,1,23291.45,No
ITEM002754,SHP002754,Books,T-Shirt,5,16031.3,No
ITEM002755,SHP002755,Documents,T-Shirt,1,20110.25,No
ITEM002756,SHP002756,Documents,Packed Food,2,46339.49,No
ITEM002757,SHP002757,Books,Book,4,12774.37,No
ITEM002758,SHP002758,Books,Business Document,2,46449.93,No
ITEM002759,SHP002759,Clothing,Home Item,1,4259.87,Yes
ITEM002760,SHP002760,Electronics,Gadget,5,4852.74,No
ITEM002761,SHP002761,Accessories,Packed Food,4,24817.81,No
ITEM002762,SHP002762,Accessories,Mobile Accessory,2,16875.23,No
ITEM002763,SHP002763,Books,Gadget,5,1214.74,No
ITEM002764,SHP002764,Books,Mobile Accessory,5,27232.41,No
ITEM002765,SHP002765,Household,T-Shirt,5,13886.06,No
ITEM002766,SHP002766,Documents,Business Document,4,26747.09,No
ITEM002767,SHP002767,Clothing,Home Item,5,29576.77,No
ITEM002768,SHP002768,Household,Gadget,2,10377.17,No
ITEM002769,SHP002769,Clothing,Business Document,5,40964.5,No
ITEM002770,SHP002770,Food,Gadget,5,24517.95,No
ITEM002771,SHP002771,Accessories,Business Document,5,36476.74,Yes
ITEM002772,SHP002772,Books,Book,2,29861.44,No
ITEM002773,SHP002773,Clothing,Book,5,27980.79,No
ITEM002774,SHP002774,Books,Mobile Accessory,1,40280.6,No
ITEM002775,SHP002775,Household,Packed Food,4,16474.54,No
ITEM002776,SHP002776,Books,Gadget,4,34844.39,No
ITEM002777,SHP002777,Electronics,Business Document,3,10345.32,Yes
ITEM002778,SHP002778,Books,Mobile Accessory,5,33804.86,Yes
ITEM002779,SHP002779,Clothing,Gadget,3,18500.48,No
ITEM002780,SHP002780,Household,Mobile Accessory,2,985.65,No
ITEM002781,SHP002781,Books,Business Document,1,44098.02,No
ITEM002782,SHP002782,Books,Packed Food,1,4765.46,No
ITEM002783,SHP002783,Documents,Packed Food,1,24975.15,No
ITEM002784,SHP002784,Clothing,Packed Food,5,37339.35,Yes
ITEM002785,SHP002785,Accessories,Home Item,4,4838.46,No
ITEM002786,SHP002786,Food,Home Item,4,23408.01,No
ITEM002787,SHP002787,Clothing,Book,2,7390.96,Yes
ITEM002788,SHP002788,Clothing,Packed Food,2,45597.18,Yes
ITEM002789,SHP002789,Clothing,Home Item,3,25071.73,No
ITEM002790,SHP002790,Accessories,Home Item,5,23257.79,Yes
ITEM002791,SHP002791,Accessories,T-Shirt,4,29855.1,No
ITEM002792,SHP002792,Documents,Business Document,1,22421.09,Yes
ITEM002793,SHP002793,Accessories,Gadget,4,47976.06,Yes
ITEM002794,SHP002794,Accessories,Gadget,5,36160.38,Yes
ITEM002795,SHP002795,Accessories,Business Document,1,42390.53,No
ITEM002796,SHP002796,Food,Mobile Accessory,3,5825.7,Yes
ITEM002797,SHP002797,Accessories,Mobile Accessory,1,44038.91,No
ITEM002798,SHP002798,Books,Gadget,4,24686.34,No
ITEM002799,SHP002799,Clothing,Home Item,5,32277.0,No
ITEM002800,SHP002800,Books,Business Document,2,30867.4,No
ITEM002801,SHP002801,Documents,Gadget,5,31571.13,No
ITEM002802,SHP002802,Documents,Packed Food,3,34593.4,Yes
ITEM002803,SHP002803,Household,Packed Food,1,10496.47,No
ITEM002804,SHP002804,Household,Mobile Accessory,2,25840.47,No
ITEM002805,SHP002805,Clothing,T-Shirt,2,11665.53,Yes
ITEM002806,SHP002806,Books,T-Shirt,1,5468.13,No
ITEM002807,SHP002807,Books,Mobile Accessory,5,35435.63,No
ITEM002808,SHP002808,Electronics,T-Shirt,1,26744.56,No
ITEM002809,SHP002809,Clothing,Home Item,5,3251.84,No
ITEM002810,SHP002810,Accessories,T-Shirt,2,35993.6,No
ITEM002811,SHP002811,Food,Home Item,5,10774.53,No
ITEM002812,SHP002812,Clothing,Mobile Accessory,1,26651.57,No
ITEM002813,SHP002813,Food,Home Item,4,9445.11,No
ITEM002814,SHP002814,Food,Business Document,3,34010.13,No
ITEM002815,SHP002815,Household,Home Item,5,5100.68,No
ITEM002816,SHP002816,Household,Mobile Accessory,5,28673.61,No
ITEM002817,SHP002817,Books,Packed Food,3,46435.04,No
ITEM002818,SHP002818,Food,Book,5,36972.18,No
ITEM002819,SHP002819,Household,T-Shirt,3,37660.39,No
ITEM002820,SHP002820,Food,Mobile Accessory,5,40140.26,No
ITEM002821,SHP002821,Accessories,Mobile Accessory,5,49284.65,No
ITEM002822,SHP002822,Electronics,Mobile Accessory,4,314.81,No
ITEM002823,SHP002823,Household,Book,3,27423.72,Yes
ITEM002824,SHP002824,Food,T-Shirt,2,45120.9,No
ITEM002825,SHP002825,Documents,Packed Food,2,41837.96,No
ITEM002826,SHP002826,Food,Home Item,1,4731.57,No
ITEM002827,SHP002827,Household,Gadget,3,15354.28,No
ITEM002828,SHP002828,Accessories,Business Document,5,8014.36,No
ITEM002829,SHP002829,Documents,Packed Food,2,43138.94,Yes
ITEM002830,SHP002830,Household,Mobile Accessory,1,29523.93,No
ITEM002831,SHP002831,Books,Mobile Accessory,4,41099.66,Yes
ITEM002832,SHP002832,Clothing,Packed Food,1,33444.54,No
ITEM002833,SHP002833,Documents,Business Document,5,23788.37,Yes
ITEM002834,SHP002834,Accessories,Mobile Accessory,1,48329.58,Yes
ITEM002835,SHP002835,Books,Packed Food,2,41749.01,Yes
ITEM002836,SHP002836,Food,Gadget,5,42344.72,No
ITEM002837,SHP002837,Food,Gadget,4,48762.32,No
ITEM002838,SHP002838,Accessories,Mobile Accessory,2,7625.39,Yes
ITEM002839,SHP002839,Documents,Packed Food,4,43225.22,No
ITEM002840,SHP002840,Household,Business Document,5,37031.39,No
ITEM002841,SHP002841,Clothing,T-Shirt,4,2586.77,No
ITEM002842,SHP002842,Clothing,Gadget,1,5103.04,No
ITEM002843,SHP002843,Books,Book,1,47175.1,No
ITEM002844,SHP002844,Documents,Gadget,1,15656.6,No
ITEM002845,SHP002845,Clothing,Packed Food,4,7773.57,No
ITEM002846,SHP002846,Books,T-Shirt,5,45608.4,No
ITEM002847,SHP002847,Food,Gadget,1,39667.71,No
ITEM002848,SHP002848,Accessories,Home Item,5,25697.81,Yes
ITEM002849,SHP002849,Food,Home Item,2,34845.43,No
ITEM002850,SHP002850,Clothing,Business Document,2,49931.62,No
ITEM002851,SHP002851,Household,T-Shirt,5,11731.53,No
ITEM002852,SHP002852,Books,Packed Food,2,14060.16,No
ITEM002853,SHP002853,Documents,Book,3,9833.79,Yes
ITEM002854,SHP002854,Household,T-Shirt,3,13958.33,No
ITEM002855,SHP002855,Accessories,T-Shirt,3,5565.22,Yes
ITEM002856,SHP002856,Accessories,T-Shirt,5,42120.09,No
ITEM002857,SHP002857,Clothing,Gadget,2,8307.68,No
ITEM002858,SHP002858,Accessories,Book,4,19251.48,No
ITEM002859,SHP002859,Food,Business Document,5,28722.7,Yes
ITEM002860,SHP002860,Accessories,Business Document,2,42907.46,No
ITEM002861,SHP002861,Food,Home Item,2,6607.52,No
ITEM002862,SHP002862,Clothing,Packed Food,5,32394.02,No
ITEM002863,SHP002863,Documents,T-Shirt,4,41134.91,No
ITEM002864,SHP002864,Electronics,Home Item,1,43646.05,No
ITEM002865,SHP002865,Household,Mobile Accessory,3,45993.06,No
ITEM002866,SHP002866,Documents,T-Shirt,4,3888.29,No
ITEM002867,SHP002867,Documents,Gadget,5,23389.22,No
ITEM002868,SHP002868,Books,Book,1,21934.04,No
ITEM002869,SHP002869,Household,Business Document,1,358.42,No
ITEM002870,SHP002870,Food,Business Document,3,36414.05,No
ITEM002871,SHP002871,Clothing,Business Document,3,38204.83,No
ITEM002872,SHP002872,Food,Gadget,2,11073.69,No
ITEM002873,SHP002873,Household,Mobile Accessory,2,42952.83,No
ITEM002874,SHP002874,Books,Home Item,2,15954.8,No
ITEM002875,SHP002875,Documents,T-Shirt,3,15706.0,No
ITEM002876,SHP002876,Electronics,Gadget,3,28041.44,No
ITEM002877,SHP002877,Food,Packed Food,4,11033.17,No
ITEM002878,SHP002878,Documents,Business Document,2,37692.33,No
ITEM002879,SHP002879,Clothing,Business Document,1,13174.91,No
ITEM002880,SHP002880,Household,Gadget,4,29068.41,No
ITEM002881,SHP002881,Books,T-Shirt,5,12369.52,No
ITEM002882,SHP002882,Clothing,Packed Food,2,17303.55,No
ITEM002883,SHP002883,Accessories,Packed Food,1,46669.92,No
ITEM002884,SHP002884,Documents,Business Document,4,23402.13,No
ITEM002885,SHP002885,Electronics,Gadget,1,34042.54,Yes
ITEM002886,SHP002886,Accessories,Gadget,2,11155.02,No
ITEM002887,SHP002887,Books,T-Shirt,1,35033.92,No
ITEM002888,SHP002888,Documents,Mobile Accessory,2,48894.49,No
ITEM002889,SHP002889,Food,Business Document,1,35401.56,No
ITEM002890,SHP002890,Electronics,Business Document,5,24552.26,No
ITEM002891,SHP002891,Books,Home Item,4,6117.51,No
ITEM002892,SHP002892,Accessories,Book,2,26931.02,No
ITEM002893,SHP002893,Books,Mobile Accessory,4,12196.99,Yes
ITEM002894,SHP002894,Household,Packed Food,2,37230.78,No
ITEM002895,SHP002895,Household,Home Item,1,16514.72,No
ITEM002896,SHP002896,Household,Gadget,5,7908.03,Yes
ITEM002897,SHP002897,Accessories,Book,1,7245.67,No
ITEM002898,SHP002898,Accessories,T-Shirt,5,7558.82,No
ITEM002899,SHP002899,Food,Business Document,1,34794.94,No
ITEM002900,SHP002900,Clothing,Mobile Accessory,4,2670.87,No
ITEM002901,SHP002901,Documents,Packed Food,2,48161.82,Yes
ITEM002902,SHP002902,Documents,Home Item,2,10047.76,No
ITEM002903,SHP002903,Household,Book,5,16634.49,No
ITEM002904,SHP002904,Documents,Book,4,8686.51,Yes
ITEM002905,SHP002905,Books,Home Item,3,44192.39,No
ITEM002906,SHP002906,Accessories,Home Item,3,2006.68,No
ITEM002907,SHP002907,Food,Gadget,3,35875.78,No
ITEM002908,SHP002908,Books,Packed Food,3,5801.45,No
ITEM002909,SHP002909,Accessories,Gadget,1,49983.37,No
ITEM002910,SHP002910,Books,Business Document,5,19524.36,Yes
ITEM002911,SHP002911,Accessories,Gadget,2,16254.95,No
ITEM002912,SHP002912,Food,Mobile Accessory,5,19662.98,No
ITEM002913,SHP002913,Household,Mobile Accessory,3,18403.63,No
ITEM002914,SHP002914,Electronics,Book,3,8899.11,Yes
ITEM002915,SHP002915,Electronics,Packed Food,4,43599.38,No
ITEM002916,SHP002916,Food,Packed Food,5,31721.59,No
ITEM002917,SHP002917,Electronics,Gadget,4,17542.73,No
ITEM002918,SHP002918,Clothing,Packed Food,4,18872.14,No
ITEM002919,SHP002919,Documents,T-Shirt,2,3888.97,No
ITEM002920,SHP002920,Accessories,Business Document,4,19560.27,No
ITEM002921,SHP002921,Household,T-Shirt,3,38376.37,Yes
ITEM002922,SHP002922,Accessories,Business Document,3,20493.29,No
ITEM002923,SHP002923,Household,Book,1,22648.49,No
ITEM002924,SHP002924,Electronics,Gadget,3,9439.98,Yes
ITEM002925,SHP002925,Documents,Gadget,5,7840.44,Yes
ITEM002926,SHP002926,Food,Mobile Accessory,5,35352.61,Yes
ITEM002927,SHP002927,Food,Home Item,3,34109.67,No
ITEM002928,SHP002928,Clothing,Business Document,5,31253.43,No
ITEM002929,SHP002929,Accessories,Gadget,3,38676.98,No
ITEM002930,SHP002930,Documents,Home Item,2,23501.71,No
ITEM002931,SHP002931,Electronics,Business Document,5,6405.55,No
ITEM002932,SHP002932,Accessories,T-Shirt,1,27393.46,No
ITEM002933,SHP002933,Clothing,T-Shirt,1,12828.99,No
ITEM002934,SHP002934,Electronics,Business Document,2,35131.68,No
ITEM002935,SHP002935,Documents,Book,1,32868.02,Yes
ITEM002936,SHP002936,Electronics,Home Item,4,12763.28,No
ITEM002937,SHP002937,Household,Mobile Accessory,3,43301.1,No
ITEM002938,SHP002938,Clothing,Home Item,4,44724.91,Yes
ITEM002939,SHP002939,Household,Book,4,34421.39,No
ITEM002940,SHP002940,Accessories,T-Shirt,4,21094.94,No
ITEM002941,SHP002941,Electronics,Business Document,2,29993.56,No
ITEM002942,SHP002942,Household,Business Document,3,16786.66,Yes
ITEM002943,SHP002943,Electronics,Mobile Accessory,3,17283.42,No
ITEM002944,SHP002944,Books,T-Shirt,2,24595.13,No
ITEM002945,SHP002945,Accessories,Business Document,1,15748.33,No
ITEM002946,SHP002946,Household,T-Shirt,2,36094.11,Yes
ITEM002947,SHP002947,Household,Packed Food,1,7209.31,No
ITEM002948,SHP002948,Books,Packed Food,4,4596.38,No
ITEM002949,SHP002949,Documents,Packed Food,2,26603.38,No
ITEM002950,SHP002950,Household,T-Shirt,2,23077.24,No
ITEM002951,SHP002951,Clothing,Packed Food,3,17804.82,Yes
ITEM002952,SHP002952,Household,Home Item,5,44434.79,No
ITEM002953,SHP002953,Household,Book,5,26156.71,No
ITEM002954,SHP002954,Accessories,Mobile Accessory,1,41726.01,No
ITEM002955,SHP002955,Books,Gadget,2,38148.78,No
ITEM002956,SHP002956,Books,Mobile Accessory,4,26426.69,Yes
ITEM002957,SHP002957,Food,Packed Food,2,42149.91,No
ITEM002958,SHP002958,Food,Book,2,30201.21,No
ITEM002959,SHP002959,Household,Packed Food,3,10945.45,No
ITEM002960,SHP002960,Clothing,Packed Food,4,19560.37,No
ITEM002961,SHP002961,Electronics,Packed Food,4,44715.29,No
ITEM002962,SHP002962,Books,Book,5,16237.95,No
ITEM002963,SHP002963,Books,T-Shirt,4,2755.89,No
ITEM002964,SHP002964,Documents,Book,5,45888.99,Yes
ITEM002965,SHP002965,Household,Business Document,4,26123.32,No
ITEM002966,SHP002966,Household,T-Shirt,2,38703.08,No
ITEM002967,SHP002967,Food,Business Document,1,23034.88,No
ITEM002968,SHP002968,Clothing,Packed Food,4,31681.42,No
ITEM002969,SHP002969,Food,Gadget,5,29413.38,Yes
ITEM002970,SHP002970,Documents,Packed Food,1,5033.97,Yes
ITEM002971,SHP002971,Books,Gadget,4,7869.64,No
ITEM002972,SHP002972,Electronics,Mobile Accessory,1,41727.56,No
ITEM002973,SHP002973,Food,Home Item,1,6447.37,No
ITEM002974,SHP002974,Books,Mobile Accessory,3,15031.01,No
ITEM002975,SHP002975,Electronics,Gadget,4,30204.89,No
ITEM002976,SHP002976,Food,Gadget,3,45866.1,No
ITEM002977,SHP002977,Books,Home Item,5,19580.89,No
ITEM002978,SHP002978,Household,Packed Food,3,26084.32,No
ITEM002979,SHP002979,Household,Gadget,3,48344.59,No
ITEM002980,SHP002980,Accessories,Business Document,2,37649.87,No
ITEM002981,SHP002981,Accessories,Home Item,4,16445.25,No
ITEM002982,SHP002982,Electronics,Packed Food,2,37327.46,No
ITEM002983,SHP002983,Books,Mobile Accessory,5,17321.12,No
ITEM002984,SHP002984,Documents,Home Item,1,33465.31,No
ITEM002985,SHP002985,Clothing,Home Item,5,9210.03,Yes
ITEM002986,SHP002986,Clothing,Book,3,4880.07,No
ITEM002987,SHP002987,Documents,T-Shirt,4,19780.81,No
ITEM002988,SHP002988,Books,Gadget,2,10081.85,Yes
ITEM002989,SHP002989,Food,Gadget,3,41311.38,No
ITEM002990,SHP002990,Books,Home Item,1,30684.18,Yes
ITEM002991,SHP002991,Food,Book,1,3641.81,Yes
ITEM002992,SHP002992,Accessories,Packed Food,1,19235.23,No
ITEM002993,SHP002993,Accessories,Book,5,21654.18,No
ITEM002994,SHP002994,Household,Book,1,41449.16,No
ITEM002995,SHP002995,Electronics,Book,4,44474.41,No
ITEM002996,SHP002996,Clothing,Book,5,20675.05,Yes
ITEM002997,SHP002997,Accessories,T-Shirt,3,40198.41,No
ITEM002998,SHP002998,Accessories,Mobile Accessory,3,38305.99,No
ITEM002999,SHP002999,Food,Packed Food,3,3984.36,No
ITEM003000,SHP003000,Documents,T-Shirt,1,6150.01,Yes
ITEM003001,SHP003001,Household,Packed Food,2,14252.3,No
ITEM003002,SHP003002,Household,Book,5,34901.13,No
ITEM003003,SHP003003,Accessories,T-Shirt,5,5224.26,No
ITEM003004,SHP003004,Accessories,Mobile Accessory,4,31554.5,No
ITEM003005,SHP003005,Household,Business Document,3,213.78,No
ITEM003006,SHP003006,Clothing,Packed Food,1,33448.8,No
ITEM003007,SHP003007,Electronics,Mobile Accessory,1,47841.78,No
ITEM003008,SHP003008,Food,T-Shirt,1,43716.25,No
ITEM003009,SHP003009,Documents,Packed Food,1,38761.61,No
ITEM003010,SHP003010,Electronics,Mobile Accessory,1,14363.25,Yes
ITEM003011,SHP003011,Household,Business Document,3,2706.14,Yes
ITEM003012,SHP003012,Household,Home Item,3,44309.29,No
ITEM003013,SHP003013,Books,Packed Food,5,6318.39,No
ITEM003014,SHP003014,Household,Packed Food,4,2247.22,No
ITEM003015,SHP003015,Clothing,Home Item,1,28847.82,No
ITEM003016,SHP003016,Clothing,Home Item,2,26792.79,No
ITEM003017,SHP003017,Clothing,T-Shirt,5,9187.18,No
ITEM003018,SHP003018,Household,T-Shirt,4,26142.54,No
ITEM003019,SHP003019,Documents,Business Document,5,12863.61,No
ITEM003020,SHP003020,Electronics,T-Shirt,3,38416.74,No
ITEM003021,SHP003021,Documents,Business Document,5,41878.7,No
ITEM003022,SHP003022,Accessories,Packed Food,3,16276.86,No
ITEM003023,SHP003023,Household,Home Item,1,47706.48,No
ITEM003024,SHP003024,Household,Book,3,19722.25,Yes
ITEM003025,SHP003025,Clothing,Book,3,46511.92,Yes
ITEM003026,SHP003026,Books,Book,2,28631.42,Yes
ITEM003027,SHP003027,Accessories,T-Shirt,2,8206.06,No
ITEM003028,SHP003028,Documents,Book,5,21569.5,No
ITEM003029,SHP003029,Accessories,Home Item,1,17105.72,Yes
ITEM003030,SHP003030,Food,Gadget,1,39827.57,No
ITEM003031,SHP003031,Food,Packed Food,3,39920.83,No
ITEM003032,SHP003032,Clothing,Book,5,41898.38,No
ITEM003033,SHP003033,Clothing,Mobile Accessory,5,4637.05,No
ITEM003034,SHP003034,Documents,Gadget,1,2661.11,No
ITEM003035,SHP003035,Books,Business Document,5,45636.72,No
ITEM003036,SHP003036,Clothing,Packed Food,4,11257.46,No
ITEM003037,SHP003037,Documents,Mobile Accessory,4,18871.87,No
ITEM003038,SHP003038,Household,Packed Food,5,25273.79,No
ITEM003039,SHP003039,Electronics,Gadget,2,47502.78,Yes
ITEM003040,SHP003040,Electronics,Home Item,5,33609.91,No
ITEM003041,SHP003041,Electronics,Book,4,16100.64,No
ITEM003042,SHP003042,Books,Gadget,5,32226.72,No
ITEM003043,SHP003043,Books,Mobile Accessory,2,48405.5,Yes
ITEM003044,SHP003044,Accessories,Business Document,5,1284.07,No
ITEM003045,SHP003045,Accessories,Packed Food,3,10348.89,No
ITEM003046,SHP003046,Documents,Gadget,5,31174.38,No
ITEM003047,SHP003047,Household,Home Item,2,1268.4,Yes
ITEM003048,SHP003048,Electronics,Packed Food,4,43387.16,No
ITEM003049,SHP003049,Clothing,Gadget,5,20209.12,No
ITEM003050,SHP003050,Clothing,Home Item,4,39251.78,No
ITEM003051,SHP003051,Books,Packed Food,4,36734.16,Yes
ITEM003052,SHP003052,Electronics,Book,4,30998.06,Yes
ITEM003053,SHP003053,Food,T-Shirt,5,30019.86,No
ITEM003054,SHP003054,Accessories,T-Shirt,4,49681.45,No
ITEM003055,SHP003055,Clothing,Gadget,4,3118.39,No
ITEM003056,SHP003056,Food,Home Item,1,21016.57,Yes
ITEM003057,SHP003057,Food,Home Item,2,41524.78,No
ITEM003058,SHP003058,Clothing,Gadget,1,21840.76,No
ITEM003059,SHP003059,Accessories,T-Shirt,5,37286.59,Yes
ITEM003060,SHP003060,Books,Gadget,2,38199.38,Yes
ITEM003061,SHP003061,Electronics,Business Document,5,6550.2,No
ITEM003062,SHP003062,Household,Gadget,2,46114.93,No
ITEM003063,SHP003063,Electronics,Packed Food,5,24576.75,Yes
ITEM003064,SHP003064,Books,T-Shirt,3,37366.64,Yes
ITEM003065,SHP003065,Household,Gadget,1,47614.01,No
ITEM003066,SHP003066,Books,T-Shirt,3,29205.11,No
ITEM003067,SHP003067,Books,Packed Food,1,32202.67,No
ITEM003068,SHP003068,Accessories,Packed Food,5,16381.66,No
ITEM003069,SHP003069,Documents,Business Document,1,33096.81,No
ITEM003070,SHP003070,Electronics,Business Document,5,5079.93,No
ITEM003071,SHP003071,Clothing,Business Document,5,12846.05,No
ITEM003072,SHP003072,Books,T-Shirt,5,41209.9,No
ITEM003073,SHP003073,Documents,Packed Food,5,24376.37,No
ITEM003074,SHP003074,Food,T-Shirt,5,4718.0,No
ITEM003075,SHP003075,Accessories,T-Shirt,5,39819.9,No
ITEM003076,SHP003076,Books,Business Document,3,38730.32,No
ITEM003077,SHP003077,Food,Gadget,5,6578.04,No
ITEM003078,SHP003078,Books,Book,1,28637.57,Yes
ITEM003079,SHP003079,Clothing,Packed Food,5,34264.26,No
ITEM003080,SHP003080,Clothing,Packed Food,5,12588.09,No
ITEM003081,SHP003081,Books,Packed Food,5,45299.81,No
ITEM003082,SHP003082,Books,Home Item,1,27153.19,Yes
ITEM003083,SHP003083,Electronics,Home Item,4,48928.23,No
ITEM003084,SHP003084,Accessories,Home Item,1,46568.55,No
ITEM003085,SHP003085,Clothing,T-Shirt,5,46566.81,No
ITEM003086,SHP003086,Documents,T-Shirt,2,9576.83,No
ITEM003087,SHP003087,Food,Mobile Accessory,2,19702.27,Yes
ITEM003088,SHP003088,Accessories,T-Shirt,5,1098.26,No
ITEM003089,SHP003089,Food,T-Shirt,2,41440.7,Yes
ITEM003090,SHP003090,Clothing,Gadget,3,28007.07,No
ITEM003091,SHP003091,Food,Packed Food,2,12358.95,Yes
ITEM003092,SHP003092,Documents,Business Document,5,37908.51,Yes
ITEM003093,SHP003093,Books,Book,4,46443.89,No
ITEM003094,SHP003094,Documents,Mobile Accessory,2,28858.22,No
ITEM003095,SHP003095,Clothing,Gadget,2,27642.46,No
ITEM003096,SHP003096,Documents,Packed Food,4,26188.69,Yes
ITEM003097,SHP003097,Clothing,Business Document,2,49431.07,No
ITEM003098,SHP003098,Food,Gadget,2,36268.2,Yes
ITEM003099,SHP003099,Books,Business Document,5,36312.63,No
ITEM003100,SHP003100,Documents,T-Shirt,4,10945.12,No
ITEM003101,SHP003101,Food,T-Shirt,3,34689.99,No
ITEM003102,SHP003102,Books,Gadget,2,40846.78,No
ITEM003103,SHP003103,Accessories,Book,3,5827.81,No
ITEM003104,SHP003104,Documents,Book,2,40124.23,Yes
ITEM003105,SHP003105,Electronics,Packed Food,1,48662.31,No
ITEM003106,SHP003106,Books,Mobile Accessory,4,30455.89,No
ITEM003107,SHP003107,Accessories,Home Item,3,41913.0,Yes
ITEM003108,SHP003108,Food,Business Document,4,30118.54,No
ITEM003109,SHP003109,Accessories,Mobile Accessory,1,293.21,No
ITEM003110,SHP003110,Household,Gadget,1,28222.28,No
ITEM003111,SHP003111,Books,Packed Food,5,47353.9,Yes
ITEM003112,SHP003112,Food,T-Shirt,5,31664.9,Yes
ITEM003113,SHP003113,Books,Book,3,31457.61,No
ITEM003114,SHP003114,Documents,Home Item,4,38811.0,No
ITEM003115,SHP003115,Household,T-Shirt,1,24634.23,No
ITEM003116,SHP003116,Clothing,Packed Food,2,43083.02,Yes
ITEM003117,SHP003117,Household,Book,2,17902.24,Yes
ITEM003118,SHP003118,Electronics,Gadget,4,25035.8,No
ITEM003119,SHP003119,Household,T-Shirt,4,46239.82,No
ITEM003120,SHP003120,Electronics,Book,2,42844.43,No
ITEM003121,SHP003121,Accessories,Business Document,3,8278.9,Yes
ITEM003122,SHP003122,Food,Book,3,31254.85,No
ITEM003123,SHP003123,Accessories,Home Item,1,43224.02,No
ITEM003124,SHP003124,Clothing,Gadget,1,49587.27,No
ITEM003125,SHP003125,Electronics,Book,3,49855.47,Yes
ITEM003126,SHP003126,Documents,Mobile Accessory,1,20046.93,No
ITEM003127,SHP003127,Accessories,Home Item,4,39244.61,No
ITEM003128,SHP003128,Electronics,T-Shirt,3,49210.78,No
ITEM003129,SHP003129,Accessories,Mobile Accessory,1,38067.75,No
ITEM003130,SHP003130,Clothing,Home Item,1,18947.58,Yes
ITEM003131,SHP003131,Accessories,Packed Food,4,29154.38,No
ITEM003132,SHP003132,Accessories,Business Document,3,42023.69,No
ITEM003133,SHP003133,Household,Home Item,4,42218.42,No
ITEM003134,SHP003134,Food,Packed Food,5,34249.85,No
ITEM003135,SHP003135,Household,Business Document,5,16389.67,No
ITEM003136,SHP003136,Household,Business Document,3,41899.73,No
ITEM003137,SHP003137,Books,Mobile Accessory,2,9024.19,No
ITEM003138,SHP003138,Electronics,Book,1,36634.29,No
ITEM003139,SHP003139,Clothing,Mobile Accessory,2,49707.68,No
ITEM003140,SHP003140,Electronics,T-Shirt,2,49055.67,No
ITEM003141,SHP003141,Food,Gadget,5,12294.1,No
ITEM003142,SHP003142,Documents,Gadget,1,43157.57,No
ITEM003143,SHP003143,Books,T-Shirt,3,2966.2,No
ITEM003144,SHP003144,Books,Packed Food,3,26805.05,Yes
ITEM003145,SHP003145,Documents,Business Document,3,6326.0,No
ITEM003146,SHP003146,Documents,Packed Food,5,37905.51,Yes
ITEM003147,SHP003147,Electronics,Mobile Accessory,4,14914.36,No
ITEM003148,SHP003148,Food,Business Document,2,1945.48,No
ITEM003149,SHP003149,Books,Book,1,23957.95,No
ITEM003150,SHP003150,Food,Packed Food,2,28689.04,Yes
ITEM003151,SHP003151,Books,Home Item,4,45327.99,No
ITEM003152,SHP003152,Clothing,Book,5,42773.06,Yes
ITEM003153,SHP003153,Food,Mobile Accessory,2,38212.13,No
ITEM003154,SHP003154,Household,Mobile Accessory,4,2237.53,No
ITEM003155,SHP003155,Electronics,T-Shirt,1,26066.35,Yes
ITEM003156,SHP003156,Household,Book,1,38745.05,Yes
ITEM003157,SHP003157,Food,Packed Food,5,45101.66,Yes
ITEM003158,SHP003158,Household,T-Shirt,3,29950.6,No
ITEM003159,SHP003159,Documents,Book,5,37027.97,No
ITEM003160,SHP003160,Documents,Mobile Accessory,1,17250.98,No
ITEM003161,SHP003161,Food,Packed Food,1,16782.86,No
ITEM003162,SHP003162,Accessories,Book,5,25792.2,No
ITEM003163,SHP003163,Food,Business Document,4,30464.85,No
ITEM003164,SHP003164,Books,Home Item,1,48622.11,Yes
ITEM003165,SHP003165,Accessories,Book,4,4866.75,No
ITEM003166,SHP003166,Books,Business Document,5,43906.41,No
ITEM003167,SHP003167,Clothing,Mobile Accessory,1,26381.43,No
ITEM003168,SHP003168,Clothing,Mobile Accessory,2,597.79,No
ITEM003169,SHP003169,Books,Gadget,5,29309.53,No
ITEM003170,SHP003170,Clothing,Business Document,3,33735.71,No
ITEM003171,SHP003171,Accessories,Business Document,5,17533.58,No
ITEM003172,SHP003172,Clothing,Mobile Accessory,3,18771.81,No
ITEM003173,SHP003173,Electronics,Gadget,4,38216.02,No
ITEM003174,SHP003174,Food,Mobile Accessory,3,22073.58,Yes
ITEM003175,SHP003175,Electronics,T-Shirt,1,2860.59,No
ITEM003176,SHP003176,Electronics,Home Item,3,2045.66,No
ITEM003177,SHP003177,Clothing,T-Shirt,1,3014.57,No
ITEM003178,SHP003178,Food,Mobile Accessory,2,9485.97,No
ITEM003179,SHP003179,Documents,Mobile Accessory,2,40475.32,No
ITEM003180,SHP003180,Household,Business Document,3,45516.02,No
ITEM003181,SHP003181,Documents,Packed Food,2,16441.2,No
ITEM003182,SHP003182,Electronics,Gadget,1,37743.12,Yes
ITEM003183,SHP003183,Household,Packed Food,3,49595.72,No
ITEM003184,SHP003184,Electronics,Home Item,4,42371.65,No
ITEM003185,SHP003185,Food,Home Item,3,31142.72,No
ITEM003186,SHP003186,Accessories,Mobile Accessory,1,4909.08,No
ITEM003187,SHP003187,Food,Mobile Accessory,4,42693.68,No
ITEM003188,SHP003188,Electronics,T-Shirt,3,5095.9,Yes
ITEM003189,SHP003189,Clothing,Gadget,4,11299.81,No
ITEM003190,SHP003190,Household,Gadget,2,24704.08,No
ITEM003191,SHP003191,Books,Gadget,1,5265.54,No
ITEM003192,SHP003192,Accessories,Book,2,21831.48,No
ITEM003193,SHP003193,Accessories,Business Document,3,17160.57,Yes
ITEM003194,SHP003194,Food,Book,3,12117.2,No
ITEM003195,SHP003195,Food,Packed Food,4,23909.59,No
ITEM003196,SHP003196,Food,Gadget,3,8597.12,Yes
ITEM003197,SHP003197,Accessories,Gadget,3,3838.94,No
ITEM003198,SHP003198,Food,T-Shirt,5,38544.44,Yes
ITEM003199,SHP003199,Household,T-Shirt,3,21217.47,No
ITEM003200,SHP003200,Documents,T-Shirt,3,7195.87,No
ITEM003201,SHP003201,Books,Packed Food,3,44037.29,No
ITEM003202,SHP003202,Books,Packed Food,5,45114.9,Yes
ITEM003203,SHP003203,Accessories,Business Document,3,8193.75,Yes
ITEM003204,SHP003204,Household,T-Shirt,3,2266.51,No
ITEM003205,SHP003205,Clothing,Gadget,3,45341.16,No
ITEM003206,SHP003206,Food,T-Shirt,4,32363.47,No
ITEM003207,SHP003207,Accessories,Book,3,44523.91,No
ITEM003208,SHP003208,Accessories,Book,2,4053.54,Yes
ITEM003209,SHP003209,Books,T-Shirt,5,4700.82,No
ITEM003210,SHP003210,Clothing,Home Item,1,43942.18,No
ITEM003211,SHP003211,Books,Gadget,1,37748.37,No
ITEM003212,SHP003212,Documents,Home Item,4,23008.38,Yes
ITEM003213,SHP003213,Documents,Gadget,2,38825.07,No
ITEM003214,SHP003214,Documents,Gadget,5,32985.74,No
ITEM003215,SHP003215,Food,Gadget,4,37957.95,No
ITEM003216,SHP003216,Household,Mobile Accessory,5,879.0,No
ITEM003217,SHP003217,Electronics,T-Shirt,2,20086.04,No
ITEM003218,SHP003218,Documents,Gadget,1,45928.39,No
ITEM003219,SHP003219,Documents,Mobile Accessory,2,33930.88,No
ITEM003220,SHP003220,Documents,Home Item,4,2457.64,No
ITEM003221,SHP003221,Accessories,Book,4,49814.59,No
ITEM003222,SHP003222,Household,Business Document,3,49664.67,Yes
ITEM003223,SHP003223,Electronics,Home Item,5,23176.6,Yes
ITEM003224,SHP003224,Electronics,Packed Food,3,44622.16,No
ITEM003225,SHP003225,Documents,Home Item,4,20996.47,No
ITEM003226,SHP003226,Food,Home Item,1,14105.85,No
ITEM003227,SHP003227,Documents,Business Document,4,48824.59,No
ITEM003228,SHP003228,Household,Business Document,4,39202.0,No
ITEM003229,SHP003229,Clothing,Mobile Accessory,2,24640.55,Yes
ITEM003230,SHP003230,Food,Gadget,1,22269.23,No
ITEM003231,SHP003231,Food,Book,2,4372.64,No
ITEM003232,SHP003232,Electronics,T-Shirt,1,41664.27,No
ITEM003233,SHP003233,Documents,Gadget,5,12563.57,No
ITEM003234,SHP003234,Electronics,T-Shirt,4,5820.5,No
ITEM003235,SHP003235,Accessories,Packed Food,4,35471.83,Yes
ITEM003236,SHP003236,Electronics,T-Shirt,4,28157.88,Yes
ITEM003237,SHP003237,Electronics,Mobile Accessory,4,33971.09,No
ITEM003238,SHP003238,Documents,Gadget,4,7022.99,No
ITEM003239,SHP003239,Clothing,Book,3,6294.38,No
ITEM003240,SHP003240,Documents,Home Item,2,8362.8,No
ITEM003241,SHP003241,Food,Packed Food,1,28302.7,No
ITEM003242,SHP003242,Electronics,Home Item,3,13133.06,No
ITEM003243,SHP003243,Clothing,Business Document,5,30331.06,Yes
ITEM003244,SHP003244,Documents,Packed Food,1,25401.07,No
ITEM003245,SHP003245,Books,T-Shirt,5,19909.06,No
ITEM003246,SHP003246,Electronics,Gadget,3,1611.49,No
ITEM003247,SHP003247,Clothing,Home Item,4,40834.75,No
ITEM003248,SHP003248,Electronics,Gadget,4,3516.9,Yes
ITEM003249,SHP003249,Food,Book,5,32670.22,No
ITEM003250,SHP003250,Accessories,Home Item,2,18210.33,Yes
ITEM003251,SHP003251,Accessories,Home Item,5,36450.07,No
ITEM003252,SHP003252,Accessories,T-Shirt,5,13914.75,No
ITEM003253,SHP003253,Books,Business Document,1,17873.03,No
ITEM003254,SHP003254,Books,T-Shirt,1,49038.46,No
ITEM003255,SHP003255,Books,Home Item,1,19531.7,Yes
ITEM003256,SHP003256,Food,T-Shirt,5,30694.95,No
ITEM003257,SHP003257,Clothing,Gadget,2,47510.48,Yes
ITEM003258,SHP003258,Food,Packed Food,3,35521.54,No
ITEM003259,SHP003259,Documents,T-Shirt,5,19359.38,No
ITEM003260,SHP003260,Clothing,Home Item,3,19591.96,No
ITEM003261,SHP003261,Documents,Book,5,21464.62,No
ITEM003262,SHP003262,Electronics,T-Shirt,5,21015.81,Yes
ITEM003263,SHP003263,Clothing,Packed Food,1,17751.74,No
ITEM003264,SHP003264,Electronics,Book,3,28191.1,Yes
ITEM003265,SHP003265,Electronics,Home Item,1,40029.24,No
ITEM003266,SHP003266,Electronics,Home Item,1,29462.19,No
ITEM003267,SHP003267,Clothing,T-Shirt,1,12616.83,No
ITEM003268,SHP003268,Books,Packed Food,4,35190.88,No
ITEM003269,SHP003269,Documents,Business Document,2,25849.12,No
ITEM003270,SHP003270,Food,T-Shirt,3,31059.06,No
ITEM003271,SHP003271,Household,T-Shirt,1,35416.9,No
ITEM003272,SHP003272,Clothing,Book,1,23241.1,Yes
ITEM003273,SHP003273,Electronics,Book,1,20096.82,No
ITEM003274,SHP003274,Electronics,Book,3,43359.37,No
ITEM003275,SHP003275,Accessories,Gadget,5,43084.49,Yes
ITEM003276,SHP003276,Documents,Business Document,2,35547.19,No
ITEM003277,SHP003277,Documents,Gadget,4,16746.11,No
ITEM003278,SHP003278,Electronics,T-Shirt,2,36146.78,Yes
ITEM003279,SHP003279,Food,Packed Food,1,21745.49,No
ITEM003280,SHP003280,Clothing,T-Shirt,2,34860.74,Yes
ITEM003281,SHP003281,Documents,Mobile Accessory,4,10647.47,No
ITEM003282,SHP003282,Food,Book,5,501.46,No
ITEM003283,SHP003283,Documents,T-Shirt,5,6398.8,No
ITEM003284,SHP003284,Clothing,Book,2,30122.35,No
ITEM003285,SHP003285,Documents,Business Document,3,21510.53,No
ITEM003286,SHP003286,Food,T-Shirt,2,17768.91,No
ITEM003287,SHP003287,Household,Book,5,44262.86,No
ITEM003288,SHP003288,Food,Gadget,3,8854.59,No
ITEM003289,SHP003289,Household,Gadget,1,43475.7,No
ITEM003290,SHP003290,Clothing,Business Document,3,24955.41,No
ITEM003291,SHP003291,Clothing,Packed Food,4,48776.4,Yes
ITEM003292,SHP003292,Food,Gadget,2,15702.89,No
ITEM003293,SHP003293,Books,Mobile Accessory,3,41010.88,Yes
ITEM003294,SHP003294,Clothing,Gadget,1,25934.14,No
ITEM003295,SHP003295,Accessories,Gadget,2,12212.47,No
ITEM003296,SHP003296,Clothing,Packed Food,2,42957.55,Yes
ITEM003297,SHP003297,Household,Book,1,27964.5,No
ITEM003298,SHP003298,Clothing,Mobile Accessory,4,40094.07,No
ITEM003299,SHP003299,Accessories,Mobile Accessory,2,31331.73,No
ITEM003300,SHP003300,Accessories,Mobile Accessory,2,3759.87,No
ITEM003301,SHP003301,Documents,Business Document,3,30366.66,No
ITEM003302,SHP003302,Food,Mobile Accessory,1,1006.0,No
ITEM003303,SHP003303,Books,Mobile Accessory,5,37142.02,No
ITEM003304,SHP003304,Household,Home Item,5,14360.95,Yes
ITEM003305,SHP003305,Accessories,Home Item,5,22650.88,No
ITEM003306,SHP003306,Clothing,Business Document,3,6737.48,No
ITEM003307,SHP003307,Food,Business Document,1,6638.04,No
ITEM003308,SHP003308,Clothing,T-Shirt,5,34717.1,No
ITEM003309,SHP003309,Accessories,Packed Food,2,4411.14,No
ITEM003310,SHP003310,Food,T-Shirt,1,24615.91,No
ITEM003311,SHP003311,Food,Business Document,3,31669.18,No
ITEM003312,SHP003312,Household,Mobile Accessory,3,20104.52,No
ITEM003313,SHP003313,Documents,Packed Food,4,25593.41,No
ITEM003314,SHP003314,Electronics,Gadget,3,45640.75,No
ITEM003315,SHP003315,Food,Gadget,5,37035.23,Yes
ITEM003316,SHP003316,Electronics,Packed Food,4,38080.21,No
ITEM003317,SHP003317,Household,Packed Food,1,42719.26,Yes
ITEM003318,SHP003318,Books,Business Document,4,19289.31,Yes
ITEM003319,SHP003319,Food,Business Document,2,10636.87,No
ITEM003320,SHP003320,Documents,Business Document,3,4108.79,Yes
ITEM003321,SHP003321,Household,Business Document,3,37491.24,Yes
ITEM003322,SHP003322,Documents,Mobile Accessory,3,13361.81,No
ITEM003323,SHP003323,Electronics,Packed Food,5,22392.91,Yes
ITEM003324,SHP003324,Documents,T-Shirt,1,12086.39,Yes
ITEM003325,SHP003325,Documents,Book,1,29579.55,No
ITEM003326,SHP003326,Electronics,Book,5,10784.07,No
ITEM003327,SHP003327,Clothing,Packed Food,4,32091.38,No
ITEM003328,SHP003328,Accessories,Business Document,3,36226.59,Yes
ITEM003329,SHP003329,Food,Gadget,1,5376.18,No
ITEM003330,SHP003330,Accessories,Packed Food,2,45382.31,No
ITEM003331,SHP003331,Household,Book,1,43204.58,No
ITEM003332,SHP003332,Electronics,Mobile Accessory,1,47988.05,No
ITEM003333,SHP003333,Electronics,Packed Food,5,9004.24,No
ITEM003334,SHP003334,Household,T-Shirt,3,47134.76,No
ITEM003335,SHP003335,Electronics,T-Shirt,3,49628.89,No
ITEM003336,SHP003336,Electronics,Book,1,19596.81,Yes
ITEM003337,SHP003337,Clothing,Book,2,4961.44,No
ITEM003338,SHP003338,Household,Home Item,5,44754.94,Yes
ITEM003339,SHP003339,Clothing,Business Document,2,9096.64,No
ITEM003340,SHP003340,Books,Packed Food,1,19227.19,Yes
ITEM003341,SHP003341,Books,Packed Food,3,25365.0,Yes
ITEM003342,SHP003342,Documents,Packed Food,3,25388.55,No
ITEM003343,SHP003343,Clothing,Packed Food,5,31987.72,No
ITEM003344,SHP003344,Accessories,Home Item,3,11575.93,Yes
ITEM003345,SHP003345,Household,Packed Food,4,16669.44,No
ITEM003346,SHP003346,Electronics,Home Item,2,17670.0,Yes
ITEM003347,SHP003347,Clothing,Mobile Accessory,3,14216.43,Yes
ITEM003348,SHP003348,Food,Gadget,4,49672.13,No
ITEM003349,SHP003349,Household,Business Document,5,43005.82,No
ITEM003350,SHP003350,Clothing,Book,3,42352.67,Yes
ITEM003351,SHP003351,Books,Book,1,19320.9,No
ITEM003352,SHP003352,Food,Home Item,3,27625.55,No
ITEM003353,SHP003353,Household,T-Shirt,4,3447.29,No
ITEM003354,SHP003354,Books,Packed Food,2,9368.47,No
ITEM003355,SHP003355,Accessories,Home Item,1,49105.65,No
ITEM003356,SHP003356,Books,Home Item,1,21295.16,No
ITEM003357,SHP003357,Electronics,Book,1,24188.54,No
ITEM003358,SHP003358,Food,Business Document,1,27973.35,No
ITEM003359,SHP003359,Accessories,T-Shirt,2,44519.03,Yes
ITEM003360,SHP003360,Accessories,Business Document,5,44556.68,No
ITEM003361,SHP003361,Books,Book,2,37961.74,No
ITEM003362,SHP003362,Books,T-Shirt,5,28543.88,No
ITEM003363,SHP003363,Clothing,Mobile Accessory,3,27353.18,No
ITEM003364,SHP003364,Books,T-Shirt,5,27929.48,No
ITEM003365,SHP003365,Documents,Book,2,40505.49,No
ITEM003366,SHP003366,Accessories,Packed Food,1,49659.04,Yes
ITEM003367,SHP003367,Clothing,Mobile Accessory,3,9345.62,No
ITEM003368,SHP003368,Documents,Home Item,4,43960.86,No
ITEM003369,SHP003369,Electronics,Gadget,1,36111.9,No
ITEM003370,SHP003370,Books,Mobile Accessory,4,19059.05,No
ITEM003371,SHP003371,Food,Business Document,5,13830.26,No
ITEM003372,SHP003372,Electronics,Business Document,1,5366.34,Yes
ITEM003373,SHP003373,Food,Mobile Accessory,4,8106.66,Yes
ITEM003374,SHP003374,Accessories,Mobile Accessory,4,28493.21,No
ITEM003375,SHP003375,Documents,Packed Food,2,5646.93,Yes
ITEM003376,SHP003376,Books,Packed Food,1,33798.51,No
ITEM003377,SHP003377,Food,Book,1,27809.19,No
ITEM003378,SHP003378,Documents,Gadget,2,25865.47,No
ITEM003379,SHP003379,Household,Packed Food,2,16557.48,Yes
ITEM003380,SHP003380,Food,Book,5,30979.16,No
ITEM003381,SHP003381,Accessories,Gadget,5,5260.7,No
ITEM003382,SHP003382,Clothing,Home Item,2,35142.13,No
ITEM003383,SHP003383,Household,Packed Food,4,44797.87,No
ITEM003384,SHP003384,Household,Business Document,3,34070.99,No
ITEM003385,SHP003385,Household,Gadget,4,40996.74,No
ITEM003386,SHP003386,Accessories,Book,4,10494.35,No
ITEM003387,SHP003387,Documents,T-Shirt,2,18330.24,No
ITEM003388,SHP003388,Clothing,Gadget,4,43533.4,No
ITEM003389,SHP003389,Electronics,Packed Food,5,13609.66,No
ITEM003390,SHP003390,Accessories,Book,1,30441.31,Yes
ITEM003391,SHP003391,Household,Home Item,3,29265.17,No
ITEM003392,SHP003392,Food,Book,5,26524.74,No
ITEM003393,SHP003393,Household,Book,4,35624.61,No
ITEM003394,SHP003394,Documents,Book,3,34068.53,Yes
ITEM003395,SHP003395,Electronics,Book,4,24416.38,No
ITEM003396,SHP003396,Electronics,Gadget,5,35685.57,No
ITEM003397,SHP003397,Electronics,Gadget,1,29281.66,No
ITEM003398,SHP003398,Accessories,Gadget,2,45476.47,Yes
ITEM003399,SHP003399,Accessories,Home Item,4,34865.35,Yes
ITEM003400,SHP003400,Books,Packed Food,2,26479.14,No
ITEM003401,SHP003401,Clothing,Home Item,3,16519.96,No
ITEM003402,SHP003402,Household,T-Shirt,2,29397.87,No
ITEM003403,SHP003403,Clothing,Gadget,4,47063.42,Yes
ITEM003404,SHP003404,Accessories,Packed Food,5,48914.88,Yes
ITEM003405,SHP003405,Documents,T-Shirt,5,12679.59,Yes
ITEM003406,SHP003406,Accessories,Home Item,4,9691.15,No
ITEM003407,SHP003407,Electronics,Gadget,5,37026.87,No
ITEM003408,SHP003408,Food,Book,2,44204.22,No
ITEM003409,SHP003409,Clothing,Book,4,45589.33,No
ITEM003410,SHP003410,Documents,Book,1,26121.47,No
ITEM003411,SHP003411,Accessories,Business Document,4,22401.39,No
ITEM003412,SHP003412,Documents,Home Item,4,30210.3,No
ITEM003413,SHP003413,Documents,Home Item,1,21919.8,No
ITEM003414,SHP003414,Electronics,Home Item,5,31791.11,No
ITEM003415,SHP003415,Food,Home Item,4,26006.16,Yes
ITEM003416,SHP003416,Books,Gadget,5,22088.65,Yes
ITEM003417,SHP003417,Clothing,Home Item,1,6998.13,No
ITEM003418,SHP003418,Clothing,Packed Food,2,37429.18,No
ITEM003419,SHP003419,Documents,T-Shirt,3,22941.34,No
ITEM003420,SHP003420,Household,Packed Food,3,26257.05,No
ITEM003421,SHP003421,Documents,Home Item,1,1497.26,Yes
ITEM003422,SHP003422,Accessories,Book,2,40432.21,No
ITEM003423,SHP003423,Accessories,T-Shirt,5,13981.17,Yes
ITEM003424,SHP003424,Household,Business Document,5,33170.2,No
ITEM003425,SHP003425,Electronics,Gadget,1,16250.55,No
ITEM003426,SHP003426,Household,Book,3,34217.62,No
ITEM003427,SHP003427,Accessories,Book,5,48907.12,Yes
ITEM003428,SHP003428,Household,Mobile Accessory,3,46229.98,No
ITEM003429,SHP003429,Clothing,Gadget,1,17917.59,No
ITEM003430,SHP003430,Household,Packed Food,3,1210.93,No
ITEM003431,SHP003431,Electronics,Packed Food,3,11500.62,No
ITEM003432,SHP003432,Electronics,Home Item,4,15455.5,No
ITEM003433,SHP003433,Food,T-Shirt,4,9979.83,No
ITEM003434,SHP003434,Books,Mobile Accessory,4,44336.09,No
ITEM003435,SHP003435,Electronics,Gadget,5,15565.18,Yes
ITEM003436,SHP003436,Food,Book,1,18891.55,Yes
ITEM003437,SHP003437,Clothing,T-Shirt,1,13286.62,Yes
ITEM003438,SHP003438,Clothing,Mobile Accessory,3,26024.05,Yes
ITEM003439,SHP003439,Clothing,T-Shirt,4,29473.1,No
ITEM003440,SHP003440,Clothing,Home Item,5,44428.57,No
ITEM003441,SHP003441,Books,Mobile Accessory,1,34806.91,Yes
ITEM003442,SHP003442,Clothing,Book,5,23811.56,No
ITEM003443,SHP003443,Clothing,Gadget,1,16875.87,Yes
ITEM003444,SHP003444,Books,Book,1,208.6,Yes
ITEM003445,SHP003445,Books,Book,3,29928.37,No
ITEM003446,SHP003446,Documents,Mobile Accessory,1,6355.68,No
ITEM003447,SHP003447,Food,Packed Food,2,33588.09,Yes
ITEM003448,SHP003448,Documents,T-Shirt,2,44717.56,No
ITEM003449,SHP003449,Documents,Business Document,3,20603.63,No
ITEM003450,SHP003450,Food,Business Document,5,15528.06,No
ITEM003451,SHP003451,Food,Book,4,26367.6,No
ITEM003452,SHP003452,Accessories,Mobile Accessory,2,14338.2,Yes
ITEM003453,SHP003453,Accessories,Packed Food,3,5748.73,No
ITEM003454,SHP003454,Documents,T-Shirt,1,39289.31,No
ITEM003455,SHP003455,Household,T-Shirt,4,13276.23,No
ITEM003456,SHP003456,Accessories,Packed Food,2,4509.03,No
ITEM003457,SHP003457,Food,T-Shirt,1,10568.9,No
ITEM003458,SHP003458,Electronics,Gadget,1,16827.95,No
ITEM003459,SHP003459,Electronics,Home Item,1,37423.6,No
ITEM003460,SHP003460,Documents,Mobile Accessory,4,48130.41,No
ITEM003461,SHP003461,Accessories,Business Document,5,14519.72,No
ITEM003462,SHP003462,Documents,Business Document,5,38808.83,No
ITEM003463,SHP003463,Food,Packed Food,4,7487.0,No
ITEM003464,SHP003464,Household,Home Item,2,48903.38,No
ITEM003465,SHP003465,Books,Mobile Accessory,1,9941.36,Yes
ITEM003466,SHP003466,Clothing,Packed Food,2,32990.21,No
ITEM003467,SHP003467,Clothing,Packed Food,5,444.59,No
ITEM003468,SHP003468,Books,Packed Food,4,40388.08,No
ITEM003469,SHP003469,Books,Book,3,37493.18,No
ITEM003470,SHP003470,Books,Business Document,5,14338.77,Yes
ITEM003471,SHP003471,Electronics,Packed Food,1,4194.9,No
ITEM003472,SHP003472,Documents,Business Document,4,21955.52,No
ITEM003473,SHP003473,Clothing,Home Item,3,2520.51,No
ITEM003474,SHP003474,Food,Book,5,2691.38,No
ITEM003475,SHP003475,Household,Mobile Accessory,5,41642.52,Yes
ITEM003476,SHP003476,Books,Packed Food,1,27123.56,No
ITEM003477,SHP003477,Documents,Home Item,2,5052.24,No
ITEM003478,SHP003478,Clothing,T-Shirt,3,47278.01,No
ITEM003479,SHP003479,Clothing,Business Document,1,30831.3,No
ITEM003480,SHP003480,Documents,T-Shirt,4,41266.35,Yes
ITEM003481,SHP003481,Electronics,Business Document,5,32686.88,No
ITEM003482,SHP003482,Books,Gadget,2,42434.42,No
ITEM003483,SHP003483,Food,T-Shirt,2,13278.17,No
ITEM003484,SHP003484,Clothing,T-Shirt,2,15584.86,No
ITEM003485,SHP003485,Accessories,Business Document,3,22016.06,No
ITEM003486,SHP003486,Food,Business Document,1,28794.13,No
ITEM003487,SHP003487,Household,Home Item,4,8485.86,No
ITEM003488,SHP003488,Documents,Mobile Accessory,1,32260.37,No
ITEM003489,SHP003489,Accessories,Book,5,47727.06,Yes
ITEM003490,SHP003490,Accessories,Business Document,2,43606.72,No
ITEM003491,SHP003491,Household,Home Item,5,13726.97,No
ITEM003492,SHP003492,Accessories,T-Shirt,2,24049.53,No
ITEM003493,SHP003493,Food,Book,2,27583.7,Yes
ITEM003494,SHP003494,Electronics,Packed Food,1,31674.25,No
ITEM003495,SHP003495,Books,Book,1,34709.81,No
ITEM003496,SHP003496,Food,Home Item,5,37414.45,Yes
ITEM003497,SHP003497,Accessories,Business Document,3,40755.65,No
ITEM003498,SHP003498,Books,Book,2,4933.15,No
ITEM003499,SHP003499,Documents,Book,3,42763.16,Yes
ITEM003500,SHP003500,Food,Book,5,13616.12,No
ITEM003501,SHP003501,Clothing,Business Document,5,16422.98,Yes
ITEM003502,SHP003502,Accessories,Business Document,1,12380.71,Yes
ITEM003503,SHP003503,Electronics,Business Document,5,24137.93,No
ITEM003504,SHP003504,Clothing,Gadget,1,13223.57,Yes
ITEM003505,SHP003505,Clothing,Packed Food,4,32908.82,No
ITEM003506,SHP003506,Clothing,Home Item,3,17299.17,No
ITEM003507,SHP003507,Accessories,Business Document,2,35432.65,No
ITEM003508,SHP003508,Food,Packed Food,1,40581.0,No
ITEM003509,SHP003509,Books,Packed Food,3,24815.27,No
ITEM003510,SHP003510,Food,Gadget,4,33904.32,No
ITEM003511,SHP003511,Accessories,Mobile Accessory,5,45794.41,No
ITEM003512,SHP003512,Accessories,Book,3,43481.5,No
ITEM003513,SHP003513,Electronics,Book,2,18920.14,No
ITEM003514,SHP003514,Food,Home Item,4,40485.86,Yes
ITEM003515,SHP003515,Books,T-Shirt,4,25927.61,No
ITEM003516,SHP003516,Food,T-Shirt,5,14081.82,No
ITEM003517,SHP003517,Electronics,Gadget,5,19337.63,No
ITEM003518,SHP003518,Accessories,Home Item,1,28921.84,No
ITEM003519,SHP003519,Accessories,Home Item,4,31009.85,No
ITEM003520,SHP003520,Electronics,Mobile Accessory,5,44721.68,No
ITEM003521,SHP003521,Accessories,Mobile Accessory,3,3787.69,No
ITEM003522,SHP003522,Accessories,Book,5,17484.78,No
ITEM003523,SHP003523,Accessories,Business Document,4,11903.4,No
ITEM003524,SHP003524,Clothing,T-Shirt,1,5291.96,No
ITEM003525,SHP003525,Documents,Gadget,5,8599.47,No
ITEM003526,SHP003526,Documents,Gadget,3,16819.38,No
ITEM003527,SHP003527,Books,Business Document,2,30724.7,No
ITEM003528,SHP003528,Accessories,T-Shirt,2,36652.84,No
ITEM003529,SHP003529,Electronics,Book,3,24944.44,Yes
ITEM003530,SHP003530,Food,Mobile Accessory,5,4659.98,Yes
ITEM003531,SHP003531,Food,Mobile Accessory,5,38665.99,No
ITEM003532,SHP003532,Food,Business Document,2,25902.12,Yes
ITEM003533,SHP003533,Food,Gadget,1,38677.61,No
ITEM003534,SHP003534,Documents,Home Item,2,12789.25,No
ITEM003535,SHP003535,Electronics,Book,3,13763.56,Yes
ITEM003536,SHP003536,Accessories,Business Document,1,10588.95,No
ITEM003537,SHP003537,Electronics,Packed Food,3,10170.94,No
ITEM003538,SHP003538,Books,Book,2,24603.36,No
ITEM003539,SHP003539,Food,T-Shirt,2,27033.62,No
ITEM003540,SHP003540,Clothing,Home Item,1,8121.52,Yes
ITEM003541,SHP003541,Electronics,Book,5,49752.34,Yes
ITEM003542,SHP003542,Books,T-Shirt,5,24219.13,Yes
ITEM003543,SHP003543,Accessories,Mobile Accessory,2,17799.51,No
ITEM003544,SHP003544,Documents,Business Document,5,42530.86,No
ITEM003545,SHP003545,Accessories,Packed Food,3,40751.0,No
ITEM003546,SHP003546,Clothing,Packed Food,3,11847.86,Yes
ITEM003547,SHP003547,Books,Home Item,5,42180.94,No
ITEM003548,SHP003548,Accessories,Mobile Accessory,1,14313.91,No
ITEM003549,SHP003549,Documents,Home Item,3,3568.73,No
ITEM003550,SHP003550,Accessories,Mobile Accessory,3,1870.6,No
ITEM003551,SHP003551,Documents,T-Shirt,3,26131.0,No
ITEM003552,SHP003552,Clothing,Packed Food,3,17109.32,No
ITEM003553,SHP003553,Electronics,T-Shirt,2,38246.17,No
ITEM003554,SHP003554,Food,T-Shirt,3,26883.16,No
ITEM003555,SHP003555,Documents,T-Shirt,1,38990.88,No
ITEM003556,SHP003556,Electronics,Home Item,4,34411.89,No
ITEM003557,SHP003557,Household,Packed Food,3,49287.45,Yes
ITEM003558,SHP003558,Accessories,Packed Food,1,24180.37,Yes
ITEM003559,SHP003559,Food,Home Item,3,17059.93,Yes
ITEM003560,SHP003560,Documents,T-Shirt,1,9276.6,No
ITEM003561,SHP003561,Accessories,Gadget,4,32959.05,No
ITEM003562,SHP003562,Accessories,T-Shirt,1,27050.28,No
ITEM003563,SHP003563,Food,Business Document,5,35442.12,No
ITEM003564,SHP003564,Accessories,Mobile Accessory,3,39178.25,Yes
ITEM003565,SHP003565,Documents,Mobile Accessory,5,32648.83,No
ITEM003566,SHP003566,Household,Business Document,3,40957.99,No
ITEM003567,SHP003567,Electronics,Packed Food,3,10766.66,No
ITEM003568,SHP003568,Accessories,Home Item,5,45058.4,Yes
ITEM003569,SHP003569,Household,Packed Food,3,12110.33,Yes
ITEM003570,SHP003570,Food,Mobile Accessory,1,16751.19,No
ITEM003571,SHP003571,Accessories,Business Document,1,6453.27,No
ITEM003572,SHP003572,Clothing,Book,4,9000.16,No
ITEM003573,SHP003573,Electronics,Business Document,5,35293.36,Yes
ITEM003574,SHP003574,Clothing,Packed Food,4,7514.14,No
ITEM003575,SHP003575,Food,Packed Food,4,49377.5,No
ITEM003576,SHP003576,Food,Gadget,1,47172.94,No
ITEM003577,SHP003577,Books,Home Item,4,3607.46,No
ITEM003578,SHP003578,Clothing,T-Shirt,3,39510.52,No
ITEM003579,SHP003579,Accessories,Business Document,5,19027.76,Yes
ITEM003580,SHP003580,Accessories,Book,4,40398.13,Yes
ITEM003581,SHP003581,Clothing,T-Shirt,4,3501.52,Yes
ITEM003582,SHP003582,Clothing,Mobile Accessory,5,31291.13,No
ITEM003583,SHP003583,Electronics,Home Item,5,35912.63,No
ITEM003584,SHP003584,Accessories,Packed Food,4,42365.95,No
ITEM003585,SHP003585,Household,Mobile Accessory,3,44453.54,Yes
ITEM003586,SHP003586,Household,T-Shirt,2,751.27,No
ITEM003587,SHP003587,Electronics,Home Item,5,37410.57,No
ITEM003588,SHP003588,Documents,Home Item,4,7493.59,No
ITEM003589,SHP003589,Books,T-Shirt,3,26835.86,No
ITEM003590,SHP003590,Books,Business Document,2,18687.88,No
ITEM003591,SHP003591,Accessories,Packed Food,4,11357.94,No
ITEM003592,SHP003592,Clothing,T-Shirt,2,15294.06,No
ITEM003593,SHP003593,Household,Home Item,4,13190.76,No
ITEM003594,SHP003594,Electronics,T-Shirt,3,11496.3,No
ITEM003595,SHP003595,Books,Packed Food,1,32630.26,Yes
ITEM003596,SHP003596,Food,T-Shirt,3,17422.5,No
ITEM003597,SHP003597,Books,Packed Food,3,44722.82,No
ITEM003598,SHP003598,Clothing,Gadget,1,27105.88,No
ITEM003599,SHP003599,Electronics,Book,3,26010.42,No
ITEM003600,SHP003600,Electronics,T-Shirt,1,46225.54,Yes
ITEM003601,SHP003601,Books,Packed Food,5,43916.66,No
ITEM003602,SHP003602,Food,Home Item,2,1622.11,Yes
ITEM003603,SHP003603,Accessories,Packed Food,5,30515.2,No
ITEM003604,SHP003604,Accessories,Mobile Accessory,5,30433.02,No
ITEM003605,SHP003605,Clothing,Mobile Accessory,4,46231.97,No
ITEM003606,SHP003606,Electronics,Home Item,2,35725.0,No
ITEM003607,SHP003607,Food,Book,4,22486.73,No
ITEM003608,SHP003608,Documents,T-Shirt,1,2889.64,No
ITEM003609,SHP003609,Clothing,Packed Food,3,4472.54,No
ITEM003610,SHP003610,Documents,T-Shirt,5,23413.03,No
ITEM003611,SHP003611,Food,Book,1,49179.48,No
ITEM003612,SHP003612,Household,Book,5,49568.51,No
ITEM003613,SHP003613,Documents,Book,4,23976.37,No
ITEM003614,SHP003614,Electronics,T-Shirt,1,44223.5,No
ITEM003615,SHP003615,Books,Home Item,5,10784.77,Yes
ITEM003616,SHP003616,Electronics,Business Document,5,15808.59,Yes
ITEM003617,SHP003617,Household,T-Shirt,5,19218.38,No
ITEM003618,SHP003618,Books,Business Document,5,35011.63,No
ITEM003619,SHP003619,Accessories,Home Item,1,41250.17,Yes
ITEM003620,SHP003620,Accessories,Home Item,1,19724.2,No
ITEM003621,SHP003621,Books,Home Item,2,23404.04,No
ITEM003622,SHP003622,Food,Mobile Accessory,3,3907.55,No
ITEM003623,SHP003623,Books,T-Shirt,1,14062.85,No
ITEM003624,SHP003624,Household,Packed Food,1,40280.1,Yes
ITEM003625,SHP003625,Documents,Business Document,1,2268.35,No
ITEM003626,SHP003626,Books,Home Item,2,37810.59,No
ITEM003627,SHP003627,Household,Business Document,1,25465.85,No
ITEM003628,SHP003628,Food,Home Item,5,13677.18,No
ITEM003629,SHP003629,Clothing,Packed Food,4,23495.64,No
ITEM003630,SHP003630,Electronics,Book,3,22656.43,No
ITEM003631,SHP003631,Clothing,Home Item,5,48788.32,No
ITEM003632,SHP003632,Books,Home Item,1,35225.73,No
ITEM003633,SHP003633,Food,Gadget,1,20762.6,Yes
ITEM003634,SHP003634,Electronics,Mobile Accessory,1,46722.05,No
ITEM003635,SHP003635,Clothing,Packed Food,2,45982.32,No
ITEM003636,SHP003636,Books,T-Shirt,3,25665.18,No
ITEM003637,SHP003637,Clothing,Business Document,4,46940.46,Yes
ITEM003638,SHP003638,Books,Packed Food,5,30803.75,No
ITEM003639,SHP003639,Food,Book,1,36465.19,No
ITEM003640,SHP003640,Electronics,Home Item,4,23423.93,No
ITEM003641,SHP003641,Books,Packed Food,1,31290.28,Yes
ITEM003642,SHP003642,Accessories,Book,1,19778.54,No
ITEM003643,SHP003643,Accessories,Home Item,1,7964.25,No
ITEM003644,SHP003644,Documents,Book,2,17905.98,Yes
ITEM003645,SHP003645,Accessories,Packed Food,3,19762.57,No
ITEM003646,SHP003646,Clothing,Home Item,1,38784.4,No
ITEM003647,SHP003647,Food,Mobile Accessory,1,20200.24,No
ITEM003648,SHP003648,Documents,Business Document,1,23771.62,No
ITEM003649,SHP003649,Books,Gadget,1,38064.8,No
ITEM003650,SHP003650,Books,Home Item,5,26868.1,No
ITEM003651,SHP003651,Household,Mobile Accessory,1,17346.11,Yes
ITEM003652,SHP003652,Books,T-Shirt,3,566.4,No
ITEM003653,SHP003653,Electronics,Book,4,37372.73,No
ITEM003654,SHP003654,Clothing,Home Item,2,46085.2,Yes
ITEM003655,SHP003655,Books,Mobile Accessory,4,471.15,Yes
ITEM003656,SHP003656,Clothing,Packed Food,5,33412.74,No
ITEM003657,SHP003657,Clothing,Book,1,25747.28,No
ITEM003658,SHP003658,Food,Gadget,3,41528.52,No
ITEM003659,SHP003659,Documents,Business Document,2,8531.4,No
ITEM003660,SHP003660,Electronics,Mobile Accessory,2,17775.94,No
ITEM003661,SHP003661,Food,Business Document,5,4882.75,No
ITEM003662,SHP003662,Food,Gadget,2,13708.63,No
ITEM003663,SHP003663,Documents,Book,3,24094.85,No
ITEM003664,SHP003664,Documents,Mobile Accessory,4,45929.55,Yes
ITEM003665,SHP003665,Household,Book,1,10578.75,Yes
ITEM003666,SHP003666,Accessories,Gadget,4,34564.46,No
ITEM003667,SHP003667,Electronics,Book,3,35423.19,No
ITEM003668,SHP003668,Household,Book,4,6183.1,Yes
ITEM003669,SHP003669,Clothing,Business Document,1,48771.42,No
ITEM003670,SHP003670,Books,Gadget,5,8721.72,No
ITEM003671,SHP003671,Clothing,Home Item,2,3010.05,No
ITEM003672,SHP003672,Clothing,Business Document,3,48385.79,Yes
ITEM003673,SHP003673,Household,Home Item,4,18936.46,No
ITEM003674,SHP003674,Food,Gadget,2,14510.63,No
ITEM003675,SHP003675,Accessories,Home Item,1,14728.59,No
ITEM003676,SHP003676,Documents,Business Document,4,924.05,No
ITEM003677,SHP003677,Books,Business Document,3,33649.8,No
ITEM003678,SHP003678,Accessories,Home Item,1,38109.92,No
ITEM003679,SHP003679,Accessories,T-Shirt,3,22330.53,No
ITEM003680,SHP003680,Books,T-Shirt,4,10873.7,No
ITEM003681,SHP003681,Electronics,Book,4,22662.99,No
ITEM003682,SHP003682,Food,Packed Food,1,47108.19,No
ITEM003683,SHP003683,Documents,Home Item,3,8240.16,No
ITEM003684,SHP003684,Accessories,T-Shirt,5,3555.64,Yes
ITEM003685,SHP003685,Documents,Mobile Accessory,1,17994.3,No
ITEM003686,SHP003686,Documents,Packed Food,2,45334.84,No
ITEM003687,SHP003687,Food,Packed Food,4,18660.51,No
ITEM003688,SHP003688,Electronics,Gadget,1,36223.73,No
ITEM003689,SHP003689,Electronics,Gadget,5,2078.4,No
ITEM003690,SHP003690,Accessories,Home Item,4,17062.64,No
ITEM003691,SHP003691,Clothing,Packed Food,3,29366.5,No
ITEM003692,SHP003692,Books,Book,2,25975.68,Yes
ITEM003693,SHP003693,Food,Mobile Accessory,1,27728.89,No
ITEM003694,SHP003694,Electronics,T-Shirt,4,21275.0,No
ITEM003695,SHP003695,Documents,Book,5,30803.2,Yes
ITEM003696,SHP003696,Books,Gadget,4,41356.11,No
ITEM003697,SHP003697,Electronics,Mobile Accessory,1,4235.02,No
ITEM003698,SHP003698,Electronics,Mobile Accessory,4,19540.19,No
ITEM003699,SHP003699,Household,Business Document,1,36129.97,No
ITEM003700,SHP003700,Books,Mobile Accessory,5,39586.27,No
ITEM003701,SHP003701,Household,Gadget,1,31231.27,No
ITEM003702,SHP003702,Documents,Book,2,19768.11,No
ITEM003703,SHP003703,Electronics,T-Shirt,1,13366.76,No
ITEM003704,SHP003704,Books,Packed Food,5,24761.72,No
ITEM003705,SHP003705,Documents,Home Item,2,17361.25,No
ITEM003706,SHP003706,Accessories,Book,1,33813.99,No
ITEM003707,SHP003707,Electronics,Mobile Accessory,4,35758.54,No
ITEM003708,SHP003708,Books,Book,3,26598.55,Yes
ITEM003709,SHP003709,Documents,Book,1,40401.02,No
ITEM003710,SHP003710,Food,Packed Food,2,6326.24,No
ITEM003711,SHP003711,Electronics,Home Item,1,44334.29,No
ITEM003712,SHP003712,Books,T-Shirt,4,6498.17,No
ITEM003713,SHP003713,Accessories,Business Document,3,34254.01,Yes
ITEM003714,SHP003714,Food,Business Document,1,20159.18,No
ITEM003715,SHP003715,Clothing,Business Document,4,22432.34,No
ITEM003716,SHP003716,Clothing,Gadget,5,46252.08,No
ITEM003717,SHP003717,Documents,Home Item,2,26716.76,No
ITEM003718,SHP003718,Clothing,Packed Food,2,7999.97,No
ITEM003719,SHP003719,Documents,Mobile Accessory,5,35485.2,No
ITEM003720,SHP003720,Accessories,Home Item,3,43976.96,No
ITEM003721,SHP003721,Food,Packed Food,3,46267.13,No
ITEM003722,SHP003722,Household,Packed Food,2,20231.26,No
ITEM003723,SHP003723,Documents,Home Item,5,40697.85,Yes
ITEM003724,SHP003724,Documents,Book,2,36545.25,No
ITEM003725,SHP003725,Food,Packed Food,2,44928.03,No
ITEM003726,SHP003726,Food,Book,3,37169.67,Yes
ITEM003727,SHP003727,Food,Home Item,1,42393.26,No
ITEM003728,SHP003728,Food,Book,2,20944.39,No
ITEM003729,SHP003729,Books,Business Document,2,24344.17,No
ITEM003730,SHP003730,Documents,Mobile Accessory,4,10506.04,No
ITEM003731,SHP003731,Documents,Gadget,5,32438.74,Yes
ITEM003732,SHP003732,Household,Business Document,5,5963.41,No
ITEM003733,SHP003733,Clothing,Mobile Accessory,3,14022.79,Yes
ITEM003734,SHP003734,Household,Business Document,5,35906.7,No
ITEM003735,SHP003735,Household,Packed Food,2,45256.42,Yes
ITEM003736,SHP003736,Documents,Gadget,2,40072.16,No
ITEM003737,SHP003737,Electronics,T-Shirt,5,28735.7,No
ITEM003738,SHP003738,Household,Home Item,3,46612.89,No
ITEM003739,SHP003739,Electronics,Business Document,2,31896.33,No
ITEM003740,SHP003740,Electronics,T-Shirt,5,10895.65,No
ITEM003741,SHP003741,Electronics,Gadget,4,21726.52,No
ITEM003742,SHP003742,Accessories,Gadget,4,43396.33,No
ITEM003743,SHP003743,Documents,Home Item,1,46259.12,No
ITEM003744,SHP003744,Household,Home Item,2,45606.52,Yes
ITEM003745,SHP003745,Food,Gadget,5,2289.26,No
ITEM003746,SHP003746,Clothing,Home Item,1,32288.47,No
ITEM003747,SHP003747,Accessories,Mobile Accessory,3,25016.1,No
ITEM003748,SHP003748,Household,Business Document,4,22330.74,No
ITEM003749,SHP003749,Household,Mobile Accessory,3,3964.25,No
ITEM003750,SHP003750,Food,Business Document,4,19230.43,No
ITEM003751,SHP003751,Accessories,T-Shirt,2,23376.86,Yes
ITEM003752,SHP003752,Household,Business Document,3,15259.35,Yes
ITEM003753,SHP003753,Household,Business Document,3,38983.76,No
ITEM003754,SHP003754,Documents,Book,4,10431.29,No
ITEM003755,SHP003755,Accessories,Packed Food,3,18833.71,No
ITEM003756,SHP003756,Clothing,Business Document,3,25836.17,No
ITEM003757,SHP003757,Accessories,Book,4,26885.12,No
ITEM003758,SHP003758,Accessories,Packed Food,4,7785.79,No
ITEM003759,SHP003759,Household,T-Shirt,3,3618.92,No
ITEM003760,SHP003760,Accessories,Home Item,1,43916.83,Yes
ITEM003761,SHP003761,Accessories,Book,3,6370.2,No
ITEM003762,SHP003762,Household,Gadget,2,32346.92,No
ITEM003763,SHP003763,Household,Book,2,35920.49,No
ITEM003764,SHP003764,Accessories,Business Document,1,39523.86,No
ITEM003765,SHP003765,Electronics,T-Shirt,2,4846.45,No
ITEM003766,SHP003766,Accessories,Packed Food,3,15070.23,Yes
ITEM003767,SHP003767,Accessories,T-Shirt,4,10005.18,Yes
ITEM003768,SHP003768,Household,T-Shirt,2,2580.03,Yes
ITEM003769,SHP003769,Documents,Home Item,2,31290.45,No
ITEM003770,SHP003770,Food,Mobile Accessory,5,7695.02,No
ITEM003771,SHP003771,Clothing,Gadget,1,9590.01,No
ITEM003772,SHP003772,Accessories,T-Shirt,2,21689.63,No
ITEM003773,SHP003773,Documents,Gadget,3,6067.44,No
ITEM003774,SHP003774,Household,Gadget,2,31564.63,No
ITEM003775,SHP003775,Accessories,Packed Food,3,39045.68,Yes
ITEM003776,SHP003776,Documents,Home Item,1,30410.11,No
ITEM003777,SHP003777,Books,Home Item,2,21251.32,No
ITEM003778,SHP003778,Household,Home Item,1,41569.01,Yes
ITEM003779,SHP003779,Documents,Business Document,4,40654.51,No
ITEM003780,SHP003780,Accessories,Packed Food,4,45499.8,No
ITEM003781,SHP003781,Accessories,Packed Food,3,45282.44,No
ITEM003782,SHP003782,Books,Packed Food,2,40502.54,No
ITEM003783,SHP003783,Accessories,Home Item,5,28345.29,Yes
ITEM003784,SHP003784,Household,Mobile Accessory,5,985.41,No
ITEM003785,SHP003785,Documents,T-Shirt,1,36346.2,No
ITEM003786,SHP003786,Clothing,Gadget,2,24240.56,No
ITEM003787,SHP003787,Household,Packed Food,3,4463.06,Yes
ITEM003788,SHP003788,Clothing,Gadget,4,36532.25,No
ITEM003789,SHP003789,Documents,Book,5,20619.38,No
ITEM003790,SHP003790,Household,T-Shirt,2,18140.18,No
ITEM003791,SHP003791,Electronics,Book,1,40435.45,No
ITEM003792,SHP003792,Household,Packed Food,1,14757.93,Yes
ITEM003793,SHP003793,Documents,Gadget,1,13617.06,No
ITEM003794,SHP003794,Electronics,Business Document,4,11999.88,No
ITEM003795,SHP003795,Clothing,Mobile Accessory,4,12786.49,Yes
ITEM003796,SHP003796,Electronics,Mobile Accessory,5,28246.26,No
ITEM003797,SHP003797,Documents,Book,2,40630.35,No
ITEM003798,SHP003798,Accessories,Home Item,3,48017.07,No
ITEM003799,SHP003799,Household,Mobile Accessory,4,618.48,No
ITEM003800,SHP003800,Clothing,Home Item,2,11357.46,Yes
ITEM003801,SHP003801,Accessories,Packed Food,2,23398.24,Yes
ITEM003802,SHP003802,Documents,Gadget,5,49441.79,No
ITEM003803,SHP003803,Documents,Home Item,4,43230.29,No
ITEM003804,SHP003804,Books,Book,2,15985.25,No
ITEM003805,SHP003805,Clothing,Home Item,2,17180.02,No
ITEM003806,SHP003806,Food,Packed Food,3,1550.99,No
ITEM003807,SHP003807,Household,Packed Food,3,36440.77,No
ITEM003808,SHP003808,Accessories,Book,1,38493.38,Yes
ITEM003809,SHP003809,Electronics,Business Document,1,11870.55,Yes
ITEM003810,SHP003810,Household,Book,2,41283.67,No
ITEM003811,SHP003811,Clothing,Packed Food,2,25754.53,No
ITEM003812,SHP003812,Books,Home Item,5,23409.66,No
ITEM003813,SHP003813,Electronics,Packed Food,3,21010.71,No
ITEM003814,SHP003814,Books,Business Document,3,29796.38,No
ITEM003815,SHP003815,Food,Book,5,28009.07,No
ITEM003816,SHP003816,Electronics,T-Shirt,2,36247.34,Yes
ITEM003817,SHP003817,Household,Gadget,1,23929.01,No
ITEM003818,SHP003818,Clothing,Business Document,5,11950.81,No
ITEM003819,SHP003819,Household,T-Shirt,4,7299.9,Yes
ITEM003820,SHP003820,Food,Book,1,10008.14,No
ITEM003821,SHP003821,Accessories,Business Document,2,17357.58,No
ITEM003822,SHP003822,Clothing,Mobile Accessory,5,46966.02,No
ITEM003823,SHP003823,Clothing,Book,2,34906.32,No
ITEM003824,SHP003824,Documents,Book,5,21203.05,Yes
ITEM003825,SHP003825,Electronics,Home Item,2,8021.4,No
ITEM003826,SHP003826,Food,Business Document,4,36727.0,Yes
ITEM003827,SHP003827,Clothing,Book,5,21370.07,No
ITEM003828,SHP003828,Accessories,Book,5,38527.96,No
ITEM003829,SHP003829,Food,Gadget,2,41049.84,No
ITEM003830,SHP003830,Electronics,Packed Food,5,29403.03,No
ITEM003831,SHP003831,Clothing,Packed Food,3,40728.03,No
ITEM003832,SHP003832,Household,Gadget,5,29052.42,No
ITEM003833,SHP003833,Clothing,T-Shirt,2,25399.65,Yes
ITEM003834,SHP003834,Household,Book,3,38395.98,No
ITEM003835,SHP003835,Accessories,Mobile Accessory,5,20944.65,No
ITEM003836,SHP003836,Electronics,Book,3,31116.12,No
ITEM003837,SHP003837,Electronics,Home Item,1,19347.72,No
ITEM003838,SHP003838,Household,Book,3,46866.62,Yes
ITEM003839,SHP003839,Accessories,Gadget,4,35383.63,No
ITEM003840,SHP003840,Clothing,Mobile Accessory,3,43591.0,No
ITEM003841,SHP003841,Household,Home Item,4,26433.99,Yes
ITEM003842,SHP003842,Documents,Business Document,5,44356.51,Yes
ITEM003843,SHP003843,Documents,Home Item,5,27707.6,Yes
ITEM003844,SHP003844,Books,Business Document,2,37790.91,No
ITEM003845,SHP003845,Documents,Packed Food,2,37328.29,No
ITEM003846,SHP003846,Documents,Business Document,5,4575.46,Yes
ITEM003847,SHP003847,Documents,Book,1,18523.51,Yes
ITEM003848,SHP003848,Accessories,Mobile Accessory,2,49491.79,Yes
ITEM003849,SHP003849,Food,Home Item,4,10862.71,No
ITEM003850,SHP003850,Clothing,Home Item,4,18032.5,No
ITEM003851,SHP003851,Accessories,Book,3,48892.45,No
ITEM003852,SHP003852,Books,Home Item,5,16690.04,No
ITEM003853,SHP003853,Household,T-Shirt,1,41257.19,Yes
ITEM003854,SHP003854,Electronics,Mobile Accessory,2,21829.52,Yes
ITEM003855,SHP003855,Books,Gadget,3,46730.57,Yes
ITEM003856,SHP003856,Clothing,Business Document,1,30039.47,Yes
ITEM003857,SHP003857,Clothing,Gadget,1,48596.61,No
ITEM003858,SHP003858,Food,Packed Food,2,5713.84,Yes
ITEM003859,SHP003859,Food,Gadget,1,13682.97,No
ITEM003860,SHP003860,Electronics,T-Shirt,4,29991.16,Yes
ITEM003861,SHP003861,Accessories,Gadget,2,5837.81,No
ITEM003862,SHP003862,Books,Book,4,37128.12,Yes
ITEM003863,SHP003863,Accessories,Book,2,46623.72,No
ITEM003864,SHP003864,Books,Book,4,31957.61,No
ITEM003865,SHP003865,Documents,Gadget,2,35101.21,No
ITEM003866,SHP003866,Household,T-Shirt,5,8012.16,No
ITEM003867,SHP003867,Books,T-Shirt,4,32015.27,Yes
ITEM003868,SHP003868,Electronics,Gadget,4,21851.71,No
ITEM003869,SHP003869,Accessories,Home Item,5,37755.06,No
ITEM003870,SHP003870,Books,Home Item,3,15444.69,No
ITEM003871,SHP003871,Electronics,Mobile Accessory,1,33296.39,No
ITEM003872,SHP003872,Documents,Book,2,4047.38,Yes
ITEM003873,SHP003873,Clothing,Packed Food,1,15666.38,No
ITEM003874,SHP003874,Food,Business Document,1,30045.73,Yes
ITEM003875,SHP003875,Clothing,T-Shirt,5,28645.77,No
ITEM003876,SHP003876,Electronics,Home Item,4,29213.02,No
ITEM003877,SHP003877,Food,Business Document,5,23386.51,No
ITEM003878,SHP003878,Household,Mobile Accessory,5,30323.24,Yes
ITEM003879,SHP003879,Electronics,Packed Food,5,14169.03,No
ITEM003880,SHP003880,Documents,T-Shirt,1,22445.26,Yes
ITEM003881,SHP003881,Food,Gadget,2,8071.65,No
ITEM003882,SHP003882,Clothing,Mobile Accessory,1,17857.21,Yes
ITEM003883,SHP003883,Books,Business Document,5,33033.81,No
ITEM003884,SHP003884,Books,Mobile Accessory,1,28364.83,No
ITEM003885,SHP003885,Household,Packed Food,5,1989.82,No
ITEM003886,SHP003886,Food,Book,1,35390.0,No
ITEM003887,SHP003887,Documents,Business Document,1,29914.61,No
ITEM003888,SHP003888,Household,Book,5,19633.45,Yes
ITEM003889,SHP003889,Household,Mobile Accessory,5,30014.3,No
ITEM003890,SHP003890,Electronics,Gadget,1,3170.35,No
ITEM003891,SHP003891,Books,Packed Food,5,37694.96,No
ITEM003892,SHP003892,Documents,Book,3,30455.94,Yes
ITEM003893,SHP003893,Electronics,Book,3,12235.23,No
ITEM003894,SHP003894,Accessories,Packed Food,5,1346.04,No
ITEM003895,SHP003895,Food,Business Document,2,31944.1,No
ITEM003896,SHP003896,Accessories,Mobile Accessory,4,43497.3,No
ITEM003897,SHP003897,Documents,Gadget,3,5900.22,No
ITEM003898,SHP003898,Food,Book,1,44849.32,No
ITEM003899,SHP003899,Household,Mobile Accessory,3,41883.05,Yes
ITEM003900,SHP003900,Accessories,T-Shirt,2,23862.62,Yes
ITEM003901,SHP003901,Food,T-Shirt,5,19457.9,Yes
ITEM003902,SHP003902,Clothing,Home Item,1,11909.95,No
ITEM003903,SHP003903,Accessories,Home Item,1,3231.1,Yes
ITEM003904,SHP003904,Clothing,Book,1,13863.27,No
ITEM003905,SHP003905,Food,Business Document,3,41008.74,Yes
ITEM003906,SHP003906,Documents,T-Shirt,2,24192.91,Yes
ITEM003907,SHP003907,Household,Business Document,5,2391.32,No
ITEM003908,SHP003908,Clothing,Packed Food,1,26097.35,No
ITEM003909,SHP003909,Household,T-Shirt,1,36671.16,No
ITEM003910,SHP003910,Electronics,Business Document,5,37742.86,Yes
ITEM003911,SHP003911,Electronics,T-Shirt,2,42599.69,Yes
ITEM003912,SHP003912,Documents,Home Item,3,36060.39,No
ITEM003913,SHP003913,Electronics,Book,5,593.01,No
ITEM003914,SHP003914,Food,Gadget,5,20980.91,Yes
ITEM003915,SHP003915,Electronics,Mobile Accessory,1,16903.83,Yes
ITEM003916,SHP003916,Household,Book,4,22875.92,Yes
ITEM003917,SHP003917,Accessories,Business Document,1,39678.02,No
ITEM003918,SHP003918,Clothing,Gadget,3,2104.67,No
ITEM003919,SHP003919,Electronics,T-Shirt,3,33649.81,No
ITEM003920,SHP003920,Electronics,Packed Food,2,20433.95,No
ITEM003921,SHP003921,Electronics,Packed Food,5,49923.64,Yes
ITEM003922,SHP003922,Food,Mobile Accessory,5,14723.02,No
ITEM003923,SHP003923,Documents,Home Item,5,24591.49,No
ITEM003924,SHP003924,Household,Book,3,47372.74,No
ITEM003925,SHP003925,Documents,Business Document,3,8442.58,No
ITEM003926,SHP003926,Accessories,Gadget,5,28866.97,Yes
ITEM003927,SHP003927,Household,Packed Food,4,31288.58,No
ITEM003928,SHP003928,Household,Book,1,31029.04,No
ITEM003929,SHP003929,Household,Book,4,38182.37,No
ITEM003930,SHP003930,Books,Gadget,2,6950.45,No
ITEM003931,SHP003931,Accessories,Packed Food,5,35727.65,Yes
ITEM003932,SHP003932,Accessories,Home Item,4,8266.85,No
ITEM003933,SHP003933,Clothing,Packed Food,1,21766.18,No
ITEM003934,SHP003934,Documents,Packed Food,2,45633.36,No
ITEM003935,SHP003935,Books,Home Item,5,8147.58,No
ITEM003936,SHP003936,Accessories,Book,2,35228.88,No
ITEM003937,SHP003937,Electronics,Book,2,32196.92,No
ITEM003938,SHP003938,Accessories,Mobile Accessory,4,36436.48,No
ITEM003939,SHP003939,Food,T-Shirt,2,45372.52,No
ITEM003940,SHP003940,Electronics,Gadget,1,40396.45,No
ITEM003941,SHP003941,Accessories,Gadget,1,27304.64,No
ITEM003942,SHP003942,Food,T-Shirt,1,10484.57,No
ITEM003943,SHP003943,Household,Book,3,7650.2,No
ITEM003944,SHP003944,Clothing,Business Document,2,3368.85,No
ITEM003945,SHP003945,Accessories,T-Shirt,2,24435.11,No
ITEM003946,SHP003946,Documents,Business Document,3,43469.26,No
ITEM003947,SHP003947,Clothing,Home Item,3,11013.74,No
ITEM003948,SHP003948,Household,Book,3,45176.52,No
ITEM003949,SHP003949,Documents,Home Item,1,7887.23,No
ITEM003950,SHP003950,Documents,T-Shirt,5,44498.7,Yes
ITEM003951,SHP003951,Accessories,Gadget,3,34913.4,Yes
ITEM003952,SHP003952,Electronics,Gadget,2,13429.35,No
ITEM003953,SHP003953,Food,Gadget,2,48978.5,No
ITEM003954,SHP003954,Electronics,T-Shirt,5,22292.82,No
ITEM003955,SHP003955,Clothing,T-Shirt,2,9236.87,Yes
ITEM003956,SHP003956,Books,Book,1,34319.86,No
ITEM003957,SHP003957,Food,Mobile Accessory,5,8386.49,No
ITEM003958,SHP003958,Clothing,Book,4,44554.54,No
ITEM003959,SHP003959,Clothing,Book,5,46179.56,No
ITEM003960,SHP003960,Household,Book,3,3736.5,Yes
ITEM003961,SHP003961,Electronics,Book,1,24134.72,No
ITEM003962,SHP003962,Books,Business Document,1,3386.21,No
ITEM003963,SHP003963,Household,Home Item,3,18659.35,No
ITEM003964,SHP003964,Documents,Mobile Accessory,5,35455.33,No
ITEM003965,SHP003965,Books,Home Item,2,18485.81,No
ITEM003966,SHP003966,Household,Packed Food,2,46606.21,No
ITEM003967,SHP003967,Food,Book,5,11861.58,No
ITEM003968,SHP003968,Books,Gadget,4,9181.59,No
ITEM003969,SHP003969,Household,Packed Food,4,32729.21,No
ITEM003970,SHP003970,Documents,Business Document,5,45769.76,No
ITEM003971,SHP003971,Food,Business Document,5,690.32,Yes
ITEM003972,SHP003972,Documents,T-Shirt,5,40514.1,No
ITEM003973,SHP003973,Clothing,T-Shirt,5,26582.27,Yes
ITEM003974,SHP003974,Documents,Mobile Accessory,2,3643.94,No
ITEM003975,SHP003975,Household,Home Item,4,33141.85,No
ITEM003976,SHP003976,Documents,T-Shirt,3,21118.74,No
ITEM003977,SHP003977,Household,Mobile Accessory,4,21158.1,No
ITEM003978,SHP003978,Clothing,Packed Food,1,4591.5,No
ITEM003979,SHP003979,Household,Mobile Accessory,1,34210.33,No
ITEM003980,SHP003980,Documents,Gadget,1,5619.54,No
ITEM003981,SHP003981,Electronics,Packed Food,1,24352.79,No
ITEM003982,SHP003982,Electronics,Mobile Accessory,2,41574.05,No
ITEM003983,SHP003983,Books,T-Shirt,2,37286.42,No
ITEM003984,SHP003984,Accessories,T-Shirt,2,10645.95,No
ITEM003985,SHP003985,Documents,Business Document,4,41065.59,No
ITEM003986,SHP003986,Documents,T-Shirt,3,44083.33,No
ITEM003987,SHP003987,Books,Home Item,1,37045.28,No
ITEM003988,SHP003988,Electronics,Mobile Accessory,5,49753.84,Yes
ITEM003989,SHP003989,Documents,Gadget,5,4038.9,Yes
ITEM003990,SHP003990,Household,Home Item,3,3876.48,No
ITEM003991,SHP003991,Electronics,T-Shirt,2,31425.99,No
ITEM003992,SHP003992,Household,Book,1,16602.47,No
ITEM003993,SHP003993,Documents,T-Shirt,5,22075.04,No
ITEM003994,SHP003994,Clothing,Packed Food,3,36834.2,No
ITEM003995,SHP003995,Electronics,Packed Food,1,45239.58,No
ITEM003996,SHP003996,Clothing,Business Document,2,12052.48,Yes
ITEM003997,SHP003997,Books,Mobile Accessory,3,8971.86,No
ITEM003998,SHP003998,Food,Packed Food,1,37602.97,No
ITEM003999,SHP003999,Accessories,Packed Food,1,42496.63,No
ITEM004000,SHP004000,Clothing,Home Item,1,38740.8,No
ITEM004001,SHP004001,Household,Gadget,1,6566.33,Yes
ITEM004002,SHP004002,Clothing,Business Document,1,38003.69,No
ITEM004003,SHP004003,Electronics,Business Document,5,22049.51,Yes
ITEM004004,SHP004004,Accessories,T-Shirt,1,30536.92,No
ITEM004005,SHP004005,Books,Packed Food,3,20232.73,No
ITEM004006,SHP004006,Documents,Business Document,2,869.92,No
ITEM004007,SHP004007,Electronics,Packed Food,4,49813.63,Yes
ITEM004008,SHP004008,Food,Packed Food,5,8956.98,No
ITEM004009,SHP004009,Documents,Business Document,5,33729.58,No
ITEM004010,SHP004010,Household,Home Item,4,11237.62,No
ITEM004011,SHP004011,Books,Home Item,5,2047.15,Yes
ITEM004012,SHP004012,Food,Gadget,3,49443.31,No
ITEM004013,SHP004013,Clothing,Mobile Accessory,3,521.22,No
ITEM004014,SHP004014,Food,Mobile Accessory,5,30959.23,Yes
ITEM004015,SHP004015,Electronics,Book,1,37047.99,No
ITEM004016,SHP004016,Documents,Mobile Accessory,1,28370.84,No
ITEM004017,SHP004017,Documents,Packed Food,2,38473.88,No
ITEM004018,SHP004018,Clothing,Packed Food,4,8697.72,No
ITEM004019,SHP004019,Household,Gadget,4,1385.78,No
ITEM004020,SHP004020,Household,Gadget,4,26837.65,No
ITEM004021,SHP004021,Books,Packed Food,1,21808.65,No
ITEM004022,SHP004022,Accessories,Mobile Accessory,2,38388.9,No
ITEM004023,SHP004023,Household,Book,2,3229.39,No
ITEM004024,SHP004024,Documents,T-Shirt,3,2869.02,Yes
ITEM004025,SHP004025,Accessories,Home Item,1,16929.95,No
ITEM004026,SHP004026,Household,Gadget,5,39579.24,No
ITEM004027,SHP004027,Clothing,Packed Food,2,23541.73,No
ITEM004028,SHP004028,Books,Book,5,39391.48,No
ITEM004029,SHP004029,Books,Business Document,3,32034.67,No
ITEM004030,SHP004030,Books,Mobile Accessory,5,21561.11,No
ITEM004031,SHP004031,Food,Gadget,2,41771.9,Yes
ITEM004032,SHP004032,Documents,T-Shirt,1,33370.02,Yes
ITEM004033,SHP004033,Books,Gadget,1,21123.24,No
ITEM004034,SHP004034,Books,Gadget,2,5759.38,No
ITEM004035,SHP004035,Accessories,Business Document,4,18440.21,No
ITEM004036,SHP004036,Documents,Gadget,3,3127.09,Yes
ITEM004037,SHP004037,Books,Book,4,24267.98,No
ITEM004038,SHP004038,Food,Gadget,2,2930.03,Yes
ITEM004039,SHP004039,Clothing,Business Document,5,38565.72,Yes
ITEM004040,SHP004040,Food,Business Document,4,17931.68,No
ITEM004041,SHP004041,Accessories,Packed Food,5,30565.38,No
ITEM004042,SHP004042,Household,Packed Food,5,15384.77,No
ITEM004043,SHP004043,Household,Mobile Accessory,3,44137.28,No
ITEM004044,SHP004044,Clothing,T-Shirt,2,24678.23,No
ITEM004045,SHP004045,Documents,Business Document,2,37440.18,Yes
ITEM004046,SHP004046,Accessories,Book,2,33081.86,No
ITEM004047,SHP004047,Documents,Home Item,5,35116.56,No
ITEM004048,SHP004048,Clothing,Business Document,4,25928.75,No
ITEM004049,SHP004049,Clothing,Business Document,2,49931.14,No
ITEM004050,SHP004050,Accessories,Gadget,2,5237.27,No
ITEM004051,SHP004051,Documents,Mobile Accessory,2,25503.07,No
ITEM004052,SHP004052,Food,Gadget,4,18425.19,No
ITEM004053,SHP004053,Books,Packed Food,3,18102.09,No
ITEM004054,SHP004054,Electronics,Packed Food,3,37763.39,Yes
ITEM004055,SHP004055,Electronics,Mobile Accessory,2,567.59,No
ITEM004056,SHP004056,Food,Packed Food,2,19373.19,No
ITEM004057,SHP004057,Household,Business Document,5,20642.55,No
ITEM004058,SHP004058,Documents,Packed Food,5,25415.9,No
ITEM004059,SHP004059,Household,Gadget,1,19857.6,No
ITEM004060,SHP004060,Household,Mobile Accessory,5,14827.17,No
ITEM004061,SHP004061,Electronics,Mobile Accessory,4,27607.11,No
ITEM004062,SHP004062,Accessories,Gadget,3,45404.27,No
ITEM004063,SHP004063,Clothing,Business Document,5,16496.68,No
ITEM004064,SHP004064,Electronics,Packed Food,3,5460.15,No
ITEM004065,SHP004065,Documents,Home Item,4,25101.34,No
ITEM004066,SHP004066,Clothing,Business Document,2,42184.18,No
ITEM004067,SHP004067,Documents,Book,3,7047.87,No
ITEM004068,SHP004068,Food,Gadget,1,42472.01,Yes
ITEM004069,SHP004069,Electronics,Home Item,3,35696.19,Yes
ITEM004070,SHP004070,Accessories,Mobile Accessory,3,28037.58,No
ITEM004071,SHP004071,Documents,T-Shirt,4,22485.35,No
ITEM004072,SHP004072,Food,Gadget,2,21089.08,No
ITEM004073,SHP004073,Accessories,Home Item,5,36345.68,Yes
ITEM004074,SHP004074,Household,T-Shirt,2,23827.35,No
ITEM004075,SHP004075,Accessories,Mobile Accessory,4,32771.87,No
ITEM004076,SHP004076,Food,T-Shirt,2,2042.52,Yes
ITEM004077,SHP004077,Documents,Business Document,1,47030.82,No
ITEM004078,SHP004078,Clothing,Book,1,22690.81,No
ITEM004079,SHP004079,Books,Packed Food,4,45715.52,Yes
ITEM004080,SHP004080,Books,Book,2,31588.95,No
ITEM004081,SHP004081,Documents,Home Item,1,33121.14,No
ITEM004082,SHP004082,Food,Gadget,5,9968.32,Yes
ITEM004083,SHP004083,Accessories,Gadget,2,3735.05,Yes
ITEM004084,SHP004084,Electronics,T-Shirt,4,11015.44,No
ITEM004085,SHP004085,Food,Gadget,4,26845.93,Yes
ITEM004086,SHP004086,Documents,T-Shirt,1,1977.77,Yes
ITEM004087,SHP004087,Household,Packed Food,5,43924.73,No
ITEM004088,SHP004088,Accessories,T-Shirt,5,21308.4,No
ITEM004089,SHP004089,Electronics,Packed Food,5,24333.83,No
ITEM004090,SHP004090,Household,T-Shirt,5,7361.38,Yes
ITEM004091,SHP004091,Clothing,Packed Food,2,42971.79,No
ITEM004092,SHP004092,Documents,Business Document,5,33053.27,No
ITEM004093,SHP004093,Food,Packed Food,5,4617.04,Yes
ITEM004094,SHP004094,Documents,Mobile Accessory,3,9431.54,No
ITEM004095,SHP004095,Accessories,Book,5,2676.4,No
ITEM004096,SHP004096,Household,Home Item,4,30831.98,No
ITEM004097,SHP004097,Books,Home Item,5,6367.92,No
ITEM004098,SHP004098,Clothing,Book,4,24332.57,No
ITEM004099,SHP004099,Accessories,Mobile Accessory,5,35440.39,Yes
ITEM004100,SHP004100,Food,Business Document,1,26431.49,Yes
ITEM004101,SHP004101,Documents,Business Document,5,23606.97,No
ITEM004102,SHP004102,Documents,T-Shirt,2,5050.82,No
ITEM004103,SHP004103,Books,Business Document,1,25880.99,No
ITEM004104,SHP004104,Books,T-Shirt,3,3781.39,Yes
ITEM004105,SHP004105,Clothing,Gadget,3,891.43,No
ITEM004106,SHP004106,Food,Gadget,5,42528.08,No
ITEM004107,SHP004107,Accessories,T-Shirt,4,46505.49,No
ITEM004108,SHP004108,Accessories,Packed Food,4,311.8,No
ITEM004109,SHP004109,Electronics,T-Shirt,1,32245.36,Yes
ITEM004110,SHP004110,Documents,Business Document,3,11743.04,Yes
ITEM004111,SHP004111,Documents,Business Document,3,23324.84,No
ITEM004112,SHP004112,Clothing,T-Shirt,3,25599.53,No
ITEM004113,SHP004113,Accessories,Gadget,4,25280.33,No
ITEM004114,SHP004114,Accessories,Packed Food,1,32106.48,No
ITEM004115,SHP004115,Clothing,Mobile Accessory,2,10339.54,No
ITEM004116,SHP004116,Accessories,T-Shirt,1,37611.41,No
ITEM004117,SHP004117,Clothing,Gadget,4,11239.08,Yes
ITEM004118,SHP004118,Accessories,Packed Food,1,44756.81,No
ITEM004119,SHP004119,Clothing,Book,1,3971.93,No
ITEM004120,SHP004120,Clothing,Home Item,5,3903.53,No
ITEM004121,SHP004121,Household,Business Document,1,4582.51,No
ITEM004122,SHP004122,Documents,Mobile Accessory,2,33340.14,Yes
ITEM004123,SHP004123,Accessories,Mobile Accessory,5,5420.19,No
ITEM004124,SHP004124,Food,Mobile Accessory,2,9703.07,No
ITEM004125,SHP004125,Documents,Book,4,16465.65,No
ITEM004126,SHP004126,Electronics,Business Document,4,33106.37,No
ITEM004127,SHP004127,Food,Home Item,4,31134.05,No
ITEM004128,SHP004128,Books,Mobile Accessory,3,43977.67,No
ITEM004129,SHP004129,Food,Business Document,5,7260.15,No
ITEM004130,SHP004130,Clothing,Business Document,5,8470.27,No
ITEM004131,SHP004131,Documents,Book,5,11928.32,No
ITEM004132,SHP004132,Food,Gadget,1,15331.08,Yes
ITEM004133,SHP004133,Accessories,Book,2,35574.04,No
ITEM004134,SHP004134,Clothing,Gadget,5,25961.67,Yes
ITEM004135,SHP004135,Documents,Book,3,26842.73,No
ITEM004136,SHP004136,Documents,Book,2,14579.59,No
ITEM004137,SHP004137,Books,Book,3,37123.06,Yes
ITEM004138,SHP004138,Household,T-Shirt,1,23235.04,No
ITEM004139,SHP004139,Household,Gadget,1,23560.56,No
ITEM004140,SHP004140,Electronics,T-Shirt,4,12146.97,No
ITEM004141,SHP004141,Accessories,Packed Food,2,14590.97,No
ITEM004142,SHP004142,Food,Business Document,3,26734.53,No
ITEM004143,SHP004143,Documents,Gadget,1,3261.67,No
ITEM004144,SHP004144,Books,Packed Food,5,47011.9,No
ITEM004145,SHP004145,Accessories,Business Document,2,27288.8,No
ITEM004146,SHP004146,Clothing,Business Document,4,31899.39,No
ITEM004147,SHP004147,Books,Mobile Accessory,2,1577.65,No
ITEM004148,SHP004148,Documents,Business Document,1,2294.48,No
ITEM004149,SHP004149,Electronics,Book,3,48117.06,No
ITEM004150,SHP004150,Books,Gadget,2,8040.8,Yes
ITEM004151,SHP004151,Clothing,Book,1,8237.63,No
ITEM004152,SHP004152,Accessories,Gadget,1,44184.19,No
ITEM004153,SHP004153,Household,Mobile Accessory,3,39867.92,No
ITEM004154,SHP004154,Clothing,T-Shirt,5,32809.6,No
ITEM004155,SHP004155,Books,T-Shirt,4,35073.69,No
ITEM004156,SHP004156,Household,T-Shirt,2,1296.31,No
ITEM004157,SHP004157,Household,Gadget,3,34227.79,No
ITEM004158,SHP004158,Accessories,Book,1,11570.38,No
ITEM004159,SHP004159,Clothing,Mobile Accessory,1,11486.99,Yes
ITEM004160,SHP004160,Food,Gadget,2,21847.19,Yes
ITEM004161,SHP004161,Clothing,T-Shirt,2,21204.35,No
ITEM004162,SHP004162,Books,Book,2,26593.49,No
ITEM004163,SHP004163,Clothing,T-Shirt,4,36478.64,No
ITEM004164,SHP004164,Household,Mobile Accessory,5,44978.0,No
ITEM004165,SHP004165,Clothing,Packed Food,5,22694.76,No
ITEM004166,SHP004166,Books,Book,5,29839.41,Yes
ITEM004167,SHP004167,Food,Packed Food,4,24819.16,No
ITEM004168,SHP004168,Household,Home Item,2,323.07,No
ITEM004169,SHP004169,Clothing,Gadget,4,41349.59,Yes
ITEM004170,SHP004170,Electronics,Book,5,36842.89,No
ITEM004171,SHP004171,Food,Mobile Accessory,1,47985.91,Yes
ITEM004172,SHP004172,Electronics,Gadget,3,18744.38,No
ITEM004173,SHP004173,Clothing,Business Document,4,41042.6,No
ITEM004174,SHP004174,Electronics,Gadget,2,36437.49,Yes
ITEM004175,SHP004175,Documents,Home Item,3,6014.24,No
ITEM004176,SHP004176,Food,Home Item,5,48516.29,No
ITEM004177,SHP004177,Documents,T-Shirt,3,7830.92,No
ITEM004178,SHP004178,Books,Home Item,2,41557.53,No
ITEM004179,SHP004179,Household,Mobile Accessory,3,23789.81,No
ITEM004180,SHP004180,Documents,Mobile Accessory,4,30112.75,No
ITEM004181,SHP004181,Food,Business Document,4,25888.6,Yes
ITEM004182,SHP004182,Accessories,Mobile Accessory,1,3539.97,No
ITEM004183,SHP004183,Documents,Business Document,5,47374.79,No
ITEM004184,SHP004184,Electronics,Packed Food,3,43688.91,Yes
ITEM004185,SHP004185,Books,Gadget,5,29410.8,Yes
ITEM004186,SHP004186,Clothing,Mobile Accessory,3,24615.5,No
ITEM004187,SHP004187,Food,Mobile Accessory,2,16767.84,No
ITEM004188,SHP004188,Household,Business Document,4,8904.82,No
ITEM004189,SHP004189,Documents,Home Item,2,39171.26,No
ITEM004190,SHP004190,Household,Gadget,2,25934.65,No
ITEM004191,SHP004191,Electronics,Book,5,33988.08,No
ITEM004192,SHP004192,Documents,Packed Food,2,14897.13,No
ITEM004193,SHP004193,Food,Business Document,2,44589.83,No
ITEM004194,SHP004194,Household,Packed Food,1,48911.13,No
ITEM004195,SHP004195,Household,T-Shirt,5,33117.48,No
ITEM004196,SHP004196,Books,Business Document,2,42742.84,No
ITEM004197,SHP004197,Documents,T-Shirt,5,11865.9,No
ITEM004198,SHP004198,Clothing,Packed Food,3,48617.58,Yes
ITEM004199,SHP004199,Household,Home Item,3,11516.72,No
ITEM004200,SHP004200,Food,Gadget,2,11580.35,No
ITEM004201,SHP004201,Clothing,Business Document,5,46040.09,Yes
ITEM004202,SHP004202,Food,Packed Food,2,14404.05,No
ITEM004203,SHP004203,Household,Gadget,5,18321.73,No
ITEM004204,SHP004204,Accessories,Gadget,5,42694.31,No
ITEM004205,SHP004205,Food,Gadget,2,42904.06,No
ITEM004206,SHP004206,Household,Mobile Accessory,1,4357.27,Yes
ITEM004207,SHP004207,Documents,Home Item,1,16127.59,No
ITEM004208,SHP004208,Electronics,Home Item,3,12211.25,No
ITEM004209,SHP004209,Documents,Book,1,44929.87,Yes
ITEM004210,SHP004210,Household,Business Document,4,14952.18,No
ITEM004211,SHP004211,Household,Gadget,3,12030.07,No
ITEM004212,SHP004212,Documents,Book,2,14846.15,No
ITEM004213,SHP004213,Accessories,Business Document,5,43815.82,No
ITEM004214,SHP004214,Accessories,Packed Food,2,9689.75,Yes
ITEM004215,SHP004215,Accessories,Business Document,1,9389.79,No
ITEM004216,SHP004216,Food,Book,5,41924.23,No
ITEM004217,SHP004217,Books,T-Shirt,3,8762.42,Yes
ITEM004218,SHP004218,Household,Mobile Accessory,3,25236.3,No
ITEM004219,SHP004219,Electronics,Book,2,24274.04,No
ITEM004220,SHP004220,Food,Packed Food,3,745.95,No
ITEM004221,SHP004221,Documents,Business Document,1,30495.17,No
ITEM004222,SHP004222,Clothing,T-Shirt,1,33654.51,No
ITEM004223,SHP004223,Accessories,Gadget,2,10267.76,No
ITEM004224,SHP004224,Food,Business Document,4,28959.01,No
ITEM004225,SHP004225,Household,T-Shirt,5,7374.34,No
ITEM004226,SHP004226,Accessories,Business Document,2,37090.97,No
ITEM004227,SHP004227,Food,Packed Food,5,26877.83,No
ITEM004228,SHP004228,Food,Gadget,3,20664.89,No
ITEM004229,SHP004229,Accessories,Packed Food,3,48083.63,Yes
ITEM004230,SHP004230,Accessories,Home Item,4,47667.57,No
ITEM004231,SHP004231,Household,Book,4,2095.51,No
ITEM004232,SHP004232,Household,Book,1,15065.85,Yes
ITEM004233,SHP004233,Documents,Business Document,3,12162.47,Yes
ITEM004234,SHP004234,Clothing,Gadget,3,47667.44,No
ITEM004235,SHP004235,Electronics,T-Shirt,2,9361.84,No
ITEM004236,SHP004236,Accessories,Business Document,5,2925.2,No
ITEM004237,SHP004237,Household,Book,3,10256.17,Yes
ITEM004238,SHP004238,Clothing,Book,2,37664.91,No
ITEM004239,SHP004239,Electronics,Business Document,1,25798.59,No
ITEM004240,SHP004240,Documents,Home Item,3,48370.56,No
ITEM004241,SHP004241,Food,Home Item,1,40624.89,Yes
ITEM004242,SHP004242,Electronics,Mobile Accessory,1,10018.07,No
ITEM004243,SHP004243,Food,Book,1,19007.54,Yes
ITEM004244,SHP004244,Household,Business Document,5,40787.96,No
ITEM004245,SHP004245,Food,T-Shirt,5,36850.49,No
ITEM004246,SHP004246,Clothing,Business Document,4,16652.46,Yes
ITEM004247,SHP004247,Documents,Business Document,2,29572.39,No
ITEM004248,SHP004248,Food,Gadget,1,29309.7,No
ITEM004249,SHP004249,Documents,Mobile Accessory,2,43954.76,No
ITEM004250,SHP004250,Food,T-Shirt,3,1248.06,No
ITEM004251,SHP004251,Food,Packed Food,2,13094.38,No
ITEM004252,SHP004252,Documents,Packed Food,3,35617.26,Yes
ITEM004253,SHP004253,Household,Packed Food,5,32447.16,No
ITEM004254,SHP004254,Clothing,Book,2,17204.96,No
ITEM004255,SHP004255,Documents,Mobile Accessory,3,42983.03,No
ITEM004256,SHP004256,Clothing,T-Shirt,4,36803.53,Yes
ITEM004257,SHP004257,Clothing,Business Document,1,30030.57,No
ITEM004258,SHP004258,Household,Home Item,5,12423.66,No
ITEM004259,SHP004259,Household,Gadget,2,15033.18,No
ITEM004260,SHP004260,Electronics,Book,5,32376.48,No
ITEM004261,SHP004261,Accessories,Mobile Accessory,1,48255.63,Yes
ITEM004262,SHP004262,Documents,Business Document,4,42700.32,No
ITEM004263,SHP004263,Clothing,Gadget,4,10608.13,No
ITEM004264,SHP004264,Household,Mobile Accessory,2,37443.03,Yes
ITEM004265,SHP004265,Household,Home Item,2,46851.27,No
ITEM004266,SHP004266,Food,Gadget,5,5099.89,Yes
ITEM004267,SHP004267,Documents,Home Item,4,34058.78,No
ITEM004268,SHP004268,Documents,T-Shirt,1,4422.46,No
ITEM004269,SHP004269,Clothing,T-Shirt,3,433.98,Yes
ITEM004270,SHP004270,Books,Gadget,3,48775.36,No
ITEM004271,SHP004271,Electronics,Home Item,3,10627.18,No
ITEM004272,SHP004272,Clothing,Gadget,1,40012.32,No
ITEM004273,SHP004273,Household,Business Document,3,27995.16,Yes
ITEM004274,SHP004274,Electronics,Home Item,5,31566.94,No
ITEM004275,SHP004275,Household,T-Shirt,3,7744.78,No
ITEM004276,SHP004276,Accessories,T-Shirt,1,37899.26,No
ITEM004277,SHP004277,Household,Mobile Accessory,4,17051.99,Yes
ITEM004278,SHP004278,Books,Home Item,3,30240.66,No
ITEM004279,SHP004279,Electronics,Home Item,3,20057.97,Yes
ITEM004280,SHP004280,Accessories,T-Shirt,3,9129.79,Yes
ITEM004281,SHP004281,Electronics,Business Document,3,6956.01,No
ITEM004282,SHP004282,Household,Book,4,19764.07,Yes
ITEM004283,SHP004283,Books,Packed Food,5,568.47,No
ITEM004284,SHP004284,Books,Home Item,4,48202.28,Yes
ITEM004285,SHP004285,Food,Packed Food,3,14473.97,No
ITEM004286,SHP004286,Electronics,Mobile Accessory,3,33840.96,No
ITEM004287,SHP004287,Books,Packed Food,1,28697.63,No
ITEM004288,SHP004288,Food,T-Shirt,4,36594.87,No
ITEM004289,SHP004289,Books,Gadget,2,41467.1,No
ITEM004290,SHP004290,Documents,Book,1,43842.46,No
ITEM004291,SHP004291,Documents,Business Document,3,33589.32,Yes
ITEM004292,SHP004292,Household,Business Document,5,19525.26,No
ITEM004293,SHP004293,Household,Home Item,1,24798.05,No
ITEM004294,SHP004294,Accessories,Packed Food,1,18465.31,Yes
ITEM004295,SHP004295,Household,Business Document,4,47527.87,No
ITEM004296,SHP004296,Household,Packed Food,1,16155.72,No
ITEM004297,SHP004297,Books,T-Shirt,1,13383.75,No
ITEM004298,SHP004298,Clothing,Gadget,2,27521.6,No
ITEM004299,SHP004299,Books,Book,2,4948.05,No
ITEM004300,SHP004300,Books,Gadget,5,44247.99,Yes
ITEM004301,SHP004301,Food,Business Document,5,49294.41,No
ITEM004302,SHP004302,Clothing,T-Shirt,4,17550.31,No
ITEM004303,SHP004303,Clothing,T-Shirt,3,5970.55,No
ITEM004304,SHP004304,Documents,Book,4,14018.01,No
ITEM004305,SHP004305,Clothing,Packed Food,4,21058.94,Yes
ITEM004306,SHP004306,Accessories,T-Shirt,1,41965.22,No
ITEM004307,SHP004307,Clothing,T-Shirt,5,48391.47,No
ITEM004308,SHP004308,Books,Book,1,36041.18,No
ITEM004309,SHP004309,Clothing,Business Document,3,46637.09,No
ITEM004310,SHP004310,Household,Business Document,5,9211.6,Yes
ITEM004311,SHP004311,Clothing,Home Item,4,46468.53,No
ITEM004312,SHP004312,Food,Book,2,29023.63,No
ITEM004313,SHP004313,Electronics,Mobile Accessory,5,22559.46,Yes
ITEM004314,SHP004314,Food,Business Document,1,22801.59,Yes
ITEM004315,SHP004315,Accessories,Home Item,1,47656.63,No
ITEM004316,SHP004316,Food,Home Item,2,18398.23,No
ITEM004317,SHP004317,Books,T-Shirt,2,7941.57,No
ITEM004318,SHP004318,Household,Home Item,4,29676.55,No
ITEM004319,SHP004319,Electronics,Home Item,5,5724.49,No
ITEM004320,SHP004320,Books,Book,1,35674.98,No
ITEM004321,SHP004321,Documents,Book,4,238.06,No
ITEM004322,SHP004322,Electronics,Mobile Accessory,1,20540.6,No
ITEM004323,SHP004323,Documents,Book,1,40029.34,No
ITEM004324,SHP004324,Clothing,Packed Food,4,20569.64,Yes
ITEM004325,SHP004325,Clothing,Business Document,3,38329.45,No
ITEM004326,SHP004326,Food,Mobile Accessory,2,35243.17,No
ITEM004327,SHP004327,Clothing,Gadget,3,33554.21,No
ITEM004328,SHP004328,Household,Business Document,2,20814.48,No
ITEM004329,SHP004329,Documents,Gadget,5,45937.0,No
ITEM004330,SHP004330,Documents,Book,5,18132.32,No
ITEM004331,SHP004331,Electronics,Home Item,3,19201.0,No
ITEM004332,SHP004332,Accessories,Business Document,2,34935.41,Yes
ITEM004333,SHP004333,Electronics,Gadget,4,37370.12,Yes
ITEM004334,SHP004334,Clothing,Home Item,3,15869.37,No
ITEM004335,SHP004335,Books,Home Item,4,39851.85,No
ITEM004336,SHP004336,Household,Home Item,2,41377.25,No
ITEM004337,SHP004337,Books,Book,2,2462.25,No
ITEM004338,SHP004338,Books,Book,2,23586.97,Yes
ITEM004339,SHP004339,Books,Book,5,33048.04,No
ITEM004340,SHP004340,Books,Business Document,4,12678.17,No
ITEM004341,SHP004341,Clothing,Packed Food,1,33176.16,Yes
ITEM004342,SHP004342,Documents,Book,4,9014.72,No
ITEM004343,SHP004343,Food,Gadget,2,715.45,No
ITEM004344,SHP004344,Electronics,Packed Food,2,29128.04,No
ITEM004345,SHP004345,Documents,Gadget,3,3524.38,No
ITEM004346,SHP004346,Food,Mobile Accessory,5,22701.22,No
ITEM004347,SHP004347,Electronics,T-Shirt,2,21817.8,No
ITEM004348,SHP004348,Clothing,Business Document,4,47614.49,No
ITEM004349,SHP004349,Household,Packed Food,5,6211.51,No
ITEM004350,SHP004350,Food,Packed Food,2,25126.95,No
ITEM004351,SHP004351,Books,Gadget,2,39321.77,No
ITEM004352,SHP004352,Electronics,Gadget,2,5464.57,No
ITEM004353,SHP004353,Books,Gadget,1,32137.85,Yes
ITEM004354,SHP004354,Household,Home Item,5,47966.01,Yes
ITEM004355,SHP004355,Documents,Mobile Accessory,3,940.86,No
ITEM004356,SHP004356,Clothing,Gadget,5,23498.48,No
ITEM004357,SHP004357,Household,Business Document,4,42775.66,No
ITEM004358,SHP004358,Household,Packed Food,1,9306.97,No
ITEM004359,SHP004359,Books,Mobile Accessory,2,30798.51,Yes
ITEM004360,SHP004360,Books,Packed Food,2,28352.71,No
ITEM004361,SHP004361,Electronics,Business Document,5,34508.8,No
ITEM004362,SHP004362,Books,T-Shirt,5,36491.55,No
ITEM004363,SHP004363,Documents,Business Document,5,29953.33,Yes
ITEM004364,SHP004364,Accessories,Packed Food,3,38531.81,No
ITEM004365,SHP004365,Books,Book,2,11621.01,No
ITEM004366,SHP004366,Household,Home Item,3,43706.71,No
ITEM004367,SHP004367,Accessories,Book,1,45622.58,Yes
ITEM004368,SHP004368,Documents,Gadget,3,11547.09,Yes
ITEM004369,SHP004369,Clothing,Mobile Accessory,1,49509.66,No
ITEM004370,SHP004370,Accessories,Packed Food,4,39328.42,No
ITEM004371,SHP004371,Clothing,Business Document,1,5189.8,No
ITEM004372,SHP004372,Books,Gadget,4,19457.4,No
ITEM004373,SHP004373,Electronics,Mobile Accessory,5,573.28,No
ITEM004374,SHP004374,Clothing,Business Document,4,22722.28,No
ITEM004375,SHP004375,Books,T-Shirt,4,34458.83,No
ITEM004376,SHP004376,Accessories,Home Item,1,18278.39,Yes
ITEM004377,SHP004377,Clothing,Packed Food,3,8144.34,No
ITEM004378,SHP004378,Clothing,Book,4,47890.3,No
ITEM004379,SHP004379,Household,Book,5,7805.66,No
ITEM004380,SHP004380,Clothing,Mobile Accessory,5,48640.79,No
ITEM004381,SHP004381,Food,Home Item,4,33547.53,No
ITEM004382,SHP004382,Books,T-Shirt,3,7042.62,No
ITEM004383,SHP004383,Documents,Book,4,42095.78,No
ITEM004384,SHP004384,Books,Home Item,3,43910.74,No
ITEM004385,SHP004385,Clothing,Business Document,4,7633.43,Yes
ITEM004386,SHP004386,Clothing,Gadget,2,29195.02,No
ITEM004387,SHP004387,Books,Gadget,1,44252.66,No
ITEM004388,SHP004388,Food,Home Item,5,38674.2,No
ITEM004389,SHP004389,Clothing,Mobile Accessory,2,10487.68,No
ITEM004390,SHP004390,Electronics,Business Document,1,5024.24,No
ITEM004391,SHP004391,Accessories,Packed Food,3,29167.82,No
ITEM004392,SHP004392,Clothing,Home Item,2,24190.29,No
ITEM004393,SHP004393,Electronics,Mobile Accessory,1,48453.94,No
ITEM004394,SHP004394,Books,Book,4,21661.26,No
ITEM004395,SHP004395,Food,T-Shirt,1,7363.63,No
ITEM004396,SHP004396,Food,Home Item,3,19095.63,No
ITEM004397,SHP004397,Electronics,Book,5,2608.34,No
ITEM004398,SHP004398,Clothing,Mobile Accessory,3,23706.22,Yes
ITEM004399,SHP004399,Clothing,Home Item,3,49457.55,No
ITEM004400,SHP004400,Food,Book,4,34906.86,No
ITEM004401,SHP004401,Electronics,Business Document,2,19259.88,No
ITEM004402,SHP004402,Food,Gadget,2,45296.54,No
ITEM004403,SHP004403,Electronics,T-Shirt,2,15043.76,No
ITEM004404,SHP004404,Clothing,Business Document,4,25545.25,No
ITEM004405,SHP004405,Household,Home Item,4,41099.48,No
ITEM004406,SHP004406,Food,Business Document,4,34920.25,No
ITEM004407,SHP004407,Electronics,Book,1,2735.88,Yes
ITEM004408,SHP004408,Household,Gadget,1,44543.21,No
ITEM004409,SHP004409,Electronics,T-Shirt,4,31421.57,Yes
ITEM004410,SHP004410,Books,T-Shirt,5,49384.91,No
ITEM004411,SHP004411,Accessories,Home Item,1,45352.43,No
ITEM004412,SHP004412,Electronics,Gadget,2,23315.33,No
ITEM004413,SHP004413,Electronics,Mobile Accessory,2,38324.48,No
ITEM004414,SHP004414,Documents,Business Document,2,37723.8,Yes
ITEM004415,SHP004415,Food,T-Shirt,2,2090.79,No
ITEM004416,SHP004416,Food,T-Shirt,1,26375.43,No
ITEM004417,SHP004417,Clothing,Gadget,1,21820.23,No
ITEM004418,SHP004418,Household,Book,4,12405.19,No
ITEM004419,SHP004419,Documents,Book,3,2881.93,No
ITEM004420,SHP004420,Household,Business Document,4,30971.27,No
ITEM004421,SHP004421,Electronics,Business Document,5,21270.99,No
ITEM004422,SHP004422,Electronics,Home Item,1,1306.21,No
ITEM004423,SHP004423,Documents,T-Shirt,5,49136.37,No
ITEM004424,SHP004424,Clothing,Gadget,2,49767.99,No
ITEM004425,SHP004425,Clothing,Business Document,4,45882.41,No
ITEM004426,SHP004426,Accessories,T-Shirt,2,15594.86,No
ITEM004427,SHP004427,Accessories,Mobile Accessory,3,34346.27,No
ITEM004428,SHP004428,Household,Book,5,40109.14,No
ITEM004429,SHP004429,Accessories,Business Document,1,8014.48,No
ITEM004430,SHP004430,Clothing,Home Item,5,24316.91,No
ITEM004431,SHP004431,Electronics,Business Document,2,36937.93,No
ITEM004432,SHP004432,Clothing,Packed Food,3,15049.14,No
ITEM004433,SHP004433,Clothing,Packed Food,1,5075.04,No
ITEM004434,SHP004434,Clothing,Home Item,4,27603.86,Yes
ITEM004435,SHP004435,Household,Home Item,2,20660.12,No
ITEM004436,SHP004436,Electronics,T-Shirt,1,22684.14,Yes
ITEM004437,SHP004437,Electronics,Business Document,4,41418.84,No
ITEM004438,SHP004438,Electronics,Business Document,2,20414.3,No
ITEM004439,SHP004439,Household,T-Shirt,2,29267.06,No
ITEM004440,SHP004440,Documents,Packed Food,1,43956.42,No
ITEM004441,SHP004441,Books,Mobile Accessory,5,32312.16,No
ITEM004442,SHP004442,Accessories,T-Shirt,1,36652.48,No
ITEM004443,SHP004443,Clothing,T-Shirt,3,32254.32,No
ITEM004444,SHP004444,Books,Mobile Accessory,3,19330.45,Yes
ITEM004445,SHP004445,Accessories,Mobile Accessory,4,5732.73,Yes
ITEM004446,SHP004446,Accessories,Book,4,19386.9,No
ITEM004447,SHP004447,Clothing,Business Document,4,30408.38,No
ITEM004448,SHP004448,Documents,Packed Food,5,1632.0,Yes
ITEM004449,SHP004449,Books,Gadget,2,40420.07,No
ITEM004450,SHP004450,Documents,Packed Food,1,44425.81,Yes
ITEM004451,SHP004451,Electronics,Book,2,1763.77,No
ITEM004452,SHP004452,Accessories,Business Document,4,27886.21,Yes
ITEM004453,SHP004453,Documents,Gadget,2,47178.38,No
ITEM004454,SHP004454,Electronics,T-Shirt,2,23668.68,Yes
ITEM004455,SHP004455,Accessories,Business Document,3,43746.56,Yes
ITEM004456,SHP004456,Books,Gadget,1,9951.43,No
ITEM004457,SHP004457,Electronics,Book,2,4411.48,No
ITEM004458,SHP004458,Electronics,Gadget,2,42497.0,No
ITEM004459,SHP004459,Clothing,Gadget,5,23739.9,No
ITEM004460,SHP004460,Accessories,Mobile Accessory,3,16949.8,Yes
ITEM004461,SHP004461,Accessories,Home Item,4,27591.3,No
ITEM004462,SHP004462,Clothing,Book,5,36658.58,No
ITEM004463,SHP004463,Electronics,Book,3,24349.18,No
ITEM004464,SHP004464,Accessories,Mobile Accessory,1,17548.0,Yes
ITEM004465,SHP004465,Books,T-Shirt,5,45050.42,No
ITEM004466,SHP004466,Household,Packed Food,5,31183.59,No
ITEM004467,SHP004467,Books,Book,5,30921.98,No
ITEM004468,SHP004468,Accessories,T-Shirt,1,29785.11,No
ITEM004469,SHP004469,Household,Business Document,2,17786.83,No
ITEM004470,SHP004470,Household,T-Shirt,4,47748.1,No
ITEM004471,SHP004471,Documents,Home Item,2,47487.65,No
ITEM004472,SHP004472,Accessories,Business Document,4,35458.86,No
ITEM004473,SHP004473,Food,Business Document,3,19964.21,No
ITEM004474,SHP004474,Electronics,Gadget,5,14327.38,Yes
ITEM004475,SHP004475,Clothing,Packed Food,1,48305.28,No
ITEM004476,SHP004476,Accessories,Packed Food,5,19177.06,No
ITEM004477,SHP004477,Books,Book,4,17117.67,No
ITEM004478,SHP004478,Books,Business Document,5,47293.22,No
ITEM004479,SHP004479,Household,Home Item,5,13643.33,No
ITEM004480,SHP004480,Books,Home Item,1,14528.88,Yes
ITEM004481,SHP004481,Books,Book,5,20266.97,No
ITEM004482,SHP004482,Books,Gadget,1,47339.84,Yes
ITEM004483,SHP004483,Documents,Mobile Accessory,5,8255.71,Yes
ITEM004484,SHP004484,Food,Gadget,2,30905.18,No
ITEM004485,SHP004485,Electronics,Mobile Accessory,3,31607.82,No
ITEM004486,SHP004486,Food,Business Document,5,36523.95,Yes
ITEM004487,SHP004487,Electronics,Business Document,3,13834.97,No
ITEM004488,SHP004488,Books,Mobile Accessory,1,15110.78,No
ITEM004489,SHP004489,Documents,Home Item,5,12393.91,No
ITEM004490,SHP004490,Clothing,Business Document,4,24424.6,Yes
ITEM004491,SHP004491,Books,Packed Food,4,22035.65,No
ITEM004492,SHP004492,Food,Mobile Accessory,4,31674.87,No
ITEM004493,SHP004493,Electronics,Home Item,3,35679.28,Yes
ITEM004494,SHP004494,Books,Business Document,2,40601.94,No
ITEM004495,SHP004495,Clothing,Book,2,22691.63,No
ITEM004496,SHP004496,Accessories,Business Document,5,31141.45,No
ITEM004497,SHP004497,Books,Mobile Accessory,2,11261.37,No
ITEM004498,SHP004498,Food,Mobile Accessory,5,34772.39,Yes
ITEM004499,SHP004499,Documents,Gadget,5,49229.16,Yes
ITEM004500,SHP004500,Food,Home Item,1,41640.41,No
ITEM004501,SHP004501,Clothing,Home Item,3,18754.5,Yes
ITEM004502,SHP004502,Electronics,Home Item,5,24383.84,No
ITEM004503,SHP004503,Electronics,Mobile Accessory,4,6440.71,No
ITEM004504,SHP004504,Clothing,Business Document,1,24670.5,No
ITEM004505,SHP004505,Household,Gadget,1,24087.67,Yes
ITEM004506,SHP004506,Documents,T-Shirt,1,21760.04,No
ITEM004507,SHP004507,Accessories,Mobile Accessory,2,20529.78,Yes
ITEM004508,SHP004508,Accessories,Home Item,2,777.17,No
ITEM004509,SHP004509,Electronics,Gadget,5,5445.59,No
ITEM004510,SHP004510,Books,Home Item,3,11135.0,Yes
ITEM004511,SHP004511,Accessories,Packed Food,3,19520.8,No
ITEM004512,SHP004512,Books,T-Shirt,5,32174.66,No
ITEM004513,SHP004513,Household,Business Document,5,5486.45,No
ITEM004514,SHP004514,Electronics,Business Document,5,39357.97,Yes
ITEM004515,SHP004515,Clothing,Business Document,3,22844.95,No
ITEM004516,SHP004516,Accessories,Business Document,2,5673.8,Yes
ITEM004517,SHP004517,Clothing,Packed Food,4,36485.44,No
ITEM004518,SHP004518,Food,Gadget,1,274.72,Yes
ITEM004519,SHP004519,Books,Mobile Accessory,4,42373.9,No
ITEM004520,SHP004520,Electronics,Book,4,44409.91,No
ITEM004521,SHP004521,Books,Packed Food,5,32617.83,Yes
ITEM004522,SHP004522,Documents,T-Shirt,3,42264.15,Yes
ITEM004523,SHP004523,Clothing,T-Shirt,4,18521.16,No
ITEM004524,SHP004524,Documents,Book,3,45392.0,Yes
ITEM004525,SHP004525,Accessories,Gadget,5,6976.25,No
ITEM004526,SHP004526,Accessories,Book,4,21488.06,No
ITEM004527,SHP004527,Clothing,Business Document,4,18981.31,No
ITEM004528,SHP004528,Clothing,Packed Food,1,42842.3,Yes
ITEM004529,SHP004529,Documents,Home Item,5,2415.43,No
ITEM004530,SHP004530,Books,Home Item,3,23861.22,No
ITEM004531,SHP004531,Books,Packed Food,5,28113.95,No
ITEM004532,SHP004532,Food,Business Document,5,31229.22,No
ITEM004533,SHP004533,Accessories,Packed Food,4,15230.48,No
ITEM004534,SHP004534,Electronics,Home Item,2,47737.61,No
ITEM004535,SHP004535,Documents,Business Document,5,45921.56,Yes
ITEM004536,SHP004536,Books,Gadget,1,23527.69,No
ITEM004537,SHP004537,Documents,Gadget,4,43584.71,No
ITEM004538,SHP004538,Electronics,Packed Food,3,19607.84,Yes
ITEM004539,SHP004539,Accessories,Home Item,4,5045.86,Yes
ITEM004540,SHP004540,Documents,Gadget,5,8692.85,Yes
ITEM004541,SHP004541,Household,Book,4,38797.05,Yes
ITEM004542,SHP004542,Accessories,Home Item,4,13362.09,Yes
ITEM004543,SHP004543,Household,Business Document,2,43012.83,No
ITEM004544,SHP004544,Accessories,Gadget,2,45013.81,Yes
ITEM004545,SHP004545,Books,T-Shirt,2,10996.73,Yes
ITEM004546,SHP004546,Electronics,Mobile Accessory,4,599.95,No
ITEM004547,SHP004547,Household,Packed Food,2,20340.47,No
ITEM004548,SHP004548,Books,Home Item,5,595.8,No
ITEM004549,SHP004549,Books,T-Shirt,1,12627.16,No
ITEM004550,SHP004550,Accessories,T-Shirt,4,25153.77,Yes
ITEM004551,SHP004551,Clothing,Mobile Accessory,2,22843.86,Yes
ITEM004552,SHP004552,Food,Business Document,1,31865.62,Yes
ITEM004553,SHP004553,Household,Business Document,5,1625.48,No
ITEM004554,SHP004554,Books,Mobile Accessory,4,23764.5,No
ITEM004555,SHP004555,Food,T-Shirt,1,20953.8,No
ITEM004556,SHP004556,Clothing,Gadget,5,12241.55,No
ITEM004557,SHP004557,Books,Home Item,1,34431.18,Yes
ITEM004558,SHP004558,Household,T-Shirt,4,16441.25,Yes
ITEM004559,SHP004559,Documents,Packed Food,1,24882.93,Yes
ITEM004560,SHP004560,Food,Home Item,1,9818.44,No
ITEM004561,SHP004561,Household,Packed Food,1,9125.31,Yes
ITEM004562,SHP004562,Books,Home Item,4,28574.93,No
ITEM004563,SHP004563,Electronics,Home Item,1,4677.51,No
ITEM004564,SHP004564,Documents,Mobile Accessory,1,46314.91,No
ITEM004565,SHP004565,Household,Mobile Accessory,1,48696.61,No
ITEM004566,SHP004566,Household,Packed Food,2,6974.99,Yes
ITEM004567,SHP004567,Accessories,Business Document,1,8876.66,No
ITEM004568,SHP004568,Documents,Mobile Accessory,2,25853.82,No
ITEM004569,SHP004569,Electronics,Business Document,1,13775.91,Yes
ITEM004570,SHP004570,Food,Gadget,5,13182.85,No
ITEM004571,SHP004571,Documents,Book,2,34087.39,No
ITEM004572,SHP004572,Documents,Book,1,38766.88,No
ITEM004573,SHP004573,Food,Packed Food,1,24621.21,No
ITEM004574,SHP004574,Books,Business Document,4,13017.97,Yes
ITEM004575,SHP004575,Clothing,Business Document,2,45030.58,No
ITEM004576,SHP004576,Electronics,T-Shirt,2,35178.59,No
ITEM004577,SHP004577,Household,Gadget,5,33401.45,No
ITEM004578,SHP004578,Accessories,Business Document,4,31582.85,Yes
ITEM004579,SHP004579,Documents,T-Shirt,4,44470.42,No
ITEM004580,SHP004580,Food,Business Document,4,9152.47,Yes
ITEM004581,SHP004581,Books,T-Shirt,1,30209.65,No
ITEM004582,SHP004582,Books,Gadget,5,25435.49,No
ITEM004583,SHP004583,Electronics,Business Document,1,25001.43,Yes
ITEM004584,SHP004584,Books,Packed Food,3,6358.29,No
ITEM004585,SHP004585,Clothing,Business Document,5,8978.2,No
ITEM004586,SHP004586,Accessories,Gadget,4,27273.04,Yes
ITEM004587,SHP004587,Household,T-Shirt,1,13317.86,No
ITEM004588,SHP004588,Books,Mobile Accessory,2,47316.25,Yes
ITEM004589,SHP004589,Accessories,Gadget,2,9985.14,No
ITEM004590,SHP004590,Books,Mobile Accessory,5,27705.96,No
ITEM004591,SHP004591,Electronics,Mobile Accessory,4,21141.8,No
ITEM004592,SHP004592,Documents,T-Shirt,2,28148.54,No
ITEM004593,SHP004593,Electronics,T-Shirt,4,24175.83,No
ITEM004594,SHP004594,Electronics,Home Item,5,12927.55,No
ITEM004595,SHP004595,Books,Home Item,5,47453.9,Yes
ITEM004596,SHP004596,Electronics,T-Shirt,4,6400.22,No
ITEM004597,SHP004597,Clothing,Gadget,2,5365.44,No
ITEM004598,SHP004598,Accessories,Mobile Accessory,2,47503.89,Yes
ITEM004599,SHP004599,Clothing,Book,1,21422.42,No
ITEM004600,SHP004600,Books,Gadget,5,22268.35,No
ITEM004601,SHP004601,Clothing,Home Item,1,11820.12,No
ITEM004602,SHP004602,Accessories,Book,1,26179.86,No
ITEM004603,SHP004603,Clothing,Packed Food,2,11534.34,No
ITEM004604,SHP004604,Clothing,Gadget,3,47489.6,No
ITEM004605,SHP004605,Household,Mobile Accessory,3,5174.21,No
ITEM004606,SHP004606,Accessories,Home Item,1,17975.29,Yes
ITEM004607,SHP004607,Documents,T-Shirt,4,25619.5,No
ITEM004608,SHP004608,Books,Mobile Accessory,5,43388.63,Yes
ITEM004609,SHP004609,Clothing,T-Shirt,4,1952.67,Yes
ITEM004610,SHP004610,Food,Gadget,3,27989.33,Yes
ITEM004611,SHP004611,Electronics,Mobile Accessory,5,6699.34,No
ITEM004612,SHP004612,Clothing,Business Document,5,4893.77,No
ITEM004613,SHP004613,Clothing,Home Item,4,47113.71,No
ITEM004614,SHP004614,Clothing,Business Document,1,1645.71,Yes
ITEM004615,SHP004615,Books,Book,5,13362.61,No
ITEM004616,SHP004616,Clothing,T-Shirt,4,46958.0,No
ITEM004617,SHP004617,Electronics,Business Document,5,18870.01,No
ITEM004618,SHP004618,Accessories,T-Shirt,5,18521.5,No
ITEM004619,SHP004619,Food,Home Item,1,15604.25,Yes
ITEM004620,SHP004620,Clothing,Home Item,5,12707.92,No
ITEM004621,SHP004621,Electronics,Mobile Accessory,1,9612.77,No
ITEM004622,SHP004622,Documents,T-Shirt,2,12147.19,No
ITEM004623,SHP004623,Accessories,Book,2,1797.68,No
ITEM004624,SHP004624,Documents,Gadget,5,17828.63,No
ITEM004625,SHP004625,Accessories,Mobile Accessory,4,2651.99,No
ITEM004626,SHP004626,Electronics,Packed Food,4,30969.57,No
ITEM004627,SHP004627,Food,Book,3,39835.57,No
ITEM004628,SHP004628,Food,Gadget,3,7963.09,Yes
ITEM004629,SHP004629,Household,Mobile Accessory,3,40209.91,No
ITEM004630,SHP004630,Documents,Gadget,4,2846.58,No
ITEM004631,SHP004631,Electronics,Packed Food,5,21409.07,Yes
ITEM004632,SHP004632,Electronics,Mobile Accessory,4,42233.64,No
ITEM004633,SHP004633,Books,Book,5,35273.24,Yes
ITEM004634,SHP004634,Documents,Gadget,1,19982.74,No
ITEM004635,SHP004635,Documents,Business Document,4,35653.87,Yes
ITEM004636,SHP004636,Books,Mobile Accessory,4,4600.14,No
ITEM004637,SHP004637,Household,Gadget,3,9663.16,Yes
ITEM004638,SHP004638,Food,Book,4,38002.57,Yes
ITEM004639,SHP004639,Clothing,Packed Food,2,24185.82,No
ITEM004640,SHP004640,Accessories,Packed Food,3,16480.12,Yes
ITEM004641,SHP004641,Accessories,T-Shirt,1,4496.31,No
ITEM004642,SHP004642,Clothing,T-Shirt,1,19584.95,No
ITEM004643,SHP004643,Accessories,Business Document,1,15541.52,No
ITEM004644,SHP004644,Accessories,Gadget,4,6841.71,Yes
ITEM004645,SHP004645,Clothing,Packed Food,2,25881.45,No
ITEM004646,SHP004646,Books,Gadget,3,7660.08,No
ITEM004647,SHP004647,Documents,Packed Food,3,44495.09,No
ITEM004648,SHP004648,Clothing,Packed Food,3,49745.02,No
ITEM004649,SHP004649,Documents,Home Item,2,7914.19,No
ITEM004650,SHP004650,Accessories,Packed Food,3,6796.11,No
ITEM004651,SHP004651,Food,Packed Food,4,24249.54,No
ITEM004652,SHP004652,Accessories,Business Document,1,48940.14,Yes
ITEM004653,SHP004653,Clothing,Gadget,2,22432.69,Yes
ITEM004654,SHP004654,Books,Book,5,20430.78,No
ITEM004655,SHP004655,Clothing,Gadget,2,47773.59,No
ITEM004656,SHP004656,Household,Mobile Accessory,2,22793.62,No
ITEM004657,SHP004657,Household,Packed Food,2,39947.13,Yes
ITEM004658,SHP004658,Accessories,Home Item,5,21928.88,No
ITEM004659,SHP004659,Household,Mobile Accessory,4,35097.07,No
ITEM004660,SHP004660,Books,Gadget,2,46004.16,No
ITEM004661,SHP004661,Books,Mobile Accessory,2,32521.56,Yes
ITEM004662,SHP004662,Clothing,T-Shirt,4,48524.85,Yes
ITEM004663,SHP004663,Accessories,Book,3,36730.35,No
ITEM004664,SHP004664,Electronics,Mobile Accessory,4,3345.53,Yes
ITEM004665,SHP004665,Documents,Book,2,2163.18,Yes
ITEM004666,SHP004666,Clothing,Home Item,3,7367.7,No
ITEM004667,SHP004667,Books,Gadget,1,7342.02,No
ITEM004668,SHP004668,Clothing,Book,1,1587.49,No
ITEM004669,SHP004669,Books,Mobile Accessory,4,18848.04,Yes
ITEM004670,SHP004670,Household,Home Item,1,49635.84,No
ITEM004671,SHP004671,Household,Packed Food,4,29271.66,No
ITEM004672,SHP004672,Books,Gadget,4,37024.02,No
ITEM004673,SHP004673,Clothing,T-Shirt,3,22743.84,No
ITEM004674,SHP004674,Food,Home Item,3,8979.18,No
ITEM004675,SHP004675,Books,Packed Food,3,17689.95,Yes
ITEM004676,SHP004676,Electronics,Business Document,2,11313.52,Yes
ITEM004677,SHP004677,Accessories,Home Item,4,27684.25,Yes
ITEM004678,SHP004678,Documents,Mobile Accessory,4,23467.58,No
ITEM004679,SHP004679,Documents,T-Shirt,2,42689.09,No
ITEM004680,SHP004680,Clothing,Home Item,3,10736.73,No
ITEM004681,SHP004681,Books,T-Shirt,2,28735.84,No
ITEM004682,SHP004682,Electronics,Book,4,1236.44,No
ITEM004683,SHP004683,Clothing,Home Item,2,39980.18,No
ITEM004684,SHP004684,Household,Gadget,3,28083.78,No
ITEM004685,SHP004685,Food,T-Shirt,4,3386.79,No
ITEM004686,SHP004686,Books,Business Document,1,40823.88,No
ITEM004687,SHP004687,Books,Packed Food,3,3299.35,No
ITEM004688,SHP004688,Clothing,Home Item,4,21653.96,Yes
ITEM004689,SHP004689,Food,Mobile Accessory,3,43314.98,Yes
ITEM004690,SHP004690,Electronics,Mobile Accessory,5,3111.71,No
ITEM004691,SHP004691,Clothing,Book,2,12832.75,No
ITEM004692,SHP004692,Food,Mobile Accessory,5,15544.42,No
ITEM004693,SHP004693,Books,Mobile Accessory,1,27678.68,No
ITEM004694,SHP004694,Books,Home Item,2,24637.46,No
ITEM004695,SHP004695,Books,Mobile Accessory,4,42274.53,No
ITEM004696,SHP004696,Food,Packed Food,2,44849.9,No
ITEM004697,SHP004697,Household,Packed Food,3,17572.89,No
ITEM004698,SHP004698,Books,Business Document,4,45019.73,No
ITEM004699,SHP004699,Accessories,Book,4,19755.18,No
ITEM004700,SHP004700,Household,Gadget,5,39036.7,No
ITEM004701,SHP004701,Food,Mobile Accessory,2,29295.69,No
ITEM004702,SHP004702,Books,Packed Food,4,40727.07,No
ITEM004703,SHP004703,Documents,Book,1,30501.2,No
ITEM004704,SHP004704,Books,Packed Food,4,39874.48,Yes
ITEM004705,SHP004705,Accessories,Business Document,1,29117.94,No
ITEM004706,SHP004706,Clothing,Book,5,6038.74,Yes
ITEM004707,SHP004707,Household,Mobile Accessory,2,39484.95,No
ITEM004708,SHP004708,Food,Packed Food,5,34710.01,No
ITEM004709,SHP004709,Accessories,Mobile Accessory,1,38883.22,No
ITEM004710,SHP004710,Books,Mobile Accessory,4,5005.31,No
ITEM004711,SHP004711,Documents,Book,1,34548.86,No
ITEM004712,SHP004712,Food,Business Document,1,38800.23,No
ITEM004713,SHP004713,Documents,Home Item,3,18613.86,No
ITEM004714,SHP004714,Food,Business Document,5,47633.06,No
ITEM004715,SHP004715,Documents,Mobile Accessory,3,33940.71,No
ITEM004716,SHP004716,Documents,Business Document,4,3151.46,No
ITEM004717,SHP004717,Documents,Business Document,2,33464.79,No
ITEM004718,SHP004718,Food,Gadget,1,917.86,Yes
ITEM004719,SHP004719,Accessories,Mobile Accessory,5,8457.15,No
ITEM004720,SHP004720,Household,Home Item,2,19463.5,Yes
ITEM004721,SHP004721,Books,T-Shirt,3,16633.26,No
ITEM004722,SHP004722,Accessories,Book,3,36112.22,Yes
ITEM004723,SHP004723,Food,Gadget,4,15165.81,No
ITEM004724,SHP004724,Clothing,Mobile Accessory,4,38981.79,No
ITEM004725,SHP004725,Documents,T-Shirt,3,13882.11,No
ITEM004726,SHP004726,Documents,Gadget,2,27659.07,No
ITEM004727,SHP004727,Accessories,Mobile Accessory,2,31763.43,No
ITEM004728,SHP004728,Food,T-Shirt,5,46911.0,No
ITEM004729,SHP004729,Books,Home Item,1,1621.4,No
ITEM004730,SHP004730,Books,Mobile Accessory,4,15629.84,Yes
ITEM004731,SHP004731,Accessories,Home Item,4,10309.25,No
ITEM004732,SHP004732,Household,Gadget,1,34659.74,No
ITEM004733,SHP004733,Accessories,T-Shirt,5,23596.1,No
ITEM004734,SHP004734,Clothing,Business Document,2,26945.68,No
ITEM004735,SHP004735,Books,Packed Food,2,4180.72,No
ITEM004736,SHP004736,Accessories,Business Document,2,28223.46,Yes
ITEM004737,SHP004737,Food,Business Document,4,15190.34,No
ITEM004738,SHP004738,Household,Gadget,2,38745.22,Yes
ITEM004739,SHP004739,Electronics,Mobile Accessory,4,18277.48,Yes
ITEM004740,SHP004740,Household,T-Shirt,1,2039.67,Yes
ITEM004741,SHP004741,Food,Business Document,3,3415.45,No
ITEM004742,SHP004742,Electronics,Book,4,15458.59,No
ITEM004743,SHP004743,Documents,Mobile Accessory,1,16487.63,No
ITEM004744,SHP004744,Food,Mobile Accessory,5,34245.51,No
ITEM004745,SHP004745,Electronics,Gadget,5,14799.25,No
ITEM004746,SHP004746,Documents,Mobile Accessory,2,38441.81,Yes
ITEM004747,SHP004747,Electronics,T-Shirt,1,27785.18,No
ITEM004748,SHP004748,Books,Book,5,15368.31,Yes
ITEM004749,SHP004749,Documents,Packed Food,3,12956.66,No
ITEM004750,SHP004750,Documents,T-Shirt,1,16312.61,No
ITEM004751,SHP004751,Household,T-Shirt,1,15662.9,Yes
ITEM004752,SHP004752,Food,Business Document,4,29585.32,No
ITEM004753,SHP004753,Accessories,Gadget,1,39246.81,Yes
ITEM004754,SHP004754,Clothing,Mobile Accessory,5,11294.52,No
ITEM004755,SHP004755,Accessories,Home Item,3,39265.72,No
ITEM004756,SHP004756,Accessories,Packed Food,1,2018.07,Yes
ITEM004757,SHP004757,Electronics,Home Item,4,15903.05,No
ITEM004758,SHP004758,Clothing,Book,3,17477.48,No
ITEM004759,SHP004759,Books,Home Item,3,2372.93,No
ITEM004760,SHP004760,Food,T-Shirt,3,27110.22,No
ITEM004761,SHP004761,Food,Mobile Accessory,5,2864.32,No
ITEM004762,SHP004762,Accessories,T-Shirt,1,32645.77,Yes
ITEM004763,SHP004763,Documents,Packed Food,3,32801.77,Yes
ITEM004764,SHP004764,Household,Home Item,4,9155.46,No
ITEM004765,SHP004765,Books,Home Item,5,4195.25,No
ITEM004766,SHP004766,Household,Gadget,3,4541.31,Yes
ITEM004767,SHP004767,Accessories,Mobile Accessory,2,13484.37,Yes
ITEM004768,SHP004768,Food,Business Document,5,39289.03,No
ITEM004769,SHP004769,Food,Mobile Accessory,5,29111.5,No
ITEM004770,SHP004770,Food,Book,4,29655.85,No
ITEM004771,SHP004771,Documents,Gadget,2,24598.07,No
ITEM004772,SHP004772,Electronics,Gadget,5,30328.21,Yes
ITEM004773,SHP004773,Electronics,Mobile Accessory,5,47653.81,Yes
ITEM004774,SHP004774,Documents,Business Document,1,42881.86,Yes
ITEM004775,SHP004775,Clothing,Packed Food,1,1985.4,No
ITEM004776,SHP004776,Clothing,Book,2,19064.39,No
ITEM004777,SHP004777,Electronics,Packed Food,3,38443.41,No
ITEM004778,SHP004778,Household,Packed Food,2,48448.19,No
ITEM004779,SHP004779,Books,Business Document,1,9386.47,No
ITEM004780,SHP004780,Accessories,Gadget,2,31153.88,No
ITEM004781,SHP004781,Documents,Business Document,4,44921.04,Yes
ITEM004782,SHP004782,Household,Gadget,5,18881.81,No
ITEM004783,SHP004783,Books,Mobile Accessory,3,18742.71,No
ITEM004784,SHP004784,Electronics,Book,4,5290.18,No
ITEM004785,SHP004785,Household,Mobile Accessory,1,17219.16,Yes
ITEM004786,SHP004786,Books,Mobile Accessory,1,46785.22,No
ITEM004787,SHP004787,Clothing,Book,1,40671.67,No
ITEM004788,SHP004788,Household,Home Item,3,11842.0,Yes
ITEM004789,SHP004789,Accessories,Home Item,4,48092.56,Yes
ITEM004790,SHP004790,Accessories,Business Document,1,5433.35,Yes
ITEM004791,SHP004791,Clothing,Mobile Accessory,5,49664.19,Yes
ITEM004792,SHP004792,Electronics,Mobile Accessory,2,23192.06,No
ITEM004793,SHP004793,Documents,Gadget,3,11819.49,No
ITEM004794,SHP004794,Documents,Gadget,3,9795.93,Yes
ITEM004795,SHP004795,Household,Packed Food,2,36649.22,Yes
ITEM004796,SHP004796,Accessories,T-Shirt,1,30754.39,No
ITEM004797,SHP004797,Clothing,Home Item,3,48348.71,No
ITEM004798,SHP004798,Household,Home Item,5,46826.98,No
ITEM004799,SHP004799,Food,Gadget,2,41853.94,No
ITEM004800,SHP004800,Food,Book,4,13311.05,Yes
ITEM004801,SHP004801,Documents,Mobile Accessory,1,41101.88,No
ITEM004802,SHP004802,Electronics,Gadget,3,36571.63,No
ITEM004803,SHP004803,Accessories,Business Document,4,44805.38,No
ITEM004804,SHP004804,Electronics,Gadget,2,23321.95,Yes
ITEM004805,SHP004805,Documents,T-Shirt,2,11461.52,No
ITEM004806,SHP004806,Clothing,Business Document,3,42432.0,Yes
ITEM004807,SHP004807,Electronics,Mobile Accessory,5,30773.14,No
ITEM004808,SHP004808,Documents,Home Item,5,24178.39,No
ITEM004809,SHP004809,Electronics,Home Item,3,31378.27,No
ITEM004810,SHP004810,Accessories,Business Document,5,44919.0,No
ITEM004811,SHP004811,Documents,Business Document,1,6727.22,Yes
ITEM004812,SHP004812,Electronics,T-Shirt,1,10123.62,Yes
ITEM004813,SHP004813,Household,Packed Food,4,6206.24,No
ITEM004814,SHP004814,Documents,Book,3,29736.95,Yes
ITEM004815,SHP004815,Books,Mobile Accessory,3,8955.05,No
ITEM004816,SHP004816,Documents,Business Document,2,3623.18,No
ITEM004817,SHP004817,Clothing,Mobile Accessory,5,30172.19,No
ITEM004818,SHP004818,Books,Business Document,5,13559.77,No
ITEM004819,SHP004819,Documents,Packed Food,1,30477.49,No
ITEM004820,SHP004820,Documents,Packed Food,4,30379.13,No
ITEM004821,SHP004821,Books,Gadget,4,13839.71,No
ITEM004822,SHP004822,Electronics,Mobile Accessory,2,43411.14,Yes
ITEM004823,SHP004823,Books,Home Item,5,31065.12,Yes
ITEM004824,SHP004824,Electronics,Home Item,1,30491.16,No
ITEM004825,SHP004825,Electronics,Home Item,3,44147.51,No
ITEM004826,SHP004826,Books,Mobile Accessory,5,46492.97,No
ITEM004827,SHP004827,Clothing,Mobile Accessory,5,41112.37,No
ITEM004828,SHP004828,Electronics,Gadget,2,28845.68,No
ITEM004829,SHP004829,Documents,Home Item,4,26874.51,No
ITEM004830,SHP004830,Food,Mobile Accessory,2,16340.07,No
ITEM004831,SHP004831,Electronics,Packed Food,5,7311.05,No
ITEM004832,SHP004832,Food,Gadget,3,38543.33,No
ITEM004833,SHP004833,Books,Book,1,42605.34,Yes
ITEM004834,SHP004834,Accessories,Home Item,4,19452.57,No
ITEM004835,SHP004835,Electronics,Business Document,5,43916.62,No
ITEM004836,SHP004836,Accessories,Packed Food,3,35853.89,No
ITEM004837,SHP004837,Clothing,Home Item,5,45456.09,No
ITEM004838,SHP004838,Accessories,T-Shirt,4,41872.08,No
ITEM004839,SHP004839,Food,Book,3,1610.15,No
ITEM004840,SHP004840,Food,Gadget,4,12981.34,No
ITEM004841,SHP004841,Food,Gadget,3,32619.02,Yes
ITEM004842,SHP004842,Food,Mobile Accessory,3,40874.63,No
ITEM004843,SHP004843,Food,Mobile Accessory,5,43272.36,No
ITEM004844,SHP004844,Documents,Gadget,1,38062.28,Yes
ITEM004845,SHP004845,Food,Mobile Accessory,5,5589.28,Yes
ITEM004846,SHP004846,Food,Packed Food,1,2990.07,No
ITEM004847,SHP004847,Books,Mobile Accessory,1,31836.43,No
ITEM004848,SHP004848,Household,Gadget,3,15327.18,Yes
ITEM004849,SHP004849,Documents,Home Item,1,42670.6,No
ITEM004850,SHP004850,Documents,Packed Food,2,36616.38,No
ITEM004851,SHP004851,Documents,Business Document,1,47953.89,No
ITEM004852,SHP004852,Clothing,T-Shirt,5,8256.36,No
ITEM004853,SHP004853,Household,Business Document,5,49504.72,No
ITEM004854,SHP004854,Food,Gadget,3,22388.12,Yes
ITEM004855,SHP004855,Books,Mobile Accessory,2,16914.74,No
ITEM004856,SHP004856,Household,Business Document,4,30657.56,Yes
ITEM004857,SHP004857,Documents,Business Document,4,43611.19,No
ITEM004858,SHP004858,Books,T-Shirt,4,48034.74,No
ITEM004859,SHP004859,Books,Book,3,27020.82,No
ITEM004860,SHP004860,Clothing,Home Item,3,20871.26,Yes
ITEM004861,SHP004861,Electronics,Home Item,4,15848.26,Yes
ITEM004862,SHP004862,Clothing,T-Shirt,5,24822.84,No
ITEM004863,SHP004863,Accessories,Home Item,1,38477.69,No
ITEM004864,SHP004864,Electronics,Gadget,3,1964.8,No
ITEM004865,SHP004865,Electronics,Mobile Accessory,5,37449.77,No
ITEM004866,SHP004866,Household,Business Document,3,7090.59,No
ITEM004867,SHP004867,Electronics,T-Shirt,1,38688.51,No
ITEM004868,SHP004868,Clothing,Book,4,4239.89,No
ITEM004869,SHP004869,Clothing,T-Shirt,1,7331.81,No
ITEM004870,SHP004870,Documents,Packed Food,1,35197.14,No
ITEM004871,SHP004871,Accessories,Book,3,31815.82,No
ITEM004872,SHP004872,Accessories,Home Item,5,13837.54,No
ITEM004873,SHP004873,Food,Mobile Accessory,1,26038.57,No
ITEM004874,SHP004874,Documents,Gadget,5,40527.45,No
ITEM004875,SHP004875,Clothing,T-Shirt,2,24519.63,Yes
ITEM004876,SHP004876,Books,Book,1,18511.03,No
ITEM004877,SHP004877,Household,Home Item,4,19463.6,No
ITEM004878,SHP004878,Accessories,Gadget,4,9104.17,Yes
ITEM004879,SHP004879,Books,T-Shirt,2,38649.04,No
ITEM004880,SHP004880,Documents,Mobile Accessory,2,23954.8,No
ITEM004881,SHP004881,Documents,Packed Food,2,20221.84,Yes
ITEM004882,SHP004882,Electronics,Business Document,2,26490.87,No
ITEM004883,SHP004883,Accessories,T-Shirt,3,32318.38,Yes
ITEM004884,SHP004884,Electronics,T-Shirt,1,16169.93,No
ITEM004885,SHP004885,Accessories,Gadget,5,34908.1,No
ITEM004886,SHP004886,Electronics,T-Shirt,5,6384.09,No
ITEM004887,SHP004887,Household,Business Document,2,40178.67,No
ITEM004888,SHP004888,Electronics,Gadget,4,14202.88,Yes
ITEM004889,SHP004889,Books,Packed Food,1,9724.43,No
ITEM004890,SHP004890,Accessories,T-Shirt,3,49094.91,No
ITEM004891,SHP004891,Accessories,Home Item,4,43650.69,Yes
ITEM004892,SHP004892,Food,Packed Food,5,33092.55,No
ITEM004893,SHP004893,Household,Packed Food,5,27720.98,No
ITEM004894,SHP004894,Household,Mobile Accessory,1,15440.91,No
ITEM004895,SHP004895,Clothing,Book,1,31795.75,No
ITEM004896,SHP004896,Household,Home Item,3,14226.91,No
ITEM004897,SHP004897,Electronics,Home Item,2,22481.35,No
ITEM004898,SHP004898,Documents,Gadget,3,28511.44,Yes
ITEM004899,SHP004899,Accessories,T-Shirt,5,12045.97,No
ITEM004900,SHP004900,Clothing,T-Shirt,5,30615.09,No
ITEM004901,SHP004901,Clothing,Gadget,3,12296.89,Yes
ITEM004902,SHP004902,Clothing,Home Item,4,7643.92,No
ITEM004903,SHP004903,Household,Packed Food,2,40117.74,No
ITEM004904,SHP004904,Documents,Book,2,34535.45,Yes
ITEM004905,SHP004905,Accessories,T-Shirt,1,14293.88,Yes
ITEM004906,SHP004906,Accessories,Home Item,2,36708.66,No
ITEM004907,SHP004907,Accessories,Business Document,1,9516.93,No
ITEM004908,SHP004908,Household,T-Shirt,2,36777.33,No
ITEM004909,SHP004909,Electronics,Packed Food,2,615.68,Yes
ITEM004910,SHP004910,Household,Home Item,5,1029.72,No
ITEM004911,SHP004911,Food,Mobile Accessory,2,4089.42,No
ITEM004912,SHP004912,Accessories,Gadget,5,22309.8,No
ITEM004913,SHP004913,Household,Mobile Accessory,1,9164.23,No
ITEM004914,SHP004914,Household,T-Shirt,3,37793.27,No
ITEM004915,SHP004915,Accessories,Business Document,4,48137.77,No
ITEM004916,SHP004916,Documents,Home Item,3,23471.05,No
ITEM004917,SHP004917,Electronics,Home Item,5,29811.92,No
ITEM004918,SHP004918,Accessories,T-Shirt,5,17061.76,No
ITEM004919,SHP004919,Food,Business Document,2,20948.41,No
ITEM004920,SHP004920,Accessories,Mobile Accessory,5,31418.02,No
ITEM004921,SHP004921,Food,Mobile Accessory,1,26941.83,No
ITEM004922,SHP004922,Accessories,Gadget,5,15619.64,No
ITEM004923,SHP004923,Accessories,Home Item,3,12607.18,No
ITEM004924,SHP004924,Documents,Home Item,2,30786.08,Yes
ITEM004925,SHP004925,Food,Business Document,1,45693.3,No
ITEM004926,SHP004926,Books,Book,1,2332.59,Yes
ITEM004927,SHP004927,Accessories,Packed Food,4,4316.37,No
ITEM004928,SHP004928,Books,Business Document,1,10569.62,Yes
ITEM004929,SHP004929,Clothing,Home Item,2,34123.59,No
ITEM004930,SHP004930,Documents,Book,4,4101.65,No
ITEM004931,SHP004931,Electronics,Home Item,2,44736.58,Yes
ITEM004932,SHP004932,Food,Book,4,19384.27,Yes
ITEM004933,SHP004933,Documents,T-Shirt,4,7868.35,No
ITEM004934,SHP004934,Clothing,Business Document,4,33884.4,No
ITEM004935,SHP004935,Clothing,Book,2,48925.75,No
ITEM004936,SHP004936,Electronics,Packed Food,2,36735.87,No
ITEM004937,SHP004937,Clothing,Mobile Accessory,4,21647.8,No
ITEM004938,SHP004938,Documents,T-Shirt,2,45519.74,No
ITEM004939,SHP004939,Accessories,Business Document,5,17281.56,Yes
ITEM004940,SHP004940,Clothing,Home Item,5,8869.16,No
ITEM004941,SHP004941,Documents,Business Document,3,48888.94,No
ITEM004942,SHP004942,Food,T-Shirt,5,36209.17,No
ITEM004943,SHP004943,Food,Packed Food,4,12011.86,No
ITEM004944,SHP004944,Accessories,Mobile Accessory,3,30785.67,Yes
ITEM004945,SHP004945,Food,Book,2,32229.83,No
ITEM004946,SHP004946,Accessories,Book,3,20270.09,Yes
ITEM004947,SHP004947,Books,Book,4,35457.14,Yes
ITEM004948,SHP004948,Household,T-Shirt,4,17185.22,No
ITEM004949,SHP004949,Accessories,Mobile Accessory,1,21094.27,No
ITEM004950,SHP004950,Clothing,T-Shirt,5,49795.28,No
ITEM004951,SHP004951,Electronics,Business Document,5,48930.03,No
ITEM004952,SHP004952,Household,Book,3,5402.56,No
ITEM004953,SHP004953,Clothing,Business Document,3,28027.68,No
ITEM004954,SHP004954,Electronics,Packed Food,5,10701.33,Yes
ITEM004955,SHP004955,Books,Book,4,14366.59,No
ITEM004956,SHP004956,Household,Gadget,2,34506.61,No
ITEM004957,SHP004957,Books,Business Document,4,37392.5,No
ITEM004958,SHP004958,Documents,Gadget,2,16313.7,No
ITEM004959,SHP004959,Books,T-Shirt,1,28038.53,No
ITEM004960,SHP004960,Household,Home Item,3,32959.9,No
ITEM004961,SHP004961,Food,Business Document,1,26214.28,Yes
ITEM004962,SHP004962,Documents,Book,4,307.22,Yes
ITEM004963,SHP004963,Clothing,Gadget,3,5592.63,No
ITEM004964,SHP004964,Documents,T-Shirt,1,4983.7,No
ITEM004965,SHP004965,Books,Gadget,2,19406.96,No
ITEM004966,SHP004966,Accessories,T-Shirt,1,21970.31,Yes
ITEM004967,SHP004967,Food,Business Document,1,16357.71,No
ITEM004968,SHP004968,Books,Home Item,4,28608.94,Yes
ITEM004969,SHP004969,Clothing,Gadget,3,4974.27,No
ITEM004970,SHP004970,Accessories,Packed Food,3,49501.53,No
ITEM004971,SHP004971,Accessories,Business Document,1,20196.85,No
ITEM004972,SHP004972,Accessories,Book,1,2437.79,No
ITEM004973,SHP004973,Accessories,Home Item,4,37123.76,Yes
ITEM004974,SHP004974,Food,Packed Food,2,11067.06,No
ITEM004975,SHP004975,Documents,Gadget,4,2406.14,Yes
ITEM004976,SHP004976,Accessories,Packed Food,2,11912.12,Yes
ITEM004977,SHP004977,Books,T-Shirt,1,1476.52,No
ITEM004978,SHP004978,Books,Business Document,1,24270.1,No
ITEM004979,SHP004979,Electronics,Business Document,3,7144.78,No
ITEM004980,SHP004980,Food,Mobile Accessory,1,43521.28,Yes
ITEM004981,SHP004981,Electronics,Mobile Accessory,5,36573.69,Yes
ITEM004982,SHP004982,Books,Home Item,4,44341.18,Yes
ITEM004983,SHP004983,Electronics,Book,4,16064.93,Yes
ITEM004984,SHP004984,Clothing,Home Item,1,42923.12,No
ITEM004985,SHP004985,Books,Business Document,2,41458.75,No
ITEM004986,SHP004986,Clothing,Business Document,4,4402.3,No
ITEM004987,SHP004987,Electronics,Mobile Accessory,5,32137.82,No
ITEM004988,SHP004988,Clothing,Packed Food,5,44322.25,No
ITEM004989,SHP004989,Books,Packed Food,4,39171.49,No
ITEM004990,SHP004990,Accessories,Gadget,5,35583.39,No
ITEM004991,SHP004991,Books,T-Shirt,4,25124.89,No
ITEM004992,SHP004992,Documents,T-Shirt,4,46669.51,No
ITEM004993,SHP004993,Electronics,Book,4,43514.16,No
ITEM004994,SHP004994,Accessories,Business Document,3,31216.09,No
ITEM004995,SHP004995,Documents,Home Item,1,2852.73,No
ITEM004996,SHP004996,Books,Home Item,5,43251.5,No
ITEM004997,SHP004997,Accessories,Book,5,45823.12,No
ITEM004998,SHP004998,Documents,Gadget,5,3755.68,Yes
ITEM004999,SHP004999,Books,Home Item,4,29562.44,No
ITEM005000,SHP005000,Books,Gadget,4,6326.56,No
