shipment_id,customer_id,partner_id,origin_branch_id,destination_branch_id,booking_date,service_type,package_type,weight_kg,distance_km,shipping_cost,shipment_status,expected_delivery_date,actual_delivery_date
SHP000001,CUST01986,PART0702,BR0805,BR2237,2025-09-07,Standard,Parcel,10.72,1546,1146.14,Delayed,2025-09-11,2025-09-12
SHP000002,CUST03941,PART4664,BR3249,BR0863,2025-10-26,Standard,Fragile,1.72,1769,1070.79,Delivered,2025-10-30,2025-11-02
SHP000003,CUST01620,PART1639,BR4954,BR0025,2025-06-04,Standard,Document,1.54,747,504.73,In Transit,2025-06-08,
SHP000004,CUST02623,PART1299,BR1223,BR3572,2025-07-14,Standard,Parcel,0.61,1778,1051.32,Cancelled,2025-07-18,
SHP000005,CUST01409,PART1187,BR4618,BR3883,2025-05-03,Express,Clothing,2.39,236,322.38,Delivered,2025-05-05,2025-05-07
SHP000006,CUST03849,PART3101,BR2641,BR3405,2025-11-28,Same Day,Clothing,1.53,1061,807.21,Delivered,2025-11-29,2025-11-29
SHP000007,CUST04767,PART1058,BR0872,BR0864,2025-05-03,Express,Food,2.57,873,676.69,Delivered,2025-05-05,2025-05-09
SHP000008,CUST03524,PART2374,BR1390,BR2899,2025-11-15,Standard,Fragile,2.9,1714,1066.5,Out for Delivery,2025-11-19,
SHP000009,CUST03012,PART0329,BR0355,BR0383,2025-06-28,Standard,Clothing,4.56,760,578.32,Delivered,2025-07-02,2025-07-01
SHP000010,CUST04583,PART2234,BR4038,BR3501,2025-08-14,Express,Document,1.58,645,529.51,Delivered,2025-08-16,2025-08-18
SHP000011,CUST03288,PART3064,BR1954,BR0726,2025-08-09,Express,Food,4.39,112,298.18,Delivered,2025-08-11,2025-08-14
SHP000012,CUST00634,PART1009,BR3810,BR3866,2025-04-20,Standard,Clothing,3.02,1961,1204.99,Out for Delivery,2025-04-24,
SHP000013,CUST04815,PART2760,BR3225,BR4168,2025-11-25,Express,Parcel,2.94,985,746.43,In Transit,2025-11-27,
SHP000014,CUST02847,PART3298,BR3698,BR1714,2025-09-28,Express,Fragile,2.07,556,491.34,Delivered,2025-09-30,2025-10-02
SHP000015,CUST00905,PART0774,BR2550,BR4106,2025-02-06,Same Day,Fragile,1.85,1623,1123.35,Delivered,2025-02-07,2025-02-09
SHP000016,CUST03072,PART2922,BR1691,BR1913,2025-12-25,Standard,Clothing,2.11,37,126.77,Delayed,2025-12-29,2025-12-29
SHP000017,CUST02482,PART0309,BR3997,BR0546,2025-01-10,Economy,Fragile,1.86,1889,1139.87,Returned,2025-01-17,2025-01-21
SHP000018,CUST00161,PART1905,BR0507,BR4422,2025-10-18,Express,Fragile,1.64,549,478.03,In Transit,2025-10-20,
SHP000019,CUST03231,PART2674,BR0076,BR3631,2025-06-11,Express,Food,3.12,1914,1261.34,Delivered,2025-06-13,2025-06-15
SHP000020,CUST01923,PART0769,BR4740,BR3547,2025-08-21,Express,Clothing,1.86,2000,1280.92,Delivered,2025-08-23,2025-08-26
SHP000021,CUST02292,PART1983,BR2569,BR4071,2025-07-22,Same Day,Clothing,7.42,728,753.64,In Transit,2025-07-23,
SHP000022,CUST01155,PART0952,BR4911,BR2276,2025-06-25,Standard,Parcel,3.21,34,149.32,Delivered,2025-06-29,2025-06-29
SHP000023,CUST02534,PART4849,BR3006,BR1938,2025-04-20,Standard,Parcel,5.4,656,539.6,Delivered,2025-04-24,2025-04-26
SHP000024,CUST03725,PART2822,BR1617,BR4422,2025-03-09,Standard,Fragile,3.35,2081,1278.25,Delivered,2025-03-13,2025-03-17
SHP000025,CUST03079,PART3062,BR1978,BR1503,2025-11-26,Standard,Clothing,2.07,1865,1131.29,Returned,2025-11-30,2025-12-02
SHP000026,CUST00559,PART3747,BR0867,BR2382,2025-08-28,Standard,Document,3.69,1261,834.73,In Transit,2025-09-01,
SHP000027,CUST02619,PART4056,BR2616,BR3817,2025-05-18,Standard,Clothing,1.83,787,533.11,Delivered,2025-05-22,2025-05-24
SHP000028,CUST01650,PART1812,BR2311,BR1406,2025-04-13,Express,Document,3.88,614,563.06,Delayed,2025-04-15,2025-04-19
SHP000029,CUST02817,PART3161,BR4847,BR3410,2025-04-24,Standard,Fragile,1.48,789,526.51,Delivered,2025-04-28,2025-04-29
SHP000030,CUST01858,PART4539,BR0870,BR2452,2025-04-26,Standard,Fragile,2.66,1023,681.17,Delivered,2025-04-30,2025-05-04
SHP000031,CUST04345,PART0654,BR2340,BR3403,2025-09-24,Same Day,Fragile,3.02,1232,934.04,Delivered,2025-09-25,2025-09-28
SHP000032,CUST03752,PART2635,BR0657,BR1434,2025-01-04,Economy,Clothing,1.28,166,179.46,In Transit,2025-01-11,
SHP000033,CUST02201,PART2436,BR3928,BR0894,2025-08-03,Express,Food,1.69,1987,1270.03,Delayed,2025-08-05,2025-08-09
SHP000034,CUST01233,PART1170,BR3014,BR3499,2025-08-22,Standard,Clothing,5.72,1374,941.54,In Transit,2025-08-26,
SHP000035,CUST04517,PART0914,BR4779,BR0028,2025-04-15,Standard,Fragile,2.19,1893,1149.33,Delivered,2025-04-19,2025-04-22
SHP000036,CUST01413,PART2125,BR2931,BR0391,2025-05-13,Economy,Document,6.33,776,626.06,Delivered,2025-05-20,2025-05-21
SHP000037,CUST03068,PART2822,BR1689,BR4392,2025-07-05,Standard,Parcel,8.44,114,308.38,In Transit,2025-07-09,
SHP000038,CUST00679,PART4245,BR2646,BR3268,2025-09-24,Same Day,Document,1.39,942,738.68,In Transit,2025-09-25,
SHP000039,CUST00087,PART1474,BR3121,BR4508,2025-02-17,Standard,Clothing,2.89,510,404.08,In Transit,2025-02-21,
SHP000040,CUST04648,PART3349,BR3106,BR0549,2025-05-02,Economy,Fragile,2.44,770,537.18,Delivered,2025-05-09,2025-05-11
SHP000041,CUST00657,PART4348,BR4696,BR0381,2025-09-06,Express,Parcel,4.74,1255,934.53,In Transit,2025-09-08,
SHP000042,CUST03153,PART3858,BR1647,BR2430,2025-11-05,Standard,Clothing,1.24,551,390.33,Delivered,2025-11-09,2025-11-13
SHP000043,CUST02495,PART2753,BR1529,BR0775,2025-11-09,Same Day,Electronics,3.01,1729,1207.17,Delivered,2025-11-10,2025-11-13
SHP000044,CUST03269,PART4439,BR4070,BR3840,2025-08-14,Standard,Clothing,1.89,1150,734.08,Delivered,2025-08-18,2025-08-17
SHP000045,CUST04080,PART1615,BR0172,BR1229,2025-09-09,Standard,Electronics,3.76,1964,1222.92,Out for Delivery,2025-09-13,
SHP000046,CUST04983,PART0622,BR1189,BR1323,2025-11-01,Same Day,Fragile,6.69,128,407.58,Cancelled,2025-11-02,
SHP000047,CUST04763,PART4099,BR2479,BR4935,2025-11-13,Economy,Document,8.0,1986,1328.3,In Transit,2025-11-20,
SHP000048,CUST01959,PART2603,BR4555,BR0571,2025-02-21,Standard,Document,3.63,657,501.21,Delayed,2025-02-25,2025-02-28
SHP000049,CUST03886,PART0186,BR2515,BR3054,2025-06-05,Standard,Clothing,2.35,953,635.85,Delivered,2025-06-09,2025-06-09
SHP000050,CUST04418,PART3889,BR2332,BR3237,2025-08-31,Economy,Parcel,4.0,1039,719.45,Returned,2025-09-07,2025-09-11
SHP000051,CUST00618,PART1266,BR4395,BR1784,2025-03-18,Economy,Document,1.1,2123,1251.85,Delivered,2025-03-25,2025-03-27
SHP000052,CUST04395,PART1991,BR1491,BR4397,2025-10-25,Express,Electronics,4.6,2113,1403.35,Returned,2025-10-27,2025-10-26
SHP000053,CUST01787,PART2765,BR1084,BR2335,2025-11-30,Standard,Parcel,2.91,24,137.22,Delivered,2025-12-04,2025-12-03
SHP000054,CUST03211,PART4240,BR0448,BR2049,2025-11-21,Express,Clothing,2.79,835,660.63,Delivered,2025-11-23,2025-11-25
SHP000055,CUST04477,PART1508,BR1992,BR1753,2025-06-12,Standard,Electronics,0.35,1752,1031.3,Delayed,2025-06-16,2025-06-18
SHP000056,CUST00450,PART3518,BR4704,BR0942,2025-12-20,Economy,Clothing,2.35,2192,1317.3,Delivered,2025-12-27,2025-12-29
SHP000057,CUST00223,PART0306,BR3397,BR4664,2025-01-09,Express,Parcel,2.08,1157,822.11,Out for Delivery,2025-01-11,
SHP000058,CUST03329,PART0230,BR3141,BR3765,2025-09-20,Economy,Food,3.32,1525,971.79,Delivered,2025-09-27,2025-09-27
SHP000059,CUST03361,PART2618,BR3354,BR2606,2025-11-09,Economy,Parcel,5.3,1644,1080.8,Delivered,2025-11-16,2025-11-18
SHP000060,CUST01682,PART3803,BR0319,BR1161,2025-02-05,Express,Fragile,1.33,38,190.16,Delivered,2025-02-07,2025-02-10
SHP000061,CUST04956,PART3133,BR4834,BR4407,2025-02-04,Standard,Parcel,0.86,194,185.62,Returned,2025-02-08,2025-02-11
SHP000062,CUST01954,PART3848,BR0141,BR0069,2025-09-27,Standard,Document,5.41,949,700.97,Delivered,2025-10-01,2025-10-01
SHP000063,CUST04848,PART2832,BR4885,BR1841,2025-03-15,Express,Document,1.78,377,386.51,Delivered,2025-03-17,2025-03-18
SHP000064,CUST04759,PART4960,BR0421,BR4635,2025-08-31,Standard,Parcel,2.19,709,498.13,Delivered,2025-09-04,2025-09-04
SHP000065,CUST03192,PART1990,BR0943,BR0002,2025-03-22,Standard,Clothing,5.35,540,474.7,Delivered,2025-03-26,2025-03-28
SHP000066,CUST02145,PART4154,BR0976,BR4495,2025-11-26,Standard,Electronics,1.77,1300,813.94,Delivered,2025-11-30,2025-12-01
SHP000067,CUST04747,PART4435,BR2507,BR4283,2025-06-09,Standard,Fragile,1.18,763,505.61,Delivered,2025-06-13,2025-06-14
SHP000068,CUST03625,PART2817,BR0131,BR0754,2025-10-22,Standard,Electronics,8.78,281,407.71,Delivered,2025-10-26,2025-10-25
SHP000069,CUST04258,PART4384,BR1303,BR4740,2025-03-25,Economy,Fragile,7.32,1577,1088.39,Returned,2025-04-01,2025-04-04
SHP000070,CUST01079,PART2349,BR2699,BR0750,2025-02-03,Standard,Electronics,5.4,2108,1338.2,In Transit,2025-02-07,
SHP000071,CUST03087,PART1586,BR1346,BR4031,2025-09-12,Standard,Fragile,2.21,1393,874.77,Delivered,2025-09-16,2025-09-16
SHP000072,CUST01564,PART1677,BR0189,BR3326,2025-05-23,Economy,Document,4.01,1731,1100.27,Delivered,2025-05-30,2025-06-03
SHP000073,CUST03143,PART2456,BR0298,BR1555,2025-06-26,Express,Clothing,0.73,336,340.86,Delivered,2025-06-28,2025-07-02
SHP000074,CUST03813,PART3188,BR4838,BR4639,2025-03-01,Same Day,Electronics,2.23,1669,1157.01,Delivered,2025-03-02,2025-03-02
SHP000075,CUST01909,PART3614,BR1760,BR4694,2025-05-22,Standard,Document,3.18,2075,1271.21,Delivered,2025-05-26,2025-05-26
SHP000076,CUST03410,PART4670,BR3500,BR2358,2025-01-12,Standard,Document,3.73,1297,855.41,Returned,2025-01-16,2025-01-18
SHP000077,CUST00885,PART3048,BR1828,BR2572,2025-09-10,Express,Fragile,4.44,437,478.03,Returned,2025-09-12,2025-09-14
SHP000078,CUST04879,PART1847,BR0894,BR1391,2025-09-28,Standard,Food,5.22,1148,806.24,In Transit,2025-10-02,
SHP000079,CUST04946,PART0021,BR2488,BR0054,2025-09-05,Standard,Document,2.64,1833,1126.23,Delayed,2025-09-09,2025-09-13
SHP000080,CUST01034,PART4524,BR1926,BR1358,2025-07-08,Standard,Food,3.76,1886,1180.02,Delivered,2025-07-12,2025-07-12
SHP000081,CUST02700,PART0974,BR0755,BR3293,2025-09-21,Same Day,Fragile,1.47,1467,1029.19,Delivered,2025-09-22,2025-09-23
SHP000082,CUST01859,PART4119,BR0597,BR0693,2025-04-20,Express,Food,1.96,1973,1268.27,In Transit,2025-04-22,
SHP000083,CUST00658,PART3024,BR4557,BR3520,2025-11-02,Economy,Fragile,0.7,629,421.35,Delivered,2025-11-09,2025-11-11
SHP000084,CUST00523,PART0398,BR2907,BR3133,2025-08-11,Economy,Clothing,5.34,388,390.88,Delivered,2025-08-18,2025-08-19
SHP000085,CUST04516,PART2232,BR4469,BR1516,2025-04-11,Standard,Document,3.66,579,458.97,Delayed,2025-04-15,2025-04-14
SHP000086,CUST00554,PART0503,BR2200,BR0288,2025-11-19,Standard,Electronics,2.98,2002,1226.66,In Transit,2025-11-23,
SHP000087,CUST03394,PART2849,BR2949,BR2980,2025-06-01,Express,Electronics,2.14,714,579.78,Delivered,2025-06-03,2025-06-03
SHP000088,CUST02769,PART1105,BR1098,BR0228,2025-12-17,Economy,Clothing,2.8,2076,1263.4,Out for Delivery,2025-12-24,
SHP000089,CUST03137,PART0366,BR0114,BR4361,2025-06-17,Standard,Document,7.69,2187,1432.03,In Transit,2025-06-21,
SHP000090,CUST01039,PART1723,BR4907,BR1265,2025-06-01,Standard,Electronics,2.52,221,236.99,Returned,2025-06-05,2025-06-06
SHP000091,CUST03402,PART4572,BR1092,BR1529,2025-07-03,Same Day,Clothing,2.94,590,579.18,In Transit,2025-07-04,
SHP000092,CUST01617,PART1989,BR3251,BR2743,2025-10-28,Express,Fragile,3.68,21,232.51,Returned,2025-10-30,2025-11-01
SHP000093,CUST04739,PART0136,BR1136,BR2538,2025-06-16,Same Day,Document,1.91,2143,1410.67,Delivered,2025-06-17,2025-06-18
SHP000094,CUST04792,PART1607,BR3463,BR3017,2025-08-07,Express,Food,1.6,1014,732.9,Delivered,2025-08-09,2025-08-10
SHP000095,CUST04716,PART1059,BR0721,BR1075,2025-01-01,Same Day,Food,3.92,1393,1042.39,Delivered,2025-01-02,2025-01-05
SHP000096,CUST04700,PART1938,BR4295,BR2552,2025-05-09,Standard,Clothing,4.52,2158,1346.34,Returned,2025-05-13,2025-05-16
SHP000097,CUST03409,PART0122,BR3641,BR2645,2025-04-30,Standard,Parcel,4.72,2087,1311.69,Delivered,2025-05-04,2025-05-06
SHP000098,CUST01378,PART0638,BR4922,BR3832,2025-06-14,Express,Food,5.15,1490,1072.8,Delayed,2025-06-16,2025-06-18
SHP000099,CUST02664,PART4453,BR3994,BR4127,2025-05-20,Express,Fragile,5.13,312,424.46,Delivered,2025-05-22,2025-05-24
SHP000100,CUST04164,PART0695,BR1338,BR1905,2025-03-09,Economy,Fragile,3.74,1763,1111.93,Cancelled,2025-03-16,
SHP000101,CUST04627,PART1183,BR2256,BR4814,2025-03-12,Standard,Parcel,1.09,2160,1271.98,Returned,2025-03-16,2025-03-19
SHP000102,CUST04111,PART4006,BR3816,BR4697,2025-08-25,Express,Document,1.51,1827,1178.07,Delivered,2025-08-27,2025-08-28
SHP000103,CUST01625,PART2350,BR0871,BR1026,2025-06-25,Standard,Parcel,2.27,1123,727.59,In Transit,2025-06-29,
SHP000104,CUST03838,PART4150,BR0531,BR2659,2025-02-09,Express,Document,4.63,1435,1031.11,Delivered,2025-02-11,2025-02-11
SHP000105,CUST03664,PART4301,BR0181,BR1147,2025-05-23,Standard,Electronics,0.55,603,403.75,Delivered,2025-05-27,2025-05-26
SHP000106,CUST01583,PART0866,BR0857,BR2123,2025-06-03,Economy,Document,3.86,730,546.42,Delivered,2025-06-10,2025-06-10
SHP000107,CUST02382,PART4553,BR3036,BR4773,2025-07-02,Economy,Document,4.35,2155,1340.95,Delivered,2025-07-09,2025-07-08
SHP000108,CUST04786,PART4578,BR3452,BR1808,2025-12-17,Express,Document,2.03,956,710.46,Delivered,2025-12-19,2025-12-21
SHP000109,CUST01357,PART4641,BR2054,BR2119,2025-06-19,Standard,Food,6.06,494,465.02,Delivered,2025-06-23,2025-06-27
SHP000110,CUST02909,PART3274,BR2493,BR4451,2025-01-25,Express,Clothing,1.84,620,521.48,Delivered,2025-01-27,2025-01-30
SHP000111,CUST00043,PART2526,BR2747,BR4614,2025-01-25,Standard,Electronics,1.46,1938,1158.02,Delivered,2025-01-29,2025-01-31
SHP000112,CUST02841,PART0591,BR2283,BR2083,2025-09-30,Standard,Clothing,7.37,1945,1291.89,Delivered,2025-10-04,2025-10-03
SHP000113,CUST01810,PART2439,BR0807,BR0660,2025-11-27,Same Day,Document,1.87,957,757.49,Out for Delivery,2025-11-28,
SHP000114,CUST04548,PART1769,BR3826,BR1853,2025-10-04,Standard,Fragile,3.18,734,533.66,Delivered,2025-10-08,2025-10-09
SHP000115,CUST02764,PART0316,BR2329,BR0420,2025-09-29,Economy,Food,2.44,1028,679.08,Delivered,2025-10-06,2025-10-08
SHP000116,CUST01052,PART1724,BR0305,BR4747,2025-08-13,Express,Parcel,1.3,1481,983.15,Delivered,2025-08-15,2025-08-15
SHP000117,CUST03005,PART3946,BR1897,BR1359,2025-11-27,Standard,Electronics,2.57,215,234.79,Delayed,2025-12-01,2025-12-05
SHP000118,CUST02586,PART3258,BR1637,BR3471,2025-04-08,Standard,Food,5.49,1094,782.48,Delayed,2025-04-12,2025-04-13
SHP000119,CUST01878,PART3509,BR1759,BR2950,2025-03-20,Economy,Clothing,0.9,266,226.1,Delivered,2025-03-27,2025-03-26
SHP000120,CUST01084,PART0723,BR0422,BR2547,2025-05-16,Express,Food,3.21,1853,1229.77,Delayed,2025-05-18,2025-05-18
SHP000121,CUST02217,PART0120,BR4273,BR0942,2025-06-10,Express,Electronics,0.59,1774,1128.68,Delivered,2025-06-12,2025-06-11
SHP000122,CUST02034,PART4711,BR0335,BR1164,2025-06-24,Economy,Electronics,2.72,948,641.24,Delivered,2025-07-01,2025-07-03
SHP000123,CUST02322,PART2322,BR3562,BR4621,2025-11-12,Standard,Document,3.51,2168,1329.62,Delivered,2025-11-16,2025-11-16
SHP000124,CUST00945,PART1990,BR1994,BR2475,2025-02-12,Standard,Clothing,3.57,845,603.29,Cancelled,2025-02-16,
SHP000125,CUST04382,PART3818,BR0390,BR0565,2025-05-13,Same Day,Document,4.2,1644,1186.6,Delivered,2025-05-14,2025-05-18
SHP000126,CUST02441,PART0660,BR3189,BR2292,2025-12-12,Economy,Document,1.12,2067,1221.49,Delivered,2025-12-19,2025-12-20
SHP000127,CUST04527,PART1785,BR2412,BR1814,2025-12-25,Same Day,Food,4.74,1190,948.78,Delivered,2025-12-26,2025-12-29
SHP000128,CUST02240,PART2207,BR0214,BR2468,2025-01-22,Express,Fragile,3.98,2034,1346.26,Out for Delivery,2025-01-24,
SHP000129,CUST02005,PART1142,BR0137,BR0223,2025-07-10,Standard,Parcel,0.41,2043,1192.67,Out for Delivery,2025-07-14,
SHP000130,CUST01269,PART0145,BR4764,BR1926,2025-09-15,Express,Document,1.62,1745,1135.39,Delayed,2025-09-17,2025-09-20
SHP000131,CUST00677,PART2336,BR0598,BR0458,2025-12-21,Express,Food,1.5,1860,1196.0,Delivered,2025-12-23,2025-12-22
SHP000132,CUST03767,PART4799,BR1236,BR3334,2025-04-12,Same Day,Food,3.34,1154,898.18,In Transit,2025-04-13,
SHP000133,CUST03106,PART1274,BR0741,BR0047,2025-01-03,Express,Food,2.72,2037,1320.19,Delivered,2025-01-05,2025-01-09
SHP000134,CUST03561,PART1848,BR3509,BR1886,2025-01-01,Same Day,Document,1.15,211,331.35,Delivered,2025-01-02,2025-01-03
SHP000135,CUST01379,PART1777,BR3268,BR0326,2025-08-21,Express,Electronics,1.78,554,483.86,In Transit,2025-08-23,
SHP000136,CUST04320,PART3929,BR1106,BR3370,2025-05-19,Standard,Parcel,4.6,570,474.7,Delivered,2025-05-23,2025-05-22
SHP000137,CUST03797,PART4174,BR0174,BR4336,2025-09-11,Same Day,Clothing,3.91,2054,1405.72,Delivered,2025-09-12,2025-09-11
SHP000138,CUST01370,PART1349,BR3517,BR0975,2025-08-15,Express,Electronics,4.67,1015,800.99,Cancelled,2025-08-17,
SHP000139,CUST02940,PART3903,BR1723,BR4294,2025-04-25,Standard,Electronics,0.3,125,135.35,In Transit,2025-04-29,
SHP000140,CUST01061,PART3015,BR0516,BR1827,2025-12-15,Same Day,Parcel,3.18,1159,897.41,Delivered,2025-12-16,2025-12-19
SHP000141,CUST00988,PART4496,BR2667,BR3682,2025-01-17,Economy,Electronics,3.01,1600,1006.22,In Transit,2025-01-24,
SHP000142,CUST04345,PART4231,BR4551,BR0468,2025-08-23,Same Day,Document,0.98,718,606.46,Delivered,2025-08-24,2025-08-28
SHP000143,CUST03356,PART4665,BR2993,BR0815,2025-06-23,Express,Clothing,3.37,2033,1332.29,Delivered,2025-06-25,2025-06-29
SHP000144,CUST03838,PART2324,BR1509,BR0962,2025-11-29,Standard,Food,1.59,135,169.23,Delivered,2025-12-03,2025-12-04
SHP000145,CUST01806,PART1082,BR4450,BR2718,2025-02-21,Standard,Fragile,2.03,441,347.21,In Transit,2025-02-25,
SHP000146,CUST01569,PART2553,BR4245,BR3467,2025-04-19,Same Day,Parcel,3.38,677,636.71,Delivered,2025-04-20,2025-04-20
SHP000147,CUST03552,PART2808,BR1986,BR0860,2025-05-17,Express,Parcel,1.77,823,631.59,Delivered,2025-05-19,2025-05-20
SHP000148,CUST02964,PART3848,BR0800,BR0612,2025-09-02,Express,Food,4.88,1749,1209.31,Returned,2025-09-04,2025-09-04
SHP000149,CUST01292,PART3707,BR1092,BR3158,2025-07-19,Standard,Parcel,5.52,732,584.04,Delivered,2025-07-23,2025-07-24
SHP000150,CUST02600,PART3409,BR4662,BR4411,2025-11-27,Express,Clothing,3.19,1800,1200.18,In Transit,2025-11-29,
SHP000151,CUST02526,PART2431,BR3070,BR4049,2025-10-09,Economy,Document,3.14,1762,1098.18,Delivered,2025-10-16,2025-10-20
SHP000152,CUST00039,PART2865,BR0003,BR4642,2025-12-06,Standard,Fragile,1.85,1435,889.95,Returned,2025-12-10,2025-12-14
SHP000153,CUST03931,PART3759,BR1773,BR1719,2025-11-05,Express,Fragile,3.33,1144,842.46,Delivered,2025-11-07,2025-11-08
SHP000154,CUST04694,PART2161,BR0812,BR1334,2025-03-07,Economy,Document,2.68,233,247.11,In Transit,2025-03-14,
SHP000155,CUST03977,PART1467,BR4393,BR1035,2025-07-12,Economy,Document,3.72,1086,739.14,Delivered,2025-07-19,2025-07-21
SHP000156,CUST04766,PART3690,BR4722,BR2754,2025-12-15,Standard,Electronics,4.75,450,412.0,Returned,2025-12-19,2025-12-19
SHP000157,CUST03295,PART3198,BR4651,BR2483,2025-01-23,Economy,Clothing,4.42,1067,744.09,In Transit,2025-01-30,
SHP000158,CUST01980,PART0399,BR1671,BR3489,2025-08-28,Express,Electronics,5.27,1992,1351.54,Delivered,2025-08-30,2025-09-02
SHP000159,CUST01795,PART3812,BR4996,BR2386,2025-09-19,Standard,Document,3.72,958,668.74,Delivered,2025-09-23,2025-09-23
SHP000160,CUST02622,PART3096,BR2145,BR1245,2025-06-20,Same Day,Parcel,2.17,1619,1128.19,Delayed,2025-06-21,2025-06-20
SHP000161,CUST00265,PART3013,BR4031,BR3500,2025-08-14,Express,Parcel,0.8,2080,1301.6,In Transit,2025-08-16,
SHP000162,CUST00598,PART4252,BR0813,BR3731,2025-12-27,Express,Clothing,1.15,1871,1194.35,Cancelled,2025-12-29,
SHP000163,CUST03551,PART2071,BR4441,BR2760,2025-07-30,Express,Parcel,5.14,896,745.88,Returned,2025-08-01,2025-08-02
SHP000164,CUST00991,PART2017,BR1519,BR2603,2025-08-12,Same Day,Electronics,3.0,136,330.8,Delivered,2025-08-13,2025-08-14
SHP000165,CUST01746,PART0973,BR2786,BR4972,2025-07-30,Standard,Clothing,4.91,749,579.97,In Transit,2025-08-03,
SHP000166,CUST04117,PART0654,BR2838,BR1431,2025-02-28,Standard,Parcel,1.17,1425,869.49,Delivered,2025-03-04,2025-03-03
SHP000167,CUST02528,PART0471,BR4471,BR3321,2025-12-31,Express,Parcel,4.17,1426,1016.04,Delivered,2026-01-02,2026-01-06
SHP000168,CUST00184,PART4760,BR2754,BR2948,2025-05-05,Economy,Clothing,4.3,419,385.05,Delivered,2025-05-12,2025-05-14
SHP000169,CUST03437,PART0637,BR1137,BR1551,2025-12-16,Standard,Document,1.6,1592,970.8,Returned,2025-12-20,2025-12-19
SHP000170,CUST03906,PART2619,BR4405,BR0841,2025-04-07,Standard,Parcel,3.62,1850,1157.14,Delivered,2025-04-11,2025-04-11
SHP000171,CUST01110,PART4097,BR2140,BR1957,2025-07-08,Standard,Parcel,5.9,807,633.65,In Transit,2025-07-12,
SHP000172,CUST00158,PART0590,BR0460,BR1721,2025-06-19,Express,Document,1.07,1845,1178.29,In Transit,2025-06-21,
SHP000173,CUST04593,PART0020,BR4761,BR2378,2025-04-21,Express,Food,2.28,583,510.81,Out for Delivery,2025-04-23,
SHP000174,CUST02154,PART4574,BR0927,BR4313,2025-12-25,Standard,Parcel,2.57,637,466.89,In Transit,2025-12-29,
SHP000175,CUST01233,PART2895,BR2480,BR3018,2025-07-12,Economy,Document,8.21,521,527.17,Returned,2025-07-19,2025-07-18
SHP000176,CUST02176,PART4893,BR1057,BR2254,2025-09-13,Standard,Parcel,3.5,771,561.05,Delayed,2025-09-17,2025-09-21
SHP000177,CUST00351,PART4211,BR0408,BR4553,2025-10-07,Standard,Electronics,1.62,251,233.69,Delivered,2025-10-11,2025-10-15
SHP000178,CUST03813,PART2118,BR3843,BR1588,2025-09-08,Standard,Document,1.53,506,371.96,Delayed,2025-09-12,2025-09-13
SHP000179,CUST02923,PART4968,BR2695,BR4992,2025-04-24,Standard,Electronics,3.1,1301,843.75,Delivered,2025-04-28,2025-04-27
SHP000180,CUST01463,PART0245,BR2451,BR2477,2025-10-18,Same Day,Clothing,1.9,1482,1046.9,In Transit,2025-10-19,
SHP000181,CUST00067,PART3218,BR4295,BR1671,2025-01-25,Standard,Clothing,0.78,1349,819.11,Delivered,2025-01-29,2025-02-01
SHP000182,CUST03758,PART2772,BR1073,BR0650,2025-05-06,Same Day,Electronics,5.16,410,529.02,Returned,2025-05-07,2025-05-08
SHP000183,CUST01683,PART1785,BR4630,BR4891,2025-09-28,Express,Clothing,1.95,130,254.4,In Transit,2025-09-30,
SHP000184,CUST00027,PART4332,BR3357,BR2762,2025-01-27,Standard,Clothing,2.47,593,440.49,Delivered,2025-01-31,2025-02-02
SHP000185,CUST03351,PART2781,BR4589,BR4051,2025-09-29,Standard,Parcel,11.04,1822,1304.98,Out for Delivery,2025-10-03,
SHP000186,CUST04034,PART4549,BR4967,BR2045,2025-12-28,Standard,Electronics,2.52,2062,1249.54,Delivered,2026-01-01,2026-01-03
SHP000187,CUST01824,PART1010,BR2899,BR0562,2025-11-14,Express,Fragile,1.21,1151,799.67,In Transit,2025-11-16,
SHP000188,CUST04929,PART1508,BR0896,BR2742,2025-01-22,Standard,Food,4.02,982,688.54,Delivered,2025-01-26,2025-01-26
SHP000189,CUST01968,PART1028,BR0602,BR2473,2025-08-03,Standard,Clothing,4.61,1514,994.12,Delivered,2025-08-07,2025-08-09
SHP000190,CUST01635,PART3877,BR1707,BR4535,2025-07-12,Economy,Electronics,4.37,1458,958.04,Delivered,2025-07-19,2025-07-23
SHP000191,CUST02845,PART1503,BR3374,BR3484,2025-11-11,Standard,Clothing,4.26,831,610.77,Out for Delivery,2025-11-15,
SHP000192,CUST04948,PART0486,BR0280,BR0485,2025-09-24,Express,Electronics,2.96,1336,939.92,Cancelled,2025-09-26,
SHP000193,CUST04584,PART4344,BR3977,BR0834,2025-05-10,Standard,Electronics,4.12,924,658.84,Delivered,2025-05-14,2025-05-17
SHP000194,CUST02305,PART1727,BR4585,BR2165,2025-12-15,Standard,Fragile,6.18,1993,1292.11,In Transit,2025-12-19,
SHP000195,CUST02946,PART1555,BR2861,BR2093,2025-07-05,Express,Parcel,2.51,328,375.62,Out for Delivery,2025-07-07,
SHP000196,CUST03966,PART1657,BR2593,BR0601,2025-11-22,Standard,Document,4.66,921,669.07,Delayed,2025-11-26,2025-11-27
SHP000197,CUST02994,PART1194,BR0642,BR4090,2025-09-25,Standard,Parcel,1.16,2020,1196.52,Returned,2025-09-29,2025-10-02
SHP000198,CUST02956,PART2474,BR0393,BR0118,2025-07-02,Standard,Document,4.5,496,431.8,Out for Delivery,2025-07-06,
SHP000199,CUST04138,PART1985,BR3181,BR4820,2025-04-24,Standard,Electronics,4.11,379,358.87,Delivered,2025-04-28,2025-05-01
SHP000200,CUST02536,PART0736,BR2375,BR1686,2025-05-11,Standard,Parcel,1.35,1968,1172.1,Delivered,2025-05-15,2025-05-14
SHP000201,CUST02153,PART4999,BR4427,BR1588,2025-12-31,Standard,Parcel,6.67,510,487.24,Delayed,2026-01-04,2026-01-04
SHP000202,CUST02614,PART0716,BR0844,BR1027,2025-03-18,Same Day,Fragile,1.41,1026,785.32,Delivered,2025-03-19,2025-03-22
SHP000203,CUST01011,PART0322,BR3911,BR1723,2025-07-13,Standard,Clothing,1.3,1116,702.4,Delivered,2025-07-17,2025-07-19
SHP000204,CUST01683,PART4209,BR3475,BR4875,2025-04-02,Same Day,Parcel,7.53,168,448.06,Returned,2025-04-03,2025-04-04
SHP000205,CUST01721,PART4450,BR4845,BR0231,2025-03-07,Same Day,Electronics,3.25,1628,1156.9,Delivered,2025-03-08,2025-03-07
SHP000206,CUST03885,PART3794,BR1717,BR4770,2025-09-14,Economy,Parcel,3.11,937,643.77,Delivered,2025-09-21,2025-09-22
SHP000207,CUST03045,PART0808,BR0036,BR0254,2025-12-02,Standard,Clothing,1.9,2034,1220.5,Delivered,2025-12-06,2025-12-05
SHP000208,CUST00287,PART3695,BR0135,BR1339,2025-11-17,Economy,Clothing,3.58,566,450.06,Out for Delivery,2025-11-24,
SHP000209,CUST01095,PART1545,BR0814,BR1096,2025-04-30,Standard,Electronics,1.81,377,307.17,Delivered,2025-05-04,2025-05-07
SHP000210,CUST00198,PART1283,BR3455,BR4154,2025-10-14,Express,Clothing,4.12,1011,786.69,Delivered,2025-10-16,2025-10-19
SHP000211,CUST01976,PART2867,BR1518,BR3504,2025-04-18,Economy,Electronics,3.82,1214,811.74,Out for Delivery,2025-04-25,
SHP000212,CUST03848,PART2651,BR4305,BR3485,2025-05-04,Standard,Food,0.67,85,121.49,Delayed,2025-05-08,2025-05-11
SHP000213,CUST04796,PART4622,BR3768,BR3577,2025-08-12,Standard,Parcel,2.32,136,185.84,In Transit,2025-08-16,
SHP000214,CUST01322,PART1065,BR2408,BR0999,2025-05-08,Standard,Parcel,0.81,1037,648.17,Delivered,2025-05-12,2025-05-15
SHP000215,CUST01551,PART0952,BR1318,BR0084,2025-09-07,Express,Electronics,3.15,928,719.7,Delivered,2025-09-09,2025-09-09
SHP000216,CUST04739,PART1856,BR2246,BR0331,2025-01-18,Same Day,Food,3.93,1946,1346.76,Delivered,2025-01-19,2025-01-22
SHP000217,CUST02977,PART0664,BR4548,BR0887,2025-06-23,Same Day,Food,3.92,998,825.14,Delivered,2025-06-24,2025-06-23
SHP000218,CUST02729,PART3994,BR0760,BR2602,2025-01-26,Economy,Electronics,4.15,1262,845.4,Delivered,2025-02-02,2025-02-01
SHP000219,CUST03549,PART4107,BR4189,BR3720,2025-01-24,Express,Clothing,0.85,502,434.8,In Transit,2025-01-26,
SHP000220,CUST04375,PART3333,BR1839,BR2678,2025-06-18,Express,Parcel,7.21,1968,1381.02,Delivered,2025-06-20,2025-06-23
SHP000221,CUST01512,PART4002,BR1214,BR4452,2025-10-13,Standard,Food,3.06,735,531.57,In Transit,2025-10-17,
SHP000222,CUST00819,PART2301,BR1103,BR0554,2025-09-21,Same Day,Food,4.71,860,766.62,Delayed,2025-09-22,2025-09-22
SHP000223,CUST01524,PART3111,BR0647,BR0480,2025-03-09,Express,Parcel,3.81,442,466.92,Delivered,2025-03-11,2025-03-15
SHP000224,CUST01060,PART0136,BR4591,BR2817,2025-06-23,Standard,Fragile,8.42,371,449.29,Delivered,2025-06-27,2025-06-30
SHP000225,CUST02083,PART4495,BR2261,BR0017,2025-07-07,Standard,Parcel,4.55,1038,731.0,In Transit,2025-07-11,
SHP000226,CUST00295,PART0463,BR1929,BR4576,2025-06-23,Economy,Electronics,4.55,1304,877.3,Returned,2025-06-30,2025-06-29
SHP000227,CUST03758,PART3574,BR2909,BR2508,2025-08-05,Express,Document,6.11,771,698.47,Delivered,2025-08-07,2025-08-09
SHP000228,CUST01756,PART2201,BR3932,BR0242,2025-03-15,Express,Electronics,3.9,968,758.2,In Transit,2025-03-17,
SHP000229,CUST03736,PART2160,BR2955,BR3982,2025-01-01,Standard,Electronics,2.54,1699,1050.33,In Transit,2025-01-05,
SHP000230,CUST04752,PART4672,BR2855,BR3288,2025-03-03,Express,Electronics,6.15,625,619.05,Delivered,2025-03-05,2025-03-06
SHP000231,CUST04195,PART0169,BR1975,BR2104,2025-01-03,Standard,Document,1.88,564,411.56,Delivered,2025-01-07,2025-01-11
SHP000232,CUST03138,PART4005,BR0965,BR0917,2025-12-24,Standard,Document,2.88,477,385.71,Delivered,2025-12-28,2025-12-27
SHP000233,CUST02337,PART0442,BR3455,BR3987,2025-04-13,Standard,Food,0.83,1491,898.31,Out for Delivery,2025-04-17,
SHP000234,CUST00148,PART4309,BR3480,BR0360,2025-12-12,Standard,Parcel,1.22,1269,784.79,In Transit,2025-12-16,
SHP000235,CUST01849,PART0582,BR0875,BR0263,2025-05-01,Same Day,Clothing,4.3,419,515.05,Delivered,2025-05-02,2025-05-03
SHP000236,CUST01094,PART3041,BR4597,BR2045,2025-03-20,Express,Clothing,5.57,1737,1217.89,Returned,2025-03-22,2025-03-22
SHP000237,CUST03573,PART3382,BR0411,BR4549,2025-11-15,Same Day,Document,4.17,276,433.54,In Transit,2025-11-16,
SHP000238,CUST04320,PART3655,BR1337,BR0059,2025-11-29,Same Day,Food,2.99,2090,1405.28,Delivered,2025-11-30,2025-12-01
SHP000239,CUST02270,PART4568,BR3505,BR1934,2025-09-23,Standard,Parcel,2.18,1917,1162.31,Out for Delivery,2025-09-27,
SHP000240,CUST02035,PART0868,BR4280,BR0603,2025-03-10,Same Day,Parcel,0.63,633,552.01,Delayed,2025-03-11,2025-03-13
SHP000241,CUST04890,PART1192,BR4358,BR4353,2025-02-28,Same Day,Parcel,1.16,1874,1246.22,Delayed,2025-03-01,2025-03-05
SHP000242,CUST01512,PART2706,BR4109,BR0313,2025-08-25,Standard,Fragile,1.09,28,99.38,In Transit,2025-08-29,
SHP000243,CUST00088,PART1415,BR2917,BR1046,2025-08-12,Express,Parcel,2.83,2146,1382.56,Delivered,2025-08-14,2025-08-15
SHP000244,CUST02951,PART3109,BR1445,BR2708,2025-06-26,Economy,Electronics,5.16,730,575.02,Out for Delivery,2025-07-03,
SHP000245,CUST02559,PART4308,BR1702,BR3231,2025-12-22,Express,Electronics,2.4,162,281.9,Cancelled,2025-12-24,
SHP000246,CUST03092,PART0650,BR0043,BR3538,2025-09-02,Standard,Parcel,0.69,1532,917.78,Delivered,2025-09-06,2025-09-07
SHP000247,CUST04615,PART4078,BR1430,BR0109,2025-06-01,Express,Food,1.17,2139,1342.19,Out for Delivery,2025-06-03,
SHP000248,CUST01218,PART2622,BR1401,BR3673,2025-02-27,Express,Parcel,2.8,793,637.75,Delivered,2025-03-01,2025-02-28
SHP000249,CUST03077,PART4352,BR3355,BR3264,2025-02-10,Same Day,Fragile,3.24,401,481.83,In Transit,2025-02-11,
SHP000250,CUST00393,PART2017,BR4537,BR1270,2025-05-22,Standard,Document,2.79,862,595.48,In Transit,2025-05-26,
SHP000251,CUST00425,PART3108,BR3159,BR1138,2025-02-12,Standard,Food,0.69,1839,1086.63,Delivered,2025-02-16,2025-02-18
SHP000252,CUST00872,PART2722,BR0843,BR2564,2025-04-13,Standard,Electronics,2.29,1431,897.43,Delivered,2025-04-17,2025-04-20
SHP000253,CUST03302,PART3560,BR3880,BR0097,2025-03-27,Express,Parcel,0.78,1148,788.56,Delivered,2025-03-29,2025-04-02
SHP000254,CUST02747,PART2753,BR1822,BR4232,2025-04-09,Standard,Electronics,4.61,993,707.57,In Transit,2025-04-13,
SHP000255,CUST04868,PART2036,BR4253,BR1391,2025-01-17,Standard,Fragile,4.96,219,289.57,Delivered,2025-01-21,2025-01-23
SHP000256,CUST02214,PART4180,BR4087,BR3014,2025-12-04,Standard,Parcel,1.05,1243,766.75,In Transit,2025-12-08,
SHP000257,CUST02405,PART0754,BR2569,BR4936,2025-08-23,Same Day,Clothing,2.08,329,416.71,Delivered,2025-08-24,2025-08-24
SHP000258,CUST03718,PART4372,BR0808,BR2884,2025-06-30,Express,Fragile,2.7,392,415.0,Delivered,2025-07-02,2025-07-05
SHP000259,CUST03478,PART3360,BR4312,BR1671,2025-02-15,Express,Food,0.8,169,250.55,Delivered,2025-02-17,2025-02-19
SHP000260,CUST00242,PART2144,BR0626,BR3206,2025-04-19,Standard,Clothing,1.09,1422,866.08,Out for Delivery,2025-04-23,
SHP000261,CUST00961,PART0212,BR3291,BR3861,2025-07-25,Standard,Fragile,5.53,671,550.71,Delivered,2025-07-29,2025-07-31
SHP000262,CUST00734,PART3611,BR0040,BR0795,2025-06-02,Express,Document,2.2,169,281.35,Delivered,2025-06-04,2025-06-07
SHP000263,CUST00571,PART2025,BR1097,BR2002,2025-07-02,Same Day,Fragile,2.34,2099,1395.93,In Transit,2025-07-03,
SHP000264,CUST03016,PART3140,BR3762,BR2248,2025-05-05,Express,Document,2.5,444,439.2,Delivered,2025-05-07,2025-05-11
SHP000265,CUST04386,PART3825,BR2217,BR0401,2025-05-30,Same Day,Document,6.55,1054,913.8,In Transit,2025-05-31,
SHP000266,CUST04312,PART2624,BR1743,BR2127,2025-08-06,Standard,Electronics,0.81,1205,740.57,Delayed,2025-08-10,2025-08-11
SHP000267,CUST01179,PART0791,BR0961,BR4719,2025-06-19,Standard,Clothing,2.37,1845,1126.89,In Transit,2025-06-23,
SHP000268,CUST04484,PART3811,BR0978,BR1616,2025-01-12,Express,Document,1.25,1855,1187.75,Delivered,2025-01-14,2025-01-15
SHP000269,CUST01077,PART1403,BR0411,BR0789,2025-02-12,Standard,Fragile,2.67,899,613.19,Delivered,2025-02-16,2025-02-15
SHP000270,CUST02519,PART0831,BR3863,BR2141,2025-02-07,Express,Clothing,2.21,1476,1000.42,In Transit,2025-02-09,
SHP000271,CUST00922,PART4997,BR2976,BR0992,2025-01-05,Same Day,Electronics,0.99,1911,1262.83,Delivered,2025-01-06,2025-01-06
SHP000272,CUST02688,PART0838,BR3501,BR3617,2025-11-06,Standard,Parcel,3.23,1016,689.86,Returned,2025-11-10,2025-11-11
SHP000273,CUST02163,PART2208,BR3385,BR3053,2025-09-30,Same Day,Document,8.02,280,520.44,Returned,2025-10-01,2025-10-01
SHP000274,CUST04229,PART1979,BR0818,BR1542,2025-12-31,Express,Parcel,2.97,698,589.24,Delivered,2026-01-02,2026-01-02
SHP000275,CUST04089,PART3114,BR0232,BR3609,2025-10-15,Standard,Electronics,1.42,2083,1236.89,In Transit,2025-10-19,
SHP000276,CUST00875,PART0602,BR2358,BR4554,2025-11-14,Express,Electronics,4.89,1035,816.83,Delivered,2025-11-16,2025-11-17
SHP000277,CUST02328,PART2363,BR1105,BR3648,2025-02-03,Express,Parcel,1.95,621,524.45,In Transit,2025-02-05,
SHP000278,CUST00414,PART4489,BR2937,BR0213,2025-07-06,Same Day,Food,2.33,2184,1442.46,Out for Delivery,2025-07-07,
SHP000279,CUST04171,PART4544,BR0332,BR1319,2025-08-22,Same Day,Parcel,6.18,61,359.51,Delivered,2025-08-23,2025-08-24
SHP000280,CUST04446,PART1601,BR2310,BR4902,2025-03-10,Same Day,Parcel,3.78,1300,988.16,Delivered,2025-03-11,2025-03-15
SHP000281,CUST04420,PART2581,BR1383,BR0057,2025-03-31,Standard,Clothing,1.34,1589,963.43,Delivered,2025-04-04,2025-04-08
SHP000282,CUST02540,PART2520,BR0926,BR4929,2025-04-19,Express,Clothing,5.85,1786,1251.0,Cancelled,2025-04-21,
SHP000283,CUST03647,PART3685,BR0700,BR0109,2025-07-31,Standard,Food,2.94,1679,1048.13,Delivered,2025-08-04,2025-08-07
SHP000284,CUST04969,PART1621,BR1827,BR2538,2025-09-03,Express,Clothing,0.98,1616,1050.36,Returned,2025-09-05,2025-09-06
SHP000285,CUST00725,PART4303,BR4318,BR4379,2025-11-24,Express,Fragile,5.11,2167,1444.27,Delivered,2025-11-26,2025-11-26
SHP000286,CUST03662,PART0986,BR3985,BR3921,2025-11-22,Express,Parcel,3.05,1824,1210.3,Delayed,2025-11-24,2025-11-28
SHP000287,CUST04464,PART3847,BR0173,BR3029,2025-07-28,Standard,Food,2.68,379,327.41,Delivered,2025-08-01,2025-08-04
SHP000288,CUST04708,PART0845,BR4736,BR4157,2025-12-29,Standard,Fragile,1.64,238,226.98,In Transit,2026-01-02,
SHP000289,CUST01607,PART0372,BR0859,BR4024,2025-08-05,Standard,Clothing,1.7,1655,1007.65,Returned,2025-08-09,2025-08-12
SHP000290,CUST04282,PART4068,BR0659,BR0302,2025-07-07,Economy,Document,1.84,143,179.13,In Transit,2025-07-14,
SHP000291,CUST01975,PART0615,BR0396,BR3531,2025-08-05,Economy,Parcel,2.89,1143,752.23,Delivered,2025-08-12,2025-08-16
SHP000292,CUST02481,PART4802,BR3285,BR1572,2025-02-20,Standard,Food,0.86,1888,1117.32,Delivered,2025-02-24,2025-02-28
SHP000293,CUST03061,PART1952,BR4088,BR4814,2025-08-15,Standard,Document,4.3,280,308.6,Delivered,2025-08-19,2025-08-21
SHP000294,CUST02519,PART0896,BR4615,BR4095,2025-07-21,Standard,Clothing,1.47,2168,1284.74,In Transit,2025-07-25,
SHP000295,CUST04921,PART3250,BR0222,BR1672,2025-04-14,Standard,Parcel,3.38,1771,1108.41,Delivered,2025-04-18,2025-04-19
SHP000296,CUST04666,PART1222,BR3254,BR4323,2025-01-30,Standard,Food,3.23,1350,873.56,Delivered,2025-02-03,2025-02-05
SHP000297,CUST03345,PART3759,BR1887,BR3172,2025-07-29,Standard,Parcel,3.76,1470,951.22,Delivered,2025-08-02,2025-08-05
SHP000298,CUST04341,PART4844,BR1200,BR0779,2025-09-06,Standard,Document,2.4,1346,853.1,Delivered,2025-09-10,2025-09-11
SHP000299,CUST00040,PART1401,BR3762,BR2885,2025-03-08,Standard,Food,3.67,1612,1027.34,Delivered,2025-03-12,2025-03-11
SHP000300,CUST04862,PART0922,BR2844,BR0105,2025-01-18,Standard,Fragile,3.19,359,327.63,Delivered,2025-01-22,2025-01-24
SHP000301,CUST03620,PART3050,BR2089,BR3061,2025-10-04,Standard,Fragile,4.8,459,418.05,Out for Delivery,2025-10-08,
SHP000302,CUST00175,PART2386,BR2563,BR2895,2025-12-11,Standard,Fragile,1.81,1594,976.52,Delivered,2025-12-15,2025-12-18
SHP000303,CUST02402,PART2768,BR0520,BR1095,2025-02-13,Standard,Food,8.5,901,742.55,Delivered,2025-02-17,2025-02-17
SHP000304,CUST01428,PART3717,BR3600,BR0587,2025-02-26,Standard,Document,4.56,370,363.82,Delivered,2025-03-02,2025-03-01
SHP000305,CUST02148,PART3509,BR1254,BR2022,2025-07-03,Economy,Fragile,1.6,573,410.35,Returned,2025-07-10,2025-07-10
SHP000306,CUST04716,PART4259,BR4170,BR4927,2025-12-26,Standard,Fragile,6.61,278,358.32,Delivered,2025-12-30,2025-12-31
SHP000307,CUST01922,PART4385,BR4510,BR1896,2025-02-16,Same Day,Fragile,1.44,2084,1367.88,Delivered,2025-02-17,2025-02-17
SHP000308,CUST03343,PART2260,BR3379,BR4557,2025-08-11,Standard,Food,2.91,1551,977.07,Delivered,2025-08-15,2025-08-17
SHP000309,CUST02316,PART2027,BR2955,BR4115,2025-01-19,Standard,Parcel,0.91,1708,1019.42,In Transit,2025-01-23,
SHP000310,CUST01791,PART1476,BR4840,BR3584,2025-06-18,Economy,Fragile,2.97,1260,818.34,Delivered,2025-06-25,2025-06-26
SHP000311,CUST00093,PART4352,BR0806,BR1221,2025-09-04,Standard,Food,3.21,1947,1201.47,Delivered,2025-09-08,2025-09-09
SHP000312,CUST03444,PART2914,BR4222,BR1205,2025-04-06,Express,Food,2.04,299,349.33,In Transit,2025-04-08,
SHP000313,CUST00924,PART3002,BR1852,BR0949,2025-03-07,Standard,Clothing,1.98,173,198.71,Delivered,2025-03-11,2025-03-11
SHP000314,CUST00184,PART2951,BR4576,BR1080,2025-12-04,Economy,Food,1.0,1397,850.35,Delivered,2025-12-11,2025-12-12
SHP000315,CUST00137,PART2163,BR1107,BR2534,2025-12-21,Standard,Document,4.14,763,570.73,Delayed,2025-12-25,2025-12-26
SHP000316,CUST03600,PART2274,BR2981,BR3727,2025-05-08,Standard,Fragile,1.97,321,279.89,Delivered,2025-05-12,2025-05-13
SHP000317,CUST04836,PART3872,BR1066,BR4604,2025-07-15,Standard,Parcel,4.74,1321,890.83,Delivered,2025-07-19,2025-07-23
SHP000318,CUST04880,PART3997,BR3219,BR0193,2025-06-24,Same Day,Document,4.28,982,824.26,Delivered,2025-06-25,2025-06-24
SHP000319,CUST03485,PART3346,BR3531,BR2391,2025-07-12,Express,Food,1.25,993,713.65,Delivered,2025-07-14,2025-07-16
SHP000320,CUST01349,PART4774,BR3181,BR4573,2025-05-22,Economy,Electronics,6.18,153,280.11,Returned,2025-05-29,2025-05-30
SHP000321,CUST01943,PART3417,BR3043,BR1819,2025-11-29,Economy,Electronics,2.34,1379,869.93,In Transit,2025-12-06,
SHP000322,CUST00226,PART3780,BR0219,BR4631,2025-02-02,Economy,Electronics,2.36,1433,900.07,Delivered,2025-02-09,2025-02-13
SHP000323,CUST01604,PART1415,BR0090,BR3826,2025-04-09,Standard,Parcel,5.45,52,208.5,Delivered,2025-04-13,2025-04-12
SHP000324,CUST01397,PART4814,BR2464,BR1957,2025-09-12,Standard,Electronics,0.98,1253,770.71,Delivered,2025-09-16,2025-09-19
SHP000325,CUST04508,PART0380,BR3402,BR2033,2025-02-06,Standard,Food,6.01,413,419.37,In Transit,2025-02-10,
SHP000326,CUST01908,PART1716,BR2234,BR3952,2025-05-20,Standard,Clothing,8.83,796,692.06,In Transit,2025-05-24,
SHP000327,CUST04719,PART1666,BR1559,BR2344,2025-11-25,Economy,Parcel,2.91,401,344.57,Delivered,2025-12-02,2025-12-06
SHP000328,CUST03300,PART2061,BR3827,BR3101,2025-07-12,Standard,Document,3.1,1244,812.4,Delivered,2025-07-16,2025-07-19
SHP000329,CUST00841,PART2542,BR2486,BR3927,2025-02-06,Express,Parcel,1.65,1527,1016.15,Delivered,2025-02-08,2025-02-12
SHP000330,CUST00944,PART1099,BR3864,BR3942,2025-12-04,Express,Document,1.39,1387,933.43,Returned,2025-12-06,2025-12-05
SHP000331,CUST00401,PART3521,BR1105,BR2285,2025-10-30,Standard,Document,2.61,1995,1214.67,Delayed,2025-11-03,2025-11-04
SHP000332,CUST03182,PART2132,BR4068,BR0957,2025-01-23,Express,Document,3.24,922,718.38,Delivered,2025-01-25,2025-01-29
SHP000333,CUST00950,PART4893,BR2937,BR0858,2025-09-30,Standard,Electronics,3.47,1156,772.14,Delivered,2025-10-04,2025-10-03
SHP000334,CUST03146,PART3938,BR0840,BR0828,2025-06-19,Standard,Food,1.75,659,460.95,In Transit,2025-06-23,
SHP000335,CUST00346,PART0333,BR3402,BR2445,2025-03-03,Express,Fragile,4.09,774,655.68,Cancelled,2025-03-05,
SHP000336,CUST02781,PART2038,BR4257,BR4421,2025-12-25,Standard,Food,2.34,2033,1229.63,In Transit,2025-12-29,
SHP000337,CUST00054,PART3815,BR3001,BR0036,2025-12-24,Standard,Parcel,5.1,1737,1127.55,Delivered,2025-12-28,2026-01-01
SHP000338,CUST04976,PART0463,BR0778,BR1823,2025-07-01,Standard,Electronics,1.6,503,371.85,Delivered,2025-07-05,2025-07-05
SHP000339,CUST00387,PART0172,BR0157,BR4882,2025-06-21,Same Day,Parcel,1.27,1719,1163.39,In Transit,2025-06-22,
SHP000340,CUST01961,PART4212,BR1830,BR0233,2025-11-01,Standard,Electronics,3.5,742,545.1,Delivered,2025-11-05,2025-11-07
SHP000341,CUST04441,PART2615,BR1161,BR2949,2025-01-31,Standard,Fragile,3.08,282,282.86,In Transit,2025-02-04,
SHP000342,CUST00131,PART4254,BR3746,BR3801,2025-01-10,Express,Food,6.66,263,431.17,In Transit,2025-01-12,
SHP000343,CUST02577,PART4791,BR0221,BR0019,2025-12-25,Economy,Food,2.23,480,373.06,Delivered,2026-01-01,2026-01-04
SHP000344,CUST00326,PART1026,BR2087,BR4491,2025-11-01,Standard,Food,3.22,1425,914.59,In Transit,2025-11-05,
SHP000345,CUST04509,PART4680,BR0719,BR2906,2025-05-02,Standard,Food,4.14,705,538.83,Delivered,2025-05-06,2025-05-06
SHP000346,CUST03278,PART1755,BR0215,BR2163,2025-09-07,Standard,Food,2.78,1605,1003.91,Delivered,2025-09-11,2025-09-14
SHP000347,CUST00957,PART3910,BR2722,BR3596,2025-05-20,Express,Document,3.05,625,550.85,Cancelled,2025-05-22,
SHP000348,CUST04145,PART4935,BR0195,BR0941,2025-09-09,Standard,Electronics,4.57,90,210.04,In Transit,2025-09-13,
SHP000349,CUST01568,PART0991,BR4780,BR2084,2025-10-20,Express,Clothing,7.56,1526,1145.62,In Transit,2025-10-22,
SHP000350,CUST02417,PART2437,BR0024,BR3873,2025-02-02,Standard,Electronics,2.07,1048,681.94,Delivered,2025-02-06,2025-02-07
SHP000351,CUST03060,PART1346,BR2437,BR2434,2025-10-27,Same Day,Fragile,5.4,1677,1231.15,In Transit,2025-10-28,
SHP000352,CUST00687,PART4388,BR1519,BR0723,2025-06-22,Same Day,Fragile,3.31,949,784.77,In Transit,2025-06-23,
SHP000353,CUST00517,PART0296,BR2109,BR0621,2025-02-16,Same Day,Fragile,10.84,1050,1005.98,Delivered,2025-02-17,2025-02-19
SHP000354,CUST02772,PART3127,BR4983,BR4158,2025-11-24,Standard,Document,0.44,2084,1215.88,Delayed,2025-11-28,2025-11-28
SHP000355,CUST04339,PART0278,BR3968,BR3522,2025-03-17,Standard,Parcel,7.55,1976,1312.9,Out for Delivery,2025-03-21,
SHP000356,CUST00376,PART3098,BR3741,BR3484,2025-06-30,Standard,Fragile,2.35,2013,1218.85,Delivered,2025-07-04,2025-07-03
SHP000357,CUST03133,PART2534,BR0228,BR1887,2025-06-04,Express,Parcel,2.07,44,209.74,Delivered,2025-06-06,2025-06-09
SHP000358,CUST02115,PART2357,BR2362,BR3688,2025-04-17,Express,Electronics,4.8,1942,1313.7,Delivered,2025-04-19,2025-04-23
SHP000359,CUST02070,PART3868,BR3102,BR4779,2025-04-01,Standard,Fragile,0.65,795,511.55,Delivered,2025-04-05,2025-04-08
SHP000360,CUST04363,PART4619,BR0169,BR0592,2025-11-27,Same Day,Electronics,5.67,228,440.14,In Transit,2025-11-28,
SHP000361,CUST00332,PART4286,BR3336,BR2065,2025-06-27,Economy,Clothing,5.43,2039,1300.91,Delivered,2025-07-04,2025-07-07
SHP000362,CUST01522,PART3537,BR1423,BR4816,2025-07-21,Standard,Document,2.14,151,190.13,Delivered,2025-07-25,2025-07-29
SHP000363,CUST04416,PART0855,BR1243,BR4763,2025-05-28,Standard,Clothing,1.4,775,517.05,Delayed,2025-06-01,2025-06-01
SHP000364,CUST04819,PART2039,BR3159,BR0480,2025-04-07,Express,Clothing,8.42,24,338.44,Delivered,2025-04-09,2025-04-13
SHP000365,CUST02185,PART4436,BR2838,BR1231,2025-07-03,Express,Electronics,5.04,841,713.43,In Transit,2025-07-05,
SHP000366,CUST00592,PART1267,BR3064,BR1287,2025-01-18,Standard,Food,3.06,1570,990.82,Delivered,2025-01-22,2025-01-26
SHP000367,CUST03409,PART1106,BR0115,BR3145,2025-07-12,Same Day,Fragile,3.9,1298,989.7,Delivered,2025-07-13,2025-07-14
SHP000368,CUST04580,PART0563,BR4336,BR0100,2025-08-19,Same Day,Clothing,2.86,1574,1118.62,Delayed,2025-08-20,2025-08-22
SHP000369,CUST04991,PART1201,BR4480,BR3934,2025-12-01,Economy,Food,1.99,1620,994.78,Delivered,2025-12-08,2025-12-07
SHP000370,CUST03053,PART4786,BR0829,BR1544,2025-09-18,Same Day,Fragile,1.3,804,660.8,In Transit,2025-09-19,
SHP000371,CUST02315,PART0571,BR0544,BR2406,2025-09-28,Standard,Document,2.08,2037,1226.11,In Transit,2025-10-02,
SHP000372,CUST02317,PART0781,BR3127,BR4612,2025-07-09,Standard,Parcel,2.03,1679,1028.11,In Transit,2025-07-13,
SHP000373,CUST03577,PART0827,BR3745,BR1043,2025-03-27,Standard,Fragile,0.79,1658,989.28,Delivered,2025-03-31,2025-03-30
SHP000374,CUST04799,PART1099,BR0519,BR1676,2025-12-31,Same Day,Food,2.84,1697,1185.83,In Transit,2026-01-01,
SHP000375,CUST02340,PART4778,BR1258,BR1955,2025-06-15,Standard,Food,1.79,704,486.58,Delivered,2025-06-19,2025-06-19
SHP000376,CUST03388,PART3679,BR4491,BR3005,2025-02-14,Standard,Clothing,0.99,2022,1193.88,In Transit,2025-02-18,
SHP000377,CUST03828,PART2038,BR3018,BR4494,2025-03-02,Standard,Fragile,2.68,2195,1326.21,Delivered,2025-03-06,2025-03-05
SHP000378,CUST04396,PART2000,BR1249,BR3817,2025-11-04,Express,Electronics,4.77,1465,1050.69,In Transit,2025-11-06,
SHP000379,CUST03304,PART1770,BR1362,BR3292,2025-12-22,Standard,Fragile,3.49,357,333.13,Delivered,2025-12-26,2025-12-27
SHP000380,CUST01006,PART4243,BR1472,BR2718,2025-03-04,Standard,Clothing,4.75,1332,897.1,In Transit,2025-03-08,
SHP000381,CUST00547,PART0210,BR3720,BR2144,2025-07-07,Economy,Document,2.67,731,520.79,Delivered,2025-07-14,2025-07-16
SHP000382,CUST02478,PART2747,BR1203,BR3998,2025-09-23,Standard,Electronics,2.44,346,303.98,Delivered,2025-09-27,2025-09-28
SHP000383,CUST01706,PART4896,BR0641,BR0398,2025-10-29,Standard,Electronics,1.45,1126,711.2,Out for Delivery,2025-11-02,
SHP000384,CUST03102,PART4103,BR0992,BR3190,2025-04-25,Express,Electronics,1.02,1717,1106.79,Delivered,2025-04-27,2025-04-28
SHP000385,CUST02646,PART1242,BR3915,BR3756,2025-09-19,Express,Electronics,1.87,1592,1056.74,Delivered,2025-09-21,2025-09-20
SHP000386,CUST00624,PART4736,BR4663,BR3204,2025-10-27,Same Day,Food,3.61,71,308.47,Out for Delivery,2025-10-28,
SHP000387,CUST02136,PART4591,BR1838,BR2210,2025-11-30,Standard,Document,4.86,1334,900.62,Delivered,2025-12-04,2025-12-04
SHP000388,CUST02643,PART0511,BR2910,BR3521,2025-05-04,Standard,Food,2.97,1501,950.89,Delayed,2025-05-08,2025-05-10
SHP000389,CUST01273,PART3700,BR0462,BR0577,2025-12-14,Same Day,Parcel,2.82,1306,970.34,Delivered,2025-12-15,2025-12-19
SHP000390,CUST04176,PART4454,BR0100,BR2355,2025-12-04,Standard,Food,2.49,53,143.93,In Transit,2025-12-08,
SHP000391,CUST00238,PART1994,BR1069,BR3319,2025-10-14,Express,Parcel,1.07,74,204.24,In Transit,2025-10-16,
SHP000392,CUST01895,PART3130,BR3401,BR0191,2025-10-18,Standard,Document,4.88,1522,1004.46,In Transit,2025-10-22,
SHP000393,CUST00632,PART0814,BR1184,BR4012,2025-02-04,Standard,Clothing,1.32,593,415.19,In Transit,2025-02-08,
SHP000394,CUST01631,PART1776,BR2678,BR2165,2025-02-02,Standard,Electronics,4.21,1523,990.27,Delivered,2025-02-06,2025-02-08
SHP000395,CUST02291,PART2808,BR1430,BR2290,2025-08-11,Same Day,Document,2.57,2057,1377.89,Returned,2025-08-12,2025-08-11
SHP000396,CUST01989,PART4708,BR1971,BR2954,2025-08-05,Standard,Electronics,3.46,1289,845.07,Delivered,2025-08-09,2025-08-11
SHP000397,CUST02683,PART1008,BR4756,BR2369,2025-07-06,Express,Fragile,1.8,500,454.6,Returned,2025-07-08,2025-07-11
SHP000398,CUST03549,PART2214,BR1483,BR4463,2025-02-16,Standard,Electronics,5.93,1701,1126.01,Delivered,2025-02-20,2025-02-24
SHP000399,CUST00773,PART1127,BR0892,BR1530,2025-04-20,Express,Clothing,4.89,1449,1044.53,Delivered,2025-04-22,2025-04-21
SHP000400,CUST02484,PART2683,BR3317,BR2451,2025-09-13,Express,Document,6.7,706,675.7,In Transit,2025-09-15,
SHP000401,CUST03280,PART3751,BR3359,BR3217,2025-03-12,Express,Food,3.42,292,375.84,Delivered,2025-03-14,2025-03-14
SHP000402,CUST00197,PART2692,BR3053,BR0929,2025-04-17,Standard,Food,10.41,862,763.12,In Transit,2025-04-21,
SHP000403,CUST03234,PART3638,BR3932,BR4059,2025-05-10,Standard,Food,1.42,694,472.94,Delivered,2025-05-14,2025-05-13
SHP000404,CUST04481,PART2647,BR1380,BR1780,2025-12-11,Economy,Document,3.39,2145,1314.33,Delivered,2025-12-18,2025-12-20
SHP000405,CUST00041,PART2864,BR4132,BR0587,2025-06-02,Standard,Fragile,4.03,565,459.41,Delivered,2025-06-06,2025-06-09
SHP000406,CUST01950,PART3880,BR1137,BR2423,2025-08-19,Express,Food,1.59,651,533.03,Delivered,2025-08-21,2025-08-23
SHP000407,CUST00643,PART2241,BR0514,BR4197,2025-12-23,Standard,Document,3.29,1250,819.88,Delayed,2025-12-27,2025-12-26
SHP000408,CUST01977,PART4941,BR4162,BR3885,2025-06-30,Standard,Fragile,4.36,27,170.77,Delivered,2025-07-04,2025-07-06
SHP000409,CUST04111,PART2049,BR0362,BR0717,2025-01-25,Standard,Food,1.53,291,253.71,Delivered,2025-01-29,2025-01-28
SHP000410,CUST01737,PART0054,BR2921,BR2186,2025-09-10,Economy,Parcel,1.96,620,444.12,In Transit,2025-09-17,
SHP000411,CUST03452,PART0896,BR3108,BR3195,2025-05-30,Same Day,Fragile,1.61,1997,1323.77,Delivered,2025-05-31,2025-06-03
SHP000412,CUST01476,PART4204,BR3044,BR4234,2025-05-09,Same Day,Food,5.01,908,799.62,Out for Delivery,2025-05-10,
SHP000413,CUST04099,PART2036,BR4541,BR0950,2025-06-09,Economy,Electronics,4.77,487,432.79,Delivered,2025-06-16,2025-06-16
SHP000414,CUST00963,PART3144,BR0419,BR2958,2025-10-31,Standard,Fragile,1.82,16,108.84,Delivered,2025-11-04,2025-11-05
SHP000415,CUST01861,PART1213,BR1906,BR3203,2025-07-25,Standard,Fragile,1.9,826,556.1,Delivered,2025-07-29,2025-08-01
SHP000416,CUST02844,PART4450,BR3725,BR2374,2025-11-19,Same Day,Electronics,1.48,993,768.71,Delivered,2025-11-20,2025-11-20
SHP000417,CUST00108,PART0547,BR3936,BR0795,2025-03-07,Standard,Clothing,0.88,1037,649.71,Delivered,2025-03-11,2025-03-14
SHP000418,CUST00378,PART4099,BR1599,BR0904,2025-09-04,Economy,Clothing,2.29,1490,929.88,Returned,2025-09-11,2025-09-14
SHP000419,CUST04833,PART3240,BR1524,BR4076,2025-07-04,Same Day,Food,9.46,511,679.17,Delivered,2025-07-05,2025-07-04
SHP000420,CUST01365,PART0681,BR0471,BR3385,2025-10-19,Standard,Parcel,5.18,1702,1110.06,Delivered,2025-10-23,2025-10-23
SHP000421,CUST03322,PART1013,BR4328,BR3361,2025-04-03,Same Day,Clothing,3.61,1120,885.42,Cancelled,2025-04-04,
SHP000422,CUST00862,PART4004,BR4547,BR4396,2025-03-15,Economy,Document,2.04,715,498.13,Out for Delivery,2025-03-22,
SHP000423,CUST00972,PART0492,BR4235,BR2869,2025-09-26,Standard,Electronics,4.2,2140,1329.4,Delivered,2025-09-30,2025-09-29
SHP000424,CUST02335,PART2602,BR4765,BR2832,2025-09-01,Express,Electronics,4.89,1669,1165.53,Out for Delivery,2025-09-03,
SHP000425,CUST03246,PART1294,BR4917,BR0594,2025-05-01,Standard,Document,3.62,2011,1245.69,Delivered,2025-05-05,2025-05-09
SHP000426,CUST01992,PART2584,BR1229,BR2731,2025-12-05,Express,Food,1.35,1128,790.1,In Transit,2025-12-07,
SHP000427,CUST02925,PART1767,BR3408,BR2558,2025-07-29,Standard,Document,2.76,2124,1288.92,Delivered,2025-08-02,2025-08-05
SHP000428,CUST01509,PART2680,BR3573,BR2384,2025-03-03,Express,Clothing,1.38,696,553.16,Delivered,2025-03-05,2025-03-04
SHP000429,CUST00131,PART3337,BR4483,BR4113,2025-06-24,Express,Fragile,4.15,1948,1302.7,Delayed,2025-06-26,2025-06-29
SHP000430,CUST04586,PART2663,BR4181,BR0852,2025-06-07,Standard,Food,2.52,1491,935.49,Delivered,2025-06-11,2025-06-10
SHP000431,CUST03700,PART4073,BR0134,BR4386,2025-07-20,Standard,Electronics,2.72,1220,790.84,Delivered,2025-07-24,2025-07-27
SHP000432,CUST00052,PART2979,BR2981,BR1474,2025-06-12,Same Day,Clothing,3.07,1294,969.24,In Transit,2025-06-13,
SHP000433,CUST00919,PART2765,BR1753,BR2779,2025-11-03,Standard,Parcel,2.79,1698,1055.28,In Transit,2025-11-07,
SHP000434,CUST03817,PART0874,BR1949,BR2374,2025-02-22,Express,Parcel,4.06,2008,1333.72,Delivered,2025-02-24,2025-02-28
SHP000435,CUST03751,PART1968,BR4455,BR4918,2025-12-25,Economy,Fragile,1.11,1029,650.37,Cancelled,2026-01-01,
SHP000436,CUST03538,PART2949,BR1623,BR1059,2025-09-14,Standard,Electronics,8.09,531,530.03,Delivered,2025-09-18,2025-09-18
SHP000437,CUST04521,PART2897,BR2077,BR1653,2025-09-15,Express,Electronics,2.22,1431,975.89,In Transit,2025-09-17,
SHP000438,CUST00684,PART3456,BR2270,BR3110,2025-04-11,Same Day,Document,4.24,1701,1218.83,In Transit,2025-04-12,
SHP000439,CUST00481,PART1023,BR0614,BR2408,2025-05-13,Economy,Clothing,1.9,130,173.3,Delayed,2025-05-20,2025-05-19
SHP000440,CUST01042,PART2571,BR3462,BR1564,2025-06-09,Standard,Document,3.33,98,187.16,Delivered,2025-06-13,2025-06-13
SHP000441,CUST02113,PART2174,BR2227,BR2747,2025-12-31,Standard,Parcel,2.4,1541,960.35,Cancelled,2026-01-04,
SHP000442,CUST00224,PART4268,BR2803,BR1205,2025-12-17,Standard,Fragile,0.71,554,380.32,Out for Delivery,2025-12-21,
SHP000443,CUST04158,PART3633,BR2060,BR1095,2025-10-22,Standard,Document,10.58,1061,876.31,Delivered,2025-10-26,2025-10-27
SHP000444,CUST03229,PART0951,BR2833,BR3139,2025-06-05,Economy,Electronics,2.24,260,252.28,Out for Delivery,2025-06-12,
SHP000445,CUST01950,PART3777,BR3412,BR3345,2025-11-23,Express,Electronics,5.08,1476,1063.56,Delivered,2025-11-25,2025-11-27
SHP000446,CUST02363,PART3552,BR3758,BR0384,2025-02-20,Economy,Fragile,3.65,910,640.8,Delivered,2025-02-27,2025-03-02
SHP000447,CUST00938,PART4111,BR0148,BR4752,2025-04-26,Standard,Clothing,1.97,1776,1080.14,Returned,2025-04-30,2025-05-04
SHP000448,CUST04828,PART0144,BR3947,BR4267,2025-08-24,Economy,Clothing,7.3,1203,882.25,Delivered,2025-08-31,2025-09-02
SHP000449,CUST01432,PART3318,BR4200,BR1782,2025-11-27,Express,Document,5.72,126,335.14,Returned,2025-11-29,2025-11-28
SHP000450,CUST01240,PART2812,BR0974,BR0449,2025-10-31,Same Day,Document,1.72,1359,975.29,In Transit,2025-11-01,
SHP000451,CUST04375,PART1240,BR0364,BR3753,2025-07-30,Express,Food,2.94,2107,1363.53,Delivered,2025-08-01,2025-08-01
SHP000452,CUST02028,PART2083,BR1360,BR1047,2025-01-27,Standard,Food,6.76,873,688.87,In Transit,2025-01-31,
SHP000453,CUST04353,PART2569,BR0615,BR2530,2025-06-25,Express,Parcel,4.26,435,472.97,Delivered,2025-06-27,2025-07-01
SHP000454,CUST02996,PART0162,BR4998,BR0412,2025-11-16,Express,Clothing,6.07,1974,1359.24,Delivered,2025-11-18,2025-11-22
SHP000455,CUST04677,PART2737,BR2542,BR4366,2025-07-17,Express,Electronics,1.52,1080,767.44,Out for Delivery,2025-07-19,
SHP000456,CUST01039,PART3510,BR3006,BR2308,2025-10-16,Standard,Fragile,6.08,220,314.76,Delivered,2025-10-20,2025-10-20
SHP000457,CUST03594,PART0770,BR4327,BR2074,2025-01-23,Standard,Electronics,4.6,185,262.95,Delivered,2025-01-27,2025-01-30
SHP000458,CUST00033,PART2712,BR0119,BR0383,2025-12-15,Express,Clothing,3.54,1861,1241.43,Delivered,2025-12-17,2025-12-16
SHP000459,CUST01192,PART1230,BR4355,BR1799,2025-04-14,Economy,Parcel,1.26,1043,661.37,Delayed,2025-04-21,2025-04-25
SHP000460,CUST01559,PART1560,BR3579,BR3883,2025-05-06,Economy,Fragile,1.83,514,382.96,Delivered,2025-05-13,2025-05-17
SHP000461,CUST02278,PART1525,BR0346,BR3176,2025-11-22,Economy,Clothing,3.89,1982,1235.68,Delivered,2025-11-29,2025-11-28
SHP000462,CUST01932,PART4740,BR4676,BR0421,2025-05-10,Express,Parcel,9.12,1994,1437.34,Delivered,2025-05-12,2025-05-13
SHP000463,CUST03595,PART1518,BR1799,BR2827,2025-10-22,Express,Document,4.32,330,416.54,In Transit,2025-10-24,
SHP000464,CUST01834,PART4760,BR1658,BR3357,2025-09-27,Standard,Parcel,4.23,1096,755.86,Delivered,2025-10-01,2025-09-30
SHP000465,CUST03046,PART4879,BR3177,BR2198,2025-12-02,Standard,Parcel,6.96,722,610.22,Delivered,2025-12-06,2025-12-09
SHP000466,CUST02884,PART2840,BR4604,BR1741,2025-06-14,Economy,Fragile,1.14,978,622.98,Delivered,2025-06-21,2025-06-24
SHP000467,CUST03306,PART0308,BR3938,BR4478,2025-12-10,Standard,Document,4.93,2130,1339.96,In Transit,2025-12-14,
SHP000468,CUST02367,PART2497,BR4420,BR0731,2025-03-09,Same Day,Electronics,5.09,1995,1399.23,Delivered,2025-03-10,2025-03-10
SHP000469,CUST00788,PART3643,BR3819,BR1137,2025-01-29,Standard,Electronics,4.75,1095,766.75,Delivered,2025-02-02,2025-02-04
SHP000470,CUST01868,PART3871,BR2001,BR3325,2025-01-19,Express,Food,6.87,48,317.54,Out for Delivery,2025-01-21,
SHP000471,CUST04582,PART4423,BR4414,BR0692,2025-05-26,Standard,Fragile,5.66,746,594.82,Delivered,2025-05-30,2025-05-31
SHP000472,CUST02810,PART2699,BR4830,BR1262,2025-08-08,Standard,Food,1.9,968,634.2,Delivered,2025-08-12,2025-08-14
SHP000473,CUST03549,PART0158,BR0050,BR4503,2025-06-08,Economy,Electronics,5.64,730,585.58,Delivered,2025-06-15,2025-06-19
SHP000474,CUST00131,PART1072,BR1841,BR4844,2025-08-01,Express,Food,4.8,338,431.5,Delivered,2025-08-03,2025-08-05
SHP000475,CUST00265,PART3512,BR4297,BR1598,2025-11-20,Standard,Document,1.43,1454,891.16,Returned,2025-11-24,2025-11-23
SHP000476,CUST00815,PART4778,BR1875,BR2216,2025-07-05,Standard,Fragile,4.88,1172,811.96,Delivered,2025-07-09,2025-07-09
SHP000477,CUST01934,PART2553,BR2412,BR1342,2025-05-02,Express,Fragile,4.13,2095,1383.11,In Transit,2025-05-04,
SHP000478,CUST00050,PART3760,BR3806,BR2266,2025-05-25,Express,Food,1.34,1144,798.68,Delivered,2025-05-27,2025-05-27
SHP000479,CUST02759,PART1322,BR1852,BR1966,2025-01-22,Express,Document,5.24,76,297.08,Out for Delivery,2025-01-24,
SHP000480,CUST04429,PART3389,BR2497,BR2471,2025-11-25,Express,Food,2.26,468,447.12,Out for Delivery,2025-11-27,
SHP000481,CUST00964,PART3245,BR4347,BR4462,2025-09-19,Standard,Fragile,3.62,2097,1292.99,Delivered,2025-09-23,2025-09-23
SHP000482,CUST03357,PART2953,BR1156,BR4684,2025-03-14,Standard,Food,1.0,383,292.65,Delivered,2025-03-18,2025-03-18
SHP000483,CUST04885,PART1188,BR3729,BR1179,2025-11-18,Express,Electronics,2.48,1322,921.66,Delivered,2025-11-20,2025-11-23
SHP000484,CUST02354,PART4849,BR1402,BR1363,2025-02-28,Same Day,Document,3.96,375,483.37,Delivered,2025-03-01,2025-02-28
SHP000485,CUST04563,PART2764,BR1379,BR0262,2025-11-14,Economy,Electronics,2.96,2134,1298.82,Delivered,2025-11-21,2025-11-21
SHP000486,CUST04047,PART0448,BR4526,BR4700,2025-06-25,Same Day,Parcel,7.86,1109,972.87,Returned,2025-06-26,2025-06-29
SHP000487,CUST00174,PART1601,BR0008,BR0754,2025-12-28,Standard,Fragile,1.36,782,520.02,Delivered,2026-01-01,2026-01-04
SHP000488,CUST02727,PART1826,BR0861,BR4321,2025-01-09,Economy,Fragile,1.74,1918,1153.18,Delivered,2025-01-16,2025-01-19
SHP000489,CUST04586,PART2502,BR4292,BR0934,2025-12-21,Economy,Clothing,1.45,2048,1218.3,Out for Delivery,2025-12-28,
SHP000490,CUST04248,PART4197,BR1227,BR3517,2025-08-18,Economy,Clothing,5.79,364,387.58,Delivered,2025-08-25,2025-08-29
SHP000491,CUST00050,PART0714,BR1454,BR2134,2025-02-07,Standard,Electronics,2.41,1608,997.42,Delivered,2025-02-11,2025-02-15
SHP000492,CUST00877,PART1486,BR3168,BR1225,2025-07-23,Economy,Clothing,4.81,1187,818.67,Delivered,2025-07-30,2025-07-31
SHP000493,CUST04220,PART1559,BR3023,BR4947,2025-12-29,Standard,Parcel,2.52,1082,710.54,Delivered,2026-01-02,2026-01-04
SHP000494,CUST04712,PART3932,BR3656,BR1039,2025-08-26,Standard,Clothing,2.94,913,626.83,Delivered,2025-08-30,2025-09-02
SHP000495,CUST02223,PART0297,BR2953,BR3415,2025-06-18,Standard,Document,7.44,165,314.43,Delivered,2025-06-22,2025-06-21
SHP000496,CUST03042,PART3561,BR3791,BR1314,2025-08-26,Express,Document,3.43,805,658.21,In Transit,2025-08-28,
SHP000497,CUST00404,PART3821,BR1670,BR1499,2025-01-03,Standard,Food,6.48,574,518.26,Delivered,2025-01-07,2025-01-07
SHP000498,CUST03506,PART1700,BR1035,BR0008,2025-01-24,Standard,Food,1.75,1223,771.15,Delivered,2025-01-28,2025-01-30
SHP000499,CUST03217,PART2652,BR1466,BR0411,2025-08-28,Same Day,Fragile,2.4,2151,1425.85,Delayed,2025-08-29,2025-08-28
SHP000500,CUST03341,PART0655,BR3217,BR1156,2025-10-11,Standard,Fragile,1.35,1471,898.75,Delivered,2025-10-15,2025-10-15
SHP000501,CUST01630,PART1117,BR3604,BR0882,2025-11-13,Standard,Parcel,1.35,1206,753.0,Returned,2025-11-17,2025-11-19
SHP000502,CUST01281,PART3623,BR3972,BR3319,2025-11-07,Economy,Food,8.22,1296,953.64,Delivered,2025-11-14,2025-11-18
SHP000503,CUST02194,PART2407,BR2980,BR0043,2025-10-25,Express,Parcel,1.04,2067,1299.73,Cancelled,2025-10-27,
SHP000504,CUST04500,PART0917,BR1921,BR0830,2025-03-14,Express,Fragile,3.65,1248,906.7,Returned,2025-03-16,2025-03-20
SHP000505,CUST01381,PART0081,BR4407,BR3175,2025-01-04,Economy,Parcel,0.59,1553,927.13,Delivered,2025-01-11,2025-01-13
SHP000506,CUST01959,PART3306,BR2014,BR2273,2025-12-13,Economy,Document,1.7,1305,815.15,Delivered,2025-12-20,2025-12-21
SHP000507,CUST02533,PART2427,BR0700,BR2268,2025-07-22,Standard,Parcel,1.05,784,514.3,Returned,2025-07-26,2025-07-29
SHP000508,CUST04634,PART4121,BR0966,BR1947,2025-11-25,Express,Document,0.94,1926,1219.98,Delayed,2025-11-27,2025-11-27
SHP000509,CUST02282,PART4912,BR3310,BR0092,2025-08-31,Standard,Food,3.17,234,258.44,Delivered,2025-09-04,2025-09-08
SHP000510,CUST04157,PART4141,BR0643,BR1938,2025-07-09,Express,Clothing,1.94,1476,994.48,Delivered,2025-07-11,2025-07-13
SHP000511,CUST04022,PART4202,BR2975,BR0656,2025-06-24,Standard,Parcel,5.45,979,718.35,Returned,2025-06-28,2025-06-27
SHP000512,CUST00342,PART4793,BR3041,BR2037,2025-04-04,Same Day,Fragile,4.36,1735,1240.17,Delivered,2025-04-05,2025-04-04
SHP000513,CUST04345,PART3919,BR4420,BR2327,2025-06-12,Standard,Electronics,2.16,736,512.32,Delivered,2025-06-16,2025-06-16
SHP000514,CUST04826,PART3458,BR0523,BR2799,2025-11-14,Standard,Clothing,4.35,1081,750.25,In Transit,2025-11-18,
SHP000515,CUST03144,PART1931,BR4601,BR2513,2025-07-08,Express,Electronics,8.61,757,745.77,Delayed,2025-07-10,2025-07-14
SHP000516,CUST00688,PART3665,BR1559,BR0315,2025-03-16,Standard,Parcel,0.92,652,438.84,Delivered,2025-03-20,2025-03-22
SHP000517,CUST01511,PART3737,BR0882,BR0008,2025-03-05,Standard,Food,3.37,795,571.39,Delivered,2025-03-09,2025-03-10
SHP000518,CUST04352,PART2585,BR4390,BR2336,2025-12-25,Standard,Parcel,2.93,1102,730.56,In Transit,2025-12-29,
SHP000519,CUST02163,PART2212,BR3543,BR2200,2025-07-03,Same Day,Electronics,1.5,1658,1134.9,In Transit,2025-07-04,
SHP000520,CUST04809,PART4303,BR0139,BR4721,2025-01-02,Standard,Clothing,1.79,2127,1269.23,Returned,2025-01-06,2025-01-07
SHP000521,CUST03098,PART2360,BR3124,BR2446,2025-09-07,Same Day,Document,1.13,655,575.11,Delivered,2025-09-08,2025-09-10
SHP000522,CUST01964,PART3571,BR4258,BR4111,2025-11-23,Standard,Document,2.04,1981,1194.43,Delivered,2025-11-27,2025-11-26
SHP000523,CUST03090,PART2527,BR2915,BR2151,2025-03-02,Express,Clothing,3.53,1535,1061.91,Delivered,2025-03-04,2025-03-03
SHP000524,CUST03170,PART4778,BR0270,BR1148,2025-07-04,Standard,Parcel,4.19,222,274.28,In Transit,2025-07-08,
SHP000525,CUST00545,PART3161,BR2363,BR2594,2025-12-22,Standard,Food,3.98,787,580.41,Delivered,2025-12-26,2025-12-25
SHP000526,CUST02744,PART4371,BR1559,BR2450,2025-09-22,Standard,Food,2.22,879,592.29,Delivered,2025-09-26,2025-09-26
SHP000527,CUST03318,PART4929,BR2164,BR1692,2025-03-31,Same Day,Clothing,4.61,1409,1066.37,Delivered,2025-04-01,2025-04-04
SHP000528,CUST00376,PART2256,BR2780,BR2719,2025-01-10,Same Day,Clothing,5.15,1058,885.2,Delivered,2025-01-11,2025-01-13
SHP000529,CUST04529,PART0536,BR0511,BR3464,2025-01-31,Economy,Electronics,1.61,1787,1078.27,Delivered,2025-02-07,2025-02-10
SHP000530,CUST00848,PART2112,BR2209,BR1106,2025-04-16,Standard,Parcel,2.35,1818,1111.6,Delivered,2025-04-20,2025-04-20
SHP000531,CUST00033,PART4567,BR4894,BR2810,2025-05-23,Same Day,Electronics,7.49,556,660.58,Delayed,2025-05-24,2025-05-23
SHP000532,CUST03711,PART1774,BR0168,BR4399,2025-09-30,Standard,Parcel,2.31,361,309.37,Delivered,2025-10-04,2025-10-07
SHP000533,CUST04313,PART0210,BR4754,BR0517,2025-10-10,Same Day,Document,3.07,1017,816.89,Out for Delivery,2025-10-11,
SHP000534,CUST00151,PART2274,BR0085,BR3025,2025-07-01,Same Day,Fragile,3.96,1393,1043.27,Delivered,2025-07-02,2025-07-02
SHP000535,CUST04998,PART0176,BR1941,BR4205,2025-07-08,Standard,Electronics,2.18,628,453.36,Delivered,2025-07-12,2025-07-14
SHP000536,CUST04062,PART4970,BR2406,BR2601,2025-08-16,Standard,Electronics,1.77,1041,671.49,Returned,2025-08-20,2025-08-23
SHP000537,CUST04538,PART1485,BR1837,BR0534,2025-05-22,Standard,Fragile,2.24,1430,895.78,Out for Delivery,2025-05-26,
SHP000538,CUST04115,PART4184,BR2098,BR0536,2025-03-13,Standard,Food,1.11,1778,1062.32,Delayed,2025-03-17,2025-03-18
SHP000539,CUST00542,PART2241,BR0613,BR2964,2025-06-27,Economy,Parcel,6.03,929,703.61,In Transit,2025-07-04,
SHP000540,CUST02728,PART1420,BR3849,BR4197,2025-12-14,Standard,Clothing,1.47,1018,652.24,Delivered,2025-12-18,2025-12-18
SHP000541,CUST03968,PART0272,BR2010,BR2538,2025-08-24,Standard,Electronics,3.41,2037,1255.37,Delivered,2025-08-28,2025-08-29
SHP000542,CUST02346,PART3216,BR3408,BR2154,2025-01-30,Standard,Clothing,2.24,560,417.28,In Transit,2025-02-03,
SHP000543,CUST00989,PART4022,BR1000,BR1605,2025-06-18,Standard,Food,3.29,633,480.53,Out for Delivery,2025-06-22,
SHP000544,CUST00422,PART1429,BR3670,BR4836,2025-01-12,Economy,Document,2.27,367,311.79,Delivered,2025-01-19,2025-01-18
SHP000545,CUST01945,PART4800,BR1070,BR2979,2025-03-24,Express,Document,0.84,1843,1172.13,In Transit,2025-03-26,
SHP000546,CUST00878,PART0806,BR3298,BR0535,2025-02-15,Express,Fragile,10.11,2127,1532.27,Returned,2025-02-17,2025-02-16
SHP000547,CUST02704,PART3385,BR1586,BR4068,2025-07-16,Standard,Electronics,1.69,510,377.68,Delivered,2025-07-20,2025-07-24
SHP000548,CUST01355,PART0347,BR2943,BR3592,2025-11-28,Standard,Fragile,3.83,579,462.71,Delayed,2025-12-02,2025-12-02
SHP000549,CUST02947,PART4303,BR1883,BR3635,2025-11-22,Same Day,Electronics,1.7,2069,1365.35,Delayed,2025-11-23,2025-11-26
SHP000550,CUST00994,PART0561,BR4157,BR1936,2025-01-05,Economy,Food,3.88,239,276.81,Delivered,2025-01-12,2025-01-11
SHP000551,CUST01887,PART2903,BR0750,BR4752,2025-03-29,Same Day,Electronics,1.27,1516,1051.74,Delivered,2025-03-30,2025-03-30
SHP000552,CUST01092,PART3327,BR0237,BR4396,2025-04-15,Express,Electronics,1.24,1210,832.78,Delivered,2025-04-17,2025-04-20
SHP000553,CUST01824,PART3884,BR1072,BR4719,2025-05-26,Express,Document,2.12,1298,900.54,Delivered,2025-05-28,2025-05-27
SHP000554,CUST00511,PART1432,BR1770,BR3181,2025-06-02,Standard,Parcel,1.96,1555,958.37,Delivered,2025-06-06,2025-06-05
SHP000555,CUST02435,PART0388,BR3327,BR2682,2025-07-05,Standard,Document,0.86,572,393.52,Delivered,2025-07-09,2025-07-08
SHP000556,CUST03501,PART3434,BR0077,BR2478,2025-09-09,Standard,Parcel,3.41,1048,711.42,Delivered,2025-09-13,2025-09-17
SHP000557,CUST02226,PART2758,BR4659,BR3559,2025-07-03,Same Day,Food,1.84,2195,1437.73,Delivered,2025-07-04,2025-07-08
SHP000558,CUST04068,PART2446,BR3628,BR2768,2025-01-28,Same Day,Parcel,0.84,134,282.18,Delivered,2025-01-29,2025-02-02
SHP000559,CUST02322,PART4547,BR0021,BR4803,2025-08-04,Standard,Fragile,7.33,928,731.66,In Transit,2025-08-08,
SHP000560,CUST02726,PART2389,BR1708,BR0244,2025-12-09,Express,Parcel,2.14,174,282.78,Delivered,2025-12-11,2025-12-11
SHP000561,CUST00634,PART0674,BR1439,BR2099,2025-03-06,Standard,Fragile,2.66,338,304.42,Delivered,2025-03-10,2025-03-14
SHP000562,CUST01110,PART0642,BR0828,BR4367,2025-07-25,Same Day,Parcel,2.84,1834,1261.18,Delivered,2025-07-26,2025-07-25
SHP000563,CUST04464,PART3335,BR0888,BR1540,2025-03-24,Standard,Clothing,5.95,474,451.6,Delivered,2025-03-28,2025-03-30
SHP000564,CUST00622,PART3491,BR0739,BR0609,2025-10-21,Express,Parcel,2.11,300,351.42,Returned,2025-10-23,2025-10-26
SHP000565,CUST02623,PART3607,BR2359,BR0439,2025-04-07,Express,Fragile,3.05,667,573.95,In Transit,2025-04-09,
SHP000566,CUST02501,PART3924,BR1032,BR0528,2025-04-11,Standard,Fragile,1.86,1170,744.42,Delivered,2025-04-15,2025-04-17
SHP000567,CUST03000,PART1249,BR3728,BR4105,2025-07-17,Express,Fragile,1.1,964,694.4,Delivered,2025-07-19,2025-07-22
SHP000568,CUST02808,PART3609,BR4152,BR4342,2025-10-17,Economy,Parcel,3.15,1707,1068.15,In Transit,2025-10-24,
SHP000569,CUST04570,PART2175,BR0139,BR0384,2025-09-04,Express,Fragile,0.88,1328,889.76,Delivered,2025-09-06,2025-09-05
SHP000570,CUST02326,PART3813,BR4555,BR3679,2025-12-13,Standard,Document,6.55,586,526.4,Delayed,2025-12-17,2025-12-21
SHP000571,CUST00249,PART4460,BR4066,BR1328,2025-05-22,Standard,Parcel,3.47,803,577.99,Delivered,2025-05-26,2025-05-25
SHP000572,CUST03309,PART3908,BR3494,BR4389,2025-08-02,Standard,Electronics,3.2,1350,872.9,Delivered,2025-08-06,2025-08-09
SHP000573,CUST03178,PART2148,BR4323,BR3740,2025-10-21,Express,Fragile,1.72,121,244.39,In Transit,2025-10-23,
SHP000574,CUST04414,PART0903,BR0350,BR1937,2025-03-19,Standard,Document,3.2,225,254.15,In Transit,2025-03-23,
SHP000575,CUST04983,PART0530,BR1264,BR3617,2025-02-14,Standard,Parcel,2.39,367,314.43,In Transit,2025-02-18,
SHP000576,CUST00589,PART4793,BR1393,BR4188,2025-03-02,Standard,Food,1.68,182,197.06,Delayed,2025-03-06,2025-03-09
SHP000577,CUST01767,PART0950,BR2879,BR1601,2025-07-23,Same Day,Clothing,2.41,2130,1414.52,Returned,2025-07-24,2025-07-24
SHP000578,CUST03988,PART1296,BR0630,BR1957,2025-03-30,Economy,Fragile,2.95,1484,941.1,Delivered,2025-04-06,2025-04-05
SHP000579,CUST03065,PART2306,BR4772,BR4956,2025-05-10,Same Day,Food,2.73,1220,921.06,Delivered,2025-05-11,2025-05-13
SHP000580,CUST04739,PART0692,BR3513,BR3396,2025-01-09,Standard,Clothing,6.86,199,320.37,Delivered,2025-01-13,2025-01-17
SHP000581,CUST02677,PART4990,BR0728,BR4058,2025-02-04,Express,Parcel,3.4,938,730.7,Delivered,2025-02-06,2025-02-09
SHP000582,CUST01103,PART2728,BR1348,BR2793,2025-03-03,Express,Document,1.63,421,407.41,Delivered,2025-03-05,2025-03-05
SHP000583,CUST01244,PART2916,BR1522,BR4760,2025-04-03,Standard,Electronics,1.61,942,613.52,Delivered,2025-04-07,2025-04-09
SHP000584,CUST00005,PART4678,BR0433,BR2029,2025-12-22,Standard,Electronics,1.63,1750,1058.36,Delayed,2025-12-26,2025-12-28
SHP000585,CUST00120,PART0597,BR2000,BR1636,2025-10-29,Standard,Clothing,3.95,501,422.45,In Transit,2025-11-02,
SHP000586,CUST04659,PART2032,BR3357,BR3150,2025-03-22,Standard,Food,1.75,1881,1133.05,Out for Delivery,2025-03-26,
SHP000587,CUST00734,PART4331,BR2248,BR3488,2025-12-20,Standard,Food,5.75,288,344.9,Returned,2025-12-24,2025-12-27
SHP000588,CUST00462,PART1230,BR3113,BR3241,2025-04-24,Standard,Electronics,3.65,1436,930.1,Delivered,2025-04-28,2025-05-02
SHP000589,CUST01323,PART2156,BR0229,BR3642,2025-03-16,Economy,Document,6.3,810,644.1,Delivered,2025-03-23,2025-03-26
SHP000590,CUST02887,PART4373,BR2340,BR1480,2025-11-02,Express,Document,2.66,238,329.42,Delayed,2025-11-04,2025-11-08
SHP000591,CUST01884,PART4827,BR4760,BR2897,2025-04-03,Express,Parcel,1.07,88,211.94,In Transit,2025-04-05,
SHP000592,CUST01245,PART3507,BR0921,BR2971,2025-09-28,Standard,Document,4.45,1220,828.9,Out for Delivery,2025-10-02,
SHP000593,CUST04168,PART4593,BR1507,BR2939,2025-10-19,Standard,Clothing,1.58,1050,672.26,Delivered,2025-10-23,2025-10-26
SHP000594,CUST00021,PART1973,BR1651,BR4171,2025-06-04,Standard,Fragile,4.26,288,312.12,Out for Delivery,2025-06-08,
SHP000595,CUST00742,PART1113,BR2182,BR2259,2025-02-23,Standard,Fragile,9.08,1643,1163.41,In Transit,2025-02-27,
SHP000596,CUST00547,PART2247,BR3950,BR1591,2025-01-02,Economy,Electronics,6.26,972,732.32,Delivered,2025-01-09,2025-01-12
SHP000597,CUST03242,PART0255,BR2116,BR1457,2025-03-11,Express,Fragile,2.67,260,341.74,Delivered,2025-03-13,2025-03-15
SHP000598,CUST01268,PART0139,BR4555,BR3304,2025-09-17,Express,Fragile,1.35,1326,899.0,Delivered,2025-09-19,2025-09-23
SHP000599,CUST00946,PART4363,BR0018,BR2648,2025-08-03,Standard,Document,1.55,1577,961.45,Delivered,2025-08-07,2025-08-09
SHP000600,CUST01740,PART2440,BR0873,BR1661,2025-02-16,Standard,Electronics,6.14,1423,977.73,Delivered,2025-02-20,2025-02-22
SHP000601,CUST02998,PART2682,BR3906,BR4309,2025-04-05,Standard,Food,1.47,381,301.89,Delivered,2025-04-09,2025-04-13
SHP000602,CUST02196,PART2666,BR4877,BR1927,2025-06-25,Same Day,Electronics,3.85,482,539.8,Delivered,2025-06-26,2025-06-30
SHP000603,CUST01319,PART4744,BR4202,BR1843,2025-11-17,Economy,Fragile,4.14,963,680.73,Delivered,2025-11-24,2025-11-25
SHP000604,CUST01198,PART0492,BR1102,BR4266,2025-07-05,Same Day,Food,2.92,1149,886.19,Delivered,2025-07-06,2025-07-06
SHP000605,CUST01811,PART2930,BR3118,BR1188,2025-04-28,Standard,Parcel,2.45,1520,949.9,In Transit,2025-05-02,
SHP000606,CUST04301,PART3760,BR0378,BR0483,2025-06-28,Same Day,Electronics,4.75,73,334.65,Delivered,2025-06-29,2025-06-28
SHP000607,CUST04867,PART2597,BR0010,BR1588,2025-09-04,Economy,Electronics,4.99,1875,1201.03,Delivered,2025-09-11,2025-09-15
SHP000608,CUST01328,PART1245,BR3742,BR0686,2025-10-30,Standard,Fragile,2.38,582,432.46,Delayed,2025-11-03,2025-11-04
SHP000609,CUST02274,PART2498,BR2966,BR1797,2025-11-29,Standard,Food,3.84,702,530.58,In Transit,2025-12-03,
SHP000610,CUST02267,PART0726,BR2550,BR0592,2025-11-22,Standard,Document,1.96,683,478.77,Delayed,2025-11-26,2025-11-25
SHP000611,CUST00978,PART1098,BR2224,BR0432,2025-06-11,Standard,Document,4.7,1793,1149.55,Delayed,2025-06-15,2025-06-17
SHP000612,CUST00805,PART3398,BR0821,BR4960,2025-07-02,Express,Food,1.08,509,443.71,In Transit,2025-07-04,
SHP000613,CUST02499,PART0818,BR4065,BR2549,2025-12-18,Economy,Parcel,3.71,1766,1112.92,Delivered,2025-12-25,2025-12-29
SHP000614,CUST00806,PART0934,BR3015,BR3922,2025-10-27,Economy,Fragile,7.56,2119,1391.77,Delivered,2025-11-03,2025-11-03
SHP000615,CUST04708,PART3559,BR2256,BR4347,2025-07-26,Standard,Food,5.43,891,669.51,Delivered,2025-07-30,2025-08-01
SHP000616,CUST02065,PART2696,BR0769,BR1976,2025-04-26,Standard,Electronics,13.19,2055,1480.43,Delivered,2025-04-30,2025-04-30
SHP000617,CUST01498,PART1326,BR3704,BR4262,2025-11-20,Standard,Clothing,1.66,465,352.27,Delayed,2025-11-24,2025-11-28
SHP000618,CUST03439,PART3000,BR3681,BR1358,2025-11-28,Standard,Parcel,2.03,1437,895.01,Delivered,2025-12-02,2025-12-06
SHP000619,CUST03773,PART4191,BR1303,BR0376,2025-12-10,Standard,Electronics,1.84,615,438.73,Delivered,2025-12-14,2025-12-18
SHP000620,CUST03925,PART0090,BR0925,BR2750,2025-09-29,Standard,Fragile,1.76,1607,982.57,Delivered,2025-10-03,2025-10-02
SHP000621,CUST02841,PART2355,BR3834,BR4619,2025-10-18,Express,Fragile,5.14,1317,977.43,Delivered,2025-10-20,2025-10-22
SHP000622,CUST00545,PART1178,BR1994,BR1741,2025-09-05,Standard,Electronics,3.13,2013,1236.01,Delivered,2025-09-09,2025-09-12
SHP000623,CUST03231,PART1536,BR4756,BR2280,2025-02-09,Express,Fragile,7.23,294,460.76,Returned,2025-02-11,2025-02-15
SHP000624,CUST04872,PART1100,BR0043,BR0260,2025-08-27,Standard,Parcel,5.66,547,485.37,Delivered,2025-08-31,2025-09-03
SHP000625,CUST00994,PART1734,BR3473,BR4575,2025-03-13,Economy,Electronics,2.73,1534,963.76,Out for Delivery,2025-03-20,
SHP000626,CUST01899,PART0596,BR1778,BR2748,2025-12-15,Economy,Fragile,4.16,977,688.87,In Transit,2025-12-22,
SHP000627,CUST04016,PART3491,BR3576,BR1277,2025-02-03,Economy,Electronics,3.0,1385,887.75,In Transit,2025-02-10,
SHP000628,CUST04606,PART1191,BR0386,BR4780,2025-05-06,Standard,Fragile,2.6,1464,922.4,Delivered,2025-05-10,2025-05-10
SHP000629,CUST04884,PART1504,BR3365,BR1651,2025-06-19,Economy,Clothing,1.02,799,521.89,Delivered,2025-06-26,2025-06-29
SHP000630,CUST04069,PART1317,BR2681,BR3204,2025-09-03,Standard,Clothing,2.16,809,552.47,Delivered,2025-09-07,2025-09-10
SHP000631,CUST04524,PART4652,BR2796,BR0884,2025-09-17,Express,Fragile,3.99,2175,1424.03,In Transit,2025-09-19,
SHP000632,CUST01451,PART1816,BR4057,BR1520,2025-01-23,Standard,Electronics,7.0,1275,915.25,In Transit,2025-01-27,
SHP000633,CUST04720,PART0593,BR3637,BR4835,2025-05-19,Standard,Fragile,5.46,538,476.02,Delivered,2025-05-23,2025-05-24
SHP000634,CUST02393,PART0409,BR2926,BR0397,2025-01-23,Economy,Food,1.99,1486,921.08,Returned,2025-01-30,2025-01-29
SHP000635,CUST00285,PART0963,BR4041,BR0528,2025-07-08,Standard,Food,6.17,1517,1030.09,In Transit,2025-07-12,
SHP000636,CUST03992,PART3622,BR3401,BR1069,2025-11-21,Economy,Clothing,4.68,175,259.21,Delivered,2025-11-28,2025-11-30
SHP000637,CUST00689,PART0243,BR4562,BR4566,2025-11-13,Standard,Clothing,4.01,356,344.02,Delayed,2025-11-17,2025-11-21
SHP000638,CUST02072,PART0315,BR4247,BR3771,2025-09-18,Express,Fragile,6.96,146,373.42,In Transit,2025-09-20,
SHP000639,CUST01650,PART4997,BR2372,BR4621,2025-08-19,Standard,Clothing,2.73,2123,1287.71,Delivered,2025-08-23,2025-08-26
SHP000640,CUST03255,PART4417,BR0051,BR1694,2025-01-17,Standard,Clothing,4.11,2033,1268.57,Out for Delivery,2025-01-21,
SHP000641,CUST00103,PART3353,BR4630,BR4117,2025-03-28,Standard,Clothing,4.45,1402,929.0,In Transit,2025-04-01,
SHP000642,CUST01674,PART4705,BR0048,BR1195,2025-10-17,Standard,Parcel,1.98,2027,1218.41,Returned,2025-10-21,2025-10-24
SHP000643,CUST02414,PART4483,BR4957,BR3173,2025-04-04,Standard,Food,4.54,1606,1043.18,Delivered,2025-04-08,2025-04-07
SHP000644,CUST01994,PART4871,BR2180,BR4207,2025-05-24,Standard,Document,1.64,1639,997.53,In Transit,2025-05-28,
SHP000645,CUST01477,PART3141,BR1252,BR2722,2025-05-01,Standard,Fragile,3.18,2083,1275.61,Delivered,2025-05-05,2025-05-06
SHP000646,CUST01715,PART1317,BR4030,BR1760,2025-12-30,Standard,Document,4.19,1478,965.08,Delivered,2026-01-03,2026-01-05
SHP000647,CUST00110,PART1512,BR4737,BR4214,2025-12-17,Economy,Fragile,11.97,522,610.44,Delivered,2025-12-24,2025-12-25
SHP000648,CUST04953,PART2942,BR0715,BR4979,2025-09-12,Same Day,Document,3.34,2024,1376.68,In Transit,2025-09-13,
SHP000649,CUST01675,PART2652,BR4785,BR1611,2025-02-21,Express,Parcel,1.51,1180,822.22,Delivered,2025-02-23,2025-02-24
SHP000650,CUST00865,PART4845,BR2577,BR1661,2025-05-03,Standard,Food,2.19,644,462.38,Delivered,2025-05-07,2025-05-10
SHP000651,CUST04850,PART0985,BR1840,BR2525,2025-10-03,Standard,Document,0.98,1510,912.06,In Transit,2025-10-07,
SHP000652,CUST03623,PART4175,BR2946,BR4782,2025-04-06,Express,Document,2.69,323,376.83,Delivered,2025-04-08,2025-04-10
SHP000653,CUST04201,PART0251,BR4489,BR0556,2025-04-08,Standard,Document,2.55,1952,1189.7,Delivered,2025-04-12,2025-04-11
SHP000654,CUST04028,PART3167,BR4246,BR3274,2025-08-09,Same Day,Food,4.19,62,316.28,Delivered,2025-08-10,2025-08-12
SHP000655,CUST04335,PART2723,BR0658,BR0280,2025-08-20,Express,Fragile,1.29,750,580.88,In Transit,2025-08-22,
SHP000656,CUST04072,PART0525,BR3686,BR1702,2025-01-03,Economy,Fragile,1.31,540,385.82,In Transit,2025-01-10,
SHP000657,CUST02028,PART3091,BR3305,BR2318,2025-02-11,Economy,Parcel,3.36,1968,1216.32,Delivered,2025-02-18,2025-02-18
SHP000658,CUST04001,PART3662,BR4459,BR2762,2025-06-19,Standard,Electronics,2.43,1513,945.61,In Transit,2025-06-23,
SHP000659,CUST01104,PART0372,BR1057,BR4236,2025-08-20,Economy,Fragile,4.55,421,391.65,In Transit,2025-08-27,
SHP000660,CUST00820,PART4218,BR2463,BR0906,2025-08-01,Express,Food,8.43,396,543.26,In Transit,2025-08-03,
SHP000661,CUST01038,PART0655,BR0785,BR0057,2025-04-09,Express,Clothing,1.44,1308,891.08,Delivered,2025-04-11,2025-04-14
SHP000662,CUST04879,PART1598,BR2475,BR3827,2025-12-23,Standard,Clothing,2.56,1825,1120.07,In Transit,2025-12-27,
SHP000663,CUST00555,PART4829,BR0678,BR2578,2025-01-29,Economy,Parcel,3.67,705,528.49,In Transit,2025-02-05,
SHP000664,CUST01124,PART0411,BR4417,BR3843,2025-05-25,Standard,Parcel,2.31,356,306.62,In Transit,2025-05-29,
SHP000665,CUST02939,PART1456,BR0090,BR4931,2025-12-29,Standard,Fragile,2.0,1425,887.75,Delivered,2026-01-02,2026-01-05
SHP000666,CUST04576,PART3911,BR1135,BR2376,2025-06-05,Standard,Food,4.94,474,429.38,Delivered,2025-06-09,2025-06-12
SHP000667,CUST00150,PART1321,BR0575,BR1505,2025-03-01,Standard,Electronics,1.02,1243,766.09,In Transit,2025-03-05,
SHP000668,CUST04344,PART3449,BR4521,BR1682,2025-08-03,Economy,Food,5.51,1094,782.92,Delivered,2025-08-10,2025-08-09
SHP000669,CUST00521,PART1965,BR2537,BR4174,2025-08-08,Standard,Parcel,3.61,558,446.32,Out for Delivery,2025-08-12,
SHP000670,CUST04332,PART2991,BR2332,BR2824,2025-02-16,Standard,Fragile,3.97,1596,1025.14,Returned,2025-02-20,2025-02-19
SHP000671,CUST01278,PART3424,BR4975,BR3601,2025-01-11,Standard,Clothing,1.33,1334,822.96,Delayed,2025-01-15,2025-01-16
SHP000672,CUST00509,PART3132,BR0488,BR0878,2025-11-17,Standard,Clothing,2.67,203,230.39,Delivered,2025-11-21,2025-11-21
SHP000673,CUST00171,PART2788,BR0493,BR4555,2025-03-01,Standard,Fragile,3.02,558,433.34,Out for Delivery,2025-03-05,
SHP000674,CUST04123,PART2451,BR2570,BR0615,2025-03-29,Standard,Fragile,2.67,276,270.54,Delivered,2025-04-02,2025-04-05
SHP000675,CUST00109,PART0617,BR4148,BR3902,2025-02-12,Standard,Food,6.0,772,616.6,Delivered,2025-02-16,2025-02-15
SHP000676,CUST03253,PART4188,BR4426,BR1773,2025-06-16,Standard,Document,1.25,1674,1008.2,Out for Delivery,2025-06-20,
SHP000677,CUST00657,PART2900,BR2109,BR2079,2025-04-27,Standard,Clothing,1.47,1180,741.34,Delivered,2025-05-01,2025-05-05
SHP000678,CUST00579,PART1128,BR3895,BR0144,2025-09-14,Economy,Food,4.32,1085,751.79,Delivered,2025-09-21,2025-09-25
SHP000679,CUST02000,PART3480,BR2804,BR1572,2025-09-22,Express,Document,4.02,293,389.59,Delayed,2025-09-24,2025-09-23
SHP000680,CUST00060,PART2909,BR0902,BR1267,2025-08-20,Express,Fragile,1.51,603,504.87,Returned,2025-08-22,2025-08-26
SHP000681,CUST01106,PART0270,BR0625,BR3643,2025-08-01,Economy,Food,4.75,116,228.3,In Transit,2025-08-08,
SHP000682,CUST03154,PART1947,BR2979,BR3274,2025-03-15,Express,Document,3.82,1326,953.34,In Transit,2025-03-17,
SHP000683,CUST04976,PART2040,BR1238,BR3575,2025-06-06,Standard,Clothing,3.12,1349,870.59,Delivered,2025-06-10,2025-06-14
SHP000684,CUST01481,PART0995,BR0370,BR2287,2025-12-08,Same Day,Food,0.92,778,638.14,Delivered,2025-12-09,2025-12-12
SHP000685,CUST01883,PART3448,BR4201,BR4582,2025-08-18,Express,Document,4.42,1636,1137.04,Delivered,2025-08-20,2025-08-24
SHP000686,CUST01228,PART2790,BR1429,BR0414,2025-02-11,Standard,Food,6.3,1801,1189.15,Delivered,2025-02-15,2025-02-16
SHP000687,CUST04894,PART3637,BR1829,BR4868,2025-12-27,Express,Electronics,1.86,1941,1248.47,Delayed,2025-12-29,2026-01-01
SHP000688,CUST00610,PART3473,BR1192,BR2372,2025-10-26,Same Day,Parcel,3.25,1844,1275.7,Delayed,2025-10-27,2025-10-31
SHP000689,CUST01164,PART1126,BR1662,BR1280,2025-04-04,Economy,Document,3.63,192,245.46,Delivered,2025-04-11,2025-04-11
SHP000690,CUST03105,PART2892,BR2111,BR4041,2025-09-02,Standard,Fragile,1.12,494,356.34,Returned,2025-09-06,2025-09-10
SHP000691,CUST02370,PART4223,BR2447,BR1174,2025-06-01,Standard,Fragile,2.98,2018,1235.46,Delivered,2025-06-05,2025-06-05
SHP000692,CUST02930,PART2436,BR0700,BR2091,2025-01-03,Express,Clothing,1.56,116,238.12,Out for Delivery,2025-01-05,
SHP000693,CUST00821,PART0845,BR0402,BR4793,2025-09-21,Express,Document,11.12,1575,1250.89,Delivered,2025-09-23,2025-09-27
SHP000694,CUST02950,PART4871,BR0935,BR3744,2025-02-14,Express,Food,1.41,357,367.37,Delivered,2025-02-16,2025-02-17
SHP000695,CUST04521,PART0180,BR3973,BR1470,2025-06-03,Standard,Parcel,0.51,529,362.17,Delayed,2025-06-07,2025-06-08
SHP000696,CUST03680,PART1589,BR4597,BR1212,2025-08-15,Standard,Food,1.66,224,219.72,Returned,2025-08-19,2025-08-19
SHP000697,CUST01698,PART4204,BR4821,BR1544,2025-09-11,Economy,Document,4.31,1301,870.37,In Transit,2025-09-18,
SHP000698,CUST03994,PART0801,BR2103,BR0320,2025-08-11,Standard,Fragile,1.25,850,555.0,Delivered,2025-08-15,2025-08-14
SHP000699,CUST03854,PART1718,BR3490,BR1341,2025-02-24,Same Day,Fragile,1.76,1434,1017.42,Delayed,2025-02-25,2025-03-01
SHP000700,CUST04111,PART4854,BR3056,BR0290,2025-10-16,Standard,Clothing,3.09,2159,1315.43,In Transit,2025-10-20,
SHP000701,CUST02171,PART3855,BR1948,BR1560,2025-12-27,Standard,Parcel,1.07,949,605.49,Delivered,2025-12-31,2026-01-02
SHP000702,CUST04666,PART0915,BR0428,BR4870,2025-12-02,Economy,Electronics,0.75,269,224.45,Returned,2025-12-09,2025-12-11
SHP000703,CUST01769,PART3865,BR2947,BR3691,2025-01-11,Standard,Fragile,3.14,1895,1171.33,Delivered,2025-01-15,2025-01-15
SHP000704,CUST00659,PART1773,BR3492,BR3757,2025-06-26,Economy,Electronics,1.87,1850,1118.64,Delivered,2025-07-03,2025-07-02
SHP000705,CUST03347,PART0499,BR1539,BR4986,2025-03-20,Same Day,Electronics,5.17,1008,858.14,Delivered,2025-03-21,2025-03-23
SHP000706,CUST03591,PART0813,BR0366,BR2957,2025-10-08,Standard,Parcel,3.6,472,398.8,Delivered,2025-10-12,2025-10-15
SHP000707,CUST03961,PART0113,BR1589,BR3319,2025-07-20,Standard,Clothing,5.41,833,637.17,Delivered,2025-07-24,2025-07-23
SHP000708,CUST03469,PART3523,BR2513,BR1035,2025-06-22,Standard,Document,5.27,1565,1036.69,Delivered,2025-06-26,2025-06-25
SHP000709,CUST02508,PART4611,BR2540,BR0235,2025-05-14,Same Day,Document,2.32,1532,1083.64,Delivered,2025-05-15,2025-05-15
SHP000710,CUST03146,PART4157,BR4868,BR0464,2025-06-05,Standard,Clothing,2.56,429,352.27,Delivered,2025-06-09,2025-06-11
SHP000711,CUST04593,PART2564,BR1430,BR3399,2025-09-26,Standard,Clothing,5.74,817,635.63,Delivered,2025-09-30,2025-10-03
SHP000712,CUST00079,PART1932,BR1770,BR0158,2025-08-25,Economy,Fragile,2.07,1742,1063.64,In Transit,2025-09-01,
SHP000713,CUST00423,PART3261,BR1673,BR1557,2025-03-18,Economy,Electronics,6.14,1499,1019.53,Delivered,2025-03-25,2025-03-26
SHP000714,CUST04565,PART3783,BR2236,BR2664,2025-11-16,Standard,Electronics,1.05,1298,797.0,Delivered,2025-11-20,2025-11-24
SHP000715,CUST04045,PART3326,BR2846,BR0414,2025-04-24,Same Day,Fragile,5.83,1067,905.11,Out for Delivery,2025-04-25,
SHP000716,CUST03774,PART1581,BR0531,BR4331,2025-04-29,Same Day,Parcel,1.41,103,277.67,In Transit,2025-04-30,
SHP000717,CUST01207,PART2915,BR2985,BR4845,2025-05-13,Same Day,Document,4.38,1884,1322.56,Delivered,2025-05-14,2025-05-17
SHP000718,CUST00738,PART1455,BR0101,BR3975,2025-03-12,Same Day,Clothing,2.39,741,650.13,Delivered,2025-03-13,2025-03-14
SHP000719,CUST04674,PART2314,BR1948,BR3696,2025-02-24,Economy,Fragile,2.17,1363,857.39,Delivered,2025-03-03,2025-03-04
SHP000720,CUST02750,PART2305,BR0794,BR2230,2025-08-06,Standard,Document,7.43,1554,1078.16,Delivered,2025-08-10,2025-08-10
SHP000721,CUST04123,PART3935,BR1827,BR4216,2025-01-28,Standard,Parcel,5.91,2073,1330.17,In Transit,2025-02-01,
SHP000722,CUST01348,PART2104,BR3249,BR1538,2025-01-24,Express,Food,3.26,1748,1173.12,Delivered,2025-01-26,2025-01-25
SHP000723,CUST00667,PART4937,BR1616,BR3058,2025-09-13,Standard,Parcel,1.59,1057,676.33,Delivered,2025-09-17,2025-09-18
SHP000724,CUST02631,PART4061,BR3249,BR2706,2025-08-13,Express,Fragile,4.27,1708,1173.34,Delivered,2025-08-15,2025-08-18
SHP000725,CUST00049,PART2146,BR3315,BR1236,2025-06-26,Express,Clothing,0.36,1974,1233.62,Delivered,2025-06-28,2025-06-29
SHP000726,CUST00321,PART3380,BR0418,BR4769,2025-07-24,Standard,Food,4.53,2102,1315.76,Delivered,2025-07-28,2025-07-28
SHP000727,CUST03001,PART0381,BR1455,BR1745,2025-04-05,Express,Document,4.76,547,545.57,Delivered,2025-04-07,2025-04-09
SHP000728,CUST03200,PART0381,BR3603,BR4735,2025-12-15,Standard,Clothing,2.21,898,602.52,Delivered,2025-12-19,2025-12-20
SHP000729,CUST01996,PART2941,BR4615,BR4547,2025-07-18,Standard,Document,2.01,431,341.27,Returned,2025-07-22,2025-07-26
SHP000730,CUST01324,PART0056,BR3735,BR1044,2025-10-03,Same Day,Food,2.37,388,455.54,Delivered,2025-10-04,2025-10-08
SHP000731,CUST03083,PART0580,BR1091,BR3424,2025-01-02,Express,Fragile,3.98,2043,1351.21,In Transit,2025-01-04,
SHP000732,CUST03014,PART0359,BR3075,BR3686,2025-02-27,Same Day,Food,4.68,1044,867.16,Delivered,2025-02-28,2025-03-04
SHP000733,CUST04759,PART2018,BR2542,BR0397,2025-11-06,Standard,Food,5.34,1919,1232.93,Delivered,2025-11-10,2025-11-11
SHP000734,CUST04926,PART3308,BR4917,BR0680,2025-09-12,Standard,Food,4.61,852,630.02,Returned,2025-09-16,2025-09-15
SHP000735,CUST03748,PART1813,BR0481,BR1917,2025-02-08,Standard,Clothing,2.91,654,483.72,Delayed,2025-02-12,2025-02-12
SHP000736,CUST04078,PART2111,BR0580,BR1425,2025-01-19,Standard,Clothing,5.62,1369,936.59,Delivered,2025-01-23,2025-01-25
SHP000737,CUST01138,PART3873,BR0041,BR0726,2025-03-11,Standard,Clothing,3.07,279,280.99,Returned,2025-03-15,2025-03-16
SHP000738,CUST01739,PART3464,BR4559,BR4047,2025-11-25,Express,Fragile,4.24,682,608.38,Delivered,2025-11-27,2025-11-28
SHP000739,CUST03121,PART4456,BR4903,BR3407,2025-04-26,Express,Fragile,4.63,1806,1235.16,Delivered,2025-04-28,2025-04-27
SHP000740,CUST02988,PART1954,BR2975,BR3542,2025-05-12,Standard,Document,3.84,1852,1163.08,Delivered,2025-05-16,2025-05-20
SHP000741,CUST03055,PART2016,BR3085,BR2188,2025-10-03,Standard,Electronics,5.34,1690,1106.98,Delivered,2025-10-07,2025-10-07
SHP000742,CUST00897,PART0119,BR2470,BR1828,2025-05-11,Standard,Clothing,2.42,70,151.74,Delivered,2025-05-15,2025-05-15
SHP000743,CUST00820,PART2098,BR0247,BR0521,2025-03-14,Economy,Clothing,3.46,1360,884.12,Delivered,2025-03-21,2025-03-22
SHP000744,CUST04246,PART1368,BR0411,BR2960,2025-04-01,Same Day,Food,4.99,1089,898.73,In Transit,2025-04-02,
SHP000745,CUST00095,PART2331,BR0875,BR3673,2025-03-03,Same Day,Electronics,2.03,2137,1410.01,Delivered,2025-03-04,2025-03-08
SHP000746,CUST02221,PART1347,BR1316,BR0486,2025-07-16,Standard,Document,2.75,1960,1198.5,Returned,2025-07-20,2025-07-21
SHP000747,CUST02679,PART1578,BR4124,BR4186,2025-05-27,Express,Clothing,2.21,1784,1169.82,Returned,2025-05-29,2025-05-31
SHP000748,CUST01508,PART4465,BR0722,BR4190,2025-04-11,Express,Food,0.99,2142,1339.88,In Transit,2025-04-13,
SHP000749,CUST02803,PART4405,BR2249,BR0984,2025-09-29,Standard,Document,8.73,60,285.06,Delivered,2025-10-03,2025-10-03
SHP000750,CUST00929,PART4857,BR2165,BR2100,2025-07-27,Express,Clothing,4.68,1608,1127.36,Delivered,2025-07-29,2025-07-29
SHP000751,CUST01017,PART0389,BR4866,BR3284,2025-05-29,Standard,Clothing,4.52,500,434.44,Out for Delivery,2025-06-02,
SHP000752,CUST04009,PART4293,BR4774,BR4991,2025-10-17,Standard,Document,10.77,2015,1405.19,Cancelled,2025-10-21,
SHP000753,CUST00962,PART2778,BR3678,BR1583,2025-07-16,Express,Document,9.38,1012,902.96,Delivered,2025-07-18,2025-07-21
SHP000754,CUST03087,PART1899,BR3645,BR2005,2025-03-07,Standard,Clothing,9.91,291,438.07,Delivered,2025-03-11,2025-03-15
SHP000755,CUST01356,PART4471,BR4316,BR0659,2025-09-26,Express,Electronics,8.18,900,814.96,Delivered,2025-09-28,2025-10-02
SHP000756,CUST02568,PART2542,BR2780,BR3777,2025-03-19,Express,Food,3.1,1110,818.7,Delivered,2025-03-21,2025-03-20
SHP000757,CUST03996,PART4757,BR0421,BR3823,2025-05-29,Standard,Fragile,4.02,725,547.19,Delivered,2025-06-02,2025-06-06
SHP000758,CUST00131,PART1492,BR2032,BR0906,2025-07-15,Economy,Fragile,3.73,366,343.36,In Transit,2025-07-22,
SHP000759,CUST00862,PART4361,BR3931,BR4851,2025-04-16,Standard,Document,3.27,2141,1309.49,Delivered,2025-04-20,2025-04-20
SHP000760,CUST01765,PART0731,BR2748,BR4097,2025-09-29,Standard,Electronics,5.14,1815,1171.33,Delivered,2025-10-03,2025-10-04
SHP000761,CUST03599,PART2492,BR1737,BR3389,2025-07-02,Standard,Clothing,5.29,790,610.88,Delivered,2025-07-06,2025-07-10
SHP000762,CUST02740,PART4908,BR1875,BR0612,2025-05-19,Economy,Food,3.52,1425,921.19,Delivered,2025-05-26,2025-05-28
SHP000763,CUST04477,PART3354,BR0630,BR2460,2025-02-02,Express,Food,8.53,1512,1159.26,Out for Delivery,2025-02-04,
SHP000764,CUST01510,PART2389,BR0750,BR1566,2025-03-27,Express,Electronics,4.04,502,504.98,In Transit,2025-03-29,
SHP000765,CUST03186,PART2088,BR0391,BR0672,2025-04-27,Express,Parcel,5.26,612,592.32,Delivered,2025-04-29,2025-05-03
SHP000766,CUST01995,PART3221,BR2467,BR1664,2025-06-29,Standard,Parcel,2.7,641,471.95,Delivered,2025-07-03,2025-07-05
SHP000767,CUST02641,PART2474,BR3758,BR0178,2025-03-16,Standard,Document,3.84,521,431.03,Delivered,2025-03-20,2025-03-22
SHP000768,CUST01225,PART1914,BR1285,BR1209,2025-08-08,Express,Food,6.19,1205,938.93,Out for Delivery,2025-08-10,
SHP000769,CUST00359,PART4458,BR4439,BR4997,2025-03-03,Standard,Fragile,9.93,1498,1102.36,Delivered,2025-03-07,2025-03-07
SHP000770,CUST01310,PART4707,BR3400,BR4594,2025-06-18,Express,Fragile,2.34,863,666.13,In Transit,2025-06-20,
SHP000771,CUST02094,PART0346,BR0955,BR4437,2025-09-24,Express,Clothing,1.46,1402,943.22,Out for Delivery,2025-09-26,
SHP000772,CUST01647,PART4588,BR1702,BR3556,2025-05-02,Standard,Electronics,0.82,1958,1154.94,Delivered,2025-05-06,2025-05-06
SHP000773,CUST02820,PART3835,BR0419,BR4896,2025-01-07,Same Day,Document,2.11,1860,1259.42,Delivered,2025-01-08,2025-01-12
SHP000774,CUST03194,PART1598,BR1112,BR3273,2025-12-01,Standard,Fragile,4.13,277,303.21,Returned,2025-12-05,2025-12-06
SHP000775,CUST01624,PART1466,BR2019,BR0692,2025-07-31,Standard,Electronics,4.6,654,520.9,Delivered,2025-08-04,2025-08-05
SHP000776,CUST01181,PART2377,BR0739,BR3874,2025-10-12,Standard,Food,3.39,1488,952.98,Delayed,2025-10-16,2025-10-20
SHP000777,CUST03501,PART2695,BR4192,BR4487,2025-09-18,Standard,Document,5.0,771,594.05,Delivered,2025-09-22,2025-09-22
SHP000778,CUST03899,PART4409,BR0204,BR2867,2025-08-01,Express,Parcel,3.78,419,453.61,In Transit,2025-08-03,
SHP000779,CUST02215,PART2645,BR1733,BR0431,2025-11-16,Standard,Parcel,1.73,464,353.26,Returned,2025-11-20,2025-11-20
SHP000780,CUST00657,PART0081,BR4471,BR1781,2025-11-01,Standard,Clothing,3.53,284,293.86,In Transit,2025-11-05,
SHP000781,CUST00295,PART2418,BR3966,BR3363,2025-08-03,Express,Food,3.1,344,397.4,Delivered,2025-08-05,2025-08-08
SHP000782,CUST02357,PART4986,BR0552,BR2828,2025-12-30,Express,Food,2.15,978,725.2,Delivered,2026-01-01,2026-01-03
SHP000783,CUST03530,PART0607,BR3914,BR3845,2025-10-25,Economy,Clothing,2.47,734,518.04,Delivered,2025-11-01,2025-11-03
SHP000784,CUST04466,PART2952,BR1757,BR0455,2025-04-19,Express,Clothing,1.97,107,242.19,Delivered,2025-04-21,2025-04-21
SHP000785,CUST02202,PART1859,BR1252,BR3181,2025-12-15,Express,Fragile,1.85,1698,1114.6,In Transit,2025-12-17,
SHP000786,CUST03236,PART3304,BR1906,BR0557,2025-11-17,Standard,Document,2.32,11,117.09,Out for Delivery,2025-11-21,
SHP000787,CUST03852,PART2991,BR0731,BR2495,2025-09-18,Standard,Parcel,1.58,1849,1111.71,In Transit,2025-09-22,
SHP000788,CUST01692,PART4156,BR2790,BR1858,2025-07-26,Economy,Food,6.22,86,244.14,Cancelled,2025-08-02,
SHP000789,CUST03578,PART4603,BR2169,BR2788,2025-04-23,Express,Clothing,1.69,1687,1105.03,In Transit,2025-04-25,
SHP000790,CUST04995,PART4370,BR0890,BR0862,2025-01-24,Standard,Document,8.46,503,522.77,Delivered,2025-01-28,2025-01-27
SHP000791,CUST00410,PART4196,BR3712,BR2714,2025-10-20,Express,Food,0.81,20,168.82,Delivered,2025-10-22,2025-10-23
SHP000792,CUST00923,PART2343,BR2033,BR2762,2025-11-05,Economy,Electronics,0.95,1585,952.65,Out for Delivery,2025-11-12,
SHP000793,CUST03697,PART0725,BR0499,BR4258,2025-01-06,Express,Food,2.32,280,345.04,Delivered,2025-01-08,2025-01-07
SHP000794,CUST04240,PART2948,BR4747,BR2885,2025-07-22,Economy,Electronics,6.66,66,242.82,Delivered,2025-07-29,2025-07-29
SHP000795,CUST02132,PART1252,BR1759,BR0049,2025-03-30,Express,Parcel,0.76,1574,1022.42,Delivered,2025-04-01,2025-04-01
SHP000796,CUST04860,PART4088,BR1944,BR1210,2025-07-09,Economy,Document,5.54,2144,1361.08,Delivered,2025-07-16,2025-07-18
SHP000797,CUST01028,PART2801,BR0055,BR1921,2025-07-29,Express,Parcel,3.97,1912,1278.94,Delivered,2025-07-31,2025-08-02
SHP000798,CUST02282,PART0091,BR1913,BR4725,2025-08-02,Standard,Parcel,2.0,2036,1223.8,Delivered,2025-08-06,2025-08-07
SHP000799,CUST02609,PART2697,BR3928,BR1507,2025-03-01,Express,Fragile,5.35,908,757.1,Delivered,2025-03-03,2025-03-03
SHP000800,CUST00115,PART2610,BR3919,BR3755,2025-10-24,Economy,Food,0.81,671,446.87,Delayed,2025-10-31,2025-11-01
SHP000801,CUST00741,PART1977,BR2438,BR2457,2025-01-10,Standard,Food,3.3,569,445.55,Delivered,2025-01-14,2025-01-18
SHP000802,CUST03834,PART1542,BR3414,BR2213,2025-03-22,Standard,Parcel,11.07,742,711.64,In Transit,2025-03-26,
SHP000803,CUST02593,PART0244,BR1188,BR2220,2025-04-03,Standard,Document,2.39,845,577.33,Delayed,2025-04-07,2025-04-07
SHP000804,CUST02497,PART2417,BR2765,BR4690,2025-11-22,Express,Fragile,5.57,1385,1024.29,Delivered,2025-11-24,2025-11-26
SHP000805,CUST04669,PART1494,BR2538,BR2984,2025-05-15,Standard,Fragile,3.37,1576,1000.94,Returned,2025-05-19,2025-05-22
SHP000806,CUST00578,PART0254,BR3867,BR1017,2025-09-18,Same Day,Food,9.23,1254,1082.76,Delivered,2025-09-19,2025-09-19
SHP000807,CUST01455,PART4337,BR0514,BR0869,2025-01-27,Standard,Electronics,2.61,787,550.27,In Transit,2025-01-31,
SHP000808,CUST00185,PART2043,BR1601,BR3404,2025-06-12,Same Day,Parcel,2.37,488,510.54,Delayed,2025-06-13,2025-06-17
SHP000809,CUST01772,PART3167,BR3439,BR3351,2025-09-30,Standard,Food,2.64,2164,1308.28,Out for Delivery,2025-10-04,
SHP000810,CUST00698,PART1880,BR2828,BR0736,2025-01-07,Economy,Document,1.62,1649,1002.59,Delivered,2025-01-14,2025-01-13
SHP000811,CUST03758,PART2773,BR4636,BR1271,2025-07-08,Express,Food,3.36,1480,1027.92,Delivered,2025-07-10,2025-07-09
SHP000812,CUST02905,PART0693,BR3004,BR3497,2025-11-17,Economy,Food,2.91,1271,823.07,Delivered,2025-11-24,2025-11-23
SHP000813,CUST04710,PART1516,BR4544,BR1185,2025-09-28,Standard,Clothing,3.6,461,392.75,Delivered,2025-10-02,2025-10-04
SHP000814,CUST04024,PART3067,BR1715,BR2420,2025-07-05,Economy,Document,1.95,327,282.75,Out for Delivery,2025-07-12,
SHP000815,CUST04989,PART4184,BR3984,BR4227,2025-11-01,Standard,Food,1.14,671,454.13,Delivered,2025-11-05,2025-11-06
SHP000816,CUST04787,PART1521,BR3522,BR2123,2025-02-21,Economy,Clothing,1.24,1719,1032.73,Delivered,2025-02-28,2025-03-04
SHP000817,CUST04942,PART0015,BR3110,BR3724,2025-10-09,Economy,Parcel,5.81,2011,1293.87,Delivered,2025-10-16,2025-10-16
SHP000818,CUST02797,PART2215,BR2005,BR1641,2025-10-26,Standard,Fragile,2.3,648,467.0,Delivered,2025-10-30,2025-11-01
SHP000819,CUST01703,PART3238,BR1643,BR0265,2025-11-05,Express,Food,10.21,319,540.07,Out for Delivery,2025-11-07,
SHP000820,CUST01673,PART0262,BR3910,BR1847,2025-04-23,Standard,Document,2.27,1400,879.94,In Transit,2025-04-27,
SHP000821,CUST02534,PART4689,BR3277,BR0013,2025-08-23,Standard,Electronics,1.36,1913,1142.07,Delivered,2025-08-27,2025-08-29
SHP000822,CUST02735,PART3706,BR0070,BR1514,2025-07-03,Standard,Parcel,4.96,1798,1158.02,Delayed,2025-07-07,2025-07-11
SHP000823,CUST03615,PART0514,BR3118,BR2007,2025-03-19,Same Day,Clothing,3.91,1813,1273.17,Delayed,2025-03-20,2025-03-20
SHP000824,CUST00912,PART3101,BR1768,BR1194,2025-05-03,Standard,Document,3.75,1553,996.65,In Transit,2025-05-07,
SHP000825,CUST01257,PART2917,BR1967,BR1305,2025-03-18,Same Day,Food,3.57,63,303.19,Delivered,2025-03-19,2025-03-23
SHP000826,CUST02618,PART0941,BR3555,BR2600,2025-11-20,Express,Fragile,2.29,589,514.33,Out for Delivery,2025-11-22,
SHP000827,CUST00629,PART4628,BR1338,BR1589,2025-08-17,Economy,Clothing,6.59,2157,1391.33,Delivered,2025-08-24,2025-08-28
SHP000828,CUST00530,PART1231,BR1180,BR4055,2025-06-10,Standard,Document,4.05,1149,781.05,Delivered,2025-06-14,2025-06-14
SHP000829,CUST03710,PART0112,BR3279,BR0406,2025-09-27,Standard,Parcel,2.38,699,496.81,Delivered,2025-10-01,2025-10-04
SHP000830,CUST00305,PART0458,BR1486,BR0831,2025-07-24,Standard,Electronics,1.84,724,498.68,Returned,2025-07-28,2025-07-29
SHP000831,CUST04885,PART3400,BR4560,BR1461,2025-04-21,Same Day,Parcel,1.5,1983,1313.65,Delivered,2025-04-22,2025-04-22
SHP000832,CUST00019,PART1121,BR1821,BR1655,2025-10-22,Standard,Electronics,0.97,1011,637.39,Delivered,2025-10-26,2025-10-29
SHP000833,CUST03787,PART4033,BR3756,BR0131,2025-02-17,Standard,Electronics,4.82,1787,1148.89,Delayed,2025-02-21,2025-02-25
SHP000834,CUST01156,PART1514,BR2983,BR3211,2025-05-14,Express,Food,5.9,332,452.4,Delivered,2025-05-16,2025-05-15
SHP000835,CUST01582,PART2160,BR0315,BR0448,2025-03-28,Standard,Document,2.03,333,287.81,Delivered,2025-04-01,2025-04-01
SHP000836,CUST00017,PART4869,BR1072,BR1986,2025-10-20,Same Day,Food,1.18,1814,1213.66,Out for Delivery,2025-10-21,
SHP000837,CUST02845,PART0444,BR4589,BR3947,2025-04-10,Same Day,Document,2.15,1218,907.2,In Transit,2025-04-11,
SHP000838,CUST03100,PART0064,BR3487,BR3958,2025-08-21,Standard,Food,1.08,367,285.61,Delivered,2025-08-25,2025-08-26
SHP000839,CUST02588,PART0673,BR3170,BR3360,2025-09-06,Economy,Document,0.76,2035,1195.97,In Transit,2025-09-13,
SHP000840,CUST04059,PART4486,BR3578,BR2263,2025-02-12,Economy,Food,4.98,1767,1141.41,Delivered,2025-02-19,2025-02-20
SHP000841,CUST04852,PART1009,BR1683,BR2313,2025-02-14,Same Day,Document,4.31,1579,1153.27,In Transit,2025-02-15,
SHP000842,CUST02052,PART1703,BR1628,BR1151,2025-05-02,Same Day,Fragile,2.79,1185,903.13,Delivered,2025-05-03,2025-05-07
SHP000843,CUST03557,PART1229,BR4285,BR2903,2025-08-12,Economy,Document,6.22,1518,1031.74,Returned,2025-08-19,2025-08-21
SHP000844,CUST00705,PART1534,BR3244,BR4385,2025-05-12,Same Day,Food,1.44,1000,771.68,In Transit,2025-05-13,
SHP000845,CUST04059,PART4137,BR4885,BR1057,2025-02-26,Express,Parcel,1.74,1632,1075.88,Delivered,2025-02-28,2025-03-03
SHP000846,CUST01387,PART2219,BR0470,BR3833,2025-06-11,Standard,Fragile,4.44,2098,1311.58,In Transit,2025-06-15,
SHP000847,CUST02618,PART3193,BR0662,BR4544,2025-10-13,Express,Food,1.88,1463,986.01,In Transit,2025-10-15,
SHP000848,CUST03982,PART1612,BR4804,BR2691,2025-06-16,Same Day,Fragile,2.96,273,405.27,Returned,2025-06-17,2025-06-17
SHP000849,CUST02135,PART2178,BR2791,BR0671,2025-07-26,Standard,Document,2.26,1148,741.12,Delivered,2025-07-30,2025-07-29
SHP000850,CUST00602,PART1398,BR3455,BR0307,2025-12-18,Express,Document,2.23,529,480.01,Delivered,2025-12-20,2025-12-22
SHP000851,CUST03151,PART3377,BR4650,BR0471,2025-03-31,Standard,Parcel,2.03,1481,919.21,Delivered,2025-04-04,2025-04-04
SHP000852,CUST01539,PART3883,BR2334,BR4659,2025-11-24,Economy,Parcel,9.12,277,412.99,Delivered,2025-12-01,2025-12-03
SHP000853,CUST04716,PART0595,BR2517,BR2543,2025-09-30,Standard,Document,1.64,1243,779.73,Delivered,2025-10-04,2025-10-03
SHP000854,CUST01880,PART2026,BR2669,BR3843,2025-04-04,Standard,Document,4.14,1197,809.43,In Transit,2025-04-08,
SHP000855,CUST02226,PART0445,BR3814,BR2880,2025-05-05,Express,Fragile,4.56,579,558.77,Delivered,2025-05-07,2025-05-07
SHP000856,CUST02359,PART1843,BR0662,BR3361,2025-04-09,Standard,Document,1.88,1694,1033.06,Delivered,2025-04-13,2025-04-15
SHP000857,CUST02751,PART1805,BR2204,BR3422,2025-09-25,Standard,Electronics,1.6,787,528.05,Delivered,2025-09-29,2025-09-28
SHP000858,CUST03643,PART0489,BR4083,BR4028,2025-09-19,Express,Parcel,2.55,1115,809.35,Delivered,2025-09-21,2025-09-22
SHP000859,CUST02073,PART1361,BR1071,BR1843,2025-09-14,Same Day,Food,2.94,158,341.58,Delivered,2025-09-15,2025-09-19
SHP000860,CUST03664,PART2106,BR3276,BR2591,2025-09-19,Standard,Parcel,2.2,876,590.2,Delivered,2025-09-23,2025-09-26
SHP000861,CUST01674,PART1261,BR0825,BR1256,2025-04-21,Standard,Electronics,5.2,1501,999.95,Delivered,2025-04-25,2025-04-29
SHP000862,CUST01791,PART1860,BR0468,BR3200,2025-04-22,Standard,Parcel,0.42,1606,952.54,Out for Delivery,2025-04-26,
SHP000863,CUST02822,PART3808,BR0924,BR1757,2025-12-17,Express,Document,7.17,174,393.44,In Transit,2025-12-19,
SHP000864,CUST02944,PART0803,BR1336,BR1405,2025-04-23,Express,Food,1.05,396,380.9,Out for Delivery,2025-04-25,
SHP000865,CUST01865,PART0525,BR0217,BR3958,2025-08-17,Standard,Fragile,3.28,744,541.36,Returned,2025-08-21,2025-08-22
SHP000866,CUST01448,PART0237,BR1530,BR1857,2025-04-07,Express,Document,4.41,1736,1191.82,Out for Delivery,2025-04-09,
SHP000867,CUST04655,PART2904,BR0570,BR1517,2025-01-05,Standard,Clothing,1.93,1804,1094.66,Out for Delivery,2025-01-09,
SHP000868,CUST00284,PART3409,BR3772,BR4435,2025-02-16,Standard,Food,7.66,1550,1081.02,Delivered,2025-02-20,2025-02-23
SHP000869,CUST01229,PART0323,BR4467,BR3883,2025-09-13,Express,Food,2.28,1871,1219.21,Delivered,2025-09-15,2025-09-17
SHP000870,CUST01332,PART2213,BR3644,BR0413,2025-10-16,Same Day,Clothing,7.3,721,747.15,Delivered,2025-10-17,2025-10-18
SHP000871,CUST01495,PART3276,BR2491,BR4126,2025-06-19,Express,Parcel,3.59,2139,1395.43,Delivered,2025-06-21,2025-06-25
SHP000872,CUST00920,PART1041,BR1774,BR3714,2025-03-11,Standard,Clothing,2.2,1310,828.9,Delivered,2025-03-15,2025-03-17
SHP000873,CUST00024,PART3409,BR3488,BR0497,2025-11-02,Economy,Parcel,3.98,1833,1155.71,Delivered,2025-11-09,2025-11-10
SHP000874,CUST00137,PART4744,BR4944,BR0005,2025-06-06,Standard,Document,2.84,1804,1114.68,Delivered,2025-06-10,2025-06-10
SHP000875,CUST02414,PART3918,BR3842,BR3679,2025-11-16,Standard,Clothing,1.11,1465,890.17,Delivered,2025-11-20,2025-11-23
SHP000876,CUST04449,PART1449,BR4355,BR1457,2025-08-18,Standard,Electronics,3.11,1012,685.02,Returned,2025-08-22,2025-08-25
SHP000877,CUST01443,PART4025,BR0875,BR3069,2025-01-04,Standard,Food,2.44,1337,849.03,In Transit,2025-01-08,
SHP000878,CUST01500,PART2062,BR2831,BR4547,2025-03-20,Standard,Fragile,7.48,673,594.71,Returned,2025-03-24,2025-03-24
SHP000879,CUST03201,PART4576,BR3856,BR1690,2025-09-11,Economy,Clothing,3.93,92,197.06,Delivered,2025-09-18,2025-09-17
SHP000880,CUST04529,PART1808,BR2786,BR1628,2025-07-09,Same Day,Parcel,0.57,356,398.34,Returned,2025-07-10,2025-07-14
SHP000881,CUST03691,PART2862,BR4762,BR2206,2025-11-11,Standard,Parcel,1.28,484,354.36,Delivered,2025-11-15,2025-11-18
SHP000882,CUST04794,PART2726,BR0543,BR3975,2025-05-29,Economy,Clothing,1.65,1032,663.9,Delivered,2025-06-05,2025-06-07
SHP000883,CUST04326,PART3474,BR3414,BR2019,2025-09-05,Standard,Food,1.52,570,406.94,Delivered,2025-09-09,2025-09-12
SHP000884,CUST03453,PART4443,BR4022,BR2938,2025-09-29,Standard,Electronics,8.24,912,742.88,Delivered,2025-10-03,2025-10-04
SHP000885,CUST02366,PART3375,BR3357,BR4997,2025-11-22,Economy,Clothing,1.57,2074,1235.24,Returned,2025-11-29,2025-11-29
SHP000886,CUST03275,PART4456,BR3473,BR1943,2025-05-16,Express,Fragile,2.35,1843,1205.35,Delivered,2025-05-18,2025-05-22
SHP000887,CUST00917,PART3671,BR2464,BR1634,2025-11-13,Express,Electronics,4.9,1006,801.1,Delivered,2025-11-15,2025-11-14
SHP000888,CUST03412,PART4740,BR3462,BR2005,2025-04-21,Express,Food,2.25,1684,1115.7,Delivered,2025-04-23,2025-04-26
SHP000889,CUST01409,PART3155,BR0887,BR4531,2025-01-23,Express,Document,0.27,677,518.29,Delayed,2025-01-25,2025-01-25
SHP000890,CUST04337,PART3100,BR0176,BR4761,2025-09-10,Express,Parcel,5.88,1809,1264.31,Delivered,2025-09-12,2025-09-16
SHP000891,CUST00277,PART0832,BR1428,BR0135,2025-05-16,Standard,Document,0.73,920,582.06,Delivered,2025-05-20,2025-05-23
SHP000892,CUST00007,PART0151,BR3655,BR0968,2025-10-13,Express,Fragile,1.28,333,351.31,Delayed,2025-10-15,2025-10-17
SHP000893,CUST03647,PART4640,BR3842,BR0250,2025-08-26,Same Day,Electronics,5.89,1368,1071.98,In Transit,2025-08-27,
SHP000894,CUST00820,PART0817,BR1707,BR2006,2025-07-22,Standard,Food,9.88,627,622.21,Delivered,2025-07-26,2025-07-29
SHP000895,CUST00654,PART2570,BR3627,BR0450,2025-02-23,Express,Clothing,4.5,1356,984.8,Delivered,2025-02-25,2025-02-28
SHP000896,CUST03430,PART1831,BR0231,BR3231,2025-09-15,Standard,Fragile,2.34,2016,1220.28,Delivered,2025-09-19,2025-09-19
SHP000897,CUST03652,PART2593,BR4101,BR3599,2025-04-08,Express,Electronics,3.66,1033,788.67,Delivered,2025-04-10,2025-04-12
SHP000898,CUST04062,PART0739,BR2862,BR1990,2025-05-25,Standard,Document,1.28,1755,1053.41,Cancelled,2025-05-29,
SHP000899,CUST01308,PART1686,BR0200,BR1092,2025-09-28,Standard,Food,4.19,1260,845.18,Out for Delivery,2025-10-02,
SHP000900,CUST02197,PART1059,BR1559,BR4375,2025-07-16,Standard,Food,1.7,944,616.6,Delivered,2025-07-20,2025-07-23
SHP000901,CUST03980,PART0556,BR0007,BR1048,2025-12-20,Economy,Parcel,2.55,1240,798.1,Delivered,2025-12-27,2025-12-31
SHP000902,CUST04023,PART1893,BR4801,BR0302,2025-07-16,Standard,Parcel,2.02,394,321.14,In Transit,2025-07-20,
SHP000903,CUST03843,PART1682,BR3791,BR4124,2025-04-14,Economy,Electronics,3.73,99,196.51,Delivered,2025-04-21,2025-04-25
SHP000904,CUST04707,PART1880,BR0614,BR3450,2025-04-19,Express,Parcel,1.11,554,469.12,Delivered,2025-04-21,2025-04-21
SHP000905,CUST02145,PART4438,BR1366,BR0245,2025-11-20,Economy,Food,3.67,818,590.64,Delivered,2025-11-27,2025-12-01
SHP000906,CUST03560,PART3116,BR2208,BR3310,2025-10-26,Express,Electronics,2.16,226,311.82,Delayed,2025-10-28,2025-10-28
SHP000907,CUST03076,PART2176,BR1252,BR2419,2025-04-04,Standard,Document,1.2,2145,1266.15,In Transit,2025-04-08,
SHP000908,CUST04863,PART4537,BR2342,BR1895,2025-07-30,Standard,Parcel,3.09,745,537.73,Out for Delivery,2025-08-03,
SHP000909,CUST03308,PART1829,BR4396,BR3818,2025-10-05,Standard,Food,5.85,2147,1369.55,Delivered,2025-10-09,2025-10-11
SHP000910,CUST04100,PART4993,BR4499,BR2851,2025-09-05,Standard,Parcel,2.37,709,502.09,Returned,2025-09-09,2025-09-11
SHP000911,CUST00331,PART0892,BR3409,BR4598,2025-08-08,Economy,Clothing,4.66,1461,966.07,Delivered,2025-08-15,2025-08-19
SHP000912,CUST04100,PART2805,BR2130,BR2901,2025-12-16,Standard,Clothing,8.83,123,321.91,Delivered,2025-12-20,2025-12-23
SHP000913,CUST00107,PART2692,BR1818,BR0766,2025-08-21,Express,Food,4.94,2007,1352.53,Delivered,2025-08-23,2025-08-23
SHP000914,CUST03153,PART1988,BR0827,BR1066,2025-04-25,Economy,Fragile,8.11,1892,1279.02,In Transit,2025-05-02,
SHP000915,CUST02912,PART1806,BR2158,BR3301,2025-09-21,Express,Electronics,3.39,1925,1273.33,Returned,2025-09-23,2025-09-25
SHP000916,CUST04053,PART3914,BR2651,BR1099,2025-10-20,Standard,Food,2.89,1426,907.88,Delivered,2025-10-24,2025-10-28
SHP000917,CUST03648,PART0018,BR2614,BR3376,2025-06-05,Express,Electronics,6.07,171,367.59,Delivered,2025-06-07,2025-06-10
SHP000918,CUST03220,PART0752,BR3929,BR3588,2025-09-24,Same Day,Clothing,4.32,283,440.69,Delivered,2025-09-25,2025-09-27
SHP000919,CUST02327,PART2970,BR4234,BR0905,2025-11-22,Express,Document,3.81,49,250.77,In Transit,2025-11-24,
SHP000920,CUST04878,PART3347,BR2757,BR2757,2025-09-13,Standard,Electronics,2.64,665,483.83,Delivered,2025-09-17,2025-09-20
SHP000921,CUST00295,PART1982,BR4241,BR4686,2025-01-27,Standard,Food,1.54,1214,761.58,Delivered,2025-01-31,2025-01-30
SHP000922,CUST01138,PART4551,BR3037,BR0463,2025-10-25,Express,Electronics,1.82,2132,1352.64,Out for Delivery,2025-10-27,
SHP000923,CUST03112,PART1089,BR3374,BR0423,2025-11-27,Same Day,Food,4.64,1136,916.88,Out for Delivery,2025-11-28,
SHP000924,CUST01993,PART3284,BR2487,BR4600,2025-12-05,Express,Parcel,1.35,1420,950.7,In Transit,2025-12-07,
SHP000925,CUST04014,PART2475,BR1826,BR1721,2025-09-21,Standard,Food,7.63,329,408.81,Delivered,2025-09-25,2025-09-28
SHP000926,CUST01749,PART0343,BR0468,BR3435,2025-02-28,Standard,Parcel,2.69,392,334.78,Delivered,2025-03-04,2025-03-03
SHP000927,CUST02217,PART2267,BR2561,BR1711,2025-04-27,Express,Parcel,2.4,577,510.15,In Transit,2025-04-29,
SHP000928,CUST02339,PART1705,BR3538,BR0141,2025-11-14,Express,Document,1.35,587,492.55,In Transit,2025-11-16,
SHP000929,CUST01949,PART0543,BR3286,BR0605,2025-01-19,Standard,Clothing,1.15,2165,1276.05,Delivered,2025-01-23,2025-01-22
SHP000930,CUST03644,PART0602,BR2251,BR3972,2025-10-26,Standard,Electronics,5.87,582,509.24,Delivered,2025-10-30,2025-10-29
SHP000931,CUST01107,PART0882,BR2511,BR0322,2025-03-25,Standard,Clothing,4.15,905,649.05,Returned,2025-03-29,2025-03-28
SHP000932,CUST01247,PART2974,BR2283,BR4071,2025-11-16,Standard,Food,3.2,648,486.8,Delivered,2025-11-20,2025-11-20
SHP000933,CUST01739,PART4686,BR3055,BR0270,2025-03-07,Standard,Fragile,4.19,1280,856.18,Delivered,2025-03-11,2025-03-14
SHP000934,CUST01731,PART2795,BR2967,BR3129,2025-11-22,Standard,Clothing,3.92,526,435.54,Delivered,2025-11-26,2025-11-30
SHP000935,CUST01212,PART2983,BR0718,BR2666,2025-08-21,Express,Clothing,0.43,1606,1032.76,In Transit,2025-08-23,
SHP000936,CUST01454,PART2222,BR1880,BR3332,2025-10-31,Same Day,Clothing,5.95,1003,872.55,Out for Delivery,2025-11-01,
SHP000937,CUST00438,PART3376,BR3901,BR3508,2025-01-20,Standard,Fragile,1.4,788,524.2,Delivered,2025-01-24,2025-01-26
SHP000938,CUST02269,PART3747,BR3642,BR3972,2025-02-09,Standard,Electronics,1.97,1300,818.34,Delivered,2025-02-13,2025-02-13
SHP000939,CUST04927,PART1085,BR0327,BR0440,2025-12-24,Economy,Food,1.22,783,517.49,In Transit,2025-12-31,
SHP000940,CUST01827,PART1285,BR3090,BR1148,2025-01-18,Express,Document,4.25,1321,960.05,In Transit,2025-01-20,
SHP000941,CUST01720,PART0854,BR4684,BR3055,2025-04-30,Standard,Parcel,1.49,550,395.28,Delivered,2025-05-04,2025-05-07
SHP000942,CUST01528,PART4515,BR0218,BR1242,2025-12-05,Standard,Food,5.36,885,664.67,Delivered,2025-12-09,2025-12-12
SHP000943,CUST04570,PART2256,BR0184,BR1956,2025-06-03,Standard,Document,2.85,737,528.05,Out for Delivery,2025-06-07,
SHP000944,CUST02019,PART3124,BR3121,BR1346,2025-12-19,Economy,Document,3.55,1993,1234.25,Delivered,2025-12-26,2025-12-27
SHP000945,CUST04229,PART0781,BR1392,BR3410,2025-10-16,Standard,Document,2.44,1564,973.88,Delivered,2025-10-20,2025-10-21
SHP000946,CUST04445,PART4629,BR3970,BR3824,2025-05-14,Standard,Electronics,1.97,1997,1201.69,Delayed,2025-05-18,2025-05-19
SHP000947,CUST04697,PART1697,BR4568,BR1048,2025-07-04,Standard,Document,2.76,1506,949.02,Delivered,2025-07-08,2025-07-11
SHP000948,CUST03488,PART3666,BR3848,BR1122,2025-05-08,Economy,Document,4.06,232,276.92,Delivered,2025-05-15,2025-05-14
SHP000949,CUST04563,PART1495,BR1268,BR1149,2025-05-17,Standard,Food,1.84,1610,985.98,In Transit,2025-05-21,
SHP000950,CUST03701,PART4535,BR1298,BR0953,2025-06-30,Standard,Document,2.05,828,560.5,In Transit,2025-07-04,
SHP000951,CUST01574,PART0376,BR1129,BR0436,2025-06-04,Economy,Fragile,4.43,2138,1333.36,Delivered,2025-06-11,2025-06-12
SHP000952,CUST04889,PART0294,BR4103,BR3703,2025-03-22,Express,Parcel,3.18,958,736.86,Delivered,2025-03-24,2025-03-27
SHP000953,CUST02143,PART2278,BR1831,BR1435,2025-06-29,Standard,Food,2.01,112,165.82,Delivered,2025-07-03,2025-07-07
SHP000954,CUST04682,PART2912,BR3386,BR4677,2025-12-06,Economy,Clothing,1.9,443,345.45,Delivered,2025-12-13,2025-12-13
SHP000955,CUST00341,PART1717,BR4079,BR2851,2025-07-11,Express,Parcel,3.72,441,464.39,Delivered,2025-07-13,2025-07-15
SHP000956,CUST02169,PART2772,BR4772,BR3864,2025-07-01,Same Day,Document,1.16,1372,970.12,Delivered,2025-07-02,2025-07-06
SHP000957,CUST01991,PART3106,BR0362,BR4186,2025-05-21,Same Day,Document,4.31,1144,914.02,Delivered,2025-05-22,2025-05-22
SHP000958,CUST04589,PART1663,BR2562,BR0224,2025-06-08,Express,Food,1.62,1714,1118.34,Delivered,2025-06-10,2025-06-14
SHP000959,CUST02099,PART1453,BR3929,BR3722,2025-08-22,Same Day,Clothing,2.0,664,599.2,Delivered,2025-08-23,2025-08-26
SHP000960,CUST00108,PART0434,BR0998,BR0938,2025-08-31,Economy,Document,5.25,1010,731.0,Out for Delivery,2025-09-07,
SHP000961,CUST00008,PART0819,BR4023,BR0813,2025-06-26,Same Day,Clothing,2.96,1670,1173.62,Delivered,2025-06-27,2025-06-30
SHP000962,CUST04209,PART4216,BR0116,BR3613,2025-07-22,Express,Electronics,1.65,2079,1319.75,Delivered,2025-07-24,2025-07-23
SHP000963,CUST00063,PART4227,BR3651,BR4936,2025-01-13,Express,Parcel,3.95,1727,1176.75,Delivered,2025-01-15,2025-01-15
SHP000964,CUST02020,PART0099,BR1244,BR4296,2025-02-20,Standard,Fragile,3.3,1878,1165.5,Delivered,2025-02-24,2025-02-24
SHP000965,CUST03862,PART2385,BR1212,BR4683,2025-09-01,Standard,Parcel,8.48,1695,1178.81,Out for Delivery,2025-09-05,
SHP000966,CUST03071,PART0432,BR0598,BR4452,2025-12-26,Standard,Parcel,3.84,1681,1069.03,Delivered,2025-12-30,2025-12-31
SHP000967,CUST03129,PART3427,BR2755,BR3006,2025-12-22,Express,Food,2.32,2148,1372.44,Delivered,2025-12-24,2025-12-28
SHP000968,CUST00065,PART4600,BR4895,BR4480,2025-12-01,Standard,Parcel,2.77,1326,850.24,Delivered,2025-12-05,2025-12-09
SHP000969,CUST04271,PART2919,BR3180,BR4787,2025-08-02,Standard,Fragile,6.45,1065,787.65,Delivered,2025-08-06,2025-08-09
SHP000970,CUST04442,PART4791,BR0857,BR0107,2025-01-19,Standard,Document,2.4,924,621.0,In Transit,2025-01-23,
SHP000971,CUST00474,PART1042,BR4739,BR4600,2025-10-12,Standard,Clothing,1.38,399,309.81,Delivered,2025-10-16,2025-10-15
SHP000972,CUST04695,PART1797,BR2281,BR4208,2025-03-28,Standard,Electronics,3.38,1564,994.56,Delivered,2025-04-01,2025-04-02
SHP000973,CUST00467,PART4002,BR3611,BR1274,2025-07-30,Standard,Fragile,2.62,1552,971.24,Delayed,2025-08-03,2025-08-06
SHP000974,CUST03141,PART0081,BR1125,BR2471,2025-05-27,Express,Document,0.91,1922,1217.12,Delivered,2025-05-29,2025-05-30
SHP000975,CUST03805,PART3479,BR4555,BR2515,2025-01-13,Express,Electronics,1.44,120,237.68,Delivered,2025-01-15,2025-01-16
SHP000976,CUST00187,PART0032,BR3603,BR4313,2025-04-07,Express,Fragile,8.39,1786,1306.88,Out for Delivery,2025-04-09,
SHP000977,CUST00476,PART0143,BR1317,BR4848,2025-12-10,Standard,Document,2.52,781,544.99,Delivered,2025-12-14,2025-12-15
SHP000978,CUST02717,PART4176,BR4661,BR4636,2025-02-07,Express,Food,1.16,904,662.72,Delivered,2025-02-09,2025-02-13
SHP000979,CUST00427,PART2318,BR4318,BR0416,2025-02-02,Standard,Electronics,5.77,2047,1312.79,Delivered,2025-02-06,2025-02-06
SHP000980,CUST01123,PART0304,BR1050,BR3117,2025-02-14,Economy,Fragile,1.66,2119,1261.97,Delivered,2025-02-21,2025-02-24
SHP000981,CUST00113,PART3430,BR2289,BR0187,2025-07-04,Standard,Clothing,1.75,1258,790.4,In Transit,2025-07-08,
SHP000982,CUST02512,PART2666,BR1933,BR3246,2025-02-18,Standard,Food,2.01,1382,864.32,Delivered,2025-02-22,2025-02-25
SHP000983,CUST01491,PART0919,BR3142,BR1649,2025-03-24,Same Day,Parcel,2.36,2008,1346.32,Delivered,2025-03-25,2025-03-24
SHP000984,CUST04971,PART3219,BR2324,BR2877,2025-02-08,Standard,Food,2.52,30,131.94,Delivered,2025-02-12,2025-02-12
SHP000985,CUST01556,PART2881,BR4208,BR0650,2025-02-16,Express,Clothing,3.91,24,239.22,Delayed,2025-02-18,2025-02-22
SHP000986,CUST02928,PART0035,BR4577,BR4628,2025-06-10,Standard,Electronics,3.3,659,495.05,Delivered,2025-06-14,2025-06-18
SHP000987,CUST04327,PART4064,BR2140,BR0092,2025-12-13,Same Day,Food,2.91,538,549.92,Out for Delivery,2025-12-14,
SHP000988,CUST00886,PART0466,BR1326,BR1275,2025-06-27,Economy,Parcel,10.05,2058,1413.0,Delivered,2025-07-04,2025-07-06
SHP000989,CUST04988,PART2211,BR3060,BR2358,2025-07-13,Economy,Clothing,5.62,1290,893.14,In Transit,2025-07-20,
SHP000990,CUST00977,PART4815,BR3303,BR3283,2025-02-02,Standard,Parcel,4.09,506,428.28,Delivered,2025-02-06,2025-02-06
SHP000991,CUST03819,PART3623,BR3476,BR3766,2025-06-26,Standard,Fragile,3.01,1729,1077.17,Delivered,2025-06-30,2025-06-30
SHP000992,CUST00548,PART1791,BR3640,BR4849,2025-07-18,Standard,Clothing,1.13,1076,676.66,In Transit,2025-07-22,
SHP000993,CUST01461,PART0198,BR0505,BR2771,2025-03-30,Standard,Document,0.95,956,606.7,Delivered,2025-04-03,2025-04-05
SHP000994,CUST03898,PART4168,BR1680,BR2071,2025-12-17,Same Day,Document,3.02,2157,1442.79,In Transit,2025-12-18,
SHP000995,CUST00933,PART0593,BR0094,BR2242,2025-06-21,Economy,Electronics,2.53,72,155.26,In Transit,2025-06-28,
SHP000996,CUST00797,PART0822,BR0103,BR2473,2025-09-26,Standard,Document,1.84,1166,741.78,Delivered,2025-09-30,2025-09-30
SHP000997,CUST01258,PART4988,BR1365,BR4025,2025-08-11,Standard,Fragile,1.23,554,391.76,In Transit,2025-08-15,
SHP000998,CUST01369,PART0534,BR3287,BR1146,2025-01-29,Express,Parcel,2.77,179,299.39,Delivered,2025-01-31,2025-02-03
SHP000999,CUST04297,PART4520,BR4858,BR2016,2025-02-09,Standard,Fragile,2.66,1744,1077.72,Returned,2025-02-13,2025-02-12
SHP001000,CUST00804,PART4629,BR1078,BR1393,2025-08-11,Standard,Fragile,5.0,2057,1301.35,Delayed,2025-08-15,2025-08-18
SHP001001,CUST03299,PART0858,BR1110,BR3362,2025-08-21,Same Day,Document,2.44,1252,932.28,Out for Delivery,2025-08-22,
SHP001002,CUST02102,PART0366,BR2677,BR0917,2025-05-12,Standard,Clothing,1.03,480,346.66,In Transit,2025-05-16,
SHP001003,CUST01842,PART1877,BR3776,BR1512,2025-12-03,Express,Food,8.24,1237,1001.63,Delayed,2025-12-05,2025-12-07
SHP001004,CUST03593,PART4242,BR2574,BR4274,2025-07-14,Express,Food,2.65,1525,1037.05,Out for Delivery,2025-07-16,
SHP001005,CUST03826,PART4494,BR1961,BR1555,2025-09-07,Standard,Fragile,1.72,1121,714.39,Returned,2025-09-11,2025-09-12
SHP001006,CUST00409,PART1002,BR1856,BR4638,2025-04-11,Express,Document,6.03,912,774.26,Delayed,2025-04-13,2025-04-13
SHP001007,CUST03750,PART0170,BR2739,BR4185,2025-11-10,Standard,Clothing,3.51,1196,795.02,Delivered,2025-11-14,2025-11-16
SHP001008,CUST01742,PART3432,BR1810,BR2179,2025-12-10,Express,Fragile,0.91,1067,746.87,In Transit,2025-12-12,
SHP001009,CUST04051,PART2486,BR4329,BR0531,2025-02-28,Standard,Parcel,2.65,1609,1003.25,Delayed,2025-03-04,2025-03-08
SHP001010,CUST01135,PART2307,BR3881,BR4969,2025-05-24,Express,Clothing,3.03,663,571.31,Out for Delivery,2025-05-26,
SHP001011,CUST03993,PART1783,BR4165,BR4222,2025-08-11,Express,Electronics,0.91,641,512.57,In Transit,2025-08-13,
SHP001012,CUST04839,PART2045,BR3152,BR1720,2025-04-16,Economy,Parcel,4.69,2099,1317.63,Delivered,2025-04-23,2025-04-25
SHP001013,CUST01585,PART2309,BR3452,BR4505,2025-03-01,Standard,Fragile,6.11,1023,757.07,Delivered,2025-03-05,2025-03-06
SHP001014,CUST03563,PART2846,BR4162,BR0852,2025-07-14,Standard,Parcel,3.73,76,183.86,Delivered,2025-07-18,2025-07-20
SHP001015,CUST00569,PART2147,BR2659,BR3791,2025-07-11,Express,Parcel,2.83,1950,1274.76,In Transit,2025-07-13,
SHP001016,CUST03522,PART2863,BR2322,BR3665,2025-10-16,Same Day,Parcel,0.67,1289,913.69,Delivered,2025-10-17,2025-10-18
SHP001017,CUST01525,PART2158,BR0805,BR3069,2025-04-14,Economy,Parcel,4.15,886,638.6,In Transit,2025-04-21,
SHP001018,CUST02551,PART4879,BR4611,BR0681,2025-05-30,Standard,Clothing,2.58,1918,1171.66,Delayed,2025-06-03,2025-06-04
SHP001019,CUST01667,PART1279,BR3425,BR1829,2025-09-20,Standard,Food,2.07,2150,1288.04,Delivered,2025-09-24,2025-09-24
SHP001020,CUST03483,PART2978,BR3242,BR3614,2025-12-19,Standard,Electronics,10.34,1142,915.58,In Transit,2025-12-23,
SHP001021,CUST01257,PART1427,BR3433,BR1015,2025-09-18,Standard,Fragile,3.39,222,256.68,Delivered,2025-09-22,2025-09-26
SHP001022,CUST03870,PART4529,BR0469,BR4549,2025-05-21,Standard,Fragile,1.69,1846,1112.48,Delivered,2025-05-25,2025-05-26
SHP001023,CUST03811,PART0289,BR1907,BR0753,2025-08-10,Same Day,Fragile,0.84,1117,822.83,Delivered,2025-08-11,2025-08-15
SHP001024,CUST01664,PART0725,BR1308,BR0700,2025-09-23,Standard,Clothing,3.94,1704,1083.88,Delivered,2025-09-27,2025-09-28
SHP001025,CUST01051,PART2038,BR0444,BR1326,2025-05-22,Standard,Clothing,1.68,822,549.06,Delivered,2025-05-26,2025-05-28
SHP001026,CUST01085,PART3122,BR0119,BR4753,2025-03-12,Standard,Electronics,1.37,1744,1049.34,Delivered,2025-03-16,2025-03-17
SHP001027,CUST03968,PART1463,BR1513,BR4553,2025-06-08,Same Day,Parcel,4.38,1516,1120.16,In Transit,2025-06-09,
SHP001028,CUST02131,PART1039,BR0289,BR0063,2025-09-17,Standard,Electronics,0.62,1888,1112.04,Delivered,2025-09-21,2025-09-25
SHP001029,CUST04854,PART1336,BR4659,BR2377,2025-02-17,Standard,Document,4.1,1254,839.9,Delivered,2025-02-21,2025-02-23
SHP001030,CUST01252,PART4082,BR1596,BR0254,2025-03-04,Standard,Parcel,2.97,375,331.59,Delivered,2025-03-08,2025-03-11
SHP001031,CUST01850,PART0723,BR1332,BR0304,2025-04-16,Standard,Document,2.34,1051,689.53,Delivered,2025-04-20,2025-04-19
SHP001032,CUST00848,PART4896,BR4502,BR0472,2025-05-08,Standard,Food,2.77,295,283.19,Delivered,2025-05-12,2025-05-11
SHP001033,CUST02322,PART2958,BR4111,BR1438,2025-09-17,Standard,Parcel,2.62,2034,1236.34,In Transit,2025-09-21,
SHP001034,CUST04414,PART1378,BR2482,BR0112,2025-07-26,Standard,Electronics,1.44,392,307.28,In Transit,2025-07-30,
SHP001035,CUST02921,PART0980,BR3817,BR2130,2025-02-26,Express,Document,10.5,1164,1011.2,Delivered,2025-02-28,2025-02-27
SHP001036,CUST03618,PART1479,BR3024,BR3231,2025-02-04,Express,Clothing,2.85,2052,1331.3,In Transit,2025-02-06,
SHP001037,CUST01139,PART2627,BR1921,BR0422,2025-12-20,Express,Document,4.37,1568,1098.54,Returned,2025-12-22,2025-12-25
SHP001038,CUST04162,PART1943,BR4637,BR2255,2025-05-22,Standard,Clothing,2.44,1694,1045.38,Returned,2025-05-26,2025-05-30
SHP001039,CUST03043,PART1105,BR2011,BR3498,2025-03-18,Express,Fragile,4.33,1976,1322.06,Delivered,2025-03-20,2025-03-23
SHP001040,CUST04624,PART0440,BR2452,BR1051,2025-01-23,Standard,Document,6.66,996,754.32,Delivered,2025-01-27,2025-01-26
SHP001041,CUST00490,PART4739,BR3833,BR4280,2025-04-25,Standard,Electronics,10.34,111,348.53,Cancelled,2025-04-29,
SHP001042,CUST03997,PART1922,BR1089,BR4206,2025-07-27,Economy,Fragile,2.19,1964,1188.38,Out for Delivery,2025-08-03,
SHP001043,CUST04691,PART1561,BR4349,BR3026,2025-04-09,Economy,Fragile,6.09,1357,940.33,Delivered,2025-04-16,2025-04-18
SHP001044,CUST01588,PART4871,BR2508,BR4545,2025-01-27,Express,Clothing,1.66,1819,1176.97,Delivered,2025-01-29,2025-02-02
SHP001045,CUST03460,PART3585,BR3115,BR3101,2025-04-08,Express,Food,3.02,143,285.09,Delivered,2025-04-10,2025-04-12
SHP001046,CUST03146,PART3937,BR1389,BR3002,2025-09-21,Standard,Fragile,0.47,818,520.24,Delivered,2025-09-25,2025-09-26
SHP001047,CUST04339,PART4044,BR4537,BR1548,2025-06-10,Standard,Fragile,2.28,1977,1197.51,In Transit,2025-06-14,
SHP001048,CUST04076,PART3224,BR1363,BR1217,2025-04-01,Express,Parcel,8.47,1432,1113.94,In Transit,2025-04-03,
SHP001049,CUST02010,PART0727,BR4141,BR2729,2025-09-30,Same Day,Document,2.52,1187,898.29,Delayed,2025-10-01,2025-10-04
SHP001050,CUST04888,PART0757,BR3656,BR0233,2025-04-18,Same Day,Food,2.55,59,278.55,Delivered,2025-04-19,2025-04-21
SHP001051,CUST04341,PART2679,BR2530,BR0057,2025-03-03,Standard,Electronics,2.67,640,470.74,Delivered,2025-03-07,2025-03-10
SHP001052,CUST00419,PART1905,BR4412,BR0807,2025-03-19,Express,Electronics,4.07,1575,1095.79,In Transit,2025-03-21,
SHP001053,CUST04973,PART4682,BR3785,BR0509,2025-10-13,Express,Document,1.99,2144,1362.98,In Transit,2025-10-15,
SHP001054,CUST00484,PART1357,BR0376,BR3355,2025-09-06,Express,Document,6.32,1195,936.29,Delayed,2025-09-08,2025-09-12
SHP001055,CUST00605,PART4380,BR0356,BR4265,2025-02-15,Economy,Document,2.26,1785,1091.47,In Transit,2025-02-22,
SHP001056,CUST00878,PART3352,BR4395,BR2882,2025-05-06,Standard,Clothing,4.66,2103,1319.17,Delivered,2025-05-10,2025-05-09
SHP001057,CUST03606,PART3189,BR2349,BR3466,2025-07-14,Standard,Document,6.17,1612,1082.34,In Transit,2025-07-18,
SHP001058,CUST01798,PART0448,BR4360,BR4841,2025-11-09,Standard,Electronics,3.71,1285,848.37,Delivered,2025-11-13,2025-11-14
SHP001059,CUST03368,PART3968,BR3444,BR2057,2025-05-14,Express,Clothing,3.17,2076,1351.54,Delivered,2025-05-16,2025-05-16
SHP001060,CUST01856,PART3360,BR1534,BR1735,2025-07-03,Express,Clothing,1.89,1788,1164.98,In Transit,2025-07-05,
SHP001061,CUST01648,PART0914,BR0359,BR1466,2025-03-11,Standard,Food,1.21,1398,855.52,Out for Delivery,2025-03-15,
SHP001062,CUST04716,PART4742,BR0889,BR0906,2025-12-22,Express,Document,2.06,467,442.17,In Transit,2025-12-24,
SHP001063,CUST00232,PART0861,BR2478,BR3576,2025-04-13,Economy,Document,4.19,1434,940.88,In Transit,2025-04-20,
SHP001064,CUST01147,PART2543,BR2056,BR0578,2025-12-22,Standard,Fragile,4.75,552,468.1,Delivered,2025-12-26,2025-12-28
SHP001065,CUST01078,PART2987,BR1769,BR3902,2025-03-08,Standard,Fragile,2.44,485,380.43,Delivered,2025-03-12,2025-03-11
SHP001066,CUST04097,PART3363,BR1645,BR0356,2025-06-12,Express,Fragile,2.2,1858,1210.3,Delivered,2025-06-14,2025-06-13
SHP001067,CUST01815,PART2272,BR3245,BR4206,2025-04-21,Express,Parcel,5.82,2151,1451.09,Delivered,2025-04-23,2025-04-25
SHP001068,CUST01445,PART3184,BR0247,BR3076,2025-09-06,Same Day,Document,3.47,1776,1243.14,Delivered,2025-09-07,2025-09-10
SHP001069,CUST01304,PART4959,BR4367,BR4406,2025-11-27,Standard,Clothing,6.44,1510,1032.18,Delivered,2025-12-01,2025-12-03
SHP001070,CUST03286,PART2097,BR2869,BR4769,2025-05-23,Standard,Food,0.89,214,197.28,Delivered,2025-05-27,2025-05-26
SHP001071,CUST02049,PART4778,BR3067,BR0115,2025-10-20,Same Day,Clothing,0.43,1740,1156.46,Delayed,2025-10-21,2025-10-25
SHP001072,CUST00260,PART0835,BR4831,BR2234,2025-04-06,Standard,Parcel,1.21,576,403.42,Delivered,2025-04-10,2025-04-11
SHP001073,CUST04205,PART1202,BR4942,BR0057,2025-12-08,Economy,Clothing,2.58,1333,849.91,Delivered,2025-12-15,2025-12-16
SHP001074,CUST02004,PART4621,BR4408,BR1600,2025-03-12,Economy,Document,3.79,1363,893.03,Delivered,2025-03-19,2025-03-20
SHP001075,CUST02250,PART3773,BR1174,BR2609,2025-12-18,Economy,Document,3.36,234,262.62,Delivered,2025-12-25,2025-12-24
SHP001076,CUST04433,PART1302,BR2761,BR0928,2025-11-06,Standard,Fragile,2.03,1283,810.31,Delivered,2025-11-10,2025-11-12
SHP001077,CUST04451,PART0816,BR2838,BR3902,2025-12-07,Express,Food,2.91,1519,1039.47,Returned,2025-12-09,2025-12-11
SHP001078,CUST03187,PART0559,BR1196,BR2981,2025-06-11,Economy,Clothing,3.48,2082,1281.66,Delivered,2025-06-18,2025-06-20
SHP001079,CUST03220,PART0208,BR3310,BR0871,2025-08-19,Economy,Parcel,1.14,452,333.68,Delivered,2025-08-26,2025-08-29
SHP001080,CUST02637,PART4534,BR2987,BR2793,2025-09-01,Express,Document,1.85,947,701.55,Delivered,2025-09-03,2025-09-06
SHP001081,CUST04861,PART3862,BR4053,BR3914,2025-11-24,Standard,Clothing,4.56,1419,940.77,In Transit,2025-11-28,
SHP001082,CUST02915,PART2605,BR3081,BR0298,2025-10-26,Standard,Electronics,0.75,708,465.9,Delivered,2025-10-30,2025-11-02
SHP001083,CUST04385,PART1989,BR0521,BR0189,2025-03-28,Economy,Food,1.67,148,178.14,Delivered,2025-04-04,2025-04-07
SHP001084,CUST01276,PART0776,BR1146,BR2072,2025-07-25,Express,Document,4.58,946,761.06,In Transit,2025-07-27,
SHP001085,CUST00620,PART2913,BR3316,BR4684,2025-01-25,Standard,Food,4.57,229,286.49,In Transit,2025-01-29,
SHP001086,CUST04921,PART4482,BR1487,BR0687,2025-03-10,Economy,Electronics,1.39,141,168.13,Delivered,2025-03-17,2025-03-16
SHP001087,CUST01849,PART4563,BR3094,BR4174,2025-01-03,Express,Food,3.85,676,596.5,Returned,2025-01-05,2025-01-07
SHP001088,CUST00025,PART1721,BR0219,BR0743,2025-07-15,Standard,Parcel,2.22,1463,913.49,Delivered,2025-07-19,2025-07-23
SHP001089,CUST02612,PART1733,BR4268,BR4141,2025-07-22,Standard,Clothing,3.04,75,168.13,Delivered,2025-07-26,2025-07-28
SHP001090,CUST04794,PART4806,BR3255,BR4298,2025-03-13,Express,Clothing,3.36,1012,770.52,Out for Delivery,2025-03-15,
SHP001091,CUST03513,PART2596,BR1315,BR1417,2025-12-19,Standard,Parcel,3.0,1728,1076.4,Out for Delivery,2025-12-23,
SHP001092,CUST01350,PART0852,BR0208,BR4072,2025-07-08,Economy,Fragile,1.38,1711,1031.41,Delivered,2025-07-15,2025-07-17
SHP001093,CUST01827,PART3394,BR1249,BR3278,2025-12-08,Express,Parcel,5.78,398,486.06,In Transit,2025-12-10,
SHP001094,CUST00962,PART3072,BR2127,BR2968,2025-09-28,Standard,Fragile,3.03,274,277.36,In Transit,2025-10-02,
SHP001095,CUST04168,PART4693,BR2786,BR1991,2025-11-13,Express,Electronics,3.98,390,442.06,Delivered,2025-11-15,2025-11-15
SHP001096,CUST00996,PART3858,BR0780,BR1683,2025-03-04,Standard,Food,0.78,1877,1109.51,Delivered,2025-03-08,2025-03-09
SHP001097,CUST01838,PART4061,BR3747,BR4069,2025-03-12,Economy,Clothing,6.92,316,386.04,Delivered,2025-03-19,2025-03-21
SHP001098,CUST00702,PART4553,BR0389,BR4836,2025-01-24,Express,Fragile,3.21,434,449.32,Delayed,2025-01-26,2025-01-29
SHP001099,CUST00887,PART2084,BR4636,BR0689,2025-03-19,Economy,Fragile,1.36,824,543.12,Returned,2025-03-26,2025-03-30
SHP001100,CUST04452,PART3923,BR2802,BR2144,2025-01-13,Express,Electronics,1.59,1637,1075.33,Out for Delivery,2025-01-15,
SHP001101,CUST04053,PART1462,BR0031,BR1914,2025-09-23,Standard,Electronics,2.96,1620,1016.12,Delivered,2025-09-27,2025-09-27
SHP001102,CUST03929,PART0009,BR0457,BR0273,2025-07-12,Same Day,Parcel,1.05,2089,1362.05,Delayed,2025-07-13,2025-07-17
SHP001103,CUST02786,PART3631,BR4487,BR1993,2025-09-18,Same Day,Document,2.77,570,564.44,Delivered,2025-09-19,2025-09-19
SHP001104,CUST04561,PART0737,BR1518,BR1022,2025-12-20,Economy,Parcel,3.2,717,524.75,In Transit,2025-12-27,
SHP001105,CUST04160,PART1476,BR2965,BR4506,2025-04-19,Express,Electronics,4.88,313,419.51,Delivered,2025-04-21,2025-04-24
SHP001106,CUST00798,PART4176,BR1956,BR2451,2025-10-30,Express,Clothing,3.91,1459,1028.47,Delivered,2025-11-01,2025-11-05
SHP001107,CUST03963,PART0304,BR4368,BR1965,2025-12-29,Express,Document,1.92,135,256.49,Delivered,2025-12-31,2026-01-03
SHP001108,CUST01949,PART3304,BR2018,BR4396,2025-05-16,Standard,Document,12.61,981,876.97,Returned,2025-05-20,2025-05-20
SHP001109,CUST00947,PART3635,BR0271,BR2897,2025-02-20,Standard,Food,3.07,1935,1191.79,Out for Delivery,2025-02-24,
SHP001110,CUST00086,PART4817,BR3497,BR2578,2025-07-25,Same Day,Fragile,4.3,1442,1077.7,Delivered,2025-07-26,2025-07-25
SHP001111,CUST00037,PART3082,BR3532,BR2960,2025-12-30,Standard,Electronics,3.27,261,275.49,Returned,2026-01-03,2026-01-04
SHP001112,CUST01360,PART2999,BR1971,BR0357,2025-02-06,Same Day,Parcel,6.02,748,733.84,Delivered,2025-02-07,2025-02-09
SHP001113,CUST03894,PART1351,BR0173,BR0257,2025-03-22,Standard,Food,2.44,186,215.98,Delivered,2025-03-26,2025-03-29
SHP001114,CUST03494,PART2187,BR1996,BR0207,2025-06-20,Economy,Clothing,2.42,1196,771.04,In Transit,2025-06-27,
SHP001115,CUST04985,PART4386,BR4156,BR4130,2025-08-02,Standard,Clothing,3.83,1669,1062.21,Out for Delivery,2025-08-06,
SHP001116,CUST03201,PART0010,BR2180,BR4820,2025-07-04,Standard,Electronics,1.96,2192,1308.72,Delivered,2025-07-08,2025-07-10
SHP001117,CUST01823,PART2417,BR2573,BR2350,2025-10-27,Express,Document,5.27,1733,1209.09,Delivered,2025-10-29,2025-10-30
SHP001118,CUST00547,PART1313,BR1503,BR3405,2025-06-26,Standard,Food,3.36,1138,759.82,In Transit,2025-06-30,
SHP001119,CUST01133,PART2297,BR2639,BR0767,2025-10-22,Express,Clothing,1.9,1168,824.2,Out for Delivery,2025-10-24,
SHP001120,CUST00139,PART4358,BR1368,BR2284,2025-07-23,Standard,Fragile,1.58,1753,1058.91,Delivered,2025-07-27,2025-07-27
SHP001121,CUST02683,PART1212,BR1456,BR1529,2025-01-30,Standard,Parcel,3.7,1570,1004.9,Delivered,2025-02-03,2025-02-03
SHP001122,CUST01298,PART2032,BR4335,BR4785,2025-08-09,Standard,Fragile,2.81,480,385.82,In Transit,2025-08-13,
SHP001123,CUST00326,PART4245,BR2285,BR3289,2025-12-02,Standard,Electronics,2.4,1253,801.95,Delivered,2025-12-06,2025-12-10
SHP001124,CUST02294,PART0329,BR3400,BR1774,2025-08-24,Economy,Parcel,0.77,781,506.49,Cancelled,2025-08-31,
SHP001125,CUST00729,PART0765,BR0252,BR4779,2025-11-18,Economy,Document,3.26,308,301.12,Delivered,2025-11-25,2025-11-24
SHP001126,CUST04171,PART3645,BR1537,BR3198,2025-02-20,Standard,Parcel,5.38,1078,771.26,Delivered,2025-02-24,2025-02-27
SHP001127,CUST00803,PART1850,BR3518,BR0260,2025-12-01,Standard,Food,5.94,657,552.03,In Transit,2025-12-05,
SHP001128,CUST03726,PART0273,BR0331,BR4925,2025-10-29,Standard,Fragile,2.38,1211,778.41,Delivered,2025-11-02,2025-11-02
SHP001129,CUST02655,PART3304,BR0408,BR2785,2025-07-06,Same Day,Electronics,3.61,1639,1170.87,Delivered,2025-07-07,2025-07-06
SHP001130,CUST01886,PART4232,BR0423,BR0835,2025-04-28,Standard,Clothing,11.24,1133,930.43,In Transit,2025-05-02,
SHP001131,CUST02261,PART4547,BR2491,BR2753,2025-04-12,Standard,Food,8.39,453,493.73,Delivered,2025-04-16,2025-04-17
SHP001132,CUST02883,PART4732,BR1750,BR0354,2025-09-18,Same Day,Electronics,9.83,1704,1343.46,Delivered,2025-09-19,2025-09-23
SHP001133,CUST00725,PART4705,BR4449,BR3914,2025-11-30,Standard,Clothing,1.65,46,121.6,Delivered,2025-12-04,2025-12-07
SHP001134,CUST01111,PART3458,BR4881,BR1071,2025-11-20,Economy,Parcel,4.69,1773,1138.33,Out for Delivery,2025-11-27,
SHP001135,CUST03082,PART1095,BR1391,BR1799,2025-04-21,Same Day,Clothing,1.61,507,504.27,Delayed,2025-04-22,2025-04-22
SHP001136,CUST00032,PART1109,BR1459,BR3670,2025-10-15,Economy,Fragile,3.29,365,333.13,Delivered,2025-10-22,2025-10-26
SHP001137,CUST03147,PART3326,BR0708,BR2181,2025-08-04,Standard,Document,7.26,388,433.12,Delivered,2025-08-08,2025-08-07
SHP001138,CUST02077,PART2661,BR2679,BR4560,2025-04-25,Standard,Clothing,10.53,1917,1346.01,Delayed,2025-04-29,2025-04-30
SHP001139,CUST02627,PART3312,BR2817,BR1848,2025-11-14,Economy,Clothing,1.97,200,213.34,Returned,2025-11-21,2025-11-24
SHP001140,CUST03352,PART0459,BR2044,BR3205,2025-10-13,Express,Electronics,2.46,1937,1259.47,Delivered,2025-10-15,2025-10-14
SHP001141,CUST01179,PART3748,BR1872,BR4126,2025-11-01,Economy,Electronics,1.21,875,567.87,Delayed,2025-11-08,2025-11-12
SHP001142,CUST00339,PART2167,BR4835,BR0226,2025-05-20,Economy,Food,2.63,16,126.66,Delayed,2025-05-27,2025-05-31
SHP001143,CUST03439,PART0846,BR3404,BR1725,2025-03-30,Same Day,Fragile,2.25,1266,935.8,Delivered,2025-03-31,2025-04-01
SHP001144,CUST01052,PART2947,BR4263,BR4088,2025-04-03,Standard,Food,3.85,1208,809.1,Delivered,2025-04-07,2025-04-08
SHP001145,CUST02886,PART3378,BR0523,BR4426,2025-10-30,Standard,Fragile,3.3,1593,1008.75,Delivered,2025-11-03,2025-11-07
SHP001146,CUST03191,PART1659,BR4795,BR0882,2025-03-04,Express,Fragile,3.69,1041,793.73,Out for Delivery,2025-03-06,
SHP001147,CUST03969,PART4260,BR2880,BR4887,2025-11-18,Standard,Fragile,3.43,96,188.26,Delivered,2025-11-22,2025-11-21
SHP001148,CUST04097,PART3214,BR2305,BR3078,2025-10-15,Standard,Electronics,3.02,1448,922.84,Delivered,2025-10-19,2025-10-22
SHP001149,CUST02406,PART2294,BR2390,BR1819,2025-12-16,Standard,Food,3.06,1849,1144.27,Delivered,2025-12-20,2025-12-19
SHP001150,CUST00967,PART4315,BR3856,BR4469,2025-06-22,Standard,Electronics,2.49,675,486.03,Delivered,2025-06-26,2025-06-29
SHP001151,CUST02844,PART4257,BR1795,BR3321,2025-06-28,Standard,Clothing,3.35,1369,886.65,In Transit,2025-07-02,
SHP001152,CUST02050,PART2486,BR0905,BR1890,2025-02-22,Express,Document,2.23,59,221.51,Delivered,2025-02-24,2025-02-27
SHP001153,CUST02865,PART4902,BR2970,BR2591,2025-04-21,Standard,Parcel,1.86,192,206.52,Delivered,2025-04-25,2025-04-28
SHP001154,CUST03397,PART2755,BR2605,BR2693,2025-09-09,Standard,Food,3.07,1686,1054.84,Delivered,2025-09-13,2025-09-13
SHP001155,CUST04212,PART3483,BR3178,BR4370,2025-06-05,Same Day,Document,3.0,319,431.45,In Transit,2025-06-06,
SHP001156,CUST01342,PART4196,BR3869,BR1853,2025-12-11,Standard,Clothing,4.02,2108,1307.84,Delivered,2025-12-15,2025-12-16
SHP001157,CUST04231,PART3104,BR3200,BR1792,2025-11-14,Express,Fragile,4.23,782,663.16,Out for Delivery,2025-11-16,
SHP001158,CUST01020,PART4953,BR2523,BR0070,2025-01-29,Standard,Clothing,2.69,1492,939.78,Delivered,2025-02-02,2025-02-03
SHP001159,CUST01672,PART0936,BR1073,BR0504,2025-05-04,Economy,Food,1.62,1911,1146.69,Delivered,2025-05-11,2025-05-11
SHP001160,CUST03761,PART4911,BR4971,BR1565,2025-06-23,Standard,Parcel,4.58,266,307.06,Delivered,2025-06-27,2025-06-28
SHP001161,CUST04208,PART0318,BR4598,BR4051,2025-01-31,Express,Fragile,3.12,215,326.89,Delivered,2025-02-02,2025-02-06
SHP001162,CUST03198,PART3594,BR2703,BR2151,2025-11-18,Standard,Document,4.42,207,271.09,Delivered,2025-11-22,2025-11-24
SHP001163,CUST03481,PART1841,BR1877,BR1454,2025-11-14,Economy,Electronics,4.94,2051,1296.73,Delivered,2025-11-21,2025-11-21
SHP001164,CUST00878,PART4350,BR2811,BR2732,2025-10-01,Express,Food,2.59,898,690.88,Delivered,2025-10-03,2025-10-03
SHP001165,CUST03735,PART3920,BR2392,BR3943,2025-03-26,Express,Food,5.2,2163,1444.05,Delivered,2025-03-28,2025-03-29
SHP001166,CUST00153,PART3176,BR2749,BR2176,2025-03-27,Same Day,Parcel,2.17,1696,1170.54,Returned,2025-03-28,2025-03-30
SHP001167,CUST01185,PART0699,BR0452,BR2594,2025-06-07,Standard,Clothing,2.5,2123,1282.65,Returned,2025-06-11,2025-06-14
SHP001168,CUST00609,PART2910,BR2215,BR2883,2025-12-05,Standard,Document,3.6,1803,1130.85,Delivered,2025-12-09,2025-12-12
SHP001169,CUST01389,PART0061,BR4714,BR0058,2025-10-04,Economy,Food,1.28,1878,1121.06,Delivered,2025-10-11,2025-10-12
SHP001170,CUST02177,PART0347,BR2654,BR2892,2025-11-30,Express,Document,1.01,1405,934.97,Delivered,2025-12-02,2025-12-01
SHP001171,CUST01973,PART1133,BR1991,BR1403,2025-05-21,Express,Food,1.19,1997,1264.53,Delivered,2025-05-23,2025-05-24
SHP001172,CUST03836,PART2460,BR2488,BR3466,2025-04-09,Standard,Food,5.64,786,616.38,Delivered,2025-04-13,2025-04-14
SHP001173,CUST02103,PART0672,BR2936,BR2333,2025-10-02,Standard,Document,6.08,2178,1391.66,Delivered,2025-10-06,2025-10-07
SHP001174,CUST00359,PART3126,BR3082,BR2227,2025-01-04,Standard,Fragile,2.5,683,490.65,Delivered,2025-01-08,2025-01-12
SHP001175,CUST02200,PART4867,BR0617,BR2222,2025-08-26,Express,Document,11.14,1003,936.73,In Transit,2025-08-28,
SHP001176,CUST00140,PART3539,BR0965,BR3061,2025-05-29,Express,Electronics,6.07,428,508.94,Delivered,2025-05-31,2025-06-01
SHP001177,CUST01815,PART2769,BR1415,BR0407,2025-06-01,Standard,Fragile,3.37,1706,1072.44,Delivered,2025-06-05,2025-06-07
SHP001178,CUST01220,PART1696,BR1172,BR2156,2025-04-16,Express,Electronics,9.22,608,677.24,Delivered,2025-04-18,2025-04-17
SHP001179,CUST04704,PART4575,BR0337,BR4603,2025-02-14,Express,Document,3.92,1599,1105.69,In Transit,2025-02-16,
SHP001180,CUST03547,PART4462,BR2928,BR4919,2025-09-26,Standard,Document,2.94,943,643.33,Delivered,2025-09-30,2025-10-01
SHP001181,CUST01404,PART0953,BR2556,BR3526,2025-02-18,Same Day,Clothing,8.54,1088,976.28,Out for Delivery,2025-02-19,
SHP001182,CUST01275,PART0633,BR3261,BR4668,2025-02-17,Express,Fragile,4.62,714,634.34,Delayed,2025-02-19,2025-02-23
SHP001183,CUST02753,PART3665,BR1955,BR0153,2025-09-30,Standard,Clothing,6.1,696,577.0,Delivered,2025-10-04,2025-10-04
SHP001184,CUST03381,PART2299,BR4952,BR4043,2025-06-09,Economy,Document,3.69,2011,1247.23,Delivered,2025-06-16,2025-06-15
SHP001185,CUST01164,PART0528,BR4343,BR1478,2025-08-20,Standard,Clothing,0.95,1090,680.4,Delivered,2025-08-24,2025-08-27
SHP001186,CUST03591,PART2792,BR2539,BR0046,2025-06-27,Standard,Food,1.17,1093,686.89,Returned,2025-07-01,2025-07-04
SHP001187,CUST02919,PART0720,BR0874,BR3667,2025-04-15,Economy,Electronics,4.15,1807,1145.15,Cancelled,2025-04-22,
SHP001188,CUST04096,PART1995,BR1851,BR3735,2025-05-06,Standard,Parcel,0.64,140,151.08,Returned,2025-05-10,2025-05-09
SHP001189,CUST02483,PART4145,BR1981,BR0533,2025-07-09,Standard,Fragile,4.15,1897,1194.65,Delivered,2025-07-13,2025-07-17
SHP001190,CUST03548,PART2787,BR0655,BR1370,2025-01-11,Economy,Fragile,4.52,1229,835.39,Returned,2025-01-18,2025-01-19
SHP001191,CUST03123,PART0709,BR3080,BR4183,2025-02-06,Economy,Fragile,3.55,1334,871.8,Delivered,2025-02-13,2025-02-14
SHP001192,CUST01074,PART3967,BR3876,BR2008,2025-07-15,Express,Food,1.62,1434,964.34,Returned,2025-07-17,2025-07-19
SHP001193,CUST03512,PART1516,BR3367,BR0016,2025-10-21,Economy,Fragile,4.88,1071,756.41,Delivered,2025-10-28,2025-10-29
SHP001194,CUST02111,PART2183,BR1316,BR0187,2025-03-22,Economy,Parcel,5.36,824,631.12,Returned,2025-03-29,2025-04-01
SHP001195,CUST01130,PART4450,BR3834,BR0040,2025-12-15,Standard,Electronics,0.53,970,605.16,Delivered,2025-12-19,2025-12-23
SHP001196,CUST03200,PART0499,BR1048,BR2672,2025-08-18,Same Day,Food,4.21,1483,1098.27,Delivered,2025-08-19,2025-08-20
SHP001197,CUST00137,PART0664,BR4419,BR0287,2025-09-28,Standard,Document,1.2,2068,1223.8,Cancelled,2025-10-02,
SHP001198,CUST00933,PART2354,BR0710,BR0200,2025-06-05,Express,Electronics,11.23,583,707.71,Returned,2025-06-07,2025-06-07
SHP001199,CUST03286,PART4931,BR4590,BR3043,2025-03-28,Express,Food,2.16,1810,1183.02,Delivered,2025-03-30,2025-04-01
SHP001200,CUST04658,PART1059,BR1226,BR4619,2025-03-08,Express,Document,1.61,817,624.77,In Transit,2025-03-10,
SHP001201,CUST04215,PART1529,BR4935,BR0384,2025-01-21,Express,Electronics,5.4,1858,1280.7,In Transit,2025-01-23,
SHP001202,CUST04570,PART3564,BR3189,BR0409,2025-10-12,Standard,Electronics,5.75,1473,996.65,In Transit,2025-10-16,
SHP001203,CUST00165,PART3830,BR3757,BR1913,2025-07-08,Standard,Document,2.74,1063,704.93,Delivered,2025-07-12,2025-07-14
SHP001204,CUST01915,PART4852,BR1086,BR1193,2025-09-29,Standard,Food,7.02,262,358.54,Delivered,2025-10-03,2025-10-05
SHP001205,CUST00347,PART4719,BR0030,BR4767,2025-10-26,Economy,Document,2.36,350,304.42,Delivered,2025-11-02,2025-11-01
SHP001206,CUST03741,PART2355,BR1979,BR2526,2025-06-01,Standard,Document,2.31,461,364.37,Out for Delivery,2025-06-05,
SHP001207,CUST04703,PART4023,BR2000,BR1404,2025-09-06,Express,Fragile,0.54,927,661.73,Returned,2025-09-08,2025-09-10
SHP001208,CUST03133,PART4247,BR4944,BR2994,2025-09-03,Standard,Fragile,3.51,1490,956.72,Delivered,2025-09-07,2025-09-06
SHP001209,CUST04829,PART4517,BR0601,BR2706,2025-01-31,Economy,Document,1.84,927,610.33,Cancelled,2025-02-07,
SHP001210,CUST03030,PART2643,BR4442,BR0034,2025-08-14,Economy,Clothing,4.06,966,680.62,In Transit,2025-08-21,
SHP001211,CUST00711,PART3030,BR2454,BR3571,2025-12-07,Express,Parcel,1.84,45,205.23,Delivered,2025-12-09,2025-12-10
SHP001212,CUST04153,PART3251,BR0597,BR1703,2025-01-13,Standard,Food,2.89,1540,970.58,Delivered,2025-01-17,2025-01-21
SHP001213,CUST00969,PART0110,BR1611,BR1406,2025-10-08,Standard,Parcel,2.25,138,185.4,In Transit,2025-10-12,
SHP001214,CUST00467,PART0463,BR2507,BR1023,2025-04-25,Standard,Clothing,4.8,1365,916.35,Delivered,2025-04-29,2025-04-30
SHP001215,CUST02019,PART0844,BR0957,BR3104,2025-09-19,Standard,Electronics,2.05,1001,655.65,In Transit,2025-09-23,
SHP001216,CUST04035,PART0461,BR4706,BR4091,2025-08-02,Standard,Fragile,2.71,1356,865.42,Out for Delivery,2025-08-06,
SHP001217,CUST04075,PART2041,BR2613,BR1134,2025-03-20,Express,Clothing,1.8,1742,1137.7,Returned,2025-03-22,2025-03-21
SHP001218,CUST00313,PART2840,BR1768,BR3561,2025-02-12,Express,Clothing,1.97,346,373.64,Cancelled,2025-02-14,
SHP001219,CUST04747,PART2198,BR2751,BR0583,2025-03-23,Standard,Document,0.9,657,441.15,Delivered,2025-03-27,2025-03-30
SHP001220,CUST01104,PART0357,BR2498,BR0406,2025-03-16,Standard,Parcel,2.12,1639,1008.09,Out for Delivery,2025-03-20,
SHP001221,CUST02867,PART3917,BR4078,BR4322,2025-12-11,Economy,Document,2.07,948,626.94,Delivered,2025-12-18,2025-12-18
SHP001222,CUST04777,PART1355,BR4601,BR4465,2025-03-30,Standard,Food,4.3,753,568.75,In Transit,2025-04-03,
SHP001223,CUST04261,PART1728,BR4740,BR1467,2025-07-29,Standard,Parcel,1.48,656,453.36,Delivered,2025-08-02,2025-08-05
SHP001224,CUST03582,PART3377,BR4125,BR2043,2025-06-12,Standard,Food,1.55,1655,1004.35,Out for Delivery,2025-06-16,
SHP001225,CUST04128,PART3743,BR2101,BR1337,2025-04-15,Same Day,Electronics,4.53,1949,1361.61,Returned,2025-04-16,2025-04-17
SHP001226,CUST03528,PART4838,BR1780,BR3179,2025-02-13,Express,Parcel,3.63,1558,1076.76,Delivered,2025-02-15,2025-02-18
SHP001227,CUST01283,PART1979,BR1016,BR2136,2025-01-14,Standard,Parcel,0.61,1261,766.97,Returned,2025-01-18,2025-01-17
SHP001228,CUST00768,PART0851,BR2439,BR4728,2025-07-31,Standard,Clothing,3.59,507,417.83,Delayed,2025-08-04,2025-08-04
SHP001229,CUST03557,PART3170,BR4094,BR0525,2025-11-10,Express,Food,4.51,1746,1199.52,Delivered,2025-11-12,2025-11-11
SHP001230,CUST04558,PART2777,BR3862,BR4622,2025-07-02,Standard,Parcel,2.5,1431,902.05,Delivered,2025-07-06,2025-07-07
SHP001231,CUST03302,PART0187,BR3693,BR4955,2025-10-20,Express,Clothing,4.8,1817,1244.95,Delivered,2025-10-22,2025-10-22
SHP001232,CUST00387,PART2647,BR3909,BR0679,2025-06-11,Express,Document,7.8,1592,1187.2,Delivered,2025-06-13,2025-06-15
SHP001233,CUST00517,PART3530,BR2444,BR4600,2025-08-19,Express,Parcel,9.42,1433,1135.39,Delivered,2025-08-21,2025-08-22
SHP001234,CUST01225,PART0401,BR2235,BR4775,2025-08-06,Express,Clothing,2.97,822,657.44,Delivered,2025-08-08,2025-08-09
SHP001235,CUST00261,PART3163,BR0809,BR1338,2025-01-20,Standard,Document,5.33,1634,1075.96,Delivered,2025-01-24,2025-01-28
SHP001236,CUST04775,PART0967,BR2199,BR4717,2025-03-13,Standard,Electronics,4.03,996,696.46,Delivered,2025-03-17,2025-03-19
SHP001237,CUST03006,PART4471,BR1722,BR0221,2025-08-23,Standard,Clothing,1.2,1508,915.8,Delivered,2025-08-27,2025-08-26
SHP001238,CUST01327,PART3697,BR3268,BR2316,2025-05-31,Standard,Food,3.27,1507,960.79,Delivered,2025-06-04,2025-06-03
SHP001239,CUST02895,PART2702,BR1947,BR2335,2025-02-20,Economy,Document,5.27,508,455.34,In Transit,2025-02-27,
SHP001240,CUST02802,PART4953,BR4728,BR4055,2025-12-21,Express,Document,0.66,1431,941.57,In Transit,2025-12-23,
SHP001241,CUST03891,PART0409,BR3368,BR3309,2025-05-20,Express,Clothing,11.73,2167,1589.91,Delivered,2025-05-22,2025-05-23
SHP001242,CUST01878,PART1962,BR4772,BR2546,2025-05-08,Express,Clothing,4.3,483,500.25,Delivered,2025-05-10,2025-05-10
SHP001243,CUST02271,PART2797,BR3208,BR2899,2025-09-16,Express,Food,0.79,1325,886.13,Delivered,2025-09-18,2025-09-18
SHP001244,CUST03925,PART2321,BR1267,BR2417,2025-01-07,Standard,Document,3.82,1248,830.44,Delivered,2025-01-11,2025-01-12
SHP001245,CUST02629,PART1183,BR2809,BR4350,2025-06-14,Standard,Electronics,1.05,1361,831.65,Delivered,2025-06-18,2025-06-18
SHP001246,CUST04256,PART3406,BR0463,BR4704,2025-01-20,Express,Parcel,3.23,102,267.16,Delivered,2025-01-22,2025-01-24
SHP001247,CUST00794,PART1145,BR1222,BR3457,2025-09-07,Standard,Food,1.19,2101,1241.73,Delayed,2025-09-11,2025-09-11
SHP001248,CUST03387,PART0806,BR2320,BR2061,2025-08-04,Standard,Document,1.49,349,284.73,Delayed,2025-08-08,2025-08-09
SHP001249,CUST02656,PART2016,BR2476,BR0547,2025-07-05,Standard,Food,1.63,1242,778.96,Returned,2025-07-09,2025-07-08
SHP001250,CUST00080,PART3640,BR2749,BR3324,2025-12-11,Standard,Clothing,2.62,821,569.19,Delivered,2025-12-15,2025-12-19
SHP001251,CUST02464,PART4243,BR1775,BR0141,2025-10-02,Same Day,Parcel,2.17,848,704.14,Delivered,2025-10-03,2025-10-02
SHP001252,CUST02972,PART0407,BR4376,BR2120,2025-01-27,Express,Parcel,2.48,1111,805.61,In Transit,2025-01-29,
SHP001253,CUST02307,PART4477,BR3907,BR2443,2025-07-24,Economy,Fragile,1.88,741,508.91,Out for Delivery,2025-07-31,
SHP001254,CUST00724,PART1714,BR4844,BR3555,2025-12-08,Standard,Food,4.72,147,244.69,Delivered,2025-12-12,2025-12-11
SHP001255,CUST01289,PART3098,BR0923,BR1742,2025-09-02,Standard,Electronics,5.1,1296,885.0,Out for Delivery,2025-09-06,
SHP001256,CUST00498,PART1642,BR1138,BR0706,2025-01-23,Economy,Electronics,1.3,1978,1176.5,In Transit,2025-01-30,
SHP001257,CUST04341,PART1739,BR0230,BR4081,2025-09-13,Standard,Food,0.92,1489,899.19,Returned,2025-09-17,2025-09-18
SHP001258,CUST04273,PART3661,BR1602,BR2344,2025-09-05,Standard,Parcel,1.35,467,346.55,Delivered,2025-09-09,2025-09-10
SHP001259,CUST00789,PART3939,BR2677,BR4119,2025-05-06,Standard,Fragile,1.5,267,239.85,Cancelled,2025-05-10,
SHP001260,CUST02635,PART1630,BR1451,BR1039,2025-08-07,Standard,Clothing,1.09,1056,664.78,Delivered,2025-08-11,2025-08-15
SHP001261,CUST02651,PART4531,BR3293,BR2541,2025-10-22,Same Day,Clothing,10.05,862,885.2,Delayed,2025-10-23,2025-10-27
SHP001262,CUST00427,PART2599,BR3254,BR4034,2025-12-31,Express,Clothing,3.32,1403,984.69,Delivered,2026-01-02,2026-01-06
SHP001263,CUST01661,PART1039,BR3760,BR0725,2025-04-25,Standard,Fragile,2.18,1014,665.66,Cancelled,2025-04-29,
SHP001264,CUST03138,PART4803,BR1985,BR0663,2025-03-07,Economy,Clothing,3.89,361,344.13,Delivered,2025-03-14,2025-03-14
SHP001265,CUST04390,PART1608,BR4882,BR3423,2025-12-26,Express,Document,3.37,1312,935.74,Delivered,2025-12-28,2026-01-01
SHP001266,CUST01012,PART4980,BR4190,BR2134,2025-10-17,Express,Document,6.85,2044,1414.9,Delivered,2025-10-19,2025-10-21
SHP001267,CUST00829,PART2096,BR1543,BR2886,2025-08-01,Same Day,Fragile,6.28,646,683.46,Delivered,2025-08-02,2025-08-03
SHP001268,CUST00479,PART2735,BR4054,BR3059,2025-12-06,Express,Parcel,2.23,808,633.46,Delivered,2025-12-08,2025-12-08
SHP001269,CUST01865,PART2606,BR1507,BR3418,2025-04-18,Standard,Document,1.78,220,220.16,Cancelled,2025-04-22,
SHP001270,CUST03798,PART0554,BR2575,BR3343,2025-03-13,Standard,Clothing,4.25,1459,955.95,Out for Delivery,2025-03-17,
SHP001271,CUST04455,PART2342,BR1955,BR2757,2025-08-01,Express,Document,1.86,1155,816.17,Delivered,2025-08-03,2025-08-04
SHP001272,CUST00541,PART2225,BR0256,BR3279,2025-03-21,Standard,Parcel,2.47,1407,888.19,Delayed,2025-03-25,2025-03-27
SHP001273,CUST00866,PART0630,BR4298,BR0604,2025-01-01,Standard,Parcel,1.35,576,406.5,Delivered,2025-01-05,2025-01-07
SHP001274,CUST04792,PART0455,BR2022,BR2889,2025-09-15,Same Day,Parcel,3.8,824,726.8,In Transit,2025-09-16,
SHP001275,CUST02431,PART3638,BR2865,BR4689,2025-02-04,Economy,Document,4.49,105,216.53,Delivered,2025-02-11,2025-02-13
SHP001276,CUST01218,PART2353,BR1718,BR1429,2025-03-15,Economy,Electronics,5.02,276,322.24,Returned,2025-03-22,2025-03-23
SHP001277,CUST02136,PART1251,BR0994,BR3419,2025-01-10,Express,Food,9.15,34,360.0,Returned,2025-01-12,2025-01-16
SHP001278,CUST04532,PART1283,BR4918,BR1212,2025-07-10,Express,Parcel,2.94,419,435.13,Delivered,2025-07-12,2025-07-11
SHP001279,CUST02861,PART3147,BR4442,BR1460,2025-01-26,Express,Electronics,0.99,931,673.83,Delivered,2025-01-28,2025-02-01
SHP001280,CUST01911,PART0084,BR1020,BR2794,2025-07-26,Standard,Fragile,3.27,1553,986.09,In Transit,2025-07-30,
SHP001281,CUST01960,PART0889,BR4532,BR2058,2025-12-25,Standard,Food,5.75,498,460.4,Delivered,2025-12-29,2026-01-01
SHP001282,CUST02450,PART4909,BR3103,BR2280,2025-12-25,Standard,Food,0.82,1996,1175.84,Delivered,2025-12-29,2026-01-01
SHP001283,CUST01956,PART0426,BR2727,BR2755,2025-09-16,Standard,Document,8.66,1271,949.57,Cancelled,2025-09-20,
SHP001284,CUST04578,PART4181,BR1919,BR4036,2025-07-26,Standard,Parcel,1.39,948,611.98,Delivered,2025-07-30,2025-07-31
SHP001285,CUST04999,PART2547,BR3565,BR4450,2025-06-23,Same Day,Electronics,0.95,1047,786.75,Returned,2025-06-24,2025-06-24
SHP001286,CUST04190,PART3152,BR4475,BR1706,2025-12-23,Economy,Food,2.29,145,190.13,Delivered,2025-12-30,2026-01-02
SHP001287,CUST01520,PART2212,BR0144,BR4750,2025-08-20,Standard,Parcel,4.16,1804,1143.72,Delivered,2025-08-24,2025-08-28
SHP001288,CUST01465,PART2238,BR4826,BR2847,2025-07-27,Express,Fragile,1.04,2010,1268.38,Returned,2025-07-29,2025-08-01
SHP001289,CUST03653,PART2456,BR4117,BR3238,2025-06-27,Standard,Document,7.35,573,536.85,Delivered,2025-07-01,2025-07-01
SHP001290,CUST04000,PART1113,BR1293,BR3304,2025-03-01,Same Day,Electronics,8.41,822,827.12,Delivered,2025-03-02,2025-03-05
SHP001291,CUST01620,PART1801,BR3145,BR0626,2025-12-09,Express,Fragile,5.95,267,417.75,Delivered,2025-12-11,2025-12-14
SHP001292,CUST03584,PART3094,BR1350,BR2573,2025-05-27,Standard,Fragile,9.79,202,386.48,Delivered,2025-05-31,2025-05-31
SHP001293,CUST04432,PART1273,BR4630,BR0659,2025-09-23,Standard,Document,1.93,1744,1061.66,Out for Delivery,2025-09-27,
SHP001294,CUST01406,PART0679,BR1556,BR2658,2025-09-17,Standard,Clothing,4.6,146,241.5,Delivered,2025-09-21,2025-09-22
SHP001295,CUST02095,PART3232,BR4953,BR1503,2025-04-07,Express,Fragile,7.28,57,331.51,Delivered,2025-04-09,2025-04-10
SHP001296,CUST02205,PART3241,BR4906,BR1414,2025-03-18,Standard,Document,0.56,2004,1174.52,In Transit,2025-03-22,
SHP001297,CUST02501,PART2761,BR0828,BR1713,2025-11-27,Standard,Electronics,1.87,1967,1182.99,Delayed,2025-12-01,2025-12-05
SHP001298,CUST01669,PART0098,BR0679,BR4847,2025-02-12,Standard,Clothing,1.31,59,121.27,Cancelled,2025-02-16,
SHP001299,CUST01093,PART2067,BR1800,BR3381,2025-07-19,Standard,Clothing,4.08,1016,708.56,Delivered,2025-07-23,2025-07-25
SHP001300,CUST03492,PART4251,BR4108,BR3803,2025-04-08,Standard,Food,10.42,846,754.54,Delivered,2025-04-12,2025-04-12
SHP001301,CUST00848,PART3675,BR1308,BR1158,2025-02-06,Standard,Fragile,4.58,802,601.86,In Transit,2025-02-10,
SHP001302,CUST01455,PART1110,BR1503,BR0547,2025-04-25,Express,Fragile,3.7,661,584.95,Delivered,2025-04-27,2025-04-30
SHP001303,CUST04927,PART4741,BR4496,BR1377,2025-01-18,Standard,Electronics,1.12,1811,1080.69,Returned,2025-01-22,2025-01-21
SHP001304,CUST01759,PART3595,BR4918,BR3600,2025-10-12,Standard,Document,4.25,1517,987.85,Delayed,2025-10-16,2025-10-18
SHP001305,CUST01332,PART0681,BR3654,BR4573,2025-08-10,Standard,Electronics,4.1,457,401.55,Delayed,2025-08-14,2025-08-16
SHP001306,CUST03909,PART1364,BR2233,BR4389,2025-06-27,Standard,Parcel,5.59,1666,1099.28,Out for Delivery,2025-07-01,
SHP001307,CUST02456,PART3198,BR3384,BR2220,2025-05-31,Standard,Document,5.53,1441,974.21,Delivered,2025-06-04,2025-06-07
SHP001308,CUST04829,PART3204,BR1875,BR1418,2025-09-19,Standard,Electronics,2.46,329,295.07,Delivered,2025-09-23,2025-09-22
SHP001309,CUST02726,PART4305,BR4285,BR4832,2025-06-12,Standard,Clothing,6.63,1881,1240.41,Delayed,2025-06-16,2025-06-16
SHP001310,CUST02125,PART0432,BR4138,BR0607,2025-10-20,Economy,Fragile,4.84,186,268.78,Out for Delivery,2025-10-27,
SHP001311,CUST01480,PART0394,BR2711,BR3494,2025-03-30,Express,Document,1.09,2030,1280.48,Out for Delivery,2025-04-01,
SHP001312,CUST01958,PART2571,BR4164,BR2105,2025-11-01,Same Day,Parcel,1.53,1905,1271.41,Delivered,2025-11-02,2025-11-03
SHP001313,CUST01332,PART0129,BR2004,BR0505,2025-05-11,Standard,Clothing,3.97,1105,755.09,Delivered,2025-05-15,2025-05-19
SHP001314,CUST03851,PART1186,BR3178,BR2884,2025-07-07,Express,Food,4.39,1291,946.63,Delivered,2025-07-09,2025-07-08
SHP001315,CUST01635,PART3169,BR4519,BR1500,2025-02-04,Standard,Document,7.91,1776,1210.82,Delivered,2025-02-08,2025-02-09
SHP001316,CUST04915,PART3618,BR4392,BR0300,2025-06-17,Express,Parcel,1.68,1349,918.91,Delivered,2025-06-19,2025-06-18
SHP001317,CUST04929,PART2104,BR1653,BR1318,2025-08-29,Same Day,Parcel,2.7,288,407.8,Delivered,2025-08-30,2025-09-03
SHP001318,CUST04654,PART4158,BR1255,BR3001,2025-07-06,Standard,Parcel,6.96,925,721.87,Returned,2025-07-10,2025-07-09
SHP001319,CUST04114,PART3328,BR2328,BR0411,2025-06-18,Standard,Electronics,6.87,1323,938.79,Delivered,2025-06-22,2025-06-25
SHP001320,CUST04916,PART2897,BR4241,BR2908,2025-02-24,Standard,Parcel,3.47,169,229.29,Returned,2025-02-28,2025-03-01
SHP001321,CUST03485,PART1641,BR3584,BR2681,2025-05-13,Express,Parcel,1.79,1572,1043.98,Returned,2025-05-15,2025-05-15
SHP001322,CUST04697,PART4644,BR1881,BR0511,2025-03-06,Same Day,Document,1.06,1707,1152.17,Delivered,2025-03-07,2025-03-11
SHP001323,CUST02803,PART2844,BR2724,BR3981,2025-03-01,Express,Clothing,2.37,1961,1270.69,Out for Delivery,2025-03-03,
SHP001324,CUST01793,PART2960,BR2516,BR4996,2025-06-20,Economy,Document,3.13,1490,948.36,Returned,2025-06-27,2025-06-27
SHP001325,CUST04742,PART3536,BR1962,BR4333,2025-01-09,Economy,Food,7.54,1715,1169.13,Delivered,2025-01-16,2025-01-17
SHP001326,CUST02321,PART4866,BR4177,BR0251,2025-12-13,Standard,Electronics,3.45,1317,860.25,Delivered,2025-12-17,2025-12-19
SHP001327,CUST03196,PART3984,BR3925,BR3778,2025-12-24,Express,Clothing,4.83,168,338.66,Delayed,2025-12-26,2025-12-27
SHP001328,CUST03593,PART4273,BR0470,BR4988,2025-12-10,Express,Food,4.08,657,591.11,Delivered,2025-12-12,2025-12-16
SHP001329,CUST01912,PART1129,BR3234,BR2549,2025-03-30,Express,Clothing,0.89,1889,1198.53,Delivered,2025-04-01,2025-04-03
SHP001330,CUST01089,PART0055,BR2844,BR0726,2025-10-17,Same Day,Parcel,6.76,1403,1110.37,Delivered,2025-10-18,2025-10-19
SHP001331,CUST01807,PART0258,BR2416,BR1267,2025-04-21,Standard,Electronics,4.85,1921,1223.25,Out for Delivery,2025-04-25,
SHP001332,CUST01425,PART2898,BR3737,BR3147,2025-02-04,Same Day,Document,1.71,621,569.17,In Transit,2025-02-05,
SHP001333,CUST02360,PART4823,BR2798,BR3312,2025-04-27,Standard,Fragile,6.28,1999,1297.61,In Transit,2025-05-01,
SHP001334,CUST03200,PART0652,BR1573,BR3618,2025-07-24,Express,Food,4.44,921,744.23,Cancelled,2025-07-26,
SHP001335,CUST01010,PART4538,BR4376,BR4930,2025-06-15,Standard,Document,2.27,1578,977.84,In Transit,2025-06-19,
SHP001336,CUST01714,PART1054,BR0700,BR3368,2025-11-02,Express,Parcel,2.57,255,336.79,Delivered,2025-11-04,2025-11-05
SHP001337,CUST02118,PART1166,BR1800,BR1972,2025-04-04,Economy,Parcel,1.61,439,336.87,Delivered,2025-04-11,2025-04-12
SHP001338,CUST03732,PART2063,BR3963,BR1290,2025-04-07,Same Day,Clothing,3.78,137,348.51,Delivered,2025-04-08,2025-04-09
SHP001339,CUST03013,PART3265,BR2657,BR4483,2025-06-21,Economy,Fragile,5.33,2179,1375.71,Delivered,2025-06-28,2025-07-01
SHP001340,CUST04558,PART1809,BR1862,BR2784,2025-08-03,Economy,Electronics,2.48,1578,982.46,Delivered,2025-08-10,2025-08-13
SHP001341,CUST04541,PART2655,BR2743,BR4254,2025-08-05,Standard,Clothing,4.53,1199,819.11,Delivered,2025-08-09,2025-08-11
SHP001342,CUST00287,PART1370,BR4219,BR2819,2025-04-04,Standard,Electronics,4.69,71,202.23,In Transit,2025-04-08,
SHP001343,CUST00250,PART3123,BR1294,BR0945,2025-08-12,Express,Parcel,5.34,1794,1244.18,Delivered,2025-08-14,2025-08-13
SHP001344,CUST04626,PART1139,BR2424,BR1506,2025-08-10,Standard,Document,9.95,691,658.95,Delayed,2025-08-14,2025-08-17
SHP001345,CUST03943,PART0716,BR2157,BR0878,2025-08-08,Standard,Document,2.45,1950,1186.4,Delivered,2025-08-12,2025-08-11
SHP001346,CUST03526,PART1973,BR2950,BR2356,2025-01-02,Standard,Document,3.19,1478,943.08,Returned,2025-01-06,2025-01-09
SHP001347,CUST04899,PART4017,BR4946,BR3981,2025-12-22,Standard,Food,2.09,1385,867.73,Delivered,2025-12-26,2025-12-26
SHP001348,CUST04518,PART3892,BR3982,BR2063,2025-09-22,Same Day,Clothing,2.98,2136,1430.36,Delayed,2025-09-23,2025-09-25
SHP001349,CUST02691,PART3374,BR2975,BR4559,2025-03-12,Express,Parcel,2.26,34,208.42,Delivered,2025-03-14,2025-03-16
SHP001350,CUST03357,PART2374,BR0316,BR1149,2025-09-08,Standard,Fragile,3.81,1376,900.62,Delivered,2025-09-12,2025-09-16
SHP001351,CUST00180,PART1463,BR2977,BR0815,2025-09-25,Standard,Fragile,2.24,2054,1238.98,Delivered,2025-09-29,2025-10-02
SHP001352,CUST04410,PART2161,BR0308,BR3932,2025-12-01,Express,Document,6.09,725,672.73,Delivered,2025-12-03,2025-12-04
SHP001353,CUST00228,PART3093,BR3699,BR2032,2025-06-26,Same Day,Parcel,1.59,1552,1078.58,Returned,2025-06-27,2025-06-30
SHP001354,CUST01513,PART0506,BR2808,BR1594,2025-06-28,Standard,Clothing,6.83,1795,1197.51,Delivered,2025-07-02,2025-07-03
SHP001355,CUST01493,PART2646,BR4734,BR4204,2025-05-06,Standard,Food,3.81,2081,1288.37,Delivered,2025-05-10,2025-05-12
SHP001356,CUST03706,PART3538,BR3561,BR1575,2025-01-06,Standard,Fragile,3.11,1456,929.22,Delivered,2025-01-10,2025-01-13
SHP001357,CUST01512,PART0269,BR3824,BR0976,2025-01-26,Standard,Parcel,5.39,1934,1242.28,Delivered,2025-01-30,2025-02-01
SHP001358,CUST04590,PART3239,BR3160,BR3615,2025-02-18,Standard,Parcel,3.31,2089,1281.77,In Transit,2025-02-22,
SHP001359,CUST00056,PART4824,BR1184,BR1783,2025-11-26,Economy,Fragile,4.76,889,653.67,Delivered,2025-12-03,2025-12-04
SHP001360,CUST03716,PART2017,BR2928,BR4442,2025-03-26,Standard,Fragile,2.97,1617,1014.69,Delivered,2025-03-30,2025-04-02
SHP001361,CUST00379,PART1691,BR4241,BR2936,2025-08-08,Express,Electronics,5.19,839,715.63,Delayed,2025-08-10,2025-08-10
SHP001362,CUST03941,PART2916,BR1376,BR4398,2025-09-24,Standard,Clothing,3.61,1321,865.97,Delivered,2025-09-28,2025-09-30
SHP001363,CUST01601,PART2791,BR3164,BR3087,2025-04-16,Economy,Food,3.02,1116,740.24,Returned,2025-04-23,2025-04-23
SHP001364,CUST03599,PART3667,BR2514,BR0242,2025-10-30,Express,Food,1.42,1025,734.99,In Transit,2025-11-01,
SHP001365,CUST00010,PART2431,BR4314,BR0036,2025-09-29,Express,Food,10.89,2159,1567.03,Delivered,2025-10-01,2025-10-04
SHP001366,CUST02580,PART3628,BR0904,BR4130,2025-10-27,Express,Parcel,1.0,626,506.3,Delivered,2025-10-29,2025-11-01
SHP001367,CUST00357,PART3865,BR1113,BR2776,2025-11-10,Economy,Food,2.33,1332,843.86,Delayed,2025-11-17,2025-11-18
SHP001368,CUST02669,PART3024,BR0353,BR4750,2025-04-21,Standard,Food,1.04,1362,831.98,Delivered,2025-04-25,2025-04-25
SHP001369,CUST03679,PART1698,BR4595,BR3781,2025-01-21,Standard,Clothing,4.26,1033,721.87,Delivered,2025-01-25,2025-01-25
SHP001370,CUST03581,PART0377,BR3805,BR0065,2025-05-22,Economy,Electronics,0.72,312,247.44,Delayed,2025-05-29,2025-05-28
SHP001371,CUST01960,PART1063,BR4628,BR1533,2025-07-23,Economy,Clothing,4.37,2180,1355.14,Returned,2025-07-30,2025-07-31
SHP001372,CUST02662,PART2286,BR1932,BR0108,2025-01-26,Same Day,Fragile,4.13,1598,1159.76,In Transit,2025-01-27,
SHP001373,CUST04621,PART3187,BR1570,BR1726,2025-08-29,Standard,Clothing,4.45,914,660.6,Delivered,2025-09-02,2025-09-01
SHP001374,CUST03193,PART4181,BR3987,BR2431,2025-05-11,Economy,Clothing,1.57,298,258.44,Delivered,2025-05-18,2025-05-18
SHP001375,CUST02524,PART0203,BR0628,BR4701,2025-11-01,Standard,Food,3.67,517,425.09,In Transit,2025-11-05,
SHP001376,CUST03869,PART1253,BR3468,BR2271,2025-10-24,Economy,Document,4.04,1834,1157.58,Delivered,2025-10-31,2025-11-03
SHP001377,CUST02684,PART1697,BR2295,BR1305,2025-01-19,Standard,Parcel,3.25,970,665.0,Delivered,2025-01-23,2025-01-26
SHP001378,CUST00996,PART4274,BR4027,BR4497,2025-05-20,Standard,Clothing,0.42,1490,888.74,Delivered,2025-05-24,2025-05-26
SHP001379,CUST03393,PART0382,BR1888,BR2039,2025-02-24,Express,Document,2.02,96,237.24,Delivered,2025-02-26,2025-03-02
SHP001380,CUST00884,PART2010,BR3317,BR0753,2025-12-24,Standard,Document,6.18,1425,979.71,Returned,2025-12-28,2026-01-01
SHP001381,CUST00890,PART0380,BR2677,BR4166,2025-01-02,Standard,Document,0.41,934,582.72,Delivered,2025-01-06,2025-01-07
SHP001382,CUST00727,PART0682,BR1372,BR3388,2025-10-11,Standard,Document,4.83,539,462.71,Delivered,2025-10-15,2025-10-14
SHP001383,CUST04889,PART0108,BR3237,BR3658,2025-06-19,Standard,Parcel,2.75,1017,679.85,Out for Delivery,2025-06-23,
SHP001384,CUST01894,PART2162,BR2204,BR2220,2025-10-12,Express,Fragile,1.81,209,294.77,Returned,2025-10-14,2025-10-14
SHP001385,CUST02747,PART3720,BR4524,BR3938,2025-09-16,Standard,Food,2.54,275,267.13,Delivered,2025-09-20,2025-09-22
SHP001386,CUST04915,PART0073,BR4119,BR1935,2025-03-28,Express,Food,1.68,556,482.76,Returned,2025-03-30,2025-04-03
SHP001387,CUST00380,PART2686,BR1460,BR0919,2025-05-16,Standard,Electronics,1.01,1283,787.87,Delivered,2025-05-20,2025-05-22
SHP001388,CUST04177,PART1197,BR2924,BR1494,2025-11-30,Economy,Document,4.63,913,664.01,Delivered,2025-12-07,2025-12-09
SHP001389,CUST03400,PART3674,BR1717,BR1066,2025-06-05,Express,Document,3.07,398,426.44,Out for Delivery,2025-06-07,
SHP001390,CUST00387,PART4420,BR4478,BR0624,2025-03-01,Standard,Fragile,1.33,289,248.21,In Transit,2025-03-05,
SHP001391,CUST00959,PART3186,BR0481,BR0512,2025-11-03,Express,Food,2.99,1742,1163.88,Delivered,2025-11-05,2025-11-05
SHP001392,CUST01225,PART0814,BR4890,BR4286,2025-07-25,Same Day,Food,4.78,1539,1141.61,In Transit,2025-07-26,
SHP001393,CUST00107,PART0307,BR3895,BR4959,2025-05-04,Standard,Clothing,3.93,2174,1342.16,Out for Delivery,2025-05-08,
SHP001394,CUST01894,PART0359,BR4929,BR0324,2025-05-27,Standard,Clothing,6.09,943,712.63,Delivered,2025-05-31,2025-05-31
SHP001395,CUST02588,PART0165,BR4464,BR4992,2025-09-17,Express,Food,3.29,1827,1217.23,Delivered,2025-09-19,2025-09-22
SHP001396,CUST04603,PART1823,BR2856,BR3112,2025-12-09,Same Day,Fragile,0.86,688,587.32,Delivered,2025-12-10,2025-12-13
SHP001397,CUST04141,PART2976,BR3392,BR4889,2025-05-15,Standard,Document,5.7,1787,1168.25,Out for Delivery,2025-05-19,
SHP001398,CUST01700,PART0547,BR2210,BR0390,2025-02-10,Standard,Electronics,1.72,1710,1038.34,Delivered,2025-02-14,2025-02-16
SHP001399,CUST03220,PART3277,BR4503,BR3021,2025-11-17,Economy,Food,2.04,754,519.58,Delayed,2025-11-24,2025-11-28
SHP001400,CUST01855,PART3721,BR2282,BR1345,2025-06-30,Express,Document,1.63,1123,793.51,Out for Delivery,2025-07-02,
SHP001401,CUST03936,PART3260,BR4543,BR1016,2025-07-02,Express,Parcel,0.83,1348,899.66,Out for Delivery,2025-07-04,
SHP001402,CUST04002,PART3815,BR0982,BR4617,2025-01-20,Same Day,Parcel,4.36,726,685.22,Out for Delivery,2025-01-21,
SHP001403,CUST02499,PART1236,BR2233,BR0017,2025-12-12,Economy,Food,2.55,1458,918.0,Delivered,2025-12-19,2025-12-20
SHP001404,CUST03403,PART2758,BR2838,BR3423,2025-04-26,Standard,Document,2.26,1067,696.57,Out for Delivery,2025-04-30,
SHP001405,CUST01753,PART4500,BR2380,BR1606,2025-02-06,Same Day,Food,3.85,1879,1308.15,Delayed,2025-02-07,2025-02-07
SHP001406,CUST00913,PART3478,BR2566,BR0586,2025-12-04,Economy,Food,1.23,1122,704.16,Delivered,2025-12-11,2025-12-14
SHP001407,CUST01324,PART2675,BR1538,BR1414,2025-07-28,Economy,Fragile,4.61,1506,989.72,Delivered,2025-08-04,2025-08-06
SHP001408,CUST04834,PART2711,BR4695,BR1743,2025-10-05,Express,Parcel,6.94,1371,1046.73,Delivered,2025-10-07,2025-10-08
SHP001409,CUST00980,PART4983,BR1322,BR0641,2025-10-27,Same Day,Clothing,1.59,859,697.43,Delivered,2025-10-28,2025-10-27
SHP001410,CUST03793,PART4059,BR4149,BR2688,2025-12-30,Same Day,Electronics,3.14,480,523.08,Delivered,2025-12-31,2025-12-30
SHP001411,CUST04867,PART1497,BR4947,BR4232,2025-04-08,Same Day,Clothing,4.42,862,761.34,Delivered,2025-04-09,2025-04-13
SHP001412,CUST00897,PART1133,BR3670,BR0542,2025-03-02,Standard,Document,7.28,647,576.01,Delivered,2025-03-06,2025-03-05
SHP001413,CUST00348,PART4089,BR1961,BR3170,2025-12-25,Standard,Fragile,5.23,769,598.01,Delivered,2025-12-29,2025-12-28
SHP001414,CUST00230,PART2968,BR3863,BR3116,2025-05-07,Express,Document,2.88,1730,1154.86,Out for Delivery,2025-05-09,
SHP001415,CUST03705,PART0546,BR4417,BR4573,2025-08-22,Express,Food,1.78,1224,852.36,Out for Delivery,2025-08-24,
SHP001416,CUST00454,PART1418,BR3815,BR4226,2025-11-24,Standard,Clothing,4.14,1513,983.23,Delivered,2025-11-28,2025-11-28
SHP001417,CUST04694,PART0995,BR2913,BR4974,2025-02-15,Standard,Document,1.91,1408,876.42,Delivered,2025-02-19,2025-02-19
SHP001418,CUST04153,PART1752,BR4442,BR3796,2025-10-09,Express,Parcel,6.0,557,578.35,In Transit,2025-10-11,
SHP001419,CUST00260,PART3726,BR0219,BR0726,2025-12-11,Economy,Fragile,1.4,2006,1194.1,Delivered,2025-12-18,2025-12-20
SHP001420,CUST00749,PART2658,BR2483,BR1047,2025-07-02,Standard,Electronics,1.89,908,600.98,Delayed,2025-07-06,2025-07-07
SHP001421,CUST04874,PART0485,BR3488,BR1297,2025-06-14,Economy,Electronics,2.62,1594,994.34,Delivered,2025-06-21,2025-06-23
SHP001422,CUST04081,PART2727,BR1848,BR4685,2025-02-16,Economy,Clothing,1.5,260,236.0,In Transit,2025-02-23,
SHP001423,CUST03690,PART2346,BR4131,BR2282,2025-02-17,Standard,Fragile,5.61,310,353.92,Delivered,2025-02-21,2025-02-25
SHP001424,CUST02256,PART2154,BR2520,BR1280,2025-01-15,Same Day,Parcel,2.02,1915,1287.69,Cancelled,2025-01-16,
SHP001425,CUST03319,PART1070,BR4812,BR4189,2025-06-08,Economy,Electronics,4.9,766,589.1,Delivered,2025-06-15,2025-06-16
SHP001426,CUST04745,PART2209,BR2212,BR1681,2025-06-23,Standard,Document,10.66,31,311.57,Delivered,2025-06-27,2025-06-30
SHP001427,CUST04855,PART2545,BR4666,BR0352,2025-01-15,Express,Document,1.43,1532,1014.06,Delivered,2025-01-17,2025-01-21
SHP001428,CUST01754,PART0528,BR3245,BR4717,2025-09-03,Same Day,Clothing,5.01,2180,1499.22,Delivered,2025-09-04,2025-09-06
SHP001429,CUST00135,PART1591,BR0554,BR1852,2025-05-30,Standard,Parcel,1.14,547,385.93,Delivered,2025-06-03,2025-06-02
SHP001430,CUST03344,PART0444,BR4952,BR3113,2025-06-29,Standard,Food,3.15,1118,744.2,Delivered,2025-07-03,2025-07-03
SHP001431,CUST02818,PART4049,BR1003,BR2377,2025-06-21,Standard,Electronics,9.66,1039,843.97,Delivered,2025-06-25,2025-06-29
SHP001432,CUST00078,PART0042,BR4320,BR3480,2025-12-09,Standard,Parcel,3.25,1909,1181.45,Delivered,2025-12-13,2025-12-12
SHP001433,CUST01736,PART2630,BR1991,BR0774,2025-10-03,Standard,Electronics,1.64,195,203.33,In Transit,2025-10-07,
SHP001434,CUST03467,PART2268,BR1993,BR4589,2025-03-24,Standard,Fragile,2.48,685,491.31,Out for Delivery,2025-03-28,
SHP001435,CUST04513,PART4101,BR1860,BR3489,2025-10-29,Economy,Food,4.29,1591,1029.43,Delivered,2025-11-05,2025-11-06
SHP001436,CUST00764,PART1033,BR0678,BR2601,2025-10-31,Standard,Electronics,1.81,1216,768.62,In Transit,2025-11-04,
SHP001437,CUST01973,PART3777,BR4388,BR3705,2025-06-07,Standard,Electronics,1.27,820,538.94,Out for Delivery,2025-06-11,
SHP001438,CUST00604,PART2096,BR0989,BR3411,2025-09-12,Express,Document,3.63,1964,1300.06,Delivered,2025-09-14,2025-09-14
SHP001439,CUST00792,PART3523,BR2695,BR1121,2025-10-25,Same Day,Food,4.13,1498,1104.76,Delivered,2025-10-26,2025-10-29
SHP001440,CUST02712,PART3870,BR4137,BR2298,2025-08-12,Standard,Fragile,1.08,1456,884.56,Delivered,2025-08-16,2025-08-15
SHP001441,CUST00419,PART4729,BR2631,BR2942,2025-02-10,Standard,Electronics,7.17,972,752.34,In Transit,2025-02-14,
SHP001442,CUST00497,PART1193,BR1610,BR1059,2025-04-13,Standard,Clothing,1.88,702,487.46,Delivered,2025-04-17,2025-04-17
SHP001443,CUST03847,PART2494,BR4927,BR0505,2025-01-30,Express,Fragile,4.39,661,600.13,Delivered,2025-02-01,2025-02-05
SHP001444,CUST01537,PART2816,BR2393,BR4156,2025-05-05,Economy,Document,2.87,1858,1145.04,Delivered,2025-05-12,2025-05-15
SHP001445,CUST04851,PART3857,BR1474,BR2237,2025-01-24,Express,Clothing,6.54,1765,1254.63,Delivered,2025-01-26,2025-01-26
SHP001446,CUST02100,PART1220,BR2459,BR3348,2025-04-11,Standard,Parcel,0.86,1709,1018.87,Delivered,2025-04-15,2025-04-17
SHP001447,CUST04550,PART2913,BR0578,BR4661,2025-10-27,Standard,Clothing,1.93,1711,1043.51,Delivered,2025-10-31,2025-10-30
SHP001448,CUST01770,PART1903,BR3559,BR0051,2025-11-05,Standard,Document,5.32,223,299.69,Returned,2025-11-09,2025-11-11
SHP001449,CUST04390,PART2617,BR0334,BR4927,2025-05-25,Express,Food,4.22,1707,1171.69,Delivered,2025-05-27,2025-05-27
SHP001450,CUST02268,PART4328,BR4905,BR2731,2025-07-20,Standard,Clothing,4.14,573,466.23,Delivered,2025-07-24,2025-07-26
SHP001451,CUST00883,PART3550,BR2679,BR3021,2025-03-20,Express,Fragile,5.5,180,360.0,In Transit,2025-03-22,
SHP001452,CUST03641,PART1197,BR3170,BR2823,2025-01-12,Express,Document,2.61,2086,1344.72,In Transit,2025-01-14,
SHP001453,CUST03579,PART2425,BR3350,BR3051,2025-11-30,Standard,Parcel,1.81,1516,933.62,Delivered,2025-12-04,2025-12-04
SHP001454,CUST02873,PART0313,BR3026,BR4321,2025-03-25,Standard,Clothing,4.24,943,671.93,Cancelled,2025-03-29,
SHP001455,CUST02610,PART0746,BR3654,BR4026,2025-02-15,Express,Electronics,5.18,1241,936.51,Delivered,2025-02-17,2025-02-19
SHP001456,CUST03082,PART1239,BR1837,BR4280,2025-02-18,Economy,Clothing,5.91,832,647.62,Delivered,2025-02-25,2025-02-27
SHP001457,CUST02095,PART2987,BR2202,BR0789,2025-10-28,Same Day,Food,6.99,1450,1141.28,Delivered,2025-10-29,2025-11-01
SHP001458,CUST00144,PART0107,BR1834,BR1931,2025-09-03,Express,Document,1.84,558,487.38,Delivered,2025-09-05,2025-09-05
SHP001459,CUST01352,PART4160,BR3134,BR4719,2025-01-27,Same Day,Clothing,1.43,843,685.11,Delivered,2025-01-28,2025-01-28
SHP001460,CUST03661,PART2660,BR1477,BR2604,2025-10-13,Economy,Electronics,3.33,1887,1171.11,Cancelled,2025-10-20,
SHP001461,CUST00822,PART4001,BR1981,BR3334,2025-04-02,Same Day,Fragile,7.75,1280,1064.5,Delivered,2025-04-03,2025-04-03
SHP001462,CUST00571,PART2402,BR4641,BR1559,2025-12-03,Standard,Food,1.3,1673,1008.75,In Transit,2025-12-07,
SHP001463,CUST04140,PART4194,BR1685,BR2969,2025-01-26,Standard,Electronics,3.39,498,408.48,Delivered,2025-01-30,2025-02-03
SHP001464,CUST02608,PART2626,BR2595,BR2863,2025-02-16,Standard,Parcel,3.12,987,671.49,In Transit,2025-02-20,
SHP001465,CUST04335,PART0671,BR0682,BR4406,2025-10-22,Standard,Electronics,3.29,1958,1209.28,Delivered,2025-10-26,2025-10-29
SHP001466,CUST00715,PART3859,BR1866,BR4176,2025-03-25,Express,Fragile,3.51,2045,1341.97,Returned,2025-03-27,2025-03-30
SHP001467,CUST04405,PART2271,BR4938,BR4698,2025-04-29,Standard,Document,1.1,506,362.5,In Transit,2025-05-03,
SHP001468,CUST04253,PART3749,BR2961,BR2650,2025-05-23,Standard,Food,0.7,1314,798.1,Delivered,2025-05-27,2025-05-31
SHP001469,CUST02391,PART2005,BR1138,BR1029,2025-12-13,Express,Parcel,1.61,468,432.82,Delivered,2025-12-15,2025-12-19
SHP001470,CUST01332,PART0571,BR1111,BR3530,2025-06-03,Same Day,Document,2.37,1041,814.69,In Transit,2025-06-04,
SHP001471,CUST03109,PART2998,BR4393,BR0125,2025-11-05,Standard,Document,5.67,968,717.14,Delivered,2025-11-09,2025-11-12
SHP001472,CUST01493,PART3360,BR4872,BR4884,2025-08-22,Express,Document,3.84,2026,1338.78,Delivered,2025-08-24,2025-08-27
SHP001473,CUST00226,PART2388,BR2999,BR2098,2025-05-23,Standard,Parcel,5.08,2118,1336.66,In Transit,2025-05-27,
SHP001474,CUST03362,PART3494,BR3262,BR2712,2025-01-20,Economy,Food,2.55,1905,1163.85,Delayed,2025-01-27,2025-01-26
SHP001475,CUST03633,PART2181,BR1178,BR2442,2025-07-28,Economy,Parcel,4.23,733,556.21,Out for Delivery,2025-08-04,
SHP001476,CUST01522,PART1659,BR1495,BR1787,2025-03-30,Express,Clothing,3.56,1255,908.57,In Transit,2025-04-01,
SHP001477,CUST01037,PART0838,BR0155,BR2505,2025-04-21,Same Day,Document,9.93,1189,1062.41,Delivered,2025-04-22,2025-04-24
SHP001478,CUST01745,PART4939,BR2129,BR4413,2025-03-26,Economy,Document,1.88,893,592.51,Delivered,2025-04-02,2025-04-06
SHP001479,CUST02520,PART1882,BR4452,BR2963,2025-01-08,Standard,Document,0.76,2113,1238.87,Delivered,2025-01-12,2025-01-12
SHP001480,CUST03025,PART2804,BR2380,BR1463,2025-09-30,Economy,Document,5.89,654,549.28,Delayed,2025-10-07,2025-10-09
SHP001481,CUST01616,PART0506,BR1070,BR3094,2025-04-10,Economy,Clothing,3.99,1991,1242.83,Delivered,2025-04-17,2025-04-20
SHP001482,CUST02778,PART2370,BR3440,BR0706,2025-10-17,Same Day,Food,4.98,1677,1221.91,In Transit,2025-10-18,
SHP001483,CUST01522,PART1153,BR3505,BR1908,2025-12-30,Express,Fragile,2.85,1956,1278.5,Delayed,2026-01-01,2025-12-31
SHP001484,CUST03167,PART4606,BR2796,BR1025,2025-10-31,Standard,Food,1.35,73,129.85,Delivered,2025-11-04,2025-11-07
SHP001485,CUST01702,PART0418,BR0636,BR1475,2025-05-04,Express,Document,6.21,1498,1100.52,Returned,2025-05-06,2025-05-10
SHP001486,CUST00516,PART0684,BR3725,BR3636,2025-08-11,Same Day,Clothing,4.43,1290,996.96,Delivered,2025-08-12,2025-08-11
SHP001487,CUST02210,PART4265,BR4593,BR2031,2025-07-25,Standard,Fragile,1.17,1106,694.04,In Transit,2025-07-29,
SHP001488,CUST02478,PART4776,BR2089,BR1817,2025-03-16,Economy,Parcel,2.41,40,135.02,In Transit,2025-03-23,
SHP001489,CUST02303,PART0642,BR4610,BR4119,2025-10-12,Standard,Document,2.39,145,192.33,Delivered,2025-10-16,2025-10-16
SHP001490,CUST02967,PART4895,BR1802,BR4486,2025-03-27,Economy,Fragile,1.43,1735,1045.71,In Transit,2025-04-03,
SHP001491,CUST01969,PART3895,BR1498,BR3923,2025-11-08,Standard,Document,2.58,2032,1234.36,Delivered,2025-11-12,2025-11-11
SHP001492,CUST02706,PART1493,BR1158,BR4607,2025-12-30,Same Day,Clothing,2.36,970,775.42,Delivered,2025-12-31,2026-01-03
SHP001493,CUST01318,PART3291,BR0657,BR3090,2025-04-14,Standard,Electronics,4.99,458,421.68,Delivered,2025-04-18,2025-04-17
SHP001494,CUST01056,PART1430,BR2661,BR4453,2025-02-08,Same Day,Clothing,0.36,343,386.57,In Transit,2025-02-09,
SHP001495,CUST02800,PART4114,BR0363,BR0737,2025-12-15,Express,Food,1.73,707,566.91,Cancelled,2025-12-17,
SHP001496,CUST03185,PART1478,BR1268,BR1251,2025-10-31,Economy,Food,1.87,752,514.74,In Transit,2025-11-07,
SHP001497,CUST02111,PART1232,BR0657,BR4356,2025-06-10,Standard,Document,3.12,1641,1031.19,In Transit,2025-06-14,
SHP001498,CUST02925,PART4014,BR1273,BR1807,2025-10-25,Economy,Fragile,6.46,757,618.47,Delivered,2025-11-01,2025-10-31
SHP001499,CUST01660,PART0505,BR2525,BR1200,2025-12-14,Standard,Clothing,0.53,229,197.61,In Transit,2025-12-18,
SHP001500,CUST01059,PART0504,BR0440,BR2360,2025-02-03,Same Day,Fragile,4.46,1095,890.37,In Transit,2025-02-04,
SHP001501,CUST00958,PART4737,BR4152,BR1493,2025-06-13,Standard,Fragile,5.99,1709,1131.73,Delivered,2025-06-17,2025-06-20
SHP001502,CUST03319,PART1185,BR2173,BR0046,2025-02-01,Standard,Parcel,4.3,1036,724.4,In Transit,2025-02-05,
SHP001503,CUST04747,PART0851,BR2971,BR4634,2025-03-23,Standard,Clothing,1.23,457,338.41,Delivered,2025-03-27,2025-03-30
SHP001504,CUST02588,PART1502,BR1223,BR2392,2025-06-03,Same Day,Parcel,1.03,507,491.51,Delivered,2025-06-04,2025-06-07
SHP001505,CUST00943,PART1693,BR4616,BR2063,2025-03-21,Express,Food,2.01,876,666.02,Delivered,2025-03-23,2025-03-24
SHP001506,CUST04263,PART1487,BR2022,BR4963,2025-05-14,Standard,Fragile,3.55,23,150.75,Delivered,2025-05-18,2025-05-17
SHP001507,CUST03808,PART0859,BR3144,BR1886,2025-11-04,Economy,Clothing,3.6,2004,1241.4,Delivered,2025-11-11,2025-11-10
SHP001508,CUST00629,PART1276,BR3600,BR4059,2025-11-12,Standard,Electronics,1.87,1417,880.49,Delivered,2025-11-16,2025-11-18
SHP001509,CUST04029,PART3363,BR1354,BR4581,2025-03-19,Same Day,Parcel,10.51,1202,1082.32,Out for Delivery,2025-03-20,
SHP001510,CUST04423,PART1563,BR4418,BR4127,2025-03-25,Standard,Clothing,5.0,894,661.7,Delivered,2025-03-29,2025-04-02
SHP001511,CUST00647,PART3228,BR4039,BR0378,2025-12-12,Standard,Clothing,1.3,1284,794.8,Returned,2025-12-16,2025-12-17
SHP001512,CUST00581,PART3637,BR3731,BR3751,2025-03-19,Express,Clothing,9.09,781,769.53,In Transit,2025-03-21,
SHP001513,CUST02611,PART0678,BR3081,BR3319,2025-12-26,Standard,Parcel,3.39,1683,1060.23,In Transit,2025-12-30,
SHP001514,CUST01914,PART3607,BR3233,BR3015,2025-02-13,Standard,Food,9.67,592,598.34,Returned,2025-02-17,2025-02-20
SHP001515,CUST02577,PART3293,BR1181,BR3903,2025-05-02,Standard,Document,4.11,1963,1230.07,Delivered,2025-05-06,2025-05-09
SHP001516,CUST02502,PART1887,BR2718,BR3271,2025-03-12,Standard,Fragile,0.98,78,124.46,In Transit,2025-03-16,
SHP001517,CUST03828,PART4637,BR2144,BR0058,2025-11-19,Express,Fragile,1.69,743,585.83,Delayed,2025-11-21,2025-11-24
SHP001518,CUST02052,PART4571,BR4676,BR2769,2025-10-23,Standard,Parcel,8.59,498,522.88,Returned,2025-10-27,2025-10-29
SHP001519,CUST00703,PART1280,BR2707,BR4292,2025-03-31,Standard,Clothing,0.98,547,382.41,Delivered,2025-04-04,2025-04-08
SHP001520,CUST01793,PART3756,BR4543,BR0717,2025-05-28,Express,Clothing,1.25,956,693.3,Delivered,2025-05-30,2025-06-01
SHP001521,CUST03313,PART2386,BR0287,BR2687,2025-08-10,Express,Food,2.98,655,565.81,Delivered,2025-08-12,2025-08-14
SHP001522,CUST02504,PART3404,BR0636,BR3273,2025-08-26,Standard,Food,1.17,966,617.04,Cancelled,2025-08-30,
SHP001523,CUST02011,PART3133,BR0128,BR0179,2025-06-09,Same Day,Clothing,0.94,1019,771.13,Returned,2025-06-10,2025-06-09
SHP001524,CUST00246,PART0072,BR2301,BR2009,2025-11-23,Standard,Food,5.97,1436,981.14,Delayed,2025-11-27,2025-11-29
SHP001525,CUST03953,PART2888,BR0426,BR2318,2025-02-21,Economy,Fragile,3.16,1014,687.22,Delivered,2025-02-28,2025-03-03
SHP001526,CUST01929,PART3829,BR4915,BR2087,2025-08-01,Express,Food,3.9,1532,1068.4,Delivered,2025-08-03,2025-08-04
SHP001527,CUST00595,PART2760,BR0852,BR0822,2025-10-04,Standard,Electronics,5.11,1356,918.22,Returned,2025-10-08,2025-10-09
SHP001528,CUST03239,PART2462,BR0346,BR0415,2025-11-01,Express,Electronics,2.9,654,563.5,In Transit,2025-11-03,
SHP001529,CUST03901,PART4340,BR2694,BR2498,2025-10-06,Standard,Parcel,2.87,694,504.84,In Transit,2025-10-10,
SHP001530,CUST01768,PART0436,BR0054,BR3212,2025-01-12,Standard,Electronics,4.5,581,478.55,Delivered,2025-01-16,2025-01-18
SHP001531,CUST02696,PART4580,BR0944,BR0300,2025-12-05,Express,Electronics,5.11,1022,814.52,In Transit,2025-12-07,
SHP001532,CUST04581,PART3110,BR3081,BR1949,2025-09-18,Express,Parcel,0.69,1788,1138.58,Delivered,2025-09-20,2025-09-24
SHP001533,CUST00638,PART1982,BR2616,BR0263,2025-08-11,Economy,Food,9.53,181,369.21,Returned,2025-08-18,2025-08-17
SHP001534,CUST04864,PART2244,BR2082,BR0307,2025-06-20,Standard,Document,7.09,1821,1217.53,Returned,2025-06-24,2025-06-26
SHP001535,CUST02485,PART1818,BR0153,BR1295,2025-02-17,Standard,Fragile,2.57,601,447.09,Delayed,2025-02-21,2025-02-20
SHP001536,CUST00658,PART2021,BR3996,BR1088,2025-05-10,Standard,Fragile,2.18,1215,776.21,Delivered,2025-05-14,2025-05-14
SHP001537,CUST03838,PART2819,BR3747,BR2524,2025-07-13,Standard,Parcel,0.71,1514,908.32,Delayed,2025-07-17,2025-07-18
SHP001538,CUST03037,PART2868,BR2160,BR1180,2025-07-22,Economy,Clothing,4.56,449,407.27,In Transit,2025-07-29,
SHP001539,CUST00044,PART2049,BR0380,BR0580,2025-11-25,Economy,Electronics,2.72,1713,1061.99,Delivered,2025-12-02,2025-12-04
SHP001540,CUST03247,PART4095,BR1362,BR4339,2025-07-14,Express,Electronics,2.17,1080,781.74,Delayed,2025-07-16,2025-07-17
SHP001541,CUST02110,PART0751,BR2332,BR0183,2025-02-02,Same Day,Fragile,1.89,1624,1124.78,Delivered,2025-02-03,2025-02-04
SHP001542,CUST00182,PART2478,BR0182,BR4827,2025-01-23,Express,Parcel,2.66,251,336.57,In Transit,2025-01-25,
SHP001543,CUST04105,PART3327,BR3084,BR1909,2025-07-21,Express,Fragile,2.96,607,538.97,Returned,2025-07-23,2025-07-24
SHP001544,CUST01483,PART2694,BR0214,BR0007,2025-02-28,Same Day,Fragile,13.14,1067,1065.93,Delivered,2025-03-01,2025-03-04
SHP001545,CUST02024,PART0342,BR4480,BR1078,2025-04-05,Economy,Food,1.87,1282,806.24,In Transit,2025-04-12,
SHP001546,CUST03625,PART4299,BR4633,BR4838,2025-07-27,Express,Food,3.53,98,271.56,Delivered,2025-07-29,2025-07-31
SHP001547,CUST03594,PART1208,BR1706,BR4851,2025-09-13,Same Day,Electronics,2.91,555,559.27,Delivered,2025-09-14,2025-09-18
SHP001548,CUST01222,PART0794,BR1245,BR2136,2025-04-19,Standard,Food,3.28,1354,876.86,Delivered,2025-04-23,2025-04-24
SHP001549,CUST01125,PART0445,BR1216,BR1598,2025-10-10,Standard,Document,8.0,294,397.7,In Transit,2025-10-14,
SHP001550,CUST00852,PART1514,BR2909,BR0430,2025-11-06,Standard,Document,1.88,2049,1228.31,Out for Delivery,2025-11-10,
SHP001551,CUST00291,PART2519,BR1148,BR2810,2025-02-15,Standard,Fragile,9.65,1577,1139.65,In Transit,2025-02-19,
SHP001552,CUST02891,PART3942,BR2882,BR1898,2025-05-20,Standard,Parcel,2.54,1602,996.98,In Transit,2025-05-24,
SHP001553,CUST03586,PART4422,BR2227,BR2584,2025-04-20,Express,Fragile,2.83,1430,988.76,In Transit,2025-04-22,
SHP001554,CUST00190,PART3366,BR0028,BR0184,2025-07-05,Standard,Document,3.34,899,627.93,Cancelled,2025-07-09,
SHP001555,CUST03714,PART1119,BR3067,BR1270,2025-12-26,Express,Electronics,1.42,574,486.94,Delivered,2025-12-28,2025-12-29
SHP001556,CUST04370,PART0022,BR2245,BR3783,2025-05-17,Economy,Parcel,2.79,1363,871.03,Delivered,2025-05-24,2025-05-24
SHP001557,CUST03742,PART2179,BR4762,BR1036,2025-04-03,Standard,Fragile,1.98,1400,873.56,Delivered,2025-04-07,2025-04-11
SHP001558,CUST01277,PART1720,BR2881,BR1491,2025-10-29,Economy,Clothing,2.55,491,386.15,Delivered,2025-11-05,2025-11-06
SHP001559,CUST00789,PART0026,BR1072,BR4576,2025-12-05,Express,Food,6.11,1881,1308.97,Out for Delivery,2025-12-07,
SHP001560,CUST04600,PART3094,BR2132,BR2771,2025-11-29,Express,Clothing,5.49,1552,1114.38,Cancelled,2025-12-01,
SHP001561,CUST03469,PART2873,BR4373,BR1696,2025-03-05,Standard,Parcel,4.25,1187,806.35,Delivered,2025-03-09,2025-03-09
SHP001562,CUST01090,PART0540,BR2178,BR1140,2025-03-14,Standard,Parcel,2.88,902,619.46,Delivered,2025-03-18,2025-03-21
SHP001563,CUST02294,PART4733,BR2445,BR2530,2025-01-22,Standard,Clothing,2.08,1347,846.61,Delivered,2025-01-26,2025-01-27
SHP001564,CUST02333,PART0480,BR3792,BR2092,2025-02-15,Economy,Document,3.04,1523,964.53,Delayed,2025-02-22,2025-02-22
SHP001565,CUST01750,PART1045,BR4222,BR4586,2025-06-23,Same Day,Food,2.11,892,727.02,Returned,2025-06-24,2025-06-24
SHP001566,CUST00570,PART1305,BR3642,BR3031,2025-03-04,Economy,Fragile,2.29,1183,761.03,Cancelled,2025-03-11,
SHP001567,CUST04079,PART4309,BR0322,BR0924,2025-04-16,Same Day,Document,1.23,1412,993.66,Delivered,2025-04-17,2025-04-19
SHP001568,CUST03325,PART0979,BR2295,BR2840,2025-09-20,Express,Parcel,1.01,1128,782.62,Delivered,2025-09-22,2025-09-25
SHP001569,CUST00513,PART3980,BR4861,BR2016,2025-07-28,Standard,Document,2.3,968,643.0,Delayed,2025-08-01,2025-08-02
SHP001570,CUST00101,PART1098,BR3985,BR3214,2025-11-28,Economy,Electronics,2.48,2174,1310.26,Delivered,2025-12-05,2025-12-07
SHP001571,CUST00748,PART1894,BR2424,BR0374,2025-11-25,Standard,Parcel,1.11,203,196.07,Delivered,2025-11-29,2025-12-02
SHP001572,CUST00457,PART0814,BR0962,BR1121,2025-01-06,Standard,Electronics,3.55,665,503.85,Delivered,2025-01-10,2025-01-09
SHP001573,CUST01356,PART0089,BR0891,BR3708,2025-03-29,Standard,Document,1.95,948,624.3,Out for Delivery,2025-04-02,
SHP001574,CUST00742,PART3965,BR0697,BR3248,2025-10-02,Standard,Clothing,2.03,147,185.51,Out for Delivery,2025-10-06,
SHP001575,CUST02856,PART2810,BR1752,BR0783,2025-02-24,Economy,Food,1.02,958,609.34,Out for Delivery,2025-03-03,
SHP001576,CUST00506,PART1787,BR0544,BR2148,2025-11-16,Same Day,Clothing,3.15,837,719.65,Delayed,2025-11-17,2025-11-18
SHP001577,CUST01458,PART0528,BR4207,BR0794,2025-09-08,Express,Parcel,4.45,2146,1418.2,Delivered,2025-09-10,2025-09-13
SHP001578,CUST01656,PART4845,BR0117,BR0201,2025-03-19,Same Day,Parcel,1.66,1644,1130.72,Out for Delivery,2025-03-20,
SHP001579,CUST03331,PART2623,BR1487,BR3662,2025-11-17,Standard,Fragile,7.17,792,653.34,In Transit,2025-11-21,
SHP001580,CUST00418,PART3239,BR3185,BR1929,2025-05-03,Standard,Parcel,1.98,2093,1254.71,Delivered,2025-05-07,2025-05-10
SHP001581,CUST01563,PART0244,BR4212,BR3804,2025-08-27,Standard,Document,1.67,2079,1240.19,In Transit,2025-08-31,
SHP001582,CUST03269,PART1081,BR3948,BR4457,2025-07-03,Express,Fragile,12.4,1692,1343.4,In Transit,2025-07-05,
SHP001583,CUST00794,PART2946,BR1138,BR1798,2025-12-04,Express,Food,3.92,2056,1357.04,Delivered,2025-12-06,2025-12-07
SHP001584,CUST00682,PART3893,BR0420,BR0983,2025-12-16,Standard,Fragile,3.61,1375,895.67,Delivered,2025-12-20,2025-12-19
SHP001585,CUST01470,PART0609,BR3396,BR0116,2025-04-23,Same Day,Document,2.53,1483,1061.31,Delivered,2025-04-24,2025-04-25
SHP001586,CUST01403,PART2946,BR0746,BR4753,2025-12-10,Standard,Clothing,2.36,1688,1040.32,Delivered,2025-12-14,2025-12-14
SHP001587,CUST00372,PART0110,BR3577,BR2663,2025-04-15,Standard,Food,0.93,1908,1129.86,Delivered,2025-04-19,2025-04-23
SHP001588,CUST04560,PART3273,BR0353,BR4758,2025-05-26,Economy,Fragile,1.06,2139,1259.77,Delivered,2025-06-02,2025-06-05
SHP001589,CUST02602,PART0792,BR2574,BR3929,2025-08-31,Economy,Parcel,1.81,339,286.27,Delivered,2025-09-07,2025-09-10
SHP001590,CUST04339,PART1767,BR4184,BR3588,2025-12-23,Standard,Electronics,2.55,1244,800.3,Delivered,2025-12-27,2025-12-28
SHP001591,CUST04339,PART1162,BR2064,BR4834,2025-02-03,Standard,Document,2.92,634,472.94,Delivered,2025-02-07,2025-02-06
SHP001592,CUST01095,PART4120,BR0766,BR1807,2025-10-21,Express,Fragile,4.51,966,770.52,Delivered,2025-10-23,2025-10-25
SHP001593,CUST02232,PART1423,BR4729,BR0761,2025-07-13,Same Day,Electronics,3.6,1363,1018.85,Delivered,2025-07-14,2025-07-13
SHP001594,CUST01900,PART3415,BR0215,BR1255,2025-06-13,Express,Clothing,5.26,962,784.82,In Transit,2025-06-15,
SHP001595,CUST04933,PART2181,BR4476,BR3369,2025-01-27,Standard,Electronics,1.68,1380,855.96,Delivered,2025-01-31,2025-02-03
SHP001596,CUST01484,PART0938,BR4776,BR0121,2025-01-08,Standard,Clothing,2.82,1914,1174.74,Returned,2025-01-12,2025-01-14
SHP001597,CUST02960,PART4879,BR0165,BR1348,2025-12-01,Standard,Clothing,5.86,1682,1114.02,Delivered,2025-12-05,2025-12-09
SHP001598,CUST00873,PART4161,BR4434,BR0683,2025-05-09,Standard,Fragile,3.59,939,655.43,In Transit,2025-05-13,
SHP001599,CUST01428,PART0258,BR2765,BR1968,2025-08-06,Standard,Clothing,3.18,490,399.46,Delivered,2025-08-10,2025-08-13
SHP001600,CUST04140,PART1432,BR0084,BR4456,2025-04-10,Economy,Document,5.35,147,258.55,Delivered,2025-04-17,2025-04-18
SHP001601,CUST00978,PART2212,BR3813,BR4406,2025-05-12,Standard,Fragile,3.23,902,627.16,In Transit,2025-05-16,
SHP001602,CUST04677,PART2571,BR4100,BR1543,2025-01-10,Express,Parcel,13.1,695,810.45,Returned,2025-01-12,2025-01-13
SHP001603,CUST02546,PART3372,BR4320,BR1559,2025-04-07,Standard,Clothing,1.37,1607,973.99,Cancelled,2025-04-11,
SHP001604,CUST00315,PART2537,BR0781,BR0809,2025-11-23,Economy,Document,2.34,330,292.98,Returned,2025-11-30,2025-12-04
SHP001605,CUST01879,PART4708,BR3239,BR0573,2025-03-20,Express,Electronics,2.16,1873,1217.67,Delivered,2025-03-22,2025-03-23
SHP001606,CUST04128,PART1571,BR3772,BR1675,2025-11-21,Same Day,Document,4.28,87,332.01,Delivered,2025-11-22,2025-11-22
SHP001607,CUST02547,PART0575,BR2823,BR4466,2025-09-01,Same Day,Clothing,3.73,1879,1305.51,Out for Delivery,2025-09-02,
SHP001608,CUST01395,PART0160,BR3886,BR0682,2025-10-25,Same Day,Parcel,4.07,436,519.34,Delivered,2025-10-26,2025-10-30
SHP001609,CUST04119,PART4596,BR4410,BR2703,2025-04-23,Standard,Electronics,5.35,135,251.95,Out for Delivery,2025-04-27,
SHP001610,CUST04141,PART2346,BR3735,BR1762,2025-10-12,Express,Food,2.43,1925,1252.21,In Transit,2025-10-14,
SHP001611,CUST04318,PART3803,BR2368,BR0845,2025-09-04,Same Day,Document,4.64,795,729.33,Delivered,2025-09-05,2025-09-04
SHP001612,CUST01156,PART4694,BR3470,BR2451,2025-07-10,Standard,Food,11.15,555,610.55,Delivered,2025-07-14,2025-07-15
SHP001613,CUST01909,PART4345,BR3239,BR0491,2025-10-08,Express,Electronics,6.85,1298,1004.6,Delivered,2025-10-10,2025-10-14
SHP001614,CUST01539,PART0444,BR3847,BR4175,2025-08-01,Standard,Document,0.73,1923,1133.71,Delayed,2025-08-05,2025-08-09
SHP001615,CUST02675,PART4708,BR3132,BR4654,2025-03-20,Standard,Document,0.98,1432,869.16,Delivered,2025-03-24,2025-03-24
SHP001616,CUST00781,PART3199,BR0329,BR1130,2025-08-06,Same Day,Document,2.32,1426,1025.34,Out for Delivery,2025-08-07,
SHP001617,CUST03762,PART4622,BR2359,BR0225,2025-01-03,Standard,Electronics,5.58,325,361.51,In Transit,2025-01-07,
SHP001618,CUST01502,PART3411,BR1510,BR2114,2025-12-28,Standard,Food,4.69,158,250.08,Delivered,2026-01-01,2025-12-31
SHP001619,CUST04182,PART1852,BR2125,BR0330,2025-06-07,Same Day,Fragile,0.87,2122,1376.24,Delivered,2025-06-08,2025-06-11
SHP001620,CUST03189,PART1128,BR3915,BR2801,2025-03-22,Economy,Parcel,6.49,1949,1274.73,In Transit,2025-03-29,
SHP001621,CUST02167,PART0389,BR3415,BR0363,2025-05-14,Express,Electronics,7.63,509,587.81,Delayed,2025-05-16,2025-05-17
SHP001622,CUST02634,PART3094,BR4814,BR1449,2025-03-18,Economy,Food,2.84,1881,1157.03,Delivered,2025-03-25,2025-03-24
SHP001623,CUST04776,PART2365,BR3282,BR1055,2025-10-24,Standard,Document,1.72,572,412.44,Returned,2025-10-28,2025-10-28
SHP001624,CUST01457,PART4382,BR2758,BR0190,2025-03-21,Standard,Clothing,2.3,1670,1029.1,Delivered,2025-03-25,2025-03-26
SHP001625,CUST03113,PART1167,BR3351,BR4661,2025-12-03,Standard,Fragile,4.42,1937,1222.59,Delivered,2025-12-07,2025-12-09
SHP001626,CUST02933,PART4711,BR0232,BR1248,2025-07-12,Standard,Food,2.94,1892,1165.28,Delivered,2025-07-16,2025-07-20
SHP001627,CUST04705,PART3388,BR4016,BR3187,2025-07-20,Standard,Food,3.32,1436,922.84,Out for Delivery,2025-07-24,
SHP001628,CUST01595,PART3835,BR4229,BR4313,2025-05-01,Express,Fragile,1.61,1185,827.17,Delivered,2025-05-03,2025-05-02
SHP001629,CUST02320,PART0385,BR0359,BR0294,2025-08-30,Same Day,Clothing,1.39,1655,1130.83,Delivered,2025-08-31,2025-09-03
SHP001630,CUST01309,PART1392,BR1308,BR1146,2025-06-27,Standard,Document,5.71,309,355.57,Delivered,2025-07-01,2025-07-02
SHP001631,CUST02537,PART2933,BR0843,BR1405,2025-03-18,Express,Food,2.83,1424,985.46,Delivered,2025-03-20,2025-03-19
SHP001632,CUST03858,PART1314,BR2137,BR1787,2025-12-14,Express,Clothing,2.02,101,239.99,Delivered,2025-12-16,2025-12-15
SHP001633,CUST00902,PART0653,BR4384,BR4540,2025-05-29,Same Day,Food,3.84,1644,1178.68,Delivered,2025-05-30,2025-06-02
SHP001634,CUST04969,PART3573,BR4782,BR3461,2025-03-12,Express,Parcel,6.19,1512,1107.78,Delivered,2025-03-14,2025-03-13
SHP001635,CUST00314,PART3406,BR2299,BR2057,2025-11-08,Express,Food,2.86,1603,1084.57,In Transit,2025-11-10,
SHP001636,CUST02990,PART3608,BR2121,BR4941,2025-05-31,Standard,Parcel,4.12,552,454.24,Delivered,2025-06-04,2025-06-07
SHP001637,CUST03852,PART1774,BR0107,BR3510,2025-10-16,Economy,Fragile,1.21,853,555.77,Delivered,2025-10-23,2025-10-25
SHP001638,CUST02184,PART1216,BR0196,BR3832,2025-07-12,Standard,Fragile,6.97,1421,994.89,Delivered,2025-07-16,2025-07-20
SHP001639,CUST00357,PART4433,BR4743,BR2815,2025-12-16,Standard,Clothing,0.71,835,534.87,Delivered,2025-12-20,2025-12-22
SHP001640,CUST01340,PART3569,BR3481,BR0362,2025-12-09,Express,Food,1.3,195,275.85,Delivered,2025-12-11,2025-12-10
SHP001641,CUST00240,PART2197,BR3204,BR0441,2025-01-21,Express,Parcel,4.62,1777,1218.99,Delayed,2025-01-23,2025-01-24
SHP001642,CUST01993,PART3774,BR4160,BR0008,2025-11-29,Standard,Document,6.39,84,246.78,Delivered,2025-12-03,2025-12-05
SHP001643,CUST02112,PART4545,BR2145,BR1052,2025-12-20,Express,Food,0.89,2015,1267.83,Delayed,2025-12-22,2025-12-24
SHP001644,CUST00064,PART2141,BR3397,BR1756,2025-06-18,Standard,Parcel,5.75,2185,1388.25,Delivered,2025-06-22,2025-06-23
SHP001645,CUST02354,PART4398,BR0580,BR0465,2025-08-18,Standard,Fragile,1.13,306,253.16,In Transit,2025-08-22,
SHP001646,CUST00383,PART2823,BR3165,BR3247,2025-03-26,Standard,Food,3.79,115,206.63,Delivered,2025-03-30,2025-03-30
SHP001647,CUST04156,PART2536,BR3347,BR0492,2025-08-31,Standard,Clothing,2.34,2106,1269.78,Delivered,2025-09-04,2025-09-08
SHP001648,CUST04498,PART2897,BR4706,BR4439,2025-10-05,Economy,Fragile,1.49,2088,1241.18,In Transit,2025-10-12,
SHP001649,CUST01758,PART0374,BR3664,BR0757,2025-10-29,Economy,Food,1.41,373,296.17,Delivered,2025-11-05,2025-11-08
SHP001650,CUST02752,PART1385,BR1401,BR2638,2025-02-22,Express,Document,1.97,1565,1044.09,Delivered,2025-02-24,2025-02-28
SHP001651,CUST02972,PART1071,BR3368,BR1866,2025-10-06,Same Day,Food,5.24,1362,1054.38,Delayed,2025-10-07,2025-10-11
SHP001652,CUST01381,PART0731,BR2626,BR2019,2025-01-22,Economy,Document,1.51,1393,859.37,Delivered,2025-01-29,2025-02-01
SHP001653,CUST00837,PART4683,BR2825,BR1603,2025-04-08,Express,Electronics,4.15,733,634.45,Out for Delivery,2025-04-10,
SHP001654,CUST03770,PART3320,BR1258,BR3951,2025-08-27,Same Day,Fragile,5.36,646,663.22,Delayed,2025-08-28,2025-09-01
SHP001655,CUST01892,PART0274,BR4626,BR1618,2025-03-29,Economy,Electronics,8.38,308,413.76,Delivered,2025-04-05,2025-04-06
SHP001656,CUST04070,PART1670,BR3719,BR3973,2025-10-27,Standard,Electronics,4.89,1260,860.58,Delivered,2025-10-31,2025-11-01
SHP001657,CUST02953,PART4432,BR4812,BR0607,2025-05-02,Same Day,Document,2.64,340,435.08,Delivered,2025-05-03,2025-05-03
SHP001658,CUST01497,PART4591,BR1928,BR3856,2025-01-31,Standard,Parcel,5.53,313,353.81,Delivered,2025-02-04,2025-02-08
SHP001659,CUST02095,PART2857,BR1103,BR3864,2025-01-11,Economy,Parcel,2.06,975,641.57,In Transit,2025-01-18,
SHP001660,CUST03718,PART4712,BR3727,BR0627,2025-11-01,Express,Food,2.56,222,318.42,Out for Delivery,2025-11-03,
SHP001661,CUST00376,PART4546,BR3383,BR1483,2025-04-05,Economy,Food,5.4,1372,933.4,Delivered,2025-04-12,2025-04-11
SHP001662,CUST01326,PART1921,BR3592,BR2704,2025-02-21,Standard,Fragile,1.2,1350,828.9,Delivered,2025-02-25,2025-02-25
SHP001663,CUST04126,PART4679,BR2616,BR2592,2025-11-19,Economy,Electronics,4.25,919,658.95,Out for Delivery,2025-11-26,
SHP001664,CUST02417,PART2894,BR3732,BR1536,2025-01-25,Economy,Clothing,1.71,1441,890.17,Delivered,2025-02-01,2025-02-05
SHP001665,CUST02860,PART3282,BR2819,BR1925,2025-03-18,Standard,Parcel,1.74,1356,844.08,In Transit,2025-03-22,
SHP001666,CUST00521,PART2273,BR0203,BR1400,2025-03-21,Economy,Electronics,2.32,869,588.99,In Transit,2025-03-28,
SHP001667,CUST00936,PART4161,BR3995,BR2805,2025-02-13,Standard,Clothing,2.73,1717,1064.41,Delivered,2025-02-17,2025-02-16
SHP001668,CUST04351,PART2291,BR3810,BR4068,2025-05-21,Standard,Food,6.16,1746,1155.82,Out for Delivery,2025-05-25,
SHP001669,CUST03355,PART2156,BR4015,BR1071,2025-01-19,Economy,Parcel,4.66,842,625.62,Delivered,2025-01-26,2025-01-26
SHP001670,CUST00960,PART0514,BR0158,BR4118,2025-07-08,Express,Document,3.19,596,537.98,Delivered,2025-07-10,2025-07-10
SHP001671,CUST03917,PART1620,BR0866,BR2775,2025-08-08,Standard,Document,6.27,1569,1060.89,Delivered,2025-08-12,2025-08-12
SHP001672,CUST02892,PART4784,BR1699,BR1489,2025-06-03,Standard,Electronics,0.89,431,316.63,Cancelled,2025-06-07,
SHP001673,CUST01455,PART3473,BR0149,BR1699,2025-10-24,Standard,Fragile,4.63,1956,1237.66,Delivered,2025-10-28,2025-10-28
SHP001674,CUST02844,PART1786,BR0471,BR0943,2025-09-11,Same Day,Parcel,2.1,1388,999.6,Delivered,2025-09-12,2025-09-11
SHP001675,CUST03236,PART3367,BR3272,BR4849,2025-06-19,Express,Electronics,2.85,1936,1267.5,In Transit,2025-06-21,
SHP001676,CUST01423,PART0302,BR3769,BR1751,2025-06-28,Same Day,Fragile,2.35,246,377.0,In Transit,2025-06-29,
SHP001677,CUST00777,PART1923,BR2070,BR2443,2025-07-28,Same Day,Fragile,1.99,1861,1257.33,Delivered,2025-07-29,2025-08-01
SHP001678,CUST04092,PART3839,BR2853,BR3420,2025-05-05,Standard,Parcel,3.1,337,313.55,Delivered,2025-05-09,2025-05-13
SHP001679,CUST02651,PART3777,BR4634,BR3091,2025-04-28,Same Day,Food,5.72,129,386.79,In Transit,2025-04-29,
SHP001680,CUST03480,PART3869,BR0577,BR0826,2025-09-20,Standard,Parcel,3.83,740,551.26,In Transit,2025-09-24,
SHP001681,CUST02223,PART4167,BR4577,BR1671,2025-12-12,Standard,Electronics,5.45,1786,1162.2,In Transit,2025-12-16,
SHP001682,CUST00374,PART2419,BR1443,BR0283,2025-01-24,Economy,Document,1.73,911,599.11,Delivered,2025-01-31,2025-02-02
SHP001683,CUST04361,PART2408,BR4932,BR3220,2025-01-17,Economy,Electronics,4.61,2187,1364.27,Returned,2025-01-24,2025-01-23
SHP001684,CUST00925,PART1210,BR1904,BR2637,2025-07-05,Standard,Electronics,3.6,2194,1345.9,Delivered,2025-07-09,2025-07-12
SHP001685,CUST03154,PART1685,BR2200,BR1183,2025-11-16,Same Day,Food,4.68,1871,1322.01,Delivered,2025-11-17,2025-11-20
SHP001686,CUST00924,PART0479,BR0985,BR1087,2025-09-27,Express,Parcel,1.27,364,368.14,Delivered,2025-09-29,2025-10-03
SHP001687,CUST02325,PART0794,BR3432,BR2308,2025-05-12,Standard,Clothing,2.99,787,558.63,Delivered,2025-05-16,2025-05-15
SHP001688,CUST03299,PART4958,BR0641,BR0420,2025-07-27,Standard,Fragile,2.79,157,207.73,Returned,2025-07-31,2025-08-04
SHP001689,CUST01565,PART4159,BR4205,BR3801,2025-10-03,Standard,Fragile,1.44,1715,1034.93,Delivered,2025-10-07,2025-10-10
SHP001690,CUST02900,PART2529,BR2102,BR4570,2025-02-18,Standard,Document,2.93,1620,1015.46,Delayed,2025-02-22,2025-02-24
SHP001691,CUST00267,PART1330,BR4338,BR1805,2025-05-26,Standard,Fragile,2.36,2148,1293.32,Delivered,2025-05-30,2025-05-29
SHP001692,CUST04799,PART1026,BR3985,BR4588,2025-10-11,Same Day,Clothing,0.99,1126,831.08,Delivered,2025-10-12,2025-10-14
SHP001693,CUST00021,PART0069,BR0626,BR0236,2025-12-04,Same Day,Food,4.37,1117,900.49,In Transit,2025-12-05,
SHP001694,CUST00927,PART1775,BR4785,BR1208,2025-02-22,Standard,Parcel,6.87,1745,1170.89,Delivered,2025-02-26,2025-02-26
SHP001695,CUST00717,PART0639,BR2690,BR0874,2025-01-12,Express,Food,1.23,760,585.06,Delivered,2025-01-14,2025-01-17
SHP001696,CUST02932,PART4102,BR3255,BR2041,2025-04-23,Express,Parcel,2.28,86,237.46,Delivered,2025-04-25,2025-04-24
SHP001697,CUST02359,PART3262,BR0948,BR3973,2025-03-25,Express,Fragile,0.65,1681,1078.85,Delivered,2025-03-27,2025-03-31
SHP001698,CUST01234,PART3927,BR2102,BR0783,2025-07-16,Standard,Fragile,3.41,2112,1296.62,In Transit,2025-07-20,
SHP001699,CUST02862,PART0688,BR3566,BR3262,2025-12-28,Standard,Parcel,3.8,1417,922.95,Delivered,2026-01-01,2025-12-31
SHP001700,CUST01884,PART4705,BR2677,BR0404,2025-07-05,Standard,Parcel,0.58,1706,1011.06,Delivered,2025-07-09,2025-07-09
SHP001701,CUST03590,PART1469,BR2830,BR3056,2025-10-19,Standard,Electronics,8.11,1278,941.32,Delivered,2025-10-23,2025-10-22
SHP001702,CUST01700,PART3968,BR4756,BR3594,2025-11-16,Standard,Electronics,0.8,385,289.35,Out for Delivery,2025-11-20,
SHP001703,CUST04159,PART2958,BR1490,BR0576,2025-01-11,Standard,Fragile,8.15,242,372.4,In Transit,2025-01-15,
SHP001704,CUST01348,PART4166,BR1309,BR4891,2025-04-25,Express,Parcel,6.52,1520,1119.44,Delivered,2025-04-27,2025-04-26
SHP001705,CUST03680,PART2387,BR1641,BR2612,2025-10-15,Standard,Food,2.11,1825,1110.17,In Transit,2025-10-19,
SHP001706,CUST01719,PART2759,BR2815,BR4242,2025-05-09,Express,Electronics,2.17,826,642.04,Delivered,2025-05-11,2025-05-14
SHP001707,CUST02518,PART1915,BR3664,BR4913,2025-05-30,Express,Fragile,1.7,237,307.75,Delivered,2025-06-01,2025-06-03
SHP001708,CUST02189,PART2722,BR2921,BR3260,2025-06-24,Economy,Document,2.66,2188,1321.92,In Transit,2025-07-01,
SHP001709,CUST02316,PART0522,BR3280,BR2502,2025-11-21,Standard,Parcel,1.29,1726,1037.68,Delivered,2025-11-25,2025-11-26
SHP001710,CUST00707,PART0292,BR0640,BR4308,2025-10-14,Standard,Fragile,1.91,262,246.12,Out for Delivery,2025-10-18,
SHP001711,CUST02888,PART1902,BR2414,BR0228,2025-12-02,Standard,Electronics,5.49,2160,1368.78,Delivered,2025-12-06,2025-12-08
SHP001712,CUST04345,PART1435,BR1691,BR3697,2025-01-30,Express,Clothing,9.72,1914,1406.54,Delivered,2025-02-01,2025-02-04
SHP001713,CUST01448,PART2406,BR3387,BR1597,2025-12-12,Standard,Parcel,7.02,1251,902.49,Delivered,2025-12-16,2025-12-16
SHP001714,CUST01629,PART3021,BR1079,BR3795,2025-07-30,Standard,Food,4.61,392,377.02,Delivered,2025-08-03,2025-08-05
SHP001715,CUST03061,PART0802,BR1436,BR4562,2025-05-17,Economy,Fragile,4.46,1448,954.52,Delivered,2025-05-24,2025-05-23
SHP001716,CUST01720,PART0748,BR2720,BR0507,2025-12-05,Standard,Food,1.07,2073,1223.69,Delivered,2025-12-09,2025-12-11
SHP001717,CUST02134,PART0653,BR0774,BR1572,2025-11-21,Express,Fragile,4.04,1629,1124.83,Delivered,2025-11-23,2025-11-22
SHP001718,CUST02879,PART1272,BR1716,BR2776,2025-05-03,Same Day,Food,7.07,1682,1270.64,In Transit,2025-05-04,
SHP001719,CUST02605,PART4314,BR4296,BR4784,2025-09-23,Economy,Food,3.59,1065,724.73,Delivered,2025-09-30,2025-10-03
SHP001720,CUST00282,PART3595,BR0277,BR4145,2025-04-07,Economy,Fragile,6.13,1534,1038.56,Delivered,2025-04-14,2025-04-14
SHP001721,CUST01313,PART4929,BR2282,BR4343,2025-09-07,Standard,Document,2.03,1610,990.16,Delivered,2025-09-11,2025-09-11
SHP001722,CUST01165,PART4873,BR2713,BR0714,2025-08-05,Standard,Electronics,4.3,2122,1321.7,Delivered,2025-08-09,2025-08-08
SHP001723,CUST01248,PART2904,BR4627,BR4965,2025-07-03,Express,Electronics,1.91,362,381.12,Delivered,2025-07-05,2025-07-05
SHP001724,CUST02176,PART2722,BR4265,BR0481,2025-10-09,Standard,Electronics,2.66,1057,699.87,Delivered,2025-10-13,2025-10-12
SHP001725,CUST02190,PART0599,BR0981,BR0441,2025-10-15,Standard,Document,3.35,459,386.15,Returned,2025-10-19,2025-10-22
SHP001726,CUST02361,PART4421,BR4309,BR2547,2025-05-05,Standard,Electronics,10.3,250,424.1,Cancelled,2025-05-09,
SHP001727,CUST01932,PART3861,BR2150,BR2154,2025-08-03,Standard,Document,7.29,359,417.83,Delivered,2025-08-07,2025-08-11
SHP001728,CUST01701,PART3251,BR4692,BR3420,2025-01-12,Same Day,Parcel,4.31,1730,1236.32,In Transit,2025-01-13,
SHP001729,CUST02209,PART0977,BR0068,BR4065,2025-10-15,Standard,Clothing,1.73,1269,796.01,Delivered,2025-10-19,2025-10-19
SHP001730,CUST00403,PART0514,BR4344,BR1872,2025-04-06,Economy,Food,2.54,1496,938.68,Delivered,2025-04-13,2025-04-16
SHP001731,CUST01556,PART0181,BR2100,BR2913,2025-06-03,Standard,Electronics,1.06,2092,1233.92,Delivered,2025-06-07,2025-06-06
SHP001732,CUST00691,PART2181,BR2335,BR3507,2025-05-10,Standard,Clothing,2.63,1495,940.11,Delivered,2025-05-14,2025-05-17
SHP001733,CUST00713,PART1675,BR2269,BR1217,2025-06-16,Standard,Electronics,6.3,126,267.9,Delivered,2025-06-20,2025-06-22
SHP001734,CUST04122,PART2663,BR0388,BR0352,2025-12-21,Express,Parcel,7.98,1867,1342.41,In Transit,2025-12-23,
SHP001735,CUST02238,PART4616,BR4660,BR3242,2025-09-18,Express,Parcel,5.17,481,518.29,Out for Delivery,2025-09-20,
SHP001736,CUST01716,PART4300,BR4099,BR4387,2025-07-31,Express,Parcel,2.4,1657,1104.15,Cancelled,2025-08-02,
SHP001737,CUST01738,PART2190,BR3436,BR1505,2025-03-01,Standard,Fragile,3.45,1477,948.25,Delivered,2025-03-05,2025-03-04
SHP001738,CUST02268,PART0207,BR4898,BR1183,2025-07-28,Economy,Parcel,1.43,1372,846.06,Delivered,2025-08-04,2025-08-03
SHP001739,CUST03326,PART3296,BR4294,BR0505,2025-04-26,Economy,Document,4.69,1754,1127.88,Delivered,2025-05-03,2025-05-03
SHP001740,CUST04869,PART4563,BR1376,BR4390,2025-02-09,Same Day,Document,4.44,572,602.28,Delivered,2025-02-10,2025-02-12
SHP001741,CUST01972,PART1747,BR1428,BR2387,2025-12-31,Economy,Parcel,2.12,704,493.84,Delivered,2026-01-07,2026-01-06
SHP001742,CUST01700,PART3532,BR3884,BR3917,2025-07-23,Standard,Parcel,3.6,2103,1295.85,Out for Delivery,2025-07-27,
SHP001743,CUST01588,PART0293,BR3308,BR0306,2025-11-09,Standard,Electronics,2.03,2071,1243.71,In Transit,2025-11-13,
SHP001744,CUST02193,PART1111,BR2412,BR4373,2025-02-28,Express,Parcel,3.36,764,634.12,Cancelled,2025-03-02,
SHP001745,CUST00092,PART0098,BR0144,BR2689,2025-10-11,Standard,Electronics,2.08,99,160.21,Out for Delivery,2025-10-15,
SHP001746,CUST00146,PART0372,BR1650,BR3092,2025-09-05,Standard,Food,3.37,1961,1212.69,Delivered,2025-09-09,2025-09-10
SHP001747,CUST00063,PART4199,BR4895,BR3115,2025-05-08,Standard,Parcel,6.56,1505,1032.07,Delivered,2025-05-12,2025-05-16
SHP001748,CUST01088,PART0706,BR3179,BR3094,2025-01-02,Economy,Fragile,2.88,692,503.96,In Transit,2025-01-09,
SHP001749,CUST02528,PART4226,BR2204,BR1921,2025-02-10,Standard,Fragile,5.35,842,640.8,In Transit,2025-02-14,
SHP001750,CUST02087,PART3108,BR0474,BR1177,2025-03-07,Standard,Electronics,5.93,227,315.31,Delayed,2025-03-11,2025-03-10
SHP001751,CUST00038,PART4151,BR1504,BR0252,2025-10-16,Standard,Fragile,3.36,1703,1070.57,Delivered,2025-10-20,2025-10-23
SHP001752,CUST03677,PART0081,BR4325,BR3573,2025-05-02,Express,Parcel,1.7,1282,882.5,Delivered,2025-05-04,2025-05-03
SHP001753,CUST01779,PART4967,BR4758,BR0508,2025-08-04,Same Day,Document,4.84,1571,1160.53,Delivered,2025-08-05,2025-08-07
SHP001754,CUST03760,PART2461,BR0537,BR1426,2025-02-07,Standard,Document,9.44,948,789.08,In Transit,2025-02-11,
SHP001755,CUST03822,PART2203,BR1572,BR4848,2025-01-29,Economy,Electronics,1.56,1388,857.72,Delivered,2025-02-05,2025-02-04
SHP001756,CUST02065,PART3098,BR1485,BR4795,2025-04-15,Standard,Electronics,2.58,1986,1209.06,In Transit,2025-04-19,
SHP001757,CUST01146,PART1598,BR3742,BR3817,2025-12-30,Standard,Document,1.28,1959,1165.61,Delivered,2026-01-03,2026-01-04
SHP001758,CUST03496,PART3201,BR1061,BR2638,2025-07-19,Express,Fragile,1.96,47,208.97,Returned,2025-07-21,2025-07-20
SHP001759,CUST00736,PART0847,BR0990,BR3914,2025-02-19,Same Day,Electronics,1.63,288,384.26,Delivered,2025-02-20,2025-02-23
SHP001760,CUST03011,PART0521,BR3049,BR3890,2025-03-09,Standard,Food,4.47,468,415.74,Delivered,2025-03-13,2025-03-15
SHP001761,CUST01057,PART1983,BR2923,BR2962,2025-03-12,Standard,Electronics,6.7,827,662.25,Out for Delivery,2025-03-16,
SHP001762,CUST01519,PART1774,BR2798,BR1800,2025-08-05,Standard,Electronics,8.0,1495,1058.25,Delivered,2025-08-09,2025-08-12
SHP001763,CUST01233,PART0909,BR2093,BR2417,2025-05-15,Express,Fragile,2.5,533,488.15,Delivered,2025-05-17,2025-05-19
SHP001764,CUST01594,PART4769,BR2897,BR3365,2025-04-20,Express,Fragile,9.55,295,512.35,Cancelled,2025-04-22,
SHP001765,CUST04133,PART4049,BR2891,BR3509,2025-07-19,Express,Parcel,2.39,2008,1296.98,Delivered,2025-07-21,2025-07-25
SHP001766,CUST02668,PART2514,BR1421,BR4131,2025-09-07,Standard,Food,1.46,1727,1041.97,Delivered,2025-09-11,2025-09-15
SHP001767,CUST02989,PART0214,BR4757,BR2448,2025-06-24,Economy,Document,2.45,1711,1054.95,Delivered,2025-07-01,2025-07-02
SHP001768,CUST02716,PART3531,BR2344,BR1201,2025-01-29,Same Day,Document,2.63,1526,1087.16,In Transit,2025-01-30,
SHP001769,CUST01194,PART1085,BR0928,BR1411,2025-04-13,Express,Document,7.46,1795,1291.37,Delivered,2025-04-15,2025-04-19
SHP001770,CUST01062,PART3369,BR4058,BR0919,2025-12-07,Standard,Clothing,1.61,1762,1064.52,Returned,2025-12-11,2025-12-10
SHP001771,CUST01147,PART0072,BR1153,BR3316,2025-08-01,Standard,Parcel,4.52,2124,1327.64,Delivered,2025-08-05,2025-08-09
SHP001772,CUST01944,PART2528,BR3532,BR1174,2025-04-01,Same Day,Clothing,1.0,1804,1204.2,Delivered,2025-04-02,2025-04-05
SHP001773,CUST03103,PART2910,BR3593,BR3438,2025-02-02,Standard,Document,2.2,1248,794.8,Returned,2025-02-06,2025-02-06
SHP001774,CUST01989,PART2629,BR3252,BR2785,2025-09-27,Standard,Document,5.71,55,215.87,Delivered,2025-10-01,2025-10-05
SHP001775,CUST02396,PART1450,BR0757,BR1702,2025-10-17,Economy,Fragile,2.12,1235,785.89,In Transit,2025-10-24,
SHP001776,CUST03629,PART2173,BR3465,BR0895,2025-06-08,Economy,Parcel,0.91,1608,964.42,Delivered,2025-06-15,2025-06-14
SHP001777,CUST03515,PART2322,BR4480,BR3653,2025-08-17,Economy,Electronics,2.34,1514,944.18,Delivered,2025-08-24,2025-08-28
SHP001778,CUST02508,PART0856,BR3498,BR2492,2025-10-09,Express,Food,7.21,448,545.02,In Transit,2025-10-11,
SHP001779,CUST00625,PART2402,BR2749,BR1516,2025-08-09,Standard,Document,2.55,625,459.85,Returned,2025-08-13,2025-08-13
SHP001780,CUST01224,PART0697,BR1340,BR3567,2025-06-29,Express,Fragile,5.11,1640,1154.42,In Transit,2025-07-01,
SHP001781,CUST04110,PART0895,BR3683,BR0476,2025-04-26,Standard,Food,2.92,2185,1325.99,Delivered,2025-04-30,2025-04-30
SHP001782,CUST00622,PART0744,BR0502,BR3912,2025-02-01,Express,Electronics,5.73,711,657.11,Out for Delivery,2025-02-03,
SHP001783,CUST02265,PART1047,BR1147,BR1531,2025-09-18,Economy,Electronics,6.42,1624,1094.44,In Transit,2025-09-25,
SHP001784,CUST00672,PART1386,BR4228,BR0801,2025-07-08,Standard,Parcel,4.53,1161,798.21,Delivered,2025-07-12,2025-07-16
SHP001785,CUST03841,PART2934,BR0485,BR3478,2025-10-02,Same Day,Electronics,7.08,853,814.91,Delivered,2025-10-03,2025-10-02
SHP001786,CUST00543,PART4727,BR1513,BR4854,2025-11-25,Express,Food,3.05,61,240.65,Out for Delivery,2025-11-27,
SHP001787,CUST02981,PART1924,BR2454,BR4065,2025-05-25,Economy,Parcel,1.78,1358,846.06,Delivered,2025-06-01,2025-06-01
SHP001788,CUST04017,PART3614,BR2225,BR4666,2025-02-07,Standard,Clothing,9.39,1022,828.68,Out for Delivery,2025-02-11,
SHP001789,CUST03734,PART0821,BR4511,BR4192,2025-07-12,Express,Document,2.07,236,315.34,Delivered,2025-07-14,2025-07-13
SHP001790,CUST01783,PART2675,BR4394,BR0399,2025-01-14,Standard,Clothing,7.55,1270,924.6,Delivered,2025-01-18,2025-01-22
SHP001791,CUST00400,PART3344,BR2927,BR4443,2025-07-30,Standard,Electronics,3.55,588,461.5,Delivered,2025-08-03,2025-08-04
SHP001792,CUST02188,PART3218,BR3744,BR1964,2025-11-05,Same Day,Parcel,11.34,796,877.28,Delivered,2025-11-06,2025-11-09
SHP001793,CUST02958,PART2784,BR0998,BR2847,2025-09-27,Same Day,Clothing,5.69,247,451.03,Out for Delivery,2025-09-28,
SHP001794,CUST01591,PART4863,BR0587,BR2332,2025-08-26,Standard,Clothing,0.55,1559,929.55,Delivered,2025-08-30,2025-08-30
SHP001795,CUST03435,PART3685,BR0485,BR1303,2025-07-19,Standard,Parcel,1.8,2122,1266.7,Delivered,2025-07-23,2025-07-23
SHP001796,CUST03109,PART2484,BR0148,BR2616,2025-04-14,Standard,Fragile,1.26,275,238.97,Delivered,2025-04-18,2025-04-20
SHP001797,CUST03655,PART2254,BR2112,BR4118,2025-10-08,Standard,Parcel,6.24,1914,1249.98,Delivered,2025-10-12,2025-10-11
SHP001798,CUST01096,PART4007,BR4656,BR2938,2025-04-26,Standard,Parcel,3.9,368,348.2,Delivered,2025-04-30,2025-05-01
SHP001799,CUST03304,PART1107,BR2796,BR1739,2025-01-18,Same Day,Electronics,4.78,1691,1225.21,Delivered,2025-01-19,2025-01-20
SHP001800,CUST02572,PART0396,BR1728,BR3735,2025-11-29,Standard,Clothing,5.79,473,447.53,In Transit,2025-12-03,
SHP001801,CUST04037,PART0859,BR2457,BR4225,2025-05-17,Economy,Parcel,0.49,1655,981.03,Delivered,2025-05-24,2025-05-25
SHP001802,CUST03122,PART0225,BR3935,BR3023,2025-08-06,Standard,Fragile,2.3,1817,1109.95,Out for Delivery,2025-08-10,
SHP001803,CUST02707,PART0784,BR1488,BR2136,2025-01-23,Economy,Fragile,5.31,481,441.37,Delivered,2025-01-30,2025-02-03
SHP001804,CUST02675,PART2748,BR2048,BR0797,2025-09-26,Economy,Clothing,0.77,1886,1114.24,In Transit,2025-10-03,
SHP001805,CUST03323,PART2382,BR3146,BR1839,2025-08-20,Standard,Clothing,1.4,1092,691.4,Delayed,2025-08-24,2025-08-28
SHP001806,CUST00792,PART1806,BR2273,BR4695,2025-06-16,Express,Fragile,2.23,1890,1228.56,In Transit,2025-06-18,
SHP001807,CUST03552,PART4073,BR1514,BR0872,2025-03-02,Standard,Parcel,1.71,455,347.87,Delivered,2025-03-06,2025-03-06
SHP001808,CUST04261,PART1812,BR2343,BR3744,2025-08-09,Economy,Clothing,1.94,269,250.63,In Transit,2025-08-16,
SHP001809,CUST00415,PART0070,BR1970,BR2718,2025-08-18,Express,Parcel,4.37,1296,948.94,Delivered,2025-08-20,2025-08-23
SHP001810,CUST02400,PART0670,BR2191,BR2025,2025-04-01,Economy,Document,4.33,429,391.21,Returned,2025-04-08,2025-04-12
SHP001811,CUST04889,PART3749,BR0844,BR0244,2025-03-27,Economy,Clothing,2.42,1064,698.44,Delivered,2025-04-03,2025-04-03
SHP001812,CUST01165,PART1937,BR4945,BR1753,2025-06-18,Economy,Fragile,1.02,663,447.09,Delivered,2025-06-25,2025-06-24
SHP001813,CUST00864,PART1726,BR1943,BR0341,2025-11-14,Standard,Food,2.83,1197,780.61,Returned,2025-11-18,2025-11-17
SHP001814,CUST00584,PART0725,BR4003,BR1240,2025-10-12,Standard,Food,3.0,457,377.35,Delivered,2025-10-16,2025-10-18
SHP001815,CUST00768,PART1414,BR0233,BR4902,2025-05-30,Express,Parcel,2.27,756,605.74,Out for Delivery,2025-06-01,
SHP001816,CUST00354,PART0587,BR0771,BR2600,2025-03-18,Economy,Document,3.01,213,243.37,Delivered,2025-03-25,2025-03-28
SHP001817,CUST00384,PART3321,BR3174,BR4237,2025-12-14,Standard,Food,1.04,717,477.23,Out for Delivery,2025-12-18,
SHP001818,CUST02860,PART3884,BR2409,BR3458,2025-09-26,Economy,Food,5.14,807,616.93,Delayed,2025-10-03,2025-10-04
SHP001819,CUST01589,PART0457,BR2372,BR4673,2025-03-27,Economy,Parcel,3.48,678,509.46,Delivered,2025-04-03,2025-04-05
SHP001820,CUST03972,PART2796,BR0353,BR0546,2025-06-23,Express,Electronics,2.03,1667,1101.51,Delayed,2025-06-25,2025-06-27
SHP001821,CUST01921,PART4463,BR2177,BR1044,2025-08-29,Standard,Clothing,5.96,675,562.37,Returned,2025-09-02,2025-09-01
SHP001822,CUST02357,PART4930,BR1125,BR3841,2025-12-13,Economy,Clothing,4.12,479,414.09,Returned,2025-12-20,2025-12-20
SHP001823,CUST01452,PART1337,BR2849,BR1961,2025-04-04,Standard,Fragile,6.02,842,655.54,Delivered,2025-04-08,2025-04-08
SHP001824,CUST02196,PART4634,BR2231,BR1178,2025-06-05,Express,Document,6.0,618,611.9,Delivered,2025-06-07,2025-06-09
SHP001825,CUST00720,PART1756,BR1457,BR0702,2025-04-21,Standard,Clothing,3.51,1516,971.02,Out for Delivery,2025-04-25,
SHP001826,CUST04097,PART4809,BR1492,BR2644,2025-06-18,Standard,Document,5.42,1443,972.89,Returned,2025-06-22,2025-06-24
SHP001827,CUST00892,PART2432,BR1073,BR0168,2025-05-28,Express,Fragile,3.79,874,704.08,Returned,2025-05-30,2025-05-29
SHP001828,CUST01536,PART3170,BR1236,BR1011,2025-12-21,Standard,Clothing,4.39,100,211.58,Delayed,2025-12-25,2025-12-26
SHP001829,CUST03725,PART1307,BR3775,BR2077,2025-02-20,Standard,Clothing,3.81,947,664.67,Delivered,2025-02-24,2025-02-27
SHP001830,CUST02813,PART0517,BR3396,BR2168,2025-04-24,Standard,Electronics,5.2,1816,1173.2,In Transit,2025-04-28,
SHP001831,CUST01365,PART3115,BR3999,BR3610,2025-05-16,Standard,Food,4.99,721,566.33,Cancelled,2025-05-20,
SHP001832,CUST02654,PART2822,BR0963,BR2139,2025-06-27,Express,Clothing,0.88,2059,1291.81,Delivered,2025-06-29,2025-06-29
SHP001833,CUST03808,PART2844,BR1387,BR2527,2025-06-09,Same Day,Food,1.84,103,287.13,Out for Delivery,2025-06-10,
SHP001834,CUST01643,PART3079,BR0200,BR4109,2025-11-13,Standard,Parcel,3.49,949,658.73,Delivered,2025-11-17,2025-11-20
SHP001835,CUST03710,PART4947,BR2513,BR2619,2025-04-13,Standard,Fragile,2.93,356,320.26,Out for Delivery,2025-04-17,
SHP001836,CUST01748,PART4017,BR1536,BR0635,2025-12-07,Express,Document,1.95,740,589.9,Delivered,2025-12-09,2025-12-10
SHP001837,CUST00561,PART4635,BR2607,BR4530,2025-08-02,Express,Electronics,1.2,594,493.1,Delivered,2025-08-04,2025-08-04
SHP001838,CUST03716,PART3216,BR3879,BR3731,2025-12-10,Express,Electronics,2.95,1151,837.95,Delivered,2025-12-12,2025-12-16
SHP001839,CUST04706,PART3803,BR3655,BR0304,2025-06-21,Standard,Document,5.56,777,609.67,Delivered,2025-06-25,2025-06-24
SHP001840,CUST01105,PART3346,BR4786,BR3734,2025-06-13,Standard,Fragile,3.96,156,232.92,Delivered,2025-06-17,2025-06-17
SHP001841,CUST00328,PART0876,BR2308,BR1012,2025-07-15,Economy,Food,2.71,1655,1029.87,In Transit,2025-07-22,
SHP001842,CUST03094,PART4981,BR1304,BR3736,2025-12-30,Standard,Clothing,4.26,258,295.62,Out for Delivery,2026-01-03,
SHP001843,CUST02999,PART1921,BR2709,BR2593,2025-09-24,Same Day,Electronics,5.31,828,762.22,Cancelled,2025-09-25,
SHP001844,CUST02894,PART3785,BR0029,BR4034,2025-09-21,Standard,Clothing,3.59,1421,920.53,In Transit,2025-09-25,
SHP001845,CUST00540,PART2282,BR4930,BR3399,2025-09-17,Same Day,Clothing,1.99,1558,1090.68,Returned,2025-09-18,2025-09-21
SHP001846,CUST00217,PART1023,BR4819,BR1188,2025-03-15,Express,Clothing,2.51,456,446.02,Delivered,2025-03-17,2025-03-18
SHP001847,CUST04070,PART4368,BR2805,BR4952,2025-01-12,Economy,Document,4.27,2115,1317.19,Delivered,2025-01-19,2025-01-21
SHP001848,CUST04435,PART2338,BR1446,BR1067,2025-12-19,Standard,Fragile,2.9,2068,1261.2,Delivered,2025-12-23,2025-12-24
SHP001849,CUST04095,PART4258,BR2223,BR2940,2025-02-06,Standard,Fragile,2.81,1817,1121.17,In Transit,2025-02-10,
SHP001850,CUST03231,PART3713,BR4082,BR2475,2025-12-03,Same Day,Fragile,6.14,36,344.88,Delivered,2025-12-04,2025-12-08
SHP001851,CUST00774,PART2561,BR4506,BR4541,2025-05-22,Express,Fragile,2.31,633,538.97,Delivered,2025-05-24,2025-05-28
SHP001852,CUST03404,PART4858,BR4309,BR1540,2025-12-20,Standard,Food,0.95,28,96.3,Delivered,2025-12-24,2025-12-28
SHP001853,CUST02262,PART4547,BR1450,BR4792,2025-02-09,Standard,Parcel,3.66,1443,934.17,Delivered,2025-02-13,2025-02-12
SHP001854,CUST04013,PART3715,BR3150,BR3694,2025-12-13,Express,Electronics,4.06,1777,1206.67,In Transit,2025-12-15,
SHP001855,CUST00930,PART4994,BR2339,BR4450,2025-10-07,Express,Parcel,1.04,2092,1313.48,In Transit,2025-10-09,
SHP001856,CUST01471,PART3233,BR4726,BR4835,2025-12-04,Standard,Document,4.57,76,202.34,Out for Delivery,2025-12-08,
SHP001857,CUST04282,PART3437,BR2832,BR1289,2025-11-15,Express,Clothing,3.12,94,260.34,Delivered,2025-11-17,2025-11-18
SHP001858,CUST03257,PART2560,BR4493,BR4024,2025-09-29,Express,Fragile,1.62,205,288.39,In Transit,2025-10-01,
SHP001859,CUST01994,PART2290,BR1392,BR3043,2025-02-20,Express,Clothing,1.32,65,204.79,Delayed,2025-02-22,2025-02-22
SHP001860,CUST00040,PART4411,BR1863,BR4082,2025-01-16,Express,Clothing,1.26,1164,807.92,Delayed,2025-01-18,2025-01-19
SHP001861,CUST04796,PART1851,BR1952,BR2487,2025-02-27,Standard,Parcel,1.5,119,158.45,In Transit,2025-03-03,
SHP001862,CUST01125,PART4525,BR3842,BR3861,2025-06-12,Economy,Clothing,1.05,1774,1058.8,Delayed,2025-06-19,2025-06-23
SHP001863,CUST03728,PART2174,BR3180,BR4647,2025-07-15,Standard,Document,2.54,723,513.53,Delivered,2025-07-19,2025-07-19
SHP001864,CUST03939,PART2139,BR1536,BR1250,2025-08-14,Standard,Electronics,1.71,421,329.17,Delivered,2025-08-18,2025-08-22
SHP001865,CUST03235,PART4271,BR1254,BR2725,2025-06-10,Standard,Electronics,2.14,678,479.98,Delivered,2025-06-14,2025-06-14
SHP001866,CUST01393,PART4691,BR1430,BR0554,2025-08-03,Economy,Electronics,2.41,1775,1089.27,Delivered,2025-08-10,2025-08-09
SHP001867,CUST00361,PART3015,BR3758,BR4572,2025-03-15,Standard,Clothing,3.65,1317,864.65,Delivered,2025-03-19,2025-03-23
SHP001868,CUST03839,PART4578,BR1031,BR3061,2025-02-26,Economy,Document,3.08,1916,1181.56,Delivered,2025-03-05,2025-03-09
SHP001869,CUST02432,PART0737,BR0190,BR1339,2025-07-22,Standard,Document,4.93,533,461.61,Delivered,2025-07-26,2025-07-28
SHP001870,CUST04648,PART2530,BR2271,BR2838,2025-03-09,Express,Clothing,6.96,191,398.17,Delivered,2025-03-11,2025-03-12
SHP001871,CUST01040,PART0802,BR1274,BR3700,2025-08-08,Standard,Food,2.07,376,312.34,Delivered,2025-08-12,2025-08-15
SHP001872,CUST03212,PART4049,BR4976,BR3044,2025-09-25,Express,Electronics,12.29,1607,1294.23,Delivered,2025-09-27,2025-09-28
SHP001873,CUST04814,PART0316,BR4534,BR4776,2025-09-30,Economy,Parcel,1.08,587,406.61,Delayed,2025-10-07,2025-10-09
SHP001874,CUST02096,PART2735,BR3847,BR0470,2025-11-21,Express,Electronics,3.99,893,718.93,Delivered,2025-11-23,2025-11-27
SHP001875,CUST01857,PART4911,BR0079,BR4489,2025-09-15,Economy,Clothing,5.32,1984,1268.24,Returned,2025-09-22,2025-09-22
SHP001876,CUST02996,PART2662,BR3563,BR3756,2025-07-24,Standard,Document,1.13,933,598.01,Delivered,2025-07-28,2025-07-27
SHP001877,CUST02614,PART2588,BR0951,BR3806,2025-08-01,Express,Parcel,1.95,2076,1324.7,In Transit,2025-08-03,
SHP001878,CUST01584,PART2233,BR0116,BR2797,2025-01-13,Standard,Parcel,4.58,168,253.16,In Transit,2025-01-17,
SHP001879,CUST01958,PART4120,BR2327,BR1209,2025-06-09,Standard,Fragile,4.17,787,584.59,Delivered,2025-06-13,2025-06-15
SHP001880,CUST02895,PART0530,BR1449,BR4560,2025-12-23,Standard,Document,0.96,1930,1142.62,Delayed,2025-12-27,2025-12-30
SHP001881,CUST03947,PART3733,BR3399,BR2738,2025-06-18,Standard,Electronics,3.41,121,201.57,Returned,2025-06-22,2025-06-25
SHP001882,CUST04280,PART1541,BR0047,BR1833,2025-07-06,Economy,Clothing,1.7,569,410.35,Delivered,2025-07-13,2025-07-16
SHP001883,CUST04951,PART3600,BR1837,BR0441,2025-09-14,Standard,Fragile,5.59,1749,1144.93,Delivered,2025-09-18,2025-09-18
SHP001884,CUST04718,PART0333,BR3548,BR1116,2025-10-30,Standard,Document,3.31,2089,1281.77,Delivered,2025-11-03,2025-11-04
SHP001885,CUST04686,PART4277,BR2242,BR4428,2025-03-28,Standard,Clothing,2.96,1732,1077.72,Out for Delivery,2025-04-01,
SHP001886,CUST01515,PART4557,BR3517,BR2060,2025-07-24,Standard,Parcel,5.64,1993,1280.23,Delivered,2025-07-28,2025-07-30
SHP001887,CUST01597,PART1093,BR2833,BR1320,2025-05-13,Standard,Electronics,6.33,2087,1347.11,In Transit,2025-05-17,
SHP001888,CUST03670,PART2542,BR2456,BR1616,2025-08-21,Economy,Clothing,0.36,563,377.57,Delivered,2025-08-28,2025-08-29
SHP001889,CUST03614,PART1974,BR2733,BR0877,2025-12-21,Express,Parcel,4.86,1594,1123.62,Delivered,2025-12-23,2025-12-26
SHP001890,CUST01806,PART3326,BR2491,BR1884,2025-09-13,Express,Fragile,1.61,2127,1345.27,Delivered,2025-09-15,2025-09-17
SHP001891,CUST02500,PART3249,BR1632,BR4890,2025-05-12,Standard,Clothing,0.7,1767,1047.25,Out for Delivery,2025-05-16,
SHP001892,CUST00010,PART1134,BR1089,BR4898,2025-11-18,Standard,Document,4.82,1900,1211.04,In Transit,2025-11-22,
SHP001893,CUST00934,PART1042,BR1939,BR0779,2025-06-25,Economy,Clothing,6.61,584,526.62,Delivered,2025-07-02,2025-07-06
SHP001894,CUST00765,PART0366,BR4247,BR1572,2025-02-23,Express,Food,1.7,62,211.5,Cancelled,2025-02-25,
SHP001895,CUST04792,PART0878,BR3152,BR4464,2025-05-11,Standard,Document,2.01,1673,1024.37,Delivered,2025-05-15,2025-05-18
SHP001896,CUST02827,PART4943,BR3488,BR1858,2025-10-05,Standard,Parcel,9.71,1577,1140.97,Delivered,2025-10-09,2025-10-09
SHP001897,CUST00045,PART3668,BR1164,BR1261,2025-11-29,Express,Fragile,2.89,882,688.68,Delivered,2025-12-01,2025-12-01
SHP001898,CUST03421,PART4546,BR0383,BR1969,2025-07-20,Express,Fragile,2.94,1166,845.98,In Transit,2025-07-22,
SHP001899,CUST01263,PART4874,BR2142,BR0164,2025-09-29,Standard,Fragile,0.59,1121,689.53,Delivered,2025-10-03,2025-10-07
SHP001900,CUST04273,PART2544,BR3300,BR1133,2025-07-03,Express,Parcel,2.22,334,372.54,In Transit,2025-07-05,
SHP001901,CUST03547,PART0974,BR4849,BR0099,2025-06-27,Same Day,Clothing,5.24,326,484.58,Delivered,2025-06-28,2025-06-29
SHP001902,CUST00948,PART2952,BR1316,BR4270,2025-07-13,Standard,Clothing,1.3,411,314.65,Delivered,2025-07-17,2025-07-16
SHP001903,CUST04645,PART2103,BR3571,BR1856,2025-04-07,Express,Parcel,5.73,1346,1006.36,Delivered,2025-04-09,2025-04-09
SHP001904,CUST03919,PART3857,BR2994,BR1259,2025-03-26,Standard,Parcel,3.55,1512,969.7,Delivered,2025-03-30,2025-04-03
SHP001905,CUST01486,PART1459,BR0725,BR1229,2025-03-19,Economy,Electronics,3.68,684,517.16,Delivered,2025-03-26,2025-03-26
SHP001906,CUST01722,PART1539,BR1454,BR0304,2025-05-26,Standard,Parcel,1.61,1124,713.62,Delivered,2025-05-30,2025-05-30
SHP001907,CUST02488,PART4551,BR4383,BR3606,2025-02-20,Standard,Clothing,5.65,2085,1331.05,Delivered,2025-02-24,2025-02-28
SHP001908,CUST01613,PART0586,BR4419,BR4491,2025-08-05,Same Day,Clothing,1.32,395,436.29,Delivered,2025-08-06,2025-08-07
SHP001909,CUST02348,PART1451,BR2427,BR2267,2025-09-05,Economy,Parcel,4.43,272,307.06,Delivered,2025-09-12,2025-09-13
SHP001910,CUST03263,PART0560,BR4460,BR1918,2025-03-07,Standard,Fragile,9.4,1309,986.75,Delivered,2025-03-11,2025-03-14
SHP001911,CUST02086,PART2460,BR3712,BR3073,2025-03-25,Standard,Parcel,8.12,1274,939.34,In Transit,2025-03-29,
SHP001912,CUST03121,PART0047,BR3706,BR3562,2025-12-26,Standard,Fragile,10.24,1867,1312.13,Delivered,2025-12-30,2026-01-01
SHP001913,CUST00372,PART0949,BR1545,BR4884,2025-07-19,Express,Food,4.22,147,313.69,Delivered,2025-07-21,2025-07-21
SHP001914,CUST04463,PART0275,BR3207,BR1898,2025-04-14,Express,Fragile,3.82,1814,1221.74,Cancelled,2025-04-16,
SHP001915,CUST02114,PART2836,BR2631,BR1669,2025-04-04,Economy,Electronics,7.75,2065,1366.25,Delivered,2025-04-11,2025-04-13
SHP001916,CUST03478,PART1619,BR0616,BR4598,2025-08-19,Standard,Electronics,6.3,1182,848.7,Delivered,2025-08-23,2025-08-27
SHP001917,CUST01668,PART2644,BR4575,BR0390,2025-01-06,Express,Electronics,5.81,2176,1464.62,Delivered,2025-01-08,2025-01-07
SHP001918,CUST01385,PART0296,BR0039,BR1941,2025-11-08,Express,Fragile,1.39,1295,882.83,Delivered,2025-11-10,2025-11-11
SHP001919,CUST01935,PART3448,BR2443,BR3658,2025-02-16,Economy,Document,4.19,2101,1307.73,Delivered,2025-02-23,2025-02-25
SHP001920,CUST04526,PART4838,BR2865,BR0136,2025-12-02,Express,Document,1.77,596,506.74,Delivered,2025-12-04,2025-12-03
SHP001921,CUST04692,PART0252,BR3276,BR4175,2025-01-19,Standard,Fragile,2.72,349,311.79,Delivered,2025-01-23,2025-01-26
SHP001922,CUST04095,PART0918,BR1882,BR1904,2025-01-03,Economy,Fragile,3.9,48,172.2,Delivered,2025-01-10,2025-01-13
SHP001923,CUST03435,PART0399,BR4689,BR3000,2025-05-21,Economy,Fragile,2.15,1125,726.05,Delivered,2025-05-28,2025-05-31
SHP001924,CUST04657,PART4060,BR1759,BR4428,2025-03-23,Economy,Document,2.63,1584,989.06,Delivered,2025-03-30,2025-04-02
SHP001925,CUST03096,PART2489,BR1352,BR2589,2025-05-08,Express,Fragile,5.24,1942,1323.38,Delivered,2025-05-10,2025-05-14
SHP001926,CUST00305,PART2093,BR4480,BR1874,2025-10-24,Economy,Parcel,0.57,774,498.24,In Transit,2025-10-31,
SHP001927,CUST04893,PART2585,BR2556,BR2480,2025-01-07,Express,Parcel,3.27,631,558.99,Cancelled,2025-01-09,
SHP001928,CUST01320,PART4715,BR4539,BR4389,2025-01-22,Standard,Fragile,2.44,1583,984.33,Delivered,2025-01-26,2025-01-30
SHP001929,CUST03674,PART0713,BR4709,BR4524,2025-01-31,Standard,Food,4.79,2157,1351.73,Delivered,2025-02-04,2025-02-04
SHP001930,CUST04137,PART3003,BR0874,BR4099,2025-05-05,Same Day,Fragile,2.09,193,342.13,Cancelled,2025-05-06,
SHP001931,CUST04814,PART0722,BR3024,BR2426,2025-03-24,Economy,Food,3.02,1005,679.19,Delivered,2025-03-31,2025-04-04
SHP001932,CUST03869,PART2845,BR0761,BR1435,2025-01-19,Same Day,Electronics,2.16,2135,1411.77,In Transit,2025-01-20,
SHP001933,CUST02711,PART4254,BR3539,BR2414,2025-02-16,Standard,Electronics,13.51,165,447.97,In Transit,2025-02-20,
SHP001934,CUST02665,PART2280,BR0156,BR0996,2025-05-23,Standard,Document,1.6,406,318.5,Delayed,2025-05-27,2025-05-26
SHP001935,CUST02379,PART3572,BR2263,BR2557,2025-11-08,Standard,Document,0.48,2137,1245.91,Delivered,2025-11-12,2025-11-11
SHP001936,CUST01888,PART4474,BR3370,BR1257,2025-04-22,Standard,Parcel,4.75,139,240.95,In Transit,2025-04-26,
SHP001937,CUST03811,PART0348,BR1778,BR1758,2025-02-19,Same Day,Parcel,1.97,1307,952.19,Delivered,2025-02-20,2025-02-19
SHP001938,CUST03451,PART2674,BR0830,BR0324,2025-01-17,Standard,Parcel,4.41,383,367.67,Delivered,2025-01-21,2025-01-23
SHP001939,CUST03377,PART0245,BR1739,BR1170,2025-02-03,Express,Clothing,4.62,2166,1432.94,Out for Delivery,2025-02-05,
SHP001940,CUST03709,PART0159,BR0518,BR0251,2025-10-25,Standard,Document,6.27,824,651.14,Out for Delivery,2025-10-29,
SHP001941,CUST03674,PART0865,BR1017,BR2460,2025-10-12,Standard,Document,1.47,1376,849.14,Delivered,2025-10-16,2025-10-17
SHP001942,CUST03089,PART2222,BR1974,BR2529,2025-01-06,Express,Electronics,2.63,162,286.96,In Transit,2025-01-08,
SHP001943,CUST04554,PART3397,BR0723,BR1932,2025-01-24,Express,Document,8.88,1164,975.56,Delivered,2025-01-26,2025-01-25
SHP001944,CUST02311,PART4306,BR0690,BR1400,2025-05-28,Same Day,Fragile,4.1,422,512.3,Delivered,2025-05-29,2025-06-01
SHP001945,CUST03727,PART3768,BR4083,BR3906,2025-12-05,Express,Document,0.87,380,368.14,Returned,2025-12-07,2025-12-08
SHP001946,CUST02178,PART4155,BR3767,BR1359,2025-07-28,Standard,Clothing,11.38,1023,873.01,Returned,2025-08-01,2025-08-01
SHP001947,CUST02487,PART3818,BR0271,BR3060,2025-06-29,Same Day,Food,1.98,1185,885.31,In Transit,2025-06-30,
SHP001948,CUST00836,PART0994,BR1187,BR3111,2025-03-29,Express,Document,4.31,1535,1079.07,Returned,2025-03-31,2025-04-02
SHP001949,CUST03377,PART2439,BR3648,BR3392,2025-12-23,Standard,Clothing,2.63,1558,974.76,Delivered,2025-12-27,2025-12-26
SHP001950,CUST04355,PART4486,BR2706,BR0573,2025-04-01,Same Day,Fragile,4.89,1431,1084.63,Out for Delivery,2025-04-02,
SHP001951,CUST03841,PART0245,BR3814,BR1794,2025-05-31,Standard,Clothing,3.52,1571,1001.49,Delivered,2025-06-04,2025-06-08
SHP001952,CUST00552,PART0826,BR1942,BR0096,2025-02-23,Standard,Clothing,2.53,1925,1174.41,Delivered,2025-02-27,2025-02-26
SHP001953,CUST01155,PART3388,BR1027,BR0160,2025-09-04,Economy,Electronics,0.8,2051,1205.65,In Transit,2025-09-11,
SHP001954,CUST02108,PART1131,BR3954,BR3066,2025-03-16,Standard,Fragile,2.14,1680,1031.08,Returned,2025-03-20,2025-03-22
SHP001955,CUST03386,PART3940,BR4553,BR4530,2025-08-03,Standard,Fragile,9.36,573,581.07,Delivered,2025-08-07,2025-08-09
SHP001956,CUST02864,PART1070,BR3445,BR3101,2025-01-08,Economy,Fragile,3.23,1254,820.76,Delivered,2025-01-15,2025-01-14
SHP001957,CUST02822,PART3980,BR4523,BR2724,2025-09-25,Standard,Parcel,6.84,327,390.33,Delivered,2025-09-29,2025-10-01
SHP001958,CUST03916,PART2397,BR0429,BR3330,2025-02-14,Economy,Document,4.8,1012,722.2,Delivered,2025-02-21,2025-02-21
SHP001959,CUST03662,PART0849,BR2782,BR0812,2025-07-15,Standard,Clothing,1.31,1218,758.72,Delivered,2025-07-19,2025-07-23
SHP001960,CUST02938,PART2227,BR0876,BR0166,2025-12-23,Express,Fragile,1.43,169,264.41,Delivered,2025-12-25,2025-12-26
SHP001961,CUST02852,PART1777,BR4113,BR2881,2025-09-17,Standard,Electronics,2.37,2012,1218.74,Delivered,2025-09-21,2025-09-24
SHP001962,CUST02580,PART3665,BR0827,BR3608,2025-12-29,Standard,Document,3.28,1343,870.81,Delayed,2026-01-02,2026-01-04
SHP001963,CUST01608,PART0264,BR2762,BR2697,2025-11-29,Economy,Clothing,7.03,2043,1338.31,Returned,2025-12-06,2025-12-06
SHP001964,CUST00362,PART1317,BR1342,BR4211,2025-11-06,Economy,Fragile,5.79,1071,776.43,In Transit,2025-11-13,
SHP001965,CUST03993,PART3322,BR3338,BR3455,2025-10-14,Same Day,Fragile,1.43,590,545.96,In Transit,2025-10-15,
SHP001966,CUST04765,PART1021,BR2072,BR2838,2025-06-09,Express,Document,5.24,1587,1128.13,Delivered,2025-06-11,2025-06-14
SHP001967,CUST04867,PART3942,BR1212,BR3696,2025-09-17,Standard,Clothing,4.5,855,629.25,Delayed,2025-09-21,2025-09-22
SHP001968,CUST01866,PART4518,BR3475,BR1247,2025-12-25,Express,Document,6.63,1107,894.71,Out for Delivery,2025-12-27,
SHP001969,CUST00236,PART4238,BR4559,BR1420,2025-08-25,Express,Document,1.42,1721,1117.79,Delivered,2025-08-27,2025-08-29
SHP001970,CUST03139,PART0931,BR2006,BR2420,2025-09-20,Economy,Fragile,4.29,2097,1307.73,In Transit,2025-09-27,
SHP001971,CUST01072,PART1492,BR4747,BR2170,2025-11-09,Same Day,Fragile,1.04,2067,1349.73,Delivered,2025-11-10,2025-11-10
SHP001972,CUST03086,PART1977,BR1964,BR2895,2025-04-28,Express,Parcel,6.05,149,355.05,Delivered,2025-04-30,2025-05-03
SHP001973,CUST03091,PART4488,BR1933,BR0009,2025-11-02,Standard,Fragile,4.92,1030,734.74,Out for Delivery,2025-11-06,
SHP001974,CUST02981,PART3127,BR4590,BR2718,2025-04-23,Express,Document,3.21,292,371.22,Delivered,2025-04-25,2025-04-25
SHP001975,CUST00726,PART3138,BR4969,BR2030,2025-09-11,Express,Food,3.28,787,645.01,Delivered,2025-09-13,2025-09-14
SHP001976,CUST04976,PART4334,BR1727,BR2674,2025-03-21,Same Day,Document,1.17,2043,1339.39,Delivered,2025-03-22,2025-03-23
SHP001977,CUST03221,PART2127,BR1475,BR0596,2025-08-18,Standard,Parcel,1.46,739,498.57,In Transit,2025-08-22,
SHP001978,CUST00927,PART4742,BR4113,BR2675,2025-03-06,Express,Fragile,4.54,164,330.08,Delivered,2025-03-08,2025-03-12
SHP001979,CUST00443,PART1680,BR2859,BR1843,2025-12-08,Standard,Parcel,5.02,585,492.19,Out for Delivery,2025-12-12,
SHP001980,CUST03767,PART0733,BR2979,BR2210,2025-10-13,Economy,Food,4.5,1609,1043.95,Delivered,2025-10-20,2025-10-20
SHP001981,CUST00994,PART1361,BR0430,BR3316,2025-11-24,Express,Parcel,0.57,2175,1348.79,Delayed,2025-11-26,2025-11-29
SHP001982,CUST02858,PART3351,BR1139,BR0018,2025-07-21,Economy,Fragile,1.66,586,418.82,Delivered,2025-07-28,2025-07-27
SHP001983,CUST02544,PART3894,BR4184,BR1859,2025-10-08,Economy,Document,7.72,139,306.29,Delivered,2025-10-15,2025-10-14
SHP001984,CUST02826,PART2092,BR0351,BR1755,2025-06-19,Same Day,Parcel,4.96,1634,1197.82,Delivered,2025-06-20,2025-06-24
SHP001985,CUST02912,PART2070,BR3918,BR1049,2025-11-24,Express,Fragile,3.68,640,572.96,Delivered,2025-11-26,2025-11-25
SHP001986,CUST01774,PART0828,BR4752,BR1534,2025-05-07,Express,Electronics,1.1,1073,754.35,Returned,2025-05-09,2025-05-10
SHP001987,CUST02047,PART1155,BR3482,BR1834,2025-06-15,Economy,Clothing,2.96,2069,1263.07,Delayed,2025-06-22,2025-06-22
SHP001988,CUST04468,PART3188,BR0022,BR0623,2025-02-05,Standard,Clothing,2.61,149,199.37,Returned,2025-02-09,2025-02-11
SHP001989,CUST00151,PART1346,BR3043,BR0988,2025-02-10,Same Day,Fragile,2.44,1104,850.88,Delivered,2025-02-11,2025-02-13
SHP001990,CUST01574,PART3017,BR1952,BR3309,2025-10-30,Standard,Food,4.58,879,644.21,In Transit,2025-11-03,
SHP001991,CUST01418,PART1689,BR1969,BR1688,2025-08-28,Standard,Food,5.26,1327,905.57,Delivered,2025-09-01,2025-08-31
SHP001992,CUST03308,PART1440,BR4024,BR4727,2025-01-31,Standard,Document,1.38,1306,808.66,Cancelled,2025-02-04,
SHP001993,CUST03090,PART3993,BR3837,BR2060,2025-09-15,Express,Electronics,1.81,863,654.47,Delivered,2025-09-17,2025-09-21
SHP001994,CUST02948,PART0122,BR4451,BR1044,2025-03-09,Standard,Fragile,3.7,1774,1117.1,Delayed,2025-03-13,2025-03-12
SHP001995,CUST01222,PART4739,BR1910,BR2464,2025-06-11,Same Day,Document,2.71,1206,912.92,Delivered,2025-06-12,2025-06-16
SHP001996,CUST03814,PART4286,BR2008,BR1038,2025-01-08,Same Day,Fragile,1.03,880,696.66,Delivered,2025-01-09,2025-01-08
SHP001997,CUST00024,PART1427,BR1941,BR4013,2025-02-25,Same Day,Electronics,1.28,1584,1089.36,Delivered,2025-02-26,2025-03-02
SHP001998,CUST01022,PART0267,BR1679,BR2931,2025-04-06,Standard,Document,2.47,2140,1291.34,Out for Delivery,2025-04-10,
SHP001999,CUST00376,PART4931,BR0060,BR2984,2025-09-24,Express,Fragile,2.7,1143,828.05,Delayed,2025-09-26,2025-09-25
SHP002000,CUST03036,PART2557,BR1522,BR3027,2025-03-11,Standard,Clothing,5.29,1711,1117.43,Delivered,2025-03-15,2025-03-19
SHP002001,CUST00677,PART0112,BR0847,BR3407,2025-03-15,Standard,Clothing,1.85,351,293.75,Delivered,2025-03-19,2025-03-18
SHP002002,CUST01332,PART2617,BR0141,BR4978,2025-09-04,Economy,Fragile,2.47,1586,986.64,Delivered,2025-09-11,2025-09-12
SHP002003,CUST00809,PART2976,BR1714,BR1683,2025-03-08,Standard,Parcel,2.86,505,400.67,Delivered,2025-03-12,2025-03-11
SHP002004,CUST03653,PART3077,BR4480,BR0141,2025-05-20,Standard,Fragile,2.12,748,518.04,Delivered,2025-05-24,2025-05-26
SHP002005,CUST01924,PART1140,BR4648,BR1774,2025-09-14,Standard,Electronics,2.95,2152,1308.5,Delivered,2025-09-18,2025-09-18
SHP002006,CUST01822,PART4173,BR1945,BR1668,2025-07-25,Same Day,Fragile,1.77,2030,1345.44,Delivered,2025-07-26,2025-07-29
SHP002007,CUST03739,PART1951,BR3015,BR1823,2025-12-14,Economy,Parcel,1.21,1925,1145.37,In Transit,2025-12-21,
SHP002008,CUST02735,PART4782,BR2738,BR1922,2025-01-11,Standard,Document,4.37,1352,899.74,Returned,2025-01-15,2025-01-15
SHP002009,CUST02197,PART0323,BR0090,BR3486,2025-01-30,Express,Document,2.54,1446,991.18,In Transit,2025-02-01,
SHP002010,CUST02800,PART0189,BR2648,BR4452,2025-04-14,Economy,Electronics,1.8,1156,735.4,Delivered,2025-04-21,2025-04-20
SHP002011,CUST04229,PART4184,BR2668,BR3283,2025-08-25,Standard,Electronics,5.98,1691,1121.61,Delivered,2025-08-29,2025-08-31
SHP002012,CUST01432,PART0281,BR0591,BR1747,2025-05-10,Standard,Clothing,4.22,1391,917.89,Delivered,2025-05-14,2025-05-13
SHP002013,CUST02340,PART4154,BR4321,BR2286,2025-09-09,Same Day,Document,2.2,1214,906.1,Delivered,2025-09-10,2025-09-13
SHP002014,CUST03032,PART2249,BR4891,BR0702,2025-05-14,Express,Food,2.55,559,503.55,Delivered,2025-05-16,2025-05-18
SHP002015,CUST04087,PART1767,BR1007,BR0284,2025-06-01,Express,Electronics,4.61,495,513.67,Returned,2025-06-03,2025-06-07
SHP002016,CUST03961,PART3967,BR2152,BR3031,2025-07-25,Standard,Clothing,1.61,1525,934.17,Delivered,2025-07-29,2025-07-31
SHP002017,CUST02304,PART2125,BR0073,BR4149,2025-10-19,Standard,Food,3.48,894,628.26,In Transit,2025-10-23,
SHP002018,CUST02268,PART1475,BR1093,BR4204,2025-05-10,Express,Document,3.32,1255,903.29,Delivered,2025-05-12,2025-05-13
SHP002019,CUST04475,PART3876,BR1134,BR2651,2025-06-06,Same Day,Clothing,2.54,23,258.53,Delivered,2025-06-07,2025-06-07
SHP002020,CUST02122,PART4103,BR0474,BR1194,2025-08-03,Standard,Clothing,8.32,1171,887.09,Delivered,2025-08-07,2025-08-10
SHP002021,CUST03952,PART1797,BR3192,BR4638,2025-05-08,Standard,Document,5.43,1986,1271.76,Delivered,2025-05-12,2025-05-14
SHP002022,CUST04641,PART3968,BR4579,BR3745,2025-11-02,Express,Fragile,5.9,1063,854.45,Delivered,2025-11-04,2025-11-03
SHP002023,CUST02790,PART2391,BR0890,BR3523,2025-09-20,Standard,Food,6.63,1459,1008.31,Delivered,2025-09-24,2025-09-24
SHP002024,CUST00073,PART4873,BR1398,BR3093,2025-11-12,Same Day,Food,2.89,2115,1416.83,Delivered,2025-11-13,2025-11-16
SHP002025,CUST01775,PART3163,BR4338,BR0425,2025-11-20,Express,Electronics,6.74,1308,1007.68,Delivered,2025-11-22,2025-11-24
SHP002026,CUST02279,PART1734,BR4317,BR4031,2025-09-11,Standard,Fragile,3.08,1052,706.36,Delivered,2025-09-15,2025-09-16
SHP002027,CUST04092,PART4902,BR4822,BR1506,2025-12-01,Standard,Fragile,6.93,1841,1225.01,Delivered,2025-12-05,2025-12-05
SHP002028,CUST01365,PART0385,BR3446,BR0384,2025-05-31,Standard,Electronics,1.71,1789,1081.57,Delivered,2025-06-04,2025-06-04
SHP002029,CUST03805,PART2288,BR4557,BR4495,2025-04-18,Standard,Parcel,4.47,682,533.44,Out for Delivery,2025-04-22,
SHP002030,CUST00817,PART3554,BR3209,BR1667,2025-05-30,Standard,Food,1.57,1857,1115.89,Delivered,2025-06-03,2025-06-05
SHP002031,CUST03130,PART4238,BR0180,BR1756,2025-05-07,Economy,Fragile,4.86,222,289.02,Cancelled,2025-05-14,
SHP002032,CUST00669,PART1555,BR1185,BR2591,2025-08-20,Standard,Parcel,0.43,424,302.66,Delivered,2025-08-24,2025-08-24
SHP002033,CUST04550,PART3369,BR4625,BR1469,2025-11-23,Economy,Fragile,1.53,445,338.41,Delivered,2025-11-30,2025-12-04
SHP002034,CUST04971,PART4158,BR2720,BR2030,2025-11-02,Standard,Fragile,5.67,2007,1288.59,Delayed,2025-11-06,2025-11-09
SHP002035,CUST00260,PART2405,BR3613,BR2181,2025-07-29,Economy,Fragile,3.07,1481,942.09,Delivered,2025-08-05,2025-08-07
SHP002036,CUST04435,PART2581,BR3098,BR1743,2025-12-24,Standard,Parcel,1.44,893,582.83,Delivered,2025-12-28,2025-12-28
SHP002037,CUST00767,PART1104,BR2252,BR3167,2025-03-30,Economy,Food,4.71,1704,1100.82,Delivered,2025-04-06,2025-04-06
SHP002038,CUST04853,PART0797,BR3828,BR3775,2025-02-17,Economy,Fragile,3.1,610,463.7,In Transit,2025-02-24,
SHP002039,CUST02540,PART4795,BR2710,BR2216,2025-09-13,Economy,Electronics,2.18,1230,784.46,Delivered,2025-09-20,2025-09-19
SHP002040,CUST02097,PART4022,BR4570,BR1014,2025-09-28,Standard,Parcel,1.81,674,470.52,Delivered,2025-10-02,2025-10-03
SHP002041,CUST00939,PART1901,BR2657,BR1043,2025-02-28,Express,Clothing,6.81,2152,1473.42,Delivered,2025-03-02,2025-03-04
SHP002042,CUST04087,PART0841,BR3600,BR4281,2025-08-21,Same Day,Clothing,1.12,1368,967.04,Out for Delivery,2025-08-22,
SHP002043,CUST01043,PART1014,BR0456,BR0028,2025-12-02,Same Day,Food,5.09,1648,1208.38,Out for Delivery,2025-12-03,
SHP002044,CUST03382,PART3171,BR1054,BR1756,2025-11-24,Standard,Document,1.28,1522,925.26,Returned,2025-11-28,2025-11-28
SHP002045,CUST02631,PART0002,BR0251,BR2316,2025-06-04,Economy,Clothing,4.12,1621,1042.19,Returned,2025-06-11,2025-06-14
SHP002046,CUST04267,PART0627,BR2283,BR1299,2025-08-07,Standard,Food,1.36,1495,912.17,Delivered,2025-08-11,2025-08-15
SHP002047,CUST01770,PART4666,BR4974,BR2005,2025-04-25,Economy,Document,2.43,1351,856.51,Delivered,2025-05-02,2025-05-01
SHP002048,CUST01804,PART0225,BR0144,BR0323,2025-05-06,Standard,Food,0.74,483,341.93,In Transit,2025-05-10,
SHP002049,CUST04239,PART0853,BR4567,BR3761,2025-07-08,Standard,Document,3.69,528,431.58,In Transit,2025-07-12,
SHP002050,CUST04781,PART4757,BR2621,BR2691,2025-08-25,Standard,Electronics,3.33,163,222.91,Delivered,2025-08-29,2025-08-28
SHP002051,CUST00592,PART0169,BR3096,BR3933,2025-10-15,Standard,Electronics,2.64,1599,997.53,Delivered,2025-10-19,2025-10-20
SHP002052,CUST03704,PART2931,BR0066,BR4858,2025-09-16,Standard,Fragile,6.85,560,518.7,Delivered,2025-09-20,2025-09-19
SHP002053,CUST02762,PART0891,BR1071,BR4647,2025-08-10,Standard,Clothing,0.71,1558,932.52,Returned,2025-08-14,2025-08-13
SHP002054,CUST01195,PART0436,BR3810,BR2563,2025-09-08,Standard,Food,2.07,1525,944.29,Delivered,2025-09-12,2025-09-12
SHP002055,CUST01881,PART2973,BR4453,BR1587,2025-07-08,Standard,Document,0.78,843,540.81,Delivered,2025-07-12,2025-07-12
SHP002056,CUST01865,PART3634,BR4720,BR0998,2025-05-25,Economy,Clothing,1.36,1364,840.12,Delivered,2025-06-01,2025-06-03
SHP002057,CUST04855,PART0066,BR2214,BR3614,2025-05-17,Express,Fragile,8.72,898,825.74,Delivered,2025-05-19,2025-05-20
SHP002058,CUST01153,PART4350,BR1926,BR3482,2025-02-17,Standard,Clothing,5.24,1632,1072.88,In Transit,2025-02-21,
SHP002059,CUST04156,PART2707,BR3376,BR0193,2025-01-07,Standard,Food,0.77,836,536.74,Delivered,2025-01-11,2025-01-13
SHP002060,CUST03669,PART0064,BR3797,BR3475,2025-10-15,Express,Food,2.41,850,660.52,In Transit,2025-10-17,
SHP002061,CUST00784,PART2905,BR2483,BR4988,2025-04-03,Express,Fragile,11.47,1281,1096.89,Delivered,2025-04-05,2025-04-07
SHP002062,CUST01153,PART0629,BR1554,BR4613,2025-02-27,Express,Electronics,6.99,1634,1192.48,In Transit,2025-03-01,
SHP002063,CUST01506,PART0207,BR2390,BR3544,2025-04-21,Standard,Clothing,2.04,1591,979.93,Delivered,2025-04-25,2025-04-25
SHP002064,CUST01806,PART2574,BR2843,BR2454,2025-05-13,Standard,Fragile,3.52,1364,887.64,Delayed,2025-05-17,2025-05-18
SHP002065,CUST00148,PART1082,BR2616,BR1739,2025-04-08,Express,Parcel,5.5,61,294.55,Delivered,2025-04-10,2025-04-09
SHP002066,CUST04962,PART0721,BR2405,BR4122,2025-10-22,Same Day,Fragile,3.88,566,586.66,Delivered,2025-10-23,2025-10-23
SHP002067,CUST00864,PART3051,BR2441,BR2488,2025-05-23,Standard,Clothing,5.89,136,264.38,Delivered,2025-05-27,2025-05-26
SHP002068,CUST03871,PART3422,BR2927,BR3477,2025-04-24,Express,Food,1.45,253,311.05,Delivered,2025-04-26,2025-04-29
SHP002069,CUST04166,PART0465,BR1338,BR4461,2025-11-22,Standard,Food,4.23,233,281.21,Delivered,2025-11-26,2025-11-26
SHP002070,CUST00960,PART4473,BR1152,BR4017,2025-08-20,Same Day,Parcel,1.73,602,559.16,Delivered,2025-08-21,2025-08-24
SHP002071,CUST03093,PART4896,BR3483,BR1881,2025-12-30,Standard,Fragile,2.57,1086,713.84,In Transit,2026-01-03,
SHP002072,CUST04911,PART0189,BR4861,BR3103,2025-02-01,Standard,Clothing,2.34,1788,1094.88,Delayed,2025-02-05,2025-02-06
SHP002073,CUST04377,PART1386,BR0928,BR4415,2025-06-02,Express,Electronics,8.43,1700,1260.46,Delivered,2025-06-04,2025-06-04
SHP002074,CUST03471,PART0885,BR4108,BR4739,2025-02-26,Express,Clothing,3.24,1545,1061.03,Delivered,2025-02-28,2025-03-04
SHP002075,CUST02008,PART2353,BR3411,BR4863,2025-11-03,Standard,Electronics,2.41,2087,1260.87,Delivered,2025-11-07,2025-11-08
SHP002076,CUST04744,PART1392,BR3938,BR2982,2025-01-17,Standard,Food,4.39,210,272.08,Delivered,2025-01-21,2025-01-24
SHP002077,CUST00462,PART2834,BR3707,BR4297,2025-09-07,Same Day,Clothing,2.23,203,350.71,Cancelled,2025-09-08,
SHP002078,CUST01044,PART0143,BR3981,BR2967,2025-06-24,Express,Fragile,0.97,290,320.84,Returned,2025-06-26,2025-06-27
SHP002079,CUST04004,PART3336,BR2911,BR3508,2025-09-24,Standard,Parcel,5.09,1951,1245.03,Delivered,2025-09-28,2025-09-28
SHP002080,CUST03063,PART3543,BR3978,BR0318,2025-12-28,Standard,Fragile,2.37,712,503.74,Delivered,2026-01-01,2026-01-03
SHP002081,CUST02787,PART1716,BR2190,BR3811,2025-01-10,Express,Electronics,3.03,741,614.21,Delivered,2025-01-12,2025-01-16
SHP002082,CUST03238,PART3012,BR3855,BR4489,2025-07-14,Standard,Electronics,9.39,1017,825.93,In Transit,2025-07-18,
SHP002083,CUST02610,PART0352,BR4560,BR3539,2025-07-29,Express,Clothing,1.57,572,489.14,In Transit,2025-07-31,
SHP002084,CUST01543,PART3164,BR0983,BR3261,2025-03-21,Standard,Food,5.08,1903,1218.41,Delivered,2025-03-25,2025-03-29
SHP002085,CUST04561,PART2086,BR4993,BR2656,2025-05-08,Standard,Food,3.15,296,292.1,Delivered,2025-05-12,2025-05-14
SHP002086,CUST01449,PART4860,BR2180,BR2837,2025-09-07,Standard,Fragile,2.06,1813,1102.47,In Transit,2025-09-11,
SHP002087,CUST04003,PART0530,BR3298,BR2691,2025-06-03,Standard,Clothing,0.9,797,518.15,Delivered,2025-06-07,2025-06-10
SHP002088,CUST01430,PART3010,BR4144,BR4503,2025-12-03,Standard,Fragile,5.59,314,355.68,In Transit,2025-12-07,
SHP002089,CUST03919,PART1123,BR1052,BR0152,2025-10-24,Standard,Parcel,9.04,2134,1432.58,In Transit,2025-10-28,
SHP002090,CUST02708,PART4592,BR1906,BR2229,2025-03-02,Standard,Electronics,3.56,2167,1330.17,Delivered,2025-03-06,2025-03-06
SHP002091,CUST01796,PART2335,BR4669,BR3693,2025-07-04,Same Day,Document,4.21,1918,1337.52,In Transit,2025-07-05,
SHP002092,CUST01945,PART1724,BR1861,BR2321,2025-10-28,Same Day,Parcel,4.34,356,481.28,Delivered,2025-10-29,2025-10-30
SHP002093,CUST00549,PART2689,BR2243,BR3929,2025-01-28,Standard,Document,4.89,83,213.23,In Transit,2025-02-01,
SHP002094,CUST01689,PART1109,BR2580,BR3906,2025-02-07,Economy,Fragile,2.38,1494,934.06,Delivered,2025-02-14,2025-02-15
SHP002095,CUST03784,PART4347,BR0755,BR0802,2025-12-16,Standard,Food,5.94,1158,827.58,Delivered,2025-12-20,2025-12-22
SHP002096,CUST01878,PART1127,BR2256,BR3254,2025-05-21,Standard,Parcel,1.15,1925,1144.05,Delivered,2025-05-25,2025-05-27
SHP002097,CUST03559,PART3461,BR4737,BR2664,2025-02-01,Same Day,Document,4.75,1403,1066.15,Returned,2025-02-02,2025-02-05
SHP002098,CUST04825,PART3122,BR2096,BR3190,2025-04-01,Express,Parcel,3.78,2095,1375.41,In Transit,2025-04-03,
SHP002099,CUST02164,PART4882,BR4121,BR3487,2025-05-31,Standard,Food,2.92,1165,764.99,In Transit,2025-06-04,
SHP002100,CUST02884,PART1042,BR0301,BR0681,2025-02-24,Standard,Fragile,2.32,1812,1107.64,In Transit,2025-02-28,
SHP002101,CUST01120,PART1351,BR1261,BR3938,2025-06-14,Standard,Food,2.97,2117,1289.69,Delivered,2025-06-18,2025-06-20
SHP002102,CUST03748,PART4451,BR2052,BR0503,2025-04-06,Express,Electronics,5.42,1357,1005.59,In Transit,2025-04-08,
SHP002103,CUST01488,PART3068,BR4978,BR1989,2025-09-24,Express,Document,1.12,1640,1066.64,Out for Delivery,2025-09-26,
SHP002104,CUST03791,PART4159,BR4298,BR1407,2025-03-25,Express,Electronics,3.62,2100,1374.64,Delivered,2025-03-27,2025-03-30
SHP002105,CUST03783,PART0314,BR4003,BR1651,2025-01-11,Standard,Food,5.06,135,245.57,In Transit,2025-01-15,
SHP002106,CUST03065,PART3859,BR1714,BR0120,2025-04-19,Express,Parcel,2.34,813,638.63,Delivered,2025-04-21,2025-04-24
SHP002107,CUST01235,PART0515,BR1280,BR0116,2025-02-05,Standard,Clothing,11.11,398,523.32,Delivered,2025-02-09,2025-02-09
SHP002108,CUST03865,PART3446,BR2089,BR2286,2025-08-26,Standard,Parcel,2.34,203,223.13,Delivered,2025-08-30,2025-09-02
SHP002109,CUST03350,PART0329,BR3061,BR1943,2025-06-22,Standard,Document,5.42,239,310.69,Delivered,2025-06-26,2025-06-28
SHP002110,CUST01594,PART2408,BR4229,BR3088,2025-11-04,Economy,Fragile,0.59,1302,789.08,Delivered,2025-11-11,2025-11-13
SHP002111,CUST01147,PART2008,BR3183,BR4302,2025-06-12,Standard,Parcel,3.86,596,472.72,Delivered,2025-06-16,2025-06-18
SHP002112,CUST04999,PART2543,BR1731,BR4373,2025-01-25,Standard,Fragile,6.84,673,580.63,Delivered,2025-01-29,2025-01-29
SHP002113,CUST02097,PART2077,BR3742,BR0513,2025-05-10,Economy,Parcel,1.71,108,157.02,Returned,2025-05-17,2025-05-16
SHP002114,CUST00731,PART2895,BR3331,BR1830,2025-01-27,Express,Fragile,2.79,495,473.63,Delivered,2025-01-29,2025-01-30
SHP002115,CUST04969,PART1553,BR2412,BR1088,2025-02-05,Standard,Food,0.76,289,235.67,Delivered,2025-02-09,2025-02-12
SHP002116,CUST01166,PART4774,BR2573,BR1324,2025-05-27,Express,Document,1.74,1895,1220.53,In Transit,2025-05-29,
SHP002117,CUST02567,PART3419,BR1730,BR3380,2025-12-28,Standard,Clothing,1.58,499,369.21,Delivered,2026-01-01,2026-01-01
SHP002118,CUST03539,PART2914,BR4401,BR3431,2025-10-09,Express,Food,3.11,1919,1263.87,Delivered,2025-10-11,2025-10-14
SHP002119,CUST01026,PART1960,BR4736,BR1060,2025-07-13,Same Day,Food,4.91,765,718.77,Delivered,2025-07-14,2025-07-13
SHP002120,CUST03038,PART0453,BR2631,BR2655,2025-06-07,Standard,Parcel,2.57,1690,1046.04,Returned,2025-06-11,2025-06-15
SHP002121,CUST02825,PART2500,BR2468,BR4766,2025-07-20,Same Day,Fragile,5.12,1533,1145.79,Delivered,2025-07-21,2025-07-23
SHP002122,CUST03760,PART4126,BR4095,BR1262,2025-03-07,Express,Parcel,4.69,1481,1057.73,Delivered,2025-03-09,2025-03-11
SHP002123,CUST00909,PART2866,BR3607,BR1684,2025-07-03,Standard,Food,1.18,1828,1091.36,Out for Delivery,2025-07-07,
SHP002124,CUST04452,PART2447,BR1287,BR4358,2025-08-09,Standard,Electronics,2.6,130,188.7,Delivered,2025-08-13,2025-08-13
SHP002125,CUST01923,PART4413,BR1211,BR2749,2025-09-03,Economy,Document,4.74,1356,910.08,Delayed,2025-09-10,2025-09-13
SHP002126,CUST03631,PART2246,BR0172,BR4887,2025-09-23,Standard,Clothing,5.1,1086,769.5,Delivered,2025-09-27,2025-09-27
SHP002127,CUST02706,PART1758,BR2506,BR1477,2025-03-13,Standard,Food,8.56,283,403.97,Delayed,2025-03-17,2025-03-19
SHP002128,CUST03713,PART3622,BR0146,BR2532,2025-11-09,Standard,Clothing,4.86,1067,753.77,Cancelled,2025-11-13,
SHP002129,CUST01463,PART4349,BR0992,BR0147,2025-11-01,Standard,Electronics,2.34,659,473.93,In Transit,2025-11-05,
SHP002130,CUST03073,PART3492,BR4618,BR4991,2025-07-13,Same Day,Electronics,7.68,2095,1511.21,Delayed,2025-07-14,2025-07-15
SHP002131,CUST01570,PART3624,BR1332,BR1954,2025-12-15,Standard,Parcel,2.43,1962,1192.56,Delayed,2025-12-19,2025-12-18
SHP002132,CUST01252,PART1002,BR0078,BR1557,2025-10-02,Standard,Clothing,11.31,534,602.52,Delivered,2025-10-06,2025-10-05
SHP002133,CUST01152,PART3181,BR4678,BR1729,2025-11-08,Standard,Food,1.61,1248,781.82,In Transit,2025-11-12,
SHP002134,CUST00970,PART1444,BR3964,BR4858,2025-07-08,Economy,Electronics,0.46,1704,1007.32,In Transit,2025-07-15,
SHP002135,CUST03871,PART2756,BR2167,BR4854,2025-08-25,Economy,Clothing,3.4,1683,1060.45,Delivered,2025-09-01,2025-09-02
SHP002136,CUST00092,PART4277,BR3861,BR0423,2025-06-01,Same Day,Food,4.8,1994,1392.3,Out for Delivery,2025-06-02,
SHP002137,CUST00476,PART1881,BR0646,BR2306,2025-01-06,Economy,Food,3.74,1675,1063.53,Delivered,2025-01-13,2025-01-15
SHP002138,CUST04789,PART3606,BR1746,BR3195,2025-07-29,Standard,Food,2.45,802,555.0,Delivered,2025-08-02,2025-08-04
SHP002139,CUST03008,PART2884,BR2092,BR2604,2025-10-26,Economy,Clothing,4.97,153,253.49,Delivered,2025-11-02,2025-11-02
SHP002140,CUST01010,PART0613,BR0065,BR3088,2025-03-18,Standard,Food,6.64,1160,844.08,Delivered,2025-03-22,2025-03-24
SHP002141,CUST00971,PART4385,BR0677,BR2491,2025-02-13,Standard,Clothing,2.4,1242,795.9,Delivered,2025-02-17,2025-02-16
SHP002142,CUST01257,PART4871,BR1534,BR1647,2025-04-19,Standard,Food,6.19,1935,1260.43,Delivered,2025-04-23,2025-04-22
SHP002143,CUST00273,PART4614,BR4823,BR3073,2025-05-08,Standard,Clothing,2.74,2102,1276.38,In Transit,2025-05-12,
SHP002144,CUST00160,PART0013,BR2459,BR1013,2025-03-21,Economy,Electronics,0.75,1395,843.75,Delivered,2025-03-28,2025-03-31
SHP002145,CUST02375,PART2446,BR3684,BR1703,2025-01-20,Standard,Fragile,3.76,1303,859.37,Delivered,2025-01-24,2025-01-23
SHP002146,CUST00023,PART4219,BR0429,BR4150,2025-09-16,Express,Clothing,4.06,1060,812.32,Delivered,2025-09-18,2025-09-21
SHP002147,CUST03996,PART1397,BR3540,BR1825,2025-12-25,Express,Electronics,0.48,1015,708.81,Delivered,2025-12-27,2025-12-29
SHP002148,CUST01658,PART1108,BR0972,BR2889,2025-06-18,Express,Food,3.84,432,462.08,Out for Delivery,2025-06-20,
SHP002149,CUST01208,PART4919,BR3107,BR4002,2025-04-04,Standard,Fragile,3.08,31,144.81,Delivered,2025-04-08,2025-04-07
SHP002150,CUST04070,PART3560,BR4993,BR0209,2025-11-30,Economy,Electronics,6.18,703,582.61,Returned,2025-12-07,2025-12-07
SHP002151,CUST04495,PART4109,BR0928,BR1102,2025-06-24,Same Day,Food,3.64,658,631.98,Out for Delivery,2025-06-25,
SHP002152,CUST03588,PART3842,BR1668,BR3217,2025-04-03,Same Day,Electronics,1.12,634,563.34,Delivered,2025-04-04,2025-04-07
SHP002153,CUST04879,PART3499,BR1330,BR4853,2025-07-16,Economy,Parcel,5.45,1123,797.55,Delivered,2025-07-23,2025-07-22
SHP002154,CUST02984,PART2942,BR0729,BR1843,2025-01-04,Standard,Document,1.39,90,140.08,Delivered,2025-01-08,2025-01-09
SHP002155,CUST03609,PART2997,BR0083,BR1402,2025-12-18,Express,Food,2.3,486,457.9,Delivered,2025-12-20,2025-12-20
SHP002156,CUST03713,PART3847,BR0430,BR2427,2025-06-04,Same Day,Clothing,2.19,1398,1007.08,Delivered,2025-06-05,2025-06-09
SHP002157,CUST04764,PART4279,BR3276,BR2699,2025-04-07,Standard,Document,2.53,235,244.91,Out for Delivery,2025-04-11,
SHP002158,CUST04620,PART3896,BR4473,BR1446,2025-07-27,Economy,Electronics,6.33,1746,1159.56,Returned,2025-08-03,2025-08-05
SHP002159,CUST02457,PART0747,BR2021,BR3412,2025-07-24,Same Day,Fragile,2.1,2135,1410.45,Out for Delivery,2025-07-25,
SHP002160,CUST00760,PART4432,BR1907,BR2121,2025-04-24,Express,Food,2.14,869,665.03,Out for Delivery,2025-04-26,
SHP002161,CUST04471,PART3237,BR4727,BR4447,2025-05-02,Standard,Document,5.37,1139,804.59,Returned,2025-05-06,2025-05-10
SHP002162,CUST04059,PART0182,BR3037,BR1351,2025-03-12,Express,Clothing,9.0,1326,1067.3,Delivered,2025-03-14,2025-03-16
SHP002163,CUST04959,PART1463,BR2259,BR3051,2025-10-21,Standard,Electronics,4.76,1477,977.07,Delivered,2025-10-25,2025-10-27
SHP002164,CUST03150,PART0691,BR0878,BR3302,2025-07-27,Standard,Document,3.58,1733,1091.91,Delayed,2025-07-31,2025-07-31
SHP002165,CUST00582,PART4052,BR3147,BR2251,2025-03-28,Standard,Document,3.16,68,166.92,Delivered,2025-04-01,2025-04-02
SHP002166,CUST00385,PART3197,BR0794,BR2605,2025-08-20,Same Day,Fragile,2.45,860,716.9,Delivered,2025-08-21,2025-08-24
SHP002167,CUST01720,PART2965,BR1987,BR2240,2025-12-06,Standard,Electronics,1.69,1841,1109.73,Delivered,2025-12-10,2025-12-14
SHP002168,CUST03067,PART0051,BR1086,BR3552,2025-02-17,Express,Food,2.8,199,311.05,In Transit,2025-02-19,
SHP002169,CUST01718,PART2111,BR3306,BR4088,2025-10-19,Standard,Document,3.58,122,205.86,In Transit,2025-10-23,
SHP002170,CUST01079,PART1391,BR4693,BR1727,2025-02-15,Same Day,Clothing,3.56,1107,877.17,Out for Delivery,2025-02-16,
SHP002171,CUST04021,PART2994,BR1846,BR1059,2025-09-17,Standard,Electronics,2.27,2137,1285.29,In Transit,2025-09-21,
SHP002172,CUST01342,PART0914,BR1051,BR4809,2025-11-15,Standard,Parcel,5.27,280,329.94,In Transit,2025-11-19,
SHP002173,CUST04268,PART4112,BR4989,BR3462,2025-06-11,Standard,Electronics,2.36,1627,1006.77,In Transit,2025-06-15,
SHP002174,CUST02638,PART2143,BR2401,BR2108,2025-12-04,Express,Parcel,4.48,527,528.41,Delivered,2025-12-06,2025-12-07
SHP002175,CUST01879,PART0093,BR0067,BR2778,2025-08-03,Standard,Food,1.62,374,301.34,In Transit,2025-08-07,
SHP002176,CUST00249,PART3521,BR3984,BR0842,2025-02-23,Same Day,Electronics,0.75,1120,822.5,Delivered,2025-02-24,2025-02-27
SHP002177,CUST00935,PART2063,BR1475,BR2484,2025-10-02,Standard,Document,10.36,614,625.62,Delivered,2025-10-06,2025-10-05
SHP002178,CUST03940,PART4952,BR1087,BR1765,2025-07-31,Economy,Document,3.56,376,345.12,Delivered,2025-08-07,2025-08-06
SHP002179,CUST01829,PART0850,BR2981,BR2928,2025-04-29,Express,Document,12.67,1784,1399.94,In Transit,2025-05-01,
SHP002180,CUST04508,PART1132,BR4867,BR1126,2025-11-13,Express,Electronics,3.96,2088,1375.52,Delivered,2025-11-15,2025-11-14
SHP002181,CUST04778,PART0812,BR3575,BR0868,2025-05-03,Express,Document,4.4,1324,965.0,Cancelled,2025-05-05,
SHP002182,CUST01381,PART1075,BR4020,BR2606,2025-03-28,Express,Parcel,6.73,1539,1134.51,Delivered,2025-03-30,2025-03-31
SHP002183,CUST04533,PART0865,BR3066,BR1712,2025-10-10,Express,Clothing,1.09,548,465.38,Delivered,2025-10-12,2025-10-14
SHP002184,CUST00211,PART4741,BR0553,BR1075,2025-01-18,Standard,Document,1.13,1826,1089.16,Delivered,2025-01-22,2025-01-23
SHP002185,CUST01445,PART3743,BR2519,BR1905,2025-04-02,Standard,Food,5.61,1665,1099.17,Delivered,2025-04-06,2025-04-05
SHP002186,CUST01774,PART4487,BR2798,BR0270,2025-09-03,Economy,Clothing,7.26,754,634.42,Delivered,2025-09-10,2025-09-10
SHP002187,CUST00711,PART3358,BR0446,BR4142,2025-01-09,Economy,Fragile,3.04,2104,1284.08,Delivered,2025-01-16,2025-01-18
SHP002188,CUST03028,PART2265,BR2738,BR1170,2025-12-11,Standard,Parcel,4.51,687,537.07,Delivered,2025-12-15,2025-12-16
SHP002189,CUST04107,PART1531,BR1803,BR1590,2025-07-30,Express,Document,1.41,931,683.07,Delivered,2025-08-01,2025-07-31
SHP002190,CUST03907,PART3474,BR1656,BR3536,2025-12-26,Economy,Clothing,5.65,1829,1190.25,Delayed,2026-01-02,2026-01-01
SHP002191,CUST02219,PART1342,BR0018,BR1896,2025-04-01,Standard,Document,3.25,1872,1161.1,In Transit,2025-04-05,
SHP002192,CUST01693,PART3202,BR2699,BR1474,2025-09-30,Express,Food,1.86,1458,982.82,Delivered,2025-10-02,2025-10-06
SHP002193,CUST00816,PART4130,BR1245,BR2655,2025-05-08,Express,Electronics,4.57,882,725.64,Cancelled,2025-05-10,
SHP002194,CUST02127,PART3352,BR1683,BR3177,2025-11-21,Economy,Document,5.08,350,364.26,Delayed,2025-11-28,2025-11-27
SHP002195,CUST01963,PART0367,BR4948,BR0801,2025-07-16,Express,Parcel,2.15,1882,1222.4,Delivered,2025-07-18,2025-07-22
SHP002196,CUST02345,PART2220,BR0496,BR2678,2025-09-04,Same Day,Document,8.97,1629,1283.29,Delivered,2025-09-05,2025-09-05
SHP002197,CUST01262,PART2954,BR2485,BR0578,2025-08-21,Standard,Parcel,3.24,743,539.93,In Transit,2025-08-25,
SHP002198,CUST04397,PART3743,BR1183,BR3727,2025-10-12,Express,Document,2.94,996,752.48,In Transit,2025-10-14,
SHP002199,CUST02518,PART4718,BR0039,BR3556,2025-02-03,Standard,Fragile,1.93,1333,835.61,Delivered,2025-02-07,2025-02-06
SHP002200,CUST01818,PART0433,BR1454,BR1188,2025-10-23,Standard,Electronics,3.97,498,421.24,Delivered,2025-10-27,2025-10-26
SHP002201,CUST01175,PART4573,BR0035,BR4059,2025-08-02,Standard,Food,0.99,401,302.33,Delivered,2025-08-06,2025-08-08
SHP002202,CUST01320,PART4906,BR2796,BR4273,2025-06-07,Express,Food,4.34,748,646.88,In Transit,2025-06-09,
SHP002203,CUST03766,PART3251,BR3010,BR4049,2025-01-28,Same Day,Electronics,1.66,1225,900.27,In Transit,2025-01-29,
SHP002204,CUST04050,PART3851,BR4825,BR3250,2025-10-27,Same Day,Fragile,5.02,323,478.09,Delivered,2025-10-28,2025-10-31
SHP002205,CUST01326,PART1772,BR0741,BR2856,2025-02-01,Standard,Electronics,1.27,1063,672.59,Delivered,2025-02-05,2025-02-09
SHP002206,CUST04186,PART4980,BR1205,BR0968,2025-10-20,Standard,Electronics,0.93,2109,1240.41,Delayed,2025-10-24,2025-10-24
SHP002207,CUST04141,PART0662,BR0699,BR3060,2025-02-18,Economy,Clothing,2.68,1797,1107.31,Delivered,2025-02-25,2025-03-01
SHP002208,CUST01669,PART4228,BR4452,BR4310,2025-08-10,Standard,Clothing,4.43,1932,1220.06,Delayed,2025-08-14,2025-08-16
SHP002209,CUST02974,PART1697,BR1007,BR3928,2025-08-14,Standard,Fragile,1.82,1097,703.39,Delivered,2025-08-18,2025-08-20
SHP002210,CUST04571,PART4847,BR1749,BR1344,2025-03-03,Express,Electronics,5.93,1650,1177.96,Delayed,2025-03-05,2025-03-07
SHP002211,CUST04035,PART4463,BR0370,BR1887,2025-08-24,Standard,Fragile,5.39,461,432.13,Delivered,2025-08-28,2025-08-28
SHP002212,CUST03970,PART2637,BR2535,BR1969,2025-07-07,Standard,Document,1.95,1361,851.45,Out for Delivery,2025-07-11,
SHP002213,CUST03877,PART2635,BR2108,BR1789,2025-09-21,Standard,Document,4.06,11,155.37,Delivered,2025-09-25,2025-09-25
SHP002214,CUST02199,PART0955,BR3472,BR4951,2025-03-30,Standard,Parcel,0.51,1464,876.42,Delivered,2025-04-03,2025-04-07
SHP002215,CUST02323,PART2561,BR1869,BR2365,2025-02-13,Express,Food,7.52,360,503.44,Delivered,2025-02-15,2025-02-15
SHP002216,CUST02592,PART4949,BR4723,BR2419,2025-04-29,Standard,Fragile,1.94,196,210.48,Delivered,2025-05-03,2025-05-04
SHP002217,CUST02685,PART3832,BR0701,BR0442,2025-12-20,Standard,Parcel,0.99,1043,655.43,Delivered,2025-12-24,2025-12-27
SHP002218,CUST02489,PART0755,BR0135,BR0203,2025-01-19,Standard,Food,2.58,1303,833.41,Delayed,2025-01-23,2025-01-26
SHP002219,CUST04098,PART3923,BR3355,BR4525,2025-09-11,Economy,Document,2.85,1426,907.0,Delivered,2025-09-18,2025-09-21
SHP002220,CUST00630,PART1838,BR4796,BR2309,2025-01-24,Economy,Fragile,5.15,1385,935.05,Delivered,2025-01-31,2025-02-02
SHP002221,CUST04186,PART4651,BR2905,BR0232,2025-12-29,Standard,Fragile,1.8,1028,665.0,In Transit,2026-01-02,
SHP002222,CUST00661,PART1794,BR3571,BR2230,2025-04-05,Express,Fragile,3.34,1684,1139.68,Delivered,2025-04-07,2025-04-08
SHP002223,CUST00030,PART0815,BR1321,BR2032,2025-10-05,Standard,Document,4.21,1525,991.37,Delivered,2025-10-09,2025-10-09
SHP002224,CUST01140,PART3257,BR0250,BR0227,2025-03-08,Economy,Clothing,4.14,1496,973.88,Delivered,2025-03-15,2025-03-19
SHP002225,CUST00826,PART2614,BR4884,BR1507,2025-07-12,Economy,Electronics,0.67,1758,1041.64,Delivered,2025-07-19,2025-07-21
SHP002226,CUST00280,PART0486,BR2833,BR2633,2025-03-15,Standard,Electronics,2.38,249,249.31,Delivered,2025-03-19,2025-03-21
SHP002227,CUST00703,PART2960,BR0816,BR4640,2025-07-17,Economy,Parcel,3.62,1551,992.69,Delivered,2025-07-24,2025-07-25
SHP002228,CUST03647,PART1210,BR4488,BR4349,2025-10-25,Standard,Clothing,5.93,1819,1190.91,In Transit,2025-10-29,
SHP002229,CUST04068,PART3015,BR1066,BR2980,2025-03-02,Express,Electronics,2.78,2143,1379.81,Delayed,2025-03-04,2025-03-07
SHP002230,CUST02399,PART0169,BR0650,BR4326,2025-03-12,Express,Clothing,5.31,72,296.42,Out for Delivery,2025-03-14,
SHP002231,CUST02441,PART2600,BR3971,BR2194,2025-11-25,Standard,Clothing,2.57,302,282.64,Delivered,2025-11-29,2025-11-29
SHP002232,CUST01774,PART3972,BR1467,BR0491,2025-07-03,Express,Food,2.73,1488,1018.46,In Transit,2025-07-05,
SHP002233,CUST04886,PART3186,BR3027,BR2478,2025-08-02,Standard,Parcel,1.49,541,390.33,Delivered,2025-08-06,2025-08-09
SHP002234,CUST01667,PART4956,BR2706,BR3843,2025-03-18,Standard,Fragile,1.45,1734,1045.6,Out for Delivery,2025-03-22,
SHP002235,CUST04071,PART4575,BR4968,BR1242,2025-06-27,Express,Fragile,2.97,1453,1004.49,Out for Delivery,2025-06-29,
SHP002236,CUST01826,PART0980,BR4420,BR2580,2025-10-22,Standard,Electronics,6.66,1332,939.12,Delivered,2025-10-26,2025-10-26
SHP002237,CUST02036,PART0587,BR1163,BR2221,2025-08-10,Standard,Document,2.24,629,455.23,Delivered,2025-08-14,2025-08-13
SHP002238,CUST02750,PART2113,BR4383,BR0061,2025-06-18,Express,Document,5.88,1417,1048.71,Delivered,2025-06-20,2025-06-22
SHP002239,CUST03287,PART3484,BR0321,BR4661,2025-04-30,Standard,Document,3.07,1611,1013.59,In Transit,2025-05-04,
SHP002240,CUST03177,PART2068,BR0788,BR1568,2025-10-26,Express,Food,9.83,2165,1547.01,Delivered,2025-10-28,2025-11-01
SHP002241,CUST02865,PART0356,BR2810,BR3335,2025-11-02,Standard,Document,3.34,422,365.58,Delivered,2025-11-06,2025-11-10
SHP002242,CUST04936,PART3905,BR0597,BR0813,2025-06-08,Express,Fragile,0.84,1169,801.43,Delivered,2025-06-10,2025-06-13
SHP002243,CUST00702,PART4284,BR0627,BR3278,2025-01-26,Standard,Clothing,2.94,516,408.48,In Transit,2025-01-30,
SHP002244,CUST01364,PART0771,BR1057,BR0717,2025-07-08,Standard,Parcel,7.13,1513,1049.01,Delivered,2025-07-12,2025-07-15
SHP002245,CUST00662,PART1013,BR2567,BR2216,2025-07-27,Economy,Food,1.68,214,214.66,Delivered,2025-08-03,2025-08-06
SHP002246,CUST04319,PART0056,BR0505,BR3265,2025-03-22,Standard,Fragile,5.16,1947,1244.37,Delivered,2025-03-26,2025-03-25
SHP002247,CUST03143,PART3256,BR2978,BR3394,2025-01-02,Same Day,Document,1.86,888,719.32,Delivered,2025-01-03,2025-01-03
SHP002248,CUST01309,PART3109,BR0178,BR2189,2025-12-12,Standard,Fragile,11.07,1239,984.99,Delivered,2025-12-16,2025-12-19
SHP002249,CUST04184,PART0843,BR0173,BR3305,2025-09-09,Same Day,Fragile,2.73,248,386.46,Delivered,2025-09-10,2025-09-09
SHP002250,CUST01808,PART4941,BR2912,BR1584,2025-04-20,Express,Electronics,3.72,519,507.29,Delivered,2025-04-22,2025-04-21
SHP002251,CUST02593,PART3235,BR2518,BR4694,2025-09-19,Standard,Fragile,2.64,569,431.03,In Transit,2025-09-23,
SHP002252,CUST01553,PART0702,BR0616,BR3451,2025-08-18,Standard,Food,5.05,1564,1031.3,Delivered,2025-08-22,2025-08-21
SHP002253,CUST04321,PART4165,BR3772,BR3444,2025-05-27,Express,Electronics,1.82,673,550.19,Delivered,2025-05-29,2025-05-31
SHP002254,CUST00379,PART3516,BR1821,BR0115,2025-03-14,Same Day,Electronics,2.13,409,461.81,Delivered,2025-03-15,2025-03-18
SHP002255,CUST00793,PART3511,BR0222,BR4845,2025-07-13,Express,Clothing,1.55,1599,1053.55,Delivered,2025-07-15,2025-07-19
SHP002256,CUST03444,PART3346,BR4236,BR1161,2025-08-17,Standard,Clothing,3.2,1078,723.3,In Transit,2025-08-21,
SHP002257,CUST04379,PART0307,BR1449,BR0126,2025-06-10,Express,Parcel,0.97,691,541.39,Delivered,2025-06-12,2025-06-15
SHP002258,CUST04415,PART0722,BR2749,BR4217,2025-06-03,Standard,Food,3.14,707,517.93,Delivered,2025-06-07,2025-06-10
SHP002259,CUST02108,PART2444,BR1558,BR3712,2025-03-03,Express,Document,4.51,258,381.12,Returned,2025-03-05,2025-03-05
SHP002260,CUST03190,PART2458,BR3762,BR2417,2025-10-31,Standard,Food,2.0,137,179.35,Delivered,2025-11-04,2025-11-06
SHP002261,CUST04731,PART3804,BR4229,BR0264,2025-05-01,Standard,Parcel,4.84,1936,1231.28,Cancelled,2025-05-05,
SHP002262,CUST04961,PART4975,BR3163,BR1578,2025-04-10,Economy,Fragile,6.94,203,324.33,Returned,2025-04-17,2025-04-21
SHP002263,CUST00927,PART0058,BR0581,BR4864,2025-05-23,Express,Electronics,5.15,1996,1351.1,In Transit,2025-05-25,
SHP002264,CUST00198,PART0229,BR0295,BR1736,2025-04-08,Standard,Clothing,3.28,906,630.46,Delivered,2025-04-12,2025-04-14
SHP002265,CUST04445,PART0287,BR0859,BR1296,2025-12-29,Standard,Parcel,3.6,1179,787.65,Out for Delivery,2026-01-02,
SHP002266,CUST04676,PART0324,BR1259,BR3508,2025-02-27,Standard,Parcel,5.25,144,254.7,Out for Delivery,2025-03-03,
SHP002267,CUST02299,PART4678,BR2152,BR4382,2025-08-05,Standard,Parcel,3.5,1167,778.85,In Transit,2025-08-09,
SHP002268,CUST04706,PART3321,BR0768,BR1367,2025-07-27,Economy,Food,3.22,683,506.49,Delivered,2025-08-03,2025-08-04
SHP002269,CUST00182,PART2609,BR0538,BR0135,2025-09-04,Express,Food,1.12,1076,756.44,In Transit,2025-09-06,
SHP002270,CUST04306,PART0849,BR2071,BR2090,2025-07-11,Standard,Fragile,7.02,2053,1343.59,Delayed,2025-07-15,2025-07-14
SHP002271,CUST03224,PART2724,BR1187,BR2752,2025-08-26,Standard,Clothing,3.47,1220,807.34,Delivered,2025-08-30,2025-08-29
SHP002272,CUST02862,PART2289,BR4537,BR2984,2025-02-11,Standard,Document,1.09,412,310.58,Delivered,2025-02-15,2025-02-18
SHP002273,CUST04034,PART1631,BR0483,BR3486,2025-01-03,Standard,Food,3.87,1855,1165.39,Delayed,2025-01-07,2025-01-09
SHP002274,CUST03673,PART4255,BR2239,BR3861,2025-03-16,Economy,Clothing,3.19,707,519.03,In Transit,2025-03-23,
SHP002275,CUST02805,PART2166,BR2979,BR2109,2025-05-15,Standard,Food,3.73,231,269.11,Delivered,2025-05-19,2025-05-21
SHP002276,CUST00363,PART4281,BR1882,BR1853,2025-05-30,Economy,Fragile,2.32,1727,1060.89,In Transit,2025-06-06,
SHP002277,CUST01127,PART4983,BR3807,BR0369,2025-10-25,Same Day,Fragile,4.7,949,815.35,In Transit,2025-10-26,
SHP002278,CUST04313,PART0362,BR2906,BR0432,2025-12-26,Express,Food,5.35,1777,1235.05,Delivered,2025-12-28,2025-12-27
SHP002279,CUST00356,PART3580,BR3149,BR0767,2025-01-14,Standard,Fragile,2.44,70,152.18,Delivered,2025-01-18,2025-01-20
SHP002280,CUST03009,PART2010,BR3282,BR2553,2025-03-12,Standard,Parcel,8.86,222,377.02,In Transit,2025-03-16,
SHP002281,CUST01106,PART0183,BR3199,BR4680,2025-08-28,Standard,Document,1.74,2154,1282.98,Delivered,2025-09-01,2025-09-04
SHP002282,CUST01865,PART2034,BR2529,BR1848,2025-04-25,Same Day,Electronics,3.2,535,554.65,Delivered,2025-04-26,2025-04-30
SHP002283,CUST03778,PART3934,BR3679,BR3769,2025-04-23,Standard,Food,2.48,941,632.11,In Transit,2025-04-27,
SHP002284,CUST00584,PART3910,BR3855,BR4619,2025-04-29,Same Day,Electronics,0.93,86,257.76,Delivered,2025-04-30,2025-04-30
SHP002285,CUST03121,PART0178,BR4543,BR3657,2025-03-12,Standard,Electronics,3.18,2030,1246.46,Delivered,2025-03-16,2025-03-18
SHP002286,CUST04102,PART2251,BR0688,BR4014,2025-09-09,Standard,Parcel,3.54,1555,993.13,Delivered,2025-09-13,2025-09-12
SHP002287,CUST00533,PART4591,BR1365,BR1684,2025-05-30,Standard,Fragile,5.65,648,540.7,In Transit,2025-06-03,
SHP002288,CUST04103,PART4493,BR1921,BR1060,2025-10-27,Express,Clothing,2.65,195,305.55,Returned,2025-10-29,2025-10-28
SHP002289,CUST01306,PART2236,BR2969,BR2666,2025-01-14,Express,Document,7.1,1427,1081.05,Delivered,2025-01-16,2025-01-15
SHP002290,CUST04005,PART4654,BR3450,BR1032,2025-10-01,Same Day,Clothing,3.77,1523,1110.59,Delivered,2025-10-02,2025-10-05
SHP002291,CUST01022,PART0678,BR2448,BR3485,2025-08-23,Standard,Document,7.6,1397,995.55,Delivered,2025-08-27,2025-08-28
SHP002292,CUST02667,PART4706,BR2400,BR1450,2025-04-17,Standard,Food,1.66,1457,897.87,In Transit,2025-04-21,
SHP002293,CUST04690,PART3190,BR0703,BR3584,2025-07-18,Economy,Parcel,1.37,241,222.69,Delivered,2025-07-25,2025-07-28
SHP002294,CUST02762,PART0883,BR3613,BR3803,2025-06-19,Standard,Food,2.89,1829,1129.53,In Transit,2025-06-23,
SHP002295,CUST03425,PART1660,BR1131,BR3478,2025-10-16,Standard,Fragile,8.74,715,645.53,Delayed,2025-10-20,2025-10-24
SHP002296,CUST03351,PART3349,BR0159,BR2654,2025-08-19,Standard,Food,4.38,1636,1056.16,Delivered,2025-08-23,2025-08-27
SHP002297,CUST00455,PART3457,BR0721,BR0902,2025-09-24,Same Day,Electronics,3.45,773,691.05,Delivered,2025-09-25,2025-09-25
SHP002298,CUST04008,PART0336,BR1597,BR4222,2025-09-07,Same Day,Parcel,1.58,1568,1087.16,Delivered,2025-09-08,2025-09-08
SHP002299,CUST00218,PART1575,BR3586,BR2218,2025-11-17,Standard,Clothing,0.88,2001,1179.91,Delivered,2025-11-21,2025-11-24
SHP002300,CUST02529,PART3565,BR3929,BR2877,2025-03-31,Standard,Document,8.15,467,496.15,In Transit,2025-04-04,
SHP002301,CUST04517,PART1155,BR0743,BR0191,2025-11-23,Express,Food,8.52,346,517.74,In Transit,2025-11-25,
SHP002302,CUST01590,PART1420,BR3149,BR2929,2025-06-11,Economy,Document,3.23,2122,1298.16,Delivered,2025-06-18,2025-06-17
SHP002303,CUST00120,PART0731,BR1155,BR1840,2025-05-16,Standard,Document,1.01,567,394.07,In Transit,2025-05-20,
SHP002304,CUST01157,PART1812,BR3712,BR2347,2025-11-16,Economy,Parcel,2.26,1523,947.37,Delivered,2025-11-23,2025-11-25
SHP002305,CUST04023,PART2240,BR1148,BR4229,2025-04-03,Express,Document,6.12,493,545.79,In Transit,2025-04-05,
SHP002306,CUST02870,PART2400,BR0629,BR1657,2025-07-19,Standard,Document,6.56,1860,1227.32,Delivered,2025-07-23,2025-07-22
SHP002307,CUST04846,PART2602,BR0680,BR1296,2025-02-04,Same Day,Electronics,6.94,931,854.73,In Transit,2025-02-05,
SHP002308,CUST03595,PART0819,BR0115,BR1471,2025-02-15,Standard,Fragile,1.61,707,484.27,Delivered,2025-02-19,2025-02-19
SHP002309,CUST01114,PART2796,BR4508,BR1344,2025-05-27,Economy,Electronics,4.53,363,359.31,Returned,2025-06-03,2025-06-06
SHP002310,CUST02317,PART1057,BR0057,BR0865,2025-07-10,Standard,Food,6.0,322,369.1,In Transit,2025-07-14,
SHP002311,CUST04893,PART0719,BR3853,BR0484,2025-08-07,Standard,Clothing,7.56,1061,809.87,Delivered,2025-08-11,2025-08-13
SHP002312,CUST01198,PART0698,BR2413,BR3589,2025-10-23,Express,Document,2.94,512,486.28,Delayed,2025-10-25,2025-10-28
SHP002313,CUST00382,PART0068,BR0174,BR0587,2025-05-03,Standard,Clothing,6.54,790,638.38,Returned,2025-05-07,2025-05-11
SHP002314,CUST04210,PART2548,BR1214,BR3008,2025-02-11,Standard,Electronics,2.9,243,257.45,Delivered,2025-02-15,2025-02-14
SHP002315,CUST04635,PART1465,BR3341,BR0717,2025-02-13,Economy,Document,6.35,384,410.9,Delivered,2025-02-20,2025-02-20
SHP002316,CUST03495,PART3560,BR1508,BR4125,2025-12-06,Express,Fragile,8.55,1951,1401.15,Delivered,2025-12-08,2025-12-07
SHP002317,CUST04224,PART4151,BR4021,BR4483,2025-06-18,Standard,Clothing,2.43,1558,970.36,In Transit,2025-06-22,
SHP002318,CUST03475,PART3488,BR1941,BR4826,2025-05-23,Economy,Document,0.78,988,620.56,Delivered,2025-05-30,2025-05-29
SHP002319,CUST03735,PART2938,BR3966,BR0248,2025-11-04,Same Day,Fragile,1.58,846,690.06,Delayed,2025-11-05,2025-11-06
SHP002320,CUST01627,PART4261,BR1847,BR4031,2025-11-20,Same Day,Fragile,1.89,647,587.43,Delivered,2025-11-21,2025-11-22
SHP002321,CUST00341,PART4989,BR2927,BR0873,2025-07-01,Standard,Parcel,5.39,570,492.08,Delivered,2025-07-05,2025-07-04
SHP002322,CUST01032,PART1338,BR3536,BR3096,2025-03-17,Express,Parcel,4.53,135,313.91,Returned,2025-03-19,2025-03-20
SHP002323,CUST02329,PART3109,BR1786,BR3893,2025-11-30,Same Day,Parcel,1.97,875,714.59,Delivered,2025-12-01,2025-11-30
SHP002324,CUST01736,PART1182,BR1026,BR1734,2025-01-05,Express,Fragile,1.33,276,321.06,In Transit,2025-01-07,
SHP002325,CUST04510,PART1378,BR4656,BR2969,2025-06-03,Standard,Electronics,10.18,1023,846.61,Delivered,2025-06-07,2025-06-09
SHP002326,CUST02541,PART0862,BR3554,BR2493,2025-07-21,Economy,Food,2.27,1519,945.39,Delivered,2025-07-28,2025-07-28
SHP002327,CUST04828,PART2904,BR4762,BR2755,2025-09-02,Standard,Clothing,2.45,665,479.65,Delivered,2025-09-06,2025-09-07
SHP002328,CUST03134,PART4630,BR4810,BR4651,2025-09-25,Standard,Document,2.95,1563,984.55,Delayed,2025-09-29,2025-09-29
SHP002329,CUST01289,PART2797,BR2465,BR2012,2025-03-12,Standard,Parcel,4.44,251,295.73,Delivered,2025-03-16,2025-03-18
SHP002330,CUST01210,PART1486,BR0562,BR3932,2025-10-07,Economy,Document,0.91,645,434.77,Delivered,2025-10-14,2025-10-14
SHP002331,CUST03701,PART4004,BR1741,BR3482,2025-09-03,Standard,Clothing,3.29,970,665.88,Delivered,2025-09-07,2025-09-11
SHP002332,CUST01064,PART3892,BR2992,BR1138,2025-01-01,Same Day,Parcel,3.9,1595,1153.05,Delivered,2025-01-02,2025-01-01
SHP002333,CUST03530,PART4667,BR3302,BR1197,2025-01-23,Express,Parcel,0.52,1801,1141.99,Out for Delivery,2025-01-25,
SHP002334,CUST03390,PART4028,BR1211,BR4613,2025-05-20,Express,Electronics,5.33,2159,1444.71,Delivered,2025-05-22,2025-05-24
SHP002335,CUST02296,PART1132,BR1626,BR1276,2025-03-09,Standard,Clothing,7.06,1102,821.42,Returned,2025-03-13,2025-03-16
SHP002336,CUST02830,PART2464,BR3553,BR1222,2025-12-26,Express,Document,2.04,1526,1024.18,Out for Delivery,2025-12-28,
SHP002337,CUST03392,PART2258,BR4111,BR1766,2025-09-17,Standard,Document,1.85,1798,1089.6,Delivered,2025-09-21,2025-09-20
SHP002338,CUST04427,PART1643,BR1460,BR4252,2025-02-24,Standard,Parcel,2.02,2178,1302.34,Delayed,2025-02-28,2025-03-04
SHP002339,CUST01693,PART2777,BR3253,BR4594,2025-11-11,Standard,Fragile,6.32,1019,759.49,Delivered,2025-11-15,2025-11-14
SHP002340,CUST00058,PART2030,BR3034,BR3934,2025-09-07,Economy,Fragile,1.84,200,210.48,Delivered,2025-09-14,2025-09-15
SHP002341,CUST03091,PART1782,BR3821,BR3430,2025-07-04,Standard,Document,2.29,180,209.38,Delivered,2025-07-08,2025-07-08
SHP002342,CUST03888,PART0473,BR0621,BR4249,2025-07-08,Standard,Fragile,9.52,1833,1277.59,Delivered,2025-07-12,2025-07-12
SHP002343,CUST01853,PART4346,BR1425,BR2818,2025-05-14,Same Day,Clothing,4.06,1490,1098.82,Out for Delivery,2025-05-15,
SHP002344,CUST03150,PART4850,BR1011,BR2809,2025-10-27,Standard,Electronics,3.03,1775,1102.91,Delivered,2025-10-31,2025-11-01
SHP002345,CUST02341,PART4209,BR0746,BR3940,2025-03-06,Economy,Food,5.74,1401,956.83,In Transit,2025-03-13,
SHP002346,CUST01208,PART4591,BR1252,BR0691,2025-07-26,Express,Parcel,6.78,1402,1060.26,Delivered,2025-07-28,2025-07-29
SHP002347,CUST02519,PART2865,BR1373,BR1252,2025-03-13,Economy,Electronics,8.66,675,621.77,Returned,2025-03-20,2025-03-22
SHP002348,CUST04888,PART2312,BR0709,BR2671,2025-03-18,Express,Electronics,4.82,2128,1416.44,Delivered,2025-03-20,2025-03-22
SHP002349,CUST03485,PART2113,BR4089,BR3884,2025-03-23,Express,Clothing,7.45,1811,1299.95,Delayed,2025-03-25,2025-03-26
SHP002350,CUST04672,PART4973,BR0492,BR3824,2025-01-23,Express,Fragile,8.05,1934,1380.8,Delivered,2025-01-25,2025-01-28
SHP002351,CUST00585,PART4891,BR4439,BR4605,2025-04-21,Express,Parcel,3.72,383,432.49,Delivered,2025-04-23,2025-04-22
SHP002352,CUST04498,PART2543,BR0486,BR2804,2025-02-27,Standard,Electronics,1.18,827,540.81,Delivered,2025-03-03,2025-03-05
SHP002353,CUST02241,PART2218,BR4025,BR1680,2025-06-27,Same Day,Fragile,3.36,903,760.57,In Transit,2025-06-28,
SHP002354,CUST04504,PART3078,BR0408,BR4063,2025-08-09,Express,Fragile,4.49,382,448.88,In Transit,2025-08-11,
SHP002355,CUST00324,PART1955,BR1169,BR3701,2025-11-27,Standard,Clothing,3.49,131,208.83,Delivered,2025-12-01,2025-12-04
SHP002356,CUST00270,PART3855,BR0736,BR1096,2025-08-06,Express,Electronics,2.01,1478,997.12,Out for Delivery,2025-08-08,
SHP002357,CUST01270,PART2058,BR3910,BR1344,2025-06-27,Standard,Clothing,2.84,1353,866.63,Delayed,2025-07-01,2025-06-30
SHP002358,CUST04750,PART2862,BR1575,BR3903,2025-07-20,Economy,Document,3.43,1597,1013.81,Delivered,2025-07-27,2025-07-31
SHP002359,CUST04672,PART3069,BR1794,BR4476,2025-11-06,Standard,Parcel,2.38,1005,665.11,Delivered,2025-11-10,2025-11-11
SHP002360,CUST00474,PART2169,BR0434,BR0260,2025-09-28,Standard,Electronics,3.85,945,664.45,Delivered,2025-10-02,2025-10-03
SHP002361,CUST02604,PART2776,BR1737,BR0699,2025-09-09,Standard,Parcel,3.42,132,207.84,Delivered,2025-09-13,2025-09-17
SHP002362,CUST03637,PART3393,BR4713,BR0270,2025-06-27,Economy,Clothing,0.24,123,132.93,Returned,2025-07-04,2025-07-06
SHP002363,CUST03174,PART1912,BR4310,BR2017,2025-05-27,Express,Fragile,9.67,1635,1251.99,Delivered,2025-05-29,2025-05-29
SHP002364,CUST02885,PART1834,BR3835,BR4888,2025-06-26,Economy,Food,1.04,1134,706.58,Returned,2025-07-03,2025-07-06
SHP002365,CUST00773,PART3338,BR4196,BR0327,2025-02-21,Standard,Parcel,3.1,544,427.4,Delivered,2025-02-25,2025-02-28
SHP002366,CUST04693,PART4020,BR2735,BR0706,2025-12-23,Standard,Parcel,3.09,540,424.98,Out for Delivery,2025-12-27,
SHP002367,CUST03353,PART3860,BR3566,BR3551,2025-06-15,Economy,Clothing,2.31,1172,755.42,In Transit,2025-06-22,
SHP002368,CUST03326,PART1746,BR3903,BR3587,2025-03-29,Economy,Food,5.96,2108,1350.52,Delivered,2025-04-05,2025-04-05
SHP002369,CUST00381,PART4134,BR0039,BR3632,2025-12-28,Standard,Clothing,1.77,1125,717.69,Delayed,2026-01-01,2026-01-04
SHP002370,CUST02362,PART2177,BR4748,BR4949,2025-04-01,Express,Parcel,2.36,1752,1155.52,Delivered,2025-04-03,2025-04-07
SHP002371,CUST04026,PART0915,BR1668,BR4468,2025-12-15,Standard,Fragile,0.91,2089,1228.97,Delivered,2025-12-19,2025-12-23
SHP002372,CUST01638,PART2428,BR4339,BR0614,2025-08-08,Express,Fragile,2.54,984,737.08,Delivered,2025-08-10,2025-08-10
SHP002373,CUST01918,PART4544,BR2612,BR0981,2025-08-11,Standard,Document,0.55,967,603.95,Delivered,2025-08-15,2025-08-15
SHP002374,CUST01329,PART4394,BR4708,BR3213,2025-08-31,Standard,Electronics,0.56,1724,1020.52,In Transit,2025-09-04,
SHP002375,CUST04778,PART0045,BR4687,BR0373,2025-10-07,Standard,Fragile,2.27,921,616.49,Delivered,2025-10-11,2025-10-13
SHP002376,CUST02902,PART4397,BR4239,BR4450,2025-07-30,Standard,Food,1.01,1976,1169.02,In Transit,2025-08-03,
SHP002377,CUST02322,PART3004,BR0936,BR0658,2025-06-06,Express,Clothing,4.8,1397,1013.95,Delivered,2025-06-08,2025-06-12
SHP002378,CUST02163,PART1510,BR2996,BR0366,2025-02-12,Express,Fragile,5.17,1601,1134.29,Delivered,2025-02-14,2025-02-17
SHP002379,CUST03018,PART2081,BR0076,BR0700,2025-04-13,Express,Fragile,4.93,1405,1021.21,Delivered,2025-04-15,2025-04-15
SHP002380,CUST04568,PART3870,BR2128,BR0512,2025-10-29,Standard,Clothing,12.35,148,413.1,Delivered,2025-11-02,2025-11-03
SHP002381,CUST03184,PART3411,BR0006,BR1767,2025-09-12,Express,Electronics,2.88,275,354.61,Delivered,2025-09-14,2025-09-17
SHP002382,CUST04937,PART1334,BR0341,BR4595,2025-08-16,Same Day,Parcel,3.44,1156,901.48,Delivered,2025-08-17,2025-08-19
SHP002383,CUST00443,PART3282,BR3117,BR4235,2025-06-13,Standard,Electronics,9.08,622,601.86,In Transit,2025-06-17,
SHP002384,CUST04539,PART3148,BR0909,BR0695,2025-11-14,Standard,Parcel,0.97,1681,1005.89,Delivered,2025-11-18,2025-11-20
SHP002385,CUST04107,PART4232,BR1349,BR3174,2025-04-25,Economy,Parcel,11.34,989,853.43,Out for Delivery,2025-05-02,
SHP002386,CUST01969,PART0938,BR2644,BR3855,2025-10-04,Standard,Fragile,1.4,1414,868.5,Delivered,2025-10-08,2025-10-09
SHP002387,CUST02239,PART0912,BR4291,BR0270,2025-01-15,Standard,Document,4.86,1516,1000.72,Delivered,2025-01-19,2025-01-18
SHP002388,CUST04617,PART4123,BR1494,BR4195,2025-02-19,Standard,Document,5.01,1962,1249.32,In Transit,2025-02-23,
SHP002389,CUST01596,PART0312,BR2995,BR0302,2025-02-22,Standard,Clothing,9.58,1847,1286.61,Returned,2025-02-26,2025-02-28
SHP002390,CUST04681,PART3559,BR1119,BR1667,2025-05-03,Standard,Electronics,4.73,848,630.46,Delivered,2025-05-07,2025-05-10
SHP002391,CUST03890,PART2639,BR3471,BR3519,2025-07-17,Express,Clothing,2.4,1636,1092.6,Delivered,2025-07-19,2025-07-21
SHP002392,CUST03262,PART2081,BR3023,BR4735,2025-05-25,Standard,Fragile,5.83,435,427.51,In Transit,2025-05-29,
SHP002393,CUST01057,PART1184,BR1168,BR0436,2025-11-20,Standard,Electronics,1.61,1278,798.32,Returned,2025-11-24,2025-11-25
SHP002394,CUST04465,PART2075,BR4228,BR2096,2025-10-25,Express,Clothing,2.87,1362,952.24,Delivered,2025-10-27,2025-10-27
SHP002395,CUST04611,PART2383,BR3087,BR1581,2025-09-12,Express,Food,6.5,1461,1086.55,Delivered,2025-09-14,2025-09-17
SHP002396,CUST03777,PART0699,BR3340,BR2646,2025-04-16,Standard,Food,1.9,206,215.1,Delivered,2025-04-20,2025-04-20
SHP002397,CUST02170,PART0162,BR0036,BR0290,2025-02-27,Standard,Document,2.74,1879,1153.73,Delivered,2025-03-03,2025-03-05
SHP002398,CUST04884,PART2760,BR0680,BR3820,2025-10-21,Economy,Food,1.24,1353,831.43,Delivered,2025-10-28,2025-10-27
SHP002399,CUST00024,PART3146,BR2178,BR4469,2025-07-11,Express,Clothing,5.95,1946,1341.2,Delivered,2025-07-13,2025-07-12
SHP002400,CUST02422,PART2558,BR1476,BR4854,2025-06-23,Standard,Electronics,2.63,1148,749.26,In Transit,2025-06-27,
SHP002401,CUST03874,PART4025,BR1220,BR0580,2025-11-15,Express,Parcel,4.18,425,465.71,Delivered,2025-11-17,2025-11-19
SHP002402,CUST00105,PART2800,BR3312,BR4700,2025-02-13,Economy,Clothing,5.76,1587,1059.57,Delivered,2025-02-20,2025-02-23
SHP002403,CUST02236,PART1242,BR0501,BR1573,2025-02-09,Economy,Parcel,4.09,1296,862.78,Returned,2025-02-16,2025-02-17
SHP002404,CUST04034,PART3289,BR3312,BR0548,2025-01-11,Same Day,Fragile,1.41,944,740.22,In Transit,2025-01-12,
SHP002405,CUST01483,PART2548,BR4771,BR3107,2025-04-03,Same Day,Parcel,1.91,152,315.62,Out for Delivery,2025-04-04,
SHP002406,CUST00880,PART2492,BR3102,BR0492,2025-01-14,Economy,Fragile,9.51,1421,1050.77,Delivered,2025-01-21,2025-01-22
SHP002407,CUST03030,PART2402,BR4133,BR2362,2025-08-02,Express,Electronics,3.68,1429,1006.91,Delivered,2025-08-04,2025-08-08
SHP002408,CUST01239,PART1938,BR4772,BR1335,2025-12-10,Express,Parcel,5.61,1093,864.57,Delivered,2025-12-12,2025-12-13
SHP002409,CUST00675,PART1164,BR4918,BR1484,2025-03-06,Express,Clothing,3.38,1535,1058.61,Delivered,2025-03-08,2025-03-12
SHP002410,CUST03706,PART2535,BR4412,BR2191,2025-07-30,Economy,Food,0.99,1856,1102.58,Delivered,2025-08-06,2025-08-06
SHP002411,CUST03240,PART2372,BR3437,BR4994,2025-12-18,Standard,Parcel,2.3,2036,1230.4,Delayed,2025-12-22,2025-12-23
SHP002412,CUST00074,PART2012,BR0462,BR4529,2025-05-22,Standard,Food,4.07,122,216.64,Delayed,2025-05-26,2025-05-29
SHP002413,CUST04123,PART1735,BR0580,BR2977,2025-09-18,Same Day,Food,1.63,2098,1379.76,Delivered,2025-09-19,2025-09-20
SHP002414,CUST00267,PART4855,BR3942,BR0335,2025-11-23,Standard,Document,2.17,1673,1027.89,Delivered,2025-11-27,2025-11-29
SHP002415,CUST00576,PART3133,BR0063,BR2021,2025-12-27,Standard,Electronics,0.99,741,489.33,Returned,2025-12-31,2025-12-31
SHP002416,CUST00710,PART1192,BR2558,BR3411,2025-07-31,Standard,Fragile,5.08,396,389.56,In Transit,2025-08-04,
SHP002417,CUST03444,PART3870,BR4593,BR2884,2025-03-09,Economy,Clothing,2.75,202,231.6,Out for Delivery,2025-03-16,
SHP002418,CUST01679,PART2484,BR1500,BR4147,2025-11-21,Express,Electronics,3.78,177,320.51,Delivered,2025-11-23,2025-11-27
SHP002419,CUST02113,PART4758,BR3840,BR4278,2025-11-19,Same Day,Parcel,3.53,1940,1334.66,Delivered,2025-11-20,2025-11-21
SHP002420,CUST04010,PART3132,BR4045,BR4084,2025-11-01,Standard,Clothing,0.93,1917,1134.81,In Transit,2025-11-05,
SHP002421,CUST03218,PART0534,BR4263,BR4181,2025-04-03,Express,Clothing,1.46,79,215.57,Delivered,2025-04-05,2025-04-04
SHP002422,CUST04054,PART2684,BR2619,BR4972,2025-10-21,Economy,Electronics,2.98,837,585.91,In Transit,2025-10-28,
SHP002423,CUST03235,PART3052,BR4234,BR0360,2025-10-31,Economy,Food,0.5,767,492.85,Delivered,2025-11-07,2025-11-08
SHP002424,CUST03596,PART3164,BR0249,BR0841,2025-01-30,Economy,Parcel,2.21,1074,699.32,In Transit,2025-02-06,
SHP002425,CUST04734,PART1556,BR2507,BR3553,2025-12-24,Same Day,Electronics,6.67,322,513.84,Delivered,2025-12-25,2025-12-25
SHP002426,CUST02753,PART3699,BR4178,BR2038,2025-04-25,Economy,Parcel,1.41,1536,935.82,In Transit,2025-05-02,
SHP002427,CUST00892,PART0924,BR1964,BR4555,2025-06-19,Standard,Clothing,8.45,631,592.95,In Transit,2025-06-23,
SHP002428,CUST00377,PART2181,BR0318,BR1350,2025-03-15,Standard,Electronics,4.11,1255,840.67,Cancelled,2025-03-19,
SHP002429,CUST02359,PART1110,BR1245,BR1324,2025-06-01,Express,Fragile,1.03,1159,800.11,Delivered,2025-06-03,2025-06-06
SHP002430,CUST03775,PART1656,BR4106,BR3833,2025-01-11,Express,Electronics,3.64,884,706.28,Delayed,2025-01-13,2025-01-17
SHP002431,CUST03794,PART2606,BR1484,BR2184,2025-09-20,Economy,Document,8.97,819,707.79,Delivered,2025-09-27,2025-09-29
SHP002432,CUST01488,PART0151,BR4116,BR4791,2025-04-30,Express,Document,2.74,1418,980.18,Delivered,2025-05-02,2025-05-03
SHP002433,CUST00880,PART4603,BR2865,BR3450,2025-10-05,Standard,Parcel,6.85,93,261.85,Delivered,2025-10-09,2025-10-09
SHP002434,CUST01691,PART4231,BR1826,BR2010,2025-12-08,Economy,Electronics,4.06,1498,973.22,Delivered,2025-12-15,2025-12-19
SHP002435,CUST01526,PART1640,BR2800,BR4767,2025-06-08,Standard,Electronics,1.56,2066,1230.62,Delivered,2025-06-12,2025-06-12
SHP002436,CUST04968,PART0990,BR0634,BR4345,2025-06-17,Standard,Food,1.28,773,513.31,In Transit,2025-06-21,
SHP002437,CUST02949,PART1454,BR2448,BR4830,2025-05-11,Standard,Document,1.65,616,435.1,Delivered,2025-05-15,2025-05-14
SHP002438,CUST04308,PART0307,BR1643,BR4139,2025-08-18,Same Day,Food,1.98,2057,1364.91,Delivered,2025-08-19,2025-08-19
SHP002439,CUST03465,PART4371,BR3825,BR1276,2025-03-30,Express,Document,3.47,1795,1203.59,In Transit,2025-04-01,
SHP002440,CUST00017,PART2703,BR0549,BR0893,2025-10-25,Standard,Fragile,2.8,1570,985.1,In Transit,2025-10-29,
SHP002441,CUST00515,PART2810,BR0842,BR4371,2025-12-14,Express,Clothing,10.97,268,528.74,Delivered,2025-12-16,2025-12-20
SHP002442,CUST00666,PART3947,BR3705,BR2721,2025-09-30,Express,Fragile,1.56,1741,1131.87,In Transit,2025-10-02,
SHP002443,CUST02889,PART1776,BR3406,BR2977,2025-09-17,Same Day,Electronics,3.27,310,432.44,In Transit,2025-09-18,
SHP002444,CUST03110,PART0616,BR3496,BR1564,2025-12-06,Standard,Clothing,2.89,46,148.88,Delivered,2025-12-10,2025-12-11
SHP002445,CUST04370,PART1015,BR1329,BR3603,2025-09-08,Standard,Parcel,2.3,1579,979.05,Delivered,2025-09-12,2025-09-13
SHP002446,CUST03366,PART3629,BR3623,BR0023,2025-10-24,Express,Document,3.79,120,289.38,In Transit,2025-10-26,
SHP002447,CUST00487,PART0419,BR4400,BR4641,2025-04-23,Express,Parcel,2.82,1250,889.54,In Transit,2025-04-25,
SHP002448,CUST00148,PART0392,BR3840,BR3464,2025-03-31,Economy,Fragile,8.26,139,318.17,Delivered,2025-04-07,2025-04-09
SHP002449,CUST01244,PART2816,BR4643,BR0918,2025-02-03,Express,Fragile,4.9,1362,996.9,Delivered,2025-02-05,2025-02-04
SHP002450,CUST03996,PART0019,BR4636,BR0808,2025-11-24,Standard,Clothing,4.13,2151,1333.91,Delivered,2025-11-28,2025-11-27
SHP002451,CUST04402,PART3494,BR0936,BR3555,2025-04-11,Economy,Parcel,3.39,488,402.98,Delivered,2025-04-18,2025-04-20
SHP002452,CUST03674,PART0245,BR0377,BR0221,2025-04-22,Economy,Clothing,1.56,1829,1100.27,In Transit,2025-04-29,
SHP002453,CUST03924,PART3079,BR1298,BR2589,2025-09-17,Standard,Fragile,4.97,777,596.69,Delivered,2025-09-21,2025-09-23
SHP002454,CUST03991,PART2396,BR2803,BR1214,2025-10-17,Express,Food,1.21,2193,1372.77,Delivered,2025-10-19,2025-10-19
SHP002455,CUST00846,PART1587,BR0180,BR4600,2025-06-05,Standard,Electronics,3.72,1076,733.64,Returned,2025-06-09,2025-06-10
SHP002456,CUST02337,PART3501,BR4541,BR0020,2025-08-26,Economy,Food,3.46,2094,1287.82,Delivered,2025-09-02,2025-09-05
SHP002457,CUST04248,PART2465,BR1613,BR4249,2025-03-10,Standard,Clothing,2.83,562,431.36,Out for Delivery,2025-03-14,
SHP002458,CUST00168,PART1666,BR3395,BR2724,2025-06-06,Economy,Fragile,8.08,211,353.81,In Transit,2025-06-13,
SHP002459,CUST01796,PART3791,BR1839,BR3277,2025-06-13,Standard,Fragile,2.98,162,214.66,Delivered,2025-06-17,2025-06-21
SHP002460,CUST01014,PART3333,BR0292,BR2726,2025-02-12,Same Day,Clothing,4.18,2008,1386.36,Delivered,2025-02-13,2025-02-17
SHP002461,CUST00365,PART3815,BR0653,BR0886,2025-01-06,Standard,Parcel,6.9,650,569.3,Delivered,2025-01-10,2025-01-14
SHP002462,CUST03246,PART4786,BR3727,BR2394,2025-08-10,Express,Parcel,2.88,250,340.86,Delivered,2025-08-12,2025-08-13
SHP002463,CUST00983,PART3851,BR0563,BR2002,2025-02-21,Express,Document,8.69,649,688.13,In Transit,2025-02-23,
SHP002464,CUST00262,PART2756,BR1746,BR3736,2025-04-30,Standard,Electronics,5.43,280,333.46,Delivered,2025-05-04,2025-05-05
SHP002465,CUST04069,PART3537,BR4106,BR2567,2025-10-22,Standard,Electronics,2.38,596,440.16,Delivered,2025-10-26,2025-10-28
SHP002466,CUST04406,PART2369,BR0969,BR1299,2025-04-20,Standard,Food,2.54,1666,1032.18,In Transit,2025-04-24,
SHP002467,CUST00337,PART2061,BR4739,BR2518,2025-05-22,Standard,Parcel,2.97,202,236.44,Delivered,2025-05-26,2025-05-30
SHP002468,CUST02703,PART2024,BR4253,BR4929,2025-10-28,Express,Electronics,4.79,92,295.98,In Transit,2025-10-30,
SHP002469,CUST04891,PART1443,BR2033,BR4675,2025-08-06,Standard,Food,7.27,1299,934.39,Returned,2025-08-10,2025-08-09
SHP002470,CUST02271,PART4002,BR2551,BR1579,2025-03-31,Standard,Parcel,1.41,1746,1051.32,Delivered,2025-04-04,2025-04-08
SHP002471,CUST02471,PART0375,BR3871,BR1538,2025-09-08,Same Day,Clothing,1.11,784,645.62,Delivered,2025-09-09,2025-09-08
SHP002472,CUST03579,PART0434,BR0608,BR1358,2025-05-04,Standard,Parcel,1.83,1941,1167.81,Cancelled,2025-05-08,
SHP002473,CUST04778,PART0357,BR4421,BR0016,2025-09-29,Standard,Food,5.95,321,367.45,Delivered,2025-10-03,2025-10-02
SHP002474,CUST02232,PART4727,BR3953,BR3833,2025-09-27,Standard,Fragile,4.67,544,461.94,In Transit,2025-10-01,
SHP002475,CUST00368,PART1982,BR4580,BR2413,2025-04-15,Standard,Fragile,3.93,1776,1123.26,Delivered,2025-04-19,2025-04-20
SHP002476,CUST04631,PART3081,BR4443,BR0650,2025-10-09,Standard,Fragile,4.17,1123,769.39,Out for Delivery,2025-10-13,
SHP002477,CUST03428,PART4592,BR1333,BR1344,2025-06-19,Express,Clothing,2.18,1225,861.71,Delivered,2025-06-21,2025-06-23
SHP002478,CUST02861,PART2852,BR1646,BR2316,2025-03-06,Same Day,Food,4.81,177,393.17,Delivered,2025-03-07,2025-03-10
SHP002479,CUST00954,PART0036,BR1022,BR3309,2025-05-07,Same Day,Document,0.64,1235,883.33,Out for Delivery,2025-05-08,
SHP002480,CUST00119,PART1192,BR2338,BR1599,2025-08-22,Express,Fragile,5.61,615,601.67,Delivered,2025-08-24,2025-08-28
SHP002481,CUST02738,PART1318,BR0833,BR4019,2025-02-20,Standard,Clothing,8.43,1518,1080.36,In Transit,2025-02-24,
SHP002482,CUST01937,PART0755,BR3168,BR2166,2025-11-15,Economy,Electronics,7.9,1417,1013.15,Delivered,2025-11-22,2025-11-25
SHP002483,CUST04067,PART3167,BR4514,BR0370,2025-08-03,Standard,Document,0.73,956,601.86,Delivered,2025-08-07,2025-08-11
SHP002484,CUST02149,PART4834,BR3356,BR0937,2025-05-10,Express,Electronics,8.59,1149,960.93,In Transit,2025-05-12,
SHP002485,CUST00157,PART4004,BR4815,BR1599,2025-09-17,Standard,Food,2.08,2164,1295.96,In Transit,2025-09-21,
SHP002486,CUST00281,PART2010,BR4751,BR4995,2025-03-31,Standard,Fragile,0.77,2087,1224.79,Delivered,2025-04-04,2025-04-08
SHP002487,CUST04496,PART1919,BR3985,BR0441,2025-03-03,Express,Parcel,7.76,299,475.17,Delivered,2025-03-05,2025-03-07
SHP002488,CUST04931,PART2109,BR3415,BR3813,2025-02-12,Express,Parcel,1.18,909,665.91,Out for Delivery,2025-02-14,
SHP002489,CUST02877,PART4095,BR4875,BR2841,2025-02-15,Express,Parcel,4.81,2081,1390.37,Delayed,2025-02-17,2025-02-17
SHP002490,CUST03456,PART1305,BR2865,BR2744,2025-09-27,Standard,Clothing,1.62,2041,1218.19,Cancelled,2025-10-01,
SHP002491,CUST04397,PART0302,BR2158,BR1278,2025-04-18,Express,Electronics,5.55,1336,996.9,Delivered,2025-04-20,2025-04-22
SHP002492,CUST03484,PART4232,BR0799,BR4258,2025-03-19,Express,Clothing,0.65,289,313.25,In Transit,2025-03-21,
SHP002493,CUST02113,PART2275,BR2431,BR3543,2025-02-12,Same Day,Parcel,1.61,537,520.77,Delivered,2025-02-13,2025-02-15
SHP002494,CUST03310,PART0995,BR0852,BR2183,2025-10-11,Standard,Fragile,2.13,2140,1283.86,Delivered,2025-10-15,2025-10-17
SHP002495,CUST02191,PART4717,BR3968,BR4213,2025-03-25,Standard,Fragile,7.33,1955,1296.51,Delivered,2025-03-29,2025-04-01
SHP002496,CUST03796,PART1757,BR0637,BR4957,2025-01-19,Express,Electronics,7.42,343,491.89,Delivered,2025-01-21,2025-01-20
SHP002497,CUST03277,PART2132,BR2046,BR3365,2025-11-19,Standard,Parcel,4.0,757,564.35,Cancelled,2025-11-23,
SHP002498,CUST02735,PART1643,BR3687,BR1689,2025-07-09,Standard,Food,0.84,992,624.08,In Transit,2025-07-13,
SHP002499,CUST02239,PART2854,BR2871,BR2482,2025-03-19,Standard,Electronics,3.02,1128,746.84,In Transit,2025-03-23,
SHP002500,CUST04606,PART3253,BR0658,BR4052,2025-01-08,Standard,Electronics,1.61,935,609.67,Out for Delivery,2025-01-12,
SHP002501,CUST02102,PART2221,BR4578,BR1013,2025-04-13,Standard,Food,3.79,1105,751.13,Delayed,2025-04-17,2025-04-19
SHP002502,CUST04639,PART3653,BR3192,BR0343,2025-03-01,Express,Electronics,1.42,1643,1074.89,Delivered,2025-03-03,2025-03-02
SHP002503,CUST00155,PART1719,BR3024,BR2794,2025-02-13,Standard,Fragile,5.02,598,499.34,Out for Delivery,2025-02-17,
SHP002504,CUST00722,PART1439,BR4775,BR2541,2025-05-05,Standard,Food,1.91,1235,781.27,Delivered,2025-05-09,2025-05-09
SHP002505,CUST01968,PART2956,BR1264,BR2683,2025-06-26,Standard,Electronics,3.74,1890,1181.78,Delivered,2025-06-30,2025-07-04
SHP002506,CUST02335,PART4520,BR0986,BR0396,2025-12-08,Express,Parcel,4.63,1074,832.56,In Transit,2025-12-10,
SHP002507,CUST01856,PART2963,BR3015,BR0327,2025-08-06,Standard,Clothing,5.98,1188,844.96,Delivered,2025-08-10,2025-08-10
SHP002508,CUST00868,PART0624,BR3648,BR4167,2025-12-24,Express,Document,7.62,484,573.84,Returned,2025-12-26,2025-12-25
SHP002509,CUST04289,PART2581,BR3076,BR1868,2025-07-25,Express,Parcel,1.57,153,258.69,Delayed,2025-07-27,2025-07-30
SHP002510,CUST02222,PART4199,BR1736,BR3555,2025-10-06,Standard,Document,1.27,1214,755.64,Delivered,2025-10-10,2025-10-13
SHP002511,CUST01094,PART2115,BR2741,BR1807,2025-02-19,Standard,Fragile,2.51,1780,1094.22,Delivered,2025-02-23,2025-02-23
SHP002512,CUST02748,PART3233,BR2985,BR1494,2025-06-28,Standard,Fragile,2.38,556,418.16,In Transit,2025-07-02,
SHP002513,CUST04001,PART3452,BR3141,BR2028,2025-03-10,Standard,Document,2.41,951,636.07,Delivered,2025-03-14,2025-03-18
SHP002514,CUST00539,PART3590,BR2232,BR2557,2025-03-31,Standard,Electronics,3.4,217,254.15,Delivered,2025-04-04,2025-04-06
SHP002515,CUST00485,PART1282,BR2415,BR1628,2025-09-28,Economy,Electronics,2.04,1002,655.98,Delivered,2025-10-05,2025-10-05
SHP002516,CUST00452,PART0245,BR2166,BR2720,2025-06-28,Express,Parcel,1.98,2090,1333.06,Delivered,2025-06-30,2025-07-04
SHP002517,CUST01103,PART0647,BR2435,BR2484,2025-11-28,Express,Food,3.3,1751,1175.65,Delivered,2025-11-30,2025-12-03
SHP002518,CUST04558,PART2149,BR0378,BR2620,2025-12-07,Standard,Clothing,3.33,1966,1214.56,In Transit,2025-12-11,
SHP002519,CUST02354,PART0525,BR3730,BR0165,2025-04-11,Standard,Clothing,6.71,1990,1302.12,Delivered,2025-04-15,2025-04-18
SHP002520,CUST01514,PART4973,BR1362,BR0262,2025-09-30,Standard,Document,6.77,1016,767.74,Delivered,2025-10-04,2025-10-08
SHP002521,CUST03763,PART4104,BR3533,BR2163,2025-05-09,Economy,Document,6.24,237,327.63,In Transit,2025-05-16,
SHP002522,CUST00495,PART2531,BR2364,BR4300,2025-09-13,Standard,Fragile,2.15,848,573.7,Delivered,2025-09-17,2025-09-21
SHP002523,CUST00865,PART0753,BR1324,BR2927,2025-04-05,Economy,Fragile,9.88,1565,1138.11,Delivered,2025-04-12,2025-04-11
SHP002524,CUST03144,PART2908,BR2323,BR4513,2025-07-28,Express,Electronics,1.25,616,506.3,Out for Delivery,2025-07-30,
SHP002525,CUST01585,PART0343,BR4168,BR1243,2025-03-25,Economy,Parcel,2.54,1423,898.53,Delivered,2025-04-01,2025-04-02
SHP002526,CUST03259,PART3988,BR0999,BR3391,2025-02-22,Express,Food,2.11,563,496.07,Delayed,2025-02-24,2025-02-23
SHP002527,CUST01217,PART4206,BR2454,BR4873,2025-09-17,Express,Parcel,3.33,269,361.21,In Transit,2025-09-19,
SHP002528,CUST04159,PART2565,BR1633,BR1735,2025-04-08,Express,Food,6.04,1945,1342.63,Delivered,2025-04-10,2025-04-11
SHP002529,CUST04298,PART2378,BR2474,BR4765,2025-07-10,Standard,Document,6.09,1321,920.53,Cancelled,2025-07-14,
SHP002530,CUST03671,PART2231,BR4237,BR2582,2025-04-01,Express,Parcel,5.45,716,653.7,Delivered,2025-04-03,2025-04-02
SHP002531,CUST04674,PART4852,BR0974,BR4337,2025-10-28,Standard,Document,4.75,441,407.05,Returned,2025-11-01,2025-11-02
SHP002532,CUST02990,PART4829,BR2920,BR1097,2025-05-13,Same Day,Parcel,1.35,1673,1139.85,Delayed,2025-05-14,2025-05-14
SHP002533,CUST03329,PART2292,BR4160,BR1444,2025-07-15,Standard,Parcel,6.03,1220,863.66,Delivered,2025-07-19,2025-07-23
SHP002534,CUST00883,PART0176,BR1332,BR4041,2025-07-14,Economy,Food,2.68,1409,893.91,Delivered,2025-07-21,2025-07-22
SHP002535,CUST03769,PART3695,BR2491,BR4286,2025-11-01,Standard,Parcel,0.63,1852,1092.46,Delivered,2025-11-05,2025-11-06
SHP002536,CUST00455,PART1575,BR0769,BR4074,2025-01-26,Standard,Document,1.28,178,186.06,Delivered,2025-01-30,2025-02-02
SHP002537,CUST04159,PART0328,BR0973,BR1655,2025-09-05,Express,Food,9.95,22,371.0,Delayed,2025-09-07,2025-09-10
SHP002538,CUST01113,PART2695,BR0536,BR3828,2025-09-12,Standard,Document,2.91,2121,1290.57,Delivered,2025-09-16,2025-09-20
SHP002539,CUST04407,PART2303,BR1079,BR1308,2025-12-13,Standard,Clothing,3.34,1597,1011.83,Returned,2025-12-17,2025-12-16
SHP002540,CUST02628,PART2684,BR3857,BR4233,2025-10-27,Same Day,Clothing,4.24,2193,1489.43,Returned,2025-10-28,2025-10-28
SHP002541,CUST03621,PART4097,BR3823,BR2249,2025-12-26,Standard,Electronics,5.78,1909,1237.11,Delivered,2025-12-30,2026-01-03
SHP002542,CUST04494,PART4043,BR3828,BR2465,2025-06-10,Standard,Parcel,5.93,1280,894.46,Delivered,2025-06-14,2025-06-14
SHP002543,CUST02582,PART0801,BR4169,BR2487,2025-09-22,Express,Fragile,3.47,1745,1176.09,Out for Delivery,2025-09-24,
SHP002544,CUST01034,PART1618,BR2923,BR0487,2025-06-12,Standard,Document,6.93,1647,1118.31,Delivered,2025-06-16,2025-06-17
SHP002545,CUST02797,PART4897,BR0281,BR4421,2025-08-18,Standard,Clothing,2.89,355,318.83,Delivered,2025-08-22,2025-08-22
SHP002546,CUST03643,PART4021,BR2257,BR3761,2025-01-08,Standard,Food,1.92,1517,936.59,Delivered,2025-01-12,2025-01-11
SHP002547,CUST00317,PART0897,BR0242,BR1510,2025-07-15,Express,Fragile,3.35,1900,1258.7,Returned,2025-07-17,2025-07-18
SHP002548,CUST00808,PART2402,BR0156,BR0267,2025-04-18,Economy,Parcel,1.07,148,164.94,Delayed,2025-04-25,2025-04-27
SHP002549,CUST00610,PART1366,BR3195,BR1125,2025-08-23,Standard,Food,3.63,1659,1052.31,Delivered,2025-08-27,2025-08-30
SHP002550,CUST02439,PART2252,BR2814,BR2077,2025-09-27,Standard,Fragile,4.39,1441,949.13,Delivered,2025-10-01,2025-10-04
SHP002551,CUST02373,PART2704,BR3541,BR1099,2025-11-28,Standard,Electronics,9.51,830,725.72,Delivered,2025-12-02,2025-12-02
SHP002552,CUST01415,PART1844,BR3368,BR2798,2025-01-20,Standard,Parcel,0.81,2016,1186.62,Delivered,2025-01-24,2025-01-27
SHP002553,CUST02433,PART2995,BR1406,BR0685,2025-01-05,Standard,Food,3.93,2057,1277.81,Delivered,2025-01-09,2025-01-08
SHP002554,CUST02240,PART0302,BR4048,BR2277,2025-05-21,Standard,Fragile,6.83,2081,1354.81,Out for Delivery,2025-05-25,
SHP002555,CUST01561,PART3909,BR3154,BR0397,2025-01-23,Standard,Electronics,3.14,1114,741.78,Delivered,2025-01-27,2025-01-26
SHP002556,CUST04980,PART2084,BR1241,BR4145,2025-02-11,Standard,Clothing,3.51,560,445.22,Delivered,2025-02-15,2025-02-15
SHP002557,CUST03884,PART4959,BR4794,BR0625,2025-02-06,Standard,Food,2.72,842,582.94,Delivered,2025-02-10,2025-02-09
SHP002558,CUST03818,PART1206,BR1370,BR1858,2025-03-04,Standard,Electronics,2.6,2137,1292.55,Delivered,2025-03-08,2025-03-08
SHP002559,CUST01416,PART0233,BR2885,BR4167,2025-04-23,Express,Fragile,2.08,2060,1318.76,Returned,2025-04-25,2025-04-24
SHP002560,CUST02846,PART3622,BR3206,BR1971,2025-11-08,Standard,Electronics,0.88,1841,1091.91,Delivered,2025-11-12,2025-11-14
SHP002561,CUST03406,PART3267,BR1499,BR4330,2025-01-31,Same Day,Clothing,6.45,809,776.85,Delivered,2025-02-01,2025-02-01
SHP002562,CUST03038,PART0619,BR0214,BR4953,2025-10-21,Same Day,Electronics,6.01,794,758.92,Delayed,2025-10-22,2025-10-22
SHP002563,CUST02964,PART1441,BR2284,BR0205,2025-04-01,Standard,Document,6.56,1228,879.72,Returned,2025-04-05,2025-04-09
SHP002564,CUST00286,PART3624,BR2418,BR1212,2025-07-21,Standard,Fragile,3.06,234,256.02,Delivered,2025-07-25,2025-07-26
SHP002565,CUST04736,PART4282,BR4831,BR1046,2025-12-27,Economy,Fragile,2.42,1436,903.04,Delivered,2026-01-03,2026-01-02
SHP002566,CUST02027,PART4103,BR3851,BR4184,2025-06-23,Standard,Food,3.72,1011,697.89,Delivered,2025-06-27,2025-06-27
SHP002567,CUST01401,PART2940,BR4116,BR3563,2025-03-07,Express,Food,1.62,1089,774.59,Delivered,2025-03-09,2025-03-08
SHP002568,CUST04206,PART2872,BR4825,BR1124,2025-12-06,Economy,Electronics,1.54,1586,966.18,Delivered,2025-12-13,2025-12-13
SHP002569,CUST00740,PART2185,BR0109,BR4128,2025-06-05,Standard,Document,4.52,537,454.79,Delivered,2025-06-09,2025-06-13
SHP002570,CUST00440,PART4786,BR2193,BR4370,2025-07-26,Standard,Food,0.84,1932,1141.08,Out for Delivery,2025-07-30,
SHP002571,CUST03418,PART0391,BR2823,BR2138,2025-10-18,Standard,Food,2.24,33,127.43,Delivered,2025-10-22,2025-10-22
SHP002572,CUST01486,PART2731,BR1129,BR3608,2025-07-03,Express,Food,3.24,1140,838.28,Delivered,2025-07-05,2025-07-07
SHP002573,CUST00756,PART1792,BR0877,BR4610,2025-01-01,Express,Clothing,1.0,2155,1347.25,Delivered,2025-01-03,2025-01-07
SHP002574,CUST02022,PART3397,BR1067,BR3789,2025-02-12,Express,Food,5.07,1786,1233.84,Delivered,2025-02-14,2025-02-15
SHP002575,CUST00464,PART2302,BR4758,BR3451,2025-02-24,Economy,Electronics,2.47,1387,877.19,Delivered,2025-03-03,2025-03-04
SHP002576,CUST02904,PART2422,BR0979,BR3280,2025-03-31,Economy,Food,1.59,513,377.13,Delivered,2025-04-07,2025-04-10
SHP002577,CUST04995,PART4770,BR0765,BR3660,2025-03-24,Standard,Electronics,1.45,2113,1254.05,Delivered,2025-03-28,2025-03-30
SHP002578,CUST02560,PART3367,BR2638,BR1502,2025-10-17,Economy,Food,0.86,1240,760.92,Delivered,2025-10-24,2025-10-23
SHP002579,CUST01871,PART4743,BR3013,BR3351,2025-11-17,Standard,Parcel,1.95,2043,1226.55,Delivered,2025-11-21,2025-11-23
SHP002580,CUST00299,PART2759,BR2082,BR3802,2025-02-10,Standard,Fragile,2.09,426,340.28,Delivered,2025-02-14,2025-02-13
SHP002581,CUST00345,PART1702,BR2479,BR2882,2025-03-18,Same Day,Parcel,3.8,554,578.3,Delivered,2025-03-19,2025-03-19
SHP002582,CUST04520,PART1672,BR3092,BR4932,2025-03-29,Express,Food,1.61,14,183.12,Out for Delivery,2025-03-31,
SHP002583,CUST03384,PART1965,BR4770,BR4026,2025-12-10,Standard,Parcel,0.8,2062,1211.7,Returned,2025-12-14,2025-12-17
SHP002584,CUST01094,PART1698,BR3348,BR4360,2025-10-08,Standard,Parcel,4.0,2172,1342.6,In Transit,2025-10-12,
SHP002585,CUST04189,PART2878,BR0582,BR1116,2025-04-09,Express,Electronics,1.86,12,187.52,Delivered,2025-04-11,2025-04-12
SHP002586,CUST03986,PART4946,BR1950,BR3956,2025-03-22,Standard,Fragile,3.73,1832,1149.66,In Transit,2025-03-26,
SHP002587,CUST04806,PART3955,BR2105,BR2697,2025-06-22,Standard,Parcel,3.41,1848,1151.42,Out for Delivery,2025-06-26,
SHP002588,CUST01825,PART3283,BR0059,BR1199,2025-08-20,Standard,Electronics,0.74,165,167.03,Delivered,2025-08-24,2025-08-25
SHP002589,CUST00049,PART2108,BR2930,BR4780,2025-12-25,Economy,Electronics,3.7,2190,1345.9,Delivered,2026-01-01,2026-01-02
SHP002590,CUST01821,PART1983,BR1806,BR0932,2025-07-04,Economy,Electronics,7.3,1818,1220.5,Delivered,2025-07-11,2025-07-12
SHP002591,CUST02631,PART3651,BR3824,BR0997,2025-07-25,Standard,Fragile,2.59,1598,995.88,In Transit,2025-07-29,
SHP002592,CUST01354,PART1943,BR2150,BR3115,2025-08-08,Standard,Document,2.13,1856,1127.66,Delivered,2025-08-12,2025-08-11
SHP002593,CUST00512,PART2885,BR2172,BR4706,2025-10-05,Express,Clothing,1.71,81,222.17,In Transit,2025-10-07,
SHP002594,CUST03860,PART2067,BR0730,BR1108,2025-12-27,Standard,Electronics,1.99,1560,961.78,Delivered,2025-12-31,2026-01-04
SHP002595,CUST03446,PART2832,BR3413,BR3847,2025-01-08,Same Day,Clothing,3.95,1112,888.5,In Transit,2025-01-09,
SHP002596,CUST04918,PART0280,BR1203,BR1074,2025-01-01,Economy,Food,1.08,1063,668.41,Delivered,2025-01-08,2025-01-10
SHP002597,CUST00394,PART0612,BR2023,BR4782,2025-05-02,Express,Document,1.05,1777,1140.45,In Transit,2025-05-04,
SHP002598,CUST01150,PART0833,BR4086,BR3867,2025-07-06,Standard,Document,1.36,1322,817.02,Delivered,2025-07-10,2025-07-11
SHP002599,CUST02548,PART3475,BR2982,BR4910,2025-08-28,Standard,Electronics,8.29,770,665.88,Out for Delivery,2025-09-01,
SHP002600,CUST01547,PART2071,BR2465,BR1883,2025-12-01,Express,Document,5.76,27,281.57,Delivered,2025-12-03,2025-12-02
SHP002601,CUST04259,PART1311,BR1491,BR4688,2025-07-20,Economy,Electronics,3.61,1332,872.02,Delivered,2025-07-27,2025-07-27
SHP002602,CUST00486,PART1612,BR3705,BR1469,2025-12-30,Standard,Electronics,2.09,912,607.58,Returned,2026-01-03,2026-01-03
SHP002603,CUST01980,PART1140,BR3731,BR4113,2025-05-25,Express,Electronics,5.02,55,280.69,Delivered,2025-05-27,2025-05-31
SHP002604,CUST03363,PART1822,BR4017,BR4566,2025-10-10,Standard,Parcel,6.01,984,733.42,Delivered,2025-10-14,2025-10-18
SHP002605,CUST01563,PART0687,BR3206,BR2693,2025-03-24,Standard,Fragile,1.48,1955,1167.81,Out for Delivery,2025-03-28,
SHP002606,CUST00782,PART4004,BR3675,BR1497,2025-11-19,Standard,Food,4.22,1950,1225.34,Delivered,2025-11-23,2025-11-25
SHP002607,CUST01731,PART2081,BR2974,BR3441,2025-02-11,Standard,Fragile,2.32,19,121.49,In Transit,2025-02-15,
SHP002608,CUST02489,PART4442,BR0982,BR3316,2025-07-01,Standard,Parcel,1.53,2004,1195.86,Delivered,2025-07-05,2025-07-04
SHP002609,CUST02804,PART2071,BR3862,BR4806,2025-02-09,Express,Fragile,1.3,919,674.05,In Transit,2025-02-11,
SHP002610,CUST01449,PART4809,BR2311,BR1113,2025-04-25,Economy,Fragile,2.45,736,518.7,Delivered,2025-05-02,2025-05-06
SHP002611,CUST02427,PART0878,BR2545,BR2176,2025-03-24,Standard,Fragile,1.62,525,384.39,Returned,2025-03-28,2025-03-29
SHP002612,CUST00499,PART2618,BR0947,BR4821,2025-09-10,Standard,Food,3.24,235,260.53,Delivered,2025-09-14,2025-09-16
SHP002613,CUST04185,PART1451,BR4294,BR2341,2025-04-20,Express,Document,1.97,1413,960.49,Delayed,2025-04-22,2025-04-26
SHP002614,CUST03959,PART4310,BR1398,BR2624,2025-08-03,Standard,Fragile,2.81,419,352.27,Delivered,2025-08-07,2025-08-11
SHP002615,CUST01794,PART3470,BR4285,BR1442,2025-11-15,Economy,Parcel,2.54,167,207.73,Delivered,2025-11-22,2025-11-25
SHP002616,CUST00053,PART2787,BR2010,BR3711,2025-05-16,Economy,Food,6.25,923,705.15,Returned,2025-05-23,2025-05-26
SHP002617,CUST03988,PART2485,BR0257,BR2373,2025-03-10,Economy,Food,1.89,539,398.03,Delayed,2025-03-17,2025-03-20
SHP002618,CUST03147,PART2255,BR0792,BR1428,2025-04-03,Express,Parcel,10.77,1219,1047.39,Delivered,2025-04-05,2025-04-07
SHP002619,CUST00689,PART1619,BR3758,BR1686,2025-09-03,Economy,Parcel,4.15,1364,901.5,Delivered,2025-09-10,2025-09-12
SHP002620,CUST03244,PART4355,BR3552,BR0494,2025-07-04,Same Day,Electronics,3.25,1611,1147.55,Delayed,2025-07-05,2025-07-05
SHP002621,CUST04858,PART3026,BR0156,BR0262,2025-04-03,Express,Fragile,2.34,30,207.98,Delivered,2025-04-05,2025-04-06
SHP002622,CUST02200,PART2013,BR3784,BR3848,2025-08-21,Same Day,Clothing,8.31,773,797.97,Cancelled,2025-08-22,
SHP002623,CUST01422,PART4847,BR0940,BR0566,2025-10-12,Standard,Clothing,2.6,1924,1175.4,In Transit,2025-10-16,
SHP002624,CUST01611,PART0419,BR3164,BR4952,2025-02-04,Economy,Fragile,4.77,757,581.29,Out for Delivery,2025-02-11,
SHP002625,CUST00113,PART3641,BR2026,BR2046,2025-06-30,Economy,Electronics,5.23,2041,1297.61,Delivered,2025-07-07,2025-07-10
SHP002626,CUST02161,PART4987,BR2588,BR1473,2025-05-20,Economy,Fragile,1.71,2181,1297.17,Delivered,2025-05-27,2025-05-29
SHP002627,CUST04723,PART4681,BR0799,BR2708,2025-09-30,Standard,Document,2.27,560,417.94,Delivered,2025-10-04,2025-10-04
SHP002628,CUST04019,PART2139,BR1865,BR1291,2025-11-11,Standard,Parcel,5.67,686,562.04,Delivered,2025-11-15,2025-11-16
SHP002629,CUST03244,PART3124,BR4287,BR3325,2025-12-05,Standard,Food,2.15,1629,1003.25,Out for Delivery,2025-12-09,
SHP002630,CUST02029,PART2260,BR1886,BR1806,2025-08-03,Standard,Document,4.26,802,594.82,Cancelled,2025-08-07,
SHP002631,CUST04951,PART1036,BR1596,BR4281,2025-01-19,Standard,Clothing,6.68,785,638.71,Delivered,2025-01-23,2025-01-23
SHP002632,CUST02582,PART4903,BR2370,BR4135,2025-07-01,Economy,Fragile,1.45,895,584.15,Delivered,2025-07-08,2025-07-08
SHP002633,CUST00396,PART2743,BR4073,BR0029,2025-10-12,Express,Fragile,2.83,1906,1250.56,In Transit,2025-10-14,
SHP002634,CUST03944,PART0208,BR2158,BR1164,2025-09-05,Express,Food,2.04,804,627.08,Delivered,2025-09-07,2025-09-10
SHP002635,CUST02660,PART0240,BR4541,BR3736,2025-08-20,Standard,Clothing,2.87,1857,1144.49,Out for Delivery,2025-08-24,
SHP002636,CUST00644,PART1587,BR4764,BR1911,2025-02-12,Standard,Parcel,5.97,168,283.74,Delivered,2025-02-16,2025-02-19
SHP002637,CUST03533,PART3392,BR1332,BR1864,2025-09-18,Express,Parcel,2.04,593,511.03,Delivered,2025-09-20,2025-09-23
SHP002638,CUST01894,PART1060,BR2807,BR1953,2025-04-28,Express,Food,6.56,290,443.82,Delayed,2025-04-30,2025-05-03
SHP002639,CUST00851,PART1479,BR1365,BR0361,2025-10-21,Express,Clothing,2.53,82,240.76,Delivered,2025-10-23,2025-10-27
SHP002640,CUST04846,PART2883,BR4476,BR3947,2025-05-19,Standard,Clothing,3.95,1780,1125.9,In Transit,2025-05-23,
SHP002641,CUST00421,PART0053,BR1415,BR4777,2025-05-30,Express,Food,3.79,1645,1128.13,In Transit,2025-06-01,
SHP002642,CUST03498,PART1903,BR3776,BR3445,2025-10-09,Express,Fragile,1.79,1146,809.68,Delivered,2025-10-11,2025-10-10
SHP002643,CUST02726,PART2154,BR1544,BR0706,2025-04-16,Standard,Food,3.73,247,277.91,In Transit,2025-04-20,
SHP002644,CUST01680,PART3033,BR3250,BR3326,2025-04-22,Economy,Food,5.02,1984,1261.64,Delivered,2025-04-29,2025-05-02
SHP002645,CUST00214,PART4845,BR0996,BR2315,2025-06-28,Same Day,Parcel,2.74,563,559.93,In Transit,2025-06-29,
SHP002646,CUST00127,PART4900,BR0806,BR1277,2025-09-08,Express,Clothing,4.97,1337,984.69,Delivered,2025-09-10,2025-09-14
SHP002647,CUST04942,PART4899,BR1233,BR1262,2025-02-02,Economy,Parcel,2.17,247,243.59,Delivered,2025-02-09,2025-02-08
SHP002648,CUST00266,PART4682,BR1447,BR1491,2025-11-08,Standard,Electronics,2.1,1559,963.65,In Transit,2025-11-12,
SHP002649,CUST01360,PART2680,BR2758,BR0101,2025-03-27,Standard,Document,3.86,945,664.67,Delivered,2025-03-31,2025-04-01
SHP002650,CUST00986,PART4120,BR4127,BR1079,2025-03-02,Standard,Electronics,0.61,2060,1206.42,In Transit,2025-03-06,
SHP002651,CUST00930,PART3153,BR2308,BR1695,2025-09-20,Express,Document,5.47,989,804.29,Cancelled,2025-09-22,
SHP002652,CUST02986,PART4301,BR2073,BR0231,2025-10-11,Express,Clothing,3.8,1411,999.65,Delayed,2025-10-13,2025-10-16
SHP002653,CUST00421,PART2253,BR2464,BR4872,2025-08-30,Standard,Parcel,1.98,2127,1273.41,In Transit,2025-09-03,
SHP002654,CUST01699,PART0140,BR4736,BR2926,2025-12-24,Standard,Parcel,3.41,612,471.62,Delivered,2025-12-28,2025-12-27
SHP002655,CUST03851,PART3933,BR3304,BR4014,2025-09-18,Economy,Fragile,3.12,999,678.09,Delivered,2025-09-25,2025-09-27
SHP002656,CUST03453,PART3404,BR1670,BR1491,2025-05-03,Standard,Fragile,1.57,407,318.39,Delivered,2025-05-07,2025-05-08
SHP002657,CUST03411,PART0601,BR2691,BR1861,2025-11-10,Express,Electronics,2.87,1615,1091.39,In Transit,2025-11-12,
SHP002658,CUST04422,PART1821,BR0913,BR3734,2025-10-16,Standard,Document,1.77,1130,720.44,In Transit,2025-10-20,
SHP002659,CUST01873,PART4000,BR3440,BR0734,2025-11-18,Standard,Clothing,3.91,893,637.17,In Transit,2025-11-22,
SHP002660,CUST01128,PART4972,BR1879,BR4998,2025-04-15,Same Day,Food,1.52,1152,857.04,Delivered,2025-04-16,2025-04-20
SHP002661,CUST00165,PART3861,BR2394,BR3474,2025-08-19,Economy,Electronics,2.76,853,589.87,Delivered,2025-08-26,2025-08-29
SHP002662,CUST01799,PART0425,BR0846,BR3682,2025-06-14,Economy,Fragile,6.19,1357,942.53,Delivered,2025-06-21,2025-06-23
SHP002663,CUST02094,PART2311,BR3224,BR4513,2025-08-15,Standard,Parcel,2.17,187,210.59,Delivered,2025-08-19,2025-08-20
SHP002664,CUST03267,PART2192,BR0324,BR0230,2025-05-14,Standard,Clothing,3.19,1471,939.23,Delivered,2025-05-18,2025-05-20
SHP002665,CUST02169,PART1167,BR3319,BR4804,2025-10-27,Standard,Fragile,6.83,1368,962.66,Delivered,2025-10-31,2025-10-30
SHP002666,CUST01869,PART2853,BR1185,BR3796,2025-03-11,Express,Document,0.95,298,324.8,Delivered,2025-03-13,2025-03-13
SHP002667,CUST00297,PART0414,BR1838,BR3320,2025-12-14,Standard,Parcel,12.37,485,598.89,Delivered,2025-12-18,2025-12-17
SHP002668,CUST04676,PART2425,BR0442,BR4942,2025-03-18,Standard,Food,3.38,269,282.31,Delayed,2025-03-22,2025-03-26
SHP002669,CUST04351,PART1081,BR2443,BR2413,2025-11-23,Economy,Food,6.21,2197,1404.97,Delivered,2025-11-30,2025-12-03
SHP002670,CUST01962,PART3758,BR0277,BR4061,2025-10-21,Express,Electronics,1.9,311,352.85,Delivered,2025-10-23,2025-10-26
SHP002671,CUST02812,PART3838,BR1926,BR1982,2025-04-06,Economy,Electronics,5.65,2002,1285.4,Out for Delivery,2025-04-13,
SHP002672,CUST04254,PART2013,BR1726,BR4458,2025-11-15,Standard,Electronics,4.47,1693,1089.49,Delivered,2025-11-19,2025-11-18
SHP002673,CUST01629,PART2272,BR3394,BR0958,2025-08-02,Standard,Electronics,4.73,639,515.51,Delivered,2025-08-06,2025-08-08
SHP002674,CUST02477,PART4271,BR4960,BR0528,2025-04-09,Same Day,Food,2.42,1246,928.54,In Transit,2025-04-10,
SHP002675,CUST03417,PART0070,BR4429,BR3957,2025-08-28,Economy,Clothing,1.29,78,131.28,Delivered,2025-09-04,2025-09-03
SHP002676,CUST03573,PART2014,BR4567,BR3264,2025-10-23,Same Day,Fragile,2.36,1478,1054.82,Delivered,2025-10-24,2025-10-23
SHP002677,CUST03977,PART4931,BR3085,BR2395,2025-07-01,Standard,Clothing,6.36,2196,1407.72,Delivered,2025-07-05,2025-07-08
SHP002678,CUST01344,PART2140,BR2264,BR2439,2025-04-07,Express,Food,3.41,261,358.57,Delivered,2025-04-09,2025-04-09
SHP002679,CUST04617,PART2875,BR2908,BR0439,2025-01-01,Standard,Document,6.48,1230,879.06,Out for Delivery,2025-01-05,
SHP002680,CUST02994,PART2064,BR4496,BR1880,2025-11-05,Standard,Electronics,8.62,1753,1213.79,Delivered,2025-11-09,2025-11-12
SHP002681,CUST03990,PART0540,BR3329,BR1628,2025-12-06,Standard,Electronics,2.57,2158,1303.44,In Transit,2025-12-10,
SHP002682,CUST04303,PART0698,BR1480,BR2634,2025-09-20,Standard,Parcel,4.4,2183,1357.45,Delivered,2025-09-24,2025-09-23
SHP002683,CUST02651,PART4620,BR0496,BR1234,2025-02-16,Standard,Fragile,2.11,159,193.87,Delivered,2025-02-20,2025-02-20
SHP002684,CUST00296,PART3241,BR4786,BR0887,2025-02-12,Express,Food,3.24,1048,787.68,Delayed,2025-02-14,2025-02-15
SHP002685,CUST00714,PART4354,BR2306,BR1638,2025-05-10,Standard,Parcel,4.02,1101,753.99,Returned,2025-05-14,2025-05-14
SHP002686,CUST02904,PART4284,BR1196,BR1782,2025-10-21,Standard,Parcel,3.93,467,403.31,Delivered,2025-10-25,2025-10-28
SHP002687,CUST02983,PART4533,BR2341,BR4026,2025-08-30,Express,Electronics,0.82,886,645.34,Delivered,2025-09-01,2025-09-01
SHP002688,CUST03162,PART1746,BR2643,BR0507,2025-10-15,Economy,Parcel,4.72,341,351.39,Delivered,2025-10-22,2025-10-22
SHP002689,CUST00009,PART3843,BR0688,BR3390,2025-11-21,Standard,Fragile,0.82,198,186.94,Delivered,2025-11-25,2025-11-28
SHP002690,CUST04146,PART1587,BR3492,BR1410,2025-06-17,Express,Clothing,3.4,1368,967.2,In Transit,2025-06-19,
SHP002691,CUST03108,PART2717,BR1109,BR1559,2025-10-24,Express,Clothing,2.84,2156,1388.28,Returned,2025-10-26,2025-10-30
SHP002692,CUST01193,PART0128,BR3272,BR4576,2025-04-18,Standard,Clothing,2.54,697,499.23,Delivered,2025-04-22,2025-04-23
SHP002693,CUST02937,PART3976,BR4742,BR0653,2025-05-10,Standard,Clothing,1.51,761,511.77,Delivered,2025-05-14,2025-05-13
SHP002694,CUST02671,PART1453,BR1563,BR4907,2025-02-12,Express,Clothing,3.29,482,477.48,In Transit,2025-02-14,
SHP002695,CUST00534,PART0412,BR0176,BR1771,2025-09-16,Standard,Clothing,1.97,638,454.24,Delayed,2025-09-20,2025-09-21
SHP002696,CUST04104,PART2311,BR0994,BR0507,2025-03-19,Standard,Parcel,2.42,1475,924.49,Delivered,2025-03-23,2025-03-22
SHP002697,CUST00117,PART4486,BR2604,BR1345,2025-08-02,Same Day,Fragile,2.98,894,747.26,Delivered,2025-08-03,2025-08-02
SHP002698,CUST03937,PART4916,BR4039,BR3174,2025-07-18,Standard,Clothing,4.72,215,282.09,In Transit,2025-07-22,
SHP002699,CUST01633,PART1542,BR0992,BR0699,2025-12-04,Express,Electronics,4.68,1832,1250.56,Delivered,2025-12-06,2025-12-08
SHP002700,CUST01690,PART2838,BR0613,BR4678,2025-04-07,Standard,Document,2.37,1587,984.99,In Transit,2025-04-11,
SHP002701,CUST04730,PART4503,BR2507,BR0778,2025-01-15,Standard,Clothing,4.23,1559,1010.51,Delivered,2025-01-19,2025-01-20
SHP002702,CUST01247,PART3164,BR1376,BR0853,2025-04-05,Standard,Food,1.58,1351,837.81,Out for Delivery,2025-04-09,
SHP002703,CUST01618,PART0444,BR0644,BR1402,2025-09-09,Standard,Fragile,1.97,207,217.19,Out for Delivery,2025-09-13,
SHP002704,CUST04750,PART3233,BR3255,BR2376,2025-01-28,Same Day,Parcel,3.7,68,308.8,Delayed,2025-01-29,2025-01-31
SHP002705,CUST03758,PART1496,BR3939,BR1451,2025-06-29,Express,Clothing,1.4,1333,903.95,Returned,2025-07-01,2025-07-03
SHP002706,CUST02441,PART3471,BR3828,BR2762,2025-07-17,Standard,Document,5.51,1253,870.37,In Transit,2025-07-21,
SHP002707,CUST03621,PART3851,BR1993,BR3073,2025-02-13,Standard,Document,2.39,1978,1200.48,Delivered,2025-02-17,2025-02-16
SHP002708,CUST00462,PART4095,BR3832,BR4284,2025-02-05,Express,Clothing,7.35,909,801.65,Cancelled,2025-02-07,
SHP002709,CUST01811,PART3605,BR1085,BR1888,2025-12-26,Standard,Electronics,3.86,1232,822.52,Returned,2025-12-30,2025-12-30
SHP002710,CUST00949,PART4694,BR1497,BR4544,2025-09-22,Standard,Electronics,2.48,1907,1163.41,Delivered,2025-09-26,2025-09-25
SHP002711,CUST04578,PART4067,BR4069,BR3822,2025-06-16,Standard,Clothing,7.89,258,375.48,In Transit,2025-06-20,
SHP002712,CUST00968,PART2445,BR0125,BR1273,2025-07-05,Standard,Food,1.87,783,531.79,Delivered,2025-07-09,2025-07-13
SHP002713,CUST02792,PART2787,BR2152,BR2403,2025-06-16,Standard,Parcel,2.95,1139,751.35,Delivered,2025-06-20,2025-06-24
SHP002714,CUST04707,PART4276,BR3865,BR1820,2025-08-21,Express,Clothing,1.28,1518,1003.06,Out for Delivery,2025-08-23,
SHP002715,CUST01994,PART2034,BR0863,BR1061,2025-09-01,Standard,Electronics,4.76,2036,1284.52,Delivered,2025-09-05,2025-09-09
SHP002716,CUST04713,PART1202,BR3316,BR4724,2025-07-04,Express,Electronics,5.9,1786,1252.1,Delivered,2025-07-06,2025-07-10
SHP002717,CUST00306,PART2819,BR4681,BR4045,2025-07-28,Standard,Food,4.54,486,427.18,Delivered,2025-08-01,2025-08-02
SHP002718,CUST02613,PART4282,BR0440,BR0965,2025-08-31,Standard,Fragile,1.06,649,440.27,Delivered,2025-09-04,2025-09-06
SHP002719,CUST03228,PART1916,BR0337,BR4466,2025-12-03,Express,Electronics,2.0,92,234.6,Delivered,2025-12-05,2025-12-04
SHP002720,CUST01745,PART1869,BR3795,BR1293,2025-05-24,Express,Parcel,3.47,2135,1390.59,Delivered,2025-05-26,2025-05-25
SHP002721,CUST01533,PART0183,BR2831,BR2496,2025-08-01,Standard,Food,6.57,119,269.99,Delivered,2025-08-05,2025-08-06
SHP002722,CUST01249,PART2331,BR0054,BR3268,2025-04-06,Express,Document,3.76,1046,798.02,In Transit,2025-04-08,
SHP002723,CUST03661,PART0266,BR1501,BR4971,2025-01-21,Standard,Food,6.73,1330,939.56,Delivered,2025-01-25,2025-01-29
SHP002724,CUST04859,PART2839,BR0818,BR2307,2025-03-18,Same Day,Fragile,2.8,523,539.25,Delivered,2025-03-19,2025-03-21
SHP002725,CUST02269,PART0949,BR4609,BR3275,2025-12-23,Standard,Electronics,1.53,2123,1261.31,In Transit,2025-12-27,
SHP002726,CUST04027,PART4364,BR2627,BR4201,2025-09-08,Standard,Document,1.48,1162,731.66,Delivered,2025-09-12,2025-09-15
SHP002727,CUST03686,PART3858,BR3127,BR3187,2025-05-25,Economy,Fragile,1.7,229,223.35,Out for Delivery,2025-06-01,
SHP002728,CUST03958,PART3369,BR2981,BR3173,2025-04-26,Express,Electronics,9.69,1515,1186.43,Delivered,2025-04-28,2025-04-28
SHP002729,CUST04358,PART0196,BR2402,BR0521,2025-10-05,Same Day,Clothing,4.28,1057,865.51,Out for Delivery,2025-10-06,
SHP002730,CUST01633,PART3960,BR4466,BR2935,2025-02-06,Same Day,Electronics,1.87,1145,860.89,Returned,2025-02-07,2025-02-11
SHP002731,CUST00790,PART4115,BR4676,BR2338,2025-02-18,Standard,Food,1.32,2021,1200.59,Delivered,2025-02-22,2025-02-24
SHP002732,CUST01794,PART1714,BR3723,BR2381,2025-05-05,Standard,Parcel,1.41,1515,924.27,Delivered,2025-05-09,2025-05-10
SHP002733,CUST04884,PART0865,BR0426,BR1958,2025-10-28,Standard,Fragile,1.75,639,449.95,Delivered,2025-11-01,2025-11-02
SHP002734,CUST01930,PART2349,BR1139,BR1998,2025-08-23,Standard,Electronics,1.77,1514,931.64,Returned,2025-08-27,2025-08-31
SHP002735,CUST00452,PART0573,BR2732,BR2211,2025-01-18,Standard,Food,7.39,1998,1321.48,Delivered,2025-01-22,2025-01-21
SHP002736,CUST01611,PART0424,BR4906,BR2338,2025-09-17,Standard,Fragile,2.87,743,531.79,In Transit,2025-09-21,
SHP002737,CUST04173,PART2302,BR2659,BR2836,2025-06-17,Standard,Clothing,2.84,1164,762.68,In Transit,2025-06-21,
SHP002738,CUST02756,PART3963,BR2833,BR2452,2025-06-27,Standard,Fragile,3.81,1320,869.82,In Transit,2025-07-01,
SHP002739,CUST01762,PART1311,BR2088,BR3229,2025-07-06,Same Day,Clothing,3.47,615,604.59,In Transit,2025-07-07,
SHP002740,CUST00211,PART2756,BR3067,BR0761,2025-09-15,Economy,Parcel,3.31,870,611.32,Delivered,2025-09-22,2025-09-21
SHP002741,CUST01758,PART3422,BR0946,BR3950,2025-03-10,Standard,Parcel,3.03,936,641.46,Cancelled,2025-03-14,
SHP002742,CUST03414,PART3660,BR1124,BR2529,2025-06-28,Express,Parcel,3.44,1184,866.88,Cancelled,2025-06-30,
SHP002743,CUST02803,PART4500,BR3564,BR3327,2025-08-17,Standard,Electronics,3.34,185,235.23,Delivered,2025-08-21,2025-08-20
SHP002744,CUST00956,PART4589,BR1341,BR1197,2025-08-16,Express,Clothing,1.74,1199,837.73,Delivered,2025-08-18,2025-08-19
SHP002745,CUST01689,PART3794,BR4941,BR4447,2025-05-01,Economy,Food,2.04,643,458.53,Delivered,2025-05-08,2025-05-11
SHP002746,CUST04883,PART2379,BR2414,BR4337,2025-11-23,Same Day,Parcel,3.69,1726,1220.48,Out for Delivery,2025-11-24,
SHP002747,CUST02920,PART4488,BR2331,BR0783,2025-04-15,Same Day,Document,6.34,1914,1382.18,Cancelled,2025-04-16,
SHP002748,CUST01123,PART4705,BR2071,BR2888,2025-08-11,Standard,Food,2.19,683,483.83,Delivered,2025-08-15,2025-08-15
SHP002749,CUST02067,PART2039,BR4148,BR3592,2025-11-29,Same Day,Document,0.54,1633,1100.03,Delivered,2025-11-30,2025-12-03
SHP002750,CUST02982,PART0685,BR0299,BR0606,2025-04-07,Standard,Fragile,1.54,162,182.98,In Transit,2025-04-11,
SHP002751,CUST00163,PART2793,BR2411,BR2896,2025-08-09,Express,Clothing,4.2,690,611.9,Delivered,2025-08-11,2025-08-14
SHP002752,CUST03715,PART2698,BR0904,BR1950,2025-03-16,Standard,Parcel,1.55,1543,942.75,Delivered,2025-03-20,2025-03-21
SHP002753,CUST02200,PART0115,BR0816,BR3877,2025-11-28,Standard,Document,2.02,214,222.14,Out for Delivery,2025-12-02,
SHP002754,CUST00957,PART3933,BR2884,BR2545,2025-06-06,Express,Food,3.56,781,647.87,Delivered,2025-06-08,2025-06-09
SHP002755,CUST03197,PART4668,BR0399,BR1344,2025-07-02,Same Day,Clothing,4.08,929,790.71,Delivered,2025-07-03,2025-07-04
SHP002756,CUST04870,PART3435,BR3315,BR1364,2025-08-07,Standard,Clothing,1.63,238,226.76,In Transit,2025-08-11,
SHP002757,CUST04928,PART0046,BR4433,BR2307,2025-06-04,Standard,Clothing,1.59,143,173.63,Returned,2025-06-08,2025-06-09
SHP002758,CUST04897,PART4768,BR3646,BR1863,2025-08-27,Express,Food,2.3,1032,758.2,Delivered,2025-08-29,2025-08-29
SHP002759,CUST02474,PART0503,BR2396,BR3034,2025-09-26,Standard,Clothing,6.11,106,252.72,Delivered,2025-09-30,2025-09-30
SHP002760,CUST02372,PART4638,BR2349,BR0003,2025-07-15,Standard,Clothing,3.73,1856,1162.86,Delivered,2025-07-19,2025-07-21
SHP002761,CUST03611,PART0592,BR1775,BR1556,2025-09-30,Express,Document,3.72,393,437.99,Delivered,2025-10-02,2025-10-01
SHP002762,CUST00651,PART4650,BR1796,BR3280,2025-06-17,Economy,Clothing,3.06,444,371.52,Delivered,2025-06-24,2025-06-24
SHP002763,CUST01247,PART0368,BR3926,BR0905,2025-07-02,Standard,Parcel,2.31,2138,1286.72,Delivered,2025-07-06,2025-07-09
SHP002764,CUST04655,PART0147,BR4024,BR0585,2025-12-13,Standard,Document,0.89,1539,926.03,Delivered,2025-12-17,2025-12-17
SHP002765,CUST03010,PART1960,BR2566,BR0736,2025-12-10,Standard,Parcel,1.09,1061,667.53,Delivered,2025-12-14,2025-12-17
SHP002766,CUST03559,PART0703,BR3587,BR2727,2025-08-22,Express,Fragile,2.36,815,640.17,Delivered,2025-08-24,2025-08-25
SHP002767,CUST00366,PART2309,BR2203,BR0037,2025-01-03,Economy,Clothing,2.42,1490,932.74,In Transit,2025-01-10,
SHP002768,CUST00220,PART3057,BR2246,BR1102,2025-01-05,Economy,Document,3.3,831,589.65,In Transit,2025-01-12,
SHP002769,CUST03407,PART3563,BR4571,BR4209,2025-11-05,Standard,Parcel,3.24,1342,869.38,Cancelled,2025-11-09,
SHP002770,CUST00998,PART3383,BR2769,BR4675,2025-09-01,Standard,Food,4.04,685,525.63,Delivered,2025-09-05,2025-09-07
SHP002771,CUST01156,PART1730,BR2322,BR4448,2025-05-13,Standard,Food,3.03,711,517.71,Delivered,2025-05-17,2025-05-19
SHP002772,CUST04246,PART1856,BR2378,BR4416,2025-12-20,Standard,Document,5.3,1789,1160.55,Delivered,2025-12-24,2025-12-27
SHP002773,CUST00252,PART4529,BR4564,BR0005,2025-11-23,Standard,Parcel,6.03,1689,1121.61,Delivered,2025-11-27,2025-11-26
SHP002774,CUST01228,PART4158,BR4940,BR0419,2025-01-09,Standard,Fragile,4.97,2119,1334.79,In Transit,2025-01-13,
SHP002775,CUST04899,PART1265,BR4272,BR0984,2025-10-11,Express,Document,3.49,1579,1085.23,Delivered,2025-10-13,2025-10-15
SHP002776,CUST00799,PART0833,BR4855,BR4437,2025-02-27,Express,Document,0.57,1808,1146.94,In Transit,2025-03-01,
SHP002777,CUST01125,PART4828,BR1775,BR1621,2025-03-07,Economy,Clothing,7.26,400,439.72,Delivered,2025-03-14,2025-03-16
SHP002778,CUST04560,PART2310,BR0469,BR4369,2025-06-05,Express,Document,1.56,1466,980.62,Delivered,2025-06-07,2025-06-10
SHP002779,CUST04611,PART3638,BR3621,BR0492,2025-09-04,Express,Clothing,2.26,361,388.27,In Transit,2025-09-06,
SHP002780,CUST01380,PART0207,BR1298,BR3466,2025-02-14,Standard,Fragile,4.24,1884,1189.48,Returned,2025-02-18,2025-02-22
SHP002781,CUST04139,PART3824,BR3078,BR4675,2025-04-12,Standard,Clothing,2.42,1059,695.69,Cancelled,2025-04-16,
SHP002782,CUST02850,PART4743,BR1779,BR3125,2025-09-17,Express,Electronics,2.32,649,547.99,Delivered,2025-09-19,2025-09-19
SHP002783,CUST02043,PART1704,BR4209,BR3993,2025-05-05,Standard,Document,7.56,628,571.72,Returned,2025-05-09,2025-05-12
SHP002784,CUST02123,PART3809,BR2671,BR3642,2025-05-08,Same Day,Fragile,10.5,180,520.0,Delivered,2025-05-09,2025-05-09
SHP002785,CUST04857,PART0418,BR0146,BR4267,2025-08-04,Same Day,Food,2.88,1471,1062.41,Delivered,2025-08-05,2025-08-04
SHP002786,CUST04871,PART2855,BR1958,BR0886,2025-11-18,Standard,Electronics,1.28,1100,693.16,Delivered,2025-11-22,2025-11-26
SHP002787,CUST01627,PART4036,BR3907,BR1171,2025-09-11,Standard,Food,2.0,1181,753.55,Out for Delivery,2025-09-15,
SHP002788,CUST02893,PART4540,BR1185,BR4947,2025-03-03,Same Day,Electronics,2.73,1974,1335.76,In Transit,2025-03-04,
SHP002789,CUST04927,PART1484,BR3467,BR2591,2025-07-09,Economy,Clothing,1.96,1725,1051.87,Delayed,2025-07-16,2025-07-15
SHP002790,CUST00475,PART2131,BR3572,BR1398,2025-08-25,Same Day,Food,1.13,1302,930.96,Delivered,2025-08-26,2025-08-27
SHP002791,CUST00161,PART2991,BR4099,BR2243,2025-02-28,Standard,Parcel,3.22,170,224.34,In Transit,2025-03-04,
SHP002792,CUST03606,PART4624,BR0805,BR3813,2025-02-02,Same Day,Electronics,6.7,584,658.6,Delivered,2025-02-03,2025-02-05
SHP002793,CUST02945,PART1629,BR1716,BR3336,2025-06-30,Standard,Clothing,1.23,180,186.06,In Transit,2025-07-04,
SHP002794,CUST02510,PART2995,BR4715,BR3423,2025-01-24,Economy,Clothing,3.32,462,387.14,Delivered,2025-01-31,2025-01-31
SHP002795,CUST02620,PART0995,BR0809,BR4898,2025-04-07,Standard,Document,0.48,2185,1272.31,Delivered,2025-04-11,2025-04-10
SHP002796,CUST03904,PART4943,BR2588,BR1600,2025-02-15,Economy,Fragile,5.72,756,601.64,In Transit,2025-02-22,
SHP002797,CUST01774,PART1671,BR3396,BR1435,2025-08-21,Standard,Clothing,2.58,1160,754.76,In Transit,2025-08-25,
SHP002798,CUST00688,PART3466,BR0400,BR3421,2025-12-06,Economy,Parcel,1.78,1769,1072.11,Delayed,2025-12-13,2025-12-13
SHP002799,CUST01467,PART1213,BR1621,BR0779,2025-08-03,Economy,Document,4.77,327,344.79,Returned,2025-08-10,2025-08-11
SHP002800,CUST02815,PART0661,BR2587,BR0704,2025-02-13,Standard,Food,2.19,509,388.13,Delivered,2025-02-17,2025-02-16
SHP002801,CUST00220,PART0704,BR0015,BR2100,2025-07-10,Standard,Clothing,1.45,1628,987.3,Delivered,2025-07-14,2025-07-14
SHP002802,CUST03579,PART4766,BR0593,BR2469,2025-10-21,Standard,Electronics,7.37,454,471.84,Out for Delivery,2025-10-25,
SHP002803,CUST02259,PART1780,BR1212,BR1625,2025-08-18,Express,Fragile,5.58,1994,1359.46,Delayed,2025-08-20,2025-08-20
SHP002804,CUST02118,PART1376,BR4789,BR2643,2025-01-17,Standard,Food,1.11,1688,1012.82,Delivered,2025-01-21,2025-01-20
SHP002805,CUST03422,PART2663,BR0918,BR3889,2025-10-02,Standard,Document,2.19,1933,1171.33,Delivered,2025-10-06,2025-10-05
SHP002806,CUST02782,PART0742,BR1751,BR0927,2025-10-10,Standard,Electronics,4.78,913,667.31,Delayed,2025-10-14,2025-10-17
SHP002807,CUST03581,PART0684,BR1938,BR4537,2025-03-02,Express,Fragile,7.61,2102,1463.52,Returned,2025-03-04,2025-03-06
SHP002808,CUST00427,PART3404,BR1739,BR3137,2025-05-26,Express,Food,4.29,2170,1427.88,Delivered,2025-05-28,2025-05-29
SHP002809,CUST03363,PART0895,BR1279,BR2171,2025-12-09,Standard,Fragile,3.62,877,621.99,Cancelled,2025-12-13,
SHP002810,CUST01471,PART2061,BR0885,BR2999,2025-02-21,Express,Fragile,2.08,27,200.61,Out for Delivery,2025-02-23,
SHP002811,CUST00035,PART2706,BR4420,BR4572,2025-01-09,Standard,Fragile,3.53,37,158.01,Delivered,2025-01-13,2025-01-15
SHP002812,CUST02123,PART1184,BR1858,BR3301,2025-03-24,Standard,Document,1.86,746,511.22,Delivered,2025-03-28,2025-03-27
SHP002813,CUST02223,PART1014,BR0451,BR1079,2025-10-22,Express,Clothing,1.49,749,584.73,Delivered,2025-10-24,2025-10-26
SHP002814,CUST03799,PART4868,BR0285,BR4173,2025-02-16,Standard,Document,3.39,365,335.33,Delivered,2025-02-20,2025-02-22
SHP002815,CUST03110,PART1451,BR3634,BR3366,2025-10-20,Standard,Electronics,0.65,956,600.1,Delivered,2025-10-24,2025-10-26
SHP002816,CUST00238,PART1619,BR4314,BR4751,2025-12-17,Standard,Electronics,4.78,549,467.11,Returned,2025-12-21,2025-12-20
SHP002817,CUST04048,PART0127,BR1087,BR4627,2025-12-18,Standard,Document,6.33,858,671.16,Delivered,2025-12-22,2025-12-25
SHP002818,CUST04762,PART2992,BR1963,BR2018,2025-12-03,Economy,Electronics,8.31,137,318.17,Delivered,2025-12-10,2025-12-14
SHP002819,CUST00089,PART4198,BR0517,BR1454,2025-08-23,Same Day,Electronics,1.29,830,674.88,Delivered,2025-08-24,2025-08-28
SHP002820,CUST01961,PART0754,BR1412,BR0587,2025-10-09,Standard,Parcel,1.64,1996,1193.88,Cancelled,2025-10-13,
SHP002821,CUST01223,PART0565,BR2017,BR1836,2025-12-28,Standard,Electronics,2.53,832,573.26,Delivered,2026-01-01,2026-01-04
SHP002822,CUST04947,PART4877,BR1451,BR2547,2025-12-01,Standard,Clothing,1.56,520,380.32,Returned,2025-12-05,2025-12-04
SHP002823,CUST03185,PART1381,BR3072,BR1403,2025-03-02,Standard,Document,7.76,1689,1159.67,Returned,2025-03-06,2025-03-08
SHP002824,CUST00309,PART1217,BR1207,BR1417,2025-12-25,Standard,Clothing,4.94,1673,1088.83,Returned,2025-12-29,2025-12-31
SHP002825,CUST03143,PART0018,BR4412,BR2463,2025-04-15,Express,Parcel,2.88,2097,1356.71,Cancelled,2025-04-17,
SHP002826,CUST02402,PART4187,BR3578,BR0017,2025-03-09,Same Day,Document,1.46,2148,1403.52,Delayed,2025-03-10,2025-03-13
SHP002827,CUST03236,PART0435,BR0247,BR3823,2025-05-17,Express,Document,2.76,1415,978.97,In Transit,2025-05-19,
SHP002828,CUST02377,PART1062,BR2369,BR3975,2025-07-01,Express,Fragile,4.04,18,238.78,Returned,2025-07-03,2025-07-07
SHP002829,CUST02951,PART4283,BR4821,BR1944,2025-08-13,Standard,Food,2.02,1078,697.34,Out for Delivery,2025-08-17,
SHP002830,CUST01950,PART2148,BR4420,BR3944,2025-01-27,Standard,Parcel,0.45,768,492.3,In Transit,2025-01-31,
SHP002831,CUST04684,PART2761,BR1938,BR4856,2025-07-12,Standard,Clothing,3.1,515,411.45,Delayed,2025-07-16,2025-07-15
SHP002832,CUST03410,PART2408,BR1064,BR0593,2025-07-04,Standard,Electronics,1.42,1037,661.59,Out for Delivery,2025-07-08,
SHP002833,CUST02447,PART2431,BR0705,BR2160,2025-09-17,Same Day,Clothing,3.38,1735,1218.61,Delivered,2025-09-18,2025-09-18
SHP002834,CUST04293,PART1857,BR2760,BR2546,2025-02-21,Express,Document,4.11,878,713.32,Delivered,2025-02-23,2025-02-24
SHP002835,CUST01153,PART1860,BR4345,BR1417,2025-03-06,Standard,Clothing,4.33,336,340.06,Delivered,2025-03-10,2025-03-09
SHP002836,CUST04533,PART0411,BR2891,BR1574,2025-04-10,Standard,Food,0.62,1746,1033.94,Returned,2025-04-14,2025-04-14
SHP002837,CUST00567,PART2091,BR2186,BR4286,2025-09-28,Express,Food,2.24,1344,928.48,Delivered,2025-09-30,2025-10-02
SHP002838,CUST00627,PART3135,BR1925,BR2565,2025-10-25,Express,Document,2.83,932,714.86,Out for Delivery,2025-10-27,
SHP002839,CUST03820,PART2741,BR0513,BR1544,2025-02-25,Standard,Electronics,2.75,1565,981.25,Delivered,2025-03-01,2025-02-28
SHP002840,CUST04953,PART2227,BR3634,BR4462,2025-03-27,Express,Fragile,5.6,322,440.3,Delivered,2025-03-29,2025-04-01
SHP002841,CUST03797,PART2662,BR3743,BR1575,2025-03-18,Standard,Electronics,1.45,691,471.95,Delivered,2025-03-22,2025-03-21
SHP002842,CUST03384,PART3755,BR0614,BR1847,2025-11-28,Express,Parcel,1.68,436,416.76,Delivered,2025-11-30,2025-11-29
SHP002843,CUST03056,PART0250,BR4414,BR4862,2025-03-23,Standard,Electronics,6.22,1231,873.89,Delivered,2025-03-27,2025-03-27
SHP002844,CUST02566,PART1935,BR3441,BR4085,2025-01-02,Standard,Document,2.73,1669,1038.01,In Transit,2025-01-06,
SHP002845,CUST02734,PART4826,BR1179,BR1963,2025-03-04,Standard,Document,1.86,1833,1109.07,Delivered,2025-03-08,2025-03-08
SHP002846,CUST00902,PART0242,BR3988,BR2710,2025-06-24,Standard,Food,9.92,203,389.89,In Transit,2025-06-28,
SHP002847,CUST03081,PART4886,BR2696,BR1308,2025-03-12,Same Day,Clothing,3.71,1751,1234.67,Returned,2025-03-13,2025-03-17
SHP002848,CUST00048,PART3323,BR1806,BR3247,2025-12-05,Standard,Food,3.52,93,188.59,Delivered,2025-12-09,2025-12-12
SHP002849,CUST00396,PART4356,BR4943,BR3003,2025-10-17,Standard,Food,5.41,410,404.52,Returned,2025-10-21,2025-10-24
SHP002850,CUST03240,PART1175,BR3119,BR4168,2025-05-09,Economy,Parcel,6.64,850,673.58,Delivered,2025-05-16,2025-05-19
SHP002851,CUST01964,PART2733,BR0491,BR2947,2025-11-11,Same Day,Clothing,3.96,2194,1483.82,Delivered,2025-11-12,2025-11-13
SHP002852,CUST03616,PART4422,BR1828,BR1733,2025-04-20,Express,Clothing,7.36,1905,1349.67,In Transit,2025-04-22,
SHP002853,CUST01273,PART0688,BR3046,BR0701,2025-03-23,Same Day,Document,2.29,913,742.53,Delivered,2025-03-24,2025-03-27
SHP002854,CUST03891,PART2285,BR3038,BR1018,2025-06-24,Economy,Clothing,2.2,1826,1112.7,Delivered,2025-07-01,2025-06-30
SHP002855,CUST02938,PART0533,BR3051,BR1291,2025-05-13,Economy,Clothing,1.01,324,260.42,Delivered,2025-05-20,2025-05-19
SHP002856,CUST00770,PART1369,BR2990,BR0526,2025-07-25,Standard,Electronics,4.1,717,544.55,In Transit,2025-07-29,
SHP002857,CUST00920,PART3993,BR1158,BR2002,2025-06-30,Standard,Clothing,2.55,2003,1217.75,Delivered,2025-07-04,2025-07-05
SHP002858,CUST02224,PART4950,BR4830,BR0214,2025-09-03,Same Day,Electronics,2.81,24,265.02,Delivered,2025-09-04,2025-09-08
SHP002859,CUST03195,PART3241,BR4472,BR4082,2025-05-07,Standard,Food,4.84,538,462.38,Returned,2025-05-11,2025-05-10
SHP002860,CUST02402,PART4690,BR3952,BR4609,2025-08-04,Standard,Clothing,2.66,2095,1270.77,Delivered,2025-08-08,2025-08-08
SHP002861,CUST01021,PART1021,BR4839,BR4634,2025-01-11,Standard,Clothing,2.45,670,482.4,In Transit,2025-01-15,
SHP002862,CUST04274,PART1807,BR3286,BR2796,2025-04-01,Express,Document,3.38,27,229.21,Delayed,2025-04-03,2025-04-03
SHP002863,CUST02005,PART1792,BR0783,BR4724,2025-10-05,Express,Parcel,4.83,2022,1358.36,In Transit,2025-10-07,
SHP002864,CUST03403,PART4742,BR0193,BR2297,2025-10-28,Standard,Document,3.83,1273,844.41,Out for Delivery,2025-11-01,
SHP002865,CUST02350,PART4475,BR3725,BR3651,2025-11-27,Standard,Parcel,2.0,1739,1060.45,Returned,2025-12-01,2025-12-03
SHP002866,CUST04036,PART0182,BR1784,BR2481,2025-05-01,Standard,Document,3.27,1612,1018.54,Delivered,2025-05-05,2025-05-08
SHP002867,CUST03176,PART1452,BR3501,BR1335,2025-07-09,Standard,Food,2.82,69,159.99,Delivered,2025-07-13,2025-07-16
SHP002868,CUST02926,PART0143,BR2689,BR2258,2025-10-04,Express,Fragile,5.43,2064,1394.66,Delivered,2025-10-06,2025-10-10
SHP002869,CUST04995,PART4530,BR3648,BR0447,2025-02-23,Express,Food,3.8,1695,1155.85,In Transit,2025-02-25,
SHP002870,CUST04638,PART0176,BR0942,BR2043,2025-09-02,Standard,Clothing,2.18,2156,1293.76,Delivered,2025-09-06,2025-09-10
SHP002871,CUST03152,PART4288,BR1621,BR1531,2025-08-22,Same Day,Electronics,1.04,1524,1051.08,Delivered,2025-08-23,2025-08-26
SHP002872,CUST04800,PART2317,BR0649,BR1559,2025-09-15,Express,Document,2.26,116,253.52,Delivered,2025-09-17,2025-09-17
SHP002873,CUST03349,PART0972,BR4587,BR0272,2025-05-28,Same Day,Food,1.63,1023,788.51,Delivered,2025-05-29,2025-06-01
SHP002874,CUST01976,PART2684,BR2036,BR3597,2025-09-11,Express,Parcel,1.24,2021,1278.83,Delivered,2025-09-13,2025-09-16
SHP002875,CUST00067,PART0722,BR3150,BR4941,2025-01-11,Express,Parcel,3.18,67,246.81,In Transit,2025-01-13,
SHP002876,CUST02728,PART4616,BR0601,BR2986,2025-04-08,Standard,Parcel,2.06,435,344.57,In Transit,2025-04-12,
SHP002877,CUST01496,PART1860,BR0972,BR1936,2025-03-07,Standard,Clothing,0.79,810,522.88,Delivered,2025-03-11,2025-03-14
SHP002878,CUST01836,PART1244,BR4444,BR3232,2025-06-22,Standard,Food,1.99,574,419.48,Delivered,2025-06-26,2025-06-27
SHP002879,CUST00150,PART0280,BR0181,BR4800,2025-11-04,Economy,Electronics,3.68,1100,745.96,Returned,2025-11-11,2025-11-15
SHP002880,CUST03802,PART3316,BR3904,BR2291,2025-05-01,Standard,Electronics,1.48,1374,848.26,In Transit,2025-05-05,
SHP002881,CUST00765,PART3782,BR0352,BR3863,2025-01-25,Express,Food,2.15,1381,946.85,Delivered,2025-01-27,2025-01-31
SHP002882,CUST04566,PART4825,BR3751,BR2271,2025-05-21,Standard,Fragile,3.94,1482,961.78,Delivered,2025-05-25,2025-05-26
SHP002883,CUST00270,PART0973,BR0586,BR0276,2025-10-15,Economy,Food,3.43,1149,767.41,Delivered,2025-10-22,2025-10-22
SHP002884,CUST00637,PART3857,BR2177,BR4801,2025-02-25,Standard,Fragile,2.86,617,462.27,Delivered,2025-03-01,2025-03-04
SHP002885,CUST01410,PART4367,BR4333,BR2320,2025-10-30,Economy,Clothing,6.67,1613,1093.89,Out for Delivery,2025-11-06,
SHP002886,CUST02629,PART1805,BR3625,BR3936,2025-07-06,Economy,Document,2.09,161,194.53,Delivered,2025-07-13,2025-07-12
SHP002887,CUST00623,PART3536,BR2632,BR3621,2025-06-10,Standard,Parcel,0.76,1140,703.72,Delivered,2025-06-14,2025-06-14
SHP002888,CUST03755,PART3208,BR3532,BR3253,2025-04-22,Economy,Clothing,0.97,1515,914.59,Delayed,2025-04-29,2025-05-03
SHP002889,CUST00837,PART4646,BR4962,BR3311,2025-03-27,Standard,Food,3.3,1057,713.95,Delivered,2025-03-31,2025-04-04
SHP002890,CUST01298,PART2697,BR1313,BR4386,2025-05-19,Express,Food,4.32,1960,1313.04,Delivered,2025-05-21,2025-05-24
SHP002891,CUST01794,PART3446,BR0917,BR0329,2025-08-06,Express,Clothing,11.02,82,427.54,Delivered,2025-08-08,2025-08-08
SHP002892,CUST02652,PART1347,BR3525,BR1952,2025-05-03,Economy,Electronics,5.14,323,350.73,Out for Delivery,2025-05-10,
SHP002893,CUST04929,PART1320,BR0818,BR4740,2025-05-29,Express,Document,3.03,851,674.71,Returned,2025-05-31,2025-06-01
SHP002894,CUST04683,PART3899,BR0754,BR4158,2025-08-28,Standard,Clothing,1.64,214,213.78,Delivered,2025-09-01,2025-09-02
SHP002895,CUST02037,PART4395,BR2967,BR2581,2025-06-16,Standard,Food,2.14,1483,922.73,In Transit,2025-06-20,
SHP002896,CUST00301,PART2659,BR4926,BR0749,2025-01-15,Standard,Clothing,0.62,855,543.89,Delivered,2025-01-19,2025-01-23
SHP002897,CUST02720,PART3486,BR4530,BR0611,2025-11-04,Standard,Food,2.78,1202,782.26,Delivered,2025-11-08,2025-11-10
SHP002898,CUST04801,PART0116,BR1141,BR0756,2025-01-31,Economy,Document,1.54,345,283.63,Out for Delivery,2025-02-07,
SHP002899,CUST02361,PART0085,BR0512,BR4054,2025-05-03,Express,Electronics,2.49,589,518.73,Delivered,2025-05-05,2025-05-09
SHP002900,CUST02723,PART2700,BR2803,BR1074,2025-06-19,Economy,Food,9.39,1247,952.43,In Transit,2025-06-26,
SHP002901,CUST01987,PART0430,BR4206,BR4640,2025-11-14,Economy,Parcel,3.99,1502,973.88,Delivered,2025-11-21,2025-11-20
SHP002902,CUST00388,PART2872,BR2622,BR2027,2025-07-06,Standard,Food,2.4,529,403.75,Cancelled,2025-07-10,
SHP002903,CUST04481,PART3334,BR3598,BR1279,2025-02-19,Economy,Fragile,4.33,2157,1341.61,In Transit,2025-02-26,
SHP002904,CUST03399,PART2748,BR3826,BR4560,2025-10-10,Standard,Parcel,1.89,24,114.78,Delivered,2025-10-14,2025-10-13
SHP002905,CUST02238,PART1173,BR3578,BR3107,2025-01-07,Same Day,Document,10.28,1113,1028.31,Delivered,2025-01-08,2025-01-10
SHP002906,CUST01830,PART4986,BR1419,BR4240,2025-11-30,Economy,Food,1.82,1656,1010.84,Delivered,2025-12-07,2025-12-09
SHP002907,CUST00094,PART4868,BR4662,BR3690,2025-08-10,Standard,Food,3.84,1880,1178.48,In Transit,2025-08-14,
SHP002908,CUST00455,PART4137,BR0840,BR4753,2025-07-10,Express,Clothing,2.81,624,545.02,Out for Delivery,2025-07-12,
SHP002909,CUST03604,PART2461,BR1817,BR4815,2025-01-01,Standard,Electronics,4.84,2037,1286.83,Delivered,2025-01-05,2025-01-08
SHP002910,CUST01879,PART4939,BR1061,BR4533,2025-11-17,Standard,Electronics,7.63,1802,1218.96,Out for Delivery,2025-11-21,
SHP002911,CUST03344,PART1830,BR4069,BR3520,2025-08-23,Express,Parcel,8.64,2110,1490.58,Cancelled,2025-08-25,
SHP002912,CUST04405,PART3838,BR1979,BR3542,2025-11-13,Economy,Food,1.84,2054,1230.18,Delivered,2025-11-20,2025-11-23
SHP002913,CUST01210,PART2863,BR2961,BR0926,2025-05-26,Express,Parcel,7.71,2183,1510.27,Delivered,2025-05-28,2025-05-30
SHP002914,CUST02162,PART1034,BR4528,BR4479,2025-02-14,Economy,Parcel,2.96,1914,1177.82,Returned,2025-02-21,2025-02-20
SHP002915,CUST02494,PART0708,BR4673,BR1172,2025-08-04,Economy,Electronics,5.61,2176,1380.22,Delivered,2025-08-11,2025-08-11
SHP002916,CUST04241,PART1900,BR3066,BR1986,2025-03-23,Economy,Parcel,0.53,1748,1033.06,Delivered,2025-03-30,2025-03-29
SHP002917,CUST00548,PART1440,BR3373,BR2438,2025-01-20,Express,Clothing,4.78,412,471.76,Out for Delivery,2025-01-22,
SHP002918,CUST01879,PART3942,BR0300,BR3256,2025-07-05,Standard,Fragile,2.58,157,203.11,Delivered,2025-07-09,2025-07-08
SHP002919,CUST03443,PART2337,BR3655,BR0311,2025-02-19,Express,Fragile,7.44,2052,1432.28,In Transit,2025-02-21,
SHP002920,CUST04777,PART0159,BR0319,BR3497,2025-06-15,Standard,Fragile,3.84,1023,707.13,Delayed,2025-06-19,2025-06-19
SHP002921,CUST01557,PART0747,BR2740,BR0131,2025-05-21,Economy,Food,8.4,1792,1230.4,Delivered,2025-05-28,2025-05-28
SHP002922,CUST04762,PART2373,BR1173,BR4199,2025-05-05,Economy,Document,1.52,1443,887.09,Delivered,2025-05-12,2025-05-16
SHP002923,CUST00572,PART2825,BR2444,BR4580,2025-06-17,Standard,Clothing,1.24,213,204.43,Delivered,2025-06-21,2025-06-24
SHP002924,CUST03261,PART4353,BR3496,BR4702,2025-06-27,Standard,Fragile,0.73,208,190.46,Delivered,2025-07-01,2025-07-05
SHP002925,CUST03610,PART2578,BR1562,BR1059,2025-02-02,Same Day,Parcel,2.84,917,756.83,Delivered,2025-02-03,2025-02-07
SHP002926,CUST04137,PART3941,BR0763,BR3047,2025-09-12,Standard,Parcel,1.65,500,371.3,Delivered,2025-09-16,2025-09-18
SHP002927,CUST00984,PART1358,BR0297,BR2048,2025-03-05,Standard,Fragile,2.2,1492,929.0,Delivered,2025-03-09,2025-03-10
SHP002928,CUST00827,PART3390,BR1863,BR3656,2025-06-21,Express,Fragile,1.65,1057,757.65,Delivered,2025-06-23,2025-06-23
SHP002929,CUST02459,PART0786,BR2023,BR3781,2025-04-20,Standard,Clothing,5.13,2016,1281.66,In Transit,2025-04-24,
SHP002930,CUST01485,PART1767,BR2840,BR0418,2025-01-12,Standard,Parcel,3.49,1237,817.13,In Transit,2025-01-16,
SHP002931,CUST00560,PART2173,BR2271,BR2513,2025-03-26,Standard,Food,1.87,2102,1257.24,Delivered,2025-03-30,2025-04-03
SHP002932,CUST00697,PART0408,BR4508,BR3649,2025-11-18,Economy,Fragile,1.22,677,459.19,Delivered,2025-11-25,2025-11-27
SHP002933,CUST01832,PART4174,BR4020,BR3109,2025-01-06,Standard,Document,4.91,747,578.87,In Transit,2025-01-10,
SHP002934,CUST03437,PART2642,BR2641,BR0741,2025-11-16,Standard,Parcel,0.85,46,104.0,In Transit,2025-11-20,
SHP002935,CUST03613,PART0941,BR0957,BR0496,2025-09-15,Express,Food,1.11,1738,1120.32,In Transit,2025-09-17,
SHP002936,CUST00775,PART3597,BR2579,BR0089,2025-09-13,Standard,Electronics,5.63,1417,963.21,Delivered,2025-09-17,2025-09-18
SHP002937,CUST01498,PART1718,BR2536,BR4952,2025-08-03,Express,Document,1.12,909,664.59,Delivered,2025-08-05,2025-08-05
SHP002938,CUST04690,PART2991,BR2859,BR4747,2025-11-16,Standard,Electronics,3.53,113,199.81,Delivered,2025-11-20,2025-11-20
SHP002939,CUST01562,PART1611,BR2052,BR0017,2025-04-12,Standard,Parcel,3.56,1374,894.02,Delivered,2025-04-16,2025-04-17
SHP002940,CUST03170,PART2996,BR0545,BR3450,2025-09-30,Standard,Electronics,2.01,747,515.07,Cancelled,2025-10-04,
SHP002941,CUST01730,PART2934,BR0162,BR0014,2025-01-10,Same Day,Electronics,2.29,480,504.38,Delivered,2025-01-11,2025-01-10
SHP002942,CUST01216,PART3241,BR4959,BR1174,2025-11-27,Standard,Fragile,5.03,1743,1129.31,Out for Delivery,2025-12-01,
SHP002943,CUST04130,PART0882,BR2863,BR0666,2025-06-08,Standard,Fragile,1.85,1867,1127.55,Returned,2025-06-12,2025-06-16
SHP002944,CUST04841,PART1140,BR2964,BR4196,2025-07-14,Standard,Food,1.76,1927,1158.57,Delayed,2025-07-18,2025-07-17
SHP002945,CUST01080,PART4817,BR4235,BR3056,2025-06-08,Standard,Fragile,6.73,1547,1058.91,Out for Delivery,2025-06-12,
SHP002946,CUST01991,PART2327,BR3006,BR3433,2025-05-03,Economy,Clothing,0.73,2022,1188.16,Delivered,2025-05-10,2025-05-11
SHP002947,CUST00485,PART4275,BR4859,BR2355,2025-11-01,Standard,Food,1.45,1165,732.65,Delayed,2025-11-05,2025-11-08
SHP002948,CUST02019,PART4189,BR0131,BR4706,2025-08-13,Same Day,Food,2.59,1289,955.93,In Transit,2025-08-14,
SHP002949,CUST03204,PART2005,BR1027,BR0842,2025-01-24,Same Day,Electronics,1.77,1528,1069.34,In Transit,2025-01-25,
SHP002950,CUST02401,PART0570,BR3557,BR3405,2025-03-05,Standard,Parcel,2.21,1077,700.97,Delivered,2025-03-09,2025-03-10
SHP002951,CUST00984,PART3278,BR0791,BR1379,2025-11-06,Standard,Clothing,3.71,1327,871.47,Returned,2025-11-10,2025-11-10
SHP002952,CUST01020,PART4662,BR0323,BR2748,2025-03-22,Express,Electronics,5.11,738,658.32,Delivered,2025-03-24,2025-03-26
SHP002953,CUST04798,PART3553,BR2953,BR4373,2025-11-24,Express,Document,0.62,1179,802.09,In Transit,2025-11-26,
SHP002954,CUST01184,PART0418,BR1093,BR2965,2025-04-08,Standard,Parcel,2.75,660,483.5,Delivered,2025-04-12,2025-04-11
SHP002955,CUST00396,PART2320,BR1780,BR1456,2025-03-02,Express,Clothing,3.48,2062,1350.66,Delivered,2025-03-04,2025-03-08
SHP002956,CUST00147,PART2152,BR0191,BR3075,2025-01-15,Economy,Electronics,5.46,966,711.42,Delivered,2025-01-22,2025-01-23
SHP002957,CUST00560,PART0231,BR3607,BR0007,2025-07-27,Standard,Document,3.6,452,387.8,Delivered,2025-07-31,2025-08-02
SHP002958,CUST02194,PART2884,BR0524,BR2677,2025-08-07,Standard,Electronics,7.53,1982,1315.76,Delivered,2025-08-11,2025-08-13
SHP002959,CUST03490,PART2738,BR2172,BR2570,2025-08-07,Express,Parcel,3.36,302,380.02,Delayed,2025-08-09,2025-08-12
SHP002960,CUST04281,PART1737,BR3093,BR3192,2025-05-25,Express,Fragile,6.04,2036,1392.68,Delayed,2025-05-27,2025-05-27
SHP002961,CUST01761,PART3720,BR2084,BR2650,2025-12-08,Economy,Parcel,5.34,1964,1257.68,Returned,2025-12-15,2025-12-16
SHP002962,CUST04798,PART2283,BR2175,BR3829,2025-08-01,Express,Parcel,2.87,510,483.64,Returned,2025-08-03,2025-08-04
SHP002963,CUST00696,PART3608,BR3480,BR2456,2025-09-18,Same Day,Fragile,2.06,1234,914.02,Returned,2025-09-19,2025-09-21
SHP002964,CUST01608,PART3510,BR0212,BR0299,2025-06-15,Standard,Fragile,6.12,1946,1264.94,In Transit,2025-06-19,
SHP002965,CUST00894,PART1401,BR4216,BR1350,2025-07-17,Standard,Food,8.74,248,388.68,Delivered,2025-07-21,2025-07-23
SHP002966,CUST01637,PART3394,BR3187,BR4367,2025-01-11,Standard,Fragile,2.45,1976,1200.7,In Transit,2025-01-15,
SHP002967,CUST02290,PART4662,BR0654,BR2036,2025-01-26,Standard,Fragile,2.49,1009,669.73,In Transit,2025-01-30,
SHP002968,CUST02756,PART0039,BR3189,BR3142,2025-12-26,Standard,Parcel,10.41,1136,913.82,Delivered,2025-12-30,2025-12-29
SHP002969,CUST00814,PART1409,BR0184,BR2875,2025-02-26,Standard,Clothing,6.41,2012,1307.62,In Transit,2025-03-02,
SHP002970,CUST00843,PART2300,BR0177,BR0105,2025-03-13,Standard,Electronics,4.21,183,253.27,Delivered,2025-03-17,2025-03-20
SHP002971,CUST01419,PART2795,BR2487,BR4104,2025-06-10,Economy,Parcel,10.35,683,663.35,Delivered,2025-06-17,2025-06-19
SHP002972,CUST00689,PART3028,BR0138,BR1215,2025-02-17,Express,Electronics,4.17,876,713.54,Returned,2025-02-19,2025-02-20
SHP002973,CUST02197,PART1177,BR1798,BR0180,2025-08-04,Standard,Food,1.17,560,393.74,Delivered,2025-08-08,2025-08-07
SHP002974,CUST01338,PART1374,BR2531,BR4170,2025-03-13,Standard,Food,2.62,1535,961.89,Delivered,2025-03-17,2025-03-19
SHP002975,CUST02189,PART4715,BR4627,BR3621,2025-04-26,Standard,Clothing,4.5,1301,874.55,Delivered,2025-04-30,2025-05-01
SHP002976,CUST00097,PART1641,BR4428,BR2759,2025-06-01,Standard,Parcel,3.89,176,242.38,Out for Delivery,2025-06-05,
SHP002977,CUST00328,PART0037,BR4533,BR2208,2025-03-24,Same Day,Fragile,3.43,226,389.76,Out for Delivery,2025-03-25,
SHP002978,CUST02905,PART1208,BR2976,BR4284,2025-05-31,Same Day,Clothing,3.57,612,605.14,Delivered,2025-06-01,2025-05-31
SHP002979,CUST04442,PART0506,BR3852,BR0871,2025-04-06,Same Day,Fragile,3.04,1345,996.63,Delivered,2025-04-07,2025-04-07
SHP002980,CUST00069,PART3338,BR1112,BR2424,2025-02-16,Economy,Electronics,7.45,1924,1282.1,In Transit,2025-02-23,
SHP002981,CUST04075,PART3723,BR0675,BR2668,2025-05-06,Economy,Electronics,12.1,421,557.75,In Transit,2025-05-13,
SHP002982,CUST04804,PART1165,BR0190,BR2637,2025-12-11,Express,Fragile,4.76,500,519.72,In Transit,2025-12-13,
SHP002983,CUST01013,PART4913,BR0682,BR3424,2025-05-25,Express,Fragile,10.22,2119,1530.29,Delivered,2025-05-27,2025-05-27
SHP002984,CUST01931,PART1914,BR3825,BR0148,2025-07-12,Same Day,Food,3.91,567,587.87,Delivered,2025-07-13,2025-07-17
SHP002985,CUST02028,PART4278,BR3266,BR0025,2025-04-30,Economy,Fragile,1.32,1444,883.24,Cancelled,2025-05-07,
SHP002986,CUST01267,PART1274,BR1287,BR1093,2025-11-07,Standard,Food,2.84,870,600.98,Returned,2025-11-11,2025-11-15
SHP002987,CUST00608,PART2483,BR2829,BR0373,2025-02-08,Standard,Food,3.31,1535,977.07,Delivered,2025-02-12,2025-02-16
SHP002988,CUST04210,PART0879,BR1965,BR0796,2025-04-22,Express,Electronics,1.57,880,658.54,Returned,2025-04-24,2025-04-25
SHP002989,CUST03930,PART1294,BR1265,BR1351,2025-08-22,Standard,Fragile,3.17,1025,693.49,Delivered,2025-08-26,2025-08-25
SHP002990,CUST00321,PART2753,BR4722,BR3287,2025-09-30,Same Day,Fragile,2.43,1264,938.66,Out for Delivery,2025-10-01,
SHP002991,CUST02006,PART4996,BR2305,BR4823,2025-06-21,Same Day,Clothing,3.3,2033,1380.75,Delivered,2025-06-22,2025-06-22
SHP002992,CUST01626,PART2168,BR2058,BR0453,2025-04-29,Express,Clothing,5.94,677,643.03,In Transit,2025-05-01,
SHP002993,CUST03054,PART4343,BR2728,BR1706,2025-10-08,Standard,Electronics,0.82,234,206.74,Delivered,2025-10-12,2025-10-11
SHP002994,CUST04415,PART1254,BR0590,BR2682,2025-12-17,Economy,Parcel,3.76,1208,807.12,Returned,2025-12-24,2025-12-28
SHP002995,CUST00634,PART2241,BR0959,BR0649,2025-12-26,Standard,Clothing,7.41,262,367.12,Delivered,2025-12-30,2026-01-01
SHP002996,CUST01998,PART0478,BR1318,BR1953,2025-07-23,Economy,Clothing,4.09,1662,1064.08,In Transit,2025-07-30,
SHP002997,CUST00757,PART3949,BR4449,BR0019,2025-02-08,Standard,Parcel,0.92,896,573.04,In Transit,2025-02-12,
SHP002998,CUST02758,PART0268,BR0947,BR0422,2025-01-14,Standard,Food,2.65,520,404.3,In Transit,2025-01-18,
SHP002999,CUST04647,PART3184,BR3848,BR1442,2025-11-19,Standard,Electronics,2.55,1971,1200.15,In Transit,2025-11-23,
SHP003000,CUST03380,PART4809,BR2877,BR0211,2025-11-05,Same Day,Electronics,1.01,746,622.52,Out for Delivery,2025-11-06,
SHP003001,CUST03726,PART2206,BR2179,BR4680,2025-09-12,Standard,Food,1.16,171,179.57,In Transit,2025-09-16,
SHP003002,CUST03154,PART4531,BR4745,BR2589,2025-01-30,Express,Document,2.01,1425,967.97,Delivered,2025-02-01,2025-02-01
SHP003003,CUST01646,PART2648,BR2317,BR0710,2025-08-27,Express,Clothing,3.36,722,611.02,Delivered,2025-08-29,2025-08-31
SHP003004,CUST04539,PART3001,BR3590,BR4806,2025-04-11,Standard,Clothing,2.86,910,623.42,Cancelled,2025-04-15,
SHP003005,CUST03598,PART2301,BR1572,BR0972,2025-03-08,Express,Clothing,10.13,574,678.56,Delivered,2025-03-10,2025-03-09
SHP003006,CUST02971,PART3450,BR0763,BR4097,2025-07-29,Standard,Clothing,2.43,1475,924.71,Delivered,2025-08-02,2025-08-06
SHP003007,CUST04403,PART0528,BR3814,BR2288,2025-01-01,Express,Electronics,2.08,1900,1230.76,Delivered,2025-01-03,2025-01-04
SHP003008,CUST03342,PART3076,BR3269,BR3201,2025-05-03,Express,Document,0.58,1934,1216.46,Out for Delivery,2025-05-05,
SHP003009,CUST01596,PART0606,BR3718,BR3552,2025-12-08,Standard,Parcel,4.86,1698,1100.82,Delivered,2025-12-12,2025-12-15
SHP003010,CUST02200,PART4372,BR4367,BR3766,2025-08-17,Standard,Electronics,1.49,628,438.18,In Transit,2025-08-21,
SHP003011,CUST03521,PART1790,BR3359,BR0233,2025-07-04,Standard,Electronics,1.29,545,388.13,Delivered,2025-07-08,2025-07-09
SHP003012,CUST04470,PART0602,BR2212,BR0724,2025-12-29,Same Day,Electronics,4.23,512,564.66,Delivered,2025-12-30,2025-12-30
SHP003013,CUST00884,PART2529,BR3719,BR0748,2025-05-06,Standard,Food,2.07,532,398.14,In Transit,2025-05-10,
SHP003014,CUST03332,PART4584,BR4672,BR4091,2025-10-27,Standard,Parcel,1.4,1319,816.25,In Transit,2025-10-31,
SHP003015,CUST00796,PART1807,BR1079,BR4795,2025-09-23,Standard,Fragile,0.86,1175,725.17,Delivered,2025-09-27,2025-09-27
SHP003016,CUST02800,PART1574,BR2550,BR1725,2025-02-25,Standard,Food,7.37,74,262.84,Delayed,2025-03-01,2025-03-04
SHP003017,CUST03274,PART4772,BR2946,BR0055,2025-02-25,Standard,Document,3.09,1128,748.38,Delivered,2025-03-01,2025-02-28
SHP003018,CUST04479,PART1105,BR0098,BR1053,2025-11-27,Express,Food,5.0,1652,1158.6,Out for Delivery,2025-11-29,
SHP003019,CUST00350,PART1075,BR4409,BR4017,2025-08-05,Economy,Clothing,4.96,162,258.22,Delivered,2025-08-12,2025-08-11
SHP003020,CUST00946,PART3927,BR3573,BR3754,2025-08-28,Economy,Parcel,6.51,255,343.47,Delivered,2025-09-04,2025-09-05
SHP003021,CUST02465,PART0226,BR1587,BR0618,2025-11-05,Same Day,Fragile,6.64,27,350.93,In Transit,2025-11-06,
SHP003022,CUST04502,PART1635,BR0676,BR1584,2025-09-24,Standard,Electronics,2.44,663,478.33,Delivered,2025-09-28,2025-10-02
SHP003023,CUST00469,PART4229,BR1317,BR1305,2025-11-08,Express,Parcel,1.17,2166,1357.04,Cancelled,2025-11-10,
SHP003024,CUST00112,PART2123,BR2084,BR1610,2025-04-06,Standard,Parcel,6.5,1077,795.35,In Transit,2025-04-10,
SHP003025,CUST04936,PART0728,BR1333,BR2217,2025-12-03,Standard,Fragile,0.7,164,165.6,Out for Delivery,2025-12-07,
SHP003026,CUST03904,PART3361,BR3929,BR1830,2025-04-24,Express,Parcel,1.88,2121,1347.91,Delivered,2025-04-26,2025-04-28
SHP003027,CUST03288,PART3163,BR1837,BR3717,2025-09-06,Economy,Food,6.91,232,339.62,Delivered,2025-09-13,2025-09-15
SHP003028,CUST00337,PART1428,BR4337,BR4359,2025-12-18,Standard,Document,3.17,820,580.74,Delivered,2025-12-22,2025-12-23
SHP003029,CUST00342,PART0676,BR3801,BR0629,2025-07-21,Standard,Parcel,4.28,1419,934.61,Delivered,2025-07-25,2025-07-28
SHP003030,CUST01549,PART3211,BR0806,BR0967,2025-09-19,Standard,Parcel,3.05,809,572.05,Returned,2025-09-23,2025-09-23
SHP003031,CUST01870,PART1970,BR2542,BR1613,2025-07-20,Standard,Electronics,1.26,619,428.17,In Transit,2025-07-24,
SHP003032,CUST03965,PART0296,BR4038,BR1404,2025-04-13,Same Day,Electronics,0.68,514,487.66,Delivered,2025-04-14,2025-04-17
SHP003033,CUST02699,PART4851,BR4103,BR4646,2025-01-13,Express,Parcel,2.27,1667,1106.79,Delivered,2025-01-15,2025-01-17
SHP003034,CUST03727,PART0880,BR0520,BR0378,2025-03-20,Economy,Clothing,5.79,2091,1337.43,Delivered,2025-03-27,2025-03-29
SHP003035,CUST01370,PART0958,BR4894,BR3008,2025-07-20,Standard,Food,3.66,487,408.37,Delivered,2025-07-24,2025-07-25
SHP003036,CUST01198,PART0295,BR1129,BR3723,2025-11-04,Express,Clothing,3.55,1706,1156.4,Out for Delivery,2025-11-06,
SHP003037,CUST03781,PART4153,BR3826,BR2821,2025-06-27,Standard,Electronics,0.64,365,274.83,Out for Delivery,2025-07-01,
SHP003038,CUST00833,PART3054,BR2765,BR3453,2025-03-20,Standard,Parcel,8.42,1074,835.94,In Transit,2025-03-24,
SHP003039,CUST02434,PART1925,BR2256,BR3126,2025-09-09,Same Day,Electronics,2.44,1858,1265.58,Delivered,2025-09-10,2025-09-11
SHP003040,CUST03069,PART4740,BR4504,BR2767,2025-08-14,Express,Parcel,0.7,1589,1029.35,Delivered,2025-08-16,2025-08-15
SHP003041,CUST02683,PART4938,BR0120,BR2824,2025-06-24,Express,Food,4.45,1486,1055.2,Delivered,2025-06-26,2025-06-28
SHP003042,CUST03203,PART2220,BR0852,BR1260,2025-10-28,Standard,Document,3.12,1377,885.99,Delivered,2025-11-01,2025-10-31
SHP003043,CUST03069,PART0368,BR1356,BR3082,2025-07-08,Express,Clothing,8.54,316,501.68,Returned,2025-07-10,2025-07-10
SHP003044,CUST02405,PART1369,BR3494,BR3469,2025-11-23,Standard,Clothing,1.88,1599,980.81,Delivered,2025-11-27,2025-11-28
SHP003045,CUST01216,PART4022,BR1621,BR3913,2025-04-03,Standard,Clothing,1.98,1957,1179.91,Delayed,2025-04-07,2025-04-06
SHP003046,CUST02385,PART0131,BR4220,BR3345,2025-02-24,Express,Food,5.94,227,395.53,In Transit,2025-02-26,
SHP003047,CUST01749,PART1737,BR0739,BR2403,2025-06-10,Standard,Electronics,4.7,1144,792.6,In Transit,2025-06-14,
SHP003048,CUST04125,PART2508,BR2529,BR3599,2025-04-26,Economy,Document,4.05,681,523.65,Out for Delivery,2025-05-03,
SHP003049,CUST04628,PART4488,BR1137,BR3897,2025-06-14,Standard,Food,3.34,158,220.38,Delivered,2025-06-18,2025-06-19
SHP003050,CUST01146,PART0518,BR2709,BR4942,2025-07-10,Standard,Electronics,1.79,2118,1264.28,Delivered,2025-07-14,2025-07-14
SHP003051,CUST01223,PART1863,BR4812,BR3697,2025-03-28,Express,Food,4.91,1237,928.37,Delivered,2025-03-30,2025-04-01
SHP003052,CUST04240,PART4646,BR2095,BR2375,2025-10-03,Same Day,Fragile,4.92,1452,1096.84,Returned,2025-10-04,2025-10-03
SHP003053,CUST02137,PART0698,BR2036,BR0498,2025-02-08,Standard,Clothing,2.21,1535,952.87,Returned,2025-02-12,2025-02-15
SHP003054,CUST02466,PART2633,BR3723,BR0257,2025-05-07,Economy,Electronics,5.85,1150,821.2,Delivered,2025-05-14,2025-05-13
SHP003055,CUST03561,PART2553,BR4109,BR0113,2025-01-17,Standard,Food,1.77,1382,859.04,Cancelled,2025-01-21,
SHP003056,CUST00548,PART0257,BR3626,BR4598,2025-07-01,Express,Clothing,4.95,1436,1038.7,Delayed,2025-07-03,2025-07-06
SHP003057,CUST00216,PART2644,BR4791,BR4056,2025-05-09,Standard,Food,2.43,283,269.11,Delivered,2025-05-13,2025-05-12
SHP003058,CUST02315,PART1616,BR3624,BR2717,2025-09-25,Express,Fragile,5.89,1345,1009.33,In Transit,2025-09-27,
SHP003059,CUST02272,PART3245,BR1686,BR3527,2025-01-10,Standard,Food,3.11,795,565.67,In Transit,2025-01-14,
SHP003060,CUST03014,PART4684,BR1272,BR4247,2025-01-13,Standard,Parcel,1.8,1481,914.15,Delivered,2025-01-17,2025-01-18
SHP003061,CUST01360,PART0304,BR3344,BR1805,2025-10-08,Express,Document,6.51,838,744.12,Delivered,2025-10-10,2025-10-09
SHP003062,CUST03020,PART4958,BR4937,BR4801,2025-02-06,Express,Parcel,1.62,698,559.54,Out for Delivery,2025-02-08,
SHP003063,CUST03213,PART2455,BR0019,BR2755,2025-11-16,Standard,Electronics,1.05,1628,978.5,Delivered,2025-11-20,2025-11-20
SHP003064,CUST02235,PART4047,BR4234,BR3213,2025-03-11,Standard,Food,0.85,509,358.65,Delivered,2025-03-15,2025-03-19
SHP003065,CUST00942,PART4986,BR2317,BR4655,2025-03-05,Standard,Clothing,2.49,1426,899.08,In Transit,2025-03-09,
SHP003066,CUST00508,PART1369,BR4740,BR2202,2025-10-10,Standard,Clothing,3.36,2090,1283.42,Delivered,2025-10-14,2025-10-17
SHP003067,CUST01039,PART0576,BR4225,BR1270,2025-03-19,Standard,Fragile,6.89,1985,1303.33,Delivered,2025-03-23,2025-03-26
SHP003068,CUST02006,PART1135,BR1985,BR2002,2025-07-01,Economy,Fragile,2.78,1878,1154.06,Returned,2025-07-08,2025-07-10
SHP003069,CUST04446,PART2745,BR0312,BR3315,2025-04-10,Standard,Clothing,2.78,1236,800.96,Delivered,2025-04-14,2025-04-13
SHP003070,CUST04886,PART0868,BR1527,BR4301,2025-09-20,Economy,Parcel,4.62,262,305.74,Returned,2025-09-27,2025-09-29
SHP003071,CUST01516,PART4508,BR4402,BR4460,2025-12-31,Standard,Electronics,3.57,914,641.24,Delivered,2026-01-04,2026-01-03
SHP003072,CUST01933,PART4625,BR0701,BR2947,2025-06-08,Economy,Document,2.71,1312,841.22,Out for Delivery,2025-06-15,
SHP003073,CUST02686,PART0718,BR0727,BR0859,2025-09-26,Same Day,Food,3.47,1633,1164.49,In Transit,2025-09-27,
SHP003074,CUST02761,PART1917,BR1959,BR2663,2025-10-05,Same Day,Electronics,6.72,122,404.94,Delivered,2025-10-06,2025-10-08
SHP003075,CUST00421,PART0827,BR4655,BR0814,2025-01-15,Express,Electronics,0.77,495,429.19,Delivered,2025-01-17,2025-01-21
SHP003076,CUST02073,PART1298,BR4393,BR0406,2025-04-24,Standard,Document,3.79,13,150.53,Delivered,2025-04-28,2025-04-29
SHP003077,CUST00425,PART3721,BR3601,BR2945,2025-12-17,Economy,Parcel,6.8,53,238.75,Delivered,2025-12-24,2025-12-23
SHP003078,CUST01344,PART3098,BR1101,BR1291,2025-03-26,Same Day,Fragile,5.2,178,402.3,In Transit,2025-03-27,
SHP003079,CUST04858,PART3941,BR2639,BR1854,2025-05-09,Same Day,Electronics,1.69,1335,961.43,Delivered,2025-05-10,2025-05-11
SHP003080,CUST00271,PART3932,BR2952,BR4854,2025-10-26,Economy,Parcel,3.54,1316,861.68,Delivered,2025-11-02,2025-11-05
SHP003081,CUST01774,PART4368,BR1696,BR2961,2025-03-04,Standard,Electronics,1.2,606,419.7,Delivered,2025-03-08,2025-03-08
SHP003082,CUST04457,PART4656,BR0263,BR4032,2025-10-12,Economy,Parcel,1.22,1751,1049.89,In Transit,2025-10-19,
SHP003083,CUST02841,PART0878,BR2224,BR2066,2025-05-06,Express,Food,1.54,1883,1209.53,In Transit,2025-05-08,
SHP003084,CUST04737,PART4739,BR3821,BR0358,2025-12-14,Express,Clothing,2.74,1028,765.68,Delivered,2025-12-16,2025-12-17
SHP003085,CUST02982,PART1900,BR1234,BR1205,2025-06-16,Economy,Document,5.08,390,386.26,Returned,2025-06-23,2025-06-22
SHP003086,CUST00906,PART3769,BR2222,BR1498,2025-01-08,Economy,Electronics,4.36,97,209.27,Delivered,2025-01-15,2025-01-17
SHP003087,CUST03684,PART2053,BR0700,BR0388,2025-02-21,Standard,Parcel,3.51,157,223.57,Returned,2025-02-25,2025-02-28
SHP003088,CUST03196,PART2412,BR1105,BR3263,2025-02-04,Same Day,Fragile,5.4,1138,934.7,In Transit,2025-02-05,
SHP003089,CUST01079,PART3391,BR1531,BR4491,2025-08-24,Same Day,Fragile,1.88,1251,919.41,Delayed,2025-08-25,2025-08-25
SHP003090,CUST01123,PART4063,BR4085,BR2847,2025-06-26,Standard,Electronics,6.23,2088,1345.46,Delivered,2025-06-30,2025-07-01
SHP003091,CUST03842,PART3486,BR0573,BR4315,2025-07-29,Standard,Electronics,4.71,729,564.57,Returned,2025-08-02,2025-08-01
SHP003092,CUST02330,PART2601,BR2605,BR0519,2025-06-29,Standard,Parcel,8.11,1842,1251.52,Out for Delivery,2025-07-03,
SHP003093,CUST02994,PART3741,BR3135,BR3795,2025-07-31,Same Day,Parcel,1.09,1820,1214.98,In Transit,2025-08-01,
SHP003094,CUST02171,PART3769,BR3769,BR2860,2025-05-16,Express,Fragile,10.79,1488,1195.78,Delivered,2025-05-18,2025-05-21
SHP003095,CUST04523,PART1438,BR1678,BR0288,2025-06-11,Same Day,Fragile,1.59,1469,1032.93,Delivered,2025-06-12,2025-06-14
SHP003096,CUST04593,PART4336,BR3943,BR2354,2025-07-28,Economy,Fragile,0.65,153,158.45,Delivered,2025-08-04,2025-08-05
SHP003097,CUST03307,PART0876,BR1260,BR4066,2025-07-11,Standard,Food,1.23,207,200.91,Delivered,2025-07-15,2025-07-17
SHP003098,CUST04482,PART0690,BR1615,BR3359,2025-12-13,Express,Food,3.23,497,484.41,Delivered,2025-12-15,2025-12-19
SHP003099,CUST01322,PART2479,BR0702,BR3155,2025-03-23,Standard,Fragile,2.51,857,586.57,Delayed,2025-03-27,2025-03-30
SHP003100,CUST03206,PART1870,BR1216,BR2917,2025-05-09,Express,Food,4.26,1133,856.87,Out for Delivery,2025-05-11,
SHP003101,CUST04445,PART2306,BR0063,BR1214,2025-04-06,Standard,Document,2.29,1547,961.23,Delayed,2025-04-10,2025-04-11
SHP003102,CUST00342,PART3262,BR4126,BR2910,2025-03-25,Standard,Parcel,6.24,1157,833.63,Delivered,2025-03-29,2025-03-31
SHP003103,CUST00846,PART2170,BR1245,BR2786,2025-03-09,Standard,Food,3.98,1439,939.01,Out for Delivery,2025-03-13,
SHP003104,CUST01742,PART3936,BR3330,BR1174,2025-06-17,Same Day,Fragile,5.84,541,616.03,Delayed,2025-06-18,2025-06-22
SHP003105,CUST00871,PART2941,BR1439,BR4636,2025-06-13,Standard,Fragile,5.39,2061,1312.13,Returned,2025-06-17,2025-06-18
SHP003106,CUST00639,PART1849,BR4147,BR4601,2025-07-17,Same Day,Clothing,1.29,1277,920.73,Out for Delivery,2025-07-18,
SHP003107,CUST04132,PART0542,BR0585,BR2104,2025-03-22,Express,Parcel,4.39,192,342.18,Delayed,2025-03-24,2025-03-24
SHP003108,CUST02410,PART3170,BR1187,BR1953,2025-06-07,Standard,Electronics,5.27,1373,931.09,Delivered,2025-06-11,2025-06-12
SHP003109,CUST00142,PART1698,BR1232,BR3888,2025-02-08,Express,Electronics,2.51,575,511.47,In Transit,2025-02-10,
SHP003110,CUST04535,PART1895,BR4188,BR0788,2025-01-24,Standard,Document,1.78,1884,1135.36,In Transit,2025-01-28,
SHP003111,CUST04037,PART2626,BR4590,BR0514,2025-01-04,Economy,Clothing,2.63,409,342.81,In Transit,2025-01-11,
SHP003112,CUST04057,PART1743,BR1226,BR2363,2025-01-03,Standard,Clothing,1.45,255,232.15,Returned,2025-01-07,2025-01-08
SHP003113,CUST02249,PART4088,BR2172,BR2371,2025-07-10,Standard,Electronics,5.75,1067,773.35,Delivered,2025-07-14,2025-07-15
SHP003114,CUST01222,PART2086,BR1285,BR3549,2025-09-07,Economy,Electronics,6.81,293,370.97,Delayed,2025-09-14,2025-09-18
SHP003115,CUST00727,PART1461,BR4703,BR0586,2025-06-02,Standard,Clothing,5.47,722,577.44,Delivered,2025-06-06,2025-06-06
SHP003116,CUST04175,PART4793,BR3934,BR2894,2025-07-09,Standard,Electronics,2.41,1000,663.02,Delivered,2025-07-13,2025-07-13
SHP003117,CUST01866,PART0345,BR3521,BR2873,2025-05-18,Economy,Food,4.83,847,632.11,Delivered,2025-05-25,2025-05-26
SHP003118,CUST03642,PART3608,BR3352,BR4071,2025-05-17,Standard,Electronics,2.65,1743,1076.95,In Transit,2025-05-21,
SHP003119,CUST04667,PART0015,BR4333,BR2111,2025-07-15,Economy,Document,13.08,1773,1322.91,In Transit,2025-07-22,
SHP003120,CUST04645,PART2014,BR0021,BR0962,2025-01-05,Express,Fragile,2.9,1309,923.75,Delivered,2025-01-07,2025-01-10
SHP003121,CUST01960,PART1886,BR3970,BR0270,2025-12-23,Express,Electronics,6.93,433,530.61,Cancelled,2025-12-25,
SHP003122,CUST03643,PART4145,BR2569,BR4202,2025-04-28,Standard,Food,3.28,2025,1245.91,Delivered,2025-05-02,2025-05-03
SHP003123,CUST00228,PART4848,BR1183,BR0714,2025-01-16,Express,Document,1.16,1735,1119.77,Delivered,2025-01-18,2025-01-21
SHP003124,CUST00247,PART0707,BR3171,BR0026,2025-11-29,Standard,Food,3.65,745,550.05,In Transit,2025-12-03,
SHP003125,CUST00823,PART0642,BR4933,BR3647,2025-09-15,Standard,Fragile,7.37,910,722.64,Delivered,2025-09-19,2025-09-23
SHP003126,CUST01500,PART1799,BR1859,BR0795,2025-10-01,Express,Parcel,2.35,531,483.75,Out for Delivery,2025-10-03,
SHP003127,CUST03231,PART4772,BR3767,BR1237,2025-10-20,Economy,Fragile,4.95,1390,933.4,Delivered,2025-10-27,2025-10-29
SHP003128,CUST02587,PART3719,BR0764,BR2766,2025-08-17,Same Day,Document,1.58,1739,1181.21,Delivered,2025-08-18,2025-08-19
SHP003129,CUST00908,PART2373,BR3779,BR1848,2025-11-01,Express,Fragile,1.18,2000,1265.96,Delivered,2025-11-03,2025-11-03
SHP003130,CUST03065,PART4464,BR4217,BR4666,2025-09-22,Economy,Electronics,4.5,1239,840.45,In Transit,2025-09-29,
SHP003131,CUST02523,PART1886,BR3883,BR0440,2025-07-13,Economy,Electronics,4.95,527,458.75,Out for Delivery,2025-07-20,
SHP003132,CUST04188,PART4215,BR2090,BR3211,2025-06-07,Same Day,Clothing,2.53,1763,1215.31,Delivered,2025-06-08,2025-06-10
SHP003133,CUST02056,PART4945,BR1650,BR1549,2025-02-24,Same Day,Food,2.82,1168,894.44,Delivered,2025-02-25,2025-03-01
SHP003134,CUST04596,PART1641,BR1066,BR1763,2025-10-01,Standard,Document,3.8,1337,878.95,Cancelled,2025-10-05,
SHP003135,CUST02835,PART2012,BR3946,BR2094,2025-06-17,Express,Document,3.5,88,265.4,Returned,2025-06-19,2025-06-18
SHP003136,CUST02260,PART4075,BR3057,BR3387,2025-04-18,Express,Clothing,1.79,1640,1081.38,Delivered,2025-04-20,2025-04-19
SHP003137,CUST02553,PART1207,BR2583,BR2655,2025-10-21,Same Day,Parcel,2.87,1197,911.49,Delivered,2025-10-22,2025-10-26
SHP003138,CUST04128,PART4280,BR1799,BR2795,2025-01-13,Economy,Clothing,3.02,1615,1014.69,Delivered,2025-01-20,2025-01-22
SHP003139,CUST00042,PART1664,BR4228,BR1308,2025-05-05,Standard,Food,3.04,1308,846.28,Delivered,2025-05-09,2025-05-12
SHP003140,CUST00320,PART4080,BR4409,BR3527,2025-01-26,Express,Food,3.65,1289,929.25,Delivered,2025-01-28,2025-02-01
SHP003141,CUST02376,PART1110,BR0032,BR1936,2025-01-31,Economy,Document,3.7,807,585.25,Delivered,2025-02-07,2025-02-08
SHP003142,CUST03012,PART0005,BR3747,BR4977,2025-02-24,Express,Fragile,1.6,711,566.25,Delivered,2025-02-26,2025-02-26
SHP003143,CUST02588,PART2166,BR3804,BR1538,2025-09-13,Express,Parcel,1.45,19,182.35,Delayed,2025-09-15,2025-09-14
SHP003144,CUST04013,PART2594,BR2379,BR2208,2025-11-16,Same Day,Fragile,7.19,109,408.13,Delivered,2025-11-17,2025-11-20
SHP003145,CUST02891,PART3830,BR1481,BR3569,2025-03-16,Express,Document,7.48,1910,1355.06,Delayed,2025-03-18,2025-03-21
SHP003146,CUST04527,PART1989,BR0804,BR0862,2025-12-18,Same Day,Electronics,6.07,155,408.79,Delivered,2025-12-19,2025-12-23
SHP003147,CUST02852,PART2637,BR1383,BR0142,2025-04-30,Economy,Food,6.87,653,570.29,Delivered,2025-05-07,2025-05-09
SHP003148,CUST00695,PART3297,BR2134,BR2832,2025-01-31,Express,Parcel,0.9,261,303.35,Delivered,2025-02-02,2025-02-06
SHP003149,CUST04210,PART3692,BR4958,BR4925,2025-07-30,Express,Clothing,0.44,289,308.63,Delivered,2025-08-01,2025-08-01
SHP003150,CUST03879,PART4226,BR2565,BR0013,2025-05-22,Express,Parcel,2.65,841,660.85,In Transit,2025-05-24,
SHP003151,CUST02049,PART4239,BR0326,BR4037,2025-02-26,Standard,Electronics,6.53,1131,825.71,Delivered,2025-03-02,2025-03-03
SHP003152,CUST03082,PART1190,BR2548,BR0606,2025-08-04,Same Day,Clothing,3.63,353,464.01,In Transit,2025-08-05,
SHP003153,CUST01882,PART3649,BR3901,BR0700,2025-11-30,Standard,Fragile,4.04,1013,706.03,Delivered,2025-12-04,2025-12-03
SHP003154,CUST02477,PART3827,BR3180,BR4275,2025-03-17,Economy,Fragile,5.42,676,551.04,Delivered,2025-03-24,2025-03-23
SHP003155,CUST04430,PART0421,BR2305,BR4969,2025-09-29,Same Day,Document,3.32,1085,859.79,Cancelled,2025-09-30,
SHP003156,CUST02994,PART1731,BR1510,BR3808,2025-09-12,Standard,Electronics,3.2,218,250.3,Delivered,2025-09-16,2025-09-20
SHP003157,CUST03190,PART4837,BR2952,BR1399,2025-06-07,Standard,Document,2.36,25,125.67,Delayed,2025-06-11,2025-06-14
SHP003158,CUST02884,PART4618,BR2325,BR1812,2025-10-05,Standard,Document,2.51,108,174.62,Delivered,2025-10-09,2025-10-10
SHP003159,CUST04435,PART1890,BR0201,BR2117,2025-06-27,Same Day,Food,5.8,2083,1463.25,Returned,2025-06-28,2025-07-01
SHP003160,CUST01138,PART4194,BR2662,BR2103,2025-04-09,Express,Fragile,4.21,2041,1355.17,Returned,2025-04-11,2025-04-13
SHP003161,CUST02718,PART3386,BR0309,BR0960,2025-06-16,Express,Clothing,7.8,1471,1120.65,Delivered,2025-06-18,2025-06-20
SHP003162,CUST04066,PART1074,BR3372,BR2423,2025-06-19,Standard,Food,5.9,1910,1240.3,Delivered,2025-06-23,2025-06-22
SHP003163,CUST01190,PART2688,BR2191,BR4938,2025-04-29,Standard,Electronics,3.34,493,404.63,Delayed,2025-05-03,2025-05-05
SHP003164,CUST04373,PART1366,BR4699,BR4125,2025-10-06,Express,Electronics,2.29,1564,1050.58,Delivered,2025-10-08,2025-10-07
SHP003165,CUST02164,PART4723,BR3845,BR0976,2025-12-20,Economy,Clothing,1.07,1167,725.39,Delivered,2025-12-27,2025-12-27
SHP003166,CUST04563,PART1250,BR1893,BR1715,2025-08-28,Standard,Electronics,2.52,627,460.29,In Transit,2025-09-01,
SHP003167,CUST01661,PART1506,BR1464,BR3463,2025-05-16,Standard,Clothing,3.85,108,204.1,Delivered,2025-05-20,2025-05-22
SHP003168,CUST00611,PART1449,BR2019,BR1746,2025-03-05,Express,Document,2.13,37,207.21,Delivered,2025-03-07,2025-03-11
SHP003169,CUST02124,PART3033,BR1302,BR4255,2025-02-09,Standard,Food,0.9,2148,1261.2,Delivered,2025-02-13,2025-02-15
SHP003170,CUST00937,PART1897,BR4828,BR3421,2025-08-05,Standard,Electronics,7.05,2097,1368.45,Delivered,2025-08-09,2025-08-11
SHP003171,CUST03273,PART0418,BR0985,BR4069,2025-03-23,Standard,Clothing,4.3,2075,1295.85,Delivered,2025-03-27,2025-03-30
SHP003172,CUST01361,PART4451,BR1082,BR4436,2025-01-28,Express,Document,2.18,1946,1258.26,In Transit,2025-01-30,
SHP003173,CUST00718,PART1338,BR4195,BR2920,2025-07-07,Express,Clothing,3.42,384,426.44,Delivered,2025-07-09,2025-07-08
SHP003174,CUST00033,PART4688,BR1169,BR4978,2025-12-24,Same Day,Parcel,1.59,2046,1350.28,Out for Delivery,2025-12-25,
SHP003175,CUST04475,PART0096,BR1930,BR4023,2025-05-11,Economy,Electronics,5.11,1363,922.07,Cancelled,2025-05-18,
SHP003176,CUST00779,PART3932,BR2104,BR3122,2025-05-31,Standard,Parcel,3.63,1761,1108.41,Delivered,2025-06-04,2025-06-05
SHP003177,CUST00662,PART0225,BR2014,BR2021,2025-12-20,Express,Fragile,6.46,1675,1203.37,Delayed,2025-12-22,2025-12-23
SHP003178,CUST01625,PART0711,BR4254,BR4533,2025-12-12,Economy,Document,2.18,1428,893.36,Returned,2025-12-19,2025-12-22
SHP003179,CUST03066,PART4031,BR0996,BR1174,2025-11-02,Standard,Parcel,1.35,848,556.1,Delivered,2025-11-06,2025-11-07
SHP003180,CUST00205,PART4614,BR1145,BR3888,2025-05-11,Standard,Document,2.83,288,280.66,Delayed,2025-05-15,2025-05-15
SHP003181,CUST00215,PART3595,BR2978,BR4210,2025-12-25,Standard,Clothing,2.58,1580,985.76,Delivered,2025-12-29,2025-12-29
SHP003182,CUST00187,PART4507,BR3754,BR0271,2025-10-17,Same Day,Electronics,3.51,468,524.62,Delayed,2025-10-18,2025-10-21
SHP003183,CUST00629,PART0090,BR2299,BR1130,2025-12-08,Standard,Electronics,3.64,1064,725.28,Cancelled,2025-12-12,
SHP003184,CUST04656,PART3509,BR2172,BR1529,2025-04-01,Standard,Fragile,2.53,1163,755.31,Returned,2025-04-05,2025-04-04
SHP003185,CUST04710,PART4004,BR3658,BR3733,2025-10-28,Economy,Clothing,3.06,1977,1214.67,Delivered,2025-11-04,2025-11-03
SHP003186,CUST03201,PART0868,BR1393,BR0686,2025-12-26,Standard,Parcel,4.73,1621,1055.61,Delivered,2025-12-30,2026-01-01
SHP003187,CUST02603,PART2803,BR0120,BR0507,2025-08-08,Express,Food,0.62,1061,737.19,Delivered,2025-08-10,2025-08-12
SHP003188,CUST02953,PART2598,BR0359,BR1320,2025-12-06,Standard,Food,1.91,145,181.77,Delivered,2025-12-10,2025-12-14
SHP003189,CUST02095,PART3273,BR1725,BR0581,2025-10-20,Standard,Clothing,4.08,730,551.26,Delayed,2025-10-24,2025-10-25
SHP003190,CUST02846,PART0359,BR1287,BR3516,2025-04-01,Express,Parcel,2.55,2150,1378.6,Delivered,2025-04-03,2025-04-03
SHP003191,CUST04724,PART3605,BR1913,BR3934,2025-11-01,Express,Food,4.51,1329,970.17,Cancelled,2025-11-03,
SHP003192,CUST03583,PART2906,BR1336,BR1223,2025-03-21,Standard,Electronics,0.95,1170,724.4,Delivered,2025-03-25,2025-03-27
SHP003193,CUST00624,PART0378,BR4289,BR2320,2025-05-29,Express,Food,1.27,1391,932.99,In Transit,2025-05-31,
SHP003194,CUST03953,PART2465,BR3949,BR0677,2025-09-28,Standard,Document,2.08,274,256.46,In Transit,2025-10-02,
SHP003195,CUST02872,PART4249,BR4842,BR3736,2025-01-13,Express,Electronics,3.5,1277,919.35,Cancelled,2025-01-15,
SHP003196,CUST03800,PART0451,BR2500,BR0162,2025-07-08,Standard,Parcel,2.76,189,224.67,In Transit,2025-07-12,
SHP003197,CUST01056,PART3896,BR2425,BR0340,2025-01-29,Express,Parcel,1.35,562,478.8,Delivered,2025-01-31,2025-01-30
SHP003198,CUST02062,PART0862,BR3145,BR0979,2025-07-04,Standard,Document,1.33,1300,804.26,Delayed,2025-07-08,2025-07-07
SHP003199,CUST01287,PART4578,BR2895,BR4981,2025-10-19,Same Day,Parcel,2.95,1522,1092.0,Returned,2025-10-20,2025-10-21
SHP003200,CUST04829,PART3504,BR2890,BR0264,2025-10-27,Standard,Document,3.36,1846,1149.22,In Transit,2025-10-31,
SHP003201,CUST03978,PART4265,BR1480,BR1611,2025-01-11,Standard,Parcel,4.1,36,170.0,Out for Delivery,2025-01-15,
SHP003202,CUST02428,PART2740,BR1433,BR2528,2025-09-24,Standard,Food,2.5,487,382.85,Delivered,2025-09-28,2025-10-02
SHP003203,CUST04690,PART4488,BR0452,BR0232,2025-01-28,Standard,Electronics,8.94,2191,1461.73,Delivered,2025-02-01,2025-01-31
SHP003204,CUST03753,PART2538,BR3085,BR1939,2025-12-03,Express,Electronics,7.02,362,493.54,In Transit,2025-12-05,
SHP003205,CUST01591,PART1327,BR1882,BR4031,2025-11-17,Standard,Electronics,4.8,774,591.3,Delivered,2025-11-21,2025-11-23
SHP003206,CUST03150,PART2766,BR1507,BR0218,2025-09-07,Same Day,Fragile,3.3,1827,1267.45,Delivered,2025-09-08,2025-09-07
SHP003207,CUST01048,PART3531,BR2239,BR4441,2025-08-24,Express,Document,3.63,207,333.71,Delivered,2025-08-26,2025-08-30
SHP003208,CUST03318,PART3181,BR4408,BR3015,2025-12-06,Express,Parcel,1.63,1386,938.16,Delivered,2025-12-08,2025-12-07
SHP003209,CUST03337,PART3496,BR4060,BR1562,2025-02-28,Express,Food,2.26,851,657.77,Out for Delivery,2025-03-02,
SHP003210,CUST01498,PART0557,BR1715,BR4880,2025-02-21,Same Day,Food,3.22,110,321.34,Delivered,2025-02-22,2025-02-21
SHP003211,CUST03149,PART4204,BR3625,BR1932,2025-04-09,Express,Document,2.85,1866,1229.0,Delivered,2025-04-11,2025-04-12
SHP003212,CUST03135,PART2487,BR4383,BR1887,2025-02-28,Standard,Parcel,2.43,1013,670.61,In Transit,2025-03-04,
SHP003213,CUST00508,PART3577,BR4242,BR3707,2025-09-27,Standard,Document,2.51,96,168.02,Delivered,2025-10-01,2025-09-30
SHP003214,CUST04018,PART3987,BR0779,BR4709,2025-02-04,Standard,Fragile,2.59,85,163.73,Delivered,2025-02-08,2025-02-11
SHP003215,CUST04891,PART4181,BR3315,BR4260,2025-01-03,Economy,Electronics,2.12,2170,1300.14,Delivered,2025-01-10,2025-01-09
SHP003216,CUST04266,PART0851,BR2156,BR1226,2025-07-11,Standard,Electronics,2.46,793,550.27,In Transit,2025-07-15,
SHP003217,CUST01411,PART2401,BR2758,BR3664,2025-12-17,Express,Food,3.59,1892,1259.58,Delivered,2025-12-19,2025-12-21
SHP003218,CUST02420,PART2046,BR2689,BR3055,2025-02-08,Standard,Fragile,1.57,1217,763.89,Delayed,2025-02-12,2025-02-14
SHP003219,CUST02284,PART1279,BR1790,BR4843,2025-08-12,Standard,Food,2.99,1544,974.98,Delivered,2025-08-16,2025-08-18
SHP003220,CUST02010,PART1814,BR2154,BR2814,2025-11-23,Economy,Document,1.94,1637,1003.03,Delivered,2025-11-30,2025-11-30
SHP003221,CUST02521,PART2025,BR3270,BR0033,2025-12-11,Same Day,Parcel,4.49,1042,861.88,Delivered,2025-12-12,2025-12-16
SHP003222,CUST04830,PART2033,BR1043,BR3429,2025-04-04,Standard,Document,3.58,550,441.26,Delivered,2025-04-08,2025-04-10
SHP003223,CUST01562,PART4995,BR4019,BR0520,2025-04-03,Express,Fragile,1.27,1498,991.84,Delivered,2025-04-05,2025-04-07
SHP003224,CUST01530,PART3046,BR4171,BR1051,2025-01-17,Standard,Parcel,3.07,1161,766.09,In Transit,2025-01-21,
SHP003225,CUST02693,PART4425,BR1667,BR0524,2025-05-29,Standard,Food,2.83,1001,672.81,Delivered,2025-06-02,2025-06-04
SHP003226,CUST04327,PART4447,BR3400,BR1899,2025-09-06,Same Day,Document,1.89,1812,1228.18,Returned,2025-09-07,2025-09-09
SHP003227,CUST04917,PART3954,BR4602,BR4185,2025-11-02,Economy,Document,5.68,1602,1066.06,Cancelled,2025-11-09,
SHP003228,CUST01945,PART2736,BR1695,BR1561,2025-02-11,Express,Food,3.27,1949,1283.89,Delivered,2025-02-13,2025-02-13
SHP003229,CUST03882,PART3739,BR1104,BR1964,2025-03-28,Standard,Electronics,7.11,1965,1297.17,Delivered,2025-04-01,2025-03-31
SHP003230,CUST04528,PART1940,BR0270,BR2047,2025-08-09,Standard,Electronics,0.37,1672,987.74,Delivered,2025-08-13,2025-08-13
SHP003231,CUST04144,PART1714,BR0930,BR4057,2025-03-01,Standard,Document,2.3,761,529.15,In Transit,2025-03-05,
SHP003232,CUST03094,PART2277,BR1617,BR3462,2025-03-08,Express,Clothing,2.22,1514,1021.54,Delayed,2025-03-10,2025-03-14
SHP003233,CUST03778,PART1297,BR1910,BR3880,2025-06-23,Economy,Document,10.61,2126,1462.72,Delivered,2025-06-30,2025-07-03
SHP003234,CUST01966,PART3740,BR1251,BR3103,2025-09-12,Standard,Parcel,1.76,1303,815.37,Out for Delivery,2025-09-16,
SHP003235,CUST04774,PART3634,BR1332,BR4481,2025-03-02,Express,Parcel,4.17,1943,1300.39,Delivered,2025-03-04,2025-03-05
SHP003236,CUST03297,PART0195,BR1134,BR2190,2025-07-17,Standard,Document,7.8,944,750.8,Delivered,2025-07-21,2025-07-20
SHP003237,CUST03380,PART0272,BR0271,BR2164,2025-01-01,Standard,Document,3.05,1914,1179.8,Delivered,2025-01-05,2025-01-07
SHP003238,CUST00193,PART2442,BR0110,BR0334,2025-12-21,Express,Clothing,2.41,1293,904.17,Returned,2025-12-23,2025-12-27
SHP003239,CUST02696,PART3894,BR3551,BR2545,2025-10-14,Standard,Food,0.99,956,607.58,Out for Delivery,2025-10-18,
SHP003240,CUST00909,PART0578,BR3455,BR1839,2025-08-16,Standard,Clothing,4.34,1447,951.33,In Transit,2025-08-20,
SHP003241,CUST00306,PART0174,BR4516,BR0373,2025-12-13,Economy,Clothing,3.09,262,272.08,Delivered,2025-12-20,2025-12-22
SHP003242,CUST04080,PART4717,BR2729,BR0985,2025-05-05,Standard,Food,1.69,967,629.03,Out for Delivery,2025-05-09,
SHP003243,CUST00156,PART1124,BR2914,BR3984,2025-10-14,Express,Parcel,2.38,1425,976.11,In Transit,2025-10-16,
SHP003244,CUST03632,PART4280,BR3716,BR4788,2025-09-27,Express,Food,1.91,718,576.92,In Transit,2025-09-29,
SHP003245,CUST04054,PART1014,BR2496,BR4858,2025-11-19,Economy,Food,2.33,1752,1074.86,Delivered,2025-11-26,2025-11-26
SHP003246,CUST00599,PART0528,BR2977,BR4298,2025-09-06,Same Day,Clothing,2.62,1348,989.04,Delivered,2025-09-07,2025-09-08
SHP003247,CUST00267,PART1099,BR3372,BR4405,2025-10-23,Express,Food,3.32,733,616.19,Delivered,2025-10-25,2025-10-27
SHP003248,CUST00395,PART0551,BR0509,BR4272,2025-09-22,Same Day,Clothing,6.1,2194,1530.9,Cancelled,2025-09-23,
SHP003249,CUST02216,PART1724,BR1007,BR1370,2025-10-28,Same Day,Document,9.72,1061,987.39,Delivered,2025-10-29,2025-10-29
SHP003250,CUST00365,PART2601,BR4930,BR3625,2025-10-06,Standard,Fragile,4.58,240,292.76,Delayed,2025-10-10,2025-10-11
SHP003251,CUST00469,PART3735,BR0630,BR3633,2025-08-23,Standard,Document,3.9,80,189.8,Delivered,2025-08-27,2025-08-30
SHP003252,CUST03344,PART3869,BR3278,BR3305,2025-05-30,Same Day,Fragile,5.56,160,400.32,In Transit,2025-05-31,
SHP003253,CUST01311,PART4107,BR3961,BR1203,2025-02-19,Standard,Clothing,1.34,65,125.23,Delivered,2025-02-23,2025-02-26
SHP003254,CUST03910,PART4069,BR0474,BR3337,2025-07-10,Standard,Document,3.0,1055,706.25,In Transit,2025-07-14,
SHP003255,CUST01938,PART2240,BR2782,BR3266,2025-07-06,Economy,Parcel,8.47,1668,1163.74,In Transit,2025-07-13,
SHP003256,CUST00150,PART3564,BR0413,BR4723,2025-07-09,Express,Clothing,0.77,1820,1157.94,Delivered,2025-07-11,2025-07-13
SHP003257,CUST03197,PART2585,BR0413,BR1557,2025-01-12,Standard,Food,5.66,213,301.67,Delivered,2025-01-16,2025-01-18
SHP003258,CUST03559,PART4002,BR2100,BR0668,2025-09-19,Standard,Clothing,3.65,1379,898.75,In Transit,2025-09-23,
SHP003259,CUST00760,PART4688,BR0354,BR2989,2025-02-01,Standard,Document,2.54,1322,842.98,Delivered,2025-02-05,2025-02-04
SHP003260,CUST03379,PART2390,BR4531,BR1740,2025-05-16,Standard,Fragile,2.09,1604,988.18,Cancelled,2025-05-20,
SHP003261,CUST02301,PART3130,BR0506,BR2228,2025-12-01,Standard,Electronics,5.56,1330,913.82,Delivered,2025-12-05,2025-12-04
SHP003262,CUST00132,PART1798,BR2933,BR2221,2025-11-10,Express,Clothing,5.64,48,290.48,Returned,2025-11-12,2025-11-12
SHP003263,CUST04602,PART3056,BR4016,BR4804,2025-01-22,Standard,Fragile,5.41,1163,818.67,Delivered,2025-01-26,2025-01-25
SHP003264,CUST00079,PART0783,BR0265,BR1952,2025-11-11,Economy,Clothing,1.2,194,193.1,Returned,2025-11-18,2025-11-19
SHP003265,CUST04973,PART4444,BR4540,BR0825,2025-10-29,Standard,Clothing,6.46,1671,1121.17,Delivered,2025-11-02,2025-11-04
SHP003266,CUST00554,PART1191,BR4341,BR4444,2025-04-05,Standard,Parcel,2.0,1970,1187.5,Delayed,2025-04-09,2025-04-09
SHP003267,CUST04803,PART2606,BR3868,BR3254,2025-01-09,Standard,Fragile,3.32,1617,1022.39,Delayed,2025-01-13,2025-01-13
SHP003268,CUST01391,PART2631,BR1436,BR2312,2025-02-12,Standard,Electronics,5.19,900,669.18,Delivered,2025-02-16,2025-02-19
SHP003269,CUST03840,PART3492,BR4496,BR0736,2025-01-03,Economy,Food,4.3,740,561.6,Out for Delivery,2025-01-10,
SHP003270,CUST02108,PART0716,BR3446,BR0476,2025-07-11,Standard,Clothing,4.3,1346,894.9,In Transit,2025-07-15,
SHP003271,CUST03920,PART0930,BR4889,BR2381,2025-03-14,Express,Food,6.3,676,650.4,Delivered,2025-03-16,2025-03-16
SHP003272,CUST04306,PART2627,BR0650,BR0995,2025-07-14,Same Day,Electronics,11.35,2112,1601.3,In Transit,2025-07-15,
SHP003273,CUST04766,PART2547,BR2807,BR1199,2025-07-15,Express,Food,1.83,39,201.71,In Transit,2025-07-17,
SHP003274,CUST01387,PART0880,BR0406,BR4607,2025-01-06,Standard,Fragile,1.71,2103,1254.27,Delivered,2025-01-10,2025-01-12
SHP003275,CUST02792,PART4265,BR0946,BR1393,2025-08-21,Standard,Electronics,9.88,722,674.46,Delivered,2025-08-25,2025-08-25
SHP003276,CUST04924,PART0254,BR2667,BR2112,2025-11-28,Express,Food,4.4,407,460.65,Delivered,2025-11-30,2025-11-30
SHP003277,CUST01980,PART0861,BR4812,BR1176,2025-12-20,Express,Fragile,4.94,1842,1261.78,In Transit,2025-12-22,
SHP003278,CUST00127,PART0094,BR0215,BR0744,2025-07-20,Standard,Fragile,1.09,706,472.28,Delayed,2025-07-24,2025-07-23
SHP003279,CUST01397,PART3292,BR2481,BR3999,2025-09-06,Standard,Parcel,1.99,117,168.13,Delivered,2025-09-10,2025-09-14
SHP003280,CUST02293,PART4145,BR1953,BR3880,2025-01-28,Express,Clothing,1.96,1257,874.47,Delivered,2025-01-30,2025-02-02
SHP003281,CUST00861,PART2069,BR0127,BR2087,2025-10-25,Standard,Food,5.39,1133,801.73,Delivered,2025-10-29,2025-10-28
SHP003282,CUST00717,PART4031,BR4633,BR1801,2025-08-04,Standard,Parcel,4.69,686,540.48,Delivered,2025-08-08,2025-08-08
SHP003283,CUST00547,PART2985,BR0229,BR3074,2025-07-09,Standard,Parcel,2.0,1308,823.4,Delivered,2025-07-13,2025-07-12
SHP003284,CUST02623,PART1183,BR0300,BR2863,2025-04-08,Standard,Parcel,6.77,1207,872.79,Delivered,2025-04-12,2025-04-16
SHP003285,CUST01271,PART0844,BR3328,BR4298,2025-06-05,Standard,Document,1.95,2033,1221.05,Delivered,2025-06-09,2025-06-13
SHP003286,CUST03264,PART1908,BR3389,BR2364,2025-12-25,Economy,Electronics,3.66,989,684.47,Delivered,2026-01-01,2026-01-03
SHP003287,CUST02133,PART4688,BR3044,BR1550,2025-05-26,Same Day,Parcel,6.22,928,837.24,In Transit,2025-05-27,
SHP003288,CUST03797,PART0848,BR3091,BR2112,2025-08-14,Economy,Fragile,3.23,1706,1069.36,Returned,2025-08-21,2025-08-22
SHP003289,CUST03723,PART1069,BR2515,BR2351,2025-10-11,Economy,Document,1.36,204,202.12,Delivered,2025-10-18,2025-10-21
SHP003290,CUST01212,PART3750,BR2621,BR4098,2025-11-17,Economy,Food,2.5,821,566.55,Delivered,2025-11-24,2025-11-27
SHP003291,CUST01354,PART4066,BR2472,BR2955,2025-12-05,Standard,Food,4.11,877,632.77,Delivered,2025-12-09,2025-12-12
SHP003292,CUST03703,PART0138,BR0840,BR2349,2025-05-26,Express,Parcel,1.06,863,637.97,Returned,2025-05-28,2025-05-29
SHP003293,CUST00642,PART0368,BR4106,BR3187,2025-12-02,Standard,Document,4.05,1720,1095.1,Delivered,2025-12-06,2025-12-08
SHP003294,CUST02720,PART4398,BR2810,BR2218,2025-08-18,Standard,Electronics,3.08,1615,1016.01,Delayed,2025-08-22,2025-08-22
SHP003295,CUST00634,PART2658,BR0314,BR0044,2025-04-04,Express,Food,3.58,635,568.01,Delivered,2025-04-06,2025-04-08
SHP003296,CUST02944,PART2059,BR2284,BR1344,2025-04-26,Standard,Food,4.14,2123,1318.73,Returned,2025-04-30,2025-04-30
SHP003297,CUST04666,PART2444,BR0856,BR0454,2025-07-28,Economy,Clothing,2.56,1624,1009.52,Delivered,2025-08-04,2025-08-03
SHP003298,CUST03281,PART4897,BR2357,BR4449,2025-01-12,Standard,Electronics,2.23,975,645.31,Delivered,2025-01-16,2025-01-17
SHP003299,CUST04590,PART2487,BR4707,BR3875,2025-08-19,Same Day,Food,1.27,1138,843.84,Delivered,2025-08-20,2025-08-24
SHP003300,CUST00864,PART4065,BR4341,BR3251,2025-07-20,Express,Parcel,3.19,715,603.43,Out for Delivery,2025-07-22,
SHP003301,CUST03826,PART3145,BR4937,BR3384,2025-07-27,Economy,Electronics,5.12,1024,735.84,In Transit,2025-08-03,
SHP003302,CUST00711,PART1769,BR3712,BR1507,2025-11-13,Standard,Food,5.12,840,634.64,Delivered,2025-11-17,2025-11-18
SHP003303,CUST04921,PART1395,BR4870,BR3976,2025-08-11,Express,Electronics,1.01,780,591.22,Delivered,2025-08-13,2025-08-12
SHP003304,CUST01956,PART4088,BR0232,BR4692,2025-01-07,Standard,Parcel,1.32,1038,659.94,Out for Delivery,2025-01-11,
SHP003305,CUST03940,PART1543,BR3355,BR0562,2025-11-20,Standard,Parcel,7.92,1763,1203.89,Out for Delivery,2025-11-24,
SHP003306,CUST01382,PART0680,BR2103,BR3132,2025-07-22,Standard,Clothing,1.11,1887,1122.27,Cancelled,2025-07-26,
SHP003307,CUST03686,PART4010,BR3021,BR3394,2025-04-09,Economy,Electronics,5.45,1889,1218.85,Delivered,2025-04-16,2025-04-19
SHP003308,CUST03769,PART3409,BR0042,BR0409,2025-07-15,Same Day,Food,1.37,1903,1266.79,Delivered,2025-07-16,2025-07-18
SHP003309,CUST04499,PART0284,BR4055,BR2625,2025-12-04,Standard,Electronics,2.36,1022,674.02,Cancelled,2025-12-08,
SHP003310,CUST03290,PART0903,BR0634,BR1529,2025-03-20,Standard,Document,2.89,1368,875.98,Delivered,2025-03-24,2025-03-26
SHP003311,CUST04728,PART2330,BR3864,BR2631,2025-07-12,Same Day,Fragile,4.05,1942,1347.2,In Transit,2025-07-13,
SHP003312,CUST01368,PART0579,BR3503,BR4453,2025-09-03,Standard,Food,3.76,361,341.27,In Transit,2025-09-07,
SHP003313,CUST03562,PART1648,BR2306,BR1211,2025-12-20,Standard,Food,2.08,910,606.26,Delivered,2025-12-24,2025-12-25
SHP003314,CUST04403,PART3208,BR4435,BR2986,2025-09-06,Express,Clothing,2.16,854,657.22,Out for Delivery,2025-09-08,
SHP003315,CUST01706,PART1377,BR1878,BR4938,2025-07-06,Standard,Fragile,3.19,1067,717.03,Out for Delivery,2025-07-10,
SHP003316,CUST03505,PART2475,BR4920,BR2339,2025-12-04,Express,Document,2.26,36,209.52,Delivered,2025-12-06,2025-12-07
SHP003317,CUST03435,PART3485,BR1391,BR3274,2025-12-13,Standard,Parcel,2.04,499,379.33,Delivered,2025-12-17,2025-12-21
SHP003318,CUST02167,PART1288,BR3705,BR1296,2025-01-19,Express,Document,3.46,1196,873.92,In Transit,2025-01-21,
SHP003319,CUST01396,PART1445,BR4931,BR4834,2025-09-01,Economy,Food,0.6,1013,630.35,Delivered,2025-09-08,2025-09-08
SHP003320,CUST00050,PART1652,BR4280,BR1333,2025-05-31,Same Day,Document,1.27,770,641.44,In Transit,2025-06-01,
SHP003321,CUST01799,PART3572,BR3227,BR4793,2025-08-22,Economy,Food,9.95,2097,1432.25,Delivered,2025-08-29,2025-08-28
SHP003322,CUST00780,PART3726,BR4459,BR0394,2025-06-20,Standard,Food,1.64,1318,820.98,Delayed,2025-06-24,2025-06-25
SHP003323,CUST00148,PART3405,BR0042,BR2505,2025-11-20,Economy,Parcel,2.23,29,125.01,In Transit,2025-11-27,
SHP003324,CUST04807,PART4977,BR2737,BR3375,2025-01-07,Standard,Electronics,4.08,1633,1047.91,Delivered,2025-01-11,2025-01-14
SHP003325,CUST02621,PART4909,BR1933,BR2949,2025-02-15,Economy,Clothing,2.51,342,303.32,Delivered,2025-02-22,2025-02-25
SHP003326,CUST04665,PART0620,BR2655,BR1133,2025-12-11,Standard,Clothing,3.2,1253,819.55,Delivered,2025-12-15,2025-12-15
SHP003327,CUST01799,PART1390,BR0864,BR4588,2025-06-23,Standard,Clothing,3.11,11,134.47,Delayed,2025-06-27,2025-06-26
SHP003328,CUST00668,PART0707,BR4495,BR1906,2025-06-08,Express,Document,1.91,1916,1235.82,Delivered,2025-06-10,2025-06-10
SHP003329,CUST04914,PART1528,BR2671,BR3502,2025-03-19,Express,Food,8.38,470,582.86,Delivered,2025-03-21,2025-03-21
SHP003330,CUST01847,PART4950,BR0096,BR3718,2025-05-01,Economy,Clothing,4.21,1303,869.27,In Transit,2025-05-08,
SHP003331,CUST03494,PART2509,BR4119,BR4700,2025-04-26,Standard,Electronics,0.65,184,175.5,Delivered,2025-04-30,2025-05-04
SHP003332,CUST03318,PART1850,BR2234,BR2877,2025-10-05,Standard,Food,1.3,235,217.85,Delivered,2025-10-09,2025-10-13
SHP003333,CUST03938,PART3615,BR4427,BR1410,2025-03-06,Express,Electronics,2.81,330,383.32,Delivered,2025-03-08,2025-03-09
SHP003334,CUST00548,PART0541,BR0635,BR0177,2025-10-12,Same Day,Electronics,6.47,757,748.69,Delivered,2025-10-13,2025-10-13
SHP003335,CUST03552,PART3726,BR2382,BR4157,2025-07-30,Same Day,Food,2.6,217,366.55,Delivered,2025-07-31,2025-08-04
SHP003336,CUST01662,PART4217,BR1627,BR4691,2025-08-18,Economy,Document,3.09,594,454.68,Delayed,2025-08-25,2025-08-28
SHP003337,CUST04395,PART3982,BR3245,BR4012,2025-05-01,Express,Parcel,3.14,1981,1298.63,Delivered,2025-05-03,2025-05-04
SHP003338,CUST01052,PART0691,BR2109,BR3460,2025-12-31,Same Day,Parcel,2.41,1717,1187.37,Out for Delivery,2026-01-01,
SHP003339,CUST02797,PART0825,BR3341,BR4438,2025-09-27,Same Day,Electronics,3.04,506,535.18,Delayed,2025-09-28,2025-09-29
SHP003340,CUST04848,PART2053,BR4798,BR4916,2025-12-02,Standard,Electronics,1.8,507,378.45,Out for Delivery,2025-12-06,
SHP003341,CUST02792,PART0258,BR0482,BR1302,2025-01-06,Standard,Fragile,3.11,1060,711.42,Delayed,2025-01-10,2025-01-10
SHP003342,CUST00573,PART4178,BR4512,BR2994,2025-04-02,Standard,Electronics,1.49,1598,971.68,Delivered,2025-04-06,2025-04-10
SHP003343,CUST01715,PART2805,BR4024,BR3686,2025-03-06,Standard,Parcel,0.82,1892,1118.64,Returned,2025-03-10,2025-03-10
SHP003344,CUST04243,PART3769,BR0372,BR3381,2025-05-10,Economy,Electronics,2.07,851,573.59,Delivered,2025-05-17,2025-05-18
SHP003345,CUST03583,PART1832,BR4463,BR4617,2025-03-01,Economy,Food,0.97,629,427.29,Out for Delivery,2025-03-08,
SHP003346,CUST02777,PART3462,BR3093,BR4630,2025-11-21,Standard,Document,2.63,1643,1021.51,Delivered,2025-11-25,2025-11-29
SHP003347,CUST02370,PART0476,BR2063,BR3798,2025-06-09,Standard,Fragile,3.87,1763,1114.79,Delivered,2025-06-13,2025-06-13
SHP003348,CUST02745,PART0915,BR1621,BR4930,2025-03-20,Standard,Food,3.04,1274,827.58,Delayed,2025-03-24,2025-03-25
SHP003349,CUST01835,PART1946,BR3883,BR3512,2025-02-28,Express,Document,7.53,725,704.41,Delivered,2025-03-02,2025-03-01
SHP003350,CUST02424,PART0324,BR3463,BR3974,2025-01-10,Economy,Document,2.69,2030,1235.68,Returned,2025-01-17,2025-01-19
SHP003351,CUST03967,PART2415,BR0473,BR4110,2025-07-29,Economy,Electronics,0.83,426,312.56,Out for Delivery,2025-08-05,
SHP003352,CUST01836,PART3375,BR2925,BR4826,2025-01-31,Standard,Parcel,8.58,249,385.71,Out for Delivery,2025-02-04,
SHP003353,CUST04501,PART0336,BR0335,BR1009,2025-05-04,Economy,Document,9.38,835,725.61,In Transit,2025-05-11,
SHP003354,CUST04302,PART1266,BR4188,BR4989,2025-02-13,Express,Fragile,5.68,1567,1126.81,In Transit,2025-02-15,
SHP003355,CUST03378,PART0528,BR3800,BR2850,2025-07-17,Same Day,Electronics,2.69,1491,1069.23,Delayed,2025-07-18,2025-07-21
SHP003356,CUST03317,PART2803,BR0305,BR3078,2025-08-13,Same Day,Food,2.93,1145,884.21,In Transit,2025-08-14,
SHP003357,CUST03599,PART1511,BR4024,BR4098,2025-02-28,Standard,Food,2.54,1355,861.13,Returned,2025-03-04,2025-03-05
SHP003358,CUST01622,PART4490,BR4431,BR1364,2025-07-09,Standard,Food,0.48,2013,1177.71,Delivered,2025-07-13,2025-07-14
SHP003359,CUST00817,PART0405,BR1130,BR0241,2025-09-18,Standard,Document,4.36,1168,798.32,Delivered,2025-09-22,2025-09-26
SHP003360,CUST04907,PART3025,BR1227,BR0356,2025-10-03,Standard,Clothing,3.57,1353,882.69,Out for Delivery,2025-10-07,
SHP003361,CUST00790,PART0635,BR2956,BR4954,2025-01-26,Express,Clothing,6.86,449,537.87,Delivered,2025-01-28,2025-01-30
SHP003362,CUST03636,PART4251,BR4294,BR4249,2025-05-25,Economy,Parcel,4.24,1165,794.03,Delivered,2025-06-01,2025-06-04
SHP003363,CUST04077,PART4627,BR2331,BR2716,2025-02-11,Economy,Parcel,1.56,519,379.77,Delivered,2025-02-18,2025-02-19
SHP003364,CUST00058,PART4238,BR4866,BR3713,2025-05-05,Standard,Electronics,2.57,1543,965.19,Delayed,2025-05-09,2025-05-12
SHP003365,CUST00530,PART3197,BR0265,BR1476,2025-06-18,Same Day,Document,2.55,1654,1155.8,Delivered,2025-06-19,2025-06-23
SHP003366,CUST01448,PART1944,BR1931,BR1318,2025-09-01,Same Day,Parcel,5.76,665,682.47,Returned,2025-09-02,2025-09-06
SHP003367,CUST04790,PART0839,BR4415,BR3045,2025-03-23,Express,Document,4.81,801,686.37,Delivered,2025-03-25,2025-03-28
SHP003368,CUST01937,PART4215,BR0762,BR0092,2025-12-17,Express,Parcel,3.66,97,273.87,Delivered,2025-12-19,2025-12-20
SHP003369,CUST04824,PART2663,BR1607,BR2571,2025-11-07,Economy,Fragile,4.64,1997,1260.43,Delivered,2025-11-14,2025-11-17
SHP003370,CUST01364,PART3572,BR1942,BR1265,2025-05-23,Standard,Food,6.69,1624,1100.38,In Transit,2025-05-27,
SHP003371,CUST02152,PART0521,BR4507,BR1546,2025-04-17,Standard,Electronics,7.06,899,709.77,In Transit,2025-04-21,
SHP003372,CUST00261,PART1426,BR3232,BR2893,2025-10-16,Standard,Food,5.33,618,517.16,Delivered,2025-10-20,2025-10-20
SHP003373,CUST04994,PART4539,BR0751,BR4086,2025-07-27,Express,Electronics,4.46,804,680.32,Delivered,2025-07-29,2025-07-28
SHP003374,CUST02702,PART4029,BR3760,BR0756,2025-05-10,Express,Clothing,1.42,448,417.64,Delivered,2025-05-12,2025-05-16
SHP003375,CUST02763,PART4679,BR1820,BR1993,2025-07-14,Express,Parcel,2.58,1810,1192.26,Out for Delivery,2025-07-16,
SHP003376,CUST00398,PART4488,BR1683,BR2305,2025-03-25,Standard,Electronics,2.91,458,375.92,Delivered,2025-03-29,2025-03-29
SHP003377,CUST03842,PART3335,BR1700,BR4978,2025-01-02,Express,Clothing,1.19,894,657.88,Out for Delivery,2025-01-04,
SHP003378,CUST01334,PART1424,BR1870,BR1699,2025-05-08,Standard,Parcel,2.51,1155,750.47,Delivered,2025-05-12,2025-05-12
SHP003379,CUST00982,PART2647,BR3987,BR1220,2025-06-01,Standard,Fragile,3.62,500,414.64,Returned,2025-06-05,2025-06-09
SHP003380,CUST00875,PART0464,BR3537,BR1080,2025-05-30,Express,Document,3.61,2131,1391.47,Returned,2025-06-01,2025-06-01
SHP003381,CUST01004,PART4643,BR0378,BR2425,2025-03-06,Standard,Fragile,3.17,1304,846.94,In Transit,2025-03-10,
SHP003382,CUST04618,PART4820,BR0860,BR0258,2025-01-31,Standard,Clothing,1.66,1846,1111.82,Cancelled,2025-02-04,
SHP003383,CUST04805,PART2457,BR0135,BR2307,2025-09-26,Standard,Electronics,0.93,848,546.86,In Transit,2025-09-30,
SHP003384,CUST01999,PART0946,BR2712,BR0310,2025-04-11,Same Day,Parcel,0.49,1657,1112.13,In Transit,2025-04-12,
SHP003385,CUST03535,PART2000,BR0415,BR4114,2025-02-22,Express,Clothing,2.1,1980,1275.2,Delivered,2025-02-24,2025-02-28
SHP003386,CUST00035,PART2814,BR1555,BR2515,2025-02-09,Standard,Food,4.3,560,462.6,Delivered,2025-02-13,2025-02-13
SHP003387,CUST01997,PART2151,BR0670,BR0875,2025-10-10,Express,Electronics,3.75,750,635.0,Delivered,2025-10-12,2025-10-16
SHP003388,CUST00439,PART0227,BR0079,BR3248,2025-04-11,Standard,Food,2.3,1909,1160.55,Delivered,2025-04-15,2025-04-19
SHP003389,CUST01483,PART2931,BR4053,BR2717,2025-10-23,Standard,Food,2.5,1805,1107.75,Cancelled,2025-10-27,
SHP003390,CUST00923,PART4036,BR3052,BR4094,2025-04-10,Standard,Food,2.16,1754,1072.22,Delivered,2025-04-14,2025-04-16
SHP003391,CUST04037,PART4365,BR1010,BR2821,2025-10-28,Express,Electronics,1.54,2115,1337.13,Delivered,2025-10-30,2025-11-03
SHP003392,CUST02292,PART4333,BR0688,BR4735,2025-05-05,Standard,Electronics,1.34,1610,974.98,In Transit,2025-05-09,
SHP003393,CUST03472,PART2256,BR1808,BR1516,2025-04-23,Economy,Clothing,5.22,1811,1170.89,Out for Delivery,2025-04-30,
SHP003394,CUST01150,PART1869,BR4509,BR1397,2025-03-05,Express,Fragile,0.71,502,431.72,Delivered,2025-03-07,2025-03-06
SHP003395,CUST03154,PART2179,BR2534,BR3952,2025-10-19,Standard,Electronics,5.75,760,604.5,In Transit,2025-10-23,
SHP003396,CUST03891,PART0363,BR2925,BR0541,2025-06-16,Standard,Document,3.38,1566,995.66,Delivered,2025-06-20,2025-06-21
SHP003397,CUST03166,PART2007,BR1244,BR3316,2025-09-14,Standard,Parcel,7.73,1257,921.41,Out for Delivery,2025-09-18,
SHP003398,CUST00858,PART4888,BR3237,BR4054,2025-06-25,Express,Electronics,6.86,231,417.97,In Transit,2025-06-27,
SHP003399,CUST04998,PART3131,BR0015,BR0716,2025-04-16,Same Day,Document,1.84,122,297.58,Delivered,2025-04-17,2025-04-21
SHP003400,CUST00693,PART4124,BR3168,BR3955,2025-05-02,Standard,Document,3.65,157,226.65,In Transit,2025-05-06,
SHP003401,CUST00615,PART4836,BR2610,BR1805,2025-11-24,Express,Fragile,3.14,433,447.23,In Transit,2025-11-26,
SHP003402,CUST02901,PART0336,BR0831,BR2905,2025-03-07,Economy,Document,3.91,2177,1343.37,Cancelled,2025-03-14,
SHP003403,CUST01219,PART3371,BR4409,BR4224,2025-05-31,Economy,Food,1.54,1914,1146.58,Delivered,2025-06-07,2025-06-08
SHP003404,CUST01316,PART3754,BR4232,BR0791,2025-09-01,Standard,Clothing,2.91,1847,1139.87,In Transit,2025-09-05,
SHP003405,CUST00134,PART2164,BR2063,BR0734,2025-11-13,Standard,Parcel,5.0,2110,1330.5,Delivered,2025-11-17,2025-11-19
SHP003406,CUST01850,PART3343,BR3590,BR2661,2025-04-25,Standard,Electronics,2.64,1924,1176.28,In Transit,2025-04-29,
SHP003407,CUST00860,PART1562,BR2064,BR3063,2025-12-07,Express,Food,2.45,1087,791.75,Out for Delivery,2025-12-09,
SHP003408,CUST00760,PART2859,BR3091,BR2150,2025-02-04,Same Day,Parcel,2.39,1309,962.53,Delivered,2025-02-05,2025-02-08
SHP003409,CUST01252,PART3414,BR1201,BR1537,2025-07-12,Express,Clothing,6.83,1070,878.76,Delivered,2025-07-14,2025-07-17
SHP003410,CUST03812,PART2510,BR2254,BR1030,2025-05-28,Economy,Fragile,2.51,464,370.42,Delivered,2025-06-04,2025-06-06
SHP003411,CUST02104,PART0614,BR3402,BR3289,2025-07-06,Standard,Electronics,1.97,941,620.89,Delivered,2025-07-10,2025-07-09
SHP003412,CUST03423,PART1810,BR3906,BR0202,2025-04-12,Standard,Parcel,4.86,2064,1302.12,Delivered,2025-04-16,2025-04-17
SHP003413,CUST00485,PART3003,BR2123,BR3181,2025-06-24,Economy,Clothing,3.39,586,456.88,Delayed,2025-07-01,2025-07-01
SHP003414,CUST03767,PART3111,BR2632,BR2219,2025-02-18,Standard,Electronics,8.53,2128,1418.06,Delivered,2025-02-22,2025-02-22
SHP003415,CUST03713,PART4478,BR1862,BR0817,2025-10-07,Same Day,Document,4.42,352,480.84,Delivered,2025-10-08,2025-10-11
SHP003416,CUST00688,PART3324,BR1832,BR2789,2025-08-12,Economy,Parcel,3.68,1262,835.06,In Transit,2025-08-19,
SHP003417,CUST03897,PART3115,BR4011,BR3232,2025-04-03,Express,Document,1.23,386,379.36,Cancelled,2025-04-05,
SHP003418,CUST04260,PART2338,BR0346,BR1141,2025-05-13,Express,Clothing,2.37,1508,1021.54,In Transit,2025-05-15,
SHP003419,CUST02730,PART4578,BR0092,BR4528,2025-09-25,Standard,Clothing,3.7,273,291.55,Delivered,2025-09-29,2025-10-03
SHP003420,CUST04987,PART1560,BR2033,BR1645,2025-11-19,Economy,Fragile,1.55,1601,974.65,In Transit,2025-11-26,
SHP003421,CUST01076,PART0496,BR0593,BR0457,2025-03-07,Express,Fragile,5.63,1089,862.81,Delivered,2025-03-09,2025-03-08
SHP003422,CUST04398,PART1505,BR0953,BR4004,2025-06-15,Express,Fragile,2.45,1582,1064.0,In Transit,2025-06-17,
SHP003423,CUST04796,PART4450,BR2305,BR0435,2025-03-01,Standard,Electronics,8.42,520,531.24,Delivered,2025-03-05,2025-03-05
SHP003424,CUST04142,PART3812,BR2918,BR3579,2025-12-17,Express,Fragile,1.48,120,238.56,Delivered,2025-12-19,2025-12-18
SHP003425,CUST00921,PART0907,BR3719,BR2263,2025-03-11,Economy,Parcel,9.53,1793,1255.81,Out for Delivery,2025-03-18,
SHP003426,CUST04273,PART4004,BR4212,BR0262,2025-08-09,Standard,Fragile,5.35,1610,1063.2,Delivered,2025-08-13,2025-08-13
SHP003427,CUST04479,PART0514,BR0583,BR1865,2025-07-15,Economy,Parcel,4.9,2035,1287.05,Delivered,2025-07-22,2025-07-26
SHP003428,CUST03630,PART0532,BR4070,BR3541,2025-12-15,Economy,Food,3.72,659,504.29,Delivered,2025-12-22,2025-12-25
SHP003429,CUST02374,PART2542,BR0806,BR0301,2025-07-21,Express,Food,0.88,2193,1365.51,Cancelled,2025-07-23,
SHP003430,CUST03948,PART0870,BR0703,BR2536,2025-11-04,Standard,Electronics,4.74,1467,971.13,Delivered,2025-11-08,2025-11-12
SHP003431,CUST02493,PART3127,BR1091,BR4263,2025-03-03,Standard,Parcel,3.81,1422,925.92,Returned,2025-03-07,2025-03-10
SHP003432,CUST03961,PART2213,BR2617,BR0729,2025-09-13,Express,Parcel,1.67,2185,1378.49,Delivered,2025-09-15,2025-09-16
SHP003433,CUST03913,PART0290,BR4738,BR4499,2025-06-12,Standard,Electronics,5.05,885,657.85,Delivered,2025-06-16,2025-06-15
SHP003434,CUST00332,PART3489,BR0276,BR4373,2025-09-14,Express,Parcel,4.25,755,648.75,Delivered,2025-09-16,2025-09-16
SHP003435,CUST00379,PART0135,BR0536,BR4971,2025-10-24,Express,Fragile,1.7,1141,804.95,Delayed,2025-10-26,2025-10-26
SHP003436,CUST01215,PART3589,BR3764,BR1648,2025-05-31,Standard,Food,0.88,2184,1280.56,Out for Delivery,2025-06-04,
SHP003437,CUST00629,PART3808,BR3291,BR3405,2025-04-25,Standard,Parcel,3.19,1379,888.63,In Transit,2025-04-29,
SHP003438,CUST03928,PART4804,BR0906,BR0069,2025-01-20,Same Day,Document,1.56,2010,1329.82,Delivered,2025-01-21,2025-01-22
SHP003439,CUST03501,PART3333,BR3527,BR3704,2025-09-24,Express,Parcel,2.11,2093,1337.57,In Transit,2025-09-26,
SHP003440,CUST01845,PART2049,BR3851,BR2002,2025-04-15,Standard,Clothing,6.38,1281,904.91,Delivered,2025-04-19,2025-04-22
SHP003441,CUST00360,PART0584,BR4185,BR3417,2025-03-30,Standard,Clothing,1.57,2194,1301.24,Delivered,2025-04-03,2025-04-05
SHP003442,CUST01261,PART0172,BR4215,BR1975,2025-11-23,Express,Clothing,3.84,2177,1421.83,Delivered,2025-11-25,2025-11-28
SHP003443,CUST04956,PART3820,BR1990,BR2045,2025-07-04,Same Day,Document,2.21,704,625.82,Delivered,2025-07-05,2025-07-09
SHP003444,CUST03887,PART2315,BR1147,BR2798,2025-04-27,Standard,Parcel,9.56,884,756.52,In Transit,2025-05-01,
SHP003445,CUST00533,PART3872,BR2793,BR3269,2025-04-24,Express,Electronics,2.65,1401,968.85,Returned,2025-04-26,2025-04-29
SHP003446,CUST04904,PART3896,BR0878,BR1676,2025-03-03,Same Day,Food,5.13,1525,1141.61,Out for Delivery,2025-03-04,
SHP003447,CUST00955,PART3839,BR2520,BR4225,2025-05-07,Standard,Fragile,1.91,2158,1288.92,Returned,2025-05-11,2025-05-14
SHP003448,CUST01833,PART3239,BR2253,BR2737,2025-02-03,Standard,Parcel,3.31,241,265.37,Delivered,2025-02-07,2025-02-08
SHP003449,CUST02925,PART4283,BR3333,BR2077,2025-04-28,Standard,Electronics,0.72,1009,630.79,Delivered,2025-05-02,2025-05-04
SHP003450,CUST02339,PART1307,BR4229,BR2961,2025-01-06,Same Day,Parcel,0.77,2041,1329.49,Delivered,2025-01-07,2025-01-10
SHP003451,CUST00977,PART3622,BR1027,BR0099,2025-03-14,Standard,Clothing,4.95,909,668.85,Delivered,2025-03-18,2025-03-20
SHP003452,CUST03051,PART4965,BR3575,BR4003,2025-04-04,Standard,Clothing,3.87,1551,998.19,Delivered,2025-04-08,2025-04-08
SHP003453,CUST01355,PART4311,BR2434,BR1855,2025-10-10,Standard,Parcel,1.71,1703,1034.27,Delivered,2025-10-14,2025-10-18
SHP003454,CUST01931,PART0540,BR2752,BR2595,2025-05-17,Express,Clothing,2.73,863,674.71,Cancelled,2025-05-19,
SHP003455,CUST02977,PART4268,BR2221,BR3066,2025-03-15,Standard,Electronics,2.67,1601,999.29,Delivered,2025-03-19,2025-03-19
SHP003456,CUST03087,PART1353,BR0492,BR2743,2025-02-07,Express,Parcel,4.41,86,284.32,Delayed,2025-02-09,2025-02-10
SHP003457,CUST00965,PART2756,BR3113,BR0713,2025-02-03,Express,Parcel,3.52,1784,1198.64,Delivered,2025-02-05,2025-02-09
SHP003458,CUST00960,PART1074,BR1489,BR3558,2025-02-24,Express,Parcel,3.01,821,657.77,Cancelled,2025-02-26,
SHP003459,CUST03120,PART2688,BR4247,BR2376,2025-06-13,Standard,Fragile,2.4,174,208.5,Delivered,2025-06-17,2025-06-20
SHP003460,CUST02993,PART3731,BR3912,BR3505,2025-10-16,Express,Food,4.2,1957,1308.75,Delivered,2025-10-18,2025-10-21
SHP003461,CUST00936,PART4281,BR2933,BR4887,2025-10-27,Standard,Food,2.04,79,148.33,Delivered,2025-10-31,2025-10-30
SHP003462,CUST00238,PART3097,BR0743,BR3829,2025-02-17,Standard,Electronics,1.18,2059,1218.41,Delivered,2025-02-21,2025-02-21
SHP003463,CUST01163,PART3583,BR3820,BR3534,2025-06-22,Economy,Parcel,2.24,940,626.28,Delivered,2025-06-29,2025-06-30
SHP003464,CUST00926,PART1997,BR1003,BR1185,2025-06-29,Express,Fragile,0.56,30,168.82,Delivered,2025-07-01,2025-07-03
SHP003465,CUST01744,PART4396,BR4109,BR3764,2025-01-06,Economy,Electronics,2.14,260,250.08,Out for Delivery,2025-01-13,
SHP003466,CUST00954,PART1702,BR0583,BR0663,2025-01-16,Standard,Fragile,2.98,862,599.66,Out for Delivery,2025-01-20,
SHP003467,CUST02325,PART2775,BR4590,BR3469,2025-06-20,Economy,Fragile,9.12,1208,925.04,In Transit,2025-06-27,
SHP003468,CUST02092,PART0929,BR3545,BR3713,2025-11-29,Standard,Fragile,2.34,1064,696.68,Cancelled,2025-12-03,
SHP003469,CUST00747,PART0420,BR3523,BR3197,2025-08-13,Standard,Food,4.93,229,294.41,In Transit,2025-08-17,
SHP003470,CUST02821,PART0218,BR4080,BR4002,2025-07-12,Same Day,Document,2.96,1075,846.37,Delivered,2025-07-13,2025-07-13
SHP003471,CUST03766,PART4154,BR4160,BR1432,2025-10-29,Standard,Electronics,4.58,1193,816.91,Delivered,2025-11-02,2025-11-02
SHP003472,CUST03675,PART1253,BR2072,BR1509,2025-07-01,Same Day,Food,1.48,25,236.31,Returned,2025-07-02,2025-07-01
SHP003473,CUST04383,PART0024,BR4878,BR4161,2025-08-02,Economy,Parcel,3.33,1044,707.46,In Transit,2025-08-09,
SHP003474,CUST02608,PART1562,BR0841,BR0062,2025-06-27,Economy,Fragile,3.36,2167,1325.77,In Transit,2025-07-04,
SHP003475,CUST04167,PART3078,BR1917,BR4636,2025-05-05,Standard,Food,3.64,1354,884.78,Delivered,2025-05-09,2025-05-11
SHP003476,CUST03410,PART3804,BR2061,BR0513,2025-04-08,Economy,Document,1.05,2110,1243.6,Delivered,2025-04-15,2025-04-14
SHP003477,CUST02213,PART0311,BR2531,BR4493,2025-06-11,Express,Parcel,6.95,368,495.3,Delayed,2025-06-13,2025-06-14
SHP003478,CUST01896,PART2814,BR4893,BR0711,2025-02-06,Same Day,Food,3.09,1727,1207.83,Delivered,2025-02-07,2025-02-07
SHP003479,CUST04375,PART3846,BR0822,BR4029,2025-09-05,Express,Electronics,4.78,804,687.36,Delayed,2025-09-07,2025-09-09
SHP003480,CUST00993,PART2680,BR1058,BR0568,2025-10-06,Same Day,Document,0.45,154,284.6,Delivered,2025-10-07,2025-10-10
SHP003481,CUST00242,PART2088,BR4457,BR3222,2025-05-03,Express,Electronics,5.2,88,302.8,Delivered,2025-05-05,2025-05-08
SHP003482,CUST02356,PART1921,BR1163,BR1205,2025-05-26,Standard,Parcel,4.4,920,662.8,Returned,2025-05-30,2025-05-30
SHP003483,CUST03484,PART3241,BR4293,BR3861,2025-04-20,Economy,Fragile,4.21,1035,721.87,Delivered,2025-04-27,2025-04-29
SHP003484,CUST02286,PART1626,BR0311,BR4861,2025-05-13,Standard,Clothing,5.56,535,476.57,Cancelled,2025-05-17,
SHP003485,CUST02799,PART3298,BR3298,BR4240,2025-10-03,Standard,Parcel,8.31,1670,1161.32,Delayed,2025-10-07,2025-10-10
SHP003486,CUST02150,PART0762,BR3809,BR4922,2025-12-05,Express,Fragile,4.09,1071,819.03,Returned,2025-12-07,2025-12-07
SHP003487,CUST04604,PART3041,BR0858,BR4173,2025-07-02,Express,Food,1.36,641,522.47,Delivered,2025-07-04,2025-07-03
SHP003488,CUST04946,PART3069,BR0677,BR3215,2025-07-13,Same Day,Document,7.38,1710,1292.86,Delivered,2025-07-14,2025-07-18
SHP003489,CUST03382,PART3060,BR4661,BR3509,2025-09-17,Express,Electronics,1.22,1735,1121.09,In Transit,2025-09-19,
SHP003490,CUST01929,PART0249,BR3253,BR2292,2025-01-27,Standard,Fragile,2.7,1173,764.55,Delivered,2025-01-31,2025-01-31
SHP003491,CUST04900,PART4988,BR0882,BR3220,2025-06-11,Economy,Fragile,3.44,724,533.88,Delivered,2025-06-18,2025-06-17
SHP003492,CUST00526,PART4616,BR1151,BR2024,2025-04-27,Standard,Food,1.52,1126,712.74,Delivered,2025-05-01,2025-05-05
SHP003493,CUST03829,PART2573,BR3442,BR2357,2025-12-24,Standard,Document,3.62,652,498.24,In Transit,2025-12-28,
SHP003494,CUST01636,PART4335,BR4430,BR3581,2025-07-18,Express,Electronics,1.8,1875,1210.85,Delivered,2025-07-20,2025-07-20
SHP003495,CUST00121,PART3111,BR0610,BR0595,2025-10-12,Express,Clothing,4.35,19,246.15,Delivered,2025-10-14,2025-10-14
SHP003496,CUST02691,PART3389,BR1993,BR3257,2025-02-09,Standard,Parcel,1.43,1427,876.31,Delivered,2025-02-13,2025-02-17
SHP003497,CUST00522,PART4639,BR4585,BR0887,2025-02-24,Standard,Document,2.34,920,617.48,In Transit,2025-02-28,
SHP003498,CUST02996,PART2677,BR2682,BR1055,2025-12-28,Standard,Document,2.12,1558,963.54,Out for Delivery,2026-01-01,
SHP003499,CUST03481,PART0400,BR3747,BR4216,2025-06-18,Economy,Food,0.99,24,94.98,Delivered,2025-06-25,2025-06-28
SHP003500,CUST04363,PART3892,BR4063,BR0521,2025-09-24,Standard,Parcel,1.81,2009,1204.77,Delivered,2025-09-28,2025-09-30
SHP003501,CUST02154,PART1041,BR2255,BR2693,2025-07-20,Express,Electronics,5.04,1519,1086.33,Delivered,2025-07-22,2025-07-26
SHP003502,CUST02297,PART3884,BR3137,BR3431,2025-08-19,Express,Parcel,7.24,162,388.38,Delivered,2025-08-21,2025-08-25
SHP003503,CUST02701,PART4410,BR2651,BR0119,2025-02-10,Express,Fragile,4.66,384,453.72,In Transit,2025-02-12,
SHP003504,CUST04726,PART1048,BR3003,BR1905,2025-05-14,Express,Parcel,1.52,330,354.94,Out for Delivery,2025-05-16,
SHP003505,CUST04766,PART1184,BR1730,BR1703,2025-03-05,Standard,Document,5.48,2117,1344.91,Delivered,2025-03-09,2025-03-13
SHP003506,CUST01624,PART3734,BR2140,BR0266,2025-01-14,Standard,Fragile,3.23,71,170.11,Cancelled,2025-01-18,
SHP003507,CUST01723,PART0919,BR3191,BR2208,2025-08-20,Standard,Clothing,1.39,2098,1244.48,Delivered,2025-08-24,2025-08-23
SHP003508,CUST04388,PART3088,BR0868,BR4456,2025-03-20,Express,Electronics,6.3,1190,933.1,Delivered,2025-03-22,2025-03-24
SHP003509,CUST01400,PART2611,BR3953,BR2374,2025-06-28,Standard,Clothing,3.93,1292,857.06,Delivered,2025-07-02,2025-07-02
SHP003510,CUST02208,PART1016,BR4717,BR0411,2025-10-30,Standard,Clothing,5.28,165,266.91,In Transit,2025-11-03,
SHP003511,CUST02413,PART4326,BR2097,BR4214,2025-09-04,Same Day,Food,4.61,1376,1048.22,Delivered,2025-09-05,2025-09-04
SHP003512,CUST03359,PART3868,BR1155,BR2690,2025-10-30,Express,Fragile,3.41,2107,1373.87,Out for Delivery,2025-11-01,
SHP003513,CUST02020,PART3886,BR3894,BR1913,2025-11-27,Express,Parcel,9.86,1961,1435.47,In Transit,2025-11-29,
SHP003514,CUST00916,PART3194,BR3724,BR0980,2025-12-23,Standard,Electronics,0.29,1949,1138.33,Delivered,2025-12-27,2025-12-28
SHP003515,CUST00568,PART1720,BR1842,BR1961,2025-12-09,Standard,Food,1.12,1698,1018.54,In Transit,2025-12-13,
SHP003516,CUST02840,PART2224,BR1291,BR2371,2025-04-23,Express,Electronics,2.14,19,197.53,Delivered,2025-04-25,2025-04-25
SHP003517,CUST02141,PART0446,BR0686,BR2529,2025-03-15,Standard,Electronics,5.58,217,302.11,In Transit,2025-03-19,
SHP003518,CUST01066,PART1492,BR3010,BR1469,2025-09-07,Express,Clothing,7.0,972,828.6,In Transit,2025-09-09,
SHP003519,CUST02796,PART0958,BR2210,BR4872,2025-02-16,Standard,Document,8.12,1700,1173.64,Delivered,2025-02-20,2025-02-23
SHP003520,CUST02435,PART4064,BR3420,BR3334,2025-03-26,Standard,Clothing,3.49,424,369.98,In Transit,2025-03-30,
SHP003521,CUST00452,PART4550,BR1210,BR0185,2025-07-17,Standard,Parcel,7.89,1691,1163.63,Delivered,2025-07-21,2025-07-21
SHP003522,CUST04079,PART1328,BR3799,BR4152,2025-11-28,Standard,Electronics,2.78,1502,947.26,Delivered,2025-12-02,2025-12-05
SHP003523,CUST01092,PART2622,BR2786,BR4886,2025-04-13,Economy,Parcel,1.57,792,530.14,In Transit,2025-04-20,
SHP003524,CUST01229,PART0053,BR4604,BR3568,2025-09-15,Express,Electronics,2.8,328,382.0,Delivered,2025-09-17,2025-09-19
SHP003525,CUST01871,PART0127,BR4830,BR2923,2025-08-07,Standard,Parcel,5.01,1836,1180.02,Delivered,2025-08-11,2025-08-14
SHP003526,CUST03684,PART3840,BR3313,BR2668,2025-09-06,Express,Parcel,2.54,1071,784.93,Returned,2025-09-08,2025-09-12
SHP003527,CUST00505,PART1004,BR4958,BR1012,2025-03-17,Standard,Clothing,2.42,660,476.24,Delayed,2025-03-21,2025-03-22
SHP003528,CUST03979,PART4555,BR1925,BR2085,2025-05-11,Standard,Fragile,3.53,522,424.76,Delivered,2025-05-15,2025-05-17
SHP003529,CUST00917,PART2278,BR1049,BR0104,2025-06-02,Standard,Electronics,3.9,1089,744.75,Returned,2025-06-06,2025-06-06
SHP003530,CUST01726,PART4464,BR1449,BR2494,2025-01-24,Standard,Electronics,0.6,999,622.65,In Transit,2025-01-28,
SHP003531,CUST00511,PART3320,BR2585,BR4851,2025-03-04,Standard,Parcel,2.25,678,482.4,Delivered,2025-03-08,2025-03-10
SHP003532,CUST00658,PART3294,BR2931,BR2881,2025-06-10,Express,Document,1.23,1136,791.86,Delivered,2025-06-12,2025-06-11
SHP003533,CUST01862,PART4056,BR0772,BR1506,2025-09-24,Express,Parcel,2.92,1259,896.69,Delivered,2025-09-26,2025-09-30
SHP003534,CUST00999,PART1611,BR2263,BR3207,2025-01-06,Express,Parcel,0.73,1401,926.61,Delivered,2025-01-08,2025-01-10
SHP003535,CUST04553,PART4089,BR3758,BR2420,2025-12-11,Economy,Document,5.51,1238,862.12,Delivered,2025-12-18,2025-12-20
SHP003536,CUST00462,PART0583,BR4830,BR1105,2025-04-26,Standard,Document,6.32,699,583.49,Delivered,2025-04-30,2025-05-04
SHP003537,CUST00231,PART1929,BR2211,BR2902,2025-02-19,Standard,Clothing,3.57,1776,1115.34,In Transit,2025-02-23,
SHP003538,CUST02208,PART2705,BR3523,BR2699,2025-07-16,Express,Parcel,1.68,1449,973.91,Returned,2025-07-18,2025-07-18
SHP003539,CUST03125,PART2353,BR2478,BR0132,2025-04-18,Standard,Electronics,7.35,1465,1027.45,Delivered,2025-04-22,2025-04-24
SHP003540,CUST04913,PART1737,BR2615,BR3647,2025-03-17,Standard,Fragile,3.79,389,357.33,Delivered,2025-03-21,2025-03-21
SHP003541,CUST00378,PART0132,BR4415,BR0338,2025-03-26,Standard,Food,0.76,62,110.82,Delayed,2025-03-30,2025-03-30
SHP003542,CUST03251,PART1193,BR1017,BR3097,2025-04-24,Standard,Document,3.69,846,606.48,In Transit,2025-04-28,
SHP003543,CUST04876,PART3903,BR4478,BR3539,2025-08-27,Standard,Fragile,0.9,1417,859.15,Delivered,2025-08-31,2025-09-02
SHP003544,CUST03959,PART2885,BR1271,BR0029,2025-07-11,Economy,Clothing,5.2,1831,1181.45,Delivered,2025-07-18,2025-07-20
SHP003545,CUST03255,PART1307,BR3218,BR4688,2025-12-20,Same Day,Fragile,1.02,81,256.99,Delayed,2025-12-21,2025-12-23
SHP003546,CUST00265,PART0285,BR3833,BR2478,2025-11-14,Express,Parcel,1.84,1281,885.03,In Transit,2025-11-16,
SHP003547,CUST02537,PART1291,BR3858,BR1910,2025-03-20,Standard,Parcel,0.79,1943,1146.03,Delivered,2025-03-24,2025-03-24
SHP003548,CUST03129,PART1246,BR3356,BR3542,2025-07-04,Standard,Clothing,3.77,1108,752.34,Delivered,2025-07-08,2025-07-08
SHP003549,CUST02424,PART2257,BR2695,BR1540,2025-09-30,Express,Clothing,2.55,744,605.3,Delayed,2025-10-02,2025-10-06
SHP003550,CUST03543,PART0754,BR2724,BR3369,2025-11-22,Express,Parcel,3.02,1522,1043.54,In Transit,2025-11-24,
SHP003551,CUST04370,PART2411,BR3892,BR0566,2025-10-05,Express,Parcel,3.19,1916,1263.98,Delivered,2025-10-07,2025-10-07
SHP003552,CUST03909,PART3069,BR3748,BR2032,2025-10-06,Same Day,Fragile,2.33,356,437.06,In Transit,2025-10-07,
SHP003553,CUST03350,PART3922,BR1386,BR3565,2025-08-18,Standard,Electronics,3.08,771,551.81,In Transit,2025-08-22,
SHP003554,CUST01422,PART1441,BR1429,BR4719,2025-02-15,Same Day,Document,8.56,526,667.62,Delivered,2025-02-16,2025-02-19
SHP003555,CUST01436,PART2146,BR4342,BR1884,2025-02-18,Standard,Electronics,2.4,890,602.3,In Transit,2025-02-22,
SHP003556,CUST04776,PART1689,BR2882,BR0719,2025-07-17,Express,Electronics,1.54,871,652.93,Delivered,2025-07-19,2025-07-20
SHP003557,CUST00858,PART3115,BR1321,BR2018,2025-04-22,Express,Food,4.73,903,740.71,Delivered,2025-04-24,2025-04-25
SHP003558,CUST02611,PART1538,BR2869,BR0968,2025-08-18,Standard,Fragile,3.92,1686,1073.54,Delivered,2025-08-22,2025-08-25
SHP003559,CUST04034,PART1709,BR3080,BR3709,2025-05-06,Standard,Parcel,4.05,1462,953.2,Delivered,2025-05-10,2025-05-12
SHP003560,CUST01120,PART2727,BR1512,BR2871,2025-10-02,Standard,Clothing,1.97,1367,855.19,Out for Delivery,2025-10-06,
SHP003561,CUST02766,PART1892,BR2975,BR4216,2025-09-17,Standard,Electronics,6.14,863,669.73,Delivered,2025-09-21,2025-09-23
SHP003562,CUST02894,PART4035,BR0699,BR1577,2025-03-13,Standard,Parcel,6.35,410,425.2,Delivered,2025-03-17,2025-03-19
SHP003563,CUST03504,PART0598,BR0597,BR1677,2025-11-08,Express,Food,2.2,220,309.4,Delivered,2025-11-10,2025-11-09
SHP003564,CUST03349,PART1100,BR2394,BR4564,2025-08-08,Standard,Electronics,3.39,1790,1119.08,Delivered,2025-08-12,2025-08-12
SHP003565,CUST03297,PART3117,BR4464,BR3963,2025-10-18,Same Day,Document,4.44,1279,991.13,Delivered,2025-10-19,2025-10-22
SHP003566,CUST01124,PART4513,BR2825,BR1192,2025-12-14,Express,Food,1.4,1517,1005.15,Returned,2025-12-16,2025-12-19
SHP003567,CUST04544,PART2843,BR1971,BR4769,2025-11-03,Economy,Clothing,2.48,2048,1240.96,Delivered,2025-11-10,2025-11-13
SHP003568,CUST02150,PART0966,BR0703,BR4384,2025-06-03,Standard,Document,5.08,768,594.16,Delivered,2025-06-07,2025-06-07
SHP003569,CUST00489,PART4373,BR3114,BR0978,2025-10-31,Standard,Clothing,4.1,263,294.85,In Transit,2025-11-04,
SHP003570,CUST01961,PART3691,BR2151,BR1837,2025-06-09,Express,Document,2.98,1967,1287.41,In Transit,2025-06-11,
SHP003571,CUST04850,PART1598,BR4643,BR1493,2025-12-16,Express,Clothing,2.08,2161,1374.31,Out for Delivery,2025-12-18,
SHP003572,CUST03775,PART2857,BR1347,BR2443,2025-05-30,Express,Document,3.59,128,289.38,Delayed,2025-06-01,2025-06-05
SHP003573,CUST03201,PART4734,BR0804,BR0848,2025-02-20,Standard,Clothing,5.42,2005,1281.99,Delivered,2025-02-24,2025-02-23
SHP003574,CUST03223,PART2192,BR4793,BR0893,2025-04-27,Economy,Parcel,1.77,1588,972.34,Returned,2025-05-04,2025-05-06
SHP003575,CUST04320,PART0746,BR3312,BR0742,2025-07-31,Standard,Fragile,5.68,1583,1055.61,Delivered,2025-08-04,2025-08-06
SHP003576,CUST03781,PART4069,BR1328,BR3740,2025-01-14,Economy,Fragile,8.26,2179,1440.17,Out for Delivery,2025-01-21,
SHP003577,CUST03960,PART0146,BR1718,BR4095,2025-01-01,Same Day,Document,2.49,1623,1137.43,Delivered,2025-01-02,2025-01-02
SHP003578,CUST02241,PART2136,BR0772,BR1653,2025-12-29,Same Day,Document,2.25,215,357.75,In Transit,2025-12-30,
SHP003579,CUST03722,PART2708,BR2171,BR1750,2025-06-20,Economy,Clothing,5.7,1912,1237.0,Delayed,2025-06-27,2025-06-30
SHP003580,CUST03309,PART0158,BR3594,BR4208,2025-01-23,Express,Document,2.42,1866,1219.54,Delivered,2025-01-25,2025-01-28
SHP003581,CUST02662,PART4698,BR3793,BR1016,2025-10-11,Economy,Parcel,7.5,1798,1213.9,Delivered,2025-10-18,2025-10-19
SHP003582,CUST03469,PART2832,BR2322,BR4982,2025-05-30,Standard,Document,3.64,1257,831.43,Delivered,2025-06-03,2025-06-05
SHP003583,CUST04842,PART1571,BR4798,BR3623,2025-06-26,Express,Clothing,4.54,116,303.68,Out for Delivery,2025-06-28,
SHP003584,CUST03788,PART0959,BR2967,BR3542,2025-05-03,Standard,Food,2.46,1748,1075.52,Delivered,2025-05-07,2025-05-06
SHP003585,CUST03932,PART2423,BR0190,BR4867,2025-06-13,Same Day,Fragile,4.55,274,440.8,In Transit,2025-06-14,
SHP003586,CUST04845,PART1881,BR4535,BR4043,2025-12-11,Standard,Document,8.93,461,510.01,Delivered,2025-12-15,2025-12-18
SHP003587,CUST00659,PART1204,BR2938,BR0589,2025-10-15,Same Day,Clothing,3.69,90,320.68,Delayed,2025-10-16,2025-10-16
SHP003588,CUST00222,PART1600,BR2212,BR1178,2025-07-30,Standard,Fragile,1.3,1476,900.4,Delivered,2025-08-03,2025-08-05
SHP003589,CUST01333,PART0634,BR2842,BR3603,2025-09-04,Standard,Document,4.01,1826,1152.52,Delivered,2025-09-08,2025-09-09
SHP003590,CUST04402,PART4205,BR4109,BR4963,2025-05-25,Same Day,Food,2.68,1130,870.46,Delivered,2025-05-26,2025-05-30
SHP003591,CUST03111,PART4795,BR0134,BR2008,2025-06-30,Standard,Document,0.9,653,438.95,Out for Delivery,2025-07-04,
SHP003592,CUST04138,PART3460,BR0505,BR1966,2025-11-04,Express,Document,1.72,1012,734.44,Out for Delivery,2025-11-06,
SHP003593,CUST01911,PART2028,BR3101,BR3734,2025-10-25,Express,Parcel,4.84,2006,1349.78,Cancelled,2025-10-27,
SHP003594,CUST02812,PART3943,BR3812,BR2553,2025-04-24,Standard,Document,6.86,1925,1269.67,Delivered,2025-04-28,2025-05-01
SHP003595,CUST01051,PART0909,BR2856,BR3973,2025-07-01,Economy,Document,3.21,1197,788.97,Cancelled,2025-07-08,
SHP003596,CUST02652,PART4866,BR4973,BR3158,2025-03-03,Express,Food,2.16,202,298.62,Delivered,2025-03-05,2025-03-06
SHP003597,CUST01024,PART0155,BR2708,BR2402,2025-01-24,Express,Electronics,1.94,592,508.28,Delayed,2025-01-26,2025-01-30
SHP003598,CUST04022,PART2193,BR3900,BR2722,2025-02-26,Economy,Document,1.7,953,621.55,Delayed,2025-03-05,2025-03-09
SHP003599,CUST01195,PART4929,BR1424,BR0809,2025-03-24,Express,Electronics,3.9,559,533.25,Delivered,2025-03-26,2025-03-29
SHP003600,CUST01396,PART3580,BR1748,BR3577,2025-04-25,Express,Clothing,8.7,178,429.3,Out for Delivery,2025-04-27,
SHP003601,CUST00585,PART2942,BR3904,BR0591,2025-03-24,Standard,Fragile,2.72,1991,1214.89,In Transit,2025-03-28,
SHP003602,CUST00122,PART0454,BR0787,BR3210,2025-04-25,Economy,Parcel,0.68,894,566.66,Delivered,2025-05-02,2025-05-05
SHP003603,CUST03602,PART1681,BR0957,BR3176,2025-03-17,Same Day,Parcel,4.61,1816,1290.22,Delivered,2025-03-18,2025-03-18
SHP003604,CUST03014,PART3831,BR3736,BR0228,2025-06-09,Economy,Clothing,3.53,571,451.71,Delivered,2025-06-16,2025-06-15
SHP003605,CUST00757,PART3588,BR1376,BR4279,2025-06-02,Standard,Electronics,1.14,1661,998.63,Returned,2025-06-06,2025-06-10
SHP003606,CUST01768,PART4132,BR4136,BR3059,2025-03-05,Standard,Clothing,2.11,40,128.42,In Transit,2025-03-09,
SHP003607,CUST03227,PART3848,BR2061,BR4036,2025-08-12,Express,Parcel,3.24,1300,926.28,Delivered,2025-08-14,2025-08-16
SHP003608,CUST00114,PART2670,BR2574,BR1227,2025-01-04,Same Day,Fragile,11.47,2177,1639.69,Delivered,2025-01-05,2025-01-06
SHP003609,CUST03039,PART4308,BR3591,BR3743,2025-06-16,Same Day,Parcel,1.09,134,287.68,Returned,2025-06-17,2025-06-17
SHP003610,CUST04825,PART0640,BR4089,BR3993,2025-05-10,Same Day,Clothing,5.06,1644,1205.52,Delivered,2025-05-11,2025-05-12
SHP003611,CUST00143,PART1565,BR4416,BR3147,2025-07-18,Standard,Fragile,7.69,1703,1165.83,Delivered,2025-07-22,2025-07-25
SHP003612,CUST01718,PART4856,BR2102,BR3099,2025-03-25,Same Day,Clothing,1.82,70,268.54,Delivered,2025-03-26,2025-03-28
SHP003613,CUST00457,PART3463,BR1146,BR0845,2025-02-05,Standard,Food,0.87,1965,1159.89,In Transit,2025-02-09,
SHP003614,CUST00883,PART3827,BR3339,BR3658,2025-07-07,Express,Clothing,2.77,1696,1133.74,Delivered,2025-07-09,2025-07-09
SHP003615,CUST01404,PART0554,BR1893,BR1510,2025-01-17,Standard,Fragile,2.61,1560,975.42,In Transit,2025-01-21,
SHP003616,CUST03758,PART1791,BR2281,BR1190,2025-03-27,Standard,Parcel,3.4,774,560.5,In Transit,2025-03-31,
SHP003617,CUST02247,PART4873,BR1125,BR2166,2025-11-23,Standard,Fragile,8.1,815,686.45,Returned,2025-11-27,2025-11-30
SHP003618,CUST03874,PART0752,BR3450,BR4842,2025-09-08,Standard,Food,4.66,1521,999.07,In Transit,2025-09-12,
SHP003619,CUST03954,PART4754,BR1945,BR3650,2025-04-14,Standard,Fragile,1.42,1327,821.09,Delivered,2025-04-18,2025-04-21
SHP003620,CUST01041,PART1508,BR3463,BR3180,2025-12-09,Economy,Fragile,2.32,2080,1255.04,Delivered,2025-12-16,2025-12-17
SHP003621,CUST00036,PART4505,BR4261,BR1985,2025-11-26,Express,Document,2.33,68,228.66,Delivered,2025-11-28,2025-11-27
SHP003622,CUST04709,PART3527,BR1010,BR2554,2025-09-06,Standard,Electronics,3.76,1698,1076.62,In Transit,2025-09-10,
SHP003623,CUST00442,PART0051,BR1833,BR1922,2025-11-12,Standard,Food,0.56,275,223.57,Delivered,2025-11-16,2025-11-20
SHP003624,CUST01260,PART1555,BR0867,BR1568,2025-10-23,Standard,Parcel,6.11,889,683.37,Delivered,2025-10-27,2025-10-26
SHP003625,CUST00822,PART0271,BR3977,BR1896,2025-07-25,Express,Clothing,3.89,1237,905.93,Delivered,2025-07-27,2025-07-30
SHP003626,CUST04226,PART2169,BR0819,BR2932,2025-11-01,Economy,Fragile,6.66,1311,927.57,In Transit,2025-11-08,
SHP003627,CUST00427,PART3143,BR3905,BR1831,2025-11-08,Express,Clothing,1.46,1603,1053.77,Out for Delivery,2025-11-10,
SHP003628,CUST02467,PART0205,BR4330,BR2852,2025-12-03,Economy,Food,1.34,1704,1026.68,Delivered,2025-12-10,2025-12-10
SHP003629,CUST04235,PART1043,BR4331,BR4727,2025-09-23,Standard,Clothing,4.35,427,390.55,Delivered,2025-09-27,2025-10-01
SHP003630,CUST04833,PART1190,BR4572,BR0487,2025-07-29,Express,Clothing,6.31,167,370.67,Out for Delivery,2025-07-31,
SHP003631,CUST00539,PART2349,BR2021,BR4662,2025-06-12,Express,Document,2.62,1279,901.09,In Transit,2025-06-14,
SHP003632,CUST00810,PART3553,BR3416,BR1059,2025-10-26,Same Day,Food,3.05,603,588.75,Delivered,2025-10-27,2025-10-27
SHP003633,CUST02159,PART3390,BR3511,BR3139,2025-01-20,Standard,Parcel,3.45,229,261.85,Delivered,2025-01-24,2025-01-25
SHP003634,CUST02485,PART0084,BR1857,BR3529,2025-07-27,Standard,Food,6.51,475,464.47,Delivered,2025-07-31,2025-08-01
SHP003635,CUST04933,PART0040,BR1516,BR2888,2025-02-08,Standard,Parcel,4.39,458,408.48,Delivered,2025-02-12,2025-02-15
SHP003636,CUST04977,PART0366,BR0487,BR3771,2025-02-19,Express,Fragile,7.54,1731,1257.93,Delivered,2025-02-21,2025-02-20
SHP003637,CUST04709,PART2151,BR4325,BR0568,2025-04-02,Standard,Fragile,1.24,715,480.53,Delayed,2025-04-06,2025-04-07
SHP003638,CUST01463,PART4833,BR0487,BR4188,2025-11-25,Economy,Fragile,4.1,398,369.1,Out for Delivery,2025-12-02,
SHP003639,CUST00608,PART3877,BR2702,BR0205,2025-07-17,Standard,Parcel,4.72,144,243.04,In Transit,2025-07-21,
SHP003640,CUST01585,PART2737,BR1382,BR0749,2025-07-20,Express,Parcel,2.92,1510,1034.74,Delivered,2025-07-22,2025-07-26
SHP003641,CUST03571,PART0118,BR0867,BR1423,2025-06-25,Standard,Parcel,7.33,1253,910.41,In Transit,2025-06-29,
SHP003642,CUST01302,PART0863,BR0395,BR2326,2025-10-18,Standard,Electronics,5.22,496,447.64,Returned,2025-10-22,2025-10-25
SHP003643,CUST03862,PART2238,BR0978,BR4418,2025-05-30,Standard,Document,3.6,855,609.45,Out for Delivery,2025-06-03,
SHP003644,CUST02771,PART1099,BR4544,BR4905,2025-02-15,Standard,Document,3.78,1021,704.71,Delivered,2025-02-19,2025-02-19
SHP003645,CUST01813,PART3642,BR2161,BR3191,2025-03-30,Standard,Food,4.23,674,523.76,Delivered,2025-04-03,2025-04-02
SHP003646,CUST02591,PART4630,BR4937,BR3166,2025-08-16,Standard,Fragile,1.86,1833,1109.07,In Transit,2025-08-20,
SHP003647,CUST02055,PART2091,BR0423,BR3796,2025-09-20,Express,Document,3.3,103,269.25,Delayed,2025-09-22,2025-09-22
SHP003648,CUST02588,PART0187,BR4560,BR3246,2025-01-15,Standard,Electronics,1.37,1396,857.94,Delivered,2025-01-19,2025-01-19
SHP003649,CUST03057,PART1125,BR0568,BR1530,2025-12-15,Standard,Document,4.57,60,193.54,In Transit,2025-12-19,
SHP003650,CUST04593,PART4479,BR4306,BR2498,2025-06-14,Express,Electronics,2.06,2103,1341.97,Delivered,2025-06-16,2025-06-16
SHP003651,CUST00377,PART4906,BR3523,BR3299,2025-03-15,Express,Document,6.96,943,811.77,Delivered,2025-03-17,2025-03-20
SHP003652,CUST03268,PART4426,BR4463,BR0426,2025-11-12,Standard,Parcel,5.03,237,301.01,Delayed,2025-11-16,2025-11-17
SHP003653,CUST01147,PART0234,BR4666,BR3918,2025-04-19,Standard,Document,1.64,909,596.03,Out for Delivery,2025-04-23,
SHP003654,CUST04339,PART2475,BR3368,BR3811,2025-09-26,Same Day,Electronics,3.49,97,320.13,In Transit,2025-09-27,
SHP003655,CUST01975,PART2509,BR3360,BR4338,2025-05-27,Standard,Electronics,0.73,338,261.96,Delivered,2025-05-31,2025-05-31
SHP003656,CUST01606,PART2228,BR4935,BR0345,2025-11-01,Standard,Parcel,2.61,1770,1090.92,Delivered,2025-11-05,2025-11-05
SHP003657,CUST02477,PART3085,BR0931,BR3143,2025-10-06,Express,Parcel,1.32,582,489.14,Delivered,2025-10-08,2025-10-12
SHP003658,CUST01454,PART0411,BR4200,BR3559,2025-02-24,Express,Fragile,2.42,1766,1164.54,Delayed,2025-02-26,2025-02-28
SHP003659,CUST04336,PART0974,BR3790,BR2787,2025-01-10,Express,Fragile,4.73,66,280.36,Delivered,2025-01-12,2025-01-16
SHP003660,CUST02080,PART1500,BR2177,BR3335,2025-07-03,Standard,Food,1.65,2104,1253.5,Delivered,2025-07-07,2025-07-10
SHP003661,CUST00919,PART3273,BR3238,BR1263,2025-04-26,Standard,Clothing,2.73,383,330.71,Delivered,2025-04-30,2025-04-29
SHP003662,CUST01631,PART3585,BR0105,BR2199,2025-12-26,Standard,Fragile,2.07,742,513.64,Out for Delivery,2025-12-30,
SHP003663,CUST01537,PART4257,BR3948,BR2237,2025-11-15,Standard,Clothing,3.27,1671,1050.99,In Transit,2025-11-19,
SHP003664,CUST00335,PART3884,BR0391,BR0577,2025-07-04,Standard,Fragile,7.54,457,477.23,Delivered,2025-07-08,2025-07-09
SHP003665,CUST01038,PART2560,BR1518,BR4523,2025-02-15,Express,Clothing,6.37,1069,868.09,Delivered,2025-02-17,2025-02-16
SHP003666,CUST01808,PART1783,BR0760,BR4621,2025-02-25,Express,Document,5.02,471,509.49,Delivered,2025-02-27,2025-02-26
SHP003667,CUST02495,PART3521,BR4686,BR4415,2025-04-19,Express,Document,2.31,1547,1041.67,Delivered,2025-04-21,2025-04-23
SHP003668,CUST02522,PART1029,BR1523,BR0570,2025-10-01,Express,Parcel,6.07,1616,1162.34,Delivered,2025-10-03,2025-10-06
SHP003669,CUST01177,PART2486,BR4757,BR4383,2025-03-09,Economy,Electronics,2.82,1512,953.64,Delivered,2025-03-16,2025-03-15
SHP003670,CUST01743,PART3693,BR4981,BR2039,2025-11-11,Economy,Electronics,4.7,1682,1088.5,Delivered,2025-11-18,2025-11-19
SHP003671,CUST02100,PART0356,BR4635,BR0427,2025-05-12,Standard,Food,5.68,1951,1258.01,Returned,2025-05-16,2025-05-17
SHP003672,CUST03111,PART0302,BR1947,BR3659,2025-05-23,Standard,Clothing,3.39,1287,842.43,Delivered,2025-05-27,2025-05-31
SHP003673,CUST03287,PART2073,BR1485,BR2912,2025-06-08,Same Day,Fragile,4.64,116,355.88,Out for Delivery,2025-06-09,
SHP003674,CUST04599,PART4154,BR3245,BR1631,2025-09-15,Economy,Food,3.24,1798,1120.18,Delivered,2025-09-22,2025-09-22
SHP003675,CUST02538,PART3358,BR2802,BR0675,2025-07-23,Standard,Document,0.63,101,129.41,In Transit,2025-07-27,
SHP003676,CUST03661,PART4638,BR0050,BR0955,2025-03-03,Standard,Parcel,3.35,902,629.8,Delivered,2025-03-07,2025-03-08
SHP003677,CUST02393,PART1388,BR2880,BR2254,2025-06-10,Express,Food,1.93,1561,1041.01,Returned,2025-06-12,2025-06-15
SHP003678,CUST02913,PART2749,BR1255,BR1692,2025-09-09,Standard,Document,4.99,410,395.28,Out for Delivery,2025-09-13,
SHP003679,CUST01725,PART0607,BR1240,BR1018,2025-05-28,Standard,Fragile,0.82,1493,899.19,Delivered,2025-06-01,2025-06-02
SHP003680,CUST04505,PART2791,BR4173,BR1877,2025-11-17,Same Day,Electronics,2.61,909,747.37,Out for Delivery,2025-11-18,
SHP003681,CUST03232,PART1858,BR2733,BR3504,2025-09-10,Standard,Clothing,1.83,670,468.76,Delivered,2025-09-14,2025-09-14
SHP003682,CUST02167,PART4799,BR3668,BR4717,2025-12-06,Express,Document,3.55,85,264.85,Out for Delivery,2025-12-08,
SHP003683,CUST04404,PART1909,BR3396,BR0878,2025-01-24,Express,Parcel,5.35,1384,1018.9,Delivered,2025-01-26,2025-01-26
SHP003684,CUST03790,PART1700,BR0217,BR3623,2025-05-22,Same Day,Electronics,3.34,1686,1190.78,Delivered,2025-05-23,2025-05-27
SHP003685,CUST04699,PART2852,BR1221,BR3395,2025-02-18,Express,Fragile,1.39,1257,861.93,In Transit,2025-02-20,
SHP003686,CUST00159,PART0345,BR2958,BR2725,2025-04-11,Economy,Electronics,0.63,2114,1236.56,Delivered,2025-04-18,2025-04-18
SHP003687,CUST00995,PART3483,BR1650,BR0666,2025-06-06,Express,Clothing,5.38,1603,1140.01,Delivered,2025-06-08,2025-06-10
SHP003688,CUST01033,PART1285,BR0549,BR0732,2025-05-29,Express,Food,5.74,103,322.93,Returned,2025-05-31,2025-06-04
SHP003689,CUST03120,PART2138,BR3772,BR4301,2025-10-15,Standard,Parcel,1.99,104,160.98,Delivered,2025-10-19,2025-10-22
SHP003690,CUST01125,PART0621,BR3215,BR0951,2025-07-06,Standard,Parcel,3.46,1701,1071.67,In Transit,2025-07-10,
SHP003691,CUST01189,PART1061,BR2115,BR1407,2025-05-08,Express,Food,1.08,1095,766.01,Delivered,2025-05-10,2025-05-12
SHP003692,CUST03663,PART1330,BR4747,BR0666,2025-02-22,Standard,Electronics,5.43,1052,758.06,In Transit,2025-02-26,
SHP003693,CUST01863,PART2346,BR4180,BR0104,2025-03-28,Express,Document,11.63,1721,1342.41,Out for Delivery,2025-03-30,
SHP003694,CUST04589,PART4930,BR0119,BR2646,2025-08-09,Express,Fragile,3.2,1618,1100.3,Delivered,2025-08-11,2025-08-13
SHP003695,CUST03682,PART4752,BR2232,BR3041,2025-07-25,Standard,Food,2.84,1600,1002.48,Delivered,2025-07-29,2025-07-31
SHP003696,CUST00978,PART3293,BR1322,BR1543,2025-03-04,Express,Food,0.68,66,191.26,Delivered,2025-03-06,2025-03-09
SHP003697,CUST03875,PART4508,BR3310,BR1365,2025-07-18,Economy,Parcel,10.8,492,568.2,Delayed,2025-07-25,2025-07-24
SHP003698,CUST03247,PART3404,BR4135,BR2410,2025-05-31,Economy,Electronics,4.15,1715,1094.55,Delivered,2025-06-07,2025-06-07
SHP003699,CUST00523,PART1727,BR2774,BR4433,2025-03-22,Standard,Fragile,3.32,286,290.34,In Transit,2025-03-26,
SHP003700,CUST03248,PART4190,BR4511,BR0371,2025-02-03,Express,Clothing,6.16,1484,1091.72,Delivered,2025-02-05,2025-02-06
SHP003701,CUST03691,PART3506,BR2981,BR0162,2025-08-12,Standard,Document,5.52,2010,1286.94,Delivered,2025-08-16,2025-08-20
SHP003702,CUST03086,PART4773,BR1890,BR3333,2025-02-11,Standard,Parcel,3.39,1738,1090.48,In Transit,2025-02-15,
SHP003703,CUST02684,PART2939,BR4620,BR2861,2025-08-25,Same Day,Food,2.57,1579,1114.99,Delivered,2025-08-26,2025-08-25
SHP003704,CUST00336,PART3522,BR3743,BR3559,2025-07-31,Standard,Clothing,2.02,1657,1015.79,Delivered,2025-08-04,2025-08-06
SHP003705,CUST04548,PART2178,BR3629,BR4648,2025-07-19,Standard,Food,7.19,1960,1296.18,Returned,2025-07-23,2025-07-22
SHP003706,CUST02046,PART2724,BR3051,BR2890,2025-11-24,Standard,Electronics,3.24,310,301.78,Returned,2025-11-28,2025-11-27
SHP003707,CUST00763,PART1811,BR2726,BR1561,2025-03-29,Economy,Document,2.76,473,380.87,Out for Delivery,2025-04-05,
SHP003708,CUST00962,PART3061,BR3518,BR0164,2025-10-29,Economy,Parcel,3.76,864,617.92,Delivered,2025-11-05,2025-11-07
SHP003709,CUST04853,PART1005,BR1935,BR0812,2025-10-10,Express,Document,3.71,1341,959.17,Out for Delivery,2025-10-12,
SHP003710,CUST04371,PART2098,BR3778,BR1107,2025-04-06,Standard,Food,8.43,2008,1349.86,Delivered,2025-04-10,2025-04-13
SHP003711,CUST02356,PART0675,BR0739,BR2855,2025-05-15,Express,Electronics,1.66,200,286.52,In Transit,2025-05-17,
SHP003712,CUST02617,PART1900,BR2521,BR4346,2025-01-12,Economy,Document,2.09,1773,1081.13,Delivered,2025-01-19,2025-01-19
SHP003713,CUST01163,PART4102,BR2134,BR4428,2025-04-22,Economy,Parcel,3.1,1460,931.2,Delivered,2025-04-29,2025-05-02
SHP003714,CUST00660,PART3228,BR0374,BR0938,2025-05-15,Standard,Fragile,3.19,266,276.48,In Transit,2025-05-19,
SHP003715,CUST04958,PART1612,BR1228,BR2040,2025-12-31,Standard,Clothing,5.12,2023,1285.29,In Transit,2026-01-04,
SHP003716,CUST04361,PART2725,BR3851,BR1062,2025-05-12,Economy,Food,1.13,983,625.51,Delivered,2025-05-19,2025-05-23
SHP003717,CUST01991,PART1421,BR2710,BR3716,2025-02-15,Same Day,Clothing,4.9,965,828.55,Delivered,2025-02-16,2025-02-20
SHP003718,CUST00785,PART2081,BR2530,BR0984,2025-07-08,Standard,Parcel,6.87,1191,866.19,Delivered,2025-07-12,2025-07-12
SHP003719,CUST04887,PART2357,BR1206,BR0430,2025-07-27,Express,Parcel,5.13,1795,1240.11,Out for Delivery,2025-07-29,
SHP003720,CUST03816,PART0444,BR4021,BR1640,2025-02-09,Standard,Parcel,4.81,1622,1057.92,Delayed,2025-02-13,2025-02-16
SHP003721,CUST02698,PART1459,BR2499,BR1521,2025-10-17,Standard,Parcel,0.49,1465,876.53,Delivered,2025-10-21,2025-10-22
SHP003722,CUST00150,PART2678,BR0976,BR1965,2025-10-10,Standard,Fragile,4.92,687,546.09,Delivered,2025-10-14,2025-10-17
SHP003723,CUST04695,PART2292,BR3061,BR3679,2025-01-01,Standard,Food,1.4,1497,914.15,Returned,2025-01-05,2025-01-09
SHP003724,CUST03105,PART3216,BR3374,BR1846,2025-05-29,Economy,Fragile,2.87,1858,1145.04,Out for Delivery,2025-06-05,
SHP003725,CUST04490,PART1902,BR2289,BR2777,2025-10-15,Standard,Food,1.99,165,194.53,In Transit,2025-10-19,
SHP003726,CUST04903,PART4080,BR4906,BR2707,2025-07-22,Standard,Document,6.05,341,380.65,Delivered,2025-07-26,2025-07-30
SHP003727,CUST00795,PART3047,BR3824,BR2214,2025-08-03,Standard,Food,1.8,533,392.75,Delivered,2025-08-07,2025-08-06
SHP003728,CUST03001,PART1428,BR4456,BR3218,2025-07-07,Standard,Document,1.95,1994,1199.6,In Transit,2025-07-11,
SHP003729,CUST04888,PART2243,BR2809,BR3127,2025-03-09,Standard,Document,10.62,207,407.49,Delayed,2025-03-13,2025-03-12
SHP003730,CUST03249,PART2633,BR4962,BR1112,2025-05-10,Express,Electronics,5.91,2185,1471.77,Delivered,2025-05-12,2025-05-15
SHP003731,CUST03548,PART3450,BR3246,BR2991,2025-12-06,Standard,Fragile,1.33,57,120.61,Delivered,2025-12-10,2025-12-13
SHP003732,CUST04664,PART4746,BR4079,BR4348,2025-11-06,Standard,Document,1.73,85,144.81,Returned,2025-11-10,2025-11-11
SHP003733,CUST02118,PART1901,BR1554,BR4741,2025-07-16,Standard,Document,4.62,1124,779.84,Delivered,2025-07-20,2025-07-21
SHP003734,CUST04160,PART4694,BR3484,BR2331,2025-05-18,Express,Parcel,8.68,119,396.41,In Transit,2025-05-20,
SHP003735,CUST04255,PART1899,BR3635,BR3991,2025-03-14,Standard,Parcel,2.97,186,227.64,Delivered,2025-03-18,2025-03-17
SHP003736,CUST00243,PART4883,BR0546,BR0009,2025-01-03,Express,Parcel,7.11,1745,1256.17,Delivered,2025-01-05,2025-01-04
SHP003737,CUST00338,PART1982,BR3818,BR2503,2025-10-14,Standard,Food,0.78,532,369.76,Out for Delivery,2025-10-18,
SHP003738,CUST01273,PART2904,BR4717,BR3329,2025-04-09,Standard,Fragile,2.49,1887,1152.63,Delivered,2025-04-13,2025-04-16
SHP003739,CUST00707,PART3095,BR0931,BR4684,2025-05-15,Express,Fragile,6.08,11,279.81,Delivered,2025-05-17,2025-05-20
SHP003740,CUST02424,PART3416,BR3866,BR3948,2025-09-29,Express,Document,2.16,502,463.62,Delivered,2025-10-01,2025-10-02
SHP003741,CUST02854,PART1279,BR4292,BR2981,2025-01-16,Standard,Fragile,1.97,2084,1249.54,Delivered,2025-01-20,2025-01-24
SHP003742,CUST02055,PART2951,BR0067,BR1133,2025-12-14,Standard,Fragile,1.23,1442,880.16,In Transit,2025-12-18,
SHP003743,CUST00798,PART1922,BR4125,BR3227,2025-04-13,Express,Fragile,8.91,1335,1070.27,Delivered,2025-04-15,2025-04-16
SHP003744,CUST02945,PART1895,BR3519,BR2011,2025-09-26,Standard,Electronics,1.24,1027,652.13,Delivered,2025-09-30,2025-09-29
SHP003745,CUST00688,PART4836,BR1836,BR4646,2025-08-24,Standard,Fragile,8.28,2147,1423.01,Delivered,2025-08-28,2025-09-01
SHP003746,CUST02242,PART1488,BR3865,BR3024,2025-07-08,Standard,Parcel,1.76,1256,789.52,In Transit,2025-07-12,
SHP003747,CUST00725,PART4840,BR1810,BR0533,2025-07-31,Standard,Electronics,3.29,1857,1153.73,In Transit,2025-08-04,
SHP003748,CUST04820,PART4122,BR1525,BR0653,2025-06-22,Express,Electronics,3.48,533,509.71,Delayed,2025-06-24,2025-06-23
SHP003749,CUST02007,PART0951,BR2105,BR4312,2025-09-05,Same Day,Fragile,1.82,1479,1043.49,Delivered,2025-09-06,2025-09-05
SHP003750,CUST03847,PART1635,BR0474,BR4457,2025-07-15,Standard,Parcel,3.68,1939,1207.41,In Transit,2025-07-19,
SHP003751,CUST04539,PART0578,BR2825,BR0401,2025-06-01,Express,Food,2.87,931,715.19,Delivered,2025-06-03,2025-06-07
SHP003752,CUST03679,PART1861,BR0048,BR4273,2025-08-12,Standard,Electronics,1.42,18,101.14,Out for Delivery,2025-08-16,
SHP003753,CUST02187,PART2257,BR4691,BR4569,2025-03-27,Standard,Food,1.86,290,260.42,In Transit,2025-03-31,
SHP003754,CUST03521,PART3702,BR2106,BR1464,2025-07-07,Economy,Fragile,3.77,987,685.79,Delivered,2025-07-14,2025-07-17
SHP003755,CUST01997,PART1568,BR1871,BR4781,2025-05-06,Standard,Clothing,1.89,1268,798.98,In Transit,2025-05-10,
SHP003756,CUST00100,PART3511,BR2597,BR3296,2025-07-07,Economy,Food,5.96,1797,1179.47,Delayed,2025-07-14,2025-07-13
SHP003757,CUST01190,PART0698,BR0130,BR4651,2025-09-18,Express,Clothing,6.86,117,355.27,Delivered,2025-09-20,2025-09-19
SHP003758,CUST03840,PART1935,BR0634,BR4897,2025-05-01,Express,Document,5.43,255,399.71,In Transit,2025-05-03,
SHP003759,CUST02363,PART0275,BR3999,BR4771,2025-12-20,Standard,Parcel,3.6,710,529.7,Returned,2025-12-24,2025-12-23
SHP003760,CUST04555,PART2702,BR2385,BR4456,2025-12-26,Standard,Food,5.35,932,690.3,Out for Delivery,2025-12-30,
SHP003761,CUST04921,PART3650,BR4363,BR2461,2025-06-09,Economy,Parcel,1.68,95,149.21,Delivered,2025-06-16,2025-06-16
SHP003762,CUST04316,PART0685,BR2309,BR0344,2025-09-06,Standard,Food,1.71,2074,1238.32,Out for Delivery,2025-09-10,
SHP003763,CUST03540,PART1873,BR0615,BR1014,2025-03-29,Standard,Document,2.29,789,544.33,Delivered,2025-04-02,2025-04-05
SHP003764,CUST01665,PART2823,BR0938,BR1092,2025-12-23,Express,Document,2.82,2067,1338.89,Out for Delivery,2025-12-25,
SHP003765,CUST03432,PART4656,BR1784,BR2254,2025-05-16,Express,Clothing,4.09,758,646.88,Delivered,2025-05-18,2025-05-19
SHP003766,CUST04565,PART0398,BR3794,BR3060,2025-07-29,Standard,Parcel,1.55,727,493.95,Delayed,2025-08-02,2025-08-01
SHP003767,CUST01547,PART3276,BR2164,BR3823,2025-08-24,Economy,Electronics,6.82,1673,1130.19,Returned,2025-08-31,2025-09-04
SHP003768,CUST00315,PART2801,BR4258,BR4546,2025-03-14,Economy,Fragile,3.56,460,391.32,Delivered,2025-03-21,2025-03-20
SHP003769,CUST00460,PART2961,BR0932,BR4789,2025-11-17,Same Day,Clothing,5.62,273,463.79,Delivered,2025-11-18,2025-11-20
SHP003770,CUST03791,PART4238,BR0247,BR2277,2025-04-27,Standard,Clothing,6.27,1647,1103.79,Delivered,2025-05-01,2025-04-30
SHP003771,CUST00606,PART1869,BR4792,BR0606,2025-07-18,Standard,Document,2.35,1790,1096.2,In Transit,2025-07-22,
SHP003772,CUST01529,PART3678,BR0378,BR1767,2025-10-03,Standard,Document,2.65,1998,1217.2,Delivered,2025-10-07,2025-10-10
SHP003773,CUST04565,PART1142,BR0423,BR1910,2025-09-09,Standard,Electronics,3.84,299,308.93,Delivered,2025-09-13,2025-09-13
SHP003774,CUST03239,PART3319,BR1330,BR2883,2025-05-19,Economy,Clothing,2.95,842,588.0,Delivered,2025-05-26,2025-05-28
SHP003775,CUST01839,PART4855,BR3174,BR1178,2025-07-31,Economy,Parcel,4.77,86,212.24,Delivered,2025-08-07,2025-08-06
SHP003776,CUST02531,PART0382,BR0902,BR1341,2025-12-31,Standard,Clothing,3.66,675,511.77,Out for Delivery,2026-01-04,
SHP003777,CUST00877,PART2577,BR0999,BR4907,2025-09-15,Standard,Document,2.61,1587,990.27,Out for Delivery,2025-09-19,
SHP003778,CUST00154,PART4779,BR3001,BR0349,2025-04-07,Standard,Document,1.72,171,191.89,Delivered,2025-04-11,2025-04-12
SHP003779,CUST03769,PART2926,BR4595,BR3992,2025-12-08,Standard,Food,2.46,1980,1203.12,Delivered,2025-12-12,2025-12-14
SHP003780,CUST00467,PART0403,BR3553,BR3285,2025-12-14,Express,Parcel,1.43,815,619.71,Delivered,2025-12-16,2025-12-18
SHP003781,CUST03847,PART1918,BR0829,BR4827,2025-06-08,Standard,Clothing,2.0,421,335.55,Delivered,2025-06-12,2025-06-11
SHP003782,CUST03596,PART3954,BR3690,BR4462,2025-08-15,Standard,Clothing,4.84,595,493.73,Delivered,2025-08-19,2025-08-19
SHP003783,CUST03870,PART3544,BR3396,BR2560,2025-09-23,Express,Electronics,3.24,1373,966.43,Delivered,2025-09-25,2025-09-24
SHP003784,CUST02093,PART1228,BR1653,BR2179,2025-12-08,Standard,Parcel,2.05,494,376.8,Delivered,2025-12-12,2025-12-14
SHP003785,CUST03085,PART3973,BR2773,BR3830,2025-02-28,Same Day,Document,2.73,1862,1274.16,In Transit,2025-03-01,
SHP003786,CUST02790,PART1585,BR4080,BR0074,2025-12-29,Economy,Fragile,5.6,2158,1370.1,Delivered,2026-01-05,2026-01-07
SHP003787,CUST02743,PART2472,BR2958,BR2814,2025-08-18,Standard,Parcel,1.83,100,155.26,In Transit,2025-08-22,
SHP003788,CUST03161,PART3442,BR2556,BR2056,2025-04-24,Express,Parcel,0.64,1397,922.43,Out for Delivery,2025-04-26,
SHP003789,CUST01042,PART4867,BR1073,BR3439,2025-05-15,Express,Fragile,8.75,474,593.2,Delivered,2025-05-17,2025-05-20
SHP003790,CUST00572,PART2894,BR1700,BR3952,2025-10-20,Standard,Electronics,2.64,715,511.33,Delivered,2025-10-24,2025-10-28
SHP003791,CUST03968,PART4602,BR2002,BR0549,2025-09-26,Standard,Electronics,3.29,1738,1088.28,In Transit,2025-09-30,
SHP003792,CUST01943,PART1823,BR2274,BR0147,2025-01-03,Express,Food,6.24,51,305.33,Delivered,2025-01-05,2025-01-09
SHP003793,CUST01667,PART4901,BR2738,BR3765,2025-10-22,Express,Fragile,2.41,566,504.32,Delivered,2025-10-24,2025-10-25
SHP003794,CUST01073,PART4901,BR0296,BR3054,2025-10-06,Same Day,Document,3.42,664,630.44,In Transit,2025-10-07,
SHP003795,CUST01021,PART2329,BR0778,BR0509,2025-01-20,Standard,Electronics,2.38,475,373.61,Cancelled,2025-01-24,
SHP003796,CUST01626,PART0634,BR3171,BR3192,2025-10-17,Standard,Document,1.35,1633,987.85,Out for Delivery,2025-10-21,
SHP003797,CUST02092,PART3536,BR0627,BR3655,2025-09-17,Same Day,Electronics,4.22,746,693.14,Delivered,2025-09-18,2025-09-19
SHP003798,CUST04596,PART1644,BR0189,BR4026,2025-04-19,Standard,Food,6.48,2036,1322.36,Out for Delivery,2025-04-23,
SHP003799,CUST04506,PART0812,BR3005,BR1471,2025-06-19,Express,Clothing,3.12,1729,1159.59,Delivered,2025-06-21,2025-06-25
SHP003800,CUST02025,PART3829,BR4883,BR1099,2025-11-04,Standard,Food,4.6,963,690.85,Delivered,2025-11-08,2025-11-09
SHP003801,CUST00764,PART3276,BR4718,BR3194,2025-05-09,Standard,Fragile,3.44,1017,695.03,Delivered,2025-05-13,2025-05-12
SHP003802,CUST03571,PART2759,BR2267,BR1179,2025-03-28,Standard,Parcel,2.16,2152,1291.12,Out for Delivery,2025-04-01,
SHP003803,CUST04181,PART3252,BR1703,BR0326,2025-12-30,Standard,Fragile,2.33,93,162.41,Delivered,2026-01-03,2026-01-03
SHP003804,CUST04141,PART3877,BR0743,BR4836,2025-08-18,Standard,Electronics,3.07,854,597.24,Delivered,2025-08-22,2025-08-26
SHP003805,CUST00886,PART3545,BR3048,BR0561,2025-06-23,Economy,Parcel,4.33,396,373.06,Returned,2025-06-30,2025-07-01
SHP003806,CUST01233,PART2963,BR2208,BR4167,2025-06-08,Standard,Parcel,4.0,686,525.3,Delivered,2025-06-12,2025-06-16
SHP003807,CUST02730,PART2413,BR3877,BR2092,2025-03-07,Same Day,Food,2.53,573,560.81,Delivered,2025-03-08,2025-03-08
SHP003808,CUST03595,PART4533,BR1597,BR2429,2025-12-02,Standard,Clothing,1.3,1338,824.5,In Transit,2025-12-06,
SHP003809,CUST01105,PART3065,BR1666,BR4794,2025-12-27,Standard,Food,4.88,1104,774.56,Returned,2025-12-31,2025-12-31
SHP003810,CUST01744,PART4787,BR3312,BR1833,2025-09-11,Express,Electronics,9.3,1422,1126.7,Returned,2025-09-13,2025-09-16
SHP003811,CUST04599,PART1280,BR4529,BR4105,2025-05-29,Standard,Clothing,1.75,63,133.15,Out for Delivery,2025-06-02,
SHP003812,CUST02085,PART3796,BR0916,BR2540,2025-07-13,Standard,Parcel,1.38,1948,1161.76,Delayed,2025-07-17,2025-07-20
SHP003813,CUST01137,PART3129,BR1336,BR1604,2025-11-04,Economy,Parcel,7.01,844,678.42,Cancelled,2025-11-11,
SHP003814,CUST00979,PART3456,BR4925,BR0298,2025-10-19,Same Day,Document,0.47,1335,934.59,In Transit,2025-10-20,
SHP003815,CUST00404,PART2255,BR4440,BR1912,2025-11-23,Same Day,Fragile,5.98,142,399.66,Delivered,2025-11-24,2025-11-24
SHP003816,CUST00486,PART4477,BR3358,BR4960,2025-04-11,Express,Fragile,7.0,1884,1330.2,Delivered,2025-04-13,2025-04-15
SHP003817,CUST03062,PART4250,BR0582,BR1465,2025-11-25,Express,Document,5.08,1267,948.61,In Transit,2025-11-27,
SHP003818,CUST03853,PART3484,BR4035,BR2377,2025-01-16,Economy,Parcel,2.2,264,253.6,Delivered,2025-01-23,2025-01-23
SHP003819,CUST02958,PART1205,BR1117,BR1790,2025-08-04,Standard,Parcel,3.51,112,198.82,Cancelled,2025-08-08,
SHP003820,CUST02062,PART1490,BR4712,BR0846,2025-08-04,Standard,Clothing,4.39,1495,978.83,Delivered,2025-08-08,2025-08-08
SHP003821,CUST04598,PART1775,BR4387,BR4190,2025-02-08,Same Day,Document,4.97,1933,1362.49,Cancelled,2025-02-09,
SHP003822,CUST04938,PART4344,BR4509,BR3649,2025-01-11,Standard,Fragile,9.34,285,422.23,Returned,2025-01-15,2025-01-15
SHP003823,CUST04156,PART3404,BR1272,BR3377,2025-01-30,Economy,Food,2.96,522,412.22,Delivered,2025-02-06,2025-02-10
SHP003824,CUST01098,PART2845,BR2886,BR3783,2025-06-17,Express,Parcel,1.77,555,484.19,Delayed,2025-06-19,2025-06-18
SHP003825,CUST01384,PART1008,BR1529,BR1129,2025-06-27,Standard,Fragile,5.16,1958,1250.42,In Transit,2025-07-01,
SHP003826,CUST00414,PART3395,BR2364,BR3020,2025-07-19,Express,Food,1.62,368,378.04,Delivered,2025-07-21,2025-07-24
SHP003827,CUST01710,PART2647,BR1757,BR4409,2025-01-21,Express,Clothing,0.59,1718,1097.88,In Transit,2025-01-23,
SHP003828,CUST02321,PART2543,BR3030,BR1506,2025-11-20,Standard,Electronics,3.02,957,652.79,Out for Delivery,2025-11-24,
SHP003829,CUST01130,PART1735,BR2340,BR4724,2025-12-13,Standard,Parcel,1.81,2174,1295.52,Delivered,2025-12-17,2025-12-18
SHP003830,CUST02958,PART0432,BR1120,BR0949,2025-10-18,Same Day,Clothing,2.08,1044,809.96,In Transit,2025-10-19,
SHP003831,CUST02802,PART2512,BR2592,BR1254,2025-05-04,Express,Parcel,2.5,1913,1247.15,Delivered,2025-05-06,2025-05-05
SHP003832,CUST01443,PART3733,BR1921,BR4345,2025-05-09,Express,Fragile,3.39,1885,1251.33,Delivered,2025-05-11,2025-05-15
SHP003833,CUST04970,PART3668,BR1716,BR2068,2025-01-31,Standard,Clothing,6.86,606,544.22,Returned,2025-02-04,2025-02-06
SHP003834,CUST02523,PART2612,BR3716,BR3041,2025-02-28,Standard,Electronics,2.84,813,569.63,Delivered,2025-03-04,2025-03-05
SHP003835,CUST04409,PART4849,BR0723,BR1986,2025-08-18,Same Day,Fragile,3.47,1952,1339.94,Delivered,2025-08-19,2025-08-23
SHP003836,CUST04856,PART4570,BR2352,BR4816,2025-01-18,Express,Fragile,0.92,655,520.49,Delivered,2025-01-20,2025-01-22
SHP003837,CUST03702,PART1648,BR2623,BR3103,2025-10-20,Standard,Parcel,4.97,1317,893.69,Delayed,2025-10-24,2025-10-28
SHP003838,CUST03097,PART3201,BR4443,BR4268,2025-05-01,Standard,Parcel,2.59,225,240.73,Out for Delivery,2025-05-05,
SHP003839,CUST01680,PART2901,BR1048,BR1373,2025-05-18,Standard,Fragile,4.16,378,359.42,Delivered,2025-05-22,2025-05-25
SHP003840,CUST00766,PART0383,BR0847,BR0356,2025-11-01,Express,Electronics,3.0,1698,1139.9,Out for Delivery,2025-11-03,
SHP003841,CUST03250,PART4550,BR4781,BR3290,2025-10-06,Standard,Clothing,2.63,1447,913.71,Delivered,2025-10-10,2025-10-10
SHP003842,CUST03443,PART3358,BR4454,BR0290,2025-01-19,Standard,Parcel,2.07,1647,1011.39,Delayed,2025-01-23,2025-01-22
SHP003843,CUST01151,PART0220,BR4289,BR1332,2025-10-25,Express,Clothing,2.5,429,430.95,Delivered,2025-10-27,2025-10-27
SHP003844,CUST02922,PART2067,BR0257,BR4906,2025-08-10,Standard,Electronics,2.7,1181,768.95,Delivered,2025-08-14,2025-08-17
SHP003845,CUST03445,PART3959,BR0072,BR2676,2025-10-24,Economy,Electronics,1.77,553,403.09,Delivered,2025-10-31,2025-11-02
SHP003846,CUST00871,PART4795,BR2327,BR4502,2025-07-09,Express,Clothing,3.18,1011,766.01,In Transit,2025-07-11,
SHP003847,CUST00271,PART0086,BR0863,BR4905,2025-10-26,Standard,Clothing,6.76,999,758.17,Delivered,2025-10-30,2025-11-02
SHP003848,CUST03198,PART0338,BR0022,BR0443,2025-12-30,Standard,Clothing,1.95,1331,834.95,Delivered,2026-01-03,2026-01-06
SHP003849,CUST00589,PART2292,BR2841,BR2867,2025-07-29,Standard,Electronics,1.41,100,146.02,In Transit,2025-08-02,
SHP003850,CUST02798,PART3488,BR4217,BR0353,2025-09-24,Standard,Electronics,1.2,2017,1195.75,Delivered,2025-09-28,2025-09-28
SHP003851,CUST03781,PART2169,BR2651,BR0181,2025-05-10,Standard,Clothing,2.44,1277,816.03,Delivered,2025-05-14,2025-05-14
SHP003852,CUST03330,PART2405,BR0836,BR2517,2025-04-02,Standard,Clothing,5.13,1118,787.76,In Transit,2025-04-06,
SHP003853,CUST03236,PART1558,BR2881,BR2142,2025-11-29,Standard,Clothing,3.57,1610,1024.04,Delivered,2025-12-03,2025-12-07
SHP003854,CUST02267,PART4241,BR4277,BR0372,2025-12-30,Express,Parcel,11.23,151,470.11,In Transit,2026-01-01,
SHP003855,CUST03099,PART4279,BR3685,BR0002,2025-01-24,Express,Electronics,1.48,613,509.71,Delivered,2025-01-26,2025-01-29
SHP003856,CUST01349,PART3193,BR3989,BR0154,2025-03-18,Same Day,Parcel,3.36,1965,1344.67,Delivered,2025-03-19,2025-03-18
SHP003857,CUST00645,PART1267,BR1300,BR0091,2025-05-23,Economy,Fragile,3.1,1365,878.95,Delivered,2025-05-30,2025-06-01
SHP003858,CUST00077,PART3454,BR0528,BR0048,2025-08-01,Express,Electronics,2.45,767,615.75,In Transit,2025-08-03,
SHP003859,CUST04625,PART4480,BR1856,BR3956,2025-04-13,Standard,Food,5.5,1880,1215.0,In Transit,2025-04-17,
SHP003860,CUST00877,PART1176,BR1217,BR3584,2025-01-02,Express,Parcel,3.2,412,437.0,Out for Delivery,2025-01-04,
SHP003861,CUST03489,PART1860,BR2968,BR3459,2025-05-18,Economy,Clothing,1.59,369,297.93,Delivered,2025-05-25,2025-05-25
SHP003862,CUST01319,PART2973,BR0512,BR1081,2025-07-29,Standard,Electronics,1.98,1115,716.81,Delivered,2025-08-02,2025-08-04
SHP003863,CUST04296,PART0483,BR3537,BR0809,2025-06-28,Standard,Food,3.11,1732,1081.02,Delayed,2025-07-02,2025-07-02
SHP003864,CUST03780,PART3866,BR0764,BR3346,2025-08-28,Same Day,Clothing,3.03,1990,1351.16,Delivered,2025-08-29,2025-09-01
SHP003865,CUST04328,PART1632,BR1668,BR0591,2025-11-25,Same Day,Electronics,3.88,2142,1453.46,Delivered,2025-11-26,2025-11-25
SHP003866,CUST03908,PART0694,BR0509,BR2815,2025-03-17,Economy,Document,3.12,613,465.79,Delivered,2025-03-24,2025-03-26
SHP003867,CUST03903,PART2318,BR1982,BR4449,2025-10-01,Standard,Document,2.32,665,476.79,In Transit,2025-10-05,
SHP003868,CUST01524,PART0229,BR0390,BR3057,2025-04-27,Economy,Food,2.02,1827,1109.29,Delayed,2025-05-04,2025-05-03
SHP003869,CUST01729,PART2006,BR1693,BR0172,2025-12-31,Standard,Parcel,4.42,604,489.44,Delivered,2026-01-04,2026-01-07
SHP003870,CUST03523,PART4535,BR0283,BR1848,2025-07-14,Standard,Fragile,2.96,681,499.67,In Transit,2025-07-18,
SHP003871,CUST01638,PART4265,BR2645,BR2352,2025-10-03,Economy,Food,2.31,1296,823.62,Delivered,2025-10-10,2025-10-13
SHP003872,CUST04437,PART1534,BR2577,BR4113,2025-10-18,Economy,Fragile,1.25,326,266.8,Out for Delivery,2025-10-25,
SHP003873,CUST00283,PART4375,BR2736,BR3176,2025-04-04,Standard,Fragile,1.91,445,346.77,In Transit,2025-04-08,
SHP003874,CUST01115,PART3776,BR0241,BR2251,2025-11-19,Standard,Clothing,4.32,849,621.99,In Transit,2025-11-23,
SHP003875,CUST04995,PART4502,BR1124,BR0054,2025-09-28,Standard,Parcel,5.47,2042,1303.44,Delivered,2025-10-02,2025-10-05
SHP003876,CUST04046,PART1377,BR4758,BR2063,2025-05-26,Standard,Food,1.43,2165,1282.21,Delivered,2025-05-30,2025-06-02
SHP003877,CUST04894,PART3769,BR1547,BR0105,2025-11-12,Standard,Food,3.52,1999,1236.89,In Transit,2025-11-16,
SHP003878,CUST04090,PART2181,BR3382,BR1200,2025-01-10,Express,Document,3.36,945,733.67,Delivered,2025-01-12,2025-01-11
SHP003879,CUST01096,PART3510,BR3290,BR3781,2025-02-12,Standard,Clothing,9.36,1610,1151.42,Delivered,2025-02-16,2025-02-20
SHP003880,CUST03913,PART2983,BR2800,BR0103,2025-04-14,Economy,Parcel,2.42,329,294.19,Delivered,2025-04-21,2025-04-22
SHP003881,CUST04186,PART3411,BR4217,BR4651,2025-11-24,Economy,Document,5.15,1632,1070.9,Delivered,2025-12-01,2025-12-05
SHP003882,CUST04561,PART1836,BR2283,BR3048,2025-10-25,Standard,Document,0.69,1168,717.58,Delivered,2025-10-29,2025-10-31
SHP003883,CUST01285,PART1864,BR4192,BR1633,2025-10-11,Express,Electronics,3.8,98,277.5,Returned,2025-10-13,2025-10-17
SHP003884,CUST00363,PART4407,BR1044,BR0620,2025-02-26,Standard,Clothing,11.19,1840,1318.18,In Transit,2025-03-02,
SHP003885,CUST04437,PART4895,BR3672,BR3910,2025-08-13,Express,Document,3.64,1130,841.58,Delivered,2025-08-15,2025-08-16
SHP003886,CUST04201,PART0994,BR1462,BR1361,2025-07-28,Express,Electronics,5.42,2045,1383.99,Out for Delivery,2025-07-30,
SHP003887,CUST03575,PART4458,BR0478,BR3136,2025-05-21,Express,Clothing,2.17,85,234.49,Delivered,2025-05-23,2025-05-22
SHP003888,CUST02279,PART1348,BR0119,BR4502,2025-01-19,Economy,Clothing,3.86,1563,1004.57,Out for Delivery,2025-01-26,
SHP003889,CUST02708,PART2037,BR2304,BR4698,2025-02-08,Standard,Fragile,2.64,1130,739.58,Delivered,2025-02-12,2025-02-11
SHP003890,CUST03663,PART0342,BR4827,BR2595,2025-03-20,Standard,Fragile,1.22,120,152.84,Delivered,2025-03-24,2025-03-23
SHP003891,CUST02080,PART1397,BR1860,BR3661,2025-10-20,Express,Parcel,2.01,13,191.37,Delivered,2025-10-22,2025-10-23
SHP003892,CUST02788,PART4413,BR1598,BR3304,2025-09-24,Standard,Clothing,4.78,1893,1206.31,Delivered,2025-09-28,2025-09-30
SHP003893,CUST02360,PART4575,BR2652,BR4017,2025-04-07,Express,Food,0.81,2156,1343.62,In Transit,2025-04-09,
SHP003894,CUST02553,PART3844,BR3207,BR2966,2025-07-23,Standard,Clothing,3.54,109,197.83,Delivered,2025-07-27,2025-07-27
SHP003895,CUST03163,PART0691,BR1805,BR0359,2025-07-28,Standard,Document,1.65,401,316.85,Delivered,2025-08-01,2025-08-03
SHP003896,CUST00521,PART1054,BR4248,BR0070,2025-07-05,Standard,Food,6.06,85,240.07,Delivered,2025-07-09,2025-07-12
SHP003897,CUST03664,PART3026,BR2490,BR3913,2025-06-25,Standard,Document,1.3,1794,1075.3,Out for Delivery,2025-06-29,
SHP003898,CUST04458,PART4785,BR3272,BR0343,2025-02-16,Express,Document,11.15,374,591.0,Delivered,2025-02-18,2025-02-21
SHP003899,CUST01690,PART0863,BR4388,BR1585,2025-11-06,Standard,Document,0.46,1850,1087.62,In Transit,2025-11-10,
SHP003900,CUST04276,PART3412,BR1899,BR2537,2025-05-27,Same Day,Fragile,1.38,631,567.41,Delivered,2025-05-28,2025-05-30
SHP003901,CUST03762,PART3198,BR4894,BR4901,2025-04-29,Express,Fragile,3.76,2116,1386.52,Out for Delivery,2025-05-01,
SHP003902,CUST04724,PART3273,BR4353,BR1329,2025-11-16,Economy,Electronics,2.18,1894,1149.66,Delivered,2025-11-23,2025-11-25
SHP003903,CUST02583,PART4126,BR0618,BR2960,2025-03-07,Standard,Fragile,1.31,23,101.47,Delivered,2025-03-11,2025-03-13
SHP003904,CUST03970,PART3537,BR3165,BR0375,2025-01-16,Standard,Parcel,1.38,714,483.06,In Transit,2025-01-20,
SHP003905,CUST00031,PART2693,BR4682,BR2501,2025-10-28,Express,Electronics,4.68,911,744.01,Delivered,2025-10-30,2025-11-02
SHP003906,CUST03389,PART0862,BR2702,BR1043,2025-07-12,Standard,Fragile,4.65,1789,1146.25,Delivered,2025-07-16,2025-07-16
SHP003907,CUST02509,PART4770,BR1589,BR1245,2025-01-23,Standard,Document,1.16,342,273.62,Returned,2025-01-27,2025-01-29
SHP003908,CUST02285,PART3743,BR2995,BR1354,2025-09-23,Economy,Clothing,0.76,205,189.47,Delivered,2025-09-30,2025-10-03
SHP003909,CUST02406,PART3254,BR1888,BR1183,2025-03-25,Same Day,Clothing,3.41,955,790.27,Cancelled,2025-03-26,
SHP003910,CUST01381,PART2313,BR3620,BR4044,2025-09-25,Same Day,Document,3.02,97,309.79,Delivered,2025-09-26,2025-09-29
SHP003911,CUST03262,PART1294,BR2220,BR3629,2025-12-17,Economy,Fragile,4.78,2158,1352.06,Returned,2025-12-24,2025-12-25
SHP003912,CUST00228,PART4687,BR4891,BR1598,2025-02-10,Express,Clothing,3.22,882,695.94,Delivered,2025-02-12,2025-02-12
SHP003913,CUST04109,PART3991,BR1680,BR1043,2025-04-29,Express,Electronics,10.13,1321,1089.41,Delivered,2025-05-01,2025-05-01
SHP003914,CUST02324,PART1319,BR0892,BR1565,2025-02-25,Standard,Clothing,4.51,1213,826.37,Delayed,2025-03-01,2025-03-04
SHP003915,CUST03849,PART1001,BR2860,BR0042,2025-07-25,Standard,Parcel,2.05,1754,1069.8,In Transit,2025-07-29,
SHP003916,CUST04710,PART0918,BR3553,BR2511,2025-02-06,Standard,Document,1.71,1278,800.52,Delivered,2025-02-10,2025-02-10
SHP003917,CUST02991,PART3106,BR0741,BR3452,2025-12-30,Standard,Food,2.81,736,526.62,Delivered,2026-01-03,2026-01-07
SHP003918,CUST02600,PART2647,BR4436,BR3778,2025-06-03,Standard,Parcel,2.81,1807,1115.67,In Transit,2025-06-07,
SHP003919,CUST02880,PART2939,BR4072,BR4857,2025-07-26,Standard,Clothing,4.14,1619,1041.53,Delivered,2025-07-30,2025-07-31
SHP003920,CUST04761,PART2310,BR0809,BR2937,2025-09-15,Express,Document,3.52,711,608.49,Delivered,2025-09-17,2025-09-19
SHP003921,CUST04367,PART2747,BR3738,BR3007,2025-09-14,Express,Food,4.16,533,524.67,Delivered,2025-09-16,2025-09-17
SHP003922,CUST02471,PART4725,BR0883,BR4926,2025-03-28,Economy,Parcel,1.74,1646,1003.58,Delivered,2025-04-04,2025-04-07
SHP003923,CUST03468,PART0132,BR3774,BR4336,2025-09-16,Standard,Clothing,4.08,318,324.66,Delivered,2025-09-20,2025-09-19
SHP003924,CUST01654,PART4224,BR1996,BR3199,2025-01-03,Same Day,Clothing,1.18,698,599.86,Out for Delivery,2025-01-04,
SHP003925,CUST00878,PART3786,BR1101,BR0869,2025-06-06,Standard,Fragile,1.62,2171,1289.69,Delivered,2025-06-10,2025-06-12
SHP003926,CUST01991,PART3174,BR0576,BR4094,2025-01-22,Standard,Fragile,1.89,774,527.28,In Transit,2025-01-26,
SHP003927,CUST02520,PART4068,BR1335,BR0049,2025-01-14,Economy,Document,2.38,1871,1141.41,Delivered,2025-01-21,2025-01-25
SHP003928,CUST03892,PART3724,BR4822,BR1679,2025-02-26,Express,Clothing,3.02,1891,1246.49,In Transit,2025-02-28,
SHP003929,CUST02215,PART0261,BR0623,BR1541,2025-07-10,Standard,Document,2.47,917,618.69,Delivered,2025-07-14,2025-07-13
SHP003930,CUST00223,PART4584,BR3011,BR3781,2025-03-17,Standard,Food,1.33,652,447.86,Delivered,2025-03-21,2025-03-25
SHP003931,CUST01253,PART1734,BR0858,BR1660,2025-06-22,Standard,Electronics,7.45,354,418.6,Delivered,2025-06-26,2025-06-30
SHP003932,CUST02721,PART3609,BR3530,BR2756,2025-06-09,Express,Document,4.65,1981,1331.85,Delivered,2025-06-11,2025-06-10
SHP003933,CUST04897,PART4199,BR4188,BR0246,2025-05-12,Standard,Parcel,2.03,1293,815.81,Delivered,2025-05-16,2025-05-17
SHP003934,CUST01894,PART2504,BR4529,BR4150,2025-09-19,Economy,Electronics,1.56,193,200.47,Delivered,2025-09-26,2025-09-30
SHP003935,CUST03259,PART1844,BR3635,BR4101,2025-12-23,Express,Electronics,2.66,1498,1022.42,In Transit,2025-12-25,
SHP003936,CUST04374,PART0336,BR4940,BR0172,2025-02-07,Standard,Parcel,0.89,18,89.48,Delivered,2025-02-11,2025-02-15
SHP003937,CUST00850,PART4841,BR2164,BR2823,2025-05-30,Express,Electronics,3.78,922,730.26,Out for Delivery,2025-06-01,
SHP003938,CUST01163,PART3011,BR0738,BR2808,2025-10-22,Economy,Electronics,2.32,346,301.34,Out for Delivery,2025-10-29,
SHP003939,CUST03674,PART1107,BR1611,BR3334,2025-01-20,Standard,Parcel,2.95,1137,750.25,Delivered,2025-01-24,2025-01-24
SHP003940,CUST00458,PART1869,BR1913,BR1377,2025-01-08,Standard,Parcel,3.96,488,415.52,Delivered,2025-01-12,2025-01-16
SHP003941,CUST03686,PART3974,BR0551,BR4030,2025-10-10,Economy,Document,5.97,515,474.59,Delivered,2025-10-17,2025-10-16
SHP003942,CUST00908,PART4839,BR3340,BR0837,2025-06-01,Standard,Document,2.26,1790,1094.22,Delivered,2025-06-05,2025-06-06
SHP003943,CUST03808,PART4649,BR2027,BR3408,2025-04-01,Economy,Document,4.86,724,565.12,Cancelled,2025-04-08,
SHP003944,CUST02855,PART1725,BR2855,BR0815,2025-03-25,Express,Electronics,2.28,1744,1149.36,Out for Delivery,2025-03-27,
SHP003945,CUST02401,PART0774,BR0431,BR3123,2025-04-16,Standard,Document,1.6,452,343.8,Returned,2025-04-20,2025-04-23
SHP003946,CUST02381,PART3825,BR2055,BR1040,2025-07-21,Standard,Electronics,7.63,286,385.16,Delivered,2025-07-25,2025-07-24
SHP003947,CUST01652,PART1458,BR4598,BR3646,2025-12-06,Standard,Electronics,0.94,1236,760.48,Delivered,2025-12-10,2025-12-12
SHP003948,CUST01205,PART2023,BR3852,BR2408,2025-07-22,Same Day,Electronics,3.11,496,531.22,Delivered,2025-07-23,2025-07-26
SHP003949,CUST04815,PART1209,BR4520,BR1297,2025-03-06,Same Day,Parcel,2.38,2029,1358.31,In Transit,2025-03-07,
SHP003950,CUST03921,PART0419,BR1784,BR0392,2025-08-05,Same Day,Food,0.72,1104,813.04,In Transit,2025-08-06,
SHP003951,CUST01655,PART1136,BR1431,BR0669,2025-12-29,Economy,Food,4.89,167,259.43,Delivered,2026-01-05,2026-01-06
SHP003952,CUST04717,PART4113,BR4538,BR2760,2025-03-17,Standard,Fragile,3.39,30,151.08,Delivered,2025-03-21,2025-03-22
SHP003953,CUST04569,PART0170,BR2018,BR2042,2025-03-02,Economy,Clothing,1.28,679,461.61,Delivered,2025-03-09,2025-03-12
SHP003954,CUST04608,PART0375,BR4393,BR0958,2025-03-22,Standard,Electronics,3.2,500,405.4,Delivered,2025-03-26,2025-03-28
SHP003955,CUST04260,PART3498,BR2716,BR1245,2025-05-07,Economy,Electronics,3.48,1683,1062.21,In Transit,2025-05-14,
SHP003956,CUST04522,PART1561,BR1969,BR3853,2025-11-14,Standard,Document,6.98,1570,1077.06,In Transit,2025-11-18,
SHP003957,CUST02040,PART4027,BR2636,BR1560,2025-07-29,Standard,Fragile,5.96,753,605.27,Delivered,2025-08-02,2025-08-03
SHP003958,CUST00522,PART4614,BR1861,BR4600,2025-03-31,Express,Fragile,3.77,111,283.99,Delayed,2025-04-02,2025-04-02
SHP003959,CUST01935,PART2318,BR4468,BR1375,2025-03-12,Same Day,Fragile,4.82,307,464.89,In Transit,2025-03-13,
SHP003960,CUST02695,PART1315,BR1165,BR2329,2025-09-09,Standard,Electronics,2.66,1750,1081.02,Returned,2025-09-13,2025-09-12
SHP003961,CUST03601,PART2118,BR2144,BR3352,2025-05-20,Standard,Document,3.18,1278,832.86,In Transit,2025-05-24,
SHP003962,CUST00847,PART4872,BR2327,BR4966,2025-11-24,Economy,Document,5.4,125,247.55,In Transit,2025-12-01,
SHP003963,CUST04548,PART4252,BR1548,BR0796,2025-05-21,Standard,Food,6.89,1805,1204.33,Out for Delivery,2025-05-25,
SHP003964,CUST03237,PART4123,BR3819,BR3526,2025-12-10,Standard,Electronics,5.91,539,486.47,Cancelled,2025-12-14,
SHP003965,CUST02186,PART3199,BR2849,BR3346,2025-07-15,Standard,Document,9.53,1261,963.21,Delivered,2025-07-19,2025-07-23
SHP003966,CUST04051,PART0557,BR2788,BR4789,2025-09-27,Economy,Electronics,2.29,2043,1234.03,In Transit,2025-10-04,
SHP003967,CUST00552,PART1889,BR1502,BR3273,2025-09-04,Standard,Document,3.29,1178,780.28,Delivered,2025-09-08,2025-09-09
SHP003968,CUST00979,PART2394,BR3008,BR0709,2025-04-14,Standard,Parcel,6.02,1784,1173.64,Delivered,2025-04-18,2025-04-18
SHP003969,CUST04682,PART4985,BR3944,BR2977,2025-11-19,Express,Fragile,4.67,1690,1172.24,Delivered,2025-11-21,2025-11-20
SHP003970,CUST00712,PART1212,BR1307,BR3507,2025-08-11,Express,Clothing,4.05,215,347.35,Delivered,2025-08-13,2025-08-17
SHP003971,CUST02006,PART3641,BR2013,BR1107,2025-04-03,Same Day,Food,2.64,810,693.58,Delayed,2025-04-04,2025-04-07
SHP003972,CUST01831,PART4796,BR1182,BR1077,2025-09-25,Express,Fragile,7.99,1928,1376.18,Delivered,2025-09-27,2025-09-28
SHP003973,CUST04216,PART1375,BR1159,BR4421,2025-07-16,Standard,Parcel,1.71,1225,771.37,Returned,2025-07-20,2025-07-22
SHP003974,CUST00967,PART4180,BR1907,BR1970,2025-09-26,Standard,Fragile,3.04,44,151.08,Returned,2025-09-30,2025-09-30
SHP003975,CUST02852,PART0383,BR0923,BR1501,2025-07-05,Standard,Fragile,3.18,661,493.51,Delivered,2025-07-09,2025-07-10
SHP003976,CUST03789,PART3808,BR0605,BR1321,2025-02-24,Express,Food,2.06,446,430.62,In Transit,2025-02-26,
SHP003977,CUST03800,PART0278,BR0041,BR3253,2025-03-27,Express,Fragile,1.01,948,683.62,Delivered,2025-03-29,2025-03-31
SHP003978,CUST03534,PART3608,BR1216,BR3106,2025-04-16,Express,Fragile,3.15,2034,1328.0,Delivered,2025-04-18,2025-04-17
SHP003979,CUST04761,PART2866,BR2969,BR0150,2025-06-27,Economy,Fragile,1.11,1339,820.87,In Transit,2025-07-04,
SHP003980,CUST00141,PART3906,BR1123,BR3459,2025-04-30,Standard,Fragile,2.77,2156,1306.74,Delivered,2025-05-04,2025-05-04
SHP003981,CUST00938,PART1788,BR3774,BR2485,2025-02-06,Standard,Food,1.98,138,179.46,Delayed,2025-02-10,2025-02-13
SHP003982,CUST02883,PART4993,BR3148,BR2480,2025-02-13,Same Day,Food,3.39,270,413.08,Delayed,2025-02-14,2025-02-15
SHP003983,CUST02074,PART2527,BR2523,BR3482,2025-01-11,Economy,Food,0.86,1449,875.87,Returned,2025-01-18,2025-01-22
SHP003984,CUST03980,PART0385,BR0231,BR0282,2025-01-09,Express,Fragile,2.91,1299,918.47,In Transit,2025-01-11,
SHP003985,CUST01098,PART1005,BR4436,BR3781,2025-09-24,Same Day,Food,1.07,1113,825.69,Delivered,2025-09-25,2025-09-27
SHP003986,CUST04071,PART4576,BR3867,BR3575,2025-02-13,Express,Parcel,1.25,70,206.0,Delivered,2025-02-15,2025-02-15
SHP003987,CUST03445,PART2201,BR4161,BR2716,2025-07-18,Economy,Fragile,1.11,1502,910.52,Delivered,2025-07-25,2025-07-28
SHP003988,CUST03967,PART0562,BR1068,BR0948,2025-06-09,Standard,Food,3.92,782,576.34,In Transit,2025-06-13,
SHP003989,CUST01009,PART2489,BR3035,BR0937,2025-10-04,Standard,Fragile,2.49,180,213.78,Delivered,2025-10-08,2025-10-08
SHP003990,CUST04989,PART1394,BR3767,BR4025,2025-12-15,Express,Document,2.1,1766,1157.5,Returned,2025-12-17,2025-12-21
SHP003991,CUST00207,PART1532,BR4163,BR1930,2025-03-29,Standard,Fragile,4.77,434,403.64,Delivered,2025-04-02,2025-04-03
SHP003992,CUST01712,PART2882,BR2021,BR1870,2025-06-19,Same Day,Parcel,2.95,896,747.7,In Transit,2025-06-20,
SHP003993,CUST03473,PART3547,BR1376,BR2877,2025-10-07,Same Day,Food,1.45,1481,1036.45,Delivered,2025-10-08,2025-10-07
SHP003994,CUST02083,PART1670,BR4806,BR1212,2025-08-20,Express,Fragile,5.06,722,648.42,Out for Delivery,2025-08-22,
SHP003995,CUST02726,PART3409,BR3588,BR3679,2025-06-04,Express,Clothing,2.13,1816,1185.66,In Transit,2025-06-06,
SHP003996,CUST00707,PART1964,BR2374,BR2549,2025-02-14,Standard,Electronics,3.09,458,379.88,In Transit,2025-02-18,
SHP003997,CUST01676,PART1834,BR3759,BR4199,2025-01-07,Economy,Parcel,1.72,1836,1107.64,In Transit,2025-01-14,
SHP003998,CUST01979,PART3172,BR0460,BR4535,2025-08-07,Express,Document,0.77,1304,874.14,Delivered,2025-08-09,2025-08-09
SHP003999,CUST02982,PART2680,BR3770,BR0481,2025-05-18,Standard,Document,1.85,1115,713.95,Delivered,2025-05-22,2025-05-26
SHP004000,CUST03812,PART2399,BR0067,BR4079,2025-04-15,Same Day,Clothing,1.97,45,258.09,Delivered,2025-04-16,2025-04-18
SHP004001,CUST00558,PART0509,BR1779,BR3331,2025-05-11,Standard,Electronics,1.49,1455,893.03,Delivered,2025-05-15,2025-05-19
SHP004002,CUST00571,PART3703,BR0455,BR0192,2025-01-31,Standard,Electronics,5.82,1011,744.09,Delivered,2025-02-04,2025-02-07
SHP004003,CUST01246,PART3375,BR3435,BR0843,2025-02-11,Standard,Food,2.84,268,269.88,Delivered,2025-02-15,2025-02-17
SHP004004,CUST04883,PART0250,BR3396,BR4081,2025-02-15,Standard,Electronics,3.93,1515,979.71,Delivered,2025-02-19,2025-02-18
SHP004005,CUST00877,PART0539,BR4414,BR0026,2025-01-04,Standard,Parcel,4.65,801,602.85,Delivered,2025-01-08,2025-01-07
SHP004006,CUST02068,PART2080,BR0467,BR1945,2025-11-18,Same Day,Electronics,5.76,1774,1292.42,In Transit,2025-11-19,
SHP004007,CUST01794,PART1745,BR4992,BR2367,2025-03-26,Standard,Food,4.35,2106,1314.0,Delivered,2025-03-30,2025-03-31
SHP004008,CUST03900,PART3648,BR4778,BR4251,2025-10-30,Same Day,Fragile,4.26,123,351.37,Delayed,2025-10-31,2025-10-30
SHP004009,CUST01586,PART4882,BR3608,BR0014,2025-06-29,Standard,Document,3.53,2120,1303.66,Delivered,2025-07-03,2025-07-07
SHP004010,CUST02342,PART2089,BR3033,BR2176,2025-06-13,Same Day,Fragile,1.13,67,251.71,Delivered,2025-06-14,2025-06-13
SHP004011,CUST02802,PART1915,BR4214,BR1615,2025-08-04,Standard,Electronics,4.94,1412,945.28,Delivered,2025-08-08,2025-08-09
SHP004012,CUST02400,PART2676,BR0535,BR1556,2025-05-11,Same Day,Food,12.04,238,585.78,Delivered,2025-05-12,2025-05-12
SHP004013,CUST04633,PART4357,BR4469,BR3121,2025-07-02,Express,Food,5.15,2086,1400.6,Delayed,2025-07-04,2025-07-07
SHP004014,CUST04564,PART0626,BR2170,BR3304,2025-02-15,Standard,Clothing,4.1,1440,942.2,In Transit,2025-02-19,
SHP004015,CUST03075,PART2357,BR3409,BR4267,2025-08-11,Standard,Electronics,8.1,2001,1338.75,Out for Delivery,2025-08-15,
SHP004016,CUST01015,PART1200,BR0409,BR4083,2025-03-15,Standard,Document,2.34,1389,875.43,Returned,2025-03-19,2025-03-18
SHP004017,CUST03185,PART1336,BR2348,BR3145,2025-05-19,Standard,Food,3.5,661,500.55,In Transit,2025-05-23,
SHP004018,CUST04173,PART4611,BR0197,BR2101,2025-08-26,Standard,Electronics,3.95,220,267.9,Delivered,2025-08-30,2025-08-31
SHP004019,CUST02351,PART3727,BR3263,BR1229,2025-02-28,Standard,Fragile,3.85,1052,723.3,Delivered,2025-03-04,2025-03-05
SHP004020,CUST03990,PART2316,BR0822,BR4480,2025-11-15,Same Day,Fragile,8.55,1210,1043.6,In Transit,2025-11-16,
SHP004021,CUST00924,PART3746,BR2918,BR1559,2025-12-21,Same Day,Parcel,9.5,14,406.7,Out for Delivery,2025-12-22,
SHP004022,CUST01311,PART1096,BR4464,BR0831,2025-01-27,Standard,Parcel,5.07,1541,1019.09,In Transit,2025-01-31,
SHP004023,CUST04231,PART2859,BR1716,BR4067,2025-09-07,Standard,Document,4.11,724,548.62,Delivered,2025-09-11,2025-09-13
SHP004024,CUST00674,PART4604,BR0361,BR1817,2025-08-01,Standard,Parcel,1.66,1122,713.62,Cancelled,2025-08-05,
SHP004025,CUST00873,PART0571,BR0614,BR3714,2025-01-31,Express,Food,1.3,1624,1061.8,Delivered,2025-02-02,2025-02-06
SHP004026,CUST02907,PART4866,BR2106,BR1884,2025-03-26,Express,Clothing,2.03,1459,987.11,In Transit,2025-03-28,
SHP004027,CUST04278,PART3936,BR1405,BR1303,2025-09-09,Standard,Food,3.45,244,270.1,Delivered,2025-09-13,2025-09-14
SHP004028,CUST04171,PART4631,BR0900,BR3615,2025-04-18,Standard,Parcel,1.93,636,452.26,Delivered,2025-04-22,2025-04-26
SHP004029,CUST02245,PART2577,BR3480,BR4877,2025-09-04,Economy,Clothing,1.68,1674,1017.66,Delivered,2025-09-11,2025-09-14
SHP004030,CUST01809,PART3776,BR3514,BR3027,2025-11-24,Economy,Electronics,1.44,1131,713.73,Out for Delivery,2025-12-01,
SHP004031,CUST00609,PART1743,BR3009,BR0807,2025-10-11,Economy,Food,6.46,811,648.17,Delivered,2025-10-18,2025-10-21
SHP004032,CUST04163,PART3994,BR0993,BR4328,2025-01-22,Express,Document,4.34,2176,1432.28,Delivered,2025-01-24,2025-01-27
SHP004033,CUST00148,PART2282,BR4979,BR1020,2025-12-12,Standard,Document,1.21,232,214.22,Delivered,2025-12-16,2025-12-15
SHP004034,CUST01000,PART1177,BR0326,BR3083,2025-04-21,Express,Clothing,0.4,1857,1170.15,In Transit,2025-04-23,
SHP004035,CUST02479,PART0187,BR2785,BR2028,2025-07-19,Standard,Parcel,2.39,1670,1031.08,Delivered,2025-07-23,2025-07-27
SHP004036,CUST03805,PART4523,BR1806,BR0478,2025-07-29,Economy,Clothing,2.63,501,393.41,Delivered,2025-08-05,2025-08-07
SHP004037,CUST00291,PART3982,BR3173,BR3189,2025-05-02,Standard,Parcel,4.82,704,553.24,In Transit,2025-05-06,
SHP004038,CUST00582,PART3387,BR3776,BR1163,2025-04-13,Standard,Fragile,4.86,591,491.97,Delivered,2025-04-17,2025-04-21
SHP004039,CUST03767,PART2575,BR0063,BR4959,2025-03-03,Standard,Document,1.45,1416,870.7,Cancelled,2025-03-07,
SHP004040,CUST04338,PART4595,BR2484,BR2909,2025-04-22,Express,Parcel,2.07,542,483.64,Delayed,2025-04-24,2025-04-25
SHP004041,CUST02095,PART2153,BR2437,BR2254,2025-12-06,Economy,Parcel,2.22,1318,833.74,Delivered,2025-12-13,2025-12-13
SHP004042,CUST03228,PART2426,BR0171,BR4544,2025-10-01,Standard,Parcel,3.3,1379,891.05,Delivered,2025-10-05,2025-10-04
SHP004043,CUST00676,PART2275,BR4976,BR1153,2025-01-29,Standard,Clothing,3.83,1772,1118.86,Delivered,2025-02-02,2025-02-04
SHP004044,CUST03556,PART0987,BR1036,BR1576,2025-03-23,Same Day,Electronics,6.56,1952,1407.92,Returned,2025-03-24,2025-03-27
SHP004045,CUST00432,PART0375,BR4976,BR1790,2025-04-11,Economy,Food,1.27,1017,647.29,In Transit,2025-04-18,
SHP004046,CUST02283,PART2232,BR0504,BR4570,2025-07-21,Standard,Food,6.01,1570,1055.72,Out for Delivery,2025-07-25,
SHP004047,CUST02535,PART3406,BR2531,BR2886,2025-03-10,Economy,Food,1.97,2155,1288.59,Delivered,2025-03-17,2025-03-19
SHP004048,CUST00971,PART4029,BR3154,BR2746,2025-02-03,Express,Food,2.16,402,408.62,Delivered,2025-02-05,2025-02-07
SHP004049,CUST03115,PART4510,BR4771,BR3749,2025-12-26,Economy,Parcel,4.29,630,500.88,Returned,2026-01-02,2026-01-04
SHP004050,CUST02151,PART0834,BR0551,BR4898,2025-07-30,Standard,Food,4.91,73,208.17,Delivered,2025-08-03,2025-08-07
SHP004051,CUST04468,PART4208,BR3003,BR0833,2025-06-27,Economy,Parcel,1.82,666,466.34,Delivered,2025-07-04,2025-07-05
SHP004052,CUST00820,PART3063,BR2495,BR4946,2025-02-16,Standard,Electronics,0.31,1987,1159.67,Delivered,2025-02-20,2025-02-21
SHP004053,CUST01271,PART0246,BR1136,BR4610,2025-07-25,Same Day,Electronics,4.13,665,646.61,Delivered,2025-07-26,2025-07-27
SHP004054,CUST01570,PART4050,BR1959,BR1383,2025-07-11,Standard,Clothing,1.44,472,351.28,Delivered,2025-07-15,2025-07-14
SHP004055,CUST00301,PART3670,BR1363,BR2787,2025-12-12,Standard,Food,1.6,1391,860.25,Delayed,2025-12-16,2025-12-17
SHP004056,CUST04758,PART0780,BR2226,BR3035,2025-03-11,Standard,Electronics,1.4,1274,791.5,Delivered,2025-03-15,2025-03-17
SHP004057,CUST02276,PART3659,BR0447,BR3631,2025-02-08,Express,Food,2.39,1405,965.33,Out for Delivery,2025-02-10,
SHP004058,CUST01022,PART2583,BR4850,BR0776,2025-12-08,Express,Electronics,0.61,923,661.07,Delivered,2025-12-10,2025-12-09
SHP004059,CUST03073,PART0998,BR1447,BR4195,2025-01-04,Standard,Electronics,3.35,212,250.3,Delivered,2025-01-08,2025-01-11
SHP004060,CUST04645,PART4338,BR1482,BR3695,2025-06-25,Standard,Document,7.14,1010,772.58,Delivered,2025-06-29,2025-07-01
SHP004061,CUST02526,PART0490,BR0296,BR3191,2025-11-16,Express,Fragile,0.78,217,276.51,Delivered,2025-11-18,2025-11-21
SHP004062,CUST04212,PART3015,BR0593,BR4692,2025-09-07,Economy,Document,6.22,1887,1234.69,Delayed,2025-09-14,2025-09-15
SHP004063,CUST02507,PART0764,BR2615,BR3652,2025-11-20,Standard,Electronics,3.3,376,339.4,In Transit,2025-11-24,
SHP004064,CUST00076,PART3347,BR0629,BR3185,2025-02-26,Standard,Parcel,4.81,1227,840.67,Delayed,2025-03-02,2025-03-06
SHP004065,CUST04575,PART4858,BR4333,BR2278,2025-01-02,Standard,Food,3.3,1946,1202.9,Delayed,2025-01-06,2025-01-10
SHP004066,CUST01368,PART4454,BR3418,BR1784,2025-07-31,Standard,Document,1.48,747,503.41,Delivered,2025-08-04,2025-08-06
SHP004067,CUST04505,PART3776,BR2271,BR0421,2025-01-27,Standard,Electronics,8.37,1546,1094.44,Delivered,2025-01-31,2025-01-30
SHP004068,CUST04528,PART2418,BR3358,BR0622,2025-01-13,Standard,Document,3.81,929,654.77,Out for Delivery,2025-01-17,
SHP004069,CUST00976,PART3167,BR3343,BR2254,2025-08-15,Same Day,Document,1.18,1956,1291.76,Returned,2025-08-16,2025-08-16
SHP004070,CUST00098,PART3241,BR1059,BR0014,2025-12-27,Economy,Electronics,8.77,916,756.74,In Transit,2026-01-03,
SHP004071,CUST00210,PART1454,BR1054,BR2332,2025-05-27,Standard,Food,4.0,611,484.05,Delayed,2025-05-31,2025-06-03
SHP004072,CUST02566,PART4701,BR2511,BR2254,2025-11-25,Express,Electronics,2.13,303,353.51,Delivered,2025-11-27,2025-11-27
SHP004073,CUST04368,PART1146,BR0970,BR1619,2025-05-19,Express,Fragile,2.41,1125,811.77,In Transit,2025-05-21,
SHP004074,CUST03147,PART3284,BR1793,BR3442,2025-10-18,Same Day,Food,2.02,469,492.39,Delivered,2025-10-19,2025-10-22
SHP004075,CUST04767,PART2949,BR2567,BR2638,2025-11-26,Standard,Fragile,1.98,1032,671.16,Delivered,2025-11-30,2025-12-03
SHP004076,CUST02943,PART3870,BR2594,BR2288,2025-10-24,Same Day,Fragile,1.94,2028,1348.08,Delivered,2025-10-25,2025-10-26
SHP004077,CUST00945,PART2673,BR3910,BR4389,2025-07-06,Express,Clothing,5.02,488,518.84,Delayed,2025-07-08,2025-07-09
SHP004078,CUST04810,PART2420,BR4214,BR1750,2025-09-19,Same Day,Parcel,3.06,66,293.62,Delivered,2025-09-20,2025-09-23
SHP004079,CUST00578,PART2059,BR4671,BR3145,2025-08-19,Standard,Clothing,1.58,1350,837.26,Returned,2025-08-23,2025-08-23
SHP004080,CUST00601,PART1125,BR3595,BR3009,2025-01-21,Standard,Food,1.64,1191,751.13,Delivered,2025-01-25,2025-01-28
SHP004081,CUST04458,PART0025,BR3994,BR2693,2025-05-22,Economy,Food,1.54,1029,659.83,Delivered,2025-05-29,2025-06-01
SHP004082,CUST03307,PART1189,BR4726,BR3802,2025-02-12,Express,Fragile,3.93,1121,843.01,Delivered,2025-02-14,2025-02-14
SHP004083,CUST01778,PART4443,BR0801,BR0798,2025-11-02,Express,Document,2.07,1809,1180.49,Delivered,2025-11-04,2025-11-06
SHP004084,CUST02812,PART4523,BR0914,BR3009,2025-06-16,Standard,Parcel,1.53,650,451.16,In Transit,2025-06-20,
SHP004085,CUST03151,PART1196,BR0089,BR4562,2025-10-28,Standard,Document,5.52,1465,987.19,Delivered,2025-11-01,2025-11-02
SHP004086,CUST03422,PART0648,BR1251,BR4834,2025-04-22,Standard,Food,1.78,1657,1010.51,Delivered,2025-04-26,2025-04-26
SHP004087,CUST03817,PART4948,BR3758,BR2204,2025-03-17,Standard,Electronics,1.51,1352,836.82,Delivered,2025-03-21,2025-03-20
SHP004088,CUST02316,PART0624,BR3662,BR0712,2025-12-20,Same Day,Parcel,3.12,1601,1139.19,Delivered,2025-12-21,2025-12-24
SHP004089,CUST03293,PART4709,BR1652,BR2801,2025-10-22,Economy,Fragile,1.75,2146,1278.8,Out for Delivery,2025-10-29,
SHP004090,CUST01015,PART3200,BR1630,BR1163,2025-06-28,Standard,Parcel,2.42,1724,1061.44,In Transit,2025-07-02,
SHP004091,CUST02882,PART2519,BR4420,BR4486,2025-07-09,Economy,Clothing,2.75,2018,1230.4,Delivered,2025-07-16,2025-07-18
SHP004092,CUST00068,PART2335,BR3972,BR4416,2025-07-21,Economy,Clothing,0.53,582,391.76,In Transit,2025-07-28,
SHP004093,CUST03218,PART0222,BR1261,BR1295,2025-03-30,Standard,Clothing,5.39,1844,1192.78,Delivered,2025-04-03,2025-04-07
SHP004094,CUST04223,PART2841,BR2693,BR1306,2025-04-26,Standard,Document,4.12,1725,1099.39,Delivered,2025-04-30,2025-05-02
SHP004095,CUST04372,PART2014,BR4810,BR0865,2025-09-25,Express,Parcel,1.5,1277,875.35,Delivered,2025-09-27,2025-10-01
SHP004096,CUST02623,PART1434,BR2425,BR0149,2025-07-12,Economy,Food,0.63,1749,1035.81,Delivered,2025-07-19,2025-07-18
SHP004097,CUST02636,PART0764,BR4687,BR2364,2025-08-06,Standard,Document,4.54,1459,962.33,Delivered,2025-08-10,2025-08-13
SHP004098,CUST02057,PART2513,BR1190,BR3299,2025-06-13,Standard,Fragile,1.56,1827,1099.17,In Transit,2025-06-17,
SHP004099,CUST02473,PART3342,BR2110,BR3437,2025-01-13,Standard,Clothing,0.94,436,320.48,In Transit,2025-01-17,
SHP004100,CUST02643,PART1342,BR1341,BR2057,2025-10-02,Economy,Document,5.44,1024,742.88,Delivered,2025-10-09,2025-10-08
SHP004101,CUST01208,PART4440,BR1783,BR4999,2025-04-11,Standard,Parcel,0.91,2019,1190.47,Delivered,2025-04-15,2025-04-19
SHP004102,CUST01313,PART4054,BR4694,BR4996,2025-09-04,Standard,Parcel,1.59,1404,867.18,Delivered,2025-09-08,2025-09-12
SHP004103,CUST01065,PART4929,BR0339,BR0206,2025-11-08,Standard,Fragile,2.25,2143,1288.15,Delivered,2025-11-12,2025-11-11
SHP004104,CUST01912,PART4456,BR1400,BR3635,2025-06-08,Standard,Clothing,2.7,1892,1160.0,Out for Delivery,2025-06-12,
SHP004105,CUST01148,PART4341,BR3607,BR3891,2025-08-09,Standard,Document,6.64,793,642.23,Delivered,2025-08-13,2025-08-15
SHP004106,CUST04384,PART4709,BR3159,BR2682,2025-06-04,Same Day,Fragile,2.15,1362,986.4,Delivered,2025-06-05,2025-06-08
SHP004107,CUST00447,PART1765,BR4872,BR3862,2025-03-24,Standard,Parcel,2.05,1365,855.85,Delivered,2025-03-28,2025-04-01
SHP004108,CUST04779,PART1647,BR2789,BR1287,2025-02-22,Express,Electronics,6.16,1484,1091.72,Delivered,2025-02-24,2025-02-25
SHP004109,CUST03218,PART4969,BR3171,BR3207,2025-11-12,Express,Food,4.29,1314,957.08,Delivered,2025-11-14,2025-11-14
SHP004110,CUST00040,PART0259,BR4269,BR2311,2025-12-10,Standard,Fragile,3.39,1469,942.53,Delivered,2025-12-14,2025-12-17
SHP004111,CUST00281,PART0090,BR4924,BR1843,2025-12-25,Economy,Document,4.54,1623,1052.53,Delivered,2026-01-01,2026-01-02
SHP004112,CUST00102,PART3726,BR4706,BR4938,2025-05-29,Standard,Fragile,0.62,1578,941.54,Delivered,2025-06-02,2025-06-01
SHP004113,CUST04070,PART4263,BR3907,BR0652,2025-01-24,Economy,Parcel,1.5,522,380.1,Delivered,2025-01-31,2025-01-31
SHP004114,CUST00678,PART4177,BR4898,BR0189,2025-11-14,Standard,Clothing,1.58,1599,974.21,Out for Delivery,2025-11-18,
SHP004115,CUST00987,PART4025,BR3093,BR2096,2025-10-05,Express,Electronics,2.15,1753,1151.45,Returned,2025-10-07,2025-10-07
SHP004116,CUST02594,PART1048,BR4904,BR3558,2025-04-13,Same Day,Food,1.69,447,473.03,Delayed,2025-04-14,2025-04-18
SHP004117,CUST02717,PART4558,BR2794,BR3442,2025-12-05,Economy,Fragile,3.11,388,341.82,Out for Delivery,2025-12-12,
SHP004118,CUST03481,PART4789,BR0119,BR0830,2025-08-28,Standard,Document,3.23,929,642.01,Delivered,2025-09-01,2025-09-01
SHP004119,CUST00541,PART0379,BR2818,BR2532,2025-04-08,Standard,Electronics,2.23,1916,1162.86,Delayed,2025-04-12,2025-04-15
SHP004120,CUST02767,PART1627,BR2542,BR4650,2025-08-30,Standard,Fragile,1.88,1486,918.66,Delivered,2025-09-03,2025-09-02
SHP004121,CUST02850,PART0190,BR3975,BR4652,2025-06-19,Economy,Food,1.87,1187,753.99,Delivered,2025-06-26,2025-06-25
SHP004122,CUST04213,PART3436,BR2615,BR1967,2025-02-03,Standard,Document,5.53,2003,1283.31,Delivered,2025-02-07,2025-02-07
SHP004123,CUST01803,PART2827,BR4150,BR0775,2025-06-11,Standard,Food,2.49,335,299.03,Delivered,2025-06-15,2025-06-19
SHP004124,CUST02744,PART0270,BR0774,BR1599,2025-08-19,Standard,Document,1.26,649,444.67,Delivered,2025-08-23,2025-08-26
SHP004125,CUST02932,PART1932,BR3624,BR4143,2025-06-04,Standard,Fragile,1.38,256,231.16,In Transit,2025-06-08,
SHP004126,CUST00302,PART1927,BR4070,BR4955,2025-12-19,Express,Electronics,1.26,663,532.37,Delivered,2025-12-21,2025-12-21
SHP004127,CUST01776,PART1267,BR2458,BR3225,2025-03-12,Standard,Food,6.36,850,667.42,Delivered,2025-03-16,2025-03-19
SHP004128,CUST01219,PART4204,BR1301,BR0993,2025-03-31,Express,Document,5.22,1488,1073.24,Delivered,2025-04-02,2025-04-01
SHP004129,CUST01067,PART1125,BR0242,BR3210,2025-10-09,Same Day,Parcel,3.0,1306,974.3,Delivered,2025-10-10,2025-10-12
SHP004130,CUST02452,PART2221,BR4512,BR1526,2025-10-04,Standard,Parcel,2.24,397,327.63,In Transit,2025-10-08,
SHP004131,CUST01224,PART0816,BR3647,BR4682,2025-05-25,Express,Electronics,4.28,1613,1121.31,Delivered,2025-05-27,2025-05-31
SHP004132,CUST00149,PART1973,BR2496,BR0390,2025-10-27,Same Day,Clothing,4.43,1215,955.71,Delivered,2025-10-28,2025-10-28
SHP004133,CUST00643,PART4401,BR0181,BR3185,2025-11-18,Standard,Electronics,2.77,60,153.94,Delivered,2025-11-22,2025-11-25
SHP004134,CUST00088,PART2962,BR1326,BR4471,2025-12-30,Standard,Fragile,6.34,1521,1036.03,Cancelled,2026-01-03,
SHP004135,CUST02452,PART2085,BR3764,BR3872,2025-08-29,Economy,Food,1.15,2007,1189.15,Returned,2025-09-05,2025-09-04
SHP004136,CUST00186,PART4868,BR0900,BR0633,2025-08-06,Standard,Clothing,1.65,340,283.3,Delivered,2025-08-10,2025-08-12
SHP004137,CUST02545,PART1699,BR2411,BR0543,2025-06-17,Standard,Parcel,11.34,1872,1339.08,Returned,2025-06-21,2025-06-25
SHP004138,CUST00175,PART2129,BR3229,BR4267,2025-08-28,Same Day,Parcel,1.88,677,603.71,Returned,2025-08-29,2025-08-29
SHP004139,CUST01209,PART1333,BR3446,BR1305,2025-08-19,Standard,Electronics,1.82,1369,852.99,Delivered,2025-08-23,2025-08-24
SHP004140,CUST00240,PART4465,BR1723,BR2759,2025-06-12,Same Day,Fragile,0.79,1538,1053.28,Delivered,2025-06-13,2025-06-12
SHP004141,CUST03846,PART0528,BR3635,BR0067,2025-08-06,Standard,Electronics,7.15,1990,1311.8,Delivered,2025-08-10,2025-08-10
SHP004142,CUST00986,PART2499,BR1339,BR3717,2025-09-07,Economy,Parcel,0.55,2113,1234.25,Delivered,2025-09-14,2025-09-14
SHP004143,CUST03060,PART1619,BR0389,BR2793,2025-05-29,Standard,Electronics,4.21,530,444.12,Delayed,2025-06-02,2025-06-02
SHP004144,CUST00607,PART3581,BR4654,BR1389,2025-01-06,Standard,Fragile,4.11,1966,1231.72,Delivered,2025-01-10,2025-01-13
SHP004145,CUST01393,PART1926,BR2927,BR1767,2025-02-01,Express,Document,2.77,872,680.54,Delivered,2025-02-03,2025-02-05
SHP004146,CUST02756,PART3244,BR0205,BR0044,2025-05-20,Standard,Electronics,3.04,771,550.93,Delivered,2025-05-24,2025-05-28
SHP004147,CUST04119,PART4365,BR1117,BR0893,2025-03-23,Express,Clothing,2.7,1000,749.4,In Transit,2025-03-25,
SHP004148,CUST03547,PART0745,BR3394,BR4837,2025-05-22,Economy,Parcel,4.19,990,696.68,Delivered,2025-05-29,2025-06-02
SHP004149,CUST02938,PART2616,BR1313,BR2750,2025-07-17,Standard,Food,5.44,1870,1208.18,Delivered,2025-07-21,2025-07-20
SHP004150,CUST01382,PART0575,BR4757,BR4442,2025-09-15,Standard,Parcel,2.54,311,286.93,Delivered,2025-09-19,2025-09-20
SHP004151,CUST00260,PART2751,BR3882,BR0840,2025-05-31,Standard,Clothing,2.0,668,471.4,In Transit,2025-06-04,
SHP004152,CUST02025,PART1547,BR2911,BR3070,2025-05-26,Economy,Electronics,9.33,222,387.36,Delivered,2025-06-02,2025-06-01
SHP004153,CUST04436,PART0445,BR4372,BR3121,2025-01-02,Standard,Food,1.68,444,341.16,In Transit,2025-01-06,
SHP004154,CUST03241,PART4722,BR1172,BR1810,2025-07-13,Standard,Parcel,6.05,586,515.4,In Transit,2025-07-17,
SHP004155,CUST01490,PART4169,BR4482,BR1675,2025-06-22,Standard,Document,2.35,1568,974.1,Delivered,2025-06-26,2025-06-29
SHP004156,CUST03762,PART3651,BR1286,BR3428,2025-04-27,Standard,Document,2.82,325,300.79,In Transit,2025-05-01,
SHP004157,CUST01518,PART3579,BR0908,BR2831,2025-09-03,Standard,Parcel,3.41,487,402.87,Out for Delivery,2025-09-07,
SHP004158,CUST02516,PART4637,BR0668,BR1234,2025-06-29,Express,Fragile,3.64,412,446.68,In Transit,2025-07-01,
SHP004159,CUST02335,PART0211,BR2598,BR3709,2025-12-31,Standard,Electronics,2.72,1943,1188.49,Delivered,2026-01-04,2026-01-03
SHP004160,CUST03314,PART3332,BR2519,BR4974,2025-08-03,Economy,Document,1.46,2038,1213.02,In Transit,2025-08-10,
SHP004161,CUST01172,PART2171,BR3561,BR0252,2025-04-19,Express,Fragile,4.01,1363,977.87,Delivered,2025-04-21,2025-04-23
SHP004162,CUST02711,PART3455,BR1192,BR2353,2025-08-18,Express,Document,3.48,1513,1048.71,Delivered,2025-08-20,2025-08-24
SHP004163,CUST01371,PART4240,BR2939,BR0690,2025-07-03,Standard,Fragile,1.03,2047,1208.51,In Transit,2025-07-07,
SHP004164,CUST02649,PART1087,BR1233,BR0142,2025-06-25,Same Day,Food,1.52,1980,1312.44,Delivered,2025-06-26,2025-06-25
SHP004165,CUST04890,PART2329,BR2166,BR1898,2025-03-07,Standard,Document,2.17,1329,838.69,Delivered,2025-03-11,2025-03-14
SHP004166,CUST04466,PART0291,BR1527,BR2235,2025-06-29,Standard,Fragile,1.17,1562,944.84,Delivered,2025-07-03,2025-07-02
SHP004167,CUST02403,PART1972,BR4921,BR4222,2025-01-16,Economy,Electronics,1.47,263,236.99,Returned,2025-01-23,2025-01-26
SHP004168,CUST04262,PART3190,BR4269,BR3986,2025-04-17,Standard,Parcel,7.17,176,314.54,Delivered,2025-04-21,2025-04-20
SHP004169,CUST02654,PART0269,BR2879,BR1550,2025-08-30,Standard,Document,1.39,599,420.03,Delivered,2025-09-03,2025-09-07
SHP004170,CUST02509,PART3261,BR1714,BR2878,2025-05-30,Standard,Document,1.5,566,404.3,Delivered,2025-06-03,2025-06-07
SHP004171,CUST00781,PART2453,BR0110,BR0805,2025-04-17,Standard,Electronics,5.61,449,430.37,Delivered,2025-04-21,2025-04-20
SHP004172,CUST01063,PART3909,BR4949,BR4332,2025-07-10,Standard,Clothing,3.76,804,584.92,Delivered,2025-07-14,2025-07-15
SHP004173,CUST04481,PART3780,BR0586,BR4512,2025-01-16,Standard,Fragile,2.09,1704,1043.18,Delivered,2025-01-20,2025-01-20
SHP004174,CUST02976,PART1029,BR1599,BR1719,2025-07-06,Express,Document,1.98,1057,764.91,Delivered,2025-07-08,2025-07-10
SHP004175,CUST02391,PART4227,BR2014,BR0955,2025-02-09,Same Day,Electronics,1.53,869,701.61,Delivered,2025-02-10,2025-02-13
SHP004176,CUST02577,PART4086,BR2799,BR3208,2025-06-02,Same Day,Clothing,1.72,339,414.29,In Transit,2025-06-03,
SHP004177,CUST00980,PART2772,BR4661,BR4356,2025-06-18,Standard,Fragile,5.2,119,239.85,Delivered,2025-06-22,2025-06-23
SHP004178,CUST03894,PART1325,BR1053,BR2492,2025-01-11,Economy,Fragile,3.63,1707,1078.71,Delayed,2025-01-18,2025-01-22
SHP004179,CUST03412,PART3749,BR4829,BR3261,2025-01-12,Standard,Fragile,2.37,540,409.14,Delivered,2025-01-16,2025-01-17
SHP004180,CUST03228,PART4131,BR4955,BR2282,2025-05-14,Standard,Food,5.13,939,689.31,Delivered,2025-05-18,2025-05-17
SHP004181,CUST02244,PART2386,BR4876,BR2074,2025-08-26,Express,Fragile,1.05,1431,950.15,Delivered,2025-08-28,2025-08-31
SHP004182,CUST01110,PART3901,BR3146,BR4346,2025-11-06,Standard,Document,5.26,1957,1252.07,In Transit,2025-11-10,
SHP004183,CUST01668,PART0509,BR2266,BR1843,2025-11-29,Same Day,Food,3.46,1556,1121.92,Delivered,2025-11-30,2025-12-03
SHP004184,CUST04186,PART4951,BR4121,BR1919,2025-11-18,Same Day,Electronics,1.8,1967,1311.45,Delivered,2025-11-19,2025-11-23
SHP004185,CUST04867,PART2182,BR2496,BR4233,2025-08-07,Standard,Parcel,1.24,1855,1107.53,Out for Delivery,2025-08-11,
SHP004186,CUST04342,PART2249,BR1943,BR2931,2025-06-10,Standard,Food,1.74,400,318.28,Delivered,2025-06-14,2025-06-18
SHP004187,CUST04921,PART3033,BR0888,BR4908,2025-08-26,Express,Document,0.69,155,240.43,Delayed,2025-08-28,2025-08-30
SHP004188,CUST02658,PART3113,BR0086,BR2019,2025-11-08,Express,Clothing,1.0,938,677.9,Returned,2025-11-10,2025-11-09
SHP004189,CUST01557,PART2321,BR2235,BR0949,2025-06-24,Express,Document,2.16,532,480.12,Delivered,2025-06-26,2025-06-30
SHP004190,CUST01807,PART4314,BR4015,BR0509,2025-10-24,Standard,Food,1.4,1722,1037.9,Delivered,2025-10-28,2025-10-29
SHP004191,CUST00751,PART0472,BR3957,BR3843,2025-03-29,Standard,Document,1.51,755,508.47,Delivered,2025-04-02,2025-04-04
SHP004192,CUST01307,PART4840,BR4479,BR0535,2025-12-08,Express,Parcel,1.42,1008,725.64,Delayed,2025-12-10,2025-12-11
SHP004193,CUST02873,PART1488,BR1483,BR0299,2025-10-06,Standard,Fragile,1.22,576,403.64,Returned,2025-10-10,2025-10-10
SHP004194,CUST04710,PART0105,BR4075,BR1083,2025-02-05,Economy,Clothing,3.64,1595,1017.33,Delivered,2025-02-12,2025-02-14
SHP004195,CUST03548,PART4620,BR1123,BR2514,2025-09-05,Standard,Food,5.46,1732,1132.72,Returned,2025-09-09,2025-09-10
SHP004196,CUST02782,PART4913,BR1601,BR0768,2025-08-04,Same Day,Document,2.23,536,533.86,Delivered,2025-08-05,2025-08-08
SHP004197,CUST00215,PART0386,BR4250,BR4240,2025-11-29,Standard,Fragile,2.45,943,632.55,Delivered,2025-12-03,2025-12-06
SHP004198,CUST00493,PART4694,BR4850,BR4115,2025-10-01,Standard,Food,5.35,1772,1152.3,Delivered,2025-10-05,2025-10-04
SHP004199,CUST00039,PART2193,BR4108,BR0002,2025-09-20,Same Day,Clothing,1.16,183,316.17,Delivered,2025-09-21,2025-09-25
SHP004200,CUST01829,PART2324,BR3183,BR4839,2025-06-17,Express,Parcel,4.39,1136,861.38,Delivered,2025-06-19,2025-06-20
SHP004201,CUST00808,PART0956,BR3311,BR1461,2025-03-09,Standard,Parcel,4.06,391,364.37,Out for Delivery,2025-03-13,
SHP004202,CUST02593,PART0866,BR2826,BR4446,2025-07-31,Same Day,Electronics,2.89,1096,856.38,Out for Delivery,2025-08-01,
SHP004203,CUST01617,PART4925,BR1627,BR1126,2025-09-09,Express,Parcel,4.34,229,361.43,Delivered,2025-09-11,2025-09-14
SHP004204,CUST02288,PART3821,BR1214,BR3489,2025-11-26,Express,Clothing,4.16,655,591.77,Delivered,2025-11-28,2025-11-30
SHP004205,CUST02662,PART3825,BR4816,BR1152,2025-06-16,Same Day,Food,8.02,1575,1232.69,In Transit,2025-06-17,
SHP004206,CUST00853,PART2669,BR1986,BR0814,2025-01-25,Express,Parcel,1.59,386,387.28,Delivered,2025-01-27,2025-01-26
SHP004207,CUST04371,PART3984,BR3495,BR1884,2025-12-05,Standard,Parcel,5.07,1742,1129.64,Delivered,2025-12-09,2025-12-08
SHP004208,CUST01206,PART0789,BR4582,BR1982,2025-12-26,Standard,Parcel,1.08,1430,870.26,Delivered,2025-12-30,2025-12-30
SHP004209,CUST03320,PART3541,BR4123,BR1943,2025-05-07,Same Day,Document,1.09,1929,1274.93,Delivered,2025-05-08,2025-05-11
SHP004210,CUST01024,PART0108,BR3277,BR0123,2025-03-25,Economy,Electronics,9.98,1178,927.46,Returned,2025-04-01,2025-04-05
SHP004211,CUST01445,PART1409,BR2892,BR1687,2025-03-10,Express,Parcel,3.35,1396,981.5,Delivered,2025-03-12,2025-03-13
SHP004212,CUST01604,PART4714,BR2894,BR0223,2025-12-16,Same Day,Parcel,3.87,1728,1225.54,Delivered,2025-12-17,2025-12-21
SHP004213,CUST04360,PART4107,BR4523,BR1677,2025-06-16,Economy,Electronics,4.07,1409,924.49,Delivered,2025-06-23,2025-06-24
SHP004214,CUST00644,PART0247,BR0897,BR1240,2025-06-29,Standard,Parcel,1.92,2172,1296.84,Cancelled,2025-07-03,
SHP004215,CUST02536,PART3231,BR4942,BR1171,2025-09-10,Standard,Food,1.96,651,461.17,Delivered,2025-09-14,2025-09-14
SHP004216,CUST02261,PART2002,BR3506,BR3552,2025-04-23,Same Day,Clothing,2.01,1776,1211.02,Returned,2025-04-24,2025-04-24
SHP004217,CUST01239,PART3905,BR1813,BR2780,2025-08-25,Standard,Document,2.51,1852,1133.82,Delivered,2025-08-29,2025-08-28
SHP004218,CUST02128,PART0928,BR3114,BR2066,2025-12-26,Express,Parcel,9.06,1860,1362.32,Delivered,2025-12-28,2025-12-29
SHP004219,CUST02557,PART1259,BR2355,BR4356,2025-04-02,Standard,Food,3.28,517,416.51,In Transit,2025-04-06,
SHP004220,CUST04361,PART1993,BR4081,BR2447,2025-11-12,Express,Parcel,2.2,25,202.15,Returned,2025-11-14,2025-11-15
SHP004221,CUST01769,PART1133,BR2465,BR1936,2025-01-26,Express,Parcel,8.88,1511,1166.41,Delivered,2025-01-28,2025-01-30
SHP004222,CUST02743,PART2317,BR0760,BR4246,2025-05-09,Economy,Food,3.22,1279,834.29,Delivered,2025-05-16,2025-05-18
SHP004223,CUST00978,PART1252,BR3238,BR0734,2025-09-24,Economy,Food,2.65,2007,1222.15,Returned,2025-10-01,2025-10-01
SHP004224,CUST00805,PART3544,BR4407,BR1099,2025-01-01,Express,Food,3.15,1151,842.35,Delivered,2025-01-03,2025-01-07
SHP004225,CUST03074,PART1609,BR4685,BR3440,2025-10-28,Standard,Fragile,4.37,1379,914.59,Returned,2025-11-01,2025-11-02
SHP004226,CUST04837,PART2261,BR0929,BR1588,2025-01-14,Standard,Parcel,1.74,213,215.43,In Transit,2025-01-18,
SHP004227,CUST03035,PART0366,BR3748,BR0242,2025-12-07,Same Day,Clothing,5.85,1681,1243.25,Delivered,2025-12-08,2025-12-07
SHP004228,CUST01049,PART2695,BR1905,BR2881,2025-07-12,Standard,Food,1.22,706,475.14,Delivered,2025-07-16,2025-07-20
SHP004229,CUST02582,PART2540,BR1910,BR2564,2025-05-18,Same Day,Fragile,6.03,2153,1506.81,Delivered,2025-05-19,2025-05-23
SHP004230,CUST02542,PART1368,BR4955,BR3130,2025-07-03,Standard,Food,3.87,682,520.24,In Transit,2025-07-07,
SHP004231,CUST00112,PART0985,BR4910,BR0236,2025-04-09,Same Day,Fragile,3.16,1255,949.77,In Transit,2025-04-10,
SHP004232,CUST03005,PART4730,BR3560,BR0894,2025-04-27,Same Day,Food,2.26,1152,873.32,Delivered,2025-04-28,2025-04-27
SHP004233,CUST03791,PART1297,BR3583,BR4316,2025-12-06,Standard,Clothing,4.46,1863,1182.77,In Transit,2025-12-10,
SHP004234,CUST04145,PART4235,BR1810,BR0049,2025-03-30,Standard,Fragile,2.65,1250,805.8,Delayed,2025-04-03,2025-04-03
SHP004235,CUST04885,PART4200,BR4641,BR3000,2025-02-19,Express,Document,0.72,1901,1201.39,Delivered,2025-02-21,2025-02-22
SHP004236,CUST04691,PART2304,BR2094,BR3159,2025-10-07,Same Day,Document,2.48,689,623.51,Delivered,2025-10-08,2025-10-12
SHP004237,CUST04157,PART2930,BR1783,BR2904,2025-11-03,Economy,Document,1.71,1606,980.92,In Transit,2025-11-10,
SHP004238,CUST04565,PART1886,BR4624,BR1071,2025-11-22,Express,Food,3.68,1224,894.16,Delivered,2025-11-24,2025-11-28
SHP004239,CUST02056,PART4592,BR4335,BR3390,2025-03-07,Express,Clothing,2.11,1261,879.97,Returned,2025-03-09,2025-03-09
SHP004240,CUST00017,PART3486,BR2280,BR0789,2025-12-16,Standard,Document,2.91,771,548.07,Delivered,2025-12-20,2025-12-20
SHP004241,CUST02332,PART4787,BR1989,BR1175,2025-09-17,Standard,Fragile,0.62,1591,948.69,In Transit,2025-09-21,
SHP004242,CUST04536,PART3787,BR1394,BR2068,2025-12-06,Standard,Parcel,5.68,2139,1361.41,Delivered,2025-12-10,2025-12-10
SHP004243,CUST04539,PART2030,BR0030,BR3680,2025-08-15,Express,Electronics,2.38,496,465.16,Delivered,2025-08-17,2025-08-21
SHP004244,CUST01109,PART4662,BR0785,BR2285,2025-04-24,Economy,Electronics,7.32,515,504.29,Delivered,2025-05-01,2025-04-30
SHP004245,CUST01068,PART0797,BR0236,BR0893,2025-08-30,Express,Electronics,1.25,1002,718.6,Returned,2025-09-01,2025-09-04
SHP004246,CUST01800,PART2116,BR2637,BR2464,2025-11-21,Express,Parcel,0.94,697,544.03,In Transit,2025-11-23,
SHP004247,CUST03211,PART4659,BR4471,BR1230,2025-05-23,Standard,Clothing,3.21,854,600.32,Returned,2025-05-27,2025-05-31
SHP004248,CUST00845,PART1335,BR2603,BR3096,2025-08-20,Standard,Parcel,3.59,1664,1054.18,Returned,2025-08-24,2025-08-28
SHP004249,CUST02811,PART2386,BR4214,BR2020,2025-02-03,Standard,Clothing,3.19,1045,704.93,Out for Delivery,2025-02-07,
SHP004250,CUST03029,PART2379,BR3944,BR1243,2025-02-09,Express,Clothing,1.08,1420,944.76,Delivered,2025-02-11,2025-02-12
SHP004251,CUST00725,PART3028,BR1460,BR1001,2025-06-15,Standard,Electronics,8.66,797,688.87,Delivered,2025-06-19,2025-06-20
SHP004252,CUST01264,PART1480,BR3629,BR0745,2025-04-17,Economy,Parcel,3.26,108,191.12,Out for Delivery,2025-04-24,
SHP004253,CUST03698,PART4559,BR4893,BR2699,2025-11-16,Standard,Food,2.78,221,242.71,Delivered,2025-11-20,2025-11-24
SHP004254,CUST01799,PART1844,BR3258,BR3758,2025-08-01,Express,Clothing,10.02,1221,1031.99,Delivered,2025-08-03,2025-08-05
SHP004255,CUST03552,PART2101,BR0551,BR4185,2025-03-09,Same Day,Fragile,6.13,1585,1196.61,Out for Delivery,2025-03-10,
SHP004256,CUST04140,PART2633,BR1564,BR1095,2025-01-21,Standard,Food,0.88,1782,1059.46,Returned,2025-01-25,2025-01-25
SHP004257,CUST02115,PART3654,BR3908,BR3970,2025-10-14,Economy,Food,3.66,682,515.62,Delivered,2025-10-21,2025-10-25
SHP004258,CUST01533,PART3733,BR0865,BR3951,2025-04-26,Express,Fragile,2.81,2083,1347.47,Out for Delivery,2025-04-28,
SHP004259,CUST01155,PART4237,BR0902,BR2739,2025-07-21,Standard,Fragile,3.43,1976,1222.26,Delivered,2025-07-25,2025-07-24
SHP004260,CUST02901,PART2683,BR2853,BR2594,2025-03-23,Standard,Fragile,5.29,57,207.73,Delivered,2025-03-27,2025-03-27
SHP004261,CUST00329,PART2758,BR1779,BR3143,2025-04-26,Standard,Electronics,3.51,2119,1302.67,Delivered,2025-04-30,2025-04-29
SHP004262,CUST02307,PART1147,BR2810,BR2388,2025-05-26,Express,Electronics,2.03,1945,1254.41,Delivered,2025-05-28,2025-05-30
SHP004263,CUST02672,PART2992,BR1883,BR1246,2025-05-03,Express,Clothing,2.91,1252,892.62,Delivered,2025-05-05,2025-05-04
SHP004264,CUST01949,PART1029,BR3721,BR2717,2025-11-10,Same Day,Fragile,7.05,327,524.95,Returned,2025-11-11,2025-11-10
SHP004265,CUST01638,PART1247,BR4285,BR0901,2025-07-24,Economy,Parcel,3.86,1635,1044.17,In Transit,2025-07-31,
SHP004266,CUST01334,PART4326,BR3205,BR4547,2025-06-26,Standard,Parcel,1.27,637,438.29,Delivered,2025-06-30,2025-06-30
SHP004267,CUST00590,PART0466,BR4596,BR1169,2025-02-14,Standard,Food,1.98,1563,963.21,Delivered,2025-02-18,2025-02-17
SHP004268,CUST04503,PART3550,BR2923,BR4342,2025-07-11,Standard,Fragile,2.38,1270,810.86,Delivered,2025-07-15,2025-07-15
SHP004269,CUST04582,PART1961,BR4113,BR3574,2025-12-26,Express,Parcel,1.15,910,665.8,Out for Delivery,2025-12-28,
SHP004270,CUST01948,PART4680,BR2349,BR4648,2025-09-27,Standard,Fragile,3.89,487,413.43,Delivered,2025-10-01,2025-09-30
SHP004271,CUST00348,PART2603,BR2115,BR2251,2025-10-27,Standard,Electronics,1.21,1936,1151.42,Delivered,2025-10-31,2025-11-03
SHP004272,CUST01565,PART2704,BR0791,BR2228,2025-07-12,Standard,Clothing,4.64,18,171.98,Delivered,2025-07-16,2025-07-15
SHP004273,CUST02640,PART0337,BR1980,BR2242,2025-03-20,Express,Clothing,2.02,2004,1286.64,Out for Delivery,2025-03-22,
SHP004274,CUST02170,PART3811,BR1173,BR4326,2025-06-22,Economy,Food,1.49,1480,906.78,Out for Delivery,2025-06-29,
SHP004275,CUST01046,PART3804,BR1379,BR3193,2025-05-07,Same Day,Electronics,1.86,1474,1041.62,Delivered,2025-05-08,2025-05-11
SHP004276,CUST00745,PART3731,BR1539,BR0457,2025-08-14,Economy,Food,3.68,1069,728.91,In Transit,2025-08-21,
SHP004277,CUST02436,PART3499,BR4806,BR4687,2025-06-13,Express,Document,2.77,619,541.39,Delivered,2025-06-15,2025-06-16
SHP004278,CUST04025,PART0023,BR0301,BR3173,2025-06-16,Economy,Document,2.14,901,602.63,Delivered,2025-06-23,2025-06-27
SHP004279,CUST04823,PART2716,BR1615,BR3124,2025-03-15,Standard,Document,9.97,1909,1329.29,Delivered,2025-03-19,2025-03-23
SHP004280,CUST04120,PART0652,BR0811,BR4325,2025-02-26,Economy,Electronics,1.51,22,105.32,Delivered,2025-03-05,2025-03-09
SHP004281,CUST04876,PART3093,BR1125,BR3952,2025-07-24,Express,Fragile,1.12,284,320.84,In Transit,2025-07-26,
SHP004282,CUST00861,PART4283,BR4510,BR0249,2025-10-14,Express,Food,3.08,935,722.01,Delivered,2025-10-16,2025-10-19
SHP004283,CUST02797,PART1452,BR0969,BR1597,2025-01-25,Express,Fragile,3.5,1069,804.95,Out for Delivery,2025-01-27,
SHP004284,CUST00181,PART0234,BR4413,BR1833,2025-05-29,Express,Fragile,3.55,1447,1013.95,Delivered,2025-05-31,2025-05-31
SHP004285,CUST00726,PART3631,BR0500,BR3005,2025-09-21,Standard,Clothing,0.97,1222,753.44,Delivered,2025-09-25,2025-09-24
SHP004286,CUST01619,PART2061,BR1373,BR1996,2025-05-16,Same Day,Fragile,4.48,83,334.21,Delayed,2025-05-17,2025-05-21
SHP004287,CUST03628,PART4435,BR2492,BR0044,2025-05-26,Standard,Document,4.49,1780,1137.78,Delivered,2025-05-30,2025-05-31
SHP004288,CUST01691,PART1273,BR0999,BR1152,2025-09-30,Standard,Document,5.84,310,358.98,Out for Delivery,2025-10-04,
SHP004289,CUST03662,PART1149,BR1123,BR2948,2025-10-22,Same Day,Parcel,4.62,705,679.39,In Transit,2025-10-23,
SHP004290,CUST00734,PART0548,BR2476,BR3509,2025-03-15,Economy,Food,1.51,1780,1072.22,Delivered,2025-03-22,2025-03-21
SHP004291,CUST04844,PART4329,BR3964,BR3549,2025-05-03,Standard,Document,5.15,96,226.1,Delayed,2025-05-07,2025-05-10
SHP004292,CUST02435,PART4443,BR3969,BR1518,2025-05-20,Economy,Fragile,0.83,1409,853.21,Cancelled,2025-05-27,
SHP004293,CUST02846,PART1758,BR4202,BR0708,2025-11-06,Economy,Food,1.3,1031,655.65,In Transit,2025-11-13,
SHP004294,CUST04176,PART0183,BR4143,BR2191,2025-11-21,Standard,Parcel,3.55,1108,747.5,Out for Delivery,2025-11-25,
SHP004295,CUST02181,PART4887,BR0679,BR0247,2025-10-03,Standard,Parcel,4.0,62,182.1,Delivered,2025-10-07,2025-10-11
SHP004296,CUST02143,PART4036,BR3337,BR2560,2025-10-25,Same Day,Document,1.71,1825,1231.37,Delivered,2025-10-26,2025-10-29
SHP004297,CUST03748,PART0275,BR4250,BR3860,2025-09-12,Standard,Food,3.57,928,648.94,Returned,2025-09-16,2025-09-20
SHP004298,CUST00831,PART3274,BR2513,BR4722,2025-12-18,Economy,Clothing,3.61,995,686.67,Delivered,2025-12-25,2025-12-24
SHP004299,CUST03115,PART4947,BR0270,BR1634,2025-10-20,Standard,Fragile,4.22,156,238.64,Delivered,2025-10-24,2025-10-27
SHP004300,CUST03802,PART4066,BR1469,BR0464,2025-12-20,Standard,Parcel,4.97,1456,970.14,Returned,2025-12-24,2025-12-23
SHP004301,CUST02474,PART2205,BR0781,BR0547,2025-12-23,Express,Clothing,3.57,1438,1009.44,In Transit,2025-12-25,
SHP004302,CUST02871,PART0628,BR0183,BR2335,2025-11-23,Express,Document,3.84,147,305.33,Delivered,2025-11-25,2025-11-25
SHP004303,CUST00303,PART3365,BR4891,BR3640,2025-09-29,Economy,Clothing,2.01,1529,945.17,Delayed,2025-10-06,2025-10-10
SHP004304,CUST01182,PART2612,BR3564,BR3399,2025-09-28,Standard,Electronics,3.11,68,165.82,Delivered,2025-10-02,2025-10-01
SHP004305,CUST04477,PART0898,BR0798,BR1579,2025-03-02,Standard,Document,5.08,2047,1297.61,Delivered,2025-03-06,2025-03-10
SHP004306,CUST01463,PART4443,BR4744,BR1230,2025-07-07,Same Day,Food,3.15,306,427.6,Delayed,2025-07-08,2025-07-08
SHP004307,CUST02459,PART0541,BR4317,BR2669,2025-05-09,Standard,Document,5.33,1992,1272.86,In Transit,2025-05-13,
SHP004308,CUST03211,PART2845,BR3846,BR2368,2025-01-18,Express,Document,1.99,1836,1193.58,Delivered,2025-01-20,2025-01-24
SHP004309,CUST00218,PART3625,BR3050,BR2300,2025-12-11,Standard,Document,3.24,1323,858.93,Delivered,2025-12-15,2025-12-15
SHP004310,CUST03509,PART0567,BR0115,BR0928,2025-08-12,Same Day,Document,6.74,939,854.73,Out for Delivery,2025-08-13,
SHP004311,CUST01723,PART2302,BR2931,BR4985,2025-08-12,Standard,Food,2.0,1262,798.1,In Transit,2025-08-16,
SHP004312,CUST01261,PART1357,BR2213,BR3628,2025-04-13,Express,Food,8.04,53,346.03,Delivered,2025-04-15,2025-04-15
SHP004313,CUST00934,PART2336,BR0436,BR1315,2025-02-26,Express,Clothing,1.23,258,308.96,Delayed,2025-02-28,2025-03-04
SHP004314,CUST04577,PART3622,BR3980,BR4089,2025-10-14,Standard,Food,5.73,2191,1391.11,Delivered,2025-10-18,2025-10-18
SHP004315,CUST02013,PART3673,BR2284,BR3249,2025-04-27,Standard,Document,1.89,603,433.23,Delayed,2025-05-01,2025-05-02
SHP004316,CUST02346,PART4651,BR1383,BR0085,2025-05-09,Standard,Clothing,1.27,1664,1003.14,Delivered,2025-05-13,2025-05-13
SHP004317,CUST01001,PART4747,BR2535,BR1663,2025-03-29,Standard,Clothing,0.49,1360,818.78,Delivered,2025-04-02,2025-04-04
SHP004318,CUST03728,PART0979,BR0169,BR3506,2025-05-05,Economy,Fragile,12.24,1903,1375.93,Delivered,2025-05-12,2025-05-16
SHP004319,CUST00886,PART4606,BR2498,BR4612,2025-10-16,Express,Clothing,2.56,1698,1130.22,Delayed,2025-10-18,2025-10-21
SHP004320,CUST01832,PART0657,BR2800,BR4818,2025-03-31,Standard,Fragile,2.91,476,385.82,Delayed,2025-04-04,2025-04-04
SHP004321,CUST00876,PART2171,BR2096,BR3050,2025-09-11,Economy,Clothing,3.35,2173,1328.85,Out for Delivery,2025-09-18,
SHP004322,CUST01013,PART1989,BR2170,BR3152,2025-04-11,Standard,Clothing,4.36,609,490.87,In Transit,2025-04-15,
SHP004323,CUST04256,PART1886,BR2326,BR3724,2025-05-27,Economy,Food,3.63,1702,1075.96,Delivered,2025-06-03,2025-06-02
SHP004324,CUST01845,PART4030,BR4494,BR4787,2025-02-15,Standard,Parcel,2.71,747,530.47,Delivered,2025-02-19,2025-02-23
SHP004325,CUST02321,PART4636,BR1223,BR1142,2025-05-19,Express,Document,2.8,1973,1286.75,In Transit,2025-05-21,
SHP004326,CUST03235,PART0153,BR1750,BR4748,2025-05-06,Standard,Fragile,2.37,2100,1267.14,Delayed,2025-05-10,2025-05-13
SHP004327,CUST04073,PART2442,BR3630,BR1471,2025-11-27,Economy,Clothing,6.03,1458,994.56,Delayed,2025-12-04,2025-12-03
SHP004328,CUST00522,PART0595,BR2369,BR2156,2025-12-18,Standard,Parcel,6.17,1912,1247.34,Delivered,2025-12-22,2025-12-26
SHP004329,CUST03740,PART2110,BR0669,BR1145,2025-12-21,Standard,Clothing,8.46,1343,984.77,In Transit,2025-12-25,
SHP004330,CUST04844,PART2621,BR4836,BR2591,2025-05-06,Standard,Document,1.12,1759,1052.09,Returned,2025-05-10,2025-05-12
SHP004331,CUST03065,PART4181,BR4827,BR0366,2025-09-16,Express,Clothing,1.06,1177,810.67,Delayed,2025-09-18,2025-09-17
SHP004332,CUST03174,PART1741,BR3957,BR0685,2025-05-27,Standard,Fragile,4.65,2191,1367.35,Delivered,2025-05-31,2025-05-30
SHP004333,CUST00656,PART0320,BR2750,BR3095,2025-11-20,Same Day,Document,1.51,845,687.97,Delivered,2025-11-21,2025-11-21
SHP004334,CUST03669,PART1502,BR2956,BR4263,2025-12-21,Economy,Document,2.1,736,511.0,Delivered,2025-12-28,2025-12-28
SHP004335,CUST01382,PART3314,BR4176,BR4809,2025-06-12,Economy,Food,3.38,2015,1242.61,Delayed,2025-06-19,2025-06-22
SHP004336,CUST00236,PART4967,BR4235,BR2618,2025-10-28,Standard,Document,1.91,1414,879.72,In Transit,2025-11-01,
SHP004337,CUST04472,PART1323,BR2345,BR4544,2025-04-20,Standard,Document,1.3,1982,1178.7,In Transit,2025-04-24,
SHP004338,CUST00260,PART2065,BR3579,BR2348,2025-11-02,Express,Clothing,3.78,316,396.96,Delivered,2025-11-04,2025-11-03
SHP004339,CUST02428,PART1874,BR2145,BR2232,2025-06-29,Express,Food,0.74,865,632.03,In Transit,2025-07-01,
SHP004340,CUST01775,PART2794,BR0899,BR1022,2025-08-31,Same Day,Document,4.23,1870,1311.56,Delivered,2025-09-01,2025-09-02
SHP004341,CUST02844,PART3880,BR0057,BR0164,2025-06-02,Same Day,Electronics,1.18,685,592.71,Returned,2025-06-03,2025-06-06
SHP004342,CUST03175,PART4948,BR4030,BR3704,2025-03-25,Standard,Document,2.98,396,343.36,Delayed,2025-03-29,2025-03-29
SHP004343,CUST03668,PART2400,BR2262,BR3217,2025-07-22,Standard,Clothing,7.48,1518,1059.46,Delivered,2025-07-26,2025-07-30
SHP004344,CUST03146,PART0652,BR4267,BR4778,2025-05-24,Express,Electronics,3.35,917,718.05,In Transit,2025-05-26,
SHP004345,CUST04281,PART2396,BR1896,BR4471,2025-01-26,Economy,Food,3.5,2177,1334.35,Delivered,2025-02-02,2025-02-06
SHP004346,CUST03518,PART1367,BR1567,BR4590,2025-11-26,Express,Electronics,3.03,1233,884.81,In Transit,2025-11-28,
SHP004347,CUST02368,PART2095,BR4063,BR1032,2025-09-02,Express,Clothing,6.75,514,571.2,Delivered,2025-09-04,2025-09-08
SHP004348,CUST00505,PART2884,BR0409,BR0824,2025-11-23,Standard,Parcel,0.58,200,182.76,Delivered,2025-11-27,2025-12-01
SHP004349,CUST02186,PART3742,BR2239,BR4348,2025-05-13,Standard,Parcel,6.25,1981,1287.05,Delivered,2025-05-17,2025-05-19
SHP004350,CUST04791,PART0178,BR2919,BR4434,2025-01-01,Standard,Clothing,2.05,1025,668.85,Delivered,2025-01-05,2025-01-07
SHP004351,CUST01089,PART1882,BR4234,BR2900,2025-09-10,Standard,Fragile,3.1,555,433.45,In Transit,2025-09-14,
SHP004352,CUST01792,PART2612,BR0028,BR3245,2025-06-01,Standard,Electronics,3.3,1133,755.75,Delayed,2025-06-05,2025-06-08
SHP004353,CUST01261,PART4860,BR0109,BR1683,2025-01-20,Standard,Clothing,2.68,1157,755.31,Delivered,2025-01-24,2025-01-25
SHP004354,CUST03623,PART1197,BR1298,BR2257,2025-12-13,Standard,Food,1.59,855,565.23,Delayed,2025-12-17,2025-12-20
SHP004355,CUST02745,PART2051,BR2328,BR0287,2025-08-18,Express,Food,5.89,895,761.83,Out for Delivery,2025-08-20,
SHP004356,CUST01367,PART0718,BR0892,BR2179,2025-06-26,Standard,Food,2.19,110,168.68,In Transit,2025-06-30,
SHP004357,CUST02640,PART2436,BR4653,BR2508,2025-05-23,Express,Document,7.09,1141,923.53,Delayed,2025-05-25,2025-05-29
SHP004358,CUST02522,PART3389,BR1532,BR2763,2025-08-05,Standard,Document,5.84,1179,836.93,Delivered,2025-08-09,2025-08-10
SHP004359,CUST02403,PART4837,BR3952,BR1705,2025-02-16,Express,Fragile,2.92,1261,897.79,Returned,2025-02-18,2025-02-19
SHP004360,CUST04073,PART1675,BR2962,BR3072,2025-06-15,Standard,Clothing,6.35,713,591.85,Delivered,2025-06-19,2025-06-20
SHP004361,CUST02403,PART3682,BR2124,BR0509,2025-11-23,Standard,Parcel,1.23,37,107.41,Delivered,2025-11-27,2025-11-29
SHP004362,CUST04076,PART3968,BR1912,BR1503,2025-01-13,Express,Fragile,2.6,1112,808.8,Delivered,2025-01-15,2025-01-18
SHP004363,CUST03049,PART3733,BR0069,BR3675,2025-02-24,Economy,Clothing,4.0,1674,1068.7,Out for Delivery,2025-03-03,
SHP004364,CUST01424,PART0765,BR2775,BR3025,2025-02-17,Express,Clothing,0.91,205,272.77,Delivered,2025-02-19,2025-02-20
SHP004365,CUST01093,PART3510,BR4367,BR0294,2025-08-01,Standard,Food,1.78,1961,1177.71,Cancelled,2025-08-05,
SHP004366,CUST00990,PART1955,BR0073,BR3557,2025-07-14,Same Day,Parcel,6.41,820,782.02,Delivered,2025-07-15,2025-07-15
SHP004367,CUST01266,PART4394,BR0055,BR1741,2025-11-22,Standard,Food,2.19,541,405.73,In Transit,2025-11-26,
SHP004368,CUST01411,PART0350,BR1737,BR4750,2025-08-19,Economy,Parcel,5.04,786,603.18,Delivered,2025-08-26,2025-08-27
SHP004369,CUST00096,PART2562,BR4381,BR2581,2025-04-13,Express,Fragile,1.85,1404,952.9,Returned,2025-04-15,2025-04-17
SHP004370,CUST02772,PART3793,BR0847,BR4652,2025-10-28,Economy,Food,0.6,178,171.1,Delivered,2025-11-04,2025-11-06
SHP004371,CUST03553,PART1483,BR0932,BR2624,2025-09-24,Standard,Parcel,9.75,286,431.8,Out for Delivery,2025-09-28,
SHP004372,CUST03953,PART4721,BR4140,BR4604,2025-06-29,Standard,Food,2.83,2161,1310.81,In Transit,2025-07-03,
SHP004373,CUST04999,PART3933,BR4851,BR3760,2025-03-31,Standard,Parcel,7.05,2009,1320.05,Returned,2025-04-04,2025-04-07
SHP004374,CUST01941,PART1163,BR1203,BR1598,2025-04-20,Standard,Parcel,4.77,842,628.04,Returned,2025-04-24,2025-04-27
SHP004375,CUST02408,PART2132,BR3811,BR2865,2025-12-19,Standard,Clothing,5.78,1717,1131.51,Delayed,2025-12-23,2025-12-24
SHP004376,CUST04743,PART2371,BR4435,BR3950,2025-05-01,Standard,Electronics,2.13,1197,765.21,In Transit,2025-05-05,
SHP004377,CUST01319,PART1281,BR0337,BR4152,2025-10-17,Express,Food,2.46,1905,1241.87,Delivered,2025-10-19,2025-10-19
SHP004378,CUST04509,PART4463,BR2070,BR3382,2025-08-09,Same Day,Document,1.1,2075,1355.45,Delivered,2025-08-10,2025-08-11
SHP004379,CUST04242,PART0444,BR1958,BR2629,2025-12-05,Express,Food,3.75,1845,1237.25,In Transit,2025-12-07,
SHP004380,CUST02895,PART0787,BR1167,BR4196,2025-01-25,Standard,Food,2.73,760,538.06,In Transit,2025-01-29,
SHP004381,CUST01652,PART4798,BR3810,BR0724,2025-01-22,Express,Electronics,1.19,478,429.08,Returned,2025-01-24,2025-01-27
SHP004382,CUST03991,PART0122,BR0068,BR4648,2025-12-13,Economy,Fragile,3.56,133,211.47,Delivered,2025-12-20,2025-12-19
SHP004383,CUST00559,PART2009,BR2780,BR2692,2025-12-25,Standard,Document,1.6,238,226.1,Delivered,2025-12-29,2025-12-29
SHP004384,CUST03407,PART2956,BR4338,BR1633,2025-12-28,Express,Electronics,1.71,353,371.77,Delivered,2025-12-30,2025-12-30
SHP004385,CUST03026,PART1392,BR4710,BR0324,2025-04-12,Economy,Document,1.17,974,621.44,In Transit,2025-04-19,
SHP004386,CUST03566,PART0876,BR4192,BR1298,2025-05-23,Same Day,Electronics,4.93,598,627.36,Delayed,2025-05-24,2025-05-25
SHP004387,CUST00483,PART2456,BR2562,BR1988,2025-08-07,Standard,Document,2.97,1452,923.94,Delivered,2025-08-11,2025-08-10
SHP004388,CUST02450,PART1888,BR1700,BR2217,2025-01-01,Same Day,Parcel,2.41,227,367.87,Delivered,2025-01-02,2025-01-01
SHP004389,CUST03558,PART0471,BR3545,BR1763,2025-09-12,Same Day,Parcel,1.8,1351,972.65,Delivered,2025-09-13,2025-09-14
SHP004390,CUST03123,PART1114,BR2067,BR1375,2025-12-27,Same Day,Fragile,4.81,1438,1086.72,Delivered,2025-12-28,2025-12-27
SHP004391,CUST03518,PART4009,BR2195,BR1244,2025-02-10,Express,Food,5.05,1284,957.3,Returned,2025-02-12,2025-02-11
SHP004392,CUST02494,PART0709,BR3606,BR1479,2025-03-24,Standard,Food,1.32,160,177.04,Delayed,2025-03-28,2025-03-31
SHP004393,CUST02832,PART2125,BR4538,BR1590,2025-07-08,Standard,Clothing,2.66,148,199.92,Delivered,2025-07-12,2025-07-14
SHP004394,CUST03639,PART0194,BR2659,BR3121,2025-02-22,Standard,Food,4.76,897,658.07,Delivered,2025-02-26,2025-02-27
SHP004395,CUST00603,PART0953,BR0723,BR1088,2025-08-26,Express,Fragile,1.79,1585,1051.13,Delivered,2025-08-28,2025-09-01
SHP004396,CUST01042,PART4592,BR3585,BR0801,2025-06-09,Standard,Fragile,1.72,2064,1233.04,In Transit,2025-06-13,
SHP004397,CUST01677,PART4504,BR2894,BR3360,2025-02-08,Standard,Fragile,6.05,1536,1037.9,Delivered,2025-02-12,2025-02-13
SHP004398,CUST02371,PART4676,BR2997,BR1636,2025-08-05,Same Day,Document,6.45,701,717.45,Delivered,2025-08-06,2025-08-10
SHP004399,CUST02251,PART0127,BR2895,BR4585,2025-10-08,Express,Electronics,3.02,1209,871.39,Delivered,2025-10-10,2025-10-09
SHP004400,CUST00734,PART2623,BR1137,BR1177,2025-07-28,Standard,Fragile,1.35,999,639.15,Delivered,2025-08-01,2025-08-04
SHP004401,CUST04910,PART3737,BR4495,BR1011,2025-05-19,Express,Fragile,1.14,385,376.83,Out for Delivery,2025-05-21,
SHP004402,CUST04056,PART4730,BR1099,BR1540,2025-04-27,Express,Electronics,5.09,656,612.78,Delivered,2025-04-29,2025-05-03
SHP004403,CUST04134,PART2493,BR0316,BR1656,2025-06-13,Express,Parcel,7.93,1747,1275.31,Out for Delivery,2025-06-15,
SHP004404,CUST02322,PART1522,BR0374,BR2090,2025-11-13,Standard,Parcel,1.25,1566,948.8,Delivered,2025-11-17,2025-11-21
SHP004405,CUST00827,PART2043,BR3129,BR2700,2025-10-21,Standard,Food,3.96,1992,1242.72,In Transit,2025-10-25,
SHP004406,CUST02882,PART0131,BR1559,BR0678,2025-05-14,Economy,Parcel,5.68,2080,1328.96,Delivered,2025-05-21,2025-05-25
SHP004407,CUST03115,PART3257,BR4542,BR1824,2025-04-18,Express,Document,5.12,1978,1340.54,Delivered,2025-04-20,2025-04-20
SHP004408,CUST00454,PART4541,BR4161,BR3109,2025-08-21,Standard,Fragile,2.41,1508,942.42,Delayed,2025-08-25,2025-08-24
SHP004409,CUST01861,PART2517,BR3952,BR1360,2025-01-27,Standard,Fragile,2.01,1048,680.62,In Transit,2025-01-31,
SHP004410,CUST04943,PART0521,BR4723,BR3142,2025-03-08,Same Day,Parcel,5.09,1718,1246.88,Delivered,2025-03-09,2025-03-09
SHP004411,CUST01490,PART2859,BR2103,BR4859,2025-05-18,Standard,Electronics,1.36,1382,850.02,Delivered,2025-05-22,2025-05-21
SHP004412,CUST04129,PART3755,BR2610,BR4329,2025-05-02,Standard,Parcel,1.01,537,377.57,Delivered,2025-05-06,2025-05-08
SHP004413,CUST04156,PART1943,BR4389,BR1904,2025-09-23,Express,Electronics,3.98,1383,988.21,In Transit,2025-09-25,
SHP004414,CUST02083,PART3670,BR2039,BR0790,2025-02-24,Standard,Clothing,2.06,912,606.92,In Transit,2025-02-28,
SHP004415,CUST02009,PART0145,BR3372,BR3541,2025-01-31,Express,Document,1.39,663,535.23,Delivered,2025-02-02,2025-02-03
SHP004416,CUST03624,PART3981,BR4648,BR4678,2025-05-14,Express,Clothing,1.54,557,480.23,Delivered,2025-05-16,2025-05-20
SHP004417,CUST02842,PART0329,BR3520,BR0116,2025-08-18,Standard,Fragile,5.92,333,373.39,Delivered,2025-08-22,2025-08-26
SHP004418,CUST04363,PART4567,BR1612,BR0272,2025-12-01,Standard,Fragile,0.64,942,592.18,Out for Delivery,2025-12-05,
SHP004419,CUST00504,PART1202,BR2240,BR0573,2025-03-20,Economy,Clothing,8.36,459,496.37,Delivered,2025-03-27,2025-03-26
SHP004420,CUST02535,PART2962,BR2749,BR2669,2025-01-03,Standard,Clothing,6.37,527,489.99,Out for Delivery,2025-01-07,
SHP004421,CUST02517,PART3446,BR2082,BR1788,2025-02-03,Economy,Electronics,8.66,489,519.47,Delivered,2025-02-10,2025-02-10
SHP004422,CUST02736,PART0465,BR3062,BR4150,2025-02-16,Express,Parcel,4.03,1192,884.26,Out for Delivery,2025-02-18,
SHP004423,CUST03444,PART3472,BR2084,BR4723,2025-01-19,Standard,Fragile,4.31,2006,1258.12,Delivered,2025-01-23,2025-01-26
SHP004424,CUST02970,PART4109,BR3439,BR4597,2025-10-13,Standard,Clothing,1.32,1095,691.29,Delivered,2025-10-17,2025-10-16
SHP004425,CUST01677,PART4542,BR0547,BR0098,2025-06-11,Standard,Fragile,2.49,1098,718.68,In Transit,2025-06-15,
SHP004426,CUST01815,PART4480,BR4293,BR4717,2025-03-26,Economy,Clothing,3.18,2191,1335.01,Delayed,2025-04-02,2025-04-03
SHP004427,CUST04050,PART0317,BR4685,BR1731,2025-11-19,Express,Document,4.8,1771,1219.65,In Transit,2025-11-21,
SHP004428,CUST02045,PART4904,BR0326,BR2200,2025-04-07,Same Day,Electronics,3.27,1241,944.49,Delivered,2025-04-08,2025-04-12
SHP004429,CUST00217,PART2614,BR3962,BR2952,2025-03-22,Express,Parcel,1.26,1869,1195.67,Delivered,2025-03-24,2025-03-24
SHP004430,CUST03254,PART3566,BR2322,BR0969,2025-06-11,Economy,Clothing,1.68,173,192.11,Delivered,2025-06-18,2025-06-19
SHP004431,CUST03955,PART1476,BR2211,BR3932,2025-08-20,Express,Fragile,3.55,787,650.95,Delayed,2025-08-22,2025-08-23
SHP004432,CUST01084,PART4037,BR2530,BR1484,2025-11-07,Same Day,Clothing,2.09,1043,809.63,Out for Delivery,2025-11-08,
SHP004433,CUST00233,PART4022,BR3793,BR2226,2025-04-08,Economy,Parcel,5.85,695,570.95,Delivered,2025-04-15,2025-04-17
SHP004434,CUST03191,PART2362,BR3411,BR1801,2025-07-30,Standard,Document,6.86,1597,1089.27,Delayed,2025-08-03,2025-08-03
SHP004435,CUST02436,PART0925,BR4209,BR1943,2025-05-04,Economy,Clothing,1.11,1324,812.62,Delivered,2025-05-11,2025-05-10
SHP004436,CUST01755,PART1570,BR1214,BR4836,2025-05-09,Same Day,Clothing,1.77,1123,846.59,Returned,2025-05-10,2025-05-11
SHP004437,CUST03240,PART2937,BR0440,BR1804,2025-11-23,Express,Parcel,5.6,228,388.6,In Transit,2025-11-25,
SHP004438,CUST01144,PART3151,BR1452,BR4196,2025-06-10,Economy,Food,3.91,1184,797.22,In Transit,2025-06-17,
SHP004439,CUST01501,PART0522,BR2614,BR0271,2025-02-06,Standard,Fragile,4.87,1767,1138.99,In Transit,2025-02-10,
SHP004440,CUST03976,PART1247,BR2598,BR4401,2025-02-19,Express,Food,3.28,512,493.76,Delayed,2025-02-21,2025-02-20
SHP004441,CUST03904,PART4565,BR0455,BR0059,2025-11-22,Standard,Food,1.64,1770,1069.58,Delayed,2025-11-26,2025-11-26
SHP004442,CUST01311,PART4305,BR2423,BR4776,2025-01-03,Express,Food,6.24,1395,1044.53,Delivered,2025-01-05,2025-01-08
SHP004443,CUST02280,PART0551,BR1907,BR3178,2025-06-12,Standard,Document,2.45,2074,1254.6,Out for Delivery,2025-06-16,
SHP004444,CUST02150,PART2140,BR0438,BR3246,2025-05-24,Standard,Fragile,3.56,1855,1158.57,Delivered,2025-05-28,2025-05-29
SHP004445,CUST02084,PART3445,BR0243,BR1187,2025-10-30,Economy,Food,6.48,1029,768.51,Delivered,2025-11-06,2025-11-10
SHP004446,CUST00763,PART2061,BR4488,BR0330,2025-08-06,Same Day,Electronics,2.34,998,790.38,Cancelled,2025-08-07,
SHP004447,CUST00245,PART1215,BR3873,BR0697,2025-02-04,Standard,Food,1.67,1996,1194.54,Delivered,2025-02-08,2025-02-11
SHP004448,CUST03317,PART3558,BR2925,BR3482,2025-08-17,Standard,Clothing,4.22,129,223.79,Delivered,2025-08-21,2025-08-21
SHP004449,CUST04922,PART2299,BR0589,BR0690,2025-04-14,Standard,Fragile,3.26,568,444.12,Delivered,2025-04-18,2025-04-21
SHP004450,CUST02329,PART0390,BR3030,BR0473,2025-10-24,Economy,Parcel,2.14,39,128.53,Delivered,2025-10-31,2025-10-31
SHP004451,CUST03882,PART4651,BR3202,BR4520,2025-12-29,Standard,Clothing,2.51,1138,741.12,Delayed,2026-01-02,2026-01-02
SHP004452,CUST04272,PART0117,BR3618,BR4264,2025-06-23,Express,Fragile,2.55,687,573.95,Delivered,2025-06-25,2025-06-28
SHP004453,CUST00437,PART2760,BR2262,BR2004,2025-05-13,Economy,Fragile,2.37,1340,849.14,Returned,2025-05-20,2025-05-19
SHP004454,CUST02132,PART3637,BR3551,BR3486,2025-07-07,Same Day,Food,5.6,1998,1412.1,Delayed,2025-07-08,2025-07-11
SHP004455,CUST01816,PART0279,BR4365,BR0520,2025-02-19,Standard,Clothing,2.71,2169,1312.57,In Transit,2025-02-23,
SHP004456,CUST03641,PART0480,BR0625,BR1290,2025-01-18,Standard,Food,4.56,699,544.77,Delivered,2025-01-22,2025-01-21
SHP004457,CUST00748,PART3610,BR3951,BR2728,2025-06-26,Economy,Parcel,0.74,330,257.78,Delivered,2025-07-03,2025-07-06
SHP004458,CUST02507,PART4015,BR4792,BR3528,2025-10-07,Standard,Food,3.5,497,410.35,In Transit,2025-10-11,
SHP004459,CUST04093,PART1910,BR0883,BR1883,2025-06-07,Standard,Electronics,4.58,1237,841.11,Out for Delivery,2025-06-11,
SHP004460,CUST02550,PART2722,BR4920,BR1347,2025-01-15,Same Day,Fragile,1.64,498,499.98,Delivered,2025-01-16,2025-01-15
SHP004461,CUST00840,PART2564,BR4008,BR0175,2025-07-29,Express,Document,2.19,349,380.13,Delayed,2025-07-31,2025-07-30
SHP004462,CUST01772,PART0380,BR4483,BR1989,2025-05-24,Standard,Food,2.61,774,543.12,Delivered,2025-05-28,2025-05-28
SHP004463,CUST04996,PART4064,BR1383,BR2132,2025-05-26,Standard,Document,5.8,1401,958.15,Delayed,2025-05-30,2025-05-31
SHP004464,CUST00595,PART2496,BR2648,BR2904,2025-08-07,Express,Parcel,3.19,579,528.63,In Transit,2025-08-09,
SHP004465,CUST04044,PART4506,BR0532,BR2246,2025-01-01,Standard,Document,3.21,916,634.42,Delivered,2025-01-05,2025-01-08
SHP004466,CUST03528,PART1769,BR2411,BR0746,2025-09-08,Standard,Electronics,2.64,1956,1193.88,Delivered,2025-09-12,2025-09-13
SHP004467,CUST04272,PART0142,BR1714,BR4783,2025-06-16,Economy,Electronics,2.03,218,224.56,Delivered,2025-06-23,2025-06-26
SHP004468,CUST04952,PART1782,BR2321,BR0170,2025-05-17,Express,Parcel,3.91,166,317.32,Cancelled,2025-05-19,
SHP004469,CUST02234,PART0770,BR1889,BR1138,2025-04-27,Standard,Clothing,5.17,1279,877.19,Out for Delivery,2025-05-01,
SHP004470,CUST02441,PART3514,BR4927,BR0604,2025-06-16,Standard,Parcel,6.11,2031,1311.47,In Transit,2025-06-20,
SHP004471,CUST00602,PART4146,BR4959,BR4732,2025-08-15,Standard,Clothing,4.87,944,686.34,Returned,2025-08-19,2025-08-22
SHP004472,CUST03990,PART3332,BR3527,BR2402,2025-06-12,Economy,Parcel,2.09,437,346.33,Cancelled,2025-06-19,
SHP004473,CUST04942,PART1161,BR4496,BR3879,2025-06-10,Economy,Fragile,2.37,1522,949.24,Cancelled,2025-06-17,
SHP004474,CUST04041,PART0906,BR1424,BR4504,2025-03-20,Standard,Food,4.18,1278,854.86,Delivered,2025-03-24,2025-03-26
SHP004475,CUST00551,PART3812,BR3280,BR2113,2025-11-05,Standard,Parcel,3.21,118,195.52,Delivered,2025-11-09,2025-11-10
SHP004476,CUST00487,PART2684,BR1989,BR3279,2025-07-11,Standard,Clothing,4.6,1449,958.15,In Transit,2025-07-15,
SHP004477,CUST01473,PART4488,BR3462,BR3385,2025-07-20,Express,Electronics,1.55,661,537.65,Delivered,2025-07-22,2025-07-25
SHP004478,CUST01178,PART3665,BR1490,BR3568,2025-10-10,Standard,Document,4.02,1483,964.09,Delivered,2025-10-14,2025-10-15
SHP004479,CUST01239,PART2166,BR3939,BR4515,2025-05-30,Express,Document,1.7,57,208.75,Delivered,2025-06-01,2025-06-03
SHP004480,CUST02314,PART2667,BR1296,BR1448,2025-04-13,Standard,Document,1.45,137,167.25,Delivered,2025-04-17,2025-04-21
SHP004481,CUST04423,PART0491,BR3793,BR3021,2025-06-19,Express,Fragile,8.97,2172,1531.94,In Transit,2025-06-21,
SHP004482,CUST03897,PART2659,BR4177,BR4263,2025-08-25,Standard,Clothing,0.45,1564,930.1,Delivered,2025-08-29,2025-09-02
SHP004483,CUST03914,PART0153,BR1252,BR0775,2025-04-06,Standard,Food,7.28,1215,888.41,Delivered,2025-04-10,2025-04-14
SHP004484,CUST03338,PART3156,BR1499,BR3088,2025-04-14,Express,Electronics,5.71,557,571.97,Delivered,2025-04-16,2025-04-17
SHP004485,CUST04348,PART1561,BR1897,BR1070,2025-03-22,Express,Clothing,4.03,591,553.71,In Transit,2025-03-24,
SHP004486,CUST00262,PART0708,BR4049,BR0493,2025-11-17,Standard,Food,5.82,1816,1186.84,Returned,2025-11-21,2025-11-24
SHP004487,CUST00824,PART3355,BR3936,BR1772,2025-08-27,Economy,Fragile,1.37,1263,784.79,In Transit,2025-09-03,
SHP004488,CUST00642,PART3988,BR1196,BR2995,2025-10-14,Standard,Parcel,0.98,2097,1234.91,Delivered,2025-10-18,2025-10-19
SHP004489,CUST03438,PART3097,BR2503,BR0879,2025-07-19,Express,Fragile,3.21,86,257.92,Delivered,2025-07-21,2025-07-22
SHP004490,CUST00142,PART3531,BR2439,BR0973,2025-05-13,Express,Clothing,3.37,223,336.79,Delivered,2025-05-15,2025-05-19
SHP004491,CUST01481,PART1767,BR2799,BR2724,2025-10-11,Standard,Food,6.27,367,399.79,Delivered,2025-10-15,2025-10-14
SHP004492,CUST00018,PART2500,BR3785,BR0975,2025-05-12,Standard,Fragile,4.44,855,627.93,Delayed,2025-05-16,2025-05-20
SHP004493,CUST03019,PART3799,BR4920,BR2919,2025-04-22,Express,Electronics,2.19,1159,825.63,Returned,2025-04-24,2025-04-26
SHP004494,CUST00027,PART4575,BR1330,BR0410,2025-10-12,Standard,Document,0.95,919,586.35,Cancelled,2025-10-16,
SHP004495,CUST03830,PART0155,BR4101,BR2665,2025-04-16,Express,Parcel,4.05,1498,1053.0,Delivered,2025-04-18,2025-04-22
SHP004496,CUST01669,PART2726,BR0143,BR2082,2025-12-30,Standard,Parcel,3.96,1847,1162.97,Delivered,2026-01-03,2026-01-05
SHP004497,CUST04708,PART2313,BR4621,BR2336,2025-11-27,Standard,Document,1.95,989,646.85,Delivered,2025-12-01,2025-11-30
SHP004498,CUST02486,PART0686,BR4312,BR1159,2025-09-04,Standard,Electronics,3.09,1036,697.78,Delivered,2025-09-08,2025-09-11
SHP004499,CUST03282,PART3192,BR0015,BR4918,2025-02-12,Economy,Fragile,1.5,627,437.85,Cancelled,2025-02-19,
SHP004500,CUST01360,PART1863,BR0811,BR4984,2025-03-04,Standard,Document,1.85,1572,965.3,Delayed,2025-03-08,2025-03-09
SHP004501,CUST00124,PART0253,BR1529,BR4702,2025-09-16,Standard,Food,2.63,206,231.16,Delivered,2025-09-20,2025-09-23
SHP004502,CUST00818,PART2395,BR2892,BR1317,2025-09-06,Express,Fragile,2.7,1156,835.2,Delivered,2025-09-08,2025-09-11
SHP004503,CUST04371,PART2658,BR3387,BR0208,2025-08-08,Standard,Clothing,5.51,1572,1045.82,In Transit,2025-08-12,
SHP004504,CUST01057,PART3279,BR4644,BR0520,2025-07-29,Express,Electronics,6.5,177,380.35,Delivered,2025-07-31,2025-08-04
SHP004505,CUST01215,PART4496,BR0874,BR3290,2025-03-26,Express,Food,5.45,1030,826.4,Delivered,2025-03-28,2025-04-01
SHP004506,CUST01054,PART4260,BR4942,BR2614,2025-06-21,Standard,Document,1.92,851,570.29,In Transit,2025-06-25,
SHP004507,CUST03680,PART0302,BR2540,BR4106,2025-01-14,Standard,Electronics,1.39,1724,1038.78,Delivered,2025-01-18,2025-01-17
SHP004508,CUST04872,PART4451,BR1999,BR0933,2025-01-18,Same Day,Electronics,1.74,1581,1097.83,Delayed,2025-01-19,2025-01-19
SHP004509,CUST03244,PART2464,BR0520,BR3724,2025-06-22,Standard,Document,4.09,295,312.23,In Transit,2025-06-26,
SHP004510,CUST01187,PART4804,BR2632,BR4228,2025-12-24,Express,Food,3.78,1291,933.21,In Transit,2025-12-26,
SHP004511,CUST00313,PART0163,BR2140,BR2267,2025-06-02,Standard,Clothing,3.11,1997,1226.77,Delivered,2025-06-06,2025-06-08
SHP004512,CUST00102,PART1268,BR4934,BR2609,2025-02-23,Standard,Fragile,2.16,1605,990.27,Delivered,2025-02-27,2025-03-03
SHP004513,CUST03560,PART2780,BR0293,BR3362,2025-05-10,Standard,Parcel,2.02,956,630.24,In Transit,2025-05-14,
SHP004514,CUST04136,PART4129,BR0831,BR3705,2025-02-02,Express,Parcel,2.12,506,464.94,Returned,2025-02-04,2025-02-08
SHP004515,CUST03046,PART3490,BR0787,BR4495,2025-10-27,Standard,Clothing,10.31,1349,1028.77,Delivered,2025-10-31,2025-11-03
SHP004516,CUST03383,PART0602,BR1857,BR2318,2025-08-17,Express,Clothing,2.79,2153,1385.53,In Transit,2025-08-19,
SHP004517,CUST02592,PART1151,BR0476,BR2064,2025-10-26,Standard,Parcel,2.14,564,417.28,In Transit,2025-10-30,
SHP004518,CUST03441,PART1091,BR4437,BR3711,2025-05-08,Economy,Fragile,2.17,1978,1195.64,Out for Delivery,2025-05-15,
SHP004519,CUST01280,PART3549,BR2618,BR0527,2025-12-07,Same Day,Parcel,4.54,268,437.28,Delivered,2025-12-08,2025-12-08
SHP004520,CUST01290,PART0384,BR4208,BR0323,2025-08-11,Standard,Parcel,6.77,759,626.39,Delivered,2025-08-15,2025-08-18
SHP004521,CUST02932,PART3731,BR1371,BR1989,2025-09-19,Standard,Clothing,4.93,1917,1222.81,Cancelled,2025-09-23,
SHP004522,CUST02655,PART2753,BR1965,BR2475,2025-02-23,Standard,Fragile,0.89,688,457.98,Delivered,2025-02-27,2025-02-26
SHP004523,CUST04460,PART4477,BR0408,BR0428,2025-08-09,Express,Food,3.12,2047,1334.49,Delivered,2025-08-11,2025-08-13
SHP004524,CUST01416,PART1787,BR3566,BR4378,2025-04-21,Standard,Document,1.45,201,202.45,Delayed,2025-04-25,2025-04-25
SHP004525,CUST00535,PART2072,BR3507,BR1609,2025-02-27,Standard,Food,8.32,1261,936.59,Delayed,2025-03-03,2025-03-06
SHP004526,CUST01275,PART0886,BR0695,BR1625,2025-12-20,Standard,Document,2.43,2101,1269.01,In Transit,2025-12-24,
SHP004527,CUST04934,PART1964,BR0632,BR2472,2025-08-17,Express,Parcel,2.36,449,438.87,Delivered,2025-08-19,2025-08-19
SHP004528,CUST02758,PART3321,BR1865,BR2016,2025-04-25,Economy,Clothing,2.03,827,559.51,In Transit,2025-05-02,
SHP004529,CUST04661,PART3898,BR3522,BR4040,2025-09-18,Same Day,Parcel,0.76,1444,1000.92,Delivered,2025-09-19,2025-09-18
SHP004530,CUST03585,PART4644,BR1368,BR4015,2025-09-03,Same Day,Food,1.07,117,277.89,Delivered,2025-09-04,2025-09-05
SHP004531,CUST02865,PART3969,BR3897,BR0031,2025-06-24,Same Day,Fragile,4.09,710,670.48,Delivered,2025-06-25,2025-06-29
SHP004532,CUST00958,PART2654,BR0323,BR4849,2025-09-07,Economy,Document,1.46,1306,810.42,In Transit,2025-09-14,
SHP004533,CUST01456,PART2343,BR2141,BR0690,2025-02-17,Standard,Electronics,3.64,1703,1076.73,Delivered,2025-02-21,2025-02-23
SHP004534,CUST00451,PART1051,BR0788,BR0969,2025-12-01,Express,Document,4.75,33,262.65,Delivered,2025-12-03,2025-12-06
SHP004535,CUST02999,PART1234,BR3873,BR0862,2025-10-14,Standard,Document,1.92,1721,1048.79,Delivered,2025-10-18,2025-10-22
SHP004536,CUST04538,PART1701,BR1464,BR1358,2025-07-27,Standard,Clothing,9.0,144,337.2,Delivered,2025-07-31,2025-07-31
SHP004537,CUST03457,PART1403,BR1600,BR3785,2025-07-26,Standard,Document,2.31,85,157.57,Delivered,2025-07-30,2025-08-02
SHP004538,CUST01866,PART0819,BR0028,BR3236,2025-06-26,Standard,Fragile,1.75,72,138.1,In Transit,2025-06-30,
SHP004539,CUST04044,PART1168,BR1563,BR4191,2025-10-20,Express,Food,1.02,1266,858.74,Delivered,2025-10-22,2025-10-21
SHP004540,CUST00674,PART1213,BR0722,BR1535,2025-12-15,Standard,Electronics,5.17,1522,1010.84,Delivered,2025-12-19,2025-12-23
SHP004541,CUST01240,PART1243,BR0504,BR0348,2025-01-19,Standard,Electronics,2.96,1011,681.17,Delivered,2025-01-23,2025-01-26
SHP004542,CUST03405,PART2936,BR3577,BR1520,2025-03-14,Standard,Document,3.67,943,659.39,Delivered,2025-03-18,2025-03-19
SHP004543,CUST02071,PART4556,BR1678,BR1957,2025-02-01,Standard,Fragile,2.54,1191,770.93,In Transit,2025-02-05,
SHP004544,CUST03467,PART0640,BR1028,BR3201,2025-10-03,Express,Fragile,2.15,1549,1039.25,Returned,2025-10-05,2025-10-07
SHP004545,CUST00996,PART1987,BR2540,BR2892,2025-08-24,Express,Parcel,6.75,2077,1430.85,Delivered,2025-08-26,2025-08-28
SHP004546,CUST02195,PART3841,BR2252,BR2101,2025-11-12,Express,Food,2.46,1506,1022.42,Delivered,2025-11-14,2025-11-17
SHP004547,CUST02735,PART4403,BR0992,BR1028,2025-05-19,Standard,Fragile,1.54,2115,1257.13,In Transit,2025-05-23,
SHP004548,CUST00304,PART3230,BR4740,BR0129,2025-06-11,Standard,Food,9.61,1454,1071.12,In Transit,2025-06-15,
SHP004549,CUST01925,PART0145,BR4072,BR2496,2025-04-06,Standard,Parcel,1.62,359,293.09,Delivered,2025-04-10,2025-04-12
SHP004550,CUST01399,PART4237,BR1003,BR0545,2025-02-22,Standard,Clothing,0.52,534,365.14,In Transit,2025-02-26,
SHP004551,CUST04797,PART4150,BR4053,BR4763,2025-06-26,Economy,Clothing,2.92,1823,1126.89,Cancelled,2025-07-03,
SHP004552,CUST00817,PART1198,BR2857,BR4587,2025-11-17,Express,Clothing,6.09,628,619.38,Delivered,2025-11-19,2025-11-21
SHP004553,CUST02483,PART4231,BR1080,BR2858,2025-04-06,Express,Fragile,3.14,340,396.08,Delivered,2025-04-08,2025-04-12
SHP004554,CUST01011,PART3088,BR0052,BR1748,2025-03-09,Express,Parcel,4.24,302,399.38,Delivered,2025-03-11,2025-03-12
SHP004555,CUST04190,PART0445,BR4363,BR0426,2025-07-01,Standard,Clothing,3.49,1160,774.78,In Transit,2025-07-05,
SHP004556,CUST00494,PART1922,BR4146,BR3576,2025-09-11,Standard,Clothing,3.19,1159,767.63,In Transit,2025-09-15,
SHP004557,CUST01761,PART0158,BR0894,BR1012,2025-09-10,Standard,Document,1.8,1175,745.85,Delivered,2025-09-14,2025-09-14
SHP004558,CUST01019,PART2685,BR0077,BR0125,2025-06-13,Standard,Parcel,2.18,1011,664.01,Delivered,2025-06-17,2025-06-18
SHP004559,CUST01982,PART0827,BR4412,BR4585,2025-02-21,Same Day,Clothing,1.08,1576,1080.56,Delayed,2025-02-22,2025-02-21
SHP004560,CUST04519,PART1486,BR1209,BR4891,2025-04-09,Standard,Food,3.07,387,340.39,In Transit,2025-04-13,
SHP004561,CUST02135,PART3249,BR2992,BR0634,2025-05-04,Standard,Fragile,2.49,1730,1066.28,Delivered,2025-05-08,2025-05-07
SHP004562,CUST02183,PART1550,BR2289,BR2868,2025-01-21,Standard,Clothing,3.78,1988,1236.56,Delivered,2025-01-25,2025-01-29
SHP004563,CUST01796,PART3569,BR4677,BR3907,2025-03-25,Standard,Document,3.52,1675,1058.69,Delivered,2025-03-29,2025-03-30
SHP004564,CUST04801,PART0447,BR4661,BR1822,2025-06-09,Express,Parcel,10.46,1570,1233.62,Delivered,2025-06-11,2025-06-11
SHP004565,CUST04909,PART2821,BR1132,BR2042,2025-06-10,Standard,Clothing,2.7,1695,1051.65,In Transit,2025-06-14,
SHP004566,CUST02836,PART1657,BR1583,BR4772,2025-11-12,Express,Fragile,2.37,776,618.94,Delivered,2025-11-14,2025-11-15
SHP004567,CUST00258,PART0687,BR3763,BR3996,2025-08-27,Economy,Document,1.93,1264,797.66,Delivered,2025-09-03,2025-09-07
SHP004568,CUST04688,PART2213,BR1981,BR0809,2025-05-09,Standard,Clothing,5.48,237,310.91,Delivered,2025-05-13,2025-05-12
SHP004569,CUST04273,PART4271,BR2191,BR4525,2025-09-02,Same Day,Electronics,5.89,446,564.88,Delivered,2025-09-03,2025-09-03
SHP004570,CUST02047,PART4368,BR0792,BR3965,2025-12-29,Same Day,Clothing,1.23,1573,1082.21,In Transit,2025-12-30,
SHP004571,CUST01138,PART1131,BR0650,BR3867,2025-09-28,Express,Fragile,6.11,1936,1339.22,Returned,2025-09-30,2025-10-02
SHP004572,CUST02198,PART3573,BR0174,BR1716,2025-12-25,Standard,Clothing,7.64,968,760.48,Delayed,2025-12-29,2026-01-02
SHP004573,CUST04958,PART2896,BR4576,BR4869,2025-11-09,Same Day,Electronics,5.53,887,799.51,Out for Delivery,2025-11-10,
SHP004574,CUST02078,PART0294,BR2578,BR1824,2025-12-30,Economy,Fragile,1.88,475,362.61,In Transit,2026-01-06,
SHP004575,CUST00465,PART3974,BR1414,BR1081,2025-01-01,Standard,Parcel,4.37,1394,922.84,Delivered,2025-01-05,2025-01-04
SHP004576,CUST04669,PART0430,BR4880,BR1527,2025-10-02,Express,Fragile,3.24,1065,797.03,Delivered,2025-10-04,2025-10-08
SHP004577,CUST03667,PART1680,BR2781,BR4479,2025-05-30,Express,Clothing,4.35,1952,1309.3,In Transit,2025-06-01,
SHP004578,CUST03479,PART2777,BR1789,BR2443,2025-01-26,Express,Parcel,4.19,1009,787.13,Delivered,2025-01-28,2025-01-27
SHP004579,CUST00456,PART2363,BR4294,BR2020,2025-09-19,Standard,Document,0.84,745,488.23,Returned,2025-09-23,2025-09-25
SHP004580,CUST04135,PART4954,BR2482,BR2913,2025-09-10,Express,Food,2.68,251,337.01,Delivered,2025-09-12,2025-09-12
SHP004581,CUST03720,PART0903,BR1570,BR1594,2025-07-13,Standard,Parcel,3.51,545,436.97,Delivered,2025-07-17,2025-07-19
SHP004582,CUST01526,PART3864,BR1598,BR1282,2025-06-24,Standard,Fragile,1.37,66,126.44,Delivered,2025-06-28,2025-07-01
SHP004583,CUST04390,PART3229,BR0636,BR4962,2025-02-15,Economy,Clothing,1.55,78,137.0,Delivered,2025-02-22,2025-02-22
SHP004584,CUST01658,PART1493,BR2370,BR3019,2025-12-26,Express,Fragile,2.17,2156,1373.54,Delivered,2025-12-28,2025-12-27
SHP004585,CUST03874,PART0057,BR3229,BR2447,2025-10-04,Standard,Document,2.17,862,581.84,Delivered,2025-10-08,2025-10-08
SHP004586,CUST04931,PART3295,BR4039,BR2064,2025-08-21,Standard,Document,0.86,1127,698.77,Delivered,2025-08-25,2025-08-24
SHP004587,CUST01157,PART3072,BR1691,BR2118,2025-01-26,Express,Food,5.66,863,739.17,Delivered,2025-01-28,2025-01-30
SHP004588,CUST03158,PART3992,BR2968,BR3789,2025-09-06,Express,Electronics,1.47,2115,1335.59,Delivered,2025-09-08,2025-09-12
SHP004589,CUST03192,PART3434,BR1657,BR4667,2025-09-17,Express,Document,3.55,501,493.65,Delivered,2025-09-19,2025-09-22
SHP004590,CUST01771,PART1747,BR3990,BR1025,2025-12-21,Standard,Clothing,1.93,2062,1236.56,In Transit,2025-12-25,
SHP004591,CUST01112,PART3948,BR2527,BR0869,2025-07-15,Same Day,Fragile,0.85,1333,941.85,Delivered,2025-07-16,2025-07-18
SHP004592,CUST01618,PART4866,BR1881,BR2930,2025-12-31,Standard,Fragile,3.85,1166,786.0,Delivered,2026-01-04,2026-01-08
SHP004593,CUST00243,PART1558,BR1987,BR1107,2025-06-30,Standard,Food,1.41,1233,769.17,Delivered,2025-07-04,2025-07-04
SHP004594,CUST00372,PART1714,BR0082,BR2279,2025-01-29,Same Day,Clothing,0.94,342,398.78,Delivered,2025-01-30,2025-02-03
SHP004595,CUST04058,PART0612,BR4577,BR0386,2025-10-07,Standard,Electronics,3.57,1180,787.54,Delivered,2025-10-11,2025-10-15
SHP004596,CUST00370,PART2946,BR4455,BR1779,2025-07-08,Standard,Clothing,4.27,2059,1286.39,Delivered,2025-07-12,2025-07-14
SHP004597,CUST01646,PART2777,BR4959,BR3290,2025-03-07,Standard,Electronics,1.01,1803,1073.87,Delivered,2025-03-11,2025-03-11
SHP004598,CUST03746,PART4888,BR0046,BR4063,2025-07-03,Express,Fragile,1.91,1911,1233.07,Out for Delivery,2025-07-05,
SHP004599,CUST03055,PART1299,BR0758,BR2376,2025-01-10,Economy,Food,6.42,1112,812.84,Delivered,2025-01-17,2025-01-19
SHP004600,CUST00559,PART4677,BR2187,BR0870,2025-04-13,Express,Clothing,9.89,1607,1241.43,Out for Delivery,2025-04-15,
SHP004601,CUST01673,PART1416,BR1492,BR4596,2025-07-16,Economy,Fragile,3.19,1898,1174.08,In Transit,2025-07-23,
SHP004602,CUST01953,PART3532,BR1812,BR4188,2025-01-20,Standard,Fragile,2.93,1419,904.91,Delivered,2025-01-24,2025-01-27
SHP004603,CUST00586,PART4956,BR2558,BR3166,2025-04-10,Standard,Parcel,4.27,1595,1031.19,Delivered,2025-04-14,2025-04-16
SHP004604,CUST00748,PART4627,BR1303,BR3951,2025-12-22,Economy,Clothing,3.91,367,347.87,Delivered,2025-12-29,2025-12-31
SHP004605,CUST04971,PART2266,BR1983,BR1185,2025-08-24,Same Day,Parcel,1.73,1145,857.81,Out for Delivery,2025-08-25,
SHP004606,CUST02820,PART4833,BR2876,BR4977,2025-05-24,Express,Parcel,7.14,553,601.23,Delivered,2025-05-26,2025-05-30
SHP004607,CUST04956,PART4969,BR1951,BR4261,2025-07-01,Standard,Clothing,3.8,1806,1136.9,Returned,2025-07-05,2025-07-08
SHP004608,CUST04307,PART0857,BR0368,BR3539,2025-03-05,Standard,Fragile,3.42,1742,1093.34,Returned,2025-03-09,2025-03-10
SHP004609,CUST03312,PART0596,BR0841,BR0072,2025-04-03,Standard,Parcel,2.86,718,517.82,Delivered,2025-04-07,2025-04-10
SHP004610,CUST04731,PART1098,BR3018,BR1427,2025-01-28,Same Day,Document,4.01,1458,1080.12,Delivered,2025-01-29,2025-01-31
SHP004611,CUST03483,PART0390,BR3769,BR3839,2025-02-27,Same Day,Document,2.86,1987,1345.77,Delivered,2025-02-28,2025-02-27
SHP004612,CUST04668,PART4867,BR4530,BR1719,2025-02-11,Economy,Clothing,1.97,595,430.59,Delivered,2025-02-18,2025-02-22
SHP004613,CUST00302,PART1642,BR0170,BR3613,2025-03-16,Standard,Document,1.81,830,556.32,Out for Delivery,2025-03-20,
SHP004614,CUST00935,PART2919,BR2712,BR3045,2025-07-19,Express,Parcel,9.24,505,621.03,Delayed,2025-07-21,2025-07-22
SHP004615,CUST02167,PART2684,BR4294,BR4012,2025-06-03,Standard,Fragile,1.85,1068,688.1,Delivered,2025-06-07,2025-06-11
SHP004616,CUST03510,PART2575,BR4916,BR0557,2025-07-02,Express,Fragile,1.6,609,510.15,Delayed,2025-07-04,2025-07-03
SHP004617,CUST00113,PART2664,BR2194,BR0296,2025-11-09,Express,Food,8.55,1765,1298.85,Delayed,2025-11-11,2025-11-14
SHP004618,CUST04620,PART0630,BR4198,BR1660,2025-03-21,Express,Clothing,2.51,1437,985.57,In Transit,2025-03-23,
SHP004619,CUST01229,PART2314,BR3362,BR0265,2025-08-07,Standard,Electronics,1.75,1230,775.0,Delivered,2025-08-11,2025-08-13
SHP004620,CUST01170,PART1599,BR1391,BR2760,2025-09-09,Standard,Document,1.03,1681,1007.21,In Transit,2025-09-13,
SHP004621,CUST02836,PART1429,BR4202,BR0299,2025-09-26,Express,Document,1.54,1767,1145.73,In Transit,2025-09-28,
SHP004622,CUST02148,PART1224,BR0781,BR1991,2025-02-10,Express,Parcel,4.92,1578,1116.14,Delivered,2025-02-12,2025-02-14
SHP004623,CUST01762,PART3683,BR0176,BR3822,2025-03-22,Standard,Document,1.3,935,602.85,Out for Delivery,2025-03-26,
SHP004624,CUST00881,PART1974,BR3311,BR4335,2025-12-19,Standard,Clothing,2.55,416,344.9,Out for Delivery,2025-12-23,
SHP004625,CUST02850,PART3973,BR3459,BR1121,2025-06-25,Standard,Food,1.38,868,567.76,In Transit,2025-06-29,
SHP004626,CUST04612,PART2981,BR4887,BR2921,2025-04-22,Express,Document,4.68,1644,1147.16,Delivered,2025-04-24,2025-04-25
SHP004627,CUST01064,PART3644,BR1047,BR0672,2025-08-01,Standard,Clothing,6.0,1345,931.75,Delivered,2025-08-05,2025-08-08
SHP004628,CUST02351,PART2141,BR4174,BR1941,2025-10-28,Standard,Food,3.06,770,550.82,Delivered,2025-11-01,2025-11-03
SHP004629,CUST04033,PART0786,BR0053,BR3669,2025-03-21,Express,Document,3.96,1487,1044.97,Delayed,2025-03-23,2025-03-26
SHP004630,CUST00721,PART0955,BR1379,BR1552,2025-09-20,Standard,Fragile,5.97,1766,1162.64,Delivered,2025-09-24,2025-09-24
SHP004631,CUST01892,PART0549,BR1039,BR4784,2025-10-14,Express,Fragile,7.24,1909,1349.23,Delivered,2025-10-16,2025-10-15
SHP004632,CUST04659,PART2922,BR4015,BR4665,2025-04-18,Standard,Electronics,1.51,1350,835.72,Delivered,2025-04-22,2025-04-23
SHP004633,CUST04307,PART0544,BR2147,BR0228,2025-12-12,Express,Clothing,4.02,1951,1301.49,In Transit,2025-12-14,
SHP004634,CUST03724,PART0721,BR0412,BR3863,2025-07-27,Economy,Parcel,3.06,1138,753.22,Delivered,2025-08-03,2025-08-02
SHP004635,CUST01084,PART0578,BR3007,BR3669,2025-03-27,Economy,Parcel,3.36,1217,803.27,Delayed,2025-04-03,2025-04-05
SHP004636,CUST02716,PART1372,BR0819,BR0695,2025-04-15,Economy,Food,4.11,1660,1063.42,In Transit,2025-04-22,
SHP004637,CUST01368,PART2998,BR4556,BR1028,2025-09-30,Same Day,Clothing,3.61,1375,1025.67,Delivered,2025-10-01,2025-10-04
SHP004638,CUST03343,PART4046,BR0307,BR2700,2025-02-01,Economy,Food,3.27,1593,1008.09,Delivered,2025-02-08,2025-02-09
SHP004639,CUST00945,PART3742,BR2491,BR1066,2025-12-10,Economy,Clothing,3.03,1566,987.96,Cancelled,2025-12-17,
SHP004640,CUST01795,PART0356,BR1912,BR0542,2025-04-11,Standard,Document,4.85,582,486.8,Delivered,2025-04-15,2025-04-16
SHP004641,CUST00531,PART3442,BR2746,BR0257,2025-06-15,Express,Document,1.41,783,601.67,Delivered,2025-06-17,2025-06-18
SHP004642,CUST01817,PART1461,BR1707,BR2801,2025-07-04,Express,Clothing,2.75,2082,1345.6,Delivered,2025-07-06,2025-07-06
SHP004643,CUST02400,PART0335,BR4011,BR1189,2025-05-17,Express,Fragile,2.18,128,258.36,In Transit,2025-05-19,
SHP004644,CUST04967,PART1504,BR4306,BR4246,2025-07-15,Economy,Food,1.44,2118,1256.58,Delivered,2025-07-22,2025-07-24
SHP004645,CUST01127,PART4878,BR2997,BR4479,2025-08-27,Economy,Clothing,6.35,1964,1279.9,Delivered,2025-09-03,2025-09-03
SHP004646,CUST04341,PART0992,BR0797,BR3074,2025-12-17,Express,Document,1.91,1351,925.07,Delivered,2025-12-19,2025-12-23
SHP004647,CUST04513,PART3674,BR1968,BR0295,2025-08-09,Standard,Parcel,0.95,1796,1068.7,In Transit,2025-08-13,
SHP004648,CUST00238,PART0819,BR0568,BR3283,2025-04-17,Standard,Document,5.08,1647,1077.61,Delivered,2025-04-21,2025-04-25
SHP004649,CUST04855,PART4802,BR1148,BR1639,2025-01-09,Express,Electronics,5.7,1722,1212.5,Delivered,2025-01-11,2025-01-14
SHP004650,CUST00198,PART1299,BR2243,BR2695,2025-07-12,Express,Food,6.35,913,781.85,In Transit,2025-07-14,
SHP004651,CUST02724,PART0792,BR1580,BR0351,2025-11-18,Standard,Food,6.92,1392,977.84,In Transit,2025-11-22,
SHP004652,CUST01622,PART1715,BR2497,BR3602,2025-07-16,Same Day,Fragile,4.03,1328,1009.06,Delivered,2025-07-17,2025-07-21
SHP004653,CUST02344,PART4121,BR3239,BR1537,2025-10-13,Standard,Food,1.36,1271,788.97,Returned,2025-10-17,2025-10-16
SHP004654,CUST04765,PART4974,BR3661,BR4161,2025-12-22,Standard,Electronics,0.98,171,175.61,Delivered,2025-12-26,2025-12-27
SHP004655,CUST02452,PART2297,BR2895,BR1534,2025-09-01,Economy,Food,1.58,197,203.11,Delivered,2025-09-08,2025-09-07
SHP004656,CUST00019,PART4093,BR0285,BR4178,2025-09-24,Economy,Electronics,4.9,1975,1254.05,Delayed,2025-10-01,2025-10-04
SHP004657,CUST00652,PART3384,BR4250,BR2726,2025-05-26,Standard,Parcel,3.2,1867,1157.25,Delivered,2025-05-30,2025-05-30
SHP004658,CUST02210,PART3501,BR2071,BR2627,2025-02-03,Economy,Document,2.44,448,360.08,Delivered,2025-02-10,2025-02-11
SHP004659,CUST00981,PART0379,BR2014,BR1942,2025-06-25,Standard,Document,4.53,1245,844.41,Delayed,2025-06-29,2025-07-01
SHP004660,CUST03992,PART2352,BR0169,BR3976,2025-09-19,Standard,Document,4.08,1654,1059.46,Delivered,2025-09-23,2025-09-23
SHP004661,CUST02780,PART4770,BR0816,BR1789,2025-01-25,Express,Electronics,3.31,437,453.17,In Transit,2025-01-27,
SHP004662,CUST02487,PART1202,BR1916,BR2342,2025-05-03,Express,Document,4.29,1310,954.88,Delivered,2025-05-05,2025-05-04
SHP004663,CUST01467,PART3304,BR0311,BR3146,2025-10-08,Express,Parcel,3.53,498,491.56,Delivered,2025-10-10,2025-10-13
SHP004664,CUST04246,PART4876,BR4985,BR3715,2025-09-07,Economy,Clothing,3.33,2098,1287.16,Delayed,2025-09-14,2025-09-16
SHP004665,CUST03604,PART2313,BR4503,BR1516,2025-09-01,Express,Parcel,3.59,1888,1257.38,Returned,2025-09-03,2025-09-06
SHP004666,CUST03742,PART4542,BR0779,BR4625,2025-04-21,Standard,Document,2.93,2133,1297.61,Delivered,2025-04-25,2025-04-27
SHP004667,CUST04579,PART2000,BR2856,BR2814,2025-03-03,Standard,Food,7.98,1799,1225.01,Delivered,2025-03-07,2025-03-09
SHP004668,CUST03174,PART4645,BR0933,BR2955,2025-09-10,Economy,Clothing,2.35,1163,751.35,Delivered,2025-09-17,2025-09-18
SHP004669,CUST03120,PART0910,BR4361,BR1072,2025-06-10,Standard,Clothing,12.3,1126,949.9,Delivered,2025-06-14,2025-06-18
SHP004670,CUST00182,PART3836,BR3928,BR1693,2025-11-06,Same Day,Clothing,1.39,156,306.38,Delivered,2025-11-07,2025-11-09
SHP004671,CUST04090,PART2205,BR1264,BR1436,2025-12-17,Economy,Food,1.85,919,606.15,Delivered,2025-12-24,2025-12-28
SHP004672,CUST04157,PART0716,BR1430,BR1725,2025-10-16,Standard,Clothing,0.69,1609,960.13,Delivered,2025-10-20,2025-10-24
SHP004673,CUST03634,PART4833,BR0600,BR2084,2025-03-31,Economy,Electronics,2.4,2111,1273.85,Returned,2025-04-07,2025-04-06
SHP004674,CUST02896,PART2166,BR0146,BR4248,2025-02-19,Express,Food,2.4,526,482.1,Delivered,2025-02-21,2025-02-20
SHP004675,CUST01036,PART4319,BR3094,BR2999,2025-05-24,Standard,Electronics,2.81,37,142.17,Delivered,2025-05-28,2025-05-27
SHP004676,CUST00623,PART3460,BR0502,BR3743,2025-02-20,Express,Food,6.12,1885,1311.39,Returned,2025-02-22,2025-02-21
SHP004677,CUST03213,PART3946,BR3870,BR0633,2025-06-03,Economy,Fragile,1.35,129,160.65,Delivered,2025-06-10,2025-06-10
SHP004678,CUST03857,PART2416,BR1569,BR2450,2025-02-19,Standard,Document,4.1,531,442.25,Delivered,2025-02-23,2025-02-24
SHP004679,CUST03416,PART1679,BR2429,BR0736,2025-01-31,Same Day,Fragile,2.46,660,607.12,Delivered,2025-02-01,2025-02-04
SHP004680,CUST03420,PART2699,BR1581,BR1804,2025-04-05,Standard,Clothing,1.37,1365,840.89,In Transit,2025-04-09,
SHP004681,CUST04520,PART2051,BR2882,BR4956,2025-06-12,Standard,Food,8.31,720,638.82,Delivered,2025-06-16,2025-06-16
SHP004682,CUST03227,PART1440,BR2313,BR3507,2025-11-20,Express,Electronics,2.85,1391,967.75,In Transit,2025-11-22,
SHP004683,CUST01855,PART0733,BR1366,BR0888,2025-08-17,Standard,Parcel,4.27,571,467.99,Delivered,2025-08-21,2025-08-21
SHP004684,CUST02060,PART4051,BR0513,BR3514,2025-09-21,Same Day,Clothing,2.27,695,622.19,Delivered,2025-09-22,2025-09-25
SHP004685,CUST04666,PART3426,BR2400,BR0635,2025-11-22,Standard,Fragile,4.69,459,415.63,Delivered,2025-11-26,2025-11-29
SHP004686,CUST01651,PART3794,BR4782,BR0264,2025-03-21,Same Day,Electronics,1.65,651,584.35,Delayed,2025-03-22,2025-03-23
SHP004687,CUST04045,PART4590,BR2122,BR2968,2025-02-18,Express,Parcel,3.26,1410,987.22,In Transit,2025-02-20,
SHP004688,CUST00412,PART1612,BR1263,BR0670,2025-04-18,Standard,Food,1.59,1208,759.38,Delivered,2025-04-22,2025-04-24
SHP004689,CUST02861,PART1514,BR0772,BR2720,2025-03-19,Express,Fragile,1.61,365,376.17,Delivered,2025-03-21,2025-03-21
SHP004690,CUST03116,PART3072,BR1657,BR2639,2025-11-13,Economy,Clothing,7.9,1783,1214.45,Out for Delivery,2025-11-20,
SHP004691,CUST01306,PART1610,BR0556,BR0386,2025-12-04,Express,Parcel,3.06,701,592.87,Delivered,2025-12-06,2025-12-07
SHP004692,CUST02376,PART0661,BR1509,BR4170,2025-07-01,Economy,Electronics,3.04,849,593.83,Delayed,2025-07-08,2025-07-12
SHP004693,CUST01768,PART4883,BR2579,BR3522,2025-02-13,Economy,Parcel,2.79,414,349.08,Delivered,2025-02-20,2025-02-19
SHP004694,CUST00972,PART3344,BR3137,BR0028,2025-06-10,Standard,Food,3.13,180,227.86,Delayed,2025-06-14,2025-06-15
SHP004695,CUST01345,PART3750,BR3865,BR4491,2025-07-26,Same Day,Food,4.05,1816,1277.9,Delivered,2025-07-27,2025-07-26
SHP004696,CUST03835,PART2034,BR0019,BR2172,2025-08-16,Same Day,Food,1.68,451,475.01,Returned,2025-08-17,2025-08-17
SHP004697,CUST00530,PART4451,BR0384,BR0795,2025-10-09,Express,Fragile,2.63,1501,1023.41,Delayed,2025-10-11,2025-10-11
SHP004698,CUST00689,PART1699,BR4443,BR2399,2025-12-17,Standard,Food,4.7,1614,1051.1,Cancelled,2025-12-21,
SHP004699,CUST04484,PART4397,BR4762,BR4203,2025-01-03,Same Day,Food,2.46,1302,960.22,Delayed,2025-01-04,2025-01-07
SHP004700,CUST00304,PART3590,BR4947,BR3883,2025-08-20,Standard,Document,2.09,665,471.73,In Transit,2025-08-24,
SHP004701,CUST02538,PART0526,BR3100,BR2439,2025-04-10,Economy,Fragile,4.8,1152,799.2,Out for Delivery,2025-04-17,
SHP004702,CUST04065,PART1756,BR1333,BR2201,2025-05-02,Standard,Parcel,1.25,2095,1239.75,Delivered,2025-05-06,2025-05-08
SHP004703,CUST00990,PART2782,BR4527,BR1594,2025-04-04,Standard,Electronics,5.23,652,533.66,Delivered,2025-04-08,2025-04-11
SHP004704,CUST03105,PART3814,BR1353,BR0404,2025-08-19,Standard,Clothing,4.68,842,626.06,Delivered,2025-08-23,2025-08-22
SHP004705,CUST04826,PART4631,BR4718,BR0322,2025-02-04,Standard,Parcel,1.37,1393,856.29,Delivered,2025-02-08,2025-02-11
SHP004706,CUST00570,PART4672,BR0242,BR1602,2025-01-26,Economy,Document,10.47,312,461.94,Delivered,2025-02-02,2025-02-03
SHP004707,CUST04980,PART2948,BR1202,BR0730,2025-07-18,Standard,Parcel,0.77,207,190.79,In Transit,2025-07-22,
SHP004708,CUST02491,PART2467,BR0347,BR2460,2025-10-12,Standard,Clothing,3.74,816,591.08,Delivered,2025-10-16,2025-10-17
SHP004709,CUST04160,PART4458,BR0897,BR1230,2025-08-27,Standard,Clothing,4.17,828,607.14,In Transit,2025-08-31,
SHP004710,CUST04280,PART1187,BR3510,BR1678,2025-04-27,Standard,Fragile,2.75,394,337.2,Delivered,2025-05-01,2025-05-04
SHP004711,CUST00369,PART4898,BR1223,BR3191,2025-05-29,Standard,Parcel,5.78,1191,842.21,Delivered,2025-06-02,2025-06-04
SHP004712,CUST02743,PART2819,BR2529,BR2575,2025-12-22,Standard,Electronics,2.96,189,229.07,In Transit,2025-12-26,
SHP004713,CUST03381,PART2791,BR3100,BR0122,2025-07-17,Standard,Electronics,4.11,1797,1138.77,Delivered,2025-07-21,2025-07-22
SHP004714,CUST03303,PART3927,BR2215,BR3175,2025-08-30,Express,Fragile,4.47,394,455.04,Delivered,2025-09-01,2025-08-31
SHP004715,CUST03537,PART4105,BR1431,BR3898,2025-12-05,Standard,Fragile,4.7,1574,1029.1,Delivered,2025-12-09,2025-12-12
SHP004716,CUST01740,PART3993,BR0349,BR4036,2025-07-08,Standard,Clothing,2.61,355,312.67,Delivered,2025-07-12,2025-07-16
SHP004717,CUST02452,PART1110,BR3266,BR1043,2025-05-15,Express,Clothing,1.99,2030,1300.28,Out for Delivery,2025-05-17,
SHP004718,CUST02217,PART3591,BR3330,BR4605,2025-11-14,Standard,Parcel,1.65,2016,1205.1,Delivered,2025-11-18,2025-11-19
SHP004719,CUST00161,PART1891,BR0658,BR4578,2025-09-08,Standard,Food,2.46,647,469.97,Delivered,2025-09-12,2025-09-13
SHP004720,CUST01599,PART1914,BR4022,BR4399,2025-10-28,Same Day,Clothing,2.7,1963,1329.05,Out for Delivery,2025-10-29,
SHP004721,CUST02131,PART1662,BR1916,BR3875,2025-09-02,Same Day,Parcel,3.35,238,394.6,Delivered,2025-09-03,2025-09-04
SHP004722,CUST03577,PART4825,BR1434,BR1670,2025-06-29,Same Day,Document,0.89,839,671.03,Delivered,2025-06-30,2025-07-04
SHP004723,CUST03656,PART1289,BR2057,BR0328,2025-03-21,Standard,Document,3.48,726,535.86,Out for Delivery,2025-03-25,
SHP004724,CUST00768,PART2354,BR0501,BR1688,2025-10-28,Express,Electronics,2.57,1533,1039.69,Delivered,2025-10-30,2025-10-30
SHP004725,CUST02239,PART3988,BR4647,BR2078,2025-05-10,Economy,Electronics,8.25,1254,931.2,Returned,2025-05-17,2025-05-18
SHP004726,CUST02889,PART1658,BR4427,BR4267,2025-01-04,Standard,Clothing,1.86,843,564.57,Delivered,2025-01-08,2025-01-08
SHP004727,CUST01028,PART2845,BR0181,BR1424,2025-04-25,Standard,Parcel,1.07,17,92.89,Delivered,2025-04-29,2025-04-28
SHP004728,CUST01631,PART3841,BR2950,BR3323,2025-09-23,Standard,Document,5.22,1171,818.89,Out for Delivery,2025-09-27,
SHP004729,CUST04116,PART2854,BR3193,BR0533,2025-07-27,Express,Parcel,2.29,1633,1088.53,Delivered,2025-07-29,2025-08-02
SHP004730,CUST02650,PART0873,BR2421,BR2529,2025-04-13,Standard,Document,2.22,515,392.09,Delivered,2025-04-17,2025-04-18
SHP004731,CUST03150,PART2074,BR3807,BR2011,2025-05-29,Express,Clothing,4.22,514,515.54,Delivered,2025-05-31,2025-05-30
SHP004732,CUST03626,PART3209,BR1736,BR4130,2025-10-28,Standard,Parcel,2.92,324,302.44,In Transit,2025-11-01,
SHP004733,CUST01730,PART4996,BR0175,BR2015,2025-06-25,Standard,Electronics,2.38,1036,682.16,Delayed,2025-06-29,2025-07-01
SHP004734,CUST01156,PART3363,BR1620,BR4081,2025-01-06,Standard,Fragile,1.98,1866,1129.86,Delivered,2025-01-10,2025-01-12
SHP004735,CUST04113,PART3217,BR3705,BR1439,2025-10-09,Standard,Parcel,1.52,1769,1066.39,Delivered,2025-10-13,2025-10-13
SHP004736,CUST01476,PART2676,BR4143,BR4653,2025-05-27,Economy,Electronics,3.37,1767,1105.99,In Transit,2025-06-03,
SHP004737,CUST01156,PART2220,BR1740,BR3676,2025-06-27,Standard,Document,1.14,1671,1004.13,Delivered,2025-07-01,2025-07-02
SHP004738,CUST00266,PART0906,BR4448,BR1932,2025-03-20,Standard,Parcel,0.72,176,172.64,Delivered,2025-03-24,2025-03-23
SHP004739,CUST00540,PART2487,BR3126,BR2725,2025-10-06,Standard,Electronics,5.02,1326,899.74,Cancelled,2025-10-10,
SHP004740,CUST01059,PART0616,BR1584,BR0835,2025-10-24,Standard,Parcel,0.57,416,301.34,In Transit,2025-10-28,
SHP004741,CUST04953,PART2863,BR3886,BR0824,2025-09-12,Same Day,Clothing,3.76,723,670.37,Cancelled,2025-09-13,
SHP004742,CUST03014,PART3863,BR4152,BR1970,2025-08-24,Standard,Electronics,2.68,803,560.61,Out for Delivery,2025-08-28,
SHP004743,CUST04662,PART0276,BR3656,BR3873,2025-10-01,Express,Food,2.36,1881,1226.47,Delivered,2025-10-03,2025-10-06
SHP004744,CUST02062,PART0801,BR0303,BR3768,2025-12-11,Express,Document,2.09,1674,1106.68,Delivered,2025-12-13,2025-12-13
SHP004745,CUST03806,PART0865,BR2931,BR1436,2025-03-08,Same Day,Parcel,4.37,912,787.74,Delivered,2025-03-09,2025-03-12
SHP004746,CUST00772,PART2429,BR3534,BR4182,2025-03-22,Standard,Parcel,4.92,1086,765.54,Delivered,2025-03-26,2025-03-26
SHP004747,CUST00345,PART3600,BR4268,BR0659,2025-09-28,Standard,Document,1.04,1606,966.18,Delivered,2025-10-02,2025-10-04
SHP004748,CUST01005,PART2947,BR1999,BR2924,2025-01-14,Standard,Fragile,4.2,1965,1233.15,Delivered,2025-01-18,2025-01-22
SHP004749,CUST04829,PART3211,BR4880,BR3161,2025-08-15,Standard,Electronics,6.72,29,223.79,Delivered,2025-08-19,2025-08-21
SHP004750,CUST02769,PART4910,BR1714,BR2756,2025-06-13,Standard,Document,4.35,1693,1086.85,Delivered,2025-06-17,2025-06-20
SHP004751,CUST01074,PART3365,BR2466,BR0039,2025-03-27,Express,Fragile,2.52,201,305.99,In Transit,2025-03-29,
SHP004752,CUST02187,PART2156,BR4141,BR0650,2025-11-29,Standard,Parcel,5.16,2166,1364.82,Delivered,2025-12-03,2025-12-06
SHP004753,CUST00200,PART2827,BR0148,BR3178,2025-01-16,Standard,Food,1.92,1029,668.19,Out for Delivery,2025-01-20,
SHP004754,CUST02677,PART0927,BR3320,BR1007,2025-02-06,Standard,Parcel,0.93,2046,1205.76,Cancelled,2025-02-10,
SHP004755,CUST03178,PART2438,BR3775,BR0182,2025-08-04,Standard,Clothing,4.4,1973,1241.95,Delivered,2025-08-08,2025-08-11
SHP004756,CUST01524,PART4395,BR3049,BR3500,2025-06-01,Standard,Electronics,3.44,228,261.08,In Transit,2025-06-05,
SHP004757,CUST02331,PART2340,BR1359,BR4450,2025-12-18,Standard,Fragile,1.98,328,283.96,In Transit,2025-12-22,
SHP004758,CUST04969,PART1516,BR4052,BR1683,2025-04-26,Economy,Food,2.64,1578,985.98,Delivered,2025-05-03,2025-05-04
SHP004759,CUST03407,PART2119,BR1101,BR2466,2025-03-08,Express,Document,2.18,599,517.41,Delivered,2025-03-10,2025-03-10
SHP004760,CUST02068,PART0302,BR4825,BR2645,2025-02-07,Express,Electronics,0.71,50,183.12,In Transit,2025-02-09,
SHP004761,CUST01098,PART2178,BR3619,BR0646,2025-11-10,Standard,Parcel,6.84,832,668.08,Delivered,2025-11-14,2025-11-16
SHP004762,CUST01947,PART4679,BR1551,BR3005,2025-08-04,Standard,Food,8.02,744,645.64,Delivered,2025-08-08,2025-08-08
SHP004763,CUST03354,PART2854,BR3398,BR2052,2025-12-13,Economy,Document,3.75,875,623.75,Delivered,2025-12-20,2025-12-23
SHP004764,CUST00768,PART1589,BR2068,BR2411,2025-01-23,Express,Document,8.25,1711,1262.55,Returned,2025-01-25,2025-01-27
SHP004765,CUST03215,PART2411,BR0184,BR4047,2025-10-03,Standard,Fragile,2.26,1295,821.97,Delivered,2025-10-07,2025-10-09
SHP004766,CUST02066,PART4736,BR2738,BR2793,2025-03-08,Express,Parcel,2.19,1334,921.88,In Transit,2025-03-10,
SHP004767,CUST03735,PART0312,BR4312,BR1063,2025-12-05,Standard,Fragile,2.93,1376,881.26,Delivered,2025-12-09,2025-12-11
SHP004768,CUST00741,PART0086,BR1759,BR4572,2025-10-23,Economy,Document,7.08,1584,1086.96,In Transit,2025-10-30,
SHP004769,CUST00558,PART0137,BR1313,BR1932,2025-05-06,Express,Clothing,3.26,1745,1171.47,Delivered,2025-05-08,2025-05-10
SHP004770,CUST00374,PART4037,BR3919,BR1623,2025-01-01,Economy,Clothing,1.68,1884,1133.16,Delivered,2025-01-08,2025-01-08
SHP004771,CUST02075,PART2879,BR0652,BR3123,2025-02-19,Standard,Food,5.96,2158,1378.02,Delivered,2025-02-23,2025-02-27
SHP004772,CUST00321,PART4576,BR3459,BR3521,2025-01-10,Standard,Electronics,0.95,2139,1257.35,Delivered,2025-01-14,2025-01-14
SHP004773,CUST00832,PART3645,BR4808,BR4617,2025-10-13,Express,Clothing,1.33,288,327.66,In Transit,2025-10-15,
SHP004774,CUST01894,PART4587,BR1223,BR0934,2025-10-12,Express,Fragile,2.14,944,706.28,Delivered,2025-10-14,2025-10-18
SHP004775,CUST04833,PART2301,BR1101,BR2389,2025-01-03,Same Day,Electronics,4.36,345,475.67,Delivered,2025-01-04,2025-01-06
SHP004776,CUST03246,PART3086,BR0976,BR3910,2025-08-24,Express,Food,2.75,1611,1086.55,In Transit,2025-08-26,
SHP004777,CUST02818,PART4251,BR0706,BR4319,2025-05-20,Standard,Document,1.44,335,275.93,Delivered,2025-05-24,2025-05-25
SHP004778,CUST01786,PART4489,BR4733,BR1018,2025-04-03,Standard,Clothing,3.93,1059,728.91,In Transit,2025-04-07,
SHP004779,CUST00041,PART1929,BR2358,BR4555,2025-07-31,Economy,Clothing,3.76,634,491.42,Delivered,2025-08-07,2025-08-07
SHP004780,CUST01940,PART2879,BR2632,BR4992,2025-02-13,Standard,Parcel,1.26,952,611.32,Delivered,2025-02-17,2025-02-21
SHP004781,CUST03195,PART0102,BR0127,BR2598,2025-03-18,Standard,Food,5.25,1017,734.85,Delivered,2025-03-22,2025-03-21
SHP004782,CUST00432,PART0940,BR1821,BR1516,2025-01-03,Standard,Electronics,0.56,899,566.77,Returned,2025-01-07,2025-01-06
SHP004783,CUST04977,PART3672,BR0098,BR1641,2025-11-10,Express,Electronics,0.93,394,377.16,In Transit,2025-11-12,
SHP004784,CUST04417,PART0585,BR1041,BR3637,2025-03-13,Standard,Clothing,3.84,1770,1117.98,Delivered,2025-03-17,2025-03-18
SHP004785,CUST00655,PART3860,BR1138,BR0438,2025-02-26,Same Day,Parcel,1.86,196,338.72,In Transit,2025-02-27,
SHP004786,CUST04610,PART0880,BR2282,BR2399,2025-09-10,Same Day,Parcel,2.99,329,436.73,Delivered,2025-09-11,2025-09-12
SHP004787,CUST00710,PART2514,BR4118,BR1970,2025-05-23,Economy,Clothing,6.92,102,268.34,Delivered,2025-05-30,2025-05-30
SHP004788,CUST01083,PART4037,BR1064,BR2078,2025-09-30,Same Day,Parcel,1.13,112,276.46,Delayed,2025-10-01,2025-10-04
SHP004789,CUST00544,PART2829,BR0067,BR3107,2025-04-07,Standard,Fragile,6.48,1590,1077.06,Cancelled,2025-04-11,
SHP004790,CUST02194,PART2830,BR3522,BR3709,2025-09-29,Express,Fragile,1.98,2198,1392.46,Delayed,2025-10-01,2025-10-05
SHP004791,CUST03269,PART4348,BR3176,BR1819,2025-02-11,Standard,Electronics,1.06,2187,1286.17,Delivered,2025-02-15,2025-02-14
SHP004792,CUST05000,PART0481,BR3825,BR1336,2025-09-01,Standard,Document,6.29,146,278.68,Delivered,2025-09-05,2025-09-04
SHP004793,CUST04529,PART2030,BR4810,BR4188,2025-04-10,Standard,Food,2.3,1099,715.05,Delivered,2025-04-14,2025-04-16
SHP004794,CUST02551,PART2530,BR3923,BR1242,2025-03-05,Standard,Document,1.22,1541,934.39,Out for Delivery,2025-03-09,
SHP004795,CUST00925,PART4721,BR4735,BR0454,2025-04-30,Standard,Clothing,1.23,846,552.36,In Transit,2025-05-04,
SHP004796,CUST00791,PART3200,BR3750,BR1697,2025-01-04,Standard,Document,9.37,2007,1369.99,Delivered,2025-01-08,2025-01-09
SHP004797,CUST04321,PART2000,BR2523,BR1874,2025-04-27,Standard,Food,9.1,511,541.25,Delivered,2025-05-01,2025-05-05
SHP004798,CUST01380,PART4704,BR3286,BR2156,2025-11-22,Standard,Fragile,4.59,538,456.88,Delivered,2025-11-26,2025-11-25
SHP004799,CUST04555,PART0243,BR1479,BR3654,2025-04-30,Same Day,Electronics,1.37,363,419.79,Delivered,2025-05-01,2025-05-03
SHP004800,CUST04528,PART2108,BR0099,BR4510,2025-05-23,Standard,Food,3.13,830,585.36,In Transit,2025-05-27,
SHP004801,CUST01617,PART0806,BR2080,BR0078,2025-10-12,Express,Parcel,3.06,981,746.87,In Transit,2025-10-14,
SHP004802,CUST03757,PART2131,BR1398,BR2869,2025-04-25,Standard,Fragile,4.04,1134,772.58,Delivered,2025-04-29,2025-05-02
SHP004803,CUST03810,PART0036,BR3528,BR2637,2025-07-31,Standard,Clothing,2.0,127,173.85,Delivered,2025-08-04,2025-08-03
SHP004804,CUST01853,PART0082,BR4389,BR1793,2025-12-05,Standard,Food,1.91,1779,1080.47,Delivered,2025-12-09,2025-12-13
SHP004805,CUST00848,PART3358,BR2058,BR4757,2025-11-19,Standard,Parcel,2.91,1236,803.82,Delivered,2025-11-23,2025-11-25
SHP004806,CUST00519,PART4883,BR1894,BR0914,2025-07-07,Standard,Fragile,1.46,526,381.42,Delivered,2025-07-11,2025-07-14
SHP004807,CUST02574,PART4065,BR3027,BR3174,2025-02-01,Economy,Parcel,5.0,1765,1140.75,Delivered,2025-02-08,2025-02-07
SHP004808,CUST04265,PART2157,BR3216,BR0236,2025-08-10,Same Day,Parcel,3.15,741,666.85,In Transit,2025-08-11,
SHP004809,CUST00114,PART2067,BR4941,BR4368,2025-02-02,Standard,Food,1.28,493,359.31,Delivered,2025-02-06,2025-02-08
SHP004810,CUST04008,PART2310,BR3911,BR2185,2025-09-13,Standard,Document,1.54,273,244.03,Delivered,2025-09-17,2025-09-17
SHP004811,CUST02629,PART4100,BR2946,BR0489,2025-04-09,Express,Food,0.93,1833,1168.61,In Transit,2025-04-11,
SHP004812,CUST01583,PART2178,BR1956,BR4179,2025-12-05,Standard,Parcel,0.69,1382,835.28,Returned,2025-12-09,2025-12-11
SHP004813,CUST02085,PART1654,BR3171,BR0400,2025-09-14,Express,Document,3.45,323,393.55,Delivered,2025-09-16,2025-09-18
SHP004814,CUST03733,PART2391,BR1507,BR3873,2025-03-21,Standard,Clothing,1.81,2000,1199.82,Delivered,2025-03-25,2025-03-28
SHP004815,CUST02547,PART3544,BR0300,BR4910,2025-03-06,Express,Parcel,4.09,560,537.98,Delayed,2025-03-08,2025-03-12
SHP004816,CUST01926,PART2168,BR1858,BR1884,2025-06-03,Standard,Electronics,0.51,393,287.37,Delivered,2025-06-07,2025-06-10
SHP004817,CUST02445,PART4253,BR2944,BR0902,2025-01-27,Standard,Food,3.59,892,629.58,Delivered,2025-01-31,2025-01-31
SHP004818,CUST03499,PART3507,BR1490,BR4331,2025-11-06,Economy,Parcel,1.96,428,338.52,Delivered,2025-11-13,2025-11-14
SHP004819,CUST04567,PART1753,BR0135,BR3125,2025-02-15,Standard,Clothing,3.59,227,263.83,In Transit,2025-02-19,
SHP004820,CUST01251,PART0955,BR1293,BR1598,2025-10-08,Economy,Food,3.22,1110,741.34,Delivered,2025-10-15,2025-10-17
SHP004821,CUST04471,PART0680,BR1033,BR3805,2025-01-19,Express,Parcel,4.06,1202,890.42,Delivered,2025-01-21,2025-01-22
SHP004822,CUST03874,PART3523,BR2249,BR1914,2025-05-17,Express,Clothing,1.6,786,607.5,Delivered,2025-05-19,2025-05-19
SHP004823,CUST03861,PART4790,BR0836,BR1372,2025-08-27,Same Day,Document,2.71,1146,879.92,Returned,2025-08-28,2025-09-01
SHP004824,CUST04027,PART1838,BR1669,BR1668,2025-07-02,Standard,Parcel,2.62,765,538.39,Delivered,2025-07-06,2025-07-10
SHP004825,CUST00196,PART1619,BR0360,BR1794,2025-05-19,Standard,Parcel,3.68,1696,1073.76,Delivered,2025-05-23,2025-05-22
SHP004826,CUST04438,PART2867,BR2634,BR0872,2025-08-09,Express,Fragile,8.11,546,618.72,Delivered,2025-08-11,2025-08-10
SHP004827,CUST02037,PART2575,BR3710,BR3930,2025-11-10,Express,Document,2.5,529,485.95,Out for Delivery,2025-11-12,
SHP004828,CUST04277,PART2188,BR0509,BR3406,2025-01-28,Express,Document,1.71,682,552.72,Returned,2025-01-30,2025-01-29
SHP004829,CUST01275,PART4389,BR3264,BR1294,2025-08-26,Economy,Document,1.8,757,515.95,Delivered,2025-09-02,2025-09-02
SHP004830,CUST03079,PART2829,BR2194,BR0666,2025-04-08,Express,Document,1.95,193,289.05,Returned,2025-04-10,2025-04-12
SHP004831,CUST02130,PART2565,BR1714,BR0246,2025-11-29,Standard,Fragile,2.81,1568,984.22,Returned,2025-12-03,2025-12-06
SHP004832,CUST04831,PART2354,BR4210,BR3613,2025-01-21,Express,Food,2.8,2125,1370.35,Cancelled,2025-01-23,
SHP004833,CUST02889,PART2508,BR3371,BR4347,2025-06-19,Express,Fragile,3.96,1686,1154.42,Cancelled,2025-06-21,
SHP004834,CUST03511,PART3173,BR0300,BR3876,2025-05-02,Standard,Fragile,4.33,1178,803.16,Out for Delivery,2025-05-06,
SHP004835,CUST02357,PART1337,BR4754,BR2159,2025-12-09,Standard,Fragile,5.52,1663,1096.09,Delivered,2025-12-13,2025-12-13
SHP004836,CUST03068,PART4321,BR0704,BR0948,2025-11-19,Express,Document,4.19,1877,1264.53,Out for Delivery,2025-11-21,
SHP004837,CUST00992,PART2118,BR1234,BR3034,2025-10-02,Express,Document,6.13,617,614.21,Delivered,2025-10-04,2025-10-06
SHP004838,CUST01531,PART4850,BR3363,BR4218,2025-09-18,Economy,Electronics,3.86,74,185.62,Delivered,2025-09-25,2025-09-27
SHP004839,CUST04588,PART3315,BR0905,BR0526,2025-02-03,Express,Fragile,3.23,1784,1192.26,Delivered,2025-02-05,2025-02-07
SHP004840,CUST03944,PART3933,BR3519,BR4276,2025-11-03,Express,Clothing,0.84,1002,709.58,Delivered,2025-11-05,2025-11-06
SHP004841,CUST04415,PART4646,BR1247,BR1275,2025-06-19,Express,Clothing,2.84,2110,1362.98,Delivered,2025-06-21,2025-06-21
SHP004842,CUST03360,PART0480,BR2523,BR0109,2025-10-26,Economy,Food,2.1,1939,1172.65,Delivered,2025-11-02,2025-11-02
SHP004843,CUST01998,PART4339,BR2758,BR1677,2025-10-16,Economy,Fragile,3.26,1619,1022.17,Delivered,2025-10-23,2025-10-24
SHP004844,CUST00564,PART2108,BR1773,BR3646,2025-11-25,Express,Food,13.09,593,754.13,In Transit,2025-11-27,
SHP004845,CUST02673,PART3778,BR0763,BR0864,2025-11-19,Express,Electronics,3.41,692,595.62,Delivered,2025-11-21,2025-11-24
SHP004846,CUST00770,PART2302,BR4625,BR4196,2025-04-04,Express,Fragile,2.95,623,547.55,In Transit,2025-04-06,
SHP004847,CUST00162,PART2056,BR2885,BR3327,2025-01-21,Standard,Document,5.9,1051,767.85,Delivered,2025-01-25,2025-01-28
SHP004848,CUST04202,PART1328,BR3486,BR0964,2025-04-20,Standard,Document,2.87,1156,758.94,Out for Delivery,2025-04-24,
SHP004849,CUST01619,PART4090,BR2112,BR4875,2025-08-27,Economy,Electronics,0.86,772,503.52,Delayed,2025-09-03,2025-09-06
SHP004850,CUST04130,PART4251,BR4373,BR4620,2025-08-06,Same Day,Document,4.67,2072,1432.34,Delivered,2025-08-07,2025-08-09
SHP004851,CUST01632,PART0004,BR0217,BR4289,2025-03-04,Same Day,Parcel,1.61,1486,1042.72,Delayed,2025-03-05,2025-03-09
SHP004852,CUST01304,PART1574,BR4492,BR4784,2025-11-19,Economy,Clothing,1.61,2117,1259.77,Delivered,2025-11-26,2025-11-30
SHP004853,CUST00733,PART1229,BR3727,BR2289,2025-09-24,Express,Parcel,6.58,1503,1111.41,Delivered,2025-09-26,2025-09-26
SHP004854,CUST03105,PART1637,BR1336,BR3621,2025-07-10,Same Day,Electronics,2.45,228,369.3,Delivered,2025-07-11,2025-07-13
SHP004855,CUST02075,PART0705,BR1616,BR4720,2025-10-22,Standard,Food,5.63,427,418.71,In Transit,2025-10-26,
SHP004856,CUST01762,PART2581,BR3517,BR0855,2025-07-21,Express,Electronics,4.1,966,761.5,Delivered,2025-07-23,2025-07-23
SHP004857,CUST02164,PART4681,BR1346,BR2945,2025-11-12,Standard,Clothing,0.98,68,118.96,In Transit,2025-11-16,
SHP004858,CUST01268,PART0302,BR4447,BR0068,2025-01-01,Standard,Electronics,8.26,777,669.07,Delivered,2025-01-05,2025-01-04
SHP004859,CUST00297,PART2772,BR1300,BR1739,2025-02-19,Same Day,Parcel,5.44,1696,1242.48,Delivered,2025-02-20,2025-02-22
SHP004860,CUST04050,PART0578,BR4098,BR1966,2025-05-08,Standard,Document,2.03,389,318.61,Delivered,2025-05-12,2025-05-13
SHP004861,CUST02999,PART0836,BR3173,BR3616,2025-03-12,Economy,Parcel,4.78,1435,954.41,Delayed,2025-03-19,2025-03-23
SHP004862,CUST01216,PART4924,BR3686,BR3751,2025-05-25,Standard,Clothing,6.23,2091,1347.11,Delivered,2025-05-29,2025-05-30
SHP004863,CUST04726,PART0852,BR3368,BR4342,2025-08-13,Standard,Food,1.6,631,442.25,Delivered,2025-08-17,2025-08-16
SHP004864,CUST03269,PART3704,BR0600,BR1910,2025-08-10,Economy,Electronics,2.8,495,393.85,Delivered,2025-08-17,2025-08-19
SHP004865,CUST04432,PART1878,BR0070,BR4333,2025-01-31,Standard,Clothing,2.5,933,628.15,Delivered,2025-02-04,2025-02-03
SHP004866,CUST00442,PART1832,BR1277,BR4693,2025-12-24,Express,Electronics,3.47,2136,1391.14,Delivered,2025-12-26,2025-12-25
SHP004867,CUST00861,PART3925,BR2047,BR2023,2025-04-22,Standard,Clothing,1.81,2056,1230.62,Out for Delivery,2025-04-26,
SHP004868,CUST04717,PART4030,BR0301,BR0387,2025-12-12,Standard,Electronics,2.75,604,452.7,Delivered,2025-12-16,2025-12-18
SHP004869,CUST01021,PART2876,BR0481,BR2200,2025-05-26,Express,Parcel,3.17,394,426.44,Cancelled,2025-05-28,
SHP004870,CUST04955,PART1494,BR2771,BR1642,2025-04-18,Express,Document,4.07,2084,1375.74,Delivered,2025-04-20,2025-04-24
SHP004871,CUST03314,PART1342,BR1421,BR3294,2025-03-14,Standard,Parcel,3.67,2116,1304.54,In Transit,2025-03-18,
SHP004872,CUST02238,PART1161,BR0933,BR4043,2025-04-02,Standard,Parcel,2.27,816,558.74,Delivered,2025-04-06,2025-04-07
SHP004873,CUST01476,PART3028,BR3898,BR3743,2025-07-18,Standard,Electronics,4.4,1855,1177.05,Delivered,2025-07-22,2025-07-23
SHP004874,CUST01299,PART2946,BR2801,BR0260,2025-01-26,Same Day,Food,2.7,1618,1139.3,Delivered,2025-01-27,2025-01-27
SHP004875,CUST03120,PART2532,BR1041,BR4615,2025-04-22,Standard,Clothing,4.1,479,413.65,Delivered,2025-04-26,2025-04-26
SHP004876,CUST00241,PART2197,BR2075,BR0715,2025-04-06,Standard,Parcel,2.48,87,162.41,Delivered,2025-04-10,2025-04-11
SHP004877,CUST02738,PART2221,BR3090,BR4712,2025-10-12,Economy,Food,3.58,1766,1110.06,Delivered,2025-10-19,2025-10-23
SHP004878,CUST01942,PART3496,BR3854,BR2992,2025-04-09,Standard,Parcel,2.98,387,338.41,Delivered,2025-04-13,2025-04-15
SHP004879,CUST04056,PART1132,BR1160,BR0519,2025-11-08,Standard,Parcel,3.61,235,268.67,Delivered,2025-11-12,2025-11-11
SHP004880,CUST04028,PART3817,BR4028,BR1985,2025-12-13,Express,Parcel,4.57,1946,1310.84,Out for Delivery,2025-12-15,
SHP004881,CUST03645,PART3258,BR1407,BR4703,2025-08-27,Express,Fragile,0.97,831,618.39,Delivered,2025-08-29,2025-08-28
SHP004882,CUST03812,PART4337,BR2011,BR4809,2025-11-10,Standard,Fragile,2.28,663,474.81,Delivered,2025-11-14,2025-11-16
SHP004883,CUST01024,PART0874,BR4041,BR4667,2025-11-20,Same Day,Food,1.61,1713,1167.57,Delivered,2025-11-21,2025-11-23
SHP004884,CUST04163,PART2779,BR1401,BR0187,2025-09-11,Standard,Parcel,1.42,1884,1127.44,Returned,2025-09-15,2025-09-17
SHP004885,CUST02974,PART0242,BR1252,BR1894,2025-01-31,Same Day,Fragile,3.91,411,502.07,Out for Delivery,2025-02-01,
SHP004886,CUST00449,PART3371,BR1319,BR1551,2025-04-08,Standard,Food,3.24,876,613.08,Delayed,2025-04-12,2025-04-16
SHP004887,CUST02529,PART4120,BR0256,BR4035,2025-08-25,Standard,Parcel,4.0,1261,841.55,Delivered,2025-08-29,2025-08-31
SHP004888,CUST01419,PART4779,BR4338,BR0676,2025-06-23,Express,Parcel,1.24,2184,1368.48,Delayed,2025-06-25,2025-06-27
SHP004889,CUST03391,PART2390,BR2316,BR1218,2025-05-21,Standard,Document,2.28,815,558.41,Delivered,2025-05-25,2025-05-25
SHP004890,CUST00375,PART2199,BR4678,BR0446,2025-11-17,Standard,Document,0.75,1619,966.95,Delivered,2025-11-21,2025-11-23
SHP004891,CUST04948,PART3325,BR2776,BR0718,2025-07-31,Standard,Fragile,4.31,960,682.82,Delivered,2025-08-04,2025-08-05
SHP004892,CUST04379,PART1658,BR4735,BR0879,2025-02-03,Economy,Electronics,0.86,1723,1026.57,Returned,2025-02-10,2025-02-10
SHP004893,CUST02515,PART3885,BR2669,BR2774,2025-10-14,Express,Parcel,0.27,1722,1093.04,Returned,2025-10-16,2025-10-16
SHP004894,CUST02723,PART1583,BR3491,BR4302,2025-11-13,Standard,Document,0.99,243,215.43,Delivered,2025-11-17,2025-11-21
SHP004895,CUST02984,PART1321,BR3626,BR0124,2025-12-13,Same Day,Food,0.95,409,435.85,Returned,2025-12-14,2025-12-14
SHP004896,CUST04842,PART4208,BR2964,BR3156,2025-12-12,Economy,Food,3.21,623,473.27,Delivered,2025-12-19,2025-12-21
SHP004897,CUST04070,PART0503,BR1211,BR4505,2025-07-09,Standard,Document,6.63,96,258.66,Cancelled,2025-07-13,
SHP004898,CUST01416,PART1453,BR3760,BR3965,2025-05-23,Express,Document,3.89,1880,1259.58,Delivered,2025-05-25,2025-05-28
SHP004899,CUST01148,PART4283,BR3587,BR3216,2025-01-27,Standard,Electronics,2.89,2000,1223.58,In Transit,2025-01-31,
SHP004900,CUST00077,PART4535,BR2501,BR2207,2025-02-11,Express,Electronics,3.07,728,607.94,Delivered,2025-02-13,2025-02-16
SHP004901,CUST03640,PART3329,BR1680,BR1965,2025-11-16,Standard,Document,1.14,1996,1182.88,In Transit,2025-11-20,
SHP004902,CUST02392,PART1497,BR1013,BR3498,2025-06-16,Standard,Parcel,5.28,441,418.71,Delivered,2025-06-20,2025-06-22
SHP004903,CUST01376,PART4414,BR1640,BR1221,2025-05-09,Express,Electronics,1.83,1416,959.06,In Transit,2025-05-11,
SHP004904,CUST02856,PART3864,BR2747,BR1258,2025-08-07,Same Day,Food,2.63,2113,1410.01,Delivered,2025-08-08,2025-08-10
SHP004905,CUST03380,PART3060,BR2912,BR0275,2025-12-16,Economy,Fragile,4.16,1017,710.87,Delivered,2025-12-23,2025-12-26
SHP004906,CUST00053,PART2157,BR1767,BR3730,2025-03-17,Same Day,Parcel,9.45,405,620.65,Delivered,2025-03-18,2025-03-19
SHP004907,CUST01810,PART2560,BR0724,BR1451,2025-01-09,Standard,Clothing,2.51,801,555.77,Delivered,2025-01-13,2025-01-13
SHP004908,CUST02319,PART2937,BR3622,BR0158,2025-07-15,Express,Document,1.95,821,634.45,Delivered,2025-07-17,2025-07-17
SHP004909,CUST00795,PART2458,BR4906,BR2041,2025-10-14,Standard,Parcel,2.2,1266,804.7,Delivered,2025-10-18,2025-10-19
SHP004910,CUST03507,PART3185,BR2004,BR4280,2025-11-01,Standard,Electronics,4.5,541,456.55,Out for Delivery,2025-11-05,
SHP004911,CUST03009,PART2018,BR4005,BR0258,2025-06-17,Standard,Clothing,6.27,940,714.94,In Transit,2025-06-21,
SHP004912,CUST00253,PART0488,BR4415,BR3173,2025-01-03,Same Day,Parcel,7.59,1259,1049.43,In Transit,2025-01-04,
SHP004913,CUST00975,PART2210,BR2363,BR1788,2025-05-25,Standard,Electronics,6.11,826,648.72,Delivered,2025-05-29,2025-05-30
SHP004914,CUST02618,PART2820,BR0878,BR2615,2025-06-19,Same Day,Clothing,4.44,142,365.78,Out for Delivery,2025-06-20,
SHP004915,CUST02454,PART3725,BR2011,BR2780,2025-08-24,Standard,Clothing,2.06,1976,1192.12,Out for Delivery,2025-08-28,
SHP004916,CUST04298,PART2864,BR4272,BR0974,2025-12-27,Express,Food,1.28,859,640.61,Out for Delivery,2025-12-29,
SHP004917,CUST03544,PART1737,BR4575,BR0567,2025-08-25,Standard,Clothing,3.64,1234,818.78,In Transit,2025-08-29,
SHP004918,CUST01469,PART2800,BR0314,BR3281,2025-01-11,Standard,Clothing,2.14,2127,1276.93,Delivered,2025-01-15,2025-01-15
SHP004919,CUST01965,PART0486,BR1231,BR2988,2025-01-08,Standard,Parcel,2.65,266,264.6,Delayed,2025-01-12,2025-01-11
SHP004920,CUST03663,PART2248,BR3437,BR0123,2025-02-04,Economy,Parcel,2.88,648,479.76,In Transit,2025-02-11,
SHP004921,CUST01230,PART3376,BR4379,BR1283,2025-08-17,Standard,Fragile,7.18,999,767.41,Delivered,2025-08-21,2025-08-25
SHP004922,CUST03117,PART3363,BR0437,BR1778,2025-10-10,Standard,Clothing,1.74,287,256.13,Delivered,2025-10-14,2025-10-13
SHP004923,CUST04506,PART3815,BR2396,BR2941,2025-12-15,Standard,Document,0.37,1965,1148.89,In Transit,2025-12-19,
SHP004924,CUST03281,PART1946,BR2970,BR3059,2025-11-25,Standard,Electronics,1.64,2042,1219.18,Delivered,2025-11-29,2025-11-28
SHP004925,CUST01808,PART1897,BR4391,BR0511,2025-03-14,Standard,Document,1.72,1352,841.44,Out for Delivery,2025-03-18,
SHP004926,CUST02513,PART2468,BR2555,BR0453,2025-05-10,Express,Food,1.92,1848,1198.64,Delivered,2025-05-12,2025-05-16
SHP004927,CUST00523,PART3060,BR4558,BR1484,2025-03-02,Same Day,Document,5.32,2148,1488.44,Delivered,2025-03-03,2025-03-04
SHP004928,CUST00974,PART3901,BR1648,BR2481,2025-09-15,Standard,Clothing,2.57,315,289.79,Delivered,2025-09-19,2025-09-19
SHP004929,CUST03920,PART1649,BR4491,BR0663,2025-08-04,Same Day,Food,2.35,886,729.0,Delivered,2025-08-05,2025-08-07
SHP004930,CUST02955,PART2824,BR3327,BR3732,2025-08-18,Standard,Document,1.02,1501,907.99,Delivered,2025-08-22,2025-08-25
SHP004931,CUST02274,PART1709,BR1917,BR1678,2025-12-12,Standard,Clothing,2.5,1048,691.4,In Transit,2025-12-16,
SHP004932,CUST04197,PART2228,BR0904,BR0798,2025-06-10,Standard,Clothing,2.32,1755,1076.29,Cancelled,2025-06-14,
SHP004933,CUST04512,PART4802,BR0627,BR4503,2025-11-07,Standard,Parcel,6.48,894,694.26,In Transit,2025-11-11,
SHP004934,CUST01367,PART3680,BR3585,BR0784,2025-07-01,Standard,Parcel,1.21,1375,842.87,Delivered,2025-07-05,2025-07-09
SHP004935,CUST02172,PART3519,BR1473,BR3133,2025-10-23,Express,Food,2.92,1712,1145.84,Delivered,2025-10-25,2025-10-24
SHP004936,CUST03473,PART2634,BR0929,BR0577,2025-11-28,Economy,Electronics,2.73,1147,750.91,Delivered,2025-12-05,2025-12-06
SHP004937,CUST02160,PART0539,BR3065,BR4255,2025-09-30,Same Day,Clothing,2.81,2166,1443.12,Delivered,2025-10-01,2025-10-05
SHP004938,CUST00268,PART4847,BR0952,BR2501,2025-02-02,Same Day,Clothing,1.16,1049,792.47,In Transit,2025-02-03,
SHP004939,CUST02590,PART2171,BR2195,BR0885,2025-04-22,Economy,Clothing,2.23,319,284.51,Delivered,2025-04-29,2025-05-03
SHP004940,CUST00937,PART4887,BR4700,BR1867,2025-06-02,Standard,Fragile,1.48,1893,1133.71,Delivered,2025-06-06,2025-06-06
SHP004941,CUST03486,PART0892,BR2399,BR2767,2025-11-10,Economy,Food,10.42,1519,1124.69,Delivered,2025-11-17,2025-11-17
SHP004942,CUST04508,PART2917,BR0661,BR4852,2025-12-18,Express,Fragile,1.29,888,656.78,Delivered,2025-12-20,2025-12-21
SHP004943,CUST03629,PART2598,BR0790,BR2748,2025-11-30,Express,Document,1.15,1875,1196.55,Delivered,2025-12-02,2025-12-02
SHP004944,CUST03377,PART1570,BR0631,BR3855,2025-12-18,Standard,Fragile,2.56,1100,721.32,Delivered,2025-12-22,2025-12-22
SHP004945,CUST00732,PART4665,BR4787,BR2357,2025-12-18,Standard,Fragile,2.42,306,281.54,Delivered,2025-12-22,2025-12-21
SHP004946,CUST04790,PART1381,BR1544,BR3975,2025-05-14,Economy,Document,5.11,607,506.27,In Transit,2025-05-21,
SHP004947,CUST02658,PART4712,BR0324,BR2069,2025-12-16,Economy,Clothing,6.82,2120,1376.04,Delivered,2025-12-23,2025-12-26
SHP004948,CUST01984,PART2826,BR3975,BR1068,2025-02-03,Standard,Electronics,4.31,1446,950.12,In Transit,2025-02-07,
SHP004949,CUST04115,PART1211,BR0229,BR3288,2025-05-20,Express,Electronics,3.26,209,326.67,In Transit,2025-05-22,
SHP004950,CUST01188,PART1971,BR1360,BR1663,2025-04-28,Same Day,Fragile,4.14,197,389.43,Out for Delivery,2025-04-29,
SHP004951,CUST01043,PART2737,BR1341,BR2497,2025-10-31,Standard,Parcel,4.57,1918,1215.44,Delayed,2025-11-04,2025-11-06
SHP004952,CUST01942,PART4533,BR4959,BR0958,2025-02-19,Standard,Document,5.01,1489,989.17,In Transit,2025-02-23,
SHP004953,CUST02222,PART1872,BR3018,BR4253,2025-08-18,Standard,Clothing,5.32,1164,817.24,In Transit,2025-08-22,
SHP004954,CUST03583,PART4691,BR4597,BR1599,2025-04-20,Standard,Electronics,1.56,1791,1079.37,In Transit,2025-04-24,
SHP004955,CUST00032,PART2400,BR1166,BR0625,2025-02-15,Economy,Document,4.01,1555,1003.47,Delivered,2025-02-22,2025-02-23
SHP004956,CUST00477,PART0382,BR1734,BR2200,2025-10-22,Express,Parcel,3.5,721,613.55,In Transit,2025-10-24,
SHP004957,CUST03253,PART2486,BR1407,BR1669,2025-02-28,Express,Clothing,0.94,834,619.38,Cancelled,2025-03-02,
SHP004958,CUST03931,PART2143,BR2416,BR2710,2025-09-06,Standard,Food,3.48,1943,1205.21,In Transit,2025-09-10,
SHP004959,CUST00577,PART1395,BR1252,BR4218,2025-09-22,Standard,Fragile,2.64,298,281.98,Delivered,2025-09-26,2025-09-30
SHP004960,CUST00803,PART3275,BR0927,BR1281,2025-12-23,Economy,Fragile,1.87,376,307.94,In Transit,2025-12-30,
SHP004961,CUST01787,PART3568,BR2966,BR4832,2025-04-20,Express,Fragile,3.95,2003,1328.55,Delivered,2025-04-22,2025-04-24
SHP004962,CUST04020,PART2913,BR3506,BR1409,2025-12-19,Standard,Clothing,3.38,1065,720.11,Delivered,2025-12-23,2025-12-24
SHP004963,CUST00528,PART1443,BR0594,BR0334,2025-03-16,Standard,Fragile,1.19,1018,646.08,Delivered,2025-03-20,2025-03-23
SHP004964,CUST02554,PART3818,BR1322,BR1061,2025-11-26,Standard,Clothing,0.62,169,166.59,Delivered,2025-11-30,2025-12-04
SHP004965,CUST00361,PART0432,BR4270,BR3977,2025-11-30,Express,Document,2.65,774,624.0,In Transit,2025-12-02,
SHP004966,CUST00369,PART0925,BR4346,BR2987,2025-07-22,Standard,Document,3.13,1581,998.41,Delivered,2025-07-26,2025-07-26
SHP004967,CUST04199,PART4688,BR2075,BR4052,2025-10-04,Standard,Fragile,0.62,487,341.49,Returned,2025-10-08,2025-10-08
SHP004968,CUST03368,PART3252,BR0590,BR1589,2025-11-07,Same Day,Document,3.08,811,703.81,Delivered,2025-11-08,2025-11-08
SHP004969,CUST00933,PART4696,BR2993,BR2608,2025-04-21,Express,Electronics,3.1,42,231.3,In Transit,2025-04-23,
SHP004970,CUST02528,PART2442,BR0059,BR1661,2025-10-24,Express,Parcel,10.19,2021,1475.73,Delivered,2025-10-26,2025-10-29
SHP004971,CUST00459,PART3688,BR3603,BR1069,2025-10-22,Same Day,Document,4.51,1630,1185.72,Delivered,2025-10-23,2025-10-25
SHP004972,CUST00340,PART2627,BR3785,BR1365,2025-04-13,Express,Parcel,2.96,1154,839.82,Delivered,2025-04-15,2025-04-16
SHP004973,CUST02658,PART2110,BR1141,BR0026,2025-01-27,Standard,Document,7.56,1241,908.87,Delivered,2025-01-31,2025-02-03
SHP004974,CUST00788,PART2716,BR2226,BR2620,2025-02-10,Standard,Electronics,3.13,961,657.41,Out for Delivery,2025-02-14,
SHP004975,CUST03227,PART1375,BR2627,BR0390,2025-10-07,Express,Parcel,1.86,2021,1292.47,In Transit,2025-10-09,
SHP004976,CUST01227,PART0552,BR4253,BR1892,2025-03-01,Standard,Electronics,2.41,960,641.02,Delayed,2025-03-05,2025-03-09
SHP004977,CUST01117,PART3279,BR1523,BR1959,2025-03-19,Standard,Food,1.56,1354,839.02,Delivered,2025-03-23,2025-03-24
SHP004978,CUST04328,PART3764,BR0824,BR3347,2025-02-27,Express,Food,1.91,1646,1087.32,Delayed,2025-03-01,2025-03-05
SHP004979,CUST01667,PART3604,BR1939,BR1820,2025-12-18,Economy,Electronics,7.06,1787,1198.17,Delivered,2025-12-25,2025-12-27
SHP004980,CUST00454,PART4598,BR3615,BR1507,2025-01-11,Same Day,Parcel,6.71,659,700.07,Delivered,2025-01-12,2025-01-11
SHP004981,CUST01338,PART0915,BR2689,BR2279,2025-12-16,Express,Fragile,2.71,512,481.22,Delivered,2025-12-18,2025-12-19
SHP004982,CUST00033,PART0944,BR2614,BR2930,2025-04-24,Standard,Food,3.55,1408,912.5,Delivered,2025-04-28,2025-04-29
SHP004983,CUST01105,PART1841,BR0946,BR3941,2025-11-10,Standard,Clothing,6.94,1664,1127.88,Delivered,2025-11-14,2025-11-17
SHP004984,CUST02940,PART2673,BR0614,BR2958,2025-07-26,Same Day,Food,2.16,1881,1272.07,Delivered,2025-07-27,2025-07-29
SHP004985,CUST04216,PART3724,BR1560,BR1782,2025-10-19,Economy,Parcel,5.03,1393,936.81,In Transit,2025-10-26,
SHP004986,CUST00659,PART2235,BR2968,BR0469,2025-07-12,Standard,Parcel,4.18,1874,1182.66,Delivered,2025-07-16,2025-07-20
SHP004987,CUST03714,PART3758,BR3595,BR1325,2025-03-27,Express,Parcel,2.76,870,679.22,Delivered,2025-03-29,2025-04-02
SHP004988,CUST02503,PART2339,BR0227,BR1980,2025-07-21,Express,Document,0.98,345,351.31,Delivered,2025-07-23,2025-07-22
SHP004989,CUST04014,PART4636,BR2719,BR4312,2025-08-04,Express,Fragile,1.79,983,720.03,Out for Delivery,2025-08-06,
SHP004990,CUST01227,PART4962,BR4061,BR2609,2025-04-07,Standard,Clothing,2.76,1327,850.57,Delivered,2025-04-11,2025-04-11
SHP004991,CUST01089,PART0830,BR3758,BR4963,2025-09-07,Express,Document,1.99,682,558.88,Delivered,2025-09-09,2025-09-13
SHP004992,CUST00007,PART1843,BR2808,BR3170,2025-09-25,Standard,Fragile,0.62,1606,956.94,Delivered,2025-09-29,2025-10-03
SHP004993,CUST00220,PART4436,BR1462,BR3978,2025-12-03,Standard,Food,1.56,738,500.22,In Transit,2025-12-07,
SHP004994,CUST04351,PART1855,BR1549,BR3875,2025-01-09,Standard,Fragile,3.61,736,544.22,Delivered,2025-01-13,2025-01-14
SHP004995,CUST02337,PART2773,BR3905,BR3094,2025-06-24,Express,Food,3.78,2000,1323.16,Returned,2025-06-26,2025-06-25
SHP004996,CUST02511,PART3436,BR2641,BR2067,2025-08-04,Standard,Document,1.93,1592,978.06,Cancelled,2025-08-08,
SHP004997,CUST02825,PART0190,BR2334,BR4702,2025-09-02,Standard,Parcel,1.5,1808,1087.4,Delivered,2025-09-06,2025-09-09
SHP004998,CUST02013,PART3640,BR3516,BR1341,2025-11-26,Standard,Food,0.67,1758,1041.64,Out for Delivery,2025-11-30,
SHP004999,CUST04686,PART2061,BR0142,BR3621,2025-05-12,Economy,Electronics,2.7,987,662.25,Delivered,2025-05-19,2025-05-18
SHP005000,CUST03162,PART0073,BR2519,BR0289,2025-04-01,Standard,Fragile,0.47,350,262.84,Out for Delivery,2025-04-05,
