event_id,shipment_id,branch_id,employee_id,event_type,event_timestamp,remarks
EVT0000001,SHP000185,BR0325,EMP03575,Booked,2025-09-10 14:19:25,Address verification required
EVT0000002,SHP004322,BR4660,EMP02927,Arrived at Hub,2025-10-31 19:25:56,Customer unavailable
EVT0000003,SHP001310,BR0775,EMP00528,In Transit,2025-06-04 20:32:55,Package reached destination hub
EVT0000004,SHP004448,BR3022,EMP03476,Booked,2025-07-19 15:44:55,Address verification required
EVT0000005,SHP003333,BR2638,EMP03733,Arrived at Hub,2025-05-06 10:07:07,Package scanned at hub
EVT0000006,SHP004049,BR2600,EMP03962,Delivered,2025-11-28 05:53:10,Package scanned at hub
EVT0000007,SHP000054,BR0186,EMP03840,Out for Delivery,2025-05-12 22:43:03,Shipment processed successfully
EVT0000008,SHP000346,BR0834,EMP03529,Picked Up,2025-11-19 16:09:04,Address verification required
EVT0000009,SHP002797,BR3150,EMP03788,Delayed,2025-07-07 08:00:38,Package reached destination hub
EVT0000010,SHP003498,BR1990,EMP02863,Delivered,2025-08-19 05:31:47,Vehicle departed
EVT0000011,SHP001863,BR1931,EMP02657,Booked,2025-08-15 04:00:20,Shipment delivered
EVT0000012,SHP000816,BR3034,EMP01368,Arrived at Hub,2025-04-22 11:31:30,Vehicle departed
EVT0000013,SHP002181,BR3271,EMP01234,Delivered,2025-11-25 23:14:51,Address verification required
EVT0000014,SHP000150,BR2658,EMP04348,Booked,2025-09-29 13:58:47,Address verification required
EVT0000015,SHP004295,BR4450,EMP01295,Out for Delivery,2025-02-11 23:02:18,Package scanned at hub
EVT0000016,SHP000992,BR2065,EMP03705,In Transit,2026-01-01 07:46:02,Package scanned at hub
EVT0000017,SHP003755,BR0516,EMP02692,Out for Delivery,2025-01-13 04:29:33,Package scanned at hub
EVT0000018,SHP002197,BR2988,EMP03445,Delivered,2025-10-18 06:17:16,Shipment delivered
EVT0000019,SHP000230,BR4014,EMP00167,Delivered,2025-06-19 20:33:06,Address verification required
EVT0000020,SHP004949,BR4038,EMP03222,Picked Up,2025-08-27 17:22:32,Shipment delivered
EVT0000021,SHP004793,BR0673,EMP00744,Picked Up,2025-07-25 05:36:50,Address verification required
EVT0000022,SHP002374,BR4109,EMP03334,Arrived at Hub,2025-06-26 23:29:52,Vehicle departed
EVT0000023,SHP000677,BR3845,EMP03073,Booked,2025-04-21 16:59:49,Shipment delivered
EVT0000024,SHP002550,BR1233,EMP02956,Arrived at Hub,2025-03-18 00:17:37,Address verification required
EVT0000025,SHP003066,BR1870,EMP02838,Delivered,2025-12-04 04:12:30,Delivery agent assigned
EVT0000026,SHP001722,BR2775,EMP00478,In Transit,2025-08-29 10:50:41,Shipment processed successfully
EVT0000027,SHP002879,BR1957,EMP02777,Booked,2025-05-22 10:07:41,Address verification required
EVT0000028,SHP003227,BR3502,EMP01343,Arrived at Hub,2025-04-18 22:54:46,Delivery agent assigned
EVT0000029,SHP002751,BR4002,EMP00394,Arrived at Hub,2025-04-26 17:20:13,Shipment delivered
EVT0000030,SHP003112,BR4160,EMP04291,Out for Delivery,2025-05-05 01:53:07,Vehicle departed
EVT0000031,SHP003125,BR4065,EMP00641,In Transit,2025-10-02 07:05:28,Package reached destination hub
EVT0000032,SHP000075,BR0896,EMP02191,Booked,2025-01-10 00:56:06,Shipment processed successfully
EVT0000033,SHP004721,BR1297,EMP02866,Picked Up,2025-08-08 05:32:27,Package scanned at hub
EVT0000034,SHP002362,BR0368,EMP03713,Picked Up,2025-08-25 22:00:49,Package scanned at hub
EVT0000035,SHP002494,BR0747,EMP01193,In Transit,2025-04-22 17:22:10,Customer unavailable
EVT0000036,SHP003889,BR1255,EMP00277,Arrived at Hub,2025-05-20 11:45:47,Address verification required
EVT0000037,SHP003926,BR4671,EMP01692,Out for Delivery,2025-07-10 10:00:39,Shipment processed successfully
EVT0000038,SHP004556,BR2173,EMP01579,Picked Up,2025-10-02 21:11:01,Shipment delivered
EVT0000039,SHP004474,BR1155,EMP01547,In Transit,2025-02-24 09:50:51,Customer unavailable
EVT0000040,SHP002117,BR3848,EMP02351,Delivered,2025-05-10 16:54:55,Customer unavailable
EVT0000041,SHP001908,BR3073,EMP00562,Delayed,2025-09-13 11:43:22,Vehicle departed
EVT0000042,SHP002549,BR4227,EMP03450,In Transit,2025-11-07 14:04:53,Package reached destination hub
EVT0000043,SHP002820,BR1540,EMP03225,Arrived at Hub,2025-11-10 21:28:58,Vehicle departed
EVT0000044,SHP000840,BR3316,EMP04821,Delivered,2025-08-22 19:44:09,Shipment delivered
EVT0000045,SHP003898,BR2415,EMP03952,Delivered,2025-09-14 06:22:55,Shipment processed successfully
EVT0000046,SHP003957,BR2878,EMP00863,Booked,2025-11-05 00:38:40,Address verification required
EVT0000047,SHP003061,BR3081,EMP04666,Arrived at Hub,2025-11-16 00:31:08,Package reached destination hub
EVT0000048,SHP003129,BR1459,EMP01581,Picked Up,2025-02-27 21:08:23,Delivery agent assigned
EVT0000049,SHP001410,BR2966,EMP04743,In Transit,2025-06-07 07:42:52,Vehicle departed
EVT0000050,SHP001024,BR1509,EMP02243,Arrived at Hub,2025-09-08 15:31:39,Delivery agent assigned
EVT0000051,SHP004181,BR2230,EMP04103,Out for Delivery,2025-03-19 15:01:57,Delivery agent assigned
EVT0000052,SHP001253,BR4942,EMP01065,Delivered,2025-10-27 14:17:30,Package scanned at hub
EVT0000053,SHP000884,BR4472,EMP00017,Arrived at Hub,2025-12-02 11:56:29,Package scanned at hub
EVT0000054,SHP003484,BR3582,EMP00999,Delivered,2025-11-23 10:00:06,Delivery agent assigned
EVT0000055,SHP002219,BR3846,EMP03638,Out for Delivery,2025-06-14 18:32:30,Delivery agent assigned
EVT0000056,SHP001763,BR0596,EMP01230,In Transit,2025-12-28 07:21:17,Delivery agent assigned
EVT0000057,SHP000523,BR2002,EMP04290,Out for Delivery,2025-01-14 06:19:52,Address verification required
EVT0000058,SHP003555,BR2107,EMP04776,In Transit,2025-09-24 13:13:35,Customer unavailable
EVT0000059,SHP003880,BR2305,EMP00066,In Transit,2025-11-14 09:05:48,Customer unavailable
EVT0000060,SHP000032,BR4218,EMP00834,Picked Up,2025-02-05 06:43:31,Delivery agent assigned
EVT0000061,SHP000368,BR1419,EMP00849,Picked Up,2025-02-08 06:08:07,Shipment delivered
EVT0000062,SHP003021,BR1729,EMP01252,Delayed,2025-09-27 19:43:40,Package reached destination hub
EVT0000063,SHP003170,BR1697,EMP00414,Delivered,2025-03-17 00:13:03,Shipment delivered
EVT0000064,SHP002302,BR3132,EMP03462,Picked Up,2025-09-07 07:47:32,Shipment delivered
EVT0000065,SHP004505,BR2384,EMP01978,Out for Delivery,2025-03-27 23:34:17,Delivery agent assigned
EVT0000066,SHP002727,BR3008,EMP00196,Out for Delivery,2025-12-05 09:41:08,Shipment delivered
EVT0000067,SHP004691,BR0733,EMP01511,Out for Delivery,2025-06-13 04:48:30,Package scanned at hub
EVT0000068,SHP004560,BR2156,EMP04039,In Transit,2025-10-27 00:46:34,Delivery agent assigned
EVT0000069,SHP003877,BR2632,EMP01923,Booked,2025-03-29 22:10:41,Delivery agent assigned
EVT0000070,SHP000446,BR1892,EMP02307,Booked,2025-02-03 00:19:05,Package reached destination hub
EVT0000071,SHP003734,BR3901,EMP02084,Picked Up,2025-09-13 19:46:38,Package reached destination hub
EVT0000072,SHP004458,BR0309,EMP01976,Booked,2025-05-25 11:42:38,Vehicle departed
EVT0000073,SHP002654,BR4846,EMP01645,Arrived at Hub,2025-06-30 18:41:45,Shipment delivered
EVT0000074,SHP001906,BR4887,EMP01040,In Transit,2025-03-05 12:01:16,Shipment delivered
EVT0000075,SHP003146,BR0511,EMP00903,Arrived at Hub,2025-05-31 01:56:39,Delivery agent assigned
EVT0000076,SHP000365,BR1679,EMP01217,Delivered,2025-01-20 00:53:03,Package scanned at hub
EVT0000077,SHP000952,BR4039,EMP02729,Picked Up,2025-09-17 03:15:41,Shipment delivered
EVT0000078,SHP000569,BR2285,EMP02758,Booked,2025-10-02 01:54:06,Package reached destination hub
EVT0000079,SHP000340,BR1376,EMP00134,Picked Up,2025-09-08 08:05:54,Shipment delivered
EVT0000080,SHP004934,BR4705,EMP02136,In Transit,2025-07-13 21:50:04,Delivery agent assigned
EVT0000081,SHP000858,BR4200,EMP02210,Delayed,2025-09-24 01:23:02,Customer unavailable
EVT0000082,SHP000201,BR4245,EMP04839,Delivered,2025-04-21 16:40:34,Package scanned at hub
EVT0000083,SHP000846,BR1648,EMP04564,Out for Delivery,2025-11-11 08:04:55,Address verification required
EVT0000084,SHP001682,BR3515,EMP01478,Booked,2025-08-12 16:18:48,Vehicle departed
EVT0000085,SHP001810,BR0289,EMP00466,Booked,2025-04-20 01:02:31,Package reached destination hub
EVT0000086,SHP000700,BR4063,EMP00821,Out for Delivery,2025-11-23 23:52:47,Package reached destination hub
EVT0000087,SHP001103,BR3289,EMP04471,In Transit,2025-06-01 06:47:45,Shipment delivered
EVT0000088,SHP002028,BR3970,EMP00671,Returned,2025-12-17 23:55:00,Package scanned at hub
EVT0000089,SHP004913,BR2661,EMP01470,In Transit,2025-06-26 11:14:39,Address verification required
EVT0000090,SHP000805,BR1811,EMP00082,Returned,2025-06-09 14:20:38,Package scanned at hub
EVT0000091,SHP000172,BR3337,EMP00774,Booked,2025-07-11 07:14:57,Delivery agent assigned
EVT0000092,SHP004643,BR4891,EMP01938,Delivered,2025-10-31 10:14:52,Vehicle departed
EVT0000093,SHP004518,BR1397,EMP02109,In Transit,2025-06-18 00:34:42,Shipment processed successfully
EVT0000094,SHP003108,BR1183,EMP02719,In Transit,2025-08-09 07:50:33,Shipment processed successfully
EVT0000095,SHP002737,BR2500,EMP00644,Delayed,2025-01-07 04:34:54,Package scanned at hub
EVT0000096,SHP003273,BR3565,EMP03427,In Transit,2025-05-18 20:48:08,Delivery agent assigned
EVT0000097,SHP001357,BR3215,EMP01117,Arrived at Hub,2025-05-02 22:54:33,Vehicle departed
EVT0000098,SHP002598,BR3901,EMP03177,Arrived at Hub,2025-06-14 16:21:40,Package reached destination hub
EVT0000099,SHP001670,BR4880,EMP03819,Delivered,2025-05-25 01:55:30,Shipment processed successfully
EVT0000100,SHP000137,BR0720,EMP02004,In Transit,2025-03-11 06:44:17,Shipment processed successfully
EVT0000101,SHP002424,BR2204,EMP02260,Delivered,2025-03-20 11:26:57,Customer unavailable
EVT0000102,SHP003132,BR1041,EMP04961,Delayed,2025-08-29 20:35:59,Delivery agent assigned
EVT0000103,SHP003589,BR1219,EMP01014,Arrived at Hub,2025-06-29 04:17:49,Package scanned at hub
EVT0000104,SHP001647,BR0102,EMP04840,Booked,2025-02-14 02:47:12,Vehicle departed
EVT0000105,SHP001743,BR0152,EMP00253,In Transit,2025-05-26 12:50:21,Customer unavailable
EVT0000106,SHP004505,BR2285,EMP01199,Picked Up,2025-06-11 09:37:20,Address verification required
EVT0000107,SHP000662,BR2155,EMP02754,Delivered,2025-07-09 09:37:56,Shipment delivered
EVT0000108,SHP000674,BR4278,EMP01649,Delivered,2025-12-26 15:39:30,Package reached destination hub
EVT0000109,SHP002012,BR1773,EMP03063,Picked Up,2025-06-24 10:12:16,Address verification required
EVT0000110,SHP001995,BR2972,EMP03754,Delivered,2025-02-01 17:38:38,Package scanned at hub
EVT0000111,SHP002739,BR2007,EMP02968,Arrived at Hub,2025-01-30 02:27:34,Shipment delivered
EVT0000112,SHP004453,BR0215,EMP02373,Delivered,2025-10-05 18:50:38,Delivery agent assigned
EVT0000113,SHP003361,BR1253,EMP02391,Booked,2025-12-04 21:07:39,Package scanned at hub
EVT0000114,SHP001389,BR4196,EMP01651,Arrived at Hub,2025-10-12 22:50:55,Package reached destination hub
EVT0000115,SHP002123,BR0568,EMP02597,Booked,2025-10-01 14:37:11,Shipment processed successfully
EVT0000116,SHP003809,BR1763,EMP03082,Booked,2025-08-19 14:31:10,Customer unavailable
EVT0000117,SHP004546,BR0123,EMP01380,Arrived at Hub,2025-11-30 18:58:45,Shipment processed successfully
EVT0000118,SHP004063,BR3366,EMP03588,Booked,2025-04-15 17:52:42,Shipment processed successfully
EVT0000119,SHP002621,BR0530,EMP03737,Out for Delivery,2025-03-24 21:37:13,Delivery agent assigned
EVT0000120,SHP001509,BR1726,EMP02128,Arrived at Hub,2025-05-23 16:01:50,Package reached destination hub
EVT0000121,SHP004436,BR0549,EMP02407,Delivered,2025-06-11 09:24:27,Address verification required
EVT0000122,SHP003620,BR1419,EMP03228,Arrived at Hub,2025-06-29 04:48:15,Package reached destination hub
EVT0000123,SHP000987,BR4560,EMP04198,Delayed,2025-11-13 09:25:17,Vehicle departed
EVT0000124,SHP001534,BR2559,EMP03513,Returned,2025-02-17 08:18:16,Vehicle departed
EVT0000125,SHP002067,BR3747,EMP00231,Arrived at Hub,2025-05-15 07:31:57,Vehicle departed
EVT0000126,SHP000084,BR4288,EMP03265,Delayed,2025-12-18 03:12:58,Package reached destination hub
EVT0000127,SHP002639,BR3038,EMP01625,In Transit,2025-12-31 11:45:05,Customer unavailable
EVT0000128,SHP002729,BR3959,EMP03205,Out for Delivery,2025-01-31 15:38:04,Customer unavailable
EVT0000129,SHP001117,BR4814,EMP04115,Arrived at Hub,2025-07-12 08:23:38,Delivery agent assigned
EVT0000130,SHP003377,BR2834,EMP01057,In Transit,2025-09-21 19:23:48,Customer unavailable
EVT0000131,SHP004879,BR4259,EMP00905,Booked,2025-12-22 00:33:37,Customer unavailable
EVT0000132,SHP000268,BR1711,EMP01930,Delayed,2025-04-20 11:41:09,Package scanned at hub
EVT0000133,SHP001449,BR2019,EMP01827,In Transit,2025-01-11 09:54:07,Package scanned at hub
EVT0000134,SHP002544,BR0661,EMP00881,Delivered,2025-01-10 09:07:37,Shipment delivered
EVT0000135,SHP004896,BR3812,EMP04530,Arrived at Hub,2025-08-26 00:46:09,Package reached destination hub
EVT0000136,SHP004911,BR3659,EMP04874,Delivered,2025-05-27 04:14:20,Address verification required
EVT0000137,SHP001146,BR2389,EMP01570,Out for Delivery,2025-09-17 11:18:22,Address verification required
EVT0000138,SHP001092,BR1832,EMP04843,Picked Up,2025-08-18 14:43:22,Delivery agent assigned
EVT0000139,SHP002759,BR3037,EMP02454,In Transit,2025-04-29 10:47:11,Customer unavailable
EVT0000140,SHP003030,BR2260,EMP03779,Delivered,2025-12-18 15:29:44,Shipment processed successfully
EVT0000141,SHP000292,BR4271,EMP00386,Booked,2025-01-25 07:59:56,Customer unavailable
EVT0000142,SHP002645,BR1739,EMP01015,Delivered,2025-08-29 00:39:43,Delivery agent assigned
EVT0000143,SHP000987,BR4080,EMP02876,Delayed,2025-06-27 02:42:27,Package reached destination hub
EVT0000144,SHP003264,BR1974,EMP03102,Delayed,2025-11-29 21:36:42,Package reached destination hub
EVT0000145,SHP000682,BR3141,EMP02512,In Transit,2025-02-23 19:39:10,Shipment processed successfully
EVT0000146,SHP000578,BR3231,EMP04972,Delayed,2025-04-24 22:06:24,Shipment processed successfully
EVT0000147,SHP003398,BR2157,EMP01948,In Transit,2025-05-25 15:04:14,Vehicle departed
EVT0000148,SHP001493,BR4954,EMP04454,Booked,2025-09-04 05:22:18,Address verification required
EVT0000149,SHP002792,BR4480,EMP03824,Arrived at Hub,2025-07-23 11:43:32,Address verification required
EVT0000150,SHP001402,BR1789,EMP04525,Picked Up,2025-11-29 06:38:57,Delivery agent assigned
EVT0000151,SHP001946,BR0659,EMP02190,Arrived at Hub,2025-10-10 10:44:52,Vehicle departed
EVT0000152,SHP002234,BR3003,EMP03558,Picked Up,2025-12-06 12:52:29,Vehicle departed
EVT0000153,SHP000038,BR2126,EMP01511,Booked,2025-11-05 19:22:28,Shipment processed successfully
EVT0000154,SHP003363,BR4909,EMP01503,Delivered,2025-03-12 19:50:00,Shipment processed successfully
EVT0000155,SHP002897,BR3993,EMP00372,Returned,2025-07-16 09:10:32,Shipment processed successfully
EVT0000156,SHP004955,BR0260,EMP04797,Picked Up,2025-12-16 01:55:38,Delivery agent assigned
EVT0000157,SHP002176,BR1670,EMP04544,Arrived at Hub,2025-01-25 23:31:39,Package scanned at hub
EVT0000158,SHP004203,BR2177,EMP03344,Out for Delivery,2025-08-31 21:57:23,Package scanned at hub
EVT0000159,SHP004928,BR3958,EMP03671,Delayed,2025-09-27 01:59:16,Vehicle departed
EVT0000160,SHP003395,BR3835,EMP01980,In Transit,2025-06-20 05:05:47,Package reached destination hub
EVT0000161,SHP003030,BR2230,EMP04507,Booked,2025-08-14 13:36:44,Shipment processed successfully
EVT0000162,SHP000950,BR4432,EMP02010,Delivered,2025-12-31 09:03:45,Package scanned at hub
EVT0000163,SHP000078,BR4696,EMP00792,Picked Up,2025-08-04 18:54:35,Shipment delivered
EVT0000164,SHP004751,BR2022,EMP00736,Delivered,2025-08-16 20:58:00,Package scanned at hub
EVT0000165,SHP004249,BR2950,EMP03280,Delivered,2025-08-04 08:48:17,Address verification required
EVT0000166,SHP002475,BR3803,EMP02906,Out for Delivery,2025-03-03 18:54:25,Shipment delivered
EVT0000167,SHP000808,BR4094,EMP00034,Returned,2026-01-09 01:10:51,Vehicle departed
EVT0000168,SHP000905,BR3772,EMP03053,Delivered,2025-05-08 07:44:47,Delivery agent assigned
EVT0000169,SHP005000,BR1968,EMP00788,Returned,2025-12-23 01:12:43,Vehicle departed
EVT0000170,SHP002872,BR3446,EMP03740,Delivered,2025-04-12 23:14:33,Shipment delivered
EVT0000171,SHP004830,BR1321,EMP01773,Picked Up,2025-07-08 06:37:39,Shipment delivered
EVT0000172,SHP003282,BR0381,EMP04569,Picked Up,2025-06-19 22:41:57,Delivery agent assigned
EVT0000173,SHP003411,BR1472,EMP00264,Out for Delivery,2025-04-28 05:01:26,Shipment delivered
EVT0000174,SHP000789,BR1712,EMP02161,Out for Delivery,2026-01-03 22:27:48,Delivery agent assigned
EVT0000175,SHP002573,BR2105,EMP02100,Arrived at Hub,2025-07-14 05:52:32,Address verification required
EVT0000176,SHP004344,BR5000,EMP00029,Delivered,2025-09-18 08:56:28,Package reached destination hub
EVT0000177,SHP002186,BR0658,EMP04762,Picked Up,2025-10-08 18:28:57,Address verification required
EVT0000178,SHP000524,BR2556,EMP03884,In Transit,2025-09-13 06:32:38,Package scanned at hub
EVT0000179,SHP004747,BR2782,EMP04308,Booked,2025-05-03 00:04:41,Delivery agent assigned
EVT0000180,SHP000965,BR0078,EMP04779,Delivered,2025-10-22 09:19:53,Shipment processed successfully
EVT0000181,SHP003471,BR3408,EMP04812,In Transit,2025-02-03 23:19:21,Package scanned at hub
EVT0000182,SHP003044,BR1900,EMP03649,Picked Up,2025-05-09 01:30:20,Package reached destination hub
EVT0000183,SHP000580,BR0656,EMP02661,Arrived at Hub,2025-09-30 18:40:43,Shipment processed successfully
EVT0000184,SHP000508,BR4484,EMP01117,Out for Delivery,2025-02-04 03:03:10,Address verification required
EVT0000185,SHP002255,BR0812,EMP03713,Booked,2025-10-07 10:43:49,Vehicle departed
EVT0000186,SHP004647,BR3332,EMP03976,Delivered,2026-01-03 13:57:54,Vehicle departed
EVT0000187,SHP003493,BR1334,EMP01057,In Transit,2025-11-15 22:59:44,Address verification required
EVT0000188,SHP002569,BR4539,EMP01695,Booked,2025-01-31 12:17:00,Shipment processed successfully
EVT0000189,SHP004614,BR3825,EMP00761,Delayed,2025-08-11 20:24:16,Shipment delivered
EVT0000190,SHP004403,BR0852,EMP04868,Booked,2025-07-12 08:32:18,Vehicle departed
EVT0000191,SHP001404,BR1450,EMP04539,In Transit,2025-11-15 00:07:14,Shipment processed successfully
EVT0000192,SHP000305,BR0119,EMP02307,Booked,2025-09-26 16:14:22,Package scanned at hub
EVT0000193,SHP001679,BR2769,EMP04798,Arrived at Hub,2025-05-19 13:13:24,Package reached destination hub
EVT0000194,SHP001754,BR1179,EMP03143,Picked Up,2025-12-24 13:50:28,Customer unavailable
EVT0000195,SHP002547,BR2662,EMP04301,Arrived at Hub,2025-07-08 15:28:11,Address verification required
EVT0000196,SHP000370,BR4887,EMP02752,Arrived at Hub,2025-11-30 16:16:38,Shipment processed successfully
EVT0000197,SHP000089,BR1731,EMP02858,In Transit,2025-10-04 14:56:54,Delivery agent assigned
EVT0000198,SHP003720,BR0277,EMP00835,In Transit,2025-07-05 07:31:20,Package scanned at hub
EVT0000199,SHP004195,BR3802,EMP02554,Out for Delivery,2025-04-26 06:43:40,Shipment processed successfully
EVT0000200,SHP004146,BR0060,EMP01379,Delayed,2025-05-19 19:08:01,Address verification required
EVT0000201,SHP004539,BR2726,EMP04911,Arrived at Hub,2026-01-08 21:05:25,Vehicle departed
EVT0000202,SHP001984,BR2998,EMP01622,Delivered,2025-03-24 23:26:43,Address verification required
EVT0000203,SHP001701,BR1432,EMP02913,Picked Up,2025-07-17 13:25:16,Shipment delivered
EVT0000204,SHP002700,BR2104,EMP03110,Out for Delivery,2025-04-08 21:08:41,Customer unavailable
EVT0000205,SHP004325,BR1370,EMP03793,Booked,2025-03-11 10:49:23,Address verification required
EVT0000206,SHP003713,BR1875,EMP01757,In Transit,2025-09-15 14:43:44,Shipment delivered
EVT0000207,SHP001399,BR1296,EMP01021,In Transit,2025-12-08 19:31:56,Package scanned at hub
EVT0000208,SHP001918,BR1926,EMP02799,Booked,2025-11-25 01:48:14,Address verification required
EVT0000209,SHP000771,BR4653,EMP00502,Delivered,2025-05-09 12:40:06,Shipment delivered
EVT0000210,SHP004372,BR3508,EMP03063,Booked,2025-10-20 16:16:46,Package reached destination hub
EVT0000211,SHP002545,BR0717,EMP04731,Out for Delivery,2025-04-19 01:42:35,Address verification required
EVT0000212,SHP004152,BR2553,EMP01551,Delayed,2025-05-08 01:51:09,Vehicle departed
EVT0000213,SHP001542,BR3021,EMP03495,Arrived at Hub,2025-08-16 06:45:35,Shipment processed successfully
EVT0000214,SHP003036,BR4652,EMP03679,Out for Delivery,2025-05-09 23:41:25,Vehicle departed
EVT0000215,SHP004505,BR3427,EMP01671,Out for Delivery,2025-09-08 13:30:20,Address verification required
EVT0000216,SHP001218,BR4829,EMP00873,Picked Up,2025-01-20 23:24:26,Shipment delivered
EVT0000217,SHP001938,BR4968,EMP00898,Picked Up,2025-06-24 07:42:28,Shipment processed successfully
EVT0000218,SHP003789,BR3554,EMP04391,In Transit,2025-02-01 21:59:07,Vehicle departed
EVT0000219,SHP004780,BR3815,EMP04140,Booked,2025-01-28 19:57:45,Shipment processed successfully
EVT0000220,SHP004250,BR4917,EMP00573,Picked Up,2025-06-21 22:05:37,Delivery agent assigned
EVT0000221,SHP003343,BR3075,EMP03987,Arrived at Hub,2025-10-13 00:51:17,Package reached destination hub
EVT0000222,SHP003644,BR3563,EMP02346,Delivered,2025-09-27 00:04:38,Customer unavailable
EVT0000223,SHP001630,BR4598,EMP00154,Booked,2025-03-17 13:42:48,Vehicle departed
EVT0000224,SHP003782,BR0259,EMP00503,Delivered,2025-06-26 21:20:35,Shipment processed successfully
EVT0000225,SHP004679,BR2297,EMP03439,Picked Up,2025-07-09 02:29:59,Vehicle departed
EVT0000226,SHP002240,BR1257,EMP04407,Arrived at Hub,2025-07-01 15:09:55,Package scanned at hub
EVT0000227,SHP000061,BR4761,EMP03317,Picked Up,2025-08-10 00:48:18,Shipment delivered
EVT0000228,SHP001378,BR3941,EMP03481,Delayed,2025-03-18 14:00:17,Shipment delivered
EVT0000229,SHP002518,BR4933,EMP02595,Booked,2025-01-02 12:00:59,Shipment processed successfully
EVT0000230,SHP003626,BR0114,EMP02534,Delayed,2025-03-06 07:01:53,Package reached destination hub
EVT0000231,SHP004032,BR3587,EMP02010,Arrived at Hub,2025-01-11 18:16:20,Shipment processed successfully
EVT0000232,SHP004295,BR2841,EMP00758,Arrived at Hub,2025-12-29 14:07:04,Vehicle departed
EVT0000233,SHP003784,BR2715,EMP04788,In Transit,2025-04-17 16:33:05,Shipment delivered
EVT0000234,SHP001426,BR0249,EMP03360,Delivered,2025-12-17 18:22:48,Delivery agent assigned
EVT0000235,SHP003148,BR4353,EMP00405,Booked,2025-05-02 00:36:00,Customer unavailable
EVT0000236,SHP004080,BR0870,EMP02900,In Transit,2025-03-23 07:08:58,Customer unavailable
EVT0000237,SHP004869,BR3089,EMP04351,Picked Up,2025-11-24 01:32:08,Address verification required
EVT0000238,SHP001190,BR0686,EMP01516,Returned,2025-12-02 08:03:02,Customer unavailable
EVT0000239,SHP002571,BR0946,EMP01673,In Transit,2025-09-26 08:30:36,Package reached destination hub
EVT0000240,SHP004095,BR0661,EMP01844,In Transit,2025-03-14 12:26:50,Delivery agent assigned
EVT0000241,SHP003287,BR4442,EMP04019,Arrived at Hub,2025-03-08 03:36:21,Shipment processed successfully
EVT0000242,SHP002383,BR0910,EMP03503,Delivered,2025-08-30 10:11:52,Package reached destination hub
EVT0000243,SHP001433,BR1130,EMP01735,In Transit,2025-08-19 18:18:13,Package reached destination hub
EVT0000244,SHP000166,BR4695,EMP01434,Picked Up,2025-07-05 18:45:57,Package reached destination hub
EVT0000245,SHP003606,BR2366,EMP03307,Arrived at Hub,2025-12-25 18:03:03,Package scanned at hub
EVT0000246,SHP000019,BR2843,EMP02443,Out for Delivery,2025-09-10 20:54:04,Vehicle departed
EVT0000247,SHP001444,BR2807,EMP02316,Delivered,2025-06-05 00:23:03,Delivery agent assigned
EVT0000248,SHP002997,BR0855,EMP00483,Delayed,2025-03-06 06:22:56,Address verification required
EVT0000249,SHP000112,BR1618,EMP03875,In Transit,2025-02-10 12:59:53,Customer unavailable
EVT0000250,SHP001079,BR0370,EMP00333,In Transit,2025-05-25 12:04:43,Customer unavailable
EVT0000251,SHP002899,BR3136,EMP02914,Arrived at Hub,2025-02-17 23:03:35,Address verification required
EVT0000252,SHP003499,BR0867,EMP02706,Booked,2025-04-16 13:59:58,Customer unavailable
EVT0000253,SHP003451,BR4780,EMP01555,Arrived at Hub,2025-03-29 03:04:19,Package reached destination hub
EVT0000254,SHP003554,BR4787,EMP02207,Delayed,2025-04-11 18:45:22,Vehicle departed
EVT0000255,SHP001374,BR1565,EMP03015,Returned,2025-01-22 20:22:23,Shipment processed successfully
EVT0000256,SHP001781,BR0771,EMP03824,Arrived at Hub,2025-12-10 15:37:34,Shipment processed successfully
EVT0000257,SHP000476,BR2163,EMP00666,Picked Up,2025-09-01 20:37:59,Shipment delivered
EVT0000258,SHP004065,BR4963,EMP02664,Returned,2025-06-30 21:20:08,Vehicle departed
EVT0000259,SHP004789,BR0550,EMP00830,Delivered,2025-02-20 18:57:46,Package reached destination hub
EVT0000260,SHP002499,BR0565,EMP04678,Out for Delivery,2025-04-22 14:13:22,Delivery agent assigned
EVT0000261,SHP001653,BR3441,EMP01843,Delivered,2025-07-26 22:46:26,Address verification required
EVT0000262,SHP001239,BR3712,EMP04813,Arrived at Hub,2025-06-08 01:01:10,Shipment delivered
EVT0000263,SHP003370,BR0513,EMP03737,In Transit,2025-07-08 12:19:59,Delivery agent assigned
EVT0000264,SHP002707,BR0096,EMP00102,Picked Up,2025-05-06 03:52:04,Shipment processed successfully
EVT0000265,SHP000712,BR1134,EMP01972,Delivered,2025-06-01 12:21:55,Package reached destination hub
EVT0000266,SHP000400,BR1960,EMP00507,Booked,2025-08-07 01:40:19,Package scanned at hub
EVT0000267,SHP004770,BR3392,EMP03023,Arrived at Hub,2025-06-28 06:09:31,Customer unavailable
EVT0000268,SHP004699,BR3196,EMP02927,Arrived at Hub,2025-01-13 13:20:17,Address verification required
EVT0000269,SHP003711,BR4798,EMP04753,Delivered,2025-02-20 03:33:25,Shipment delivered
EVT0000270,SHP004007,BR0358,EMP02770,In Transit,2025-02-11 09:33:27,Shipment delivered
EVT0000271,SHP000411,BR4932,EMP01446,Delayed,2025-01-11 06:08:59,Customer unavailable
EVT0000272,SHP004342,BR3407,EMP02226,Arrived at Hub,2025-11-07 02:10:30,Shipment delivered
EVT0000273,SHP004434,BR2463,EMP01380,Arrived at Hub,2025-10-05 21:07:44,Package reached destination hub
EVT0000274,SHP004756,BR4129,EMP04728,Booked,2026-01-04 14:07:20,Package scanned at hub
EVT0000275,SHP000739,BR1001,EMP04547,In Transit,2025-10-19 07:50:23,Address verification required
EVT0000276,SHP003466,BR0960,EMP01425,Delivered,2025-11-15 23:59:06,Delivery agent assigned
EVT0000277,SHP003430,BR3820,EMP00234,Arrived at Hub,2025-02-03 10:20:50,Delivery agent assigned
EVT0000278,SHP001029,BR4371,EMP03920,Picked Up,2025-07-15 17:03:59,Shipment delivered
EVT0000279,SHP004012,BR2322,EMP03033,Arrived at Hub,2025-08-22 04:06:14,Package scanned at hub
EVT0000280,SHP003170,BR2565,EMP04880,In Transit,2025-03-14 13:23:02,Package scanned at hub
EVT0000281,SHP000094,BR4241,EMP01069,In Transit,2025-04-05 00:23:48,Package reached destination hub
EVT0000282,SHP002791,BR3688,EMP01589,Delivered,2025-04-27 11:09:23,Shipment processed successfully
EVT0000283,SHP003730,BR2127,EMP04623,Delivered,2025-08-05 08:00:03,Shipment delivered
EVT0000284,SHP000593,BR4363,EMP04043,Booked,2025-09-03 08:39:08,Customer unavailable
EVT0000285,SHP001232,BR0848,EMP02929,Out for Delivery,2025-11-26 06:37:29,Shipment delivered
EVT0000286,SHP000748,BR4845,EMP02042,Picked Up,2025-11-23 11:04:14,Package reached destination hub
EVT0000287,SHP001002,BR1965,EMP04088,Delivered,2025-07-28 01:07:40,Vehicle departed
EVT0000288,SHP000907,BR1955,EMP04950,Out for Delivery,2026-01-01 07:18:22,Customer unavailable
EVT0000289,SHP002078,BR4728,EMP01557,Out for Delivery,2025-08-14 03:57:57,Package scanned at hub
EVT0000290,SHP001418,BR1197,EMP00527,Delivered,2025-07-15 13:05:31,Address verification required
EVT0000291,SHP000599,BR0330,EMP01551,Arrived at Hub,2025-08-05 20:50:40,Package reached destination hub
EVT0000292,SHP003036,BR1601,EMP02395,In Transit,2025-02-21 03:36:10,Customer unavailable
EVT0000293,SHP002435,BR2662,EMP02691,In Transit,2025-08-15 05:43:32,Address verification required
EVT0000294,SHP003071,BR2767,EMP02332,In Transit,2025-07-29 00:58:59,Customer unavailable
EVT0000295,SHP001784,BR4592,EMP02028,Booked,2025-04-16 13:40:49,Shipment delivered
EVT0000296,SHP001578,BR1646,EMP04734,Picked Up,2025-02-08 11:33:15,Delivery agent assigned
EVT0000297,SHP002528,BR2109,EMP03605,Out for Delivery,2025-08-01 21:07:49,Customer unavailable
EVT0000298,SHP000073,BR1868,EMP00666,Delivered,2025-09-15 23:07:38,Delivery agent assigned
EVT0000299,SHP003720,BR0937,EMP00487,Delivered,2025-03-12 03:43:42,Package reached destination hub
EVT0000300,SHP000557,BR0587,EMP02105,Delivered,2025-01-18 08:09:33,Shipment delivered
EVT0000301,SHP003947,BR1524,EMP01341,Delivered,2025-10-05 07:06:56,Package reached destination hub
EVT0000302,SHP000167,BR2303,EMP00068,Arrived at Hub,2025-12-17 23:42:14,Shipment processed successfully
EVT0000303,SHP003853,BR2185,EMP04436,Booked,2025-02-20 22:31:14,Shipment processed successfully
EVT0000304,SHP002634,BR2281,EMP00703,Delivered,2025-03-02 08:20:45,Address verification required
EVT0000305,SHP001870,BR2740,EMP03884,Delivered,2025-07-10 17:59:12,Vehicle departed
EVT0000306,SHP000042,BR1463,EMP00956,In Transit,2026-01-03 13:24:40,Delivery agent assigned
EVT0000307,SHP001091,BR2506,EMP02385,Picked Up,2025-02-24 19:55:16,Address verification required
EVT0000308,SHP003606,BR1607,EMP01227,Delivered,2025-08-11 04:05:56,Customer unavailable
EVT0000309,SHP001231,BR1094,EMP00823,Arrived at Hub,2025-01-20 03:00:06,Delivery agent assigned
EVT0000310,SHP002369,BR0566,EMP02685,Arrived at Hub,2025-06-23 03:38:12,Shipment delivered
EVT0000311,SHP003457,BR2656,EMP01382,Delivered,2025-09-10 16:19:37,Customer unavailable
EVT0000312,SHP002952,BR2932,EMP01633,Delivered,2025-04-15 12:24:18,Address verification required
EVT0000313,SHP004011,BR1436,EMP04970,Delivered,2025-03-10 22:10:06,Vehicle departed
EVT0000314,SHP004150,BR2409,EMP01287,Out for Delivery,2025-12-05 10:13:42,Package reached destination hub
EVT0000315,SHP000526,BR4954,EMP00864,In Transit,2025-12-27 08:56:33,Vehicle departed
EVT0000316,SHP001806,BR3023,EMP00302,Returned,2025-05-11 23:15:17,Shipment processed successfully
EVT0000317,SHP000922,BR4619,EMP03625,In Transit,2025-07-19 17:41:29,Shipment processed successfully
EVT0000318,SHP001335,BR0451,EMP01532,Delivered,2025-06-28 06:52:37,Package scanned at hub
EVT0000319,SHP001230,BR0274,EMP04269,Delivered,2025-07-16 18:15:26,Address verification required
EVT0000320,SHP002405,BR3196,EMP01210,Picked Up,2025-05-30 17:51:44,Package reached destination hub
EVT0000321,SHP002550,BR2752,EMP04476,Returned,2025-12-03 09:12:25,Address verification required
EVT0000322,SHP001645,BR3532,EMP01835,Delayed,2025-02-06 12:57:57,Package reached destination hub
EVT0000323,SHP000763,BR3888,EMP04774,In Transit,2025-04-15 10:11:21,Package reached destination hub
EVT0000324,SHP004790,BR0526,EMP00477,Delivered,2025-09-13 22:15:06,Package scanned at hub
EVT0000325,SHP003102,BR2800,EMP01781,Arrived at Hub,2025-02-15 03:45:13,Vehicle departed
EVT0000326,SHP004139,BR0254,EMP02802,Out for Delivery,2025-05-25 09:16:47,Package reached destination hub
EVT0000327,SHP003056,BR2770,EMP04768,In Transit,2025-12-02 13:43:22,Delivery agent assigned
EVT0000328,SHP003767,BR1383,EMP03135,Delivered,2025-07-16 06:13:53,Delivery agent assigned
EVT0000329,SHP004039,BR4048,EMP04742,In Transit,2025-02-10 19:35:03,Delivery agent assigned
EVT0000330,SHP001072,BR3673,EMP00732,Booked,2025-12-09 06:02:56,Customer unavailable
EVT0000331,SHP001796,BR3726,EMP04344,Booked,2025-11-02 19:00:44,Shipment processed successfully
EVT0000332,SHP002199,BR1848,EMP00528,Delivered,2025-01-24 12:06:49,Package reached destination hub
EVT0000333,SHP004951,BR1133,EMP02606,Booked,2025-10-07 05:47:44,Package scanned at hub
EVT0000334,SHP001010,BR0856,EMP04431,Arrived at Hub,2025-06-23 16:44:55,Delivery agent assigned
EVT0000335,SHP003523,BR3762,EMP00855,Picked Up,2025-03-07 04:27:51,Shipment processed successfully
EVT0000336,SHP003681,BR3942,EMP02172,In Transit,2025-12-27 06:21:01,Address verification required
EVT0000337,SHP003663,BR4334,EMP01724,Delivered,2026-01-02 03:12:45,Shipment delivered
EVT0000338,SHP001014,BR2874,EMP04708,Arrived at Hub,2025-07-01 03:19:42,Shipment delivered
EVT0000339,SHP004473,BR2899,EMP04535,In Transit,2025-06-26 06:08:53,Package reached destination hub
EVT0000340,SHP001197,BR0827,EMP01968,Returned,2025-11-02 18:47:46,Shipment processed successfully
EVT0000341,SHP001897,BR4723,EMP01631,In Transit,2025-02-05 00:42:16,Address verification required
EVT0000342,SHP003728,BR2842,EMP02451,Out for Delivery,2025-01-17 10:22:22,Vehicle departed
EVT0000343,SHP002866,BR1293,EMP00080,Arrived at Hub,2025-12-30 20:21:02,Address verification required
EVT0000344,SHP002828,BR2422,EMP00921,Out for Delivery,2025-11-04 12:53:17,Package reached destination hub
EVT0000345,SHP001705,BR4755,EMP04001,Arrived at Hub,2025-05-11 23:17:40,Delivery agent assigned
EVT0000346,SHP001842,BR1755,EMP04185,Returned,2025-09-13 21:30:15,Delivery agent assigned
EVT0000347,SHP003319,BR2586,EMP04857,Arrived at Hub,2025-05-25 00:55:58,Package reached destination hub
EVT0000348,SHP000125,BR2916,EMP00368,In Transit,2025-09-09 12:57:43,Shipment processed successfully
EVT0000349,SHP001635,BR1421,EMP02175,Arrived at Hub,2025-10-24 19:29:58,Package reached destination hub
EVT0000350,SHP001720,BR2159,EMP03079,Booked,2025-02-06 07:49:03,Shipment processed successfully
EVT0000351,SHP001646,BR2532,EMP03863,Delivered,2025-11-01 18:54:08,Package reached destination hub
EVT0000352,SHP002628,BR0888,EMP02490,Out for Delivery,2025-06-29 02:25:29,Customer unavailable
EVT0000353,SHP002406,BR0813,EMP03998,Delivered,2025-02-19 20:11:37,Vehicle departed
EVT0000354,SHP002998,BR2829,EMP01227,In Transit,2025-11-30 01:12:22,Shipment delivered
EVT0000355,SHP002882,BR2035,EMP02266,Delayed,2025-03-22 13:23:57,Package scanned at hub
EVT0000356,SHP002009,BR3316,EMP01461,Delivered,2025-06-30 01:34:02,Shipment delivered
EVT0000357,SHP001238,BR4921,EMP01483,Out for Delivery,2025-06-04 09:06:49,Package scanned at hub
EVT0000358,SHP002401,BR1630,EMP04346,Arrived at Hub,2025-04-25 10:56:51,Shipment processed successfully
EVT0000359,SHP003607,BR3845,EMP01560,In Transit,2025-04-10 20:50:15,Package reached destination hub
EVT0000360,SHP004733,BR3348,EMP00246,In Transit,2025-12-02 20:11:26,Package reached destination hub
EVT0000361,SHP000588,BR3733,EMP02123,Picked Up,2025-06-30 03:28:30,Vehicle departed
EVT0000362,SHP000371,BR2120,EMP03196,Delivered,2025-07-23 11:03:56,Address verification required
EVT0000363,SHP002591,BR3922,EMP02250,Booked,2025-06-03 13:02:44,Package scanned at hub
EVT0000364,SHP003687,BR1515,EMP02041,Arrived at Hub,2025-04-13 18:18:35,Package reached destination hub
EVT0000365,SHP004890,BR2639,EMP01588,Out for Delivery,2025-07-11 09:31:47,Delivery agent assigned
EVT0000366,SHP003964,BR1493,EMP01655,Delivered,2025-01-22 13:56:03,Package reached destination hub
EVT0000367,SHP003759,BR0307,EMP00447,Picked Up,2025-07-16 11:15:44,Customer unavailable
EVT0000368,SHP002784,BR1588,EMP04201,Booked,2025-08-23 18:05:02,Customer unavailable
EVT0000369,SHP003159,BR2246,EMP03337,Out for Delivery,2025-12-05 05:36:56,Shipment delivered
EVT0000370,SHP001038,BR0066,EMP01538,In Transit,2025-09-26 22:48:54,Customer unavailable
EVT0000371,SHP001971,BR2249,EMP01570,Out for Delivery,2025-10-05 00:09:42,Shipment processed successfully
EVT0000372,SHP000922,BR0416,EMP03658,Out for Delivery,2025-07-16 22:00:32,Shipment delivered
EVT0000373,SHP000950,BR0794,EMP03252,Returned,2025-04-01 07:57:33,Delivery agent assigned
EVT0000374,SHP000457,BR4909,EMP02349,Out for Delivery,2026-01-03 12:21:42,Address verification required
EVT0000375,SHP000864,BR0803,EMP03497,Out for Delivery,2025-06-18 08:21:03,Shipment delivered
EVT0000376,SHP004555,BR1428,EMP03974,Out for Delivery,2025-02-22 07:10:45,Package scanned at hub
EVT0000377,SHP001473,BR0673,EMP00974,Out for Delivery,2025-03-05 18:03:21,Shipment delivered
EVT0000378,SHP001338,BR2979,EMP00412,In Transit,2025-11-13 05:03:38,Vehicle departed
EVT0000379,SHP000713,BR3705,EMP00183,Delayed,2025-12-29 04:25:13,Delivery agent assigned
EVT0000380,SHP004223,BR2236,EMP04857,Delayed,2025-03-13 05:21:59,Address verification required
EVT0000381,SHP000849,BR2094,EMP04986,Picked Up,2025-07-09 10:36:52,Package scanned at hub
EVT0000382,SHP000970,BR1460,EMP00566,Delivered,2025-09-29 10:42:21,Shipment delivered
EVT0000383,SHP000988,BR4849,EMP04557,Delayed,2025-10-29 12:14:59,Customer unavailable
EVT0000384,SHP001147,BR4342,EMP01978,Arrived at Hub,2025-04-29 10:43:12,Shipment delivered
EVT0000385,SHP002536,BR3452,EMP00997,Arrived at Hub,2025-09-26 02:32:17,Shipment processed successfully
EVT0000386,SHP004484,BR1332,EMP00727,Booked,2025-11-04 19:25:57,Vehicle departed
EVT0000387,SHP004864,BR4265,EMP00742,Booked,2025-11-30 12:24:07,Package reached destination hub
EVT0000388,SHP004418,BR1108,EMP01089,Picked Up,2025-05-10 07:04:11,Package reached destination hub
EVT0000389,SHP003307,BR0310,EMP02372,Delivered,2025-12-15 04:54:58,Shipment delivered
EVT0000390,SHP004669,BR1612,EMP01633,Out for Delivery,2025-12-12 16:02:46,Package reached destination hub
EVT0000391,SHP000007,BR3876,EMP00728,Out for Delivery,2025-10-21 17:56:15,Shipment processed successfully
EVT0000392,SHP001139,BR4061,EMP02786,Arrived at Hub,2025-10-23 08:57:24,Delivery agent assigned
EVT0000393,SHP003463,BR0335,EMP03576,Delivered,2025-02-05 19:21:11,Address verification required
EVT0000394,SHP004370,BR1513,EMP01532,Picked Up,2025-02-04 10:27:04,Address verification required
EVT0000395,SHP002384,BR4383,EMP03545,Booked,2025-08-13 13:59:24,Package reached destination hub
EVT0000396,SHP002164,BR1235,EMP04801,Delivered,2025-08-10 13:18:23,Shipment delivered
EVT0000397,SHP001541,BR0051,EMP02170,In Transit,2025-07-08 11:19:16,Shipment processed successfully
EVT0000398,SHP002615,BR2652,EMP03719,Arrived at Hub,2025-02-21 20:04:18,Shipment delivered
EVT0000399,SHP004559,BR4341,EMP00704,In Transit,2025-04-26 09:56:21,Shipment delivered
EVT0000400,SHP004706,BR1112,EMP04083,In Transit,2025-09-19 22:18:28,Package reached destination hub
EVT0000401,SHP001375,BR2168,EMP01058,In Transit,2025-03-13 06:11:16,Address verification required
EVT0000402,SHP004535,BR3744,EMP04162,Arrived at Hub,2025-04-24 17:45:25,Package reached destination hub
EVT0000403,SHP003281,BR2281,EMP00789,Arrived at Hub,2025-05-10 22:31:26,Package reached destination hub
EVT0000404,SHP003307,BR4122,EMP04401,In Transit,2025-12-15 14:28:12,Address verification required
EVT0000405,SHP002544,BR4308,EMP03015,Delivered,2025-06-05 08:09:42,Vehicle departed
EVT0000406,SHP002028,BR2567,EMP03872,Delayed,2025-08-23 02:43:47,Vehicle departed
EVT0000407,SHP002232,BR2180,EMP03550,Delivered,2025-12-28 15:37:03,Address verification required
EVT0000408,SHP000300,BR2439,EMP04537,Out for Delivery,2025-07-02 00:12:54,Shipment delivered
EVT0000409,SHP004758,BR3868,EMP00562,Delivered,2025-01-26 18:13:24,Address verification required
EVT0000410,SHP000315,BR3115,EMP00321,Booked,2025-09-12 18:23:16,Vehicle departed
EVT0000411,SHP002538,BR4810,EMP03335,Out for Delivery,2025-05-31 09:50:34,Vehicle departed
EVT0000412,SHP000311,BR3557,EMP00416,Picked Up,2025-05-11 02:28:16,Shipment delivered
EVT0000413,SHP003864,BR3779,EMP00421,In Transit,2025-06-12 05:21:28,Vehicle departed
EVT0000414,SHP000589,BR1956,EMP02569,Arrived at Hub,2025-10-31 04:39:35,Shipment delivered
EVT0000415,SHP001794,BR2205,EMP02629,Picked Up,2025-07-30 04:23:45,Package scanned at hub
EVT0000416,SHP003476,BR2008,EMP02981,Delivered,2025-11-28 21:26:36,Address verification required
EVT0000417,SHP001954,BR2966,EMP02611,Picked Up,2025-03-08 15:03:17,Package reached destination hub
EVT0000418,SHP002785,BR1515,EMP04128,Returned,2025-09-09 10:24:42,Package scanned at hub
EVT0000419,SHP000519,BR1639,EMP02599,Booked,2025-07-05 03:24:20,Address verification required
EVT0000420,SHP003677,BR0829,EMP03829,Delivered,2025-10-21 21:18:19,Shipment delivered
EVT0000421,SHP004930,BR3990,EMP04705,Delayed,2025-04-05 06:26:57,Shipment processed successfully
EVT0000422,SHP001556,BR4748,EMP02723,In Transit,2025-03-21 18:24:52,Shipment delivered
EVT0000423,SHP002177,BR3841,EMP01383,Delivered,2025-09-30 16:15:28,Vehicle departed
EVT0000424,SHP002976,BR2610,EMP03430,Picked Up,2025-09-08 19:26:03,Shipment processed successfully
EVT0000425,SHP001381,BR0690,EMP02419,Delivered,2025-05-03 09:45:43,Vehicle departed
EVT0000426,SHP000162,BR0997,EMP00133,Booked,2025-12-05 23:37:42,Delivery agent assigned
EVT0000427,SHP003414,BR1371,EMP02020,Delivered,2025-07-31 16:16:32,Shipment delivered
EVT0000428,SHP001537,BR3061,EMP04453,Delivered,2025-03-06 20:57:09,Package reached destination hub
EVT0000429,SHP002280,BR2633,EMP01702,Delivered,2025-06-24 14:32:24,Package scanned at hub
EVT0000430,SHP001981,BR0470,EMP00434,In Transit,2025-06-14 16:45:22,Package reached destination hub
EVT0000431,SHP003898,BR4247,EMP01417,Delivered,2025-07-29 23:09:28,Address verification required
EVT0000432,SHP000114,BR0845,EMP03637,Returned,2025-06-20 05:14:58,Package scanned at hub
EVT0000433,SHP002214,BR2912,EMP04955,Delivered,2025-11-04 01:32:08,Package scanned at hub
EVT0000434,SHP000138,BR4437,EMP01079,Arrived at Hub,2025-02-22 02:00:24,Vehicle departed
EVT0000435,SHP003490,BR3315,EMP03335,In Transit,2026-01-03 09:36:22,Shipment processed successfully
EVT0000436,SHP001057,BR4201,EMP00354,Arrived at Hub,2025-09-15 09:35:11,Package scanned at hub
EVT0000437,SHP004165,BR3346,EMP02631,Delivered,2025-09-24 15:57:47,Vehicle departed
EVT0000438,SHP002438,BR2612,EMP03841,Returned,2025-04-20 19:09:18,Customer unavailable
EVT0000439,SHP003674,BR2519,EMP00654,Returned,2025-05-15 03:04:36,Vehicle departed
EVT0000440,SHP000128,BR3614,EMP00406,Out for Delivery,2025-06-13 16:06:47,Package scanned at hub
EVT0000441,SHP003010,BR0128,EMP02148,Arrived at Hub,2026-01-05 21:27:35,Delivery agent assigned
EVT0000442,SHP001959,BR1710,EMP03107,Booked,2025-12-21 23:53:46,Package scanned at hub
EVT0000443,SHP001385,BR1484,EMP02170,Delayed,2025-10-26 10:05:16,Delivery agent assigned
EVT0000444,SHP004979,BR1606,EMP03226,In Transit,2025-06-13 03:23:39,Address verification required
EVT0000445,SHP000336,BR4097,EMP02809,Delayed,2025-11-25 13:58:00,Shipment processed successfully
EVT0000446,SHP001427,BR1605,EMP00564,Delayed,2025-02-23 04:53:41,Customer unavailable
EVT0000447,SHP003866,BR4001,EMP02582,In Transit,2025-04-27 21:46:05,Vehicle departed
EVT0000448,SHP001675,BR2039,EMP04662,In Transit,2025-08-27 09:28:51,Vehicle departed
EVT0000449,SHP001760,BR0120,EMP02731,Delayed,2025-12-01 21:36:13,Package reached destination hub
EVT0000450,SHP001780,BR1585,EMP04931,Arrived at Hub,2025-11-06 07:48:04,Customer unavailable
EVT0000451,SHP004862,BR1613,EMP00959,Arrived at Hub,2025-08-01 06:36:23,Shipment processed successfully
EVT0000452,SHP000200,BR4371,EMP04510,Delivered,2025-02-02 00:02:50,Shipment processed successfully
EVT0000453,SHP003648,BR1538,EMP03548,Arrived at Hub,2025-06-30 10:38:24,Package reached destination hub
EVT0000454,SHP002647,BR4780,EMP04521,Picked Up,2025-11-17 11:15:16,Package scanned at hub
EVT0000455,SHP001428,BR0352,EMP03349,Picked Up,2025-07-26 00:39:13,Package scanned at hub
EVT0000456,SHP004280,BR0418,EMP04030,Arrived at Hub,2025-10-19 16:29:15,Delivery agent assigned
EVT0000457,SHP003520,BR3747,EMP04503,Arrived at Hub,2025-02-01 22:23:15,Package reached destination hub
EVT0000458,SHP004378,BR4748,EMP04234,Picked Up,2025-12-20 11:28:34,Package reached destination hub
EVT0000459,SHP001502,BR4315,EMP01260,In Transit,2025-04-19 23:51:46,Address verification required
EVT0000460,SHP003954,BR0452,EMP04507,In Transit,2025-05-09 12:32:08,Delivery agent assigned
EVT0000461,SHP000052,BR2255,EMP04058,Arrived at Hub,2025-11-25 02:26:43,Shipment delivered
EVT0000462,SHP002917,BR4399,EMP00670,In Transit,2025-05-15 12:45:24,Shipment processed successfully
EVT0000463,SHP001594,BR2132,EMP03107,Arrived at Hub,2025-10-31 16:43:31,Package scanned at hub
EVT0000464,SHP002964,BR3921,EMP03429,Delayed,2025-10-02 07:56:52,Customer unavailable
EVT0000465,SHP003710,BR4114,EMP04039,Out for Delivery,2025-12-10 22:14:35,Customer unavailable
EVT0000466,SHP003889,BR3277,EMP00126,Booked,2025-06-20 06:26:30,Address verification required
EVT0000467,SHP001388,BR0168,EMP03898,Returned,2025-12-11 22:51:27,Delivery agent assigned
EVT0000468,SHP001163,BR4930,EMP03037,Out for Delivery,2025-03-14 06:24:26,Package reached destination hub
EVT0000469,SHP001380,BR3952,EMP04514,In Transit,2025-02-01 14:34:17,Delivery agent assigned
EVT0000470,SHP001462,BR2811,EMP00680,Picked Up,2025-01-28 04:29:52,Vehicle departed
EVT0000471,SHP003411,BR0066,EMP00274,In Transit,2025-06-02 02:03:54,Package reached destination hub
EVT0000472,SHP000305,BR3177,EMP03373,In Transit,2025-08-08 03:39:04,Delivery agent assigned
EVT0000473,SHP002742,BR4891,EMP04467,Picked Up,2025-06-10 19:46:55,Package scanned at hub
EVT0000474,SHP002585,BR0981,EMP04697,Arrived at Hub,2025-08-08 09:11:40,Address verification required
EVT0000475,SHP000911,BR1118,EMP03820,Returned,2025-11-28 20:30:28,Package scanned at hub
EVT0000476,SHP004819,BR1995,EMP01715,In Transit,2025-07-06 18:26:54,Vehicle departed
EVT0000477,SHP001815,BR4618,EMP01607,In Transit,2025-05-02 08:37:06,Customer unavailable
EVT0000478,SHP001524,BR3276,EMP04593,Delivered,2025-05-25 13:55:13,Shipment delivered
EVT0000479,SHP001985,BR3716,EMP00132,Out for Delivery,2025-01-29 19:28:01,Customer unavailable
EVT0000480,SHP003424,BR2064,EMP01368,In Transit,2025-12-01 15:30:46,Vehicle departed
EVT0000481,SHP000797,BR3461,EMP03064,Returned,2025-09-27 18:25:37,Shipment delivered
EVT0000482,SHP004771,BR0046,EMP02155,Arrived at Hub,2025-03-19 05:20:41,Vehicle departed
EVT0000483,SHP000831,BR4739,EMP04290,Arrived at Hub,2025-11-18 10:39:00,Shipment delivered
EVT0000484,SHP000057,BR3228,EMP04238,Picked Up,2025-03-04 16:47:37,Package scanned at hub
EVT0000485,SHP001546,BR1613,EMP03728,Picked Up,2025-11-15 20:26:54,Shipment processed successfully
EVT0000486,SHP003251,BR3360,EMP00210,Out for Delivery,2025-07-02 16:23:37,Shipment processed successfully
EVT0000487,SHP001779,BR1141,EMP03619,Picked Up,2026-01-03 04:04:21,Shipment delivered
EVT0000488,SHP000612,BR0312,EMP04754,In Transit,2025-01-18 16:24:18,Package scanned at hub
EVT0000489,SHP004995,BR0970,EMP04333,Picked Up,2025-12-25 05:38:00,Shipment delivered
EVT0000490,SHP001355,BR0078,EMP00288,Out for Delivery,2025-08-24 13:12:50,Address verification required
EVT0000491,SHP001299,BR0701,EMP03309,Picked Up,2025-02-11 23:32:39,Address verification required
EVT0000492,SHP000438,BR3976,EMP04126,In Transit,2025-07-27 19:27:17,Package reached destination hub
EVT0000493,SHP000012,BR3089,EMP03070,Out for Delivery,2025-12-30 04:16:35,Delivery agent assigned
EVT0000494,SHP004516,BR0376,EMP01216,Booked,2025-08-29 17:09:57,Shipment processed successfully
EVT0000495,SHP003671,BR4545,EMP02882,Delivered,2025-06-20 23:44:28,Package reached destination hub
EVT0000496,SHP002870,BR0675,EMP00257,Out for Delivery,2025-08-29 19:12:51,Shipment processed successfully
EVT0000497,SHP004662,BR0513,EMP00898,In Transit,2025-01-04 03:38:31,Package scanned at hub
EVT0000498,SHP002280,BR0324,EMP03844,Picked Up,2025-01-24 10:58:14,Address verification required
EVT0000499,SHP000789,BR4732,EMP02461,Arrived at Hub,2025-09-04 10:35:43,Vehicle departed
EVT0000500,SHP004326,BR2540,EMP03472,Delivered,2025-10-12 22:04:11,Package reached destination hub
EVT0000501,SHP001223,BR2205,EMP01668,Booked,2025-11-15 22:37:03,Shipment delivered
EVT0000502,SHP002355,BR0047,EMP02885,Delayed,2025-11-16 08:56:26,Shipment processed successfully
EVT0000503,SHP000189,BR1203,EMP04473,Booked,2025-10-26 17:49:32,Shipment delivered
EVT0000504,SHP001990,BR2530,EMP01567,Picked Up,2025-03-17 02:25:01,Package reached destination hub
EVT0000505,SHP001382,BR3836,EMP03760,Picked Up,2025-01-11 13:22:44,Package reached destination hub
EVT0000506,SHP002688,BR4593,EMP03097,Booked,2025-12-16 16:02:47,Delivery agent assigned
EVT0000507,SHP003516,BR4401,EMP00424,Delayed,2025-07-30 00:05:49,Shipment delivered
EVT0000508,SHP001987,BR3960,EMP01146,Arrived at Hub,2025-12-03 00:15:51,Package reached destination hub
EVT0000509,SHP000549,BR4816,EMP00940,Delivered,2025-09-09 09:26:57,Delivery agent assigned
EVT0000510,SHP004571,BR1245,EMP01065,Delayed,2025-07-12 09:53:32,Package scanned at hub
EVT0000511,SHP004124,BR0783,EMP03969,Out for Delivery,2025-06-28 01:28:41,Delivery agent assigned
EVT0000512,SHP004752,BR2955,EMP01868,Arrived at Hub,2025-04-06 12:01:41,Shipment processed successfully
EVT0000513,SHP004988,BR2699,EMP00190,Picked Up,2025-06-16 15:19:32,Delivery agent assigned
EVT0000514,SHP000015,BR2327,EMP03814,Picked Up,2025-11-22 20:55:38,Customer unavailable
EVT0000515,SHP004862,BR1119,EMP03993,In Transit,2025-07-09 15:41:15,Package reached destination hub
EVT0000516,SHP002089,BR0547,EMP02047,Delivered,2025-03-19 11:36:41,Delivery agent assigned
EVT0000517,SHP001791,BR3549,EMP02113,Out for Delivery,2025-03-07 04:32:05,Delivery agent assigned
EVT0000518,SHP001777,BR1717,EMP04037,Delivered,2026-01-03 17:29:12,Delivery agent assigned
EVT0000519,SHP003485,BR4597,EMP03311,Returned,2025-07-03 20:57:00,Package scanned at hub
EVT0000520,SHP003176,BR0552,EMP02120,In Transit,2025-01-05 03:15:15,Address verification required
EVT0000521,SHP002242,BR1114,EMP04278,In Transit,2025-09-13 14:42:00,Delivery agent assigned
EVT0000522,SHP002950,BR4442,EMP00663,Out for Delivery,2025-11-29 16:25:11,Shipment delivered
EVT0000523,SHP002427,BR2876,EMP02427,In Transit,2025-03-06 10:19:13,Delivery agent assigned
EVT0000524,SHP002050,BR4443,EMP03271,Delivered,2025-07-08 21:34:41,Shipment delivered
EVT0000525,SHP001839,BR3521,EMP04957,Booked,2025-12-27 02:22:21,Customer unavailable
EVT0000526,SHP000110,BR1784,EMP01126,Delivered,2025-09-30 01:30:58,Address verification required
EVT0000527,SHP000142,BR0032,EMP00922,In Transit,2025-04-01 13:28:43,Delivery agent assigned
EVT0000528,SHP003315,BR3399,EMP02099,Out for Delivery,2025-01-12 04:17:46,Customer unavailable
EVT0000529,SHP001490,BR4353,EMP01857,Picked Up,2025-01-31 01:39:32,Customer unavailable
EVT0000530,SHP004110,BR2596,EMP04064,Out for Delivery,2025-04-23 23:27:19,Shipment delivered
EVT0000531,SHP002669,BR2421,EMP04395,Booked,2025-05-28 19:27:09,Customer unavailable
EVT0000532,SHP003429,BR0827,EMP02702,Booked,2025-10-02 09:59:37,Package reached destination hub
EVT0000533,SHP001595,BR0618,EMP02085,In Transit,2025-10-14 04:54:37,Delivery agent assigned
EVT0000534,SHP002533,BR3914,EMP03615,Out for Delivery,2025-07-06 07:09:54,Package reached destination hub
EVT0000535,SHP004267,BR1315,EMP00562,Out for Delivery,2025-07-08 17:39:37,Shipment delivered
EVT0000536,SHP002235,BR2212,EMP04804,Out for Delivery,2025-08-18 04:43:19,Delivery agent assigned
EVT0000537,SHP001856,BR1741,EMP03864,Picked Up,2025-05-25 03:06:51,Package reached destination hub
EVT0000538,SHP001864,BR2759,EMP04594,In Transit,2025-03-14 12:43:51,Customer unavailable
EVT0000539,SHP003889,BR4798,EMP04286,Delivered,2025-06-30 05:05:15,Shipment processed successfully
EVT0000540,SHP001644,BR3136,EMP04310,Delivered,2025-12-21 15:45:37,Address verification required
EVT0000541,SHP002452,BR1676,EMP01948,Arrived at Hub,2025-08-29 08:52:15,Customer unavailable
EVT0000542,SHP003420,BR1305,EMP00515,In Transit,2025-02-08 02:40:34,Package reached destination hub
EVT0000543,SHP003814,BR1655,EMP00021,Booked,2025-06-24 19:25:14,Customer unavailable
EVT0000544,SHP000910,BR3075,EMP04900,Out for Delivery,2025-01-21 11:55:30,Customer unavailable
EVT0000545,SHP001340,BR3869,EMP02145,Arrived at Hub,2025-03-25 06:34:57,Package reached destination hub
EVT0000546,SHP003317,BR2448,EMP01999,Out for Delivery,2025-02-16 22:55:46,Shipment processed successfully
EVT0000547,SHP000045,BR1573,EMP04974,Delayed,2025-07-25 23:59:26,Customer unavailable
EVT0000548,SHP000520,BR4165,EMP01529,Booked,2025-12-02 16:42:38,Shipment processed successfully
EVT0000549,SHP003756,BR4106,EMP01645,Out for Delivery,2025-11-22 11:51:30,Delivery agent assigned
EVT0000550,SHP001754,BR2053,EMP01859,In Transit,2025-01-05 15:23:27,Delivery agent assigned
EVT0000551,SHP000518,BR0589,EMP03279,Delivered,2025-03-30 08:34:27,Shipment processed successfully
EVT0000552,SHP002664,BR1655,EMP00838,Booked,2025-04-17 07:20:11,Customer unavailable
EVT0000553,SHP001726,BR2228,EMP01531,Returned,2025-05-31 17:11:16,Vehicle departed
EVT0000554,SHP002023,BR2028,EMP04560,In Transit,2025-06-06 08:53:49,Customer unavailable
EVT0000555,SHP002236,BR2190,EMP00115,Arrived at Hub,2025-07-08 17:06:04,Shipment delivered
EVT0000556,SHP000932,BR0986,EMP02283,In Transit,2025-09-17 06:34:06,Customer unavailable
EVT0000557,SHP001455,BR3546,EMP02158,Picked Up,2025-07-11 13:35:41,Package scanned at hub
EVT0000558,SHP002621,BR0550,EMP04173,Out for Delivery,2025-02-04 21:05:11,Vehicle departed
EVT0000559,SHP004465,BR0836,EMP01661,Delivered,2025-08-12 01:16:49,Customer unavailable
EVT0000560,SHP001110,BR1316,EMP01293,Picked Up,2025-12-14 11:25:13,Package reached destination hub
EVT0000561,SHP000335,BR1776,EMP02535,Picked Up,2025-03-13 18:20:54,Package reached destination hub
EVT0000562,SHP001792,BR0428,EMP01426,Booked,2025-07-27 00:53:41,Shipment delivered
EVT0000563,SHP001391,BR3087,EMP04040,In Transit,2025-03-31 18:37:43,Customer unavailable
EVT0000564,SHP004073,BR2756,EMP00658,Booked,2025-10-21 02:38:23,Shipment delivered
EVT0000565,SHP002313,BR3668,EMP00506,Returned,2025-04-07 18:45:12,Delivery agent assigned
EVT0000566,SHP003308,BR1454,EMP04601,Delivered,2025-04-15 13:33:25,Address verification required
EVT0000567,SHP002110,BR0429,EMP04585,In Transit,2025-07-18 10:05:21,Shipment delivered
EVT0000568,SHP000280,BR2357,EMP01038,Picked Up,2025-10-20 06:26:09,Customer unavailable
EVT0000569,SHP002546,BR2162,EMP01964,Picked Up,2025-09-06 03:36:08,Customer unavailable
EVT0000570,SHP002210,BR3331,EMP03120,Out for Delivery,2025-12-17 02:15:13,Package reached destination hub
EVT0000571,SHP003200,BR2053,EMP04166,In Transit,2025-05-23 23:10:42,Shipment delivered
EVT0000572,SHP004624,BR2888,EMP02333,Arrived at Hub,2025-08-03 01:41:42,Delivery agent assigned
EVT0000573,SHP001132,BR1856,EMP01091,Delivered,2025-10-25 21:18:15,Vehicle departed
EVT0000574,SHP004969,BR1551,EMP01618,Out for Delivery,2025-03-22 12:24:24,Shipment delivered
EVT0000575,SHP004792,BR0716,EMP03628,Picked Up,2025-02-23 14:01:50,Address verification required
EVT0000576,SHP000265,BR4104,EMP00066,Booked,2025-03-07 11:42:17,Package scanned at hub
EVT0000577,SHP002274,BR2542,EMP00781,Out for Delivery,2025-07-24 00:15:29,Vehicle departed
EVT0000578,SHP004007,BR3418,EMP03328,Delivered,2025-04-08 11:18:09,Package scanned at hub
EVT0000579,SHP003676,BR3546,EMP03537,Arrived at Hub,2025-05-18 15:11:58,Customer unavailable
EVT0000580,SHP001820,BR1535,EMP02746,Returned,2025-01-18 04:03:41,Package reached destination hub
EVT0000581,SHP002096,BR2178,EMP04924,Booked,2025-02-11 14:04:52,Vehicle departed
EVT0000582,SHP001598,BR4936,EMP03110,Picked Up,2025-03-03 05:03:03,Shipment processed successfully
EVT0000583,SHP000612,BR1587,EMP00045,Out for Delivery,2025-04-05 22:38:54,Shipment processed successfully
EVT0000584,SHP000829,BR1094,EMP02584,Delivered,2025-12-22 01:20:22,Address verification required
EVT0000585,SHP004885,BR0222,EMP03142,Out for Delivery,2025-11-03 09:36:05,Vehicle departed
EVT0000586,SHP001075,BR2809,EMP02428,Picked Up,2025-03-31 22:37:20,Customer unavailable
EVT0000587,SHP003639,BR3054,EMP03185,Picked Up,2025-12-25 09:23:47,Customer unavailable
EVT0000588,SHP004172,BR2003,EMP01084,Delivered,2025-04-24 19:52:27,Customer unavailable
EVT0000589,SHP004512,BR0426,EMP01150,Arrived at Hub,2025-03-19 00:23:36,Shipment processed successfully
EVT0000590,SHP001334,BR1945,EMP00664,Delivered,2025-11-02 02:32:08,Address verification required
EVT0000591,SHP003524,BR4811,EMP04402,Delivered,2025-04-04 01:36:50,Package scanned at hub
EVT0000592,SHP000669,BR2058,EMP03404,Delivered,2025-10-01 21:34:07,Shipment delivered
EVT0000593,SHP003719,BR4925,EMP03873,Arrived at Hub,2025-10-23 17:43:57,Delivery agent assigned
EVT0000594,SHP001509,BR1010,EMP01174,Arrived at Hub,2025-06-09 23:42:13,Shipment processed successfully
EVT0000595,SHP002849,BR2285,EMP01288,Arrived at Hub,2025-02-27 08:20:12,Customer unavailable
EVT0000596,SHP001965,BR3059,EMP01270,Picked Up,2025-01-08 05:15:30,Delivery agent assigned
EVT0000597,SHP004886,BR2073,EMP04786,Picked Up,2025-03-18 21:04:58,Shipment delivered
EVT0000598,SHP002961,BR4270,EMP02236,Out for Delivery,2025-09-23 02:00:46,Vehicle departed
EVT0000599,SHP000383,BR3322,EMP04469,Out for Delivery,2025-08-12 19:21:18,Package reached destination hub
EVT0000600,SHP001483,BR3732,EMP02176,In Transit,2025-02-18 10:17:20,Package scanned at hub
EVT0000601,SHP001172,BR0627,EMP01584,Out for Delivery,2025-04-06 22:09:24,Package reached destination hub
EVT0000602,SHP000338,BR2206,EMP03080,Out for Delivery,2025-07-04 04:22:03,Shipment processed successfully
EVT0000603,SHP001939,BR1693,EMP04996,In Transit,2025-11-22 19:36:13,Vehicle departed
EVT0000604,SHP000136,BR2131,EMP01995,In Transit,2025-07-05 04:25:59,Shipment delivered
EVT0000605,SHP003601,BR4633,EMP02905,Delivered,2025-04-28 05:08:31,Customer unavailable
EVT0000606,SHP002610,BR1777,EMP04492,In Transit,2025-07-06 13:46:56,Shipment delivered
EVT0000607,SHP004719,BR3705,EMP03222,Picked Up,2025-09-06 03:43:06,Package scanned at hub
EVT0000608,SHP001522,BR3926,EMP02681,Delivered,2025-11-01 06:24:27,Customer unavailable
EVT0000609,SHP002676,BR0645,EMP00493,In Transit,2025-12-01 14:45:56,Shipment processed successfully
EVT0000610,SHP001366,BR1718,EMP02219,Delivered,2025-11-27 22:06:43,Shipment processed successfully
EVT0000611,SHP000783,BR1423,EMP04756,Booked,2025-06-15 04:06:41,Vehicle departed
EVT0000612,SHP001362,BR2628,EMP02369,In Transit,2025-07-05 11:59:33,Shipment processed successfully
EVT0000613,SHP001205,BR2226,EMP04004,Arrived at Hub,2025-12-26 08:14:10,Vehicle departed
EVT0000614,SHP002855,BR3698,EMP01315,Picked Up,2025-11-05 16:09:39,Delivery agent assigned
EVT0000615,SHP001994,BR1382,EMP01048,Arrived at Hub,2025-07-28 17:05:35,Vehicle departed
EVT0000616,SHP000495,BR1118,EMP03010,Delayed,2025-05-03 16:53:06,Address verification required
EVT0000617,SHP003970,BR2781,EMP03557,Delayed,2025-11-25 01:59:50,Customer unavailable
EVT0000618,SHP004978,BR0661,EMP00114,Delayed,2025-12-07 01:06:41,Delivery agent assigned
EVT0000619,SHP001715,BR2245,EMP00282,Delayed,2025-12-16 23:19:10,Package reached destination hub
EVT0000620,SHP004645,BR3447,EMP00186,Delivered,2025-09-30 13:47:26,Package reached destination hub
EVT0000621,SHP002134,BR1204,EMP03786,Arrived at Hub,2025-10-20 06:29:32,Vehicle departed
EVT0000622,SHP004975,BR0987,EMP00382,In Transit,2025-09-07 03:17:20,Shipment delivered
EVT0000623,SHP003931,BR4555,EMP02006,Out for Delivery,2025-02-17 09:52:53,Shipment processed successfully
EVT0000624,SHP002550,BR4571,EMP04394,In Transit,2025-09-04 06:43:35,Customer unavailable
EVT0000625,SHP000837,BR2430,EMP04731,In Transit,2025-03-16 10:58:14,Address verification required
EVT0000626,SHP004100,BR4297,EMP00688,Delivered,2025-12-15 04:30:17,Vehicle departed
EVT0000627,SHP002626,BR1097,EMP01161,Picked Up,2025-02-07 22:19:40,Delivery agent assigned
EVT0000628,SHP002972,BR4049,EMP04887,Arrived at Hub,2025-05-13 23:03:18,Vehicle departed
EVT0000629,SHP004121,BR0985,EMP00553,Out for Delivery,2025-06-20 13:26:35,Package scanned at hub
EVT0000630,SHP000747,BR1427,EMP02676,Out for Delivery,2025-09-07 22:43:57,Package reached destination hub
EVT0000631,SHP004653,BR3065,EMP03584,Booked,2025-09-26 11:36:13,Vehicle departed
EVT0000632,SHP000921,BR1210,EMP01196,Picked Up,2025-01-28 02:53:34,Package reached destination hub
EVT0000633,SHP003875,BR4625,EMP04483,Arrived at Hub,2025-05-28 08:04:54,Customer unavailable
EVT0000634,SHP001313,BR2732,EMP00020,Arrived at Hub,2025-01-28 07:29:34,Package reached destination hub
EVT0000635,SHP002445,BR2982,EMP04025,Arrived at Hub,2025-07-13 17:10:08,Package scanned at hub
EVT0000636,SHP003161,BR0964,EMP02466,Picked Up,2025-11-30 03:35:00,Shipment delivered
EVT0000637,SHP001748,BR0879,EMP03771,Delivered,2025-11-16 03:15:13,Vehicle departed
EVT0000638,SHP003145,BR0193,EMP00800,Picked Up,2025-09-25 22:12:55,Shipment delivered
EVT0000639,SHP003430,BR1151,EMP02700,Arrived at Hub,2025-08-26 21:56:41,Vehicle departed
EVT0000640,SHP004627,BR0773,EMP01796,Arrived at Hub,2025-01-26 10:41:32,Package reached destination hub
EVT0000641,SHP000639,BR4229,EMP00880,Arrived at Hub,2025-03-29 02:46:45,Package scanned at hub
EVT0000642,SHP002776,BR2672,EMP02544,Arrived at Hub,2025-10-18 17:06:39,Customer unavailable
EVT0000643,SHP000729,BR0691,EMP01243,Booked,2025-04-12 20:07:23,Address verification required
EVT0000644,SHP004221,BR3261,EMP04195,Arrived at Hub,2025-05-26 03:29:53,Package scanned at hub
EVT0000645,SHP001848,BR3366,EMP03188,Delivered,2025-05-05 17:07:14,Vehicle departed
EVT0000646,SHP003270,BR1270,EMP02773,Delivered,2026-01-04 09:50:29,Customer unavailable
EVT0000647,SHP004675,BR3838,EMP02326,Out for Delivery,2025-12-25 17:36:52,Customer unavailable
EVT0000648,SHP000044,BR4345,EMP03541,Delayed,2025-09-21 23:17:26,Shipment processed successfully
EVT0000649,SHP003903,BR4604,EMP04464,Out for Delivery,2025-02-27 05:11:24,Shipment processed successfully
EVT0000650,SHP003168,BR3938,EMP00834,Picked Up,2025-05-11 08:33:41,Customer unavailable
EVT0000651,SHP000862,BR2735,EMP04543,Delivered,2025-10-11 16:30:39,Package scanned at hub
EVT0000652,SHP003240,BR4925,EMP01457,Booked,2025-04-15 19:18:54,Shipment processed successfully
EVT0000653,SHP000590,BR0830,EMP04907,In Transit,2025-04-17 02:34:31,Package scanned at hub
EVT0000654,SHP002951,BR2500,EMP00389,Delivered,2025-08-17 04:42:32,Address verification required
EVT0000655,SHP000655,BR3155,EMP01722,Picked Up,2025-08-22 16:40:35,Delivery agent assigned
EVT0000656,SHP002549,BR1908,EMP01117,Out for Delivery,2025-01-05 00:09:14,Package scanned at hub
EVT0000657,SHP000554,BR1863,EMP04435,In Transit,2025-02-20 16:24:19,Package reached destination hub
EVT0000658,SHP002696,BR1494,EMP03043,In Transit,2025-06-24 18:16:07,Address verification required
EVT0000659,SHP002447,BR3075,EMP02473,Out for Delivery,2025-08-22 22:50:38,Package scanned at hub
EVT0000660,SHP002246,BR3954,EMP02657,In Transit,2025-08-03 15:22:44,Address verification required
EVT0000661,SHP001917,BR0353,EMP01104,Arrived at Hub,2025-04-17 00:43:42,Package reached destination hub
EVT0000662,SHP000489,BR4214,EMP02965,Delivered,2025-12-27 07:44:11,Address verification required
EVT0000663,SHP002385,BR3688,EMP01358,In Transit,2025-01-30 11:59:47,Customer unavailable
EVT0000664,SHP001554,BR3147,EMP04116,In Transit,2025-05-30 02:16:17,Address verification required
EVT0000665,SHP003841,BR1818,EMP04486,Arrived at Hub,2026-01-06 22:58:42,Shipment processed successfully
EVT0000666,SHP004373,BR0098,EMP03377,Arrived at Hub,2025-06-07 20:54:43,Package reached destination hub
EVT0000667,SHP003484,BR3597,EMP00952,Out for Delivery,2025-03-07 15:32:00,Customer unavailable
EVT0000668,SHP000796,BR4549,EMP02159,Arrived at Hub,2025-08-12 09:43:25,Package scanned at hub
EVT0000669,SHP004702,BR0942,EMP03677,Delayed,2025-08-08 09:25:48,Shipment processed successfully
EVT0000670,SHP000720,BR1103,EMP01149,Picked Up,2025-02-18 01:18:07,Package scanned at hub
EVT0000671,SHP000659,BR4194,EMP02051,In Transit,2025-01-19 20:19:09,Customer unavailable
EVT0000672,SHP002291,BR2192,EMP04233,Delivered,2025-11-25 20:39:02,Package scanned at hub
EVT0000673,SHP000283,BR3788,EMP00324,In Transit,2025-03-06 12:38:18,Package scanned at hub
EVT0000674,SHP000608,BR1905,EMP02744,Booked,2025-04-07 17:07:18,Shipment delivered
EVT0000675,SHP003905,BR4420,EMP02181,In Transit,2025-02-21 17:43:42,Shipment delivered
EVT0000676,SHP003084,BR4233,EMP04336,Booked,2025-06-24 18:46:33,Vehicle departed
EVT0000677,SHP003558,BR1650,EMP00316,In Transit,2025-04-30 13:58:02,Delivery agent assigned
EVT0000678,SHP001414,BR1840,EMP00412,Delivered,2025-09-19 23:18:54,Shipment processed successfully
EVT0000679,SHP001886,BR0464,EMP00197,In Transit,2025-09-28 11:57:26,Delivery agent assigned
EVT0000680,SHP003093,BR0996,EMP04764,Delivered,2025-08-24 07:07:58,Delivery agent assigned
EVT0000681,SHP004027,BR1381,EMP00236,Arrived at Hub,2025-08-04 11:45:01,Vehicle departed
EVT0000682,SHP002760,BR3970,EMP04401,Out for Delivery,2025-03-21 00:47:06,Vehicle departed
EVT0000683,SHP003932,BR1648,EMP04287,Picked Up,2025-06-13 16:16:12,Vehicle departed
EVT0000684,SHP004723,BR4726,EMP03879,Delivered,2025-12-09 19:56:17,Package scanned at hub
EVT0000685,SHP001960,BR4790,EMP02478,Delivered,2025-08-18 00:18:47,Delivery agent assigned
EVT0000686,SHP000442,BR0720,EMP02919,Booked,2025-02-17 02:26:40,Customer unavailable
EVT0000687,SHP000817,BR2955,EMP01458,Out for Delivery,2026-01-05 18:42:49,Package reached destination hub
EVT0000688,SHP004578,BR2253,EMP02679,Arrived at Hub,2025-11-01 03:12:24,Package scanned at hub
EVT0000689,SHP003676,BR1404,EMP03283,Arrived at Hub,2025-04-08 08:58:02,Shipment delivered
EVT0000690,SHP004047,BR0557,EMP04954,Booked,2025-09-06 07:18:23,Package scanned at hub
EVT0000691,SHP004281,BR3539,EMP02601,Booked,2025-06-06 00:44:50,Package scanned at hub
EVT0000692,SHP004079,BR3794,EMP01620,In Transit,2025-01-12 08:08:48,Delivery agent assigned
EVT0000693,SHP003026,BR1060,EMP01485,In Transit,2025-09-25 15:38:35,Package reached destination hub
EVT0000694,SHP004907,BR0927,EMP04565,Delivered,2025-02-20 14:42:25,Package scanned at hub
EVT0000695,SHP001903,BR0252,EMP02766,In Transit,2025-06-03 10:46:45,Shipment processed successfully
EVT0000696,SHP002620,BR1371,EMP01767,In Transit,2025-08-19 22:23:37,Shipment delivered
EVT0000697,SHP003477,BR1039,EMP03534,Booked,2025-09-13 21:17:58,Package reached destination hub
EVT0000698,SHP001256,BR1785,EMP03203,Arrived at Hub,2025-08-14 03:51:03,Package reached destination hub
EVT0000699,SHP002896,BR0980,EMP04918,In Transit,2025-03-03 09:44:09,Package scanned at hub
EVT0000700,SHP004575,BR1005,EMP01207,Delivered,2025-10-16 20:44:53,Shipment processed successfully
EVT0000701,SHP004380,BR4885,EMP01479,Picked Up,2025-12-29 12:29:22,Customer unavailable
EVT0000702,SHP002598,BR1841,EMP01771,Out for Delivery,2025-12-11 19:35:49,Package reached destination hub
EVT0000703,SHP002635,BR3445,EMP01793,Arrived at Hub,2025-01-20 00:01:02,Vehicle departed
EVT0000704,SHP003501,BR0775,EMP03807,Delayed,2025-06-29 09:44:03,Package scanned at hub
EVT0000705,SHP004343,BR4772,EMP00464,In Transit,2025-03-28 11:35:20,Vehicle departed
EVT0000706,SHP002320,BR3476,EMP00450,Booked,2025-10-11 22:53:51,Vehicle departed
EVT0000707,SHP004576,BR1503,EMP01844,In Transit,2025-07-28 01:02:46,Shipment processed successfully
EVT0000708,SHP003247,BR4109,EMP02442,In Transit,2025-06-25 15:59:47,Shipment delivered
EVT0000709,SHP000653,BR2166,EMP03522,Booked,2025-05-21 14:33:39,Package scanned at hub
EVT0000710,SHP000450,BR2783,EMP01794,Picked Up,2025-06-09 00:31:04,Vehicle departed
EVT0000711,SHP000765,BR4407,EMP04393,Delayed,2025-10-02 17:29:26,Customer unavailable
EVT0000712,SHP003278,BR2188,EMP04320,Arrived at Hub,2025-08-30 10:36:26,Package reached destination hub
EVT0000713,SHP004063,BR4646,EMP00117,In Transit,2025-03-22 21:55:18,Address verification required
EVT0000714,SHP003250,BR1836,EMP02846,In Transit,2025-11-18 16:36:16,Shipment processed successfully
EVT0000715,SHP002952,BR0429,EMP03506,Arrived at Hub,2025-04-26 11:01:57,Shipment processed successfully
EVT0000716,SHP000907,BR0499,EMP01101,In Transit,2025-05-02 15:07:21,Customer unavailable
EVT0000717,SHP002758,BR4911,EMP03104,Returned,2025-05-13 14:59:35,Address verification required
EVT0000718,SHP000242,BR2655,EMP03454,Returned,2025-03-16 01:00:47,Vehicle departed
EVT0000719,SHP002318,BR3373,EMP00528,Delivered,2025-02-26 21:16:29,Shipment processed successfully
EVT0000720,SHP001519,BR4107,EMP02017,Booked,2025-08-14 08:54:25,Address verification required
EVT0000721,SHP001393,BR1166,EMP03733,Booked,2025-02-04 23:57:12,Package scanned at hub
EVT0000722,SHP001472,BR4217,EMP04924,Picked Up,2025-01-26 01:25:15,Address verification required
EVT0000723,SHP000923,BR4782,EMP03747,Out for Delivery,2025-09-16 13:43:37,Shipment processed successfully
EVT0000724,SHP004646,BR4176,EMP02776,Out for Delivery,2025-08-17 06:35:56,Shipment delivered
EVT0000725,SHP004917,BR1405,EMP04375,Booked,2025-07-03 14:29:36,Shipment delivered
EVT0000726,SHP000434,BR1749,EMP04554,Out for Delivery,2025-07-31 21:38:11,Vehicle departed
EVT0000727,SHP001069,BR0031,EMP03937,In Transit,2025-04-05 16:38:03,Shipment delivered
EVT0000728,SHP000578,BR1872,EMP04074,Out for Delivery,2025-12-24 14:03:44,Package reached destination hub
EVT0000729,SHP003124,BR4359,EMP02010,Booked,2025-07-20 23:09:40,Delivery agent assigned
EVT0000730,SHP004989,BR2974,EMP03251,Out for Delivery,2025-10-05 07:23:15,Vehicle departed
EVT0000731,SHP001269,BR3421,EMP04587,Out for Delivery,2025-01-03 20:47:29,Package scanned at hub
EVT0000732,SHP004208,BR4022,EMP00417,Picked Up,2025-02-28 13:26:55,Delivery agent assigned
EVT0000733,SHP002229,BR3926,EMP03249,Delivered,2025-11-07 08:47:55,Delivery agent assigned
EVT0000734,SHP003863,BR3621,EMP03116,Booked,2025-09-18 21:45:41,Shipment delivered
EVT0000735,SHP000771,BR0057,EMP01443,Booked,2025-02-13 22:37:07,Vehicle departed
EVT0000736,SHP001103,BR0637,EMP02527,Delivered,2025-01-26 09:15:11,Shipment delivered
EVT0000737,SHP003855,BR1661,EMP02293,In Transit,2025-03-11 07:56:00,Shipment delivered
EVT0000738,SHP000181,BR0013,EMP01362,Arrived at Hub,2025-11-25 22:58:23,Address verification required
EVT0000739,SHP000811,BR0990,EMP02971,Picked Up,2025-04-30 22:14:04,Package scanned at hub
EVT0000740,SHP000624,BR0741,EMP00952,Delayed,2025-05-14 08:44:07,Shipment delivered
EVT0000741,SHP002675,BR0323,EMP04686,In Transit,2025-10-10 17:58:51,Package scanned at hub
EVT0000742,SHP002916,BR2901,EMP03057,Arrived at Hub,2025-05-12 01:48:46,Shipment delivered
EVT0000743,SHP004817,BR3617,EMP03942,Booked,2025-03-18 09:16:25,Address verification required
EVT0000744,SHP003290,BR2273,EMP01935,In Transit,2025-04-01 18:15:27,Shipment delivered
EVT0000745,SHP001621,BR0520,EMP02958,Booked,2025-03-04 11:49:31,Delivery agent assigned
EVT0000746,SHP004010,BR1663,EMP04841,In Transit,2025-07-23 07:30:17,Shipment processed successfully
EVT0000747,SHP003565,BR2240,EMP03984,In Transit,2025-05-27 09:10:05,Shipment processed successfully
EVT0000748,SHP002797,BR0201,EMP03390,Arrived at Hub,2025-04-11 17:08:56,Shipment delivered
EVT0000749,SHP003324,BR4363,EMP01260,Arrived at Hub,2025-09-29 04:15:39,Shipment processed successfully
EVT0000750,SHP004609,BR3613,EMP04517,In Transit,2025-08-02 00:32:27,Customer unavailable
EVT0000751,SHP002599,BR0318,EMP02319,In Transit,2025-06-03 12:14:47,Package reached destination hub
EVT0000752,SHP003524,BR4155,EMP01387,In Transit,2025-10-19 23:05:28,Shipment delivered
EVT0000753,SHP002072,BR0057,EMP03032,In Transit,2025-07-17 02:26:45,Package scanned at hub
EVT0000754,SHP003770,BR2602,EMP04292,Delivered,2025-03-11 04:18:08,Address verification required
EVT0000755,SHP000841,BR1760,EMP03003,Picked Up,2025-09-30 00:17:37,Package reached destination hub
EVT0000756,SHP000957,BR4620,EMP00191,Returned,2025-03-25 06:36:51,Shipment delivered
EVT0000757,SHP001020,BR1354,EMP00803,Booked,2025-06-05 08:36:40,Package reached destination hub
EVT0000758,SHP001092,BR0736,EMP00548,Delivered,2025-07-20 12:52:50,Vehicle departed
EVT0000759,SHP002041,BR2008,EMP01713,In Transit,2025-04-22 18:20:01,Package reached destination hub
EVT0000760,SHP002573,BR0239,EMP01334,Arrived at Hub,2025-10-08 06:58:19,Delivery agent assigned
EVT0000761,SHP001419,BR0145,EMP03194,Out for Delivery,2025-07-04 17:20:41,Customer unavailable
EVT0000762,SHP000856,BR3313,EMP02753,Out for Delivery,2025-05-26 13:50:22,Customer unavailable
EVT0000763,SHP003427,BR4933,EMP02494,Delivered,2025-02-03 08:38:30,Delivery agent assigned
EVT0000764,SHP000630,BR0528,EMP02219,Booked,2025-04-01 01:44:23,Package reached destination hub
EVT0000765,SHP001770,BR4701,EMP03250,Out for Delivery,2025-05-05 05:21:28,Shipment delivered
EVT0000766,SHP000225,BR2297,EMP00367,Delivered,2025-07-04 13:41:22,Customer unavailable
EVT0000767,SHP003502,BR2283,EMP02685,Delivered,2025-03-22 02:54:25,Shipment delivered
EVT0000768,SHP001307,BR4265,EMP02682,Out for Delivery,2025-08-12 21:10:17,Shipment delivered
EVT0000769,SHP000045,BR3539,EMP02246,Arrived at Hub,2025-03-07 05:48:41,Package scanned at hub
EVT0000770,SHP002866,BR3454,EMP03884,Out for Delivery,2025-06-21 10:59:51,Package scanned at hub
EVT0000771,SHP002315,BR1861,EMP04223,In Transit,2025-09-26 10:36:42,Delivery agent assigned
EVT0000772,SHP002608,BR3753,EMP04602,In Transit,2025-05-03 02:26:04,Delivery agent assigned
EVT0000773,SHP002021,BR2517,EMP02879,Picked Up,2025-01-09 23:27:07,Package scanned at hub
EVT0000774,SHP000732,BR4875,EMP02887,Booked,2025-12-09 07:55:28,Package scanned at hub
EVT0000775,SHP001681,BR3100,EMP02808,In Transit,2025-07-31 13:04:24,Shipment delivered
EVT0000776,SHP004641,BR4297,EMP04565,In Transit,2025-10-19 08:28:10,Vehicle departed
EVT0000777,SHP001955,BR2117,EMP04854,Booked,2025-09-24 17:47:47,Delivery agent assigned
EVT0000778,SHP004840,BR2898,EMP02725,Picked Up,2025-08-02 00:44:35,Package scanned at hub
EVT0000779,SHP000678,BR1806,EMP00864,Returned,2025-11-22 20:52:58,Package reached destination hub
EVT0000780,SHP000330,BR3123,EMP00746,In Transit,2025-11-03 13:52:33,Package reached destination hub
EVT0000781,SHP001350,BR0614,EMP01322,Delivered,2025-08-07 03:32:12,Shipment processed successfully
EVT0000782,SHP004094,BR3922,EMP01555,In Transit,2026-01-06 00:26:08,Vehicle departed
EVT0000783,SHP003082,BR3224,EMP04777,Delivered,2025-11-03 16:45:22,Package reached destination hub
EVT0000784,SHP001983,BR4702,EMP02754,Picked Up,2025-04-25 01:43:56,Delivery agent assigned
EVT0000785,SHP003083,BR4792,EMP04275,Out for Delivery,2025-12-20 16:21:33,Shipment processed successfully
EVT0000786,SHP001406,BR3558,EMP00073,Out for Delivery,2025-11-19 21:39:59,Package reached destination hub
EVT0000787,SHP001684,BR1215,EMP02891,Arrived at Hub,2025-09-25 02:34:44,Delivery agent assigned
EVT0000788,SHP001224,BR3225,EMP04847,In Transit,2025-07-28 19:28:33,Customer unavailable
EVT0000789,SHP004918,BR3028,EMP02446,Out for Delivery,2025-04-23 08:18:05,Vehicle departed
EVT0000790,SHP003532,BR3728,EMP00788,In Transit,2025-01-29 05:50:00,Shipment processed successfully
EVT0000791,SHP003343,BR3248,EMP01215,Delayed,2025-10-26 09:42:19,Address verification required
EVT0000792,SHP003236,BR0595,EMP04238,Out for Delivery,2025-11-07 07:55:46,Shipment delivered
EVT0000793,SHP003494,BR0589,EMP02523,Booked,2025-01-09 00:35:33,Shipment processed successfully
EVT0000794,SHP002911,BR4424,EMP04108,Delivered,2025-07-30 14:47:29,Delivery agent assigned
EVT0000795,SHP000444,BR0459,EMP04154,Arrived at Hub,2025-04-07 01:48:59,Vehicle departed
EVT0000796,SHP002682,BR3392,EMP01074,Arrived at Hub,2025-07-18 21:02:48,Package scanned at hub
EVT0000797,SHP004689,BR0048,EMP00730,Delivered,2025-08-05 02:31:10,Delivery agent assigned
EVT0000798,SHP000101,BR2049,EMP02573,Out for Delivery,2025-08-10 19:30:29,Shipment delivered
EVT0000799,SHP002946,BR1218,EMP01476,In Transit,2025-03-09 13:28:24,Customer unavailable
EVT0000800,SHP003754,BR2086,EMP04139,Booked,2025-10-26 09:18:11,Delivery agent assigned
EVT0000801,SHP000175,BR0579,EMP04792,Picked Up,2025-01-18 08:59:53,Address verification required
EVT0000802,SHP001479,BR3056,EMP00928,Delivered,2025-03-30 06:22:56,Package reached destination hub
EVT0000803,SHP000013,BR1818,EMP03590,Arrived at Hub,2025-04-07 22:45:08,Customer unavailable
EVT0000804,SHP001177,BR2792,EMP04902,Out for Delivery,2025-12-01 11:31:42,Delivery agent assigned
EVT0000805,SHP002095,BR3932,EMP04079,Booked,2025-05-20 12:30:45,Delivery agent assigned
EVT0000806,SHP001920,BR0113,EMP04021,Returned,2025-09-26 14:36:26,Package scanned at hub
EVT0000807,SHP000572,BR3453,EMP01714,In Transit,2025-01-31 04:06:41,Vehicle departed
EVT0000808,SHP003894,BR1597,EMP03065,Out for Delivery,2025-06-20 02:26:48,Package reached destination hub
EVT0000809,SHP001281,BR4969,EMP02565,Out for Delivery,2025-10-03 06:09:01,Customer unavailable
EVT0000810,SHP004008,BR0485,EMP00922,Delayed,2025-01-09 21:54:42,Customer unavailable
EVT0000811,SHP001841,BR1375,EMP00636,In Transit,2025-07-17 07:53:44,Address verification required
EVT0000812,SHP001029,BR4641,EMP00086,Picked Up,2025-11-24 12:54:58,Customer unavailable
EVT0000813,SHP002381,BR2671,EMP02128,Booked,2025-10-07 21:10:11,Shipment delivered
EVT0000814,SHP000136,BR3462,EMP00806,Out for Delivery,2025-07-06 08:04:37,Vehicle departed
EVT0000815,SHP004627,BR0050,EMP01510,Out for Delivery,2025-11-05 11:25:16,Delivery agent assigned
EVT0000816,SHP004009,BR0813,EMP04675,Picked Up,2025-02-23 03:58:59,Vehicle departed
EVT0000817,SHP003108,BR1876,EMP01409,In Transit,2025-10-12 06:59:13,Shipment processed successfully
EVT0000818,SHP003686,BR1112,EMP04966,Picked Up,2025-10-27 04:38:29,Vehicle departed
EVT0000819,SHP001738,BR1096,EMP00415,Delivered,2025-11-13 06:48:38,Shipment processed successfully
EVT0000820,SHP001268,BR2960,EMP02889,Arrived at Hub,2025-05-01 15:46:58,Address verification required
EVT0000821,SHP002715,BR1431,EMP01385,Delivered,2025-08-23 18:44:11,Package reached destination hub
EVT0000822,SHP004848,BR4423,EMP00426,Delivered,2025-07-07 17:24:04,Delivery agent assigned
EVT0000823,SHP000118,BR2397,EMP03430,Delivered,2025-03-23 10:18:27,Delivery agent assigned
EVT0000824,SHP001952,BR0925,EMP01723,Arrived at Hub,2025-05-11 03:56:39,Vehicle departed
EVT0000825,SHP000291,BR4468,EMP04878,Returned,2025-03-21 18:21:21,Shipment processed successfully
EVT0000826,SHP002947,BR4153,EMP03768,In Transit,2025-11-26 14:39:55,Shipment delivered
EVT0000827,SHP000825,BR1635,EMP02201,Picked Up,2025-08-22 12:51:14,Vehicle departed
EVT0000828,SHP002698,BR4991,EMP04196,Booked,2025-06-18 06:41:13,Customer unavailable
EVT0000829,SHP004495,BR0231,EMP02257,Picked Up,2025-10-05 07:55:32,Vehicle departed
EVT0000830,SHP000178,BR0668,EMP02394,In Transit,2025-07-25 13:00:12,Shipment delivered
EVT0000831,SHP002193,BR3890,EMP03296,Picked Up,2025-04-28 16:32:26,Package reached destination hub
EVT0000832,SHP002946,BR3799,EMP04269,In Transit,2025-10-27 06:54:32,Package reached destination hub
EVT0000833,SHP004104,BR2691,EMP04931,Arrived at Hub,2025-02-24 00:22:45,Delivery agent assigned
EVT0000834,SHP003075,BR1022,EMP02171,In Transit,2025-05-15 02:31:55,Vehicle departed
EVT0000835,SHP004610,BR2735,EMP03976,Delivered,2025-03-30 03:08:58,Customer unavailable
EVT0000836,SHP001419,BR2855,EMP00913,In Transit,2025-10-24 12:31:39,Address verification required
EVT0000837,SHP000847,BR1004,EMP03560,Out for Delivery,2025-04-16 15:26:27,Delivery agent assigned
EVT0000838,SHP000070,BR3531,EMP04477,In Transit,2025-08-23 05:24:15,Shipment delivered
EVT0000839,SHP001352,BR3384,EMP00530,Returned,2025-09-09 02:28:08,Package reached destination hub
EVT0000840,SHP004627,BR4588,EMP01527,Arrived at Hub,2025-02-19 20:43:43,Delivery agent assigned
EVT0000841,SHP000462,BR3811,EMP01205,In Transit,2025-02-15 12:36:08,Shipment delivered
EVT0000842,SHP001772,BR2315,EMP02386,In Transit,2025-05-03 18:11:27,Vehicle departed
EVT0000843,SHP001166,BR0771,EMP00126,Returned,2025-08-13 03:49:05,Package scanned at hub
EVT0000844,SHP004754,BR3605,EMP03251,Delivered,2025-05-20 23:37:35,Customer unavailable
EVT0000845,SHP002487,BR1161,EMP04691,Arrived at Hub,2025-03-03 19:03:10,Customer unavailable
EVT0000846,SHP001551,BR4550,EMP03251,Picked Up,2025-06-14 08:37:57,Delivery agent assigned
EVT0000847,SHP000923,BR2197,EMP04739,Delivered,2025-10-15 19:57:51,Package scanned at hub
EVT0000848,SHP003684,BR1322,EMP04865,In Transit,2025-06-21 18:46:14,Address verification required
EVT0000849,SHP004281,BR4205,EMP01623,Picked Up,2025-07-26 04:59:35,Address verification required
EVT0000850,SHP000694,BR3976,EMP03288,Picked Up,2025-12-22 10:19:34,Vehicle departed
EVT0000851,SHP004287,BR4235,EMP03029,In Transit,2025-04-09 21:35:12,Package reached destination hub
EVT0000852,SHP001727,BR4026,EMP01755,In Transit,2025-12-03 16:07:43,Package reached destination hub
EVT0000853,SHP001238,BR0469,EMP04784,Arrived at Hub,2025-10-05 04:28:37,Package reached destination hub
EVT0000854,SHP003870,BR2240,EMP02234,Delivered,2025-04-10 23:10:12,Address verification required
EVT0000855,SHP004471,BR2194,EMP02253,Arrived at Hub,2025-05-07 10:14:39,Shipment processed successfully
EVT0000856,SHP002293,BR3869,EMP02908,Arrived at Hub,2025-04-09 03:02:18,Delivery agent assigned
EVT0000857,SHP000091,BR1302,EMP03692,Booked,2025-10-02 06:13:33,Customer unavailable
EVT0000858,SHP002920,BR1286,EMP00012,In Transit,2025-09-25 11:26:32,Vehicle departed
EVT0000859,SHP004959,BR1286,EMP04366,Booked,2025-09-14 19:45:27,Delivery agent assigned
EVT0000860,SHP004424,BR4291,EMP04345,Delivered,2025-09-26 19:39:30,Customer unavailable
EVT0000861,SHP004933,BR3488,EMP03474,Arrived at Hub,2025-04-23 12:19:42,Shipment processed successfully
EVT0000862,SHP003917,BR1259,EMP01505,Arrived at Hub,2025-04-25 23:37:13,Package reached destination hub
EVT0000863,SHP002241,BR3575,EMP02933,Picked Up,2025-12-23 22:53:38,Shipment delivered
EVT0000864,SHP001790,BR2141,EMP01695,Picked Up,2025-04-28 05:44:03,Customer unavailable
EVT0000865,SHP003302,BR4749,EMP03289,Delivered,2025-08-26 00:35:39,Address verification required
EVT0000866,SHP004152,BR0568,EMP03523,Out for Delivery,2025-04-12 20:29:04,Package reached destination hub
EVT0000867,SHP002419,BR2601,EMP02571,Arrived at Hub,2025-01-12 04:22:37,Package scanned at hub
EVT0000868,SHP003153,BR3095,EMP01864,Arrived at Hub,2025-02-22 21:29:48,Address verification required
EVT0000869,SHP001085,BR1350,EMP00724,Arrived at Hub,2025-09-13 18:45:42,Vehicle departed
EVT0000870,SHP000681,BR1257,EMP04966,Booked,2025-10-24 02:33:06,Package scanned at hub
EVT0000871,SHP000639,BR3321,EMP02404,Booked,2025-06-19 14:15:54,Package reached destination hub
EVT0000872,SHP001132,BR0869,EMP03227,Out for Delivery,2025-03-12 17:30:48,Shipment processed successfully
EVT0000873,SHP004923,BR2974,EMP01693,Delivered,2025-11-08 06:05:53,Vehicle departed
EVT0000874,SHP004790,BR0554,EMP01590,Delivered,2025-06-15 06:49:55,Customer unavailable
EVT0000875,SHP001404,BR1751,EMP01873,Booked,2025-11-22 08:29:52,Customer unavailable
EVT0000876,SHP003751,BR4795,EMP03816,In Transit,2025-08-18 13:13:34,Package reached destination hub
EVT0000877,SHP001708,BR0306,EMP01243,Out for Delivery,2025-01-06 19:54:32,Package reached destination hub
EVT0000878,SHP004195,BR1240,EMP00841,Picked Up,2025-03-25 22:00:41,Package reached destination hub
EVT0000879,SHP002542,BR0272,EMP04107,Arrived at Hub,2025-09-16 07:18:31,Vehicle departed
EVT0000880,SHP001395,BR4906,EMP02381,Delivered,2025-07-10 03:54:11,Package reached destination hub
EVT0000881,SHP003606,BR2878,EMP00687,Delivered,2025-11-14 22:58:40,Package reached destination hub
EVT0000882,SHP000599,BR4347,EMP02145,Delayed,2025-06-07 16:56:30,Shipment processed successfully
EVT0000883,SHP002789,BR4209,EMP01202,Picked Up,2025-09-05 00:54:39,Vehicle departed
EVT0000884,SHP001239,BR2278,EMP04305,In Transit,2025-09-30 10:06:39,Shipment delivered
EVT0000885,SHP003757,BR3676,EMP04122,Returned,2025-11-29 05:15:24,Delivery agent assigned
EVT0000886,SHP002491,BR2116,EMP00789,Out for Delivery,2025-05-16 00:45:18,Customer unavailable
EVT0000887,SHP002895,BR0015,EMP01158,Out for Delivery,2025-11-14 22:26:50,Package reached destination hub
EVT0000888,SHP004949,BR3642,EMP00156,In Transit,2025-04-27 05:37:04,Shipment delivered
EVT0000889,SHP000707,BR2568,EMP03182,Delivered,2025-01-25 17:56:19,Customer unavailable
EVT0000890,SHP003013,BR2855,EMP00335,Booked,2025-09-11 18:46:32,Vehicle departed
EVT0000891,SHP003151,BR3809,EMP04825,Delivered,2025-05-19 04:27:27,Customer unavailable
EVT0000892,SHP002604,BR0716,EMP03652,Out for Delivery,2025-10-19 16:33:49,Package reached destination hub
EVT0000893,SHP000736,BR4411,EMP01301,Out for Delivery,2025-09-02 19:19:29,Vehicle departed
EVT0000894,SHP002273,BR1647,EMP00817,Delivered,2025-07-22 01:51:53,Shipment delivered
EVT0000895,SHP000706,BR4422,EMP04748,In Transit,2025-02-28 11:03:29,Delivery agent assigned
EVT0000896,SHP000721,BR0188,EMP00402,Picked Up,2025-09-18 05:03:54,Customer unavailable
EVT0000897,SHP002303,BR2388,EMP04426,In Transit,2025-04-10 09:56:37,Customer unavailable
EVT0000898,SHP001383,BR3425,EMP00462,Delivered,2025-05-25 13:14:50,Customer unavailable
EVT0000899,SHP002064,BR0295,EMP00717,Delivered,2025-09-30 01:47:37,Delivery agent assigned
EVT0000900,SHP000620,BR4310,EMP02793,Out for Delivery,2025-07-24 21:16:55,Delivery agent assigned
EVT0000901,SHP000437,BR4367,EMP00429,Picked Up,2025-12-22 08:31:08,Shipment processed successfully
EVT0000902,SHP001861,BR0035,EMP02240,Out for Delivery,2025-07-22 16:01:31,Vehicle departed
EVT0000903,SHP003804,BR0610,EMP00624,Out for Delivery,2025-04-23 03:19:07,Customer unavailable
EVT0000904,SHP003650,BR1915,EMP02588,Booked,2025-04-22 02:22:10,Address verification required
EVT0000905,SHP001079,BR4654,EMP00064,In Transit,2025-11-20 08:19:32,Address verification required
EVT0000906,SHP004702,BR3190,EMP03241,In Transit,2025-11-01 22:17:10,Delivery agent assigned
EVT0000907,SHP000009,BR0533,EMP01030,Out for Delivery,2025-04-07 19:39:17,Customer unavailable
EVT0000908,SHP003663,BR0907,EMP03638,In Transit,2025-08-05 13:36:43,Delivery agent assigned
EVT0000909,SHP000747,BR4841,EMP00441,Picked Up,2025-10-09 16:59:15,Customer unavailable
EVT0000910,SHP003376,BR1550,EMP04167,Booked,2025-09-08 13:19:45,Vehicle departed
EVT0000911,SHP004932,BR3045,EMP02998,In Transit,2025-08-16 20:06:34,Shipment processed successfully
EVT0000912,SHP003069,BR4114,EMP02829,Delivered,2025-12-23 05:21:15,Vehicle departed
EVT0000913,SHP001947,BR1820,EMP03027,In Transit,2025-08-22 19:52:35,Delivery agent assigned
EVT0000914,SHP002807,BR1979,EMP03405,Delivered,2025-04-27 01:23:23,Package scanned at hub
EVT0000915,SHP004310,BR2463,EMP02038,Delivered,2025-09-23 14:53:57,Shipment delivered
EVT0000916,SHP001788,BR1079,EMP01059,Out for Delivery,2025-10-23 21:18:16,Package scanned at hub
EVT0000917,SHP001887,BR3752,EMP03800,In Transit,2025-06-12 11:54:07,Package reached destination hub
EVT0000918,SHP003438,BR3066,EMP03524,Delivered,2025-10-02 15:45:02,Customer unavailable
EVT0000919,SHP000696,BR4899,EMP04292,In Transit,2025-11-26 09:38:51,Address verification required
EVT0000920,SHP000011,BR1532,EMP00871,Delivered,2025-09-13 17:56:38,Customer unavailable
EVT0000921,SHP004687,BR2085,EMP02536,Returned,2025-01-28 19:58:23,Package reached destination hub
EVT0000922,SHP003997,BR1801,EMP04358,Out for Delivery,2025-10-26 13:40:07,Vehicle departed
EVT0000923,SHP004364,BR0101,EMP01314,Picked Up,2025-12-04 03:52:21,Address verification required
EVT0000924,SHP004680,BR3200,EMP00792,In Transit,2025-12-09 08:32:58,Shipment delivered
EVT0000925,SHP004652,BR1784,EMP00578,Picked Up,2025-09-29 20:45:57,Package scanned at hub
EVT0000926,SHP001895,BR3682,EMP00151,Delivered,2025-02-28 05:11:58,Customer unavailable
EVT0000927,SHP001660,BR3900,EMP00615,In Transit,2025-05-03 13:39:50,Address verification required
EVT0000928,SHP001431,BR4137,EMP02130,Arrived at Hub,2025-11-14 15:04:04,Package reached destination hub
EVT0000929,SHP000500,BR0180,EMP04082,Booked,2025-01-27 05:06:24,Address verification required
EVT0000930,SHP004507,BR2279,EMP03298,Picked Up,2025-11-02 02:24:05,Delivery agent assigned
EVT0000931,SHP004112,BR1514,EMP00799,Arrived at Hub,2025-03-29 23:51:16,Shipment delivered
EVT0000932,SHP002820,BR4876,EMP00830,Out for Delivery,2025-11-18 10:55:17,Customer unavailable
EVT0000933,SHP000588,BR0807,EMP03793,Delivered,2025-03-10 12:29:58,Package reached destination hub
EVT0000934,SHP004878,BR1595,EMP00645,Picked Up,2025-11-30 23:25:25,Customer unavailable
EVT0000935,SHP003012,BR2447,EMP04673,Booked,2025-08-28 15:08:10,Shipment processed successfully
EVT0000936,SHP000134,BR1553,EMP03539,Booked,2025-11-04 10:48:23,Shipment delivered
EVT0000937,SHP003862,BR3739,EMP04213,Picked Up,2025-01-21 17:50:55,Package scanned at hub
EVT0000938,SHP004003,BR3409,EMP02789,Arrived at Hub,2025-02-13 05:40:03,Delivery agent assigned
EVT0000939,SHP004390,BR2085,EMP03771,Returned,2025-12-24 03:33:42,Package scanned at hub
EVT0000940,SHP000673,BR4742,EMP01498,In Transit,2025-01-22 20:35:53,Package scanned at hub
EVT0000941,SHP004768,BR1945,EMP04603,Returned,2025-05-06 13:46:58,Package reached destination hub
EVT0000942,SHP004567,BR4401,EMP00776,In Transit,2025-12-11 09:52:10,Shipment delivered
EVT0000943,SHP001764,BR4789,EMP04561,Delayed,2025-06-12 15:47:50,Delivery agent assigned
EVT0000944,SHP003367,BR3741,EMP01839,Picked Up,2025-12-22 17:57:39,Shipment processed successfully
EVT0000945,SHP003432,BR4254,EMP03054,Picked Up,2025-10-22 17:32:23,Address verification required
EVT0000946,SHP001663,BR0351,EMP04219,Delivered,2025-05-16 18:52:55,Shipment delivered
EVT0000947,SHP000634,BR4401,EMP00739,Delayed,2025-07-13 07:50:12,Package reached destination hub
EVT0000948,SHP001829,BR1679,EMP01372,Delivered,2025-05-15 22:37:47,Delivery agent assigned
EVT0000949,SHP003669,BR0588,EMP02911,Out for Delivery,2025-05-18 10:52:55,Customer unavailable
EVT0000950,SHP004947,BR1606,EMP00902,Delivered,2025-07-09 01:57:10,Package reached destination hub
EVT0000951,SHP000372,BR2545,EMP03244,Picked Up,2025-06-08 19:22:32,Vehicle departed
EVT0000952,SHP003978,BR3299,EMP03029,In Transit,2025-03-30 18:36:23,Shipment delivered
EVT0000953,SHP002140,BR3968,EMP03851,Delayed,2025-06-30 18:00:58,Address verification required
EVT0000954,SHP002147,BR1919,EMP03840,Arrived at Hub,2025-12-06 06:25:12,Package scanned at hub
EVT0000955,SHP000088,BR4747,EMP01699,Out for Delivery,2025-07-13 05:32:36,Package scanned at hub
EVT0000956,SHP002892,BR0404,EMP00868,Picked Up,2025-07-03 21:16:53,Address verification required
EVT0000957,SHP003162,BR1169,EMP00031,Picked Up,2025-05-24 18:29:00,Shipment processed successfully
EVT0000958,SHP004556,BR4905,EMP02097,Booked,2025-06-10 10:27:52,Package scanned at hub
EVT0000959,SHP000800,BR2251,EMP01322,Delivered,2025-08-22 06:37:32,Customer unavailable
EVT0000960,SHP001263,BR1032,EMP02537,In Transit,2025-08-31 02:19:29,Customer unavailable
EVT0000961,SHP001960,BR0348,EMP04758,Booked,2025-07-02 22:29:28,Address verification required
EVT0000962,SHP004898,BR0162,EMP02448,In Transit,2025-07-22 00:54:43,Delivery agent assigned
EVT0000963,SHP002441,BR3287,EMP01631,Arrived at Hub,2025-01-22 01:04:14,Address verification required
EVT0000964,SHP000285,BR2901,EMP03726,Delivered,2025-02-21 16:35:08,Package reached destination hub
EVT0000965,SHP003661,BR1273,EMP01687,In Transit,2025-09-06 06:21:22,Address verification required
EVT0000966,SHP003692,BR1390,EMP01316,Delivered,2025-12-31 01:20:15,Package reached destination hub
EVT0000967,SHP000769,BR0908,EMP02400,Booked,2025-12-29 09:48:17,Delivery agent assigned
EVT0000968,SHP000922,BR0016,EMP04725,In Transit,2025-12-08 13:04:40,Vehicle departed
EVT0000969,SHP000103,BR2702,EMP03542,In Transit,2025-08-10 15:04:06,Package scanned at hub
EVT0000970,SHP003669,BR1074,EMP02191,In Transit,2025-01-19 03:53:23,Customer unavailable
EVT0000971,SHP000817,BR3527,EMP03341,In Transit,2025-10-13 09:18:00,Package reached destination hub
EVT0000972,SHP004934,BR2034,EMP01400,Out for Delivery,2025-04-05 20:35:36,Package reached destination hub
EVT0000973,SHP004013,BR2315,EMP03498,Booked,2025-08-05 11:02:42,Customer unavailable
EVT0000974,SHP000128,BR3344,EMP04578,Delayed,2025-05-29 07:10:04,Customer unavailable
EVT0000975,SHP002672,BR1587,EMP02478,Arrived at Hub,2025-01-16 16:00:10,Package scanned at hub
EVT0000976,SHP002384,BR4485,EMP03960,Delivered,2025-04-07 05:29:18,Vehicle departed
EVT0000977,SHP003285,BR0777,EMP04120,Out for Delivery,2025-12-11 22:44:30,Package scanned at hub
EVT0000978,SHP002283,BR1823,EMP01777,In Transit,2025-02-07 13:18:31,Address verification required
EVT0000979,SHP000276,BR0567,EMP03133,In Transit,2025-02-07 04:39:39,Address verification required
EVT0000980,SHP004314,BR2976,EMP03089,Picked Up,2025-02-14 22:53:43,Address verification required
EVT0000981,SHP004696,BR3152,EMP02650,Delivered,2025-07-04 20:25:40,Package scanned at hub
EVT0000982,SHP001891,BR1065,EMP03276,Delivered,2025-02-27 00:39:50,Shipment processed successfully
EVT0000983,SHP001228,BR0172,EMP02985,Delayed,2025-03-29 13:41:34,Shipment processed successfully
EVT0000984,SHP000293,BR2039,EMP01151,Booked,2025-02-14 12:56:45,Package reached destination hub
EVT0000985,SHP004965,BR3653,EMP02248,Delivered,2025-02-25 14:35:55,Package scanned at hub
EVT0000986,SHP001469,BR1364,EMP04421,Delayed,2025-06-13 17:34:50,Package scanned at hub
EVT0000987,SHP000110,BR3497,EMP04024,Arrived at Hub,2025-12-18 07:22:56,Shipment delivered
EVT0000988,SHP000845,BR2927,EMP02589,Picked Up,2025-06-29 22:24:55,Vehicle departed
EVT0000989,SHP000020,BR2526,EMP03256,Out for Delivery,2025-07-20 14:37:58,Vehicle departed
EVT0000990,SHP002546,BR3028,EMP04126,In Transit,2025-02-04 14:12:47,Shipment processed successfully
EVT0000991,SHP003709,BR4259,EMP01587,Out for Delivery,2025-07-01 09:57:28,Package reached destination hub
EVT0000992,SHP001170,BR4836,EMP00214,Delayed,2025-07-26 11:07:50,Delivery agent assigned
EVT0000993,SHP004649,BR3876,EMP02528,Delivered,2025-04-08 13:40:14,Vehicle departed
EVT0000994,SHP001846,BR4912,EMP00338,Delayed,2025-12-20 01:36:09,Vehicle departed
EVT0000995,SHP003029,BR4664,EMP03232,In Transit,2025-06-26 22:17:28,Package reached destination hub
EVT0000996,SHP000213,BR3250,EMP01322,Picked Up,2025-09-29 17:35:44,Package reached destination hub
EVT0000997,SHP003926,BR4945,EMP03074,Out for Delivery,2025-08-12 21:26:23,Package reached destination hub
EVT0000998,SHP004714,BR4129,EMP02401,In Transit,2025-02-05 13:50:35,Package scanned at hub
EVT0000999,SHP002737,BR4053,EMP04938,Picked Up,2025-02-16 19:03:17,Customer unavailable
EVT0001000,SHP004606,BR4849,EMP03233,In Transit,2025-08-17 15:45:18,Shipment delivered
EVT0001001,SHP003369,BR3260,EMP00889,Picked Up,2025-08-28 22:50:04,Shipment delivered
EVT0001002,SHP004955,BR4446,EMP01886,Out for Delivery,2025-05-16 09:47:57,Shipment delivered
EVT0001003,SHP003354,BR1012,EMP03214,In Transit,2025-12-04 18:57:34,Package reached destination hub
EVT0001004,SHP001622,BR2267,EMP03512,Booked,2025-07-14 02:30:59,Package reached destination hub
EVT0001005,SHP004024,BR1480,EMP04760,Arrived at Hub,2025-09-14 14:09:51,Customer unavailable
EVT0001006,SHP001708,BR4885,EMP03512,Out for Delivery,2025-04-16 22:47:55,Customer unavailable
EVT0001007,SHP004620,BR2992,EMP03725,In Transit,2025-11-19 04:25:28,Package reached destination hub
EVT0001008,SHP001272,BR3528,EMP00040,Out for Delivery,2025-12-14 14:26:11,Shipment processed successfully
EVT0001009,SHP002211,BR1652,EMP01522,Arrived at Hub,2025-03-08 13:30:22,Package scanned at hub
EVT0001010,SHP003929,BR4231,EMP03462,Delivered,2025-05-30 22:26:54,Package scanned at hub
EVT0001011,SHP001083,BR0817,EMP03425,Arrived at Hub,2025-08-18 14:54:02,Address verification required
EVT0001012,SHP004962,BR3554,EMP01229,Delayed,2025-04-24 20:48:50,Shipment delivered
EVT0001013,SHP000874,BR2658,EMP02091,In Transit,2025-03-08 16:43:58,Package scanned at hub
EVT0001014,SHP001164,BR4504,EMP00206,Arrived at Hub,2025-07-22 01:19:56,Package reached destination hub
EVT0001015,SHP000871,BR3745,EMP02755,Delayed,2025-07-18 13:19:53,Vehicle departed
EVT0001016,SHP002300,BR4352,EMP04318,In Transit,2025-10-17 21:59:28,Address verification required
EVT0001017,SHP001271,BR2228,EMP00218,Delayed,2025-04-19 21:10:25,Shipment processed successfully
EVT0001018,SHP002769,BR4193,EMP03440,Arrived at Hub,2025-06-08 15:26:56,Shipment processed successfully
EVT0001019,SHP002339,BR4403,EMP00536,Picked Up,2025-09-21 19:39:36,Customer unavailable
EVT0001020,SHP001227,BR0410,EMP03351,Arrived at Hub,2025-12-25 16:52:44,Package reached destination hub
EVT0001021,SHP000536,BR0701,EMP00308,Arrived at Hub,2025-09-18 16:55:28,Shipment delivered
EVT0001022,SHP004320,BR3712,EMP02988,In Transit,2025-05-28 12:43:20,Shipment processed successfully
EVT0001023,SHP002063,BR4623,EMP02859,Out for Delivery,2025-08-12 04:50:42,Address verification required
EVT0001024,SHP001295,BR1745,EMP04174,Out for Delivery,2025-09-28 04:56:34,Delivery agent assigned
EVT0001025,SHP002718,BR4134,EMP02354,Arrived at Hub,2025-05-23 01:32:36,Shipment processed successfully
EVT0001026,SHP000767,BR0909,EMP00464,Delayed,2025-03-15 07:35:58,Vehicle departed
EVT0001027,SHP000750,BR4258,EMP04355,Arrived at Hub,2025-06-15 10:16:05,Address verification required
EVT0001028,SHP003251,BR0296,EMP00452,In Transit,2025-09-20 19:42:21,Delivery agent assigned
EVT0001029,SHP004107,BR2127,EMP03856,Out for Delivery,2025-02-19 02:00:02,Customer unavailable
EVT0001030,SHP001552,BR0573,EMP01670,Delivered,2025-03-08 14:27:01,Package reached destination hub
EVT0001031,SHP003127,BR2269,EMP01592,Out for Delivery,2025-04-23 09:56:14,Package scanned at hub
EVT0001032,SHP001736,BR0685,EMP02763,Out for Delivery,2025-05-16 12:48:53,Package scanned at hub
EVT0001033,SHP004221,BR2786,EMP04424,Delayed,2025-09-25 02:54:27,Customer unavailable
EVT0001034,SHP003613,BR2226,EMP01928,Out for Delivery,2025-07-31 03:32:56,Package reached destination hub
EVT0001035,SHP003671,BR2313,EMP01266,Delivered,2025-03-05 08:26:09,Shipment processed successfully
EVT0001036,SHP004320,BR4845,EMP03915,In Transit,2025-02-09 23:36:41,Shipment processed successfully
EVT0001037,SHP000226,BR3612,EMP04410,Booked,2025-12-29 15:07:20,Shipment delivered
EVT0001038,SHP000215,BR1707,EMP01211,Picked Up,2025-05-26 14:39:45,Package scanned at hub
EVT0001039,SHP004258,BR3149,EMP02242,Picked Up,2025-03-20 00:07:34,Package scanned at hub
EVT0001040,SHP001136,BR3121,EMP02284,Arrived at Hub,2025-01-31 17:27:26,Package reached destination hub
EVT0001041,SHP002915,BR0806,EMP04847,Booked,2025-05-01 22:18:52,Address verification required
EVT0001042,SHP002026,BR0428,EMP01890,Delivered,2025-08-05 17:07:56,Shipment delivered
EVT0001043,SHP000072,BR2508,EMP04929,Booked,2025-04-17 04:29:57,Address verification required
EVT0001044,SHP001873,BR4337,EMP02105,Delivered,2025-01-30 02:31:14,Address verification required
EVT0001045,SHP003824,BR3313,EMP02117,Arrived at Hub,2025-04-14 06:17:22,Customer unavailable
EVT0001046,SHP004669,BR1015,EMP04332,Picked Up,2025-09-26 18:22:02,Package scanned at hub
EVT0001047,SHP003922,BR0998,EMP01689,In Transit,2025-06-11 21:55:15,Shipment delivered
EVT0001048,SHP002309,BR4430,EMP00378,Booked,2025-04-06 04:00:59,Customer unavailable
EVT0001049,SHP002412,BR2999,EMP02529,In Transit,2025-10-07 17:05:46,Delivery agent assigned
EVT0001050,SHP002388,BR3123,EMP01233,Booked,2025-04-19 00:30:17,Vehicle departed
EVT0001051,SHP004511,BR2891,EMP01317,Returned,2025-03-05 23:19:38,Package scanned at hub
EVT0001052,SHP003856,BR4063,EMP04420,In Transit,2025-03-19 01:25:50,Package reached destination hub
EVT0001053,SHP001056,BR4346,EMP04256,Out for Delivery,2025-10-20 19:28:17,Delivery agent assigned
EVT0001054,SHP000867,BR1591,EMP03997,Arrived at Hub,2025-09-06 10:34:15,Customer unavailable
EVT0001055,SHP004265,BR0266,EMP02871,Delivered,2025-02-18 10:17:57,Vehicle departed
EVT0001056,SHP000568,BR2484,EMP00751,Delivered,2025-05-14 02:40:16,Shipment processed successfully
EVT0001057,SHP000777,BR0374,EMP01113,Out for Delivery,2025-07-21 13:26:05,Shipment processed successfully
EVT0001058,SHP002988,BR3625,EMP00090,Delayed,2025-11-11 08:06:26,Vehicle departed
EVT0001059,SHP000967,BR3103,EMP01732,Picked Up,2025-05-16 07:16:26,Delivery agent assigned
EVT0001060,SHP004199,BR2011,EMP03462,Delayed,2025-07-09 14:23:40,Shipment processed successfully
EVT0001061,SHP004060,BR2166,EMP04952,Delivered,2025-03-13 10:38:55,Shipment processed successfully
EVT0001062,SHP001388,BR3434,EMP04016,Out for Delivery,2025-12-31 12:11:30,Delivery agent assigned
EVT0001063,SHP000354,BR4414,EMP01511,In Transit,2025-04-21 12:18:58,Vehicle departed
EVT0001064,SHP004076,BR0244,EMP00429,Picked Up,2025-12-31 15:28:06,Shipment processed successfully
EVT0001065,SHP001225,BR3579,EMP01881,Arrived at Hub,2025-03-14 08:01:20,Package reached destination hub
EVT0001066,SHP002995,BR3318,EMP01244,In Transit,2025-06-19 06:40:00,Package reached destination hub
EVT0001067,SHP001285,BR2921,EMP00052,Picked Up,2025-04-26 05:09:00,Customer unavailable
EVT0001068,SHP002486,BR1854,EMP00721,Picked Up,2025-09-15 20:44:00,Package scanned at hub
EVT0001069,SHP004777,BR3091,EMP01812,In Transit,2025-11-29 08:51:50,Delivery agent assigned
EVT0001070,SHP004771,BR1895,EMP04334,Arrived at Hub,2025-05-24 05:04:11,Vehicle departed
EVT0001071,SHP001810,BR2232,EMP01980,Arrived at Hub,2025-10-21 18:58:58,Package scanned at hub
EVT0001072,SHP003055,BR1352,EMP03657,In Transit,2025-04-14 09:06:14,Package scanned at hub
EVT0001073,SHP000657,BR2467,EMP01423,Picked Up,2025-12-13 02:09:27,Package scanned at hub
EVT0001074,SHP003969,BR3353,EMP04354,In Transit,2025-03-12 22:28:15,Vehicle departed
EVT0001075,SHP003886,BR3299,EMP00853,Arrived at Hub,2025-12-26 01:15:31,Vehicle departed
EVT0001076,SHP000375,BR0454,EMP04951,Picked Up,2025-11-09 22:14:18,Vehicle departed
EVT0001077,SHP000303,BR1492,EMP02871,Out for Delivery,2025-12-12 06:40:13,Package reached destination hub
EVT0001078,SHP004762,BR3220,EMP03519,Booked,2025-06-12 18:43:02,Shipment processed successfully
EVT0001079,SHP004699,BR4462,EMP03109,Delivered,2025-08-19 18:22:42,Customer unavailable
EVT0001080,SHP002062,BR2981,EMP02095,Arrived at Hub,2025-09-05 14:54:00,Shipment processed successfully
EVT0001081,SHP001473,BR3184,EMP01807,Out for Delivery,2025-11-26 16:18:06,Shipment delivered
EVT0001082,SHP004320,BR2137,EMP01850,Booked,2025-11-03 02:44:35,Package reached destination hub
EVT0001083,SHP002508,BR2467,EMP03575,Out for Delivery,2025-04-04 22:18:18,Shipment processed successfully
EVT0001084,SHP000295,BR0938,EMP00216,Out for Delivery,2025-08-03 03:44:37,Shipment delivered
EVT0001085,SHP001007,BR2861,EMP02231,In Transit,2025-01-26 07:42:32,Address verification required
EVT0001086,SHP001438,BR3274,EMP01235,In Transit,2025-03-17 02:22:49,Package scanned at hub
EVT0001087,SHP000141,BR1957,EMP00113,Arrived at Hub,2025-01-05 21:06:11,Shipment delivered
EVT0001088,SHP001376,BR1390,EMP02941,Out for Delivery,2025-07-23 22:43:18,Address verification required
EVT0001089,SHP001103,BR4599,EMP03554,Out for Delivery,2025-07-31 14:44:27,Shipment processed successfully
EVT0001090,SHP000290,BR1480,EMP03027,Booked,2025-03-17 10:41:18,Shipment delivered
EVT0001091,SHP001132,BR1992,EMP04555,Returned,2025-12-26 02:42:22,Address verification required
EVT0001092,SHP000603,BR3909,EMP01463,In Transit,2025-07-13 20:08:33,Customer unavailable
EVT0001093,SHP000710,BR2278,EMP02293,Out for Delivery,2025-12-17 21:35:18,Vehicle departed
EVT0001094,SHP002204,BR0165,EMP02888,Picked Up,2025-10-06 07:01:50,Package reached destination hub
EVT0001095,SHP001931,BR0424,EMP02619,Delivered,2025-11-20 08:50:40,Vehicle departed
EVT0001096,SHP004851,BR1692,EMP01817,Delivered,2025-03-10 18:50:33,Address verification required
EVT0001097,SHP004516,BR2976,EMP04370,Delivered,2025-03-21 01:03:49,Package reached destination hub
EVT0001098,SHP002719,BR0475,EMP00544,Delivered,2025-01-28 12:26:42,Package reached destination hub
EVT0001099,SHP001104,BR1100,EMP03923,Out for Delivery,2025-03-21 12:43:25,Package scanned at hub
EVT0001100,SHP004779,BR0455,EMP03560,Delivered,2025-01-17 02:08:33,Package scanned at hub
EVT0001101,SHP002397,BR2531,EMP04907,Arrived at Hub,2025-09-23 02:00:14,Customer unavailable
EVT0001102,SHP002570,BR1684,EMP03330,Out for Delivery,2025-07-19 15:34:57,Vehicle departed
EVT0001103,SHP000214,BR2265,EMP03350,In Transit,2025-09-24 03:10:36,Customer unavailable
EVT0001104,SHP002102,BR3047,EMP04622,In Transit,2025-12-22 07:31:51,Customer unavailable
EVT0001105,SHP001219,BR0022,EMP04136,Picked Up,2025-04-28 18:50:11,Package scanned at hub
EVT0001106,SHP001455,BR1721,EMP03579,In Transit,2025-11-05 13:08:22,Shipment delivered
EVT0001107,SHP000098,BR4041,EMP02641,In Transit,2026-01-03 07:01:55,Customer unavailable
EVT0001108,SHP003920,BR4251,EMP04815,Arrived at Hub,2025-05-25 12:09:45,Package reached destination hub
EVT0001109,SHP002007,BR1848,EMP02024,Out for Delivery,2025-02-25 02:26:23,Shipment delivered
EVT0001110,SHP001685,BR2638,EMP00024,Booked,2025-07-25 15:42:53,Package reached destination hub
EVT0001111,SHP002273,BR3803,EMP00453,Out for Delivery,2026-01-04 19:19:22,Vehicle departed
EVT0001112,SHP004201,BR1310,EMP00319,Out for Delivery,2025-02-08 15:55:12,Vehicle departed
EVT0001113,SHP004832,BR3474,EMP00332,Delivered,2025-03-27 22:32:09,Package reached destination hub
EVT0001114,SHP003941,BR3241,EMP01346,Delivered,2025-06-24 12:16:58,Customer unavailable
EVT0001115,SHP003829,BR0173,EMP00068,Returned,2025-08-02 01:57:48,Shipment delivered
EVT0001116,SHP004849,BR3238,EMP04283,Delivered,2025-07-08 21:22:41,Address verification required
EVT0001117,SHP004511,BR1916,EMP00504,Delivered,2025-10-30 03:20:25,Package reached destination hub
EVT0001118,SHP001570,BR3449,EMP02407,In Transit,2025-07-05 20:59:56,Shipment processed successfully
EVT0001119,SHP003860,BR4336,EMP00749,Delivered,2025-10-24 14:14:57,Package reached destination hub
EVT0001120,SHP003047,BR0053,EMP03655,Delivered,2025-07-30 17:36:25,Customer unavailable
EVT0001121,SHP002744,BR2149,EMP00879,Booked,2025-02-01 13:27:01,Shipment delivered
EVT0001122,SHP002720,BR4849,EMP04923,Picked Up,2025-08-17 03:15:45,Package reached destination hub
EVT0001123,SHP001301,BR1144,EMP04240,Picked Up,2025-12-05 02:00:41,Shipment delivered
EVT0001124,SHP001415,BR0770,EMP03778,Picked Up,2025-09-01 23:21:44,Address verification required
EVT0001125,SHP003462,BR0586,EMP04449,In Transit,2025-11-21 10:18:54,Shipment delivered
EVT0001126,SHP001629,BR2090,EMP03547,Out for Delivery,2025-02-23 23:26:44,Delivery agent assigned
EVT0001127,SHP002026,BR0116,EMP04747,Out for Delivery,2025-12-05 22:10:16,Shipment processed successfully
EVT0001128,SHP002131,BR4036,EMP03628,Out for Delivery,2025-11-01 17:19:02,Package scanned at hub
EVT0001129,SHP004902,BR3039,EMP03546,Delivered,2025-07-07 22:01:20,Address verification required
EVT0001130,SHP004684,BR3657,EMP01705,In Transit,2025-05-07 21:22:49,Shipment processed successfully
EVT0001131,SHP003648,BR2728,EMP03722,Returned,2025-04-19 19:04:52,Customer unavailable
EVT0001132,SHP002293,BR4088,EMP03420,In Transit,2025-09-24 05:42:00,Shipment delivered
EVT0001133,SHP000070,BR0027,EMP01135,Arrived at Hub,2025-12-07 13:02:40,Address verification required
EVT0001134,SHP000052,BR2741,EMP04283,Arrived at Hub,2025-11-22 15:12:41,Package scanned at hub
EVT0001135,SHP003301,BR0932,EMP00343,Arrived at Hub,2025-04-25 04:02:59,Package reached destination hub
EVT0001136,SHP001693,BR1138,EMP01507,Delayed,2025-10-18 18:02:44,Package scanned at hub
EVT0001137,SHP001654,BR4123,EMP03450,Booked,2025-08-08 09:56:53,Vehicle departed
EVT0001138,SHP001411,BR2378,EMP00070,In Transit,2025-05-02 21:19:28,Shipment delivered
EVT0001139,SHP003691,BR4386,EMP04787,Delivered,2025-11-23 22:51:56,Delivery agent assigned
EVT0001140,SHP004286,BR2440,EMP03476,Out for Delivery,2025-10-17 23:43:12,Package scanned at hub
EVT0001141,SHP003049,BR2604,EMP03161,Delivered,2025-11-10 19:49:28,Customer unavailable
EVT0001142,SHP004619,BR4321,EMP03692,Picked Up,2025-05-28 22:24:48,Package scanned at hub
EVT0001143,SHP002955,BR3942,EMP02821,Arrived at Hub,2025-03-31 13:38:36,Package reached destination hub
EVT0001144,SHP004058,BR3142,EMP04278,Picked Up,2025-04-07 21:52:33,Vehicle departed
EVT0001145,SHP003078,BR4821,EMP03654,In Transit,2025-10-31 15:01:55,Delivery agent assigned
EVT0001146,SHP002560,BR3502,EMP03059,Picked Up,2025-03-06 09:33:38,Address verification required
EVT0001147,SHP002990,BR0591,EMP02452,Out for Delivery,2025-11-19 13:50:54,Customer unavailable
EVT0001148,SHP001503,BR1334,EMP03098,Delivered,2025-10-21 01:48:37,Shipment delivered
EVT0001149,SHP004081,BR3365,EMP00501,Picked Up,2025-12-18 13:16:09,Package reached destination hub
EVT0001150,SHP001830,BR2587,EMP04299,Delivered,2025-06-25 22:08:01,Address verification required
EVT0001151,SHP000730,BR1001,EMP04530,Arrived at Hub,2025-07-03 06:53:35,Package scanned at hub
EVT0001152,SHP001423,BR4876,EMP02909,Picked Up,2025-03-02 00:32:48,Address verification required
EVT0001153,SHP003096,BR4051,EMP04583,Delayed,2025-04-22 00:06:02,Package scanned at hub
EVT0001154,SHP002841,BR1644,EMP00727,Picked Up,2025-09-14 17:47:14,Customer unavailable
EVT0001155,SHP002210,BR3330,EMP00888,Arrived at Hub,2025-06-11 16:18:48,Vehicle departed
EVT0001156,SHP003506,BR4271,EMP03171,In Transit,2025-12-12 22:45:54,Package reached destination hub
EVT0001157,SHP002821,BR4353,EMP04978,In Transit,2025-11-23 05:51:48,Customer unavailable
EVT0001158,SHP000601,BR1031,EMP01438,Delivered,2025-02-05 23:59:27,Package reached destination hub
EVT0001159,SHP001822,BR3834,EMP04706,In Transit,2025-05-11 03:33:18,Shipment delivered
EVT0001160,SHP001516,BR4880,EMP04438,In Transit,2025-06-27 17:45:41,Package reached destination hub
EVT0001161,SHP003786,BR1847,EMP02002,Booked,2025-02-09 19:29:55,Shipment delivered
EVT0001162,SHP002241,BR0334,EMP00303,In Transit,2025-11-22 23:02:48,Shipment processed successfully
EVT0001163,SHP003684,BR3957,EMP04029,Delivered,2025-11-20 19:13:42,Vehicle departed
EVT0001164,SHP004734,BR1825,EMP00383,Delivered,2025-10-10 16:38:36,Customer unavailable
EVT0001165,SHP000353,BR1008,EMP02370,Delivered,2025-03-28 18:08:25,Vehicle departed
EVT0001166,SHP004559,BR0315,EMP03167,Arrived at Hub,2025-03-27 00:12:49,Package reached destination hub
EVT0001167,SHP004972,BR2965,EMP02207,Delivered,2025-06-16 14:44:12,Delivery agent assigned
EVT0001168,SHP004897,BR2695,EMP02539,Delivered,2025-12-08 03:04:08,Shipment delivered
EVT0001169,SHP002750,BR1836,EMP03892,Delivered,2025-10-05 06:28:06,Shipment processed successfully
EVT0001170,SHP000330,BR3473,EMP02245,Arrived at Hub,2025-12-09 12:37:05,Package scanned at hub
EVT0001171,SHP000849,BR3805,EMP03840,Arrived at Hub,2025-05-24 10:53:56,Address verification required
EVT0001172,SHP000157,BR4956,EMP04657,In Transit,2025-04-13 16:11:04,Shipment processed successfully
EVT0001173,SHP002915,BR4405,EMP02188,Arrived at Hub,2025-10-03 08:39:34,Shipment delivered
EVT0001174,SHP000460,BR2821,EMP04248,Arrived at Hub,2025-01-13 04:13:27,Shipment delivered
EVT0001175,SHP001867,BR3980,EMP01643,Out for Delivery,2025-09-02 13:16:28,Package reached destination hub
EVT0001176,SHP002924,BR0329,EMP04453,Delivered,2025-05-29 01:23:05,Address verification required
EVT0001177,SHP003842,BR0305,EMP00814,Picked Up,2025-06-02 12:29:41,Shipment delivered
EVT0001178,SHP001599,BR0011,EMP02930,Booked,2025-04-18 15:58:45,Package scanned at hub
EVT0001179,SHP001872,BR1373,EMP02964,Picked Up,2025-02-17 06:45:39,Delivery agent assigned
EVT0001180,SHP000552,BR0675,EMP01271,Arrived at Hub,2025-09-28 07:31:10,Delivery agent assigned
EVT0001181,SHP001788,BR3534,EMP04582,In Transit,2025-02-22 13:13:48,Package reached destination hub
EVT0001182,SHP000927,BR1719,EMP02631,Out for Delivery,2025-02-24 23:23:11,Shipment delivered
EVT0001183,SHP004836,BR1914,EMP03149,Out for Delivery,2025-10-06 15:32:29,Vehicle departed
EVT0001184,SHP004781,BR2981,EMP02586,Delivered,2025-06-12 15:03:53,Package scanned at hub
EVT0001185,SHP004502,BR2876,EMP01632,Out for Delivery,2025-08-24 05:12:36,Shipment delivered
EVT0001186,SHP004464,BR0638,EMP01061,In Transit,2025-06-29 12:43:43,Shipment delivered
EVT0001187,SHP001564,BR1979,EMP03766,Picked Up,2025-04-16 08:07:40,Vehicle departed
EVT0001188,SHP004717,BR1698,EMP02165,Arrived at Hub,2025-05-12 10:36:10,Shipment delivered
EVT0001189,SHP004562,BR2506,EMP02513,Out for Delivery,2025-07-18 17:12:41,Vehicle departed
EVT0001190,SHP001467,BR0652,EMP01331,Arrived at Hub,2025-01-12 18:33:51,Package scanned at hub
EVT0001191,SHP001360,BR4120,EMP04975,Delivered,2025-02-14 18:52:34,Package reached destination hub
EVT0001192,SHP002639,BR1921,EMP02970,Picked Up,2025-07-17 09:10:27,Delivery agent assigned
EVT0001193,SHP000746,BR0564,EMP03492,Delivered,2025-10-28 06:05:56,Customer unavailable
EVT0001194,SHP000293,BR3357,EMP02307,Booked,2025-03-26 05:09:16,Delivery agent assigned
EVT0001195,SHP001552,BR0232,EMP01933,Arrived at Hub,2025-12-19 16:35:59,Package scanned at hub
EVT0001196,SHP004508,BR1097,EMP00185,Picked Up,2025-08-24 18:46:15,Vehicle departed
EVT0001197,SHP004775,BR2704,EMP01346,Delayed,2025-10-05 15:51:06,Shipment processed successfully
EVT0001198,SHP003359,BR2557,EMP03390,In Transit,2025-06-06 11:35:36,Address verification required
EVT0001199,SHP002679,BR3396,EMP04878,Arrived at Hub,2025-04-01 22:04:07,Delivery agent assigned
EVT0001200,SHP003240,BR4814,EMP03236,In Transit,2025-03-09 19:22:20,Address verification required
EVT0001201,SHP003961,BR1051,EMP00640,Returned,2025-01-29 11:44:24,Delivery agent assigned
EVT0001202,SHP001315,BR3326,EMP04345,Arrived at Hub,2025-10-13 23:56:54,Shipment processed successfully
EVT0001203,SHP001781,BR4600,EMP00687,Picked Up,2025-07-15 01:25:19,Shipment processed successfully
EVT0001204,SHP004379,BR0405,EMP00341,Picked Up,2025-10-08 07:52:12,Package scanned at hub
EVT0001205,SHP002007,BR3189,EMP04699,Arrived at Hub,2025-10-27 16:45:50,Vehicle departed
EVT0001206,SHP003408,BR2172,EMP03622,Delayed,2025-06-01 02:32:54,Customer unavailable
EVT0001207,SHP002388,BR3354,EMP01697,Picked Up,2025-09-06 00:03:01,Shipment processed successfully
EVT0001208,SHP000356,BR0270,EMP03166,Out for Delivery,2025-09-10 19:08:29,Package scanned at hub
EVT0001209,SHP003062,BR0761,EMP02697,In Transit,2025-02-09 01:34:19,Address verification required
EVT0001210,SHP000924,BR0740,EMP04905,Returned,2025-08-16 14:23:55,Delivery agent assigned
EVT0001211,SHP004503,BR2532,EMP03726,Booked,2025-12-08 11:58:34,Delivery agent assigned
EVT0001212,SHP000181,BR3536,EMP03595,Out for Delivery,2025-01-15 21:32:06,Package scanned at hub
EVT0001213,SHP002023,BR1229,EMP04275,Picked Up,2025-10-17 11:22:44,Vehicle departed
EVT0001214,SHP003760,BR2454,EMP04362,Picked Up,2025-04-29 16:27:25,Package scanned at hub
EVT0001215,SHP002667,BR3819,EMP01262,Delivered,2025-09-26 10:39:18,Shipment processed successfully
EVT0001216,SHP003672,BR1776,EMP04884,In Transit,2025-08-03 23:59:47,Vehicle departed
EVT0001217,SHP003921,BR1146,EMP02722,Delayed,2025-03-23 08:30:36,Address verification required
EVT0001218,SHP003738,BR0505,EMP00445,Picked Up,2025-02-14 18:01:45,Shipment processed successfully
EVT0001219,SHP004836,BR4605,EMP01366,Booked,2025-03-29 08:55:35,Delivery agent assigned
EVT0001220,SHP000639,BR3742,EMP02603,Arrived at Hub,2025-03-17 10:18:54,Package scanned at hub
EVT0001221,SHP004128,BR3392,EMP01469,Out for Delivery,2025-12-17 19:47:02,Package reached destination hub
EVT0001222,SHP002461,BR0925,EMP00018,In Transit,2025-04-03 01:06:54,Vehicle departed
EVT0001223,SHP000161,BR4959,EMP04610,In Transit,2025-07-29 11:47:13,Package reached destination hub
EVT0001224,SHP001914,BR4292,EMP00713,In Transit,2025-06-16 03:25:25,Package reached destination hub
EVT0001225,SHP004905,BR3788,EMP04041,Out for Delivery,2025-04-21 03:06:13,Vehicle departed
EVT0001226,SHP000786,BR3773,EMP00637,Picked Up,2025-02-16 11:05:57,Shipment delivered
EVT0001227,SHP000303,BR4413,EMP03669,Arrived at Hub,2025-01-14 01:16:11,Package reached destination hub
EVT0001228,SHP003418,BR1786,EMP04199,In Transit,2025-08-05 23:07:46,Customer unavailable
EVT0001229,SHP004462,BR0980,EMP01332,Arrived at Hub,2025-11-11 20:14:45,Package reached destination hub
EVT0001230,SHP001256,BR2714,EMP00115,Picked Up,2025-07-09 06:56:56,Package reached destination hub
EVT0001231,SHP003725,BR4281,EMP01455,Booked,2025-10-27 10:51:19,Package scanned at hub
EVT0001232,SHP004820,BR2372,EMP00343,Booked,2025-06-15 12:11:36,Delivery agent assigned
EVT0001233,SHP002634,BR1730,EMP04476,Delivered,2025-08-21 21:27:01,Shipment processed successfully
EVT0001234,SHP004426,BR1842,EMP03273,Delivered,2025-08-10 05:53:25,Delivery agent assigned
EVT0001235,SHP003055,BR1534,EMP02642,Delivered,2025-01-24 10:32:47,Shipment delivered
EVT0001236,SHP003330,BR1275,EMP00342,Out for Delivery,2025-03-20 07:54:27,Package scanned at hub
EVT0001237,SHP004048,BR4987,EMP02636,Arrived at Hub,2025-08-25 16:46:22,Shipment processed successfully
EVT0001238,SHP001126,BR4936,EMP01327,Booked,2025-06-04 11:44:50,Address verification required
EVT0001239,SHP004838,BR2252,EMP01707,Picked Up,2025-02-24 04:58:33,Shipment processed successfully
EVT0001240,SHP003412,BR0456,EMP00935,In Transit,2025-12-22 14:47:52,Shipment processed successfully
EVT0001241,SHP003188,BR4434,EMP01894,Booked,2025-05-29 13:11:27,Vehicle departed
EVT0001242,SHP004967,BR3028,EMP00567,Delivered,2025-05-16 14:02:36,Package reached destination hub
EVT0001243,SHP000624,BR2148,EMP04277,Out for Delivery,2025-09-19 05:41:40,Vehicle departed
EVT0001244,SHP000625,BR0735,EMP02417,Delivered,2025-01-09 22:55:05,Vehicle departed
EVT0001245,SHP000832,BR0203,EMP01640,Booked,2025-06-22 09:23:37,Package scanned at hub
EVT0001246,SHP004263,BR0680,EMP01058,In Transit,2025-01-20 11:01:24,Vehicle departed
EVT0001247,SHP002739,BR4655,EMP02384,In Transit,2025-09-07 00:23:09,Vehicle departed
EVT0001248,SHP004065,BR1354,EMP01822,Out for Delivery,2025-08-11 13:58:28,Package scanned at hub
EVT0001249,SHP000799,BR2185,EMP01439,Delivered,2025-07-09 06:44:47,Package reached destination hub
EVT0001250,SHP002669,BR2882,EMP04967,In Transit,2025-12-20 03:08:38,Vehicle departed
EVT0001251,SHP004903,BR3656,EMP04448,In Transit,2025-10-10 12:46:59,Shipment delivered
EVT0001252,SHP003583,BR2371,EMP02245,Picked Up,2025-01-29 11:37:32,Package scanned at hub
EVT0001253,SHP002871,BR2355,EMP01510,Arrived at Hub,2025-07-27 22:12:52,Vehicle departed
EVT0001254,SHP000676,BR3196,EMP02735,Arrived at Hub,2025-12-13 04:52:51,Customer unavailable
EVT0001255,SHP001646,BR4434,EMP02894,Out for Delivery,2025-09-09 02:23:34,Customer unavailable
EVT0001256,SHP004846,BR0172,EMP03261,In Transit,2025-01-26 00:40:21,Package reached destination hub
EVT0001257,SHP004186,BR4166,EMP00572,Delivered,2025-09-21 18:24:12,Vehicle departed
EVT0001258,SHP002917,BR2890,EMP01824,In Transit,2025-09-08 23:42:01,Package reached destination hub
EVT0001259,SHP003343,BR4334,EMP01741,Picked Up,2025-05-13 06:14:06,Address verification required
EVT0001260,SHP000762,BR0529,EMP03785,Delivered,2025-08-09 20:22:40,Address verification required
EVT0001261,SHP003226,BR4059,EMP02500,Picked Up,2025-10-25 14:40:02,Package scanned at hub
EVT0001262,SHP003352,BR4326,EMP04242,Picked Up,2026-01-04 15:59:28,Shipment delivered
EVT0001263,SHP002375,BR4879,EMP02173,Picked Up,2025-04-28 09:04:19,Delivery agent assigned
EVT0001264,SHP000163,BR3043,EMP04970,Arrived at Hub,2025-03-12 18:56:37,Delivery agent assigned
EVT0001265,SHP000548,BR1752,EMP01155,In Transit,2025-12-26 14:58:34,Shipment delivered
EVT0001266,SHP004867,BR4460,EMP02934,Returned,2025-10-25 20:07:50,Package scanned at hub
EVT0001267,SHP002808,BR2762,EMP00114,Booked,2025-08-10 17:58:22,Vehicle departed
EVT0001268,SHP004620,BR3548,EMP01620,In Transit,2025-12-08 07:29:36,Shipment processed successfully
EVT0001269,SHP001075,BR0168,EMP00356,Booked,2025-04-21 18:32:40,Vehicle departed
EVT0001270,SHP003632,BR2042,EMP01447,Delivered,2025-03-22 10:38:25,Package reached destination hub
EVT0001271,SHP001757,BR1896,EMP00994,Arrived at Hub,2025-08-10 18:32:57,Address verification required
EVT0001272,SHP000779,BR1025,EMP04160,Out for Delivery,2025-03-26 01:20:26,Package reached destination hub
EVT0001273,SHP003091,BR0338,EMP01245,Returned,2025-01-10 15:44:45,Address verification required
EVT0001274,SHP000364,BR3990,EMP00112,Arrived at Hub,2025-09-23 10:48:28,Package scanned at hub
EVT0001275,SHP000733,BR4923,EMP01129,In Transit,2025-02-08 18:01:06,Vehicle departed
EVT0001276,SHP000677,BR2920,EMP01379,Arrived at Hub,2025-03-15 14:31:13,Package reached destination hub
EVT0001277,SHP002349,BR2515,EMP02271,Arrived at Hub,2025-01-12 03:29:11,Package reached destination hub
EVT0001278,SHP000871,BR3616,EMP02160,In Transit,2025-07-15 09:30:40,Package scanned at hub
EVT0001279,SHP003182,BR0930,EMP02828,Out for Delivery,2025-01-26 06:55:37,Shipment processed successfully
EVT0001280,SHP002983,BR4888,EMP00783,Delivered,2025-07-30 21:44:26,Delivery agent assigned
EVT0001281,SHP004112,BR3292,EMP02827,Picked Up,2026-01-03 14:19:07,Vehicle departed
EVT0001282,SHP002137,BR3719,EMP04070,In Transit,2026-01-03 23:04:12,Address verification required
EVT0001283,SHP004624,BR4532,EMP03058,Arrived at Hub,2025-09-21 09:55:17,Address verification required
EVT0001284,SHP004966,BR4570,EMP04934,Delivered,2025-07-26 03:17:00,Shipment processed successfully
EVT0001285,SHP001087,BR2080,EMP04428,Delayed,2025-07-02 18:40:17,Shipment delivered
EVT0001286,SHP004614,BR3554,EMP03683,Delivered,2025-12-24 00:26:03,Address verification required
EVT0001287,SHP001948,BR3415,EMP00667,Arrived at Hub,2025-08-21 15:13:18,Vehicle departed
EVT0001288,SHP004555,BR3134,EMP01649,Booked,2025-08-02 06:20:15,Delivery agent assigned
EVT0001289,SHP002755,BR4053,EMP00469,Picked Up,2025-06-27 21:37:37,Vehicle departed
EVT0001290,SHP001115,BR2799,EMP02884,In Transit,2025-03-01 03:48:03,Address verification required
EVT0001291,SHP004705,BR3600,EMP01878,Picked Up,2025-12-13 03:11:36,Address verification required
EVT0001292,SHP003026,BR0151,EMP02396,Booked,2025-06-01 03:06:23,Package scanned at hub
EVT0001293,SHP003945,BR2094,EMP00224,In Transit,2025-09-24 05:09:43,Vehicle departed
EVT0001294,SHP000601,BR4315,EMP00952,Arrived at Hub,2025-09-19 19:58:48,Shipment delivered
EVT0001295,SHP001191,BR2554,EMP04221,Out for Delivery,2025-04-13 18:23:41,Package scanned at hub
EVT0001296,SHP000185,BR1765,EMP01901,Out for Delivery,2025-03-27 12:48:26,Shipment processed successfully
EVT0001297,SHP001210,BR0620,EMP03084,Delivered,2025-12-03 14:13:03,Delivery agent assigned
EVT0001298,SHP000400,BR2245,EMP04039,In Transit,2025-02-13 16:34:08,Shipment delivered
EVT0001299,SHP003891,BR1399,EMP02343,Out for Delivery,2025-07-27 06:54:01,Package scanned at hub
EVT0001300,SHP002916,BR0235,EMP02701,In Transit,2025-04-17 06:03:07,Delivery agent assigned
EVT0001301,SHP004853,BR1423,EMP03201,Booked,2025-02-11 09:17:39,Address verification required
EVT0001302,SHP001005,BR1246,EMP00733,In Transit,2025-05-03 17:45:15,Delivery agent assigned
EVT0001303,SHP001014,BR1191,EMP03509,Picked Up,2025-01-21 12:11:45,Vehicle departed
EVT0001304,SHP002021,BR3600,EMP01039,Picked Up,2025-10-15 15:28:08,Package reached destination hub
EVT0001305,SHP003639,BR1478,EMP00134,Out for Delivery,2025-08-15 22:13:56,Package scanned at hub
EVT0001306,SHP002155,BR0235,EMP02888,Booked,2025-06-29 05:57:39,Address verification required
EVT0001307,SHP000670,BR0332,EMP04524,Arrived at Hub,2025-06-09 17:36:37,Shipment delivered
EVT0001308,SHP004136,BR0490,EMP04328,Booked,2025-09-27 02:53:49,Shipment processed successfully
EVT0001309,SHP002824,BR3975,EMP01680,Delivered,2025-06-15 05:11:38,Shipment delivered
EVT0001310,SHP000591,BR2854,EMP00865,Picked Up,2025-10-28 14:22:54,Package scanned at hub
EVT0001311,SHP001013,BR2101,EMP04943,In Transit,2025-04-01 00:44:49,Shipment delivered
EVT0001312,SHP003897,BR0449,EMP01806,Out for Delivery,2025-11-03 22:18:51,Delivery agent assigned
EVT0001313,SHP004881,BR0835,EMP04174,Picked Up,2025-05-11 00:48:09,Package reached destination hub
EVT0001314,SHP004833,BR0625,EMP02255,Out for Delivery,2025-07-15 10:16:28,Vehicle departed
EVT0001315,SHP000842,BR4622,EMP03159,Out for Delivery,2025-02-05 09:14:50,Package scanned at hub
EVT0001316,SHP001939,BR4459,EMP04686,In Transit,2025-06-23 00:33:22,Vehicle departed
EVT0001317,SHP001526,BR0838,EMP03851,Delivered,2025-08-30 14:15:02,Address verification required
EVT0001318,SHP003807,BR1934,EMP01446,Picked Up,2025-07-14 06:09:37,Package reached destination hub
EVT0001319,SHP001341,BR4156,EMP00495,Arrived at Hub,2025-06-20 14:51:14,Shipment processed successfully
EVT0001320,SHP003793,BR1265,EMP00846,Arrived at Hub,2025-02-27 16:05:02,Delivery agent assigned
EVT0001321,SHP004324,BR1530,EMP01941,Out for Delivery,2025-05-15 22:53:17,Package reached destination hub
EVT0001322,SHP004626,BR1327,EMP02109,Out for Delivery,2025-03-13 14:28:22,Delivery agent assigned
EVT0001323,SHP000832,BR3259,EMP04276,Delivered,2025-03-05 11:29:50,Customer unavailable
EVT0001324,SHP000377,BR4993,EMP03036,Delivered,2025-06-29 08:00:41,Customer unavailable
EVT0001325,SHP000786,BR1355,EMP02653,Booked,2025-01-16 17:51:09,Address verification required
EVT0001326,SHP004018,BR0031,EMP02100,In Transit,2025-12-14 19:58:12,Shipment processed successfully
EVT0001327,SHP004375,BR4790,EMP02516,Delivered,2025-12-28 11:04:20,Customer unavailable
EVT0001328,SHP000618,BR1322,EMP02089,Arrived at Hub,2025-12-14 08:50:51,Customer unavailable
EVT0001329,SHP002812,BR0292,EMP04824,Picked Up,2025-04-02 04:14:54,Delivery agent assigned
EVT0001330,SHP002563,BR4072,EMP01314,Delivered,2025-10-21 08:05:43,Shipment delivered
EVT0001331,SHP001337,BR1763,EMP02538,Booked,2025-04-28 15:35:03,Package reached destination hub
EVT0001332,SHP002207,BR4163,EMP03979,Returned,2025-02-04 06:53:44,Shipment delivered
EVT0001333,SHP000744,BR3466,EMP03136,Picked Up,2025-04-30 04:51:33,Delivery agent assigned
EVT0001334,SHP004906,BR0781,EMP02559,Arrived at Hub,2025-07-29 06:25:49,Customer unavailable
EVT0001335,SHP001787,BR0108,EMP00019,Arrived at Hub,2025-06-22 07:59:38,Delivery agent assigned
EVT0001336,SHP002678,BR4047,EMP01307,Booked,2025-11-11 06:48:48,Customer unavailable
EVT0001337,SHP004829,BR2166,EMP00422,Out for Delivery,2025-04-06 12:49:46,Delivery agent assigned
EVT0001338,SHP001626,BR3767,EMP00254,Picked Up,2025-04-14 12:41:30,Package scanned at hub
EVT0001339,SHP000103,BR0856,EMP04923,In Transit,2025-06-28 22:58:41,Delivery agent assigned
EVT0001340,SHP004811,BR3015,EMP02320,Picked Up,2025-08-04 13:56:44,Delivery agent assigned
EVT0001341,SHP004913,BR0786,EMP00970,Arrived at Hub,2025-08-07 18:38:55,Delivery agent assigned
EVT0001342,SHP002680,BR2963,EMP03629,Picked Up,2025-04-10 13:18:08,Shipment processed successfully
EVT0001343,SHP004646,BR3375,EMP02818,Out for Delivery,2025-08-17 13:32:32,Vehicle departed
EVT0001344,SHP003658,BR0725,EMP02502,Delivered,2025-08-18 00:36:16,Package scanned at hub
EVT0001345,SHP003745,BR2191,EMP00682,Booked,2025-08-12 09:31:42,Package reached destination hub
EVT0001346,SHP003985,BR3764,EMP04372,In Transit,2025-01-02 16:03:32,Vehicle departed
EVT0001347,SHP004257,BR4277,EMP04795,Out for Delivery,2025-12-22 11:56:08,Package scanned at hub
EVT0001348,SHP004652,BR0990,EMP02209,Arrived at Hub,2025-09-28 10:56:10,Customer unavailable
EVT0001349,SHP004093,BR4978,EMP03124,In Transit,2025-03-19 17:03:10,Customer unavailable
EVT0001350,SHP000689,BR0530,EMP01251,Delayed,2025-09-17 02:05:28,Vehicle departed
EVT0001351,SHP002572,BR4930,EMP03832,Out for Delivery,2025-10-04 18:38:08,Shipment delivered
EVT0001352,SHP000426,BR3039,EMP01023,Delivered,2025-12-10 07:28:50,Vehicle departed
EVT0001353,SHP000016,BR2594,EMP00674,Out for Delivery,2025-06-30 04:02:50,Delivery agent assigned
EVT0001354,SHP003555,BR4693,EMP02259,In Transit,2025-06-30 14:07:41,Vehicle departed
EVT0001355,SHP000719,BR1516,EMP02770,In Transit,2025-05-06 06:12:37,Address verification required
EVT0001356,SHP003971,BR1012,EMP04919,Delivered,2025-01-10 14:32:10,Customer unavailable
EVT0001357,SHP000544,BR4502,EMP03837,Arrived at Hub,2025-01-28 04:09:05,Vehicle departed
EVT0001358,SHP003012,BR2389,EMP04877,Picked Up,2025-02-26 04:36:54,Shipment delivered
EVT0001359,SHP003589,BR1329,EMP03047,Booked,2025-11-27 14:46:28,Package reached destination hub
EVT0001360,SHP004925,BR4692,EMP03000,Booked,2025-04-04 14:30:09,Customer unavailable
EVT0001361,SHP000573,BR3643,EMP01625,In Transit,2025-08-08 12:00:00,Customer unavailable
EVT0001362,SHP002210,BR2071,EMP01117,In Transit,2025-09-24 03:55:48,Package reached destination hub
EVT0001363,SHP002054,BR1285,EMP02727,Out for Delivery,2025-04-22 15:17:46,Shipment processed successfully
EVT0001364,SHP004558,BR0024,EMP01942,In Transit,2025-11-06 13:46:27,Customer unavailable
EVT0001365,SHP000982,BR4637,EMP04195,Arrived at Hub,2025-10-08 00:48:53,Package scanned at hub
EVT0001366,SHP000165,BR3920,EMP00890,Arrived at Hub,2025-10-29 21:42:47,Delivery agent assigned
EVT0001367,SHP002367,BR1539,EMP01805,Delivered,2025-11-12 02:20:45,Package reached destination hub
EVT0001368,SHP000264,BR2392,EMP04709,In Transit,2025-04-30 17:21:14,Vehicle departed
EVT0001369,SHP002686,BR0622,EMP00724,In Transit,2025-01-30 03:06:35,Customer unavailable
EVT0001370,SHP004260,BR4990,EMP03601,In Transit,2025-05-26 10:56:09,Package reached destination hub
EVT0001371,SHP001873,BR4803,EMP01476,Out for Delivery,2025-07-26 19:41:43,Package scanned at hub
EVT0001372,SHP000505,BR0390,EMP02101,In Transit,2025-01-30 09:13:56,Vehicle departed
EVT0001373,SHP004056,BR0096,EMP04886,Picked Up,2025-08-29 10:15:54,Address verification required
EVT0001374,SHP003403,BR2214,EMP01525,In Transit,2025-05-16 08:17:21,Address verification required
EVT0001375,SHP000702,BR3012,EMP01195,Out for Delivery,2025-11-09 23:26:17,Customer unavailable
EVT0001376,SHP004704,BR2863,EMP01665,Delivered,2025-10-31 09:00:37,Package reached destination hub
EVT0001377,SHP001520,BR1711,EMP02766,Delivered,2025-01-23 09:10:10,Vehicle departed
EVT0001378,SHP000199,BR0059,EMP02962,In Transit,2025-05-29 23:51:46,Vehicle departed
EVT0001379,SHP000932,BR0530,EMP00085,Delivered,2025-02-27 18:55:38,Package scanned at hub
EVT0001380,SHP000823,BR0772,EMP04213,In Transit,2025-12-24 16:12:13,Customer unavailable
EVT0001381,SHP003888,BR1362,EMP01305,Arrived at Hub,2025-01-10 13:17:55,Package scanned at hub
EVT0001382,SHP003167,BR0326,EMP03897,Delivered,2025-10-18 20:31:27,Vehicle departed
EVT0001383,SHP003365,BR2959,EMP02371,Picked Up,2025-06-27 07:30:42,Vehicle departed
EVT0001384,SHP002543,BR2059,EMP02434,In Transit,2025-10-21 06:00:58,Shipment delivered
EVT0001385,SHP004906,BR4503,EMP01150,Arrived at Hub,2025-09-20 11:44:41,Vehicle departed
EVT0001386,SHP000311,BR4384,EMP03760,Picked Up,2025-04-01 19:54:42,Address verification required
EVT0001387,SHP003812,BR0238,EMP03114,Picked Up,2025-05-23 04:21:02,Package reached destination hub
EVT0001388,SHP003210,BR4261,EMP02294,Out for Delivery,2025-12-06 04:21:53,Address verification required
EVT0001389,SHP004430,BR0718,EMP04670,Arrived at Hub,2025-06-14 13:23:03,Shipment delivered
EVT0001390,SHP002749,BR1639,EMP04518,Delayed,2025-03-02 14:44:37,Shipment delivered
EVT0001391,SHP000605,BR4795,EMP04116,Out for Delivery,2025-11-05 10:51:03,Vehicle departed
EVT0001392,SHP003402,BR0558,EMP02731,Delivered,2025-07-26 04:31:22,Customer unavailable
EVT0001393,SHP004671,BR1424,EMP04867,Arrived at Hub,2025-05-11 11:28:36,Vehicle departed
EVT0001394,SHP003748,BR2370,EMP00054,In Transit,2025-05-28 09:09:31,Customer unavailable
EVT0001395,SHP004075,BR2626,EMP00186,Arrived at Hub,2025-09-19 21:50:13,Delivery agent assigned
EVT0001396,SHP003155,BR0932,EMP03860,Out for Delivery,2025-12-17 22:01:38,Customer unavailable
EVT0001397,SHP002928,BR2214,EMP04607,Out for Delivery,2025-05-23 14:52:01,Delivery agent assigned
EVT0001398,SHP002148,BR3454,EMP01323,Booked,2025-02-14 19:53:51,Shipment delivered
EVT0001399,SHP001858,BR2366,EMP03290,In Transit,2025-11-18 21:58:26,Package reached destination hub
EVT0001400,SHP000922,BR3221,EMP03577,Out for Delivery,2025-06-30 19:35:01,Package reached destination hub
EVT0001401,SHP001194,BR1303,EMP01497,Delivered,2025-07-09 07:10:41,Customer unavailable
EVT0001402,SHP001618,BR0087,EMP00795,Delivered,2025-01-21 06:26:58,Shipment processed successfully
EVT0001403,SHP004673,BR1176,EMP03769,Arrived at Hub,2025-12-12 14:13:38,Address verification required
EVT0001404,SHP003377,BR4270,EMP02292,In Transit,2025-05-01 14:23:05,Package scanned at hub
EVT0001405,SHP004020,BR4062,EMP02155,Picked Up,2025-02-11 16:11:24,Package reached destination hub
EVT0001406,SHP000023,BR2482,EMP01765,Delivered,2025-12-05 06:17:34,Package reached destination hub
EVT0001407,SHP001904,BR4695,EMP00649,Arrived at Hub,2025-08-04 13:02:30,Customer unavailable
EVT0001408,SHP003622,BR0554,EMP03914,Out for Delivery,2025-10-08 02:35:53,Vehicle departed
EVT0001409,SHP004451,BR3617,EMP01576,Picked Up,2025-10-28 04:13:41,Package reached destination hub
EVT0001410,SHP003291,BR0206,EMP02550,Delivered,2025-12-30 13:17:49,Address verification required
EVT0001411,SHP000263,BR2032,EMP02870,Out for Delivery,2025-04-14 06:03:30,Address verification required
EVT0001412,SHP003414,BR0008,EMP04342,Arrived at Hub,2025-03-03 00:44:14,Package scanned at hub
EVT0001413,SHP003382,BR3006,EMP01657,Out for Delivery,2026-01-01 09:17:00,Shipment delivered
EVT0001414,SHP004333,BR3485,EMP01902,Out for Delivery,2025-05-07 06:41:53,Shipment delivered
EVT0001415,SHP000768,BR4801,EMP04285,Picked Up,2025-08-22 06:51:30,Package scanned at hub
EVT0001416,SHP004879,BR3056,EMP03266,Picked Up,2025-11-29 14:42:08,Package scanned at hub
EVT0001417,SHP000047,BR3301,EMP02087,Delivered,2025-02-21 15:06:12,Package reached destination hub
EVT0001418,SHP003797,BR0526,EMP04760,Picked Up,2025-10-17 23:03:46,Vehicle departed
EVT0001419,SHP001746,BR1820,EMP02309,Delivered,2025-12-15 22:35:14,Package scanned at hub
EVT0001420,SHP000396,BR4467,EMP04825,Delivered,2025-07-04 17:22:49,Vehicle departed
EVT0001421,SHP001003,BR3113,EMP03405,Arrived at Hub,2025-06-21 05:26:37,Shipment processed successfully
EVT0001422,SHP002565,BR1026,EMP04472,Returned,2025-02-21 09:39:27,Package scanned at hub
EVT0001423,SHP003885,BR0320,EMP00329,Arrived at Hub,2025-02-19 23:37:27,Package scanned at hub
EVT0001424,SHP001449,BR4493,EMP04150,In Transit,2025-01-20 21:51:53,Package scanned at hub
EVT0001425,SHP001354,BR2923,EMP03136,Booked,2025-06-14 08:50:10,Vehicle departed
EVT0001426,SHP004578,BR3807,EMP02474,Picked Up,2025-06-28 12:35:27,Package scanned at hub
EVT0001427,SHP001855,BR0569,EMP02929,Arrived at Hub,2025-01-22 00:45:25,Delivery agent assigned
EVT0001428,SHP000890,BR2229,EMP02829,Picked Up,2025-09-10 01:26:23,Package reached destination hub
EVT0001429,SHP004781,BR4619,EMP00090,Delayed,2025-05-30 15:58:51,Package reached destination hub
EVT0001430,SHP002942,BR2534,EMP01191,Out for Delivery,2025-06-30 02:09:42,Shipment delivered
EVT0001431,SHP004904,BR1944,EMP04633,Arrived at Hub,2025-06-24 07:00:06,Address verification required
EVT0001432,SHP001260,BR3917,EMP02375,Picked Up,2025-12-17 10:54:20,Package reached destination hub
EVT0001433,SHP001780,BR4400,EMP01569,Arrived at Hub,2025-10-04 18:06:53,Package reached destination hub
EVT0001434,SHP004575,BR3146,EMP02863,Delayed,2025-04-02 09:28:17,Customer unavailable
EVT0001435,SHP002063,BR2999,EMP02570,In Transit,2025-11-04 00:17:56,Vehicle departed
EVT0001436,SHP003596,BR1720,EMP04563,Picked Up,2025-11-04 09:19:30,Vehicle departed
EVT0001437,SHP004880,BR0474,EMP02087,In Transit,2025-06-09 13:37:16,Shipment delivered
EVT0001438,SHP000167,BR0993,EMP01282,In Transit,2025-09-19 16:59:15,Customer unavailable
EVT0001439,SHP001854,BR2511,EMP01880,Booked,2025-10-29 15:02:26,Delivery agent assigned
EVT0001440,SHP002066,BR3160,EMP03508,In Transit,2025-08-21 20:33:51,Shipment delivered
EVT0001441,SHP004460,BR3791,EMP02856,Delivered,2025-02-12 03:10:34,Shipment delivered
EVT0001442,SHP004674,BR2806,EMP00253,Booked,2025-04-18 04:02:46,Vehicle departed
EVT0001443,SHP003290,BR2503,EMP03652,In Transit,2025-02-03 08:20:17,Package reached destination hub
EVT0001444,SHP004799,BR4061,EMP03365,Arrived at Hub,2025-05-07 01:19:32,Customer unavailable
EVT0001445,SHP004159,BR0550,EMP04400,Picked Up,2025-02-01 10:21:12,Package reached destination hub
EVT0001446,SHP001533,BR2323,EMP02915,In Transit,2025-04-12 16:38:23,Address verification required
EVT0001447,SHP001899,BR2845,EMP02924,Arrived at Hub,2025-10-30 02:14:55,Delivery agent assigned
EVT0001448,SHP000411,BR0481,EMP02976,In Transit,2025-11-10 21:57:41,Package scanned at hub
EVT0001449,SHP000754,BR0403,EMP00583,Arrived at Hub,2025-05-30 21:30:46,Customer unavailable
EVT0001450,SHP000698,BR1101,EMP00293,Picked Up,2025-07-27 07:42:58,Package scanned at hub
EVT0001451,SHP003970,BR2473,EMP01861,Out for Delivery,2025-03-24 01:41:34,Shipment processed successfully
EVT0001452,SHP000821,BR2085,EMP04104,In Transit,2025-01-17 07:49:16,Delivery agent assigned
EVT0001453,SHP003355,BR3625,EMP05000,In Transit,2025-12-07 20:18:17,Package reached destination hub
EVT0001454,SHP004272,BR2485,EMP04439,Delivered,2025-03-28 07:59:16,Package scanned at hub
EVT0001455,SHP003685,BR1573,EMP03744,Delivered,2025-02-17 00:03:41,Customer unavailable
EVT0001456,SHP004667,BR3323,EMP01556,Delivered,2025-02-26 19:35:22,Package scanned at hub
EVT0001457,SHP002411,BR1609,EMP04096,Booked,2025-10-29 09:53:43,Address verification required
EVT0001458,SHP004055,BR0014,EMP04273,In Transit,2025-09-05 21:16:13,Shipment processed successfully
EVT0001459,SHP003554,BR2178,EMP04460,Picked Up,2025-01-29 01:23:45,Shipment delivered
EVT0001460,SHP001897,BR4862,EMP01038,Delayed,2025-10-22 20:47:54,Package scanned at hub
EVT0001461,SHP004422,BR1902,EMP03720,Picked Up,2025-04-04 11:04:33,Package reached destination hub
EVT0001462,SHP003790,BR0986,EMP04171,Booked,2025-12-03 08:58:27,Package scanned at hub
EVT0001463,SHP000505,BR4412,EMP00515,Arrived at Hub,2025-01-29 17:43:24,Package reached destination hub
EVT0001464,SHP002369,BR4677,EMP01731,Out for Delivery,2025-02-19 12:25:37,Address verification required
EVT0001465,SHP004189,BR1297,EMP04521,Out for Delivery,2025-10-28 14:31:18,Delivery agent assigned
EVT0001466,SHP000996,BR4595,EMP00035,Arrived at Hub,2025-03-25 09:00:24,Delivery agent assigned
EVT0001467,SHP004445,BR4820,EMP02287,In Transit,2025-05-07 08:22:04,Delivery agent assigned
EVT0001468,SHP004784,BR2366,EMP00960,Delayed,2025-05-31 14:36:12,Customer unavailable
EVT0001469,SHP004245,BR4234,EMP00405,Out for Delivery,2025-12-15 02:50:31,Package scanned at hub
EVT0001470,SHP002993,BR4801,EMP00713,Arrived at Hub,2025-06-09 03:29:24,Delivery agent assigned
EVT0001471,SHP003145,BR4743,EMP02760,Delivered,2025-11-09 23:58:24,Shipment processed successfully
EVT0001472,SHP002156,BR1246,EMP02877,Picked Up,2025-08-31 00:20:35,Package reached destination hub
EVT0001473,SHP002796,BR4456,EMP01449,Delivered,2025-05-23 12:54:53,Delivery agent assigned
EVT0001474,SHP000234,BR0147,EMP04482,Out for Delivery,2025-01-25 08:48:57,Shipment delivered
EVT0001475,SHP000118,BR0975,EMP03639,Returned,2025-08-02 07:56:04,Package reached destination hub
EVT0001476,SHP002466,BR0473,EMP03259,In Transit,2025-04-06 16:04:27,Customer unavailable
EVT0001477,SHP004343,BR4269,EMP01223,Out for Delivery,2025-04-27 04:59:08,Package reached destination hub
EVT0001478,SHP001488,BR2263,EMP00401,Arrived at Hub,2025-03-29 07:48:52,Package scanned at hub
EVT0001479,SHP002796,BR3097,EMP02434,Picked Up,2025-01-08 20:40:28,Delivery agent assigned
EVT0001480,SHP002361,BR3621,EMP02470,Out for Delivery,2025-10-03 19:17:21,Package reached destination hub
EVT0001481,SHP004542,BR3848,EMP03098,Out for Delivery,2025-04-10 20:28:42,Address verification required
EVT0001482,SHP001271,BR3101,EMP02334,Booked,2025-10-24 17:51:05,Vehicle departed
EVT0001483,SHP004838,BR0475,EMP04903,Picked Up,2025-12-30 09:47:30,Customer unavailable
EVT0001484,SHP002378,BR2868,EMP02598,Returned,2025-11-08 20:16:20,Shipment delivered
EVT0001485,SHP004355,BR2989,EMP01351,Delivered,2025-05-06 03:45:38,Shipment delivered
EVT0001486,SHP002520,BR0937,EMP01102,In Transit,2025-08-14 11:09:11,Shipment delivered
EVT0001487,SHP004304,BR3774,EMP02182,Delayed,2025-07-26 16:22:22,Vehicle departed
EVT0001488,SHP000035,BR0789,EMP04077,In Transit,2025-03-22 19:44:21,Shipment processed successfully
EVT0001489,SHP003724,BR2847,EMP00608,Booked,2025-10-18 19:33:28,Shipment delivered
EVT0001490,SHP004571,BR4869,EMP02956,Out for Delivery,2025-04-01 05:50:13,Shipment processed successfully
EVT0001491,SHP000227,BR1674,EMP04765,Delayed,2025-11-14 11:39:52,Customer unavailable
EVT0001492,SHP002709,BR1524,EMP02984,Arrived at Hub,2025-12-31 13:41:26,Package reached destination hub
EVT0001493,SHP003767,BR1133,EMP03486,Out for Delivery,2025-04-15 04:29:43,Address verification required
EVT0001494,SHP003719,BR2699,EMP01752,Arrived at Hub,2025-02-10 14:41:29,Shipment delivered
EVT0001495,SHP004805,BR2909,EMP00126,Arrived at Hub,2025-12-20 03:53:21,Customer unavailable
EVT0001496,SHP004028,BR0889,EMP03563,Arrived at Hub,2025-11-07 09:30:40,Customer unavailable
EVT0001497,SHP000527,BR2880,EMP02768,Picked Up,2025-06-18 11:51:45,Package scanned at hub
EVT0001498,SHP004480,BR4171,EMP00862,Out for Delivery,2025-10-29 11:55:13,Package reached destination hub
EVT0001499,SHP003519,BR1420,EMP02940,In Transit,2025-12-20 14:52:28,Vehicle departed
EVT0001500,SHP000905,BR4545,EMP00870,Arrived at Hub,2025-02-11 07:08:56,Shipment processed successfully
EVT0001501,SHP001719,BR0729,EMP00248,Picked Up,2025-06-17 01:14:31,Vehicle departed
EVT0001502,SHP001630,BR3405,EMP04176,Out for Delivery,2025-02-07 18:32:34,Customer unavailable
EVT0001503,SHP004653,BR4652,EMP02423,In Transit,2025-04-01 16:16:05,Delivery agent assigned
EVT0001504,SHP002804,BR4637,EMP02130,In Transit,2025-06-07 01:37:37,Shipment delivered
EVT0001505,SHP000217,BR0091,EMP03160,Out for Delivery,2025-03-27 02:14:09,Package reached destination hub
EVT0001506,SHP004494,BR0146,EMP04895,Returned,2025-05-16 17:01:57,Address verification required
EVT0001507,SHP000055,BR1136,EMP00131,Delivered,2025-11-07 17:49:53,Shipment delivered
EVT0001508,SHP000537,BR0339,EMP01818,Delivered,2025-11-18 00:22:57,Shipment processed successfully
EVT0001509,SHP001280,BR3740,EMP02052,In Transit,2025-03-20 03:32:28,Address verification required
EVT0001510,SHP002605,BR4035,EMP00385,In Transit,2025-03-29 13:04:45,Address verification required
EVT0001511,SHP000881,BR3076,EMP01731,In Transit,2025-12-19 11:51:40,Package scanned at hub
EVT0001512,SHP001903,BR0151,EMP02765,In Transit,2025-03-25 03:59:00,Shipment processed successfully
EVT0001513,SHP003391,BR3323,EMP00660,In Transit,2025-12-29 05:40:59,Shipment processed successfully
EVT0001514,SHP002968,BR3429,EMP01810,Picked Up,2025-02-16 16:13:55,Shipment delivered
EVT0001515,SHP003707,BR4668,EMP01905,Delivered,2025-05-07 00:25:35,Shipment processed successfully
EVT0001516,SHP004360,BR2692,EMP04146,Booked,2025-03-19 08:40:00,Package reached destination hub
EVT0001517,SHP003027,BR4650,EMP02691,In Transit,2025-11-27 13:24:32,Package scanned at hub
EVT0001518,SHP003159,BR1800,EMP01593,Booked,2025-10-25 18:23:58,Vehicle departed
EVT0001519,SHP001282,BR4170,EMP00223,Booked,2025-04-06 21:42:55,Shipment processed successfully
EVT0001520,SHP002826,BR0213,EMP01555,Out for Delivery,2025-05-30 07:54:25,Shipment processed successfully
EVT0001521,SHP002096,BR4272,EMP02800,Picked Up,2025-08-10 18:11:10,Vehicle departed
EVT0001522,SHP003659,BR0813,EMP03468,Out for Delivery,2025-09-04 15:43:01,Shipment processed successfully
EVT0001523,SHP002546,BR4204,EMP03261,Arrived at Hub,2025-06-10 19:45:19,Package scanned at hub
EVT0001524,SHP000845,BR1067,EMP02619,Picked Up,2025-12-01 15:06:24,Package scanned at hub
EVT0001525,SHP000550,BR3937,EMP02081,Arrived at Hub,2025-02-24 14:29:19,Address verification required
EVT0001526,SHP001059,BR0090,EMP04732,Delivered,2025-08-02 07:03:41,Delivery agent assigned
EVT0001527,SHP003493,BR4514,EMP00164,In Transit,2025-10-13 03:26:10,Vehicle departed
EVT0001528,SHP001143,BR0925,EMP00415,Delivered,2025-11-08 23:53:40,Package reached destination hub
EVT0001529,SHP003110,BR0850,EMP02404,In Transit,2025-10-07 10:49:38,Customer unavailable
EVT0001530,SHP002437,BR1219,EMP02334,Picked Up,2025-01-17 20:55:27,Delivery agent assigned
EVT0001531,SHP003028,BR2395,EMP01408,Out for Delivery,2025-12-09 11:23:02,Customer unavailable
EVT0001532,SHP002601,BR0543,EMP03099,Arrived at Hub,2025-09-24 06:16:41,Package scanned at hub
EVT0001533,SHP001381,BR0370,EMP02593,Out for Delivery,2025-08-17 17:55:35,Delivery agent assigned
EVT0001534,SHP001868,BR3636,EMP01096,Out for Delivery,2025-06-26 02:08:04,Address verification required
EVT0001535,SHP000835,BR1224,EMP02815,Delivered,2025-02-26 02:05:52,Customer unavailable
EVT0001536,SHP003389,BR2714,EMP03332,Delivered,2025-05-10 18:41:54,Package reached destination hub
EVT0001537,SHP004764,BR0526,EMP02402,Picked Up,2025-07-17 11:02:09,Delivery agent assigned
EVT0001538,SHP002067,BR2009,EMP00594,Arrived at Hub,2025-07-22 16:28:26,Delivery agent assigned
EVT0001539,SHP000221,BR1091,EMP02573,In Transit,2025-11-30 19:33:17,Package scanned at hub
EVT0001540,SHP001285,BR4165,EMP00013,Delivered,2025-07-19 03:08:40,Shipment delivered
EVT0001541,SHP001305,BR3663,EMP04961,Booked,2025-02-05 07:44:52,Customer unavailable
EVT0001542,SHP001913,BR4033,EMP04332,In Transit,2025-01-23 16:20:52,Vehicle departed
EVT0001543,SHP003141,BR0293,EMP04849,Out for Delivery,2025-07-30 08:45:35,Shipment processed successfully
EVT0001544,SHP000311,BR1655,EMP03528,In Transit,2025-03-02 05:32:09,Vehicle departed
EVT0001545,SHP002888,BR1416,EMP02689,Delivered,2025-04-13 04:20:05,Delivery agent assigned
EVT0001546,SHP000214,BR0994,EMP01844,Booked,2025-08-04 15:58:29,Customer unavailable
EVT0001547,SHP003091,BR0985,EMP04497,Arrived at Hub,2025-09-15 14:28:32,Package scanned at hub
EVT0001548,SHP004331,BR3429,EMP02118,Out for Delivery,2025-04-21 04:12:51,Shipment delivered
EVT0001549,SHP000404,BR4385,EMP02456,Delivered,2025-10-12 15:46:19,Address verification required
EVT0001550,SHP001914,BR2419,EMP03420,Arrived at Hub,2025-11-07 20:17:23,Customer unavailable
EVT0001551,SHP003175,BR0836,EMP03026,In Transit,2025-02-15 16:16:54,Customer unavailable
EVT0001552,SHP000022,BR1182,EMP03061,Arrived at Hub,2025-05-20 00:39:16,Shipment processed successfully
EVT0001553,SHP000958,BR2852,EMP03435,Booked,2025-04-28 16:14:29,Shipment processed successfully
EVT0001554,SHP001921,BR4804,EMP02821,Arrived at Hub,2025-07-05 09:11:15,Shipment processed successfully
EVT0001555,SHP003098,BR3416,EMP02337,Picked Up,2026-01-04 17:14:07,Package reached destination hub
EVT0001556,SHP002508,BR4459,EMP03670,Arrived at Hub,2025-05-17 11:27:54,Shipment processed successfully
EVT0001557,SHP003526,BR0725,EMP04612,Arrived at Hub,2025-04-10 19:27:51,Vehicle departed
EVT0001558,SHP000941,BR2205,EMP01105,Booked,2025-11-06 18:53:24,Shipment delivered
EVT0001559,SHP000069,BR3035,EMP02830,Delayed,2025-12-12 13:38:49,Vehicle departed
EVT0001560,SHP002551,BR2001,EMP02804,Arrived at Hub,2025-12-02 06:06:14,Vehicle departed
EVT0001561,SHP000648,BR0784,EMP01162,Out for Delivery,2025-03-06 00:23:08,Package reached destination hub
EVT0001562,SHP003048,BR3806,EMP02453,In Transit,2025-03-14 10:22:27,Shipment processed successfully
EVT0001563,SHP004414,BR2948,EMP02064,Arrived at Hub,2025-01-30 11:51:58,Customer unavailable
EVT0001564,SHP000868,BR1392,EMP03242,Out for Delivery,2025-02-21 12:48:43,Shipment processed successfully
EVT0001565,SHP003638,BR0038,EMP02478,In Transit,2025-06-25 15:04:40,Shipment processed successfully
EVT0001566,SHP003029,BR2689,EMP01709,Delivered,2025-03-10 04:26:20,Shipment delivered
EVT0001567,SHP000776,BR0069,EMP01308,Arrived at Hub,2025-04-17 05:25:49,Package scanned at hub
EVT0001568,SHP000864,BR3392,EMP03221,Arrived at Hub,2025-09-25 21:50:21,Delivery agent assigned
EVT0001569,SHP002498,BR1605,EMP04364,In Transit,2025-08-04 19:53:20,Address verification required
EVT0001570,SHP000802,BR0537,EMP04833,Arrived at Hub,2025-12-07 08:17:10,Shipment delivered
EVT0001571,SHP000777,BR0313,EMP01894,Booked,2025-11-27 22:48:24,Shipment processed successfully
EVT0001572,SHP001883,BR3893,EMP01321,Delivered,2025-01-11 01:40:37,Shipment processed successfully
EVT0001573,SHP001765,BR1037,EMP02588,Delivered,2025-04-06 01:46:34,Package reached destination hub
EVT0001574,SHP000724,BR1868,EMP00612,Booked,2025-10-07 00:49:45,Vehicle departed
EVT0001575,SHP002188,BR0931,EMP02323,Arrived at Hub,2025-02-28 09:29:12,Package reached destination hub
EVT0001576,SHP000130,BR0231,EMP02793,Picked Up,2025-11-18 05:42:31,Package scanned at hub
EVT0001577,SHP001931,BR1911,EMP03577,Delivered,2025-09-16 09:37:54,Shipment processed successfully
EVT0001578,SHP000621,BR3051,EMP03635,In Transit,2025-03-26 02:31:54,Shipment delivered
EVT0001579,SHP004228,BR0762,EMP02953,Picked Up,2025-11-26 17:34:13,Shipment delivered
EVT0001580,SHP000475,BR2154,EMP00599,Delivered,2025-05-11 23:27:22,Shipment delivered
EVT0001581,SHP002818,BR4648,EMP01152,Arrived at Hub,2025-08-27 15:04:26,Customer unavailable
EVT0001582,SHP002353,BR2382,EMP03548,Delivered,2025-07-08 19:18:05,Vehicle departed
EVT0001583,SHP001350,BR3442,EMP04055,In Transit,2025-12-09 23:21:53,Delivery agent assigned
EVT0001584,SHP004407,BR1148,EMP02592,Arrived at Hub,2025-12-18 13:16:06,Customer unavailable
EVT0001585,SHP004278,BR0619,EMP01099,Arrived at Hub,2025-04-28 13:20:09,Customer unavailable
EVT0001586,SHP002874,BR3782,EMP00014,Delivered,2025-12-17 03:59:27,Package scanned at hub
EVT0001587,SHP002872,BR3201,EMP04162,Picked Up,2025-04-24 22:01:57,Shipment processed successfully
EVT0001588,SHP004256,BR4317,EMP04980,In Transit,2025-06-03 23:14:39,Delivery agent assigned
EVT0001589,SHP003691,BR1690,EMP02817,Out for Delivery,2025-09-08 03:43:03,Shipment delivered
EVT0001590,SHP003400,BR1189,EMP03949,Booked,2025-12-25 01:33:03,Customer unavailable
EVT0001591,SHP002361,BR0901,EMP01786,Arrived at Hub,2025-02-10 21:41:02,Vehicle departed
EVT0001592,SHP004153,BR3322,EMP00713,Booked,2025-10-29 19:25:34,Package scanned at hub
EVT0001593,SHP003018,BR3261,EMP04802,Delivered,2025-07-15 13:22:31,Shipment processed successfully
EVT0001594,SHP002969,BR3347,EMP00133,Arrived at Hub,2025-06-20 15:44:54,Delivery agent assigned
EVT0001595,SHP002161,BR0737,EMP00812,Picked Up,2025-01-27 15:10:18,Address verification required
EVT0001596,SHP002181,BR0712,EMP04920,In Transit,2025-01-17 07:37:21,Shipment delivered
EVT0001597,SHP001244,BR4444,EMP03571,Picked Up,2025-12-03 20:20:36,Vehicle departed
EVT0001598,SHP004665,BR2683,EMP03134,Delayed,2025-05-17 05:46:43,Vehicle departed
EVT0001599,SHP004416,BR0328,EMP03836,Returned,2025-08-08 05:33:50,Shipment delivered
EVT0001600,SHP001954,BR3079,EMP03248,Out for Delivery,2025-04-13 06:00:49,Package reached destination hub
EVT0001601,SHP004730,BR4401,EMP04815,Delivered,2025-05-20 18:40:38,Delivery agent assigned
EVT0001602,SHP001079,BR2404,EMP01396,In Transit,2025-01-16 13:34:46,Delivery agent assigned
EVT0001603,SHP001572,BR2077,EMP00308,Out for Delivery,2025-04-08 21:09:03,Package reached destination hub
EVT0001604,SHP000496,BR0650,EMP04614,Delivered,2025-11-29 02:56:44,Package reached destination hub
EVT0001605,SHP002103,BR0323,EMP01062,In Transit,2025-03-26 14:52:14,Shipment delivered
EVT0001606,SHP001545,BR0936,EMP04176,Booked,2025-11-30 00:13:16,Customer unavailable
EVT0001607,SHP002692,BR3367,EMP04356,Booked,2025-09-02 00:48:30,Package scanned at hub
EVT0001608,SHP002925,BR3141,EMP04655,Out for Delivery,2025-10-27 23:55:18,Customer unavailable
EVT0001609,SHP001563,BR3859,EMP02988,Booked,2025-04-30 23:11:14,Shipment processed successfully
EVT0001610,SHP004896,BR0919,EMP02473,Out for Delivery,2025-10-21 22:00:35,Delivery agent assigned
EVT0001611,SHP001717,BR0009,EMP03808,Arrived at Hub,2025-09-08 10:43:40,Address verification required
EVT0001612,SHP000731,BR3887,EMP04829,Arrived at Hub,2025-07-16 20:40:18,Shipment delivered
EVT0001613,SHP000544,BR1125,EMP02474,In Transit,2025-10-09 09:40:22,Address verification required
EVT0001614,SHP003729,BR1485,EMP00547,Picked Up,2025-08-03 11:47:07,Shipment processed successfully
EVT0001615,SHP002975,BR0170,EMP01622,Returned,2025-03-26 02:35:58,Address verification required
EVT0001616,SHP002891,BR2162,EMP02907,Returned,2025-08-14 19:53:13,Delivery agent assigned
EVT0001617,SHP001996,BR0912,EMP02896,Booked,2025-01-07 20:22:32,Delivery agent assigned
EVT0001618,SHP003635,BR1055,EMP00798,Out for Delivery,2026-01-01 12:19:32,Address verification required
EVT0001619,SHP000801,BR2549,EMP01541,Picked Up,2025-06-14 12:30:53,Package scanned at hub
EVT0001620,SHP004613,BR1718,EMP03690,Arrived at Hub,2025-03-22 00:14:45,Customer unavailable
EVT0001621,SHP002286,BR0848,EMP03909,Delayed,2025-05-21 10:00:29,Package reached destination hub
EVT0001622,SHP003051,BR4907,EMP01247,Out for Delivery,2025-03-21 16:44:46,Package scanned at hub
EVT0001623,SHP000724,BR3551,EMP01366,Arrived at Hub,2025-10-25 21:52:59,Package reached destination hub
EVT0001624,SHP000006,BR1615,EMP02906,Picked Up,2025-03-21 21:45:46,Shipment processed successfully
EVT0001625,SHP003468,BR3725,EMP01523,Out for Delivery,2025-12-09 01:24:56,Package reached destination hub
EVT0001626,SHP001785,BR3810,EMP00984,Arrived at Hub,2025-07-21 22:21:26,Package scanned at hub
EVT0001627,SHP001434,BR2540,EMP01227,Picked Up,2025-07-20 15:04:53,Vehicle departed
EVT0001628,SHP003816,BR0644,EMP02504,Booked,2025-05-08 13:52:09,Address verification required
EVT0001629,SHP003271,BR3385,EMP02274,In Transit,2025-09-05 19:45:47,Package scanned at hub
EVT0001630,SHP003779,BR3172,EMP02684,Arrived at Hub,2025-06-28 12:58:04,Vehicle departed
EVT0001631,SHP000509,BR3363,EMP00509,Out for Delivery,2025-03-20 11:13:39,Shipment delivered
EVT0001632,SHP000660,BR2005,EMP01517,Picked Up,2025-12-14 13:35:14,Shipment processed successfully
EVT0001633,SHP002246,BR4769,EMP04214,Delivered,2025-06-01 14:15:48,Shipment delivered
EVT0001634,SHP004883,BR1367,EMP04513,In Transit,2025-03-16 21:47:25,Vehicle departed
EVT0001635,SHP001813,BR0742,EMP04296,Arrived at Hub,2025-11-08 22:08:14,Shipment delivered
EVT0001636,SHP001008,BR2485,EMP00325,In Transit,2025-06-08 02:20:55,Package reached destination hub
EVT0001637,SHP001455,BR1789,EMP03215,Arrived at Hub,2025-10-24 19:05:49,Vehicle departed
EVT0001638,SHP002929,BR4892,EMP02440,Delivered,2025-07-14 09:15:36,Shipment delivered
EVT0001639,SHP001387,BR3936,EMP01625,Out for Delivery,2025-12-19 11:10:03,Address verification required
EVT0001640,SHP002369,BR3420,EMP00905,Picked Up,2025-12-16 03:30:04,Package scanned at hub
EVT0001641,SHP003917,BR3935,EMP03130,Picked Up,2025-01-25 17:45:33,Customer unavailable
EVT0001642,SHP003935,BR1072,EMP02957,Booked,2025-12-06 19:40:24,Shipment processed successfully
EVT0001643,SHP003383,BR1307,EMP01652,Arrived at Hub,2025-12-20 13:39:21,Package reached destination hub
EVT0001644,SHP001386,BR4204,EMP01720,In Transit,2025-06-23 15:16:32,Package scanned at hub
EVT0001645,SHP001098,BR0481,EMP03675,Arrived at Hub,2025-08-25 11:34:13,Address verification required
EVT0001646,SHP002281,BR0485,EMP01067,Out for Delivery,2025-04-01 14:42:56,Vehicle departed
EVT0001647,SHP001173,BR4946,EMP04440,Returned,2025-09-07 23:38:20,Package reached destination hub
EVT0001648,SHP003096,BR1981,EMP02443,Picked Up,2025-10-13 22:01:31,Shipment processed successfully
EVT0001649,SHP004536,BR4406,EMP01946,Picked Up,2025-11-02 22:47:30,Shipment delivered
EVT0001650,SHP003501,BR2760,EMP00217,In Transit,2025-02-27 20:49:39,Delivery agent assigned
EVT0001651,SHP002283,BR0803,EMP00746,In Transit,2025-10-06 08:57:32,Shipment delivered
EVT0001652,SHP002193,BR4936,EMP01869,Out for Delivery,2025-01-30 17:05:15,Package reached destination hub
EVT0001653,SHP004146,BR2427,EMP04808,Delivered,2025-04-08 10:10:51,Customer unavailable
EVT0001654,SHP003476,BR4986,EMP00407,Arrived at Hub,2025-08-30 18:17:48,Delivery agent assigned
EVT0001655,SHP001798,BR0781,EMP03064,Delivered,2025-04-06 04:56:52,Vehicle departed
EVT0001656,SHP004327,BR3964,EMP02705,In Transit,2025-10-30 21:21:27,Shipment delivered
EVT0001657,SHP004792,BR1175,EMP02090,Out for Delivery,2025-05-02 19:56:55,Package reached destination hub
EVT0001658,SHP003170,BR1852,EMP00867,Delivered,2025-02-05 12:29:56,Delivery agent assigned
EVT0001659,SHP004746,BR2560,EMP02990,Booked,2025-01-15 06:12:03,Package reached destination hub
EVT0001660,SHP003452,BR0843,EMP02816,Booked,2025-11-07 07:45:15,Address verification required
EVT0001661,SHP004594,BR4318,EMP01248,Arrived at Hub,2025-04-08 09:14:23,Customer unavailable
EVT0001662,SHP001949,BR0003,EMP02345,Arrived at Hub,2025-02-24 10:08:52,Address verification required
EVT0001663,SHP003916,BR2791,EMP04443,Arrived at Hub,2025-11-24 00:46:05,Shipment delivered
EVT0001664,SHP003431,BR2747,EMP01188,Delayed,2025-01-26 05:31:23,Shipment processed successfully
EVT0001665,SHP000482,BR3693,EMP01872,Picked Up,2025-03-19 12:18:48,Address verification required
EVT0001666,SHP003421,BR2237,EMP00949,Arrived at Hub,2025-03-28 05:22:34,Shipment processed successfully
EVT0001667,SHP002324,BR3717,EMP00331,Delivered,2025-02-18 19:57:05,Vehicle departed
EVT0001668,SHP004505,BR3103,EMP04319,Out for Delivery,2025-05-27 07:44:05,Customer unavailable
EVT0001669,SHP001059,BR4177,EMP00572,Arrived at Hub,2025-01-21 01:21:02,Package reached destination hub
EVT0001670,SHP004774,BR2729,EMP01844,Delivered,2025-07-11 23:06:38,Customer unavailable
EVT0001671,SHP003024,BR0196,EMP00545,In Transit,2025-08-08 07:01:33,Address verification required
EVT0001672,SHP004396,BR4448,EMP02775,Delivered,2025-06-10 10:59:31,Package reached destination hub
EVT0001673,SHP004940,BR2976,EMP03536,In Transit,2025-10-28 19:18:46,Shipment processed successfully
EVT0001674,SHP000608,BR0413,EMP01512,In Transit,2025-09-19 03:47:08,Vehicle departed
EVT0001675,SHP003586,BR0354,EMP04484,In Transit,2025-06-25 01:09:23,Package reached destination hub
EVT0001676,SHP000881,BR3531,EMP04818,Arrived at Hub,2025-07-04 19:53:49,Package reached destination hub
EVT0001677,SHP004177,BR2003,EMP00140,Out for Delivery,2025-07-30 11:34:20,Package reached destination hub
EVT0001678,SHP004087,BR1667,EMP01917,Booked,2025-05-05 02:01:00,Shipment delivered
EVT0001679,SHP004331,BR1456,EMP01446,Delivered,2025-05-01 09:15:54,Vehicle departed
EVT0001680,SHP004116,BR4836,EMP00064,In Transit,2025-09-27 07:47:54,Package scanned at hub
EVT0001681,SHP000866,BR0083,EMP02068,Out for Delivery,2025-12-17 17:05:44,Package scanned at hub
EVT0001682,SHP000412,BR1920,EMP04223,In Transit,2025-01-24 06:30:32,Address verification required
EVT0001683,SHP000679,BR2615,EMP04570,Delivered,2025-01-22 08:19:34,Address verification required
EVT0001684,SHP001111,BR1560,EMP00926,Out for Delivery,2025-07-09 10:19:22,Address verification required
EVT0001685,SHP001177,BR2358,EMP03197,In Transit,2025-11-21 23:00:16,Shipment processed successfully
EVT0001686,SHP004743,BR1059,EMP01655,Arrived at Hub,2025-10-01 01:56:40,Delivery agent assigned
EVT0001687,SHP001619,BR2359,EMP00527,Delivered,2025-05-20 16:13:40,Customer unavailable
EVT0001688,SHP003825,BR0739,EMP01217,Picked Up,2025-08-02 15:06:35,Shipment delivered
EVT0001689,SHP003452,BR1850,EMP02723,Returned,2025-10-04 19:38:30,Vehicle departed
EVT0001690,SHP003590,BR0013,EMP00701,Delivered,2025-02-26 09:55:09,Delivery agent assigned
EVT0001691,SHP001948,BR0099,EMP02233,In Transit,2025-05-29 17:35:31,Shipment delivered
EVT0001692,SHP002288,BR3674,EMP00025,Out for Delivery,2025-10-11 16:36:55,Package scanned at hub
EVT0001693,SHP003816,BR4751,EMP00269,Delivered,2025-12-13 19:34:39,Shipment delivered
EVT0001694,SHP001592,BR4878,EMP03065,Delivered,2025-03-03 13:03:44,Package scanned at hub
EVT0001695,SHP002522,BR0189,EMP00418,Out for Delivery,2025-01-17 09:17:50,Shipment processed successfully
EVT0001696,SHP001560,BR3212,EMP00311,Out for Delivery,2025-04-24 12:51:37,Package reached destination hub
EVT0001697,SHP004925,BR3977,EMP03085,Returned,2025-03-30 03:17:54,Address verification required
EVT0001698,SHP000814,BR4542,EMP04367,Arrived at Hub,2025-07-24 05:00:21,Address verification required
EVT0001699,SHP000258,BR3002,EMP01497,In Transit,2025-12-30 02:35:42,Shipment delivered
EVT0001700,SHP003657,BR2627,EMP00653,Booked,2025-07-12 08:32:54,Address verification required
EVT0001701,SHP001389,BR4236,EMP02991,In Transit,2025-10-28 15:43:47,Delivery agent assigned
EVT0001702,SHP002405,BR2748,EMP02580,In Transit,2025-11-25 23:46:42,Address verification required
EVT0001703,SHP000497,BR1246,EMP03561,Out for Delivery,2025-01-18 02:52:33,Shipment delivered
EVT0001704,SHP002735,BR1250,EMP00145,In Transit,2025-05-03 01:06:08,Package scanned at hub
EVT0001705,SHP001477,BR4354,EMP02374,Booked,2025-10-19 20:26:40,Shipment delivered
EVT0001706,SHP003340,BR2491,EMP00801,Delivered,2025-05-16 15:40:48,Shipment delivered
EVT0001707,SHP002009,BR0634,EMP03495,In Transit,2025-06-06 21:07:16,Package scanned at hub
EVT0001708,SHP000805,BR0967,EMP02692,Booked,2025-06-28 10:24:12,Package scanned at hub
EVT0001709,SHP000359,BR3747,EMP00428,Delivered,2025-11-30 21:08:30,Customer unavailable
EVT0001710,SHP002056,BR0444,EMP01941,Out for Delivery,2025-10-14 14:57:15,Delivery agent assigned
EVT0001711,SHP003973,BR1219,EMP00429,Delivered,2025-12-02 08:15:36,Customer unavailable
EVT0001712,SHP004050,BR4325,EMP00439,Delivered,2025-02-05 17:41:07,Package reached destination hub
EVT0001713,SHP003746,BR4801,EMP01259,Delivered,2025-12-19 23:13:28,Shipment delivered
EVT0001714,SHP001665,BR4034,EMP02937,Returned,2025-08-05 09:03:35,Package reached destination hub
EVT0001715,SHP000020,BR1650,EMP01220,In Transit,2025-05-24 02:28:18,Package reached destination hub
EVT0001716,SHP001753,BR2540,EMP02403,Booked,2025-12-06 23:59:39,Customer unavailable
EVT0001717,SHP002750,BR0945,EMP02912,Returned,2025-11-28 10:37:08,Vehicle departed
EVT0001718,SHP001963,BR0264,EMP01579,Delivered,2025-05-10 13:01:53,Vehicle departed
EVT0001719,SHP002472,BR1610,EMP03960,Arrived at Hub,2025-09-28 18:22:50,Package scanned at hub
EVT0001720,SHP002342,BR3308,EMP00471,Booked,2025-04-08 12:22:22,Shipment delivered
EVT0001721,SHP004977,BR4776,EMP00827,In Transit,2025-09-10 11:40:23,Package scanned at hub
EVT0001722,SHP000263,BR0870,EMP02920,Out for Delivery,2025-08-13 23:49:16,Package reached destination hub
EVT0001723,SHP003387,BR2934,EMP02312,Out for Delivery,2025-07-10 13:55:10,Delivery agent assigned
EVT0001724,SHP001079,BR4236,EMP02779,Picked Up,2025-10-17 06:52:13,Delivery agent assigned
EVT0001725,SHP000745,BR2259,EMP02880,Booked,2025-10-16 21:30:03,Package scanned at hub
EVT0001726,SHP000697,BR3600,EMP03814,Booked,2025-05-12 09:47:15,Customer unavailable
EVT0001727,SHP003891,BR2162,EMP00705,In Transit,2025-08-06 06:34:12,Vehicle departed
EVT0001728,SHP004744,BR1905,EMP00548,Delivered,2025-01-15 21:05:14,Shipment processed successfully
EVT0001729,SHP004003,BR2881,EMP02074,Arrived at Hub,2025-10-18 04:12:38,Shipment processed successfully
EVT0001730,SHP001214,BR2951,EMP04342,Picked Up,2025-04-06 14:06:12,Package reached destination hub
EVT0001731,SHP003180,BR4794,EMP02255,In Transit,2025-06-04 04:21:45,Package scanned at hub
EVT0001732,SHP004977,BR0957,EMP00821,Picked Up,2025-05-15 15:32:11,Address verification required
EVT0001733,SHP003838,BR0352,EMP01496,Arrived at Hub,2025-06-16 05:02:03,Customer unavailable
EVT0001734,SHP000348,BR1872,EMP02915,Booked,2025-12-21 01:46:55,Shipment delivered
EVT0001735,SHP001349,BR4927,EMP03005,Out for Delivery,2025-09-20 06:17:55,Vehicle departed
EVT0001736,SHP003312,BR1717,EMP02995,Arrived at Hub,2025-08-06 22:02:52,Address verification required
EVT0001737,SHP003714,BR3377,EMP01605,Booked,2025-03-05 04:21:31,Package reached destination hub
EVT0001738,SHP002697,BR4648,EMP01926,Delivered,2025-08-03 00:52:35,Vehicle departed
EVT0001739,SHP004053,BR2124,EMP00761,Picked Up,2025-05-02 15:01:22,Customer unavailable
EVT0001740,SHP004147,BR3685,EMP02894,Delivered,2025-02-16 22:49:35,Delivery agent assigned
EVT0001741,SHP004995,BR3281,EMP03716,Out for Delivery,2026-01-04 19:00:21,Shipment delivered
EVT0001742,SHP000945,BR2223,EMP00096,Delivered,2025-07-23 18:07:54,Address verification required
EVT0001743,SHP000893,BR0673,EMP03996,Delivered,2025-11-10 09:24:23,Delivery agent assigned
EVT0001744,SHP003750,BR2662,EMP04833,In Transit,2025-03-09 19:21:26,Customer unavailable
EVT0001745,SHP000590,BR3679,EMP00334,Arrived at Hub,2025-10-15 07:54:36,Delivery agent assigned
EVT0001746,SHP001210,BR3057,EMP01121,Picked Up,2025-09-11 09:50:42,Shipment delivered
EVT0001747,SHP003439,BR4039,EMP02858,In Transit,2025-05-15 20:20:13,Address verification required
EVT0001748,SHP000628,BR0921,EMP03881,Arrived at Hub,2025-01-05 19:32:22,Package scanned at hub
EVT0001749,SHP003721,BR4761,EMP00114,In Transit,2025-02-19 08:30:47,Package reached destination hub
EVT0001750,SHP002040,BR0393,EMP04371,Delivered,2025-03-10 04:30:35,Delivery agent assigned
EVT0001751,SHP002328,BR1400,EMP03104,Picked Up,2025-10-21 08:07:15,Shipment processed successfully
EVT0001752,SHP000635,BR1656,EMP03426,In Transit,2025-05-03 13:08:38,Delivery agent assigned
EVT0001753,SHP001805,BR2467,EMP04321,Delivered,2025-08-13 21:57:47,Package scanned at hub
EVT0001754,SHP002746,BR4391,EMP01802,Out for Delivery,2025-02-16 17:18:35,Package scanned at hub
EVT0001755,SHP001523,BR1162,EMP00014,Arrived at Hub,2025-02-07 17:30:28,Package scanned at hub
EVT0001756,SHP004149,BR0887,EMP02518,Picked Up,2025-04-23 23:46:04,Shipment processed successfully
EVT0001757,SHP002445,BR4482,EMP01691,Booked,2026-01-04 14:53:43,Shipment processed successfully
EVT0001758,SHP000502,BR4124,EMP02450,Delivered,2025-07-27 13:21:55,Vehicle departed
EVT0001759,SHP002669,BR3807,EMP01506,Delayed,2025-02-24 20:09:07,Address verification required
EVT0001760,SHP004017,BR3636,EMP04655,Delayed,2025-03-12 00:27:34,Vehicle departed
EVT0001761,SHP004760,BR2572,EMP01460,Booked,2025-03-12 15:42:48,Shipment processed successfully
EVT0001762,SHP001496,BR3003,EMP04640,Delayed,2025-08-13 18:16:00,Address verification required
EVT0001763,SHP001187,BR2347,EMP04266,Out for Delivery,2025-05-23 06:50:14,Package reached destination hub
EVT0001764,SHP000928,BR2417,EMP02546,Arrived at Hub,2025-04-22 06:30:38,Shipment delivered
EVT0001765,SHP003152,BR0878,EMP02303,Delivered,2025-07-25 04:10:38,Delivery agent assigned
EVT0001766,SHP003792,BR2353,EMP02951,Delivered,2025-09-15 18:28:50,Shipment delivered
EVT0001767,SHP001870,BR3644,EMP04592,In Transit,2025-07-02 16:17:40,Vehicle departed
EVT0001768,SHP000352,BR1406,EMP02912,Picked Up,2025-02-06 23:00:30,Shipment delivered
EVT0001769,SHP003321,BR2022,EMP02789,Delivered,2025-04-15 18:33:39,Address verification required
EVT0001770,SHP001341,BR3136,EMP02261,In Transit,2025-12-13 11:31:42,Shipment processed successfully
EVT0001771,SHP003482,BR4222,EMP02649,Picked Up,2025-08-06 12:26:02,Shipment processed successfully
EVT0001772,SHP001347,BR2076,EMP04681,In Transit,2025-04-07 13:36:36,Customer unavailable
EVT0001773,SHP002044,BR3484,EMP01943,Out for Delivery,2025-02-08 03:00:14,Customer unavailable
EVT0001774,SHP004007,BR2912,EMP00809,Arrived at Hub,2025-10-01 09:59:36,Delivery agent assigned
EVT0001775,SHP002166,BR0388,EMP01280,Delivered,2025-10-18 03:12:47,Address verification required
EVT0001776,SHP002270,BR1622,EMP01757,Delivered,2025-06-14 17:18:49,Shipment delivered
EVT0001777,SHP001338,BR4537,EMP01531,Delayed,2025-08-23 02:48:33,Delivery agent assigned
EVT0001778,SHP000390,BR1069,EMP02121,Booked,2025-10-16 23:53:56,Package reached destination hub
EVT0001779,SHP004056,BR2395,EMP02081,Delivered,2025-08-18 23:25:28,Package reached destination hub
EVT0001780,SHP000298,BR1597,EMP03230,In Transit,2025-07-08 09:24:17,Shipment delivered
EVT0001781,SHP001531,BR1208,EMP00741,In Transit,2025-05-01 23:07:20,Address verification required
EVT0001782,SHP001113,BR3504,EMP02294,In Transit,2025-02-05 23:19:43,Vehicle departed
EVT0001783,SHP000679,BR3894,EMP00703,Returned,2025-09-25 17:37:35,Package reached destination hub
EVT0001784,SHP001658,BR4466,EMP01607,Delivered,2025-07-15 21:08:44,Address verification required
EVT0001785,SHP003600,BR0708,EMP01726,Picked Up,2025-10-05 04:38:10,Shipment processed successfully
EVT0001786,SHP002336,BR2402,EMP03804,Booked,2025-11-30 06:40:15,Shipment delivered
EVT0001787,SHP002163,BR1778,EMP03020,Booked,2025-06-03 19:14:21,Customer unavailable
EVT0001788,SHP003082,BR1721,EMP02392,In Transit,2025-02-12 15:02:53,Shipment delivered
EVT0001789,SHP002996,BR1817,EMP03775,Out for Delivery,2025-07-20 05:46:11,Address verification required
EVT0001790,SHP001633,BR4840,EMP00131,Delivered,2025-01-19 12:24:54,Shipment processed successfully
EVT0001791,SHP004440,BR4126,EMP01335,Picked Up,2025-08-05 16:21:29,Customer unavailable
EVT0001792,SHP000448,BR3052,EMP04998,Out for Delivery,2025-11-06 07:44:57,Vehicle departed
EVT0001793,SHP002667,BR3577,EMP04073,Arrived at Hub,2025-09-27 04:51:22,Shipment delivered
EVT0001794,SHP002498,BR4021,EMP03968,Booked,2025-09-01 06:42:57,Address verification required
EVT0001795,SHP001368,BR3531,EMP04639,Picked Up,2025-07-20 16:47:41,Shipment delivered
EVT0001796,SHP002726,BR1326,EMP00709,Picked Up,2025-04-23 18:00:59,Vehicle departed
EVT0001797,SHP002119,BR1665,EMP01269,Out for Delivery,2025-10-14 09:40:55,Package scanned at hub
EVT0001798,SHP003653,BR4389,EMP00933,In Transit,2025-05-02 14:11:29,Address verification required
EVT0001799,SHP004159,BR2655,EMP00945,Picked Up,2025-01-21 19:25:39,Address verification required
EVT0001800,SHP000784,BR2137,EMP01751,Picked Up,2025-12-04 05:42:27,Address verification required
EVT0001801,SHP001177,BR0805,EMP02902,Arrived at Hub,2025-05-18 19:17:52,Address verification required
EVT0001802,SHP000009,BR1271,EMP01329,Out for Delivery,2025-08-13 21:53:33,Shipment delivered
EVT0001803,SHP003802,BR0819,EMP00430,Delayed,2025-01-27 00:18:06,Shipment processed successfully
EVT0001804,SHP001213,BR1996,EMP00001,Arrived at Hub,2025-10-03 08:12:17,Package reached destination hub
EVT0001805,SHP002264,BR3335,EMP01970,Picked Up,2025-08-27 19:18:24,Shipment delivered
EVT0001806,SHP001777,BR4833,EMP02663,Delayed,2025-06-19 02:11:48,Vehicle departed
EVT0001807,SHP000058,BR4634,EMP00080,Arrived at Hub,2025-03-04 12:11:57,Package scanned at hub
EVT0001808,SHP004712,BR3925,EMP03680,In Transit,2025-08-18 15:14:34,Shipment processed successfully
EVT0001809,SHP001449,BR0800,EMP04042,In Transit,2025-08-26 09:24:44,Package scanned at hub
EVT0001810,SHP003290,BR4388,EMP03422,Delivered,2025-04-05 21:10:46,Customer unavailable
EVT0001811,SHP004733,BR4490,EMP04227,In Transit,2025-04-04 12:40:18,Delivery agent assigned
EVT0001812,SHP004918,BR0816,EMP01209,Out for Delivery,2025-06-20 09:14:03,Delivery agent assigned
EVT0001813,SHP002481,BR1335,EMP02652,Picked Up,2025-11-20 06:48:56,Delivery agent assigned
EVT0001814,SHP003340,BR1207,EMP00531,Picked Up,2025-10-17 12:08:57,Package scanned at hub
EVT0001815,SHP000115,BR2243,EMP01267,In Transit,2025-05-31 19:16:29,Package scanned at hub
EVT0001816,SHP001416,BR4937,EMP03051,Picked Up,2025-03-18 04:46:48,Package scanned at hub
EVT0001817,SHP003401,BR4116,EMP04355,Delivered,2025-12-22 15:55:18,Package scanned at hub
EVT0001818,SHP000001,BR0911,EMP02841,In Transit,2025-09-29 16:22:25,Package reached destination hub
EVT0001819,SHP001212,BR0336,EMP00744,In Transit,2025-03-28 03:52:06,Shipment delivered
EVT0001820,SHP002560,BR4069,EMP03173,Arrived at Hub,2025-07-02 04:53:33,Delivery agent assigned
EVT0001821,SHP004892,BR2077,EMP03469,In Transit,2025-09-04 10:59:01,Shipment delivered
EVT0001822,SHP004229,BR2415,EMP00783,Picked Up,2025-12-16 04:18:12,Package reached destination hub
EVT0001823,SHP002471,BR4634,EMP02330,In Transit,2025-04-10 10:45:55,Shipment processed successfully
EVT0001824,SHP004141,BR0293,EMP01406,Out for Delivery,2025-06-13 10:55:04,Package reached destination hub
EVT0001825,SHP004137,BR0822,EMP02670,Picked Up,2025-04-24 03:46:47,Delivery agent assigned
EVT0001826,SHP001781,BR1764,EMP01654,In Transit,2025-06-20 12:17:12,Shipment delivered
EVT0001827,SHP001544,BR2926,EMP00772,Picked Up,2025-06-04 00:45:23,Vehicle departed
EVT0001828,SHP003783,BR1861,EMP04664,In Transit,2025-12-28 23:06:02,Package reached destination hub
EVT0001829,SHP003916,BR4966,EMP04646,Arrived at Hub,2025-02-28 15:06:26,Shipment processed successfully
EVT0001830,SHP004604,BR0478,EMP04463,Delivered,2025-04-26 23:51:36,Delivery agent assigned
EVT0001831,SHP003421,BR1663,EMP03174,Picked Up,2025-05-19 11:03:11,Address verification required
EVT0001832,SHP002773,BR3593,EMP02545,Booked,2025-06-28 22:49:07,Delivery agent assigned
EVT0001833,SHP004895,BR4182,EMP04505,In Transit,2025-06-18 15:31:59,Package reached destination hub
EVT0001834,SHP000570,BR2412,EMP04625,Out for Delivery,2025-11-17 08:54:36,Delivery agent assigned
EVT0001835,SHP001947,BR4224,EMP01852,In Transit,2025-04-18 06:30:24,Address verification required
EVT0001836,SHP000388,BR3998,EMP01805,Picked Up,2025-12-14 18:50:56,Vehicle departed
EVT0001837,SHP000131,BR4105,EMP00795,Picked Up,2025-08-10 13:19:59,Customer unavailable
EVT0001838,SHP002968,BR1991,EMP03106,Out for Delivery,2025-12-17 23:06:58,Vehicle departed
EVT0001839,SHP003304,BR3421,EMP01682,Delivered,2025-06-23 20:38:18,Shipment processed successfully
EVT0001840,SHP001201,BR3349,EMP00478,Returned,2025-06-22 01:32:38,Package reached destination hub
EVT0001841,SHP000699,BR1813,EMP00669,In Transit,2025-07-24 10:06:46,Package scanned at hub
EVT0001842,SHP002854,BR3201,EMP00391,Booked,2026-01-01 14:58:53,Customer unavailable
EVT0001843,SHP000564,BR0281,EMP02037,Delivered,2025-09-29 13:42:22,Package scanned at hub
EVT0001844,SHP001335,BR1469,EMP01814,In Transit,2025-09-26 23:15:40,Shipment delivered
EVT0001845,SHP003364,BR3024,EMP03191,In Transit,2025-09-20 19:33:38,Shipment processed successfully
EVT0001846,SHP001063,BR4178,EMP03310,Out for Delivery,2025-03-17 02:59:32,Shipment processed successfully
EVT0001847,SHP000404,BR4489,EMP00434,Arrived at Hub,2025-01-13 04:41:42,Delivery agent assigned
EVT0001848,SHP003641,BR3249,EMP03358,In Transit,2025-12-22 22:50:01,Address verification required
EVT0001849,SHP002213,BR4402,EMP00453,In Transit,2025-02-13 00:56:38,Shipment delivered
EVT0001850,SHP001113,BR1477,EMP03238,Booked,2025-12-10 04:03:33,Customer unavailable
EVT0001851,SHP004055,BR1137,EMP02244,In Transit,2025-05-28 08:23:52,Customer unavailable
EVT0001852,SHP002433,BR3670,EMP00762,Out for Delivery,2025-12-29 21:28:00,Shipment delivered
EVT0001853,SHP004491,BR1904,EMP01470,Picked Up,2025-02-11 23:41:16,Address verification required
EVT0001854,SHP003767,BR1484,EMP03305,Picked Up,2025-12-22 23:38:59,Shipment delivered
EVT0001855,SHP001173,BR1120,EMP01563,Delivered,2025-10-12 17:41:33,Vehicle departed
EVT0001856,SHP003776,BR0441,EMP00374,Picked Up,2025-12-13 20:11:30,Delivery agent assigned
EVT0001857,SHP004320,BR3522,EMP02289,Booked,2025-11-16 04:31:45,Vehicle departed
EVT0001858,SHP003282,BR1434,EMP01491,Delayed,2025-10-05 04:57:13,Shipment delivered
EVT0001859,SHP003665,BR2988,EMP01715,Arrived at Hub,2025-02-26 08:20:06,Address verification required
EVT0001860,SHP000294,BR3582,EMP00020,Picked Up,2025-01-18 14:48:52,Customer unavailable
EVT0001861,SHP000322,BR4240,EMP00483,Out for Delivery,2025-03-07 06:17:32,Package reached destination hub
EVT0001862,SHP002798,BR4126,EMP04851,Booked,2025-06-20 14:44:33,Address verification required
EVT0001863,SHP003941,BR1265,EMP02981,Delivered,2025-07-24 02:50:44,Delivery agent assigned
EVT0001864,SHP001421,BR2429,EMP03095,Picked Up,2025-08-15 10:56:59,Package scanned at hub
EVT0001865,SHP001747,BR4671,EMP00345,Arrived at Hub,2025-06-18 02:37:30,Package reached destination hub
EVT0001866,SHP004197,BR2792,EMP04658,Arrived at Hub,2025-08-08 08:24:52,Customer unavailable
EVT0001867,SHP004694,BR0724,EMP04503,Delivered,2025-03-22 04:05:52,Customer unavailable
EVT0001868,SHP002346,BR1662,EMP04359,Delivered,2025-02-28 20:16:58,Shipment processed successfully
EVT0001869,SHP003521,BR4618,EMP00800,In Transit,2025-07-25 05:16:10,Delivery agent assigned
EVT0001870,SHP003423,BR0431,EMP00958,Delayed,2025-03-13 20:24:52,Package scanned at hub
EVT0001871,SHP002492,BR4084,EMP04392,In Transit,2025-08-10 16:51:16,Shipment processed successfully
EVT0001872,SHP004218,BR0991,EMP03284,Booked,2025-09-28 14:38:04,Shipment delivered
EVT0001873,SHP001197,BR1214,EMP04686,In Transit,2025-10-06 10:07:33,Shipment delivered
EVT0001874,SHP002584,BR1837,EMP04176,Picked Up,2025-11-21 08:43:15,Address verification required
EVT0001875,SHP000538,BR3864,EMP01269,Picked Up,2025-09-24 09:56:25,Address verification required
EVT0001876,SHP003242,BR3805,EMP02074,Delivered,2025-07-31 06:07:45,Customer unavailable
EVT0001877,SHP003373,BR2969,EMP04540,Booked,2025-08-02 07:31:19,Address verification required
EVT0001878,SHP001791,BR0752,EMP03693,Delivered,2025-01-22 12:33:17,Customer unavailable
EVT0001879,SHP003497,BR1131,EMP02594,Delivered,2025-06-10 15:52:46,Address verification required
EVT0001880,SHP000711,BR2964,EMP01077,Delivered,2025-12-28 09:52:41,Package reached destination hub
EVT0001881,SHP000204,BR0867,EMP03327,Booked,2025-06-20 05:15:33,Package reached destination hub
EVT0001882,SHP004437,BR2058,EMP01637,Booked,2025-07-06 16:33:56,Shipment processed successfully
EVT0001883,SHP002389,BR3744,EMP01237,Arrived at Hub,2025-09-15 00:14:20,Package reached destination hub
EVT0001884,SHP004853,BR1530,EMP04541,Booked,2025-11-07 07:25:51,Customer unavailable
EVT0001885,SHP000615,BR4418,EMP02344,Delivered,2025-03-29 08:00:49,Shipment delivered
EVT0001886,SHP001808,BR4170,EMP00883,Delivered,2025-08-02 14:36:17,Delivery agent assigned
EVT0001887,SHP001190,BR2300,EMP04597,Arrived at Hub,2025-05-18 22:02:27,Package reached destination hub
EVT0001888,SHP002103,BR0702,EMP04941,Arrived at Hub,2025-08-29 16:05:34,Address verification required
EVT0001889,SHP002083,BR2957,EMP04036,Booked,2025-12-24 02:00:30,Vehicle departed
EVT0001890,SHP004698,BR0094,EMP04581,In Transit,2025-09-16 20:17:17,Vehicle departed
EVT0001891,SHP004335,BR1726,EMP04276,Delivered,2025-05-17 12:52:09,Package scanned at hub
EVT0001892,SHP004798,BR1945,EMP04091,Delivered,2025-11-21 16:40:12,Package scanned at hub
EVT0001893,SHP001170,BR2686,EMP04894,In Transit,2025-07-04 06:06:38,Shipment delivered
EVT0001894,SHP000958,BR0208,EMP00387,Out for Delivery,2025-02-28 17:33:52,Vehicle departed
EVT0001895,SHP002811,BR0053,EMP02864,Picked Up,2025-05-14 19:22:21,Address verification required
EVT0001896,SHP000370,BR4450,EMP03918,Picked Up,2025-10-11 23:59:20,Shipment processed successfully
EVT0001897,SHP004670,BR4734,EMP01883,Booked,2025-12-08 08:11:26,Package scanned at hub
EVT0001898,SHP002945,BR3199,EMP02812,Arrived at Hub,2025-07-22 17:57:07,Customer unavailable
EVT0001899,SHP000480,BR4360,EMP03951,Arrived at Hub,2025-10-05 09:27:56,Customer unavailable
EVT0001900,SHP000662,BR2471,EMP04638,Out for Delivery,2025-07-10 05:39:33,Package reached destination hub
EVT0001901,SHP001409,BR4525,EMP02065,Delivered,2025-07-05 14:28:31,Delivery agent assigned
EVT0001902,SHP000238,BR4988,EMP01455,In Transit,2025-07-20 15:29:40,Delivery agent assigned
EVT0001903,SHP003409,BR0405,EMP00004,In Transit,2025-04-13 16:50:07,Delivery agent assigned
EVT0001904,SHP000808,BR1452,EMP02697,Picked Up,2025-04-01 23:33:24,Shipment delivered
EVT0001905,SHP000351,BR2085,EMP02228,Arrived at Hub,2025-03-21 00:28:23,Shipment delivered
EVT0001906,SHP000703,BR0968,EMP01978,Out for Delivery,2025-05-31 01:16:28,Delivery agent assigned
EVT0001907,SHP002202,BR4102,EMP02469,Out for Delivery,2025-03-01 00:29:38,Address verification required
EVT0001908,SHP004396,BR1637,EMP03117,Delivered,2025-08-09 05:06:54,Delivery agent assigned
EVT0001909,SHP004869,BR2299,EMP01133,Picked Up,2025-09-09 18:24:30,Package reached destination hub
EVT0001910,SHP002852,BR3319,EMP02916,Delivered,2025-03-12 21:26:04,Package scanned at hub
EVT0001911,SHP004390,BR4074,EMP01792,Picked Up,2025-03-26 11:29:23,Vehicle departed
EVT0001912,SHP000427,BR0198,EMP01132,Picked Up,2026-01-03 19:23:05,Address verification required
EVT0001913,SHP004070,BR1677,EMP03530,Arrived at Hub,2025-07-27 13:10:01,Shipment processed successfully
EVT0001914,SHP004441,BR4761,EMP02824,Out for Delivery,2025-04-17 09:54:40,Shipment processed successfully
EVT0001915,SHP003907,BR1864,EMP02674,Booked,2025-04-11 17:57:24,Shipment delivered
EVT0001916,SHP003699,BR1716,EMP03799,Returned,2025-08-21 23:06:42,Shipment delivered
EVT0001917,SHP003801,BR1762,EMP02922,Delivered,2025-01-09 13:35:57,Shipment delivered
EVT0001918,SHP003513,BR2745,EMP01227,Returned,2025-11-08 04:00:21,Address verification required
EVT0001919,SHP003239,BR1919,EMP02342,Delivered,2025-02-16 22:39:14,Customer unavailable
EVT0001920,SHP002005,BR4139,EMP03712,Picked Up,2025-12-11 04:21:53,Package reached destination hub
EVT0001921,SHP002552,BR3513,EMP03482,Picked Up,2025-01-21 21:07:22,Vehicle departed
EVT0001922,SHP001591,BR0012,EMP00527,Picked Up,2025-01-11 04:30:15,Package scanned at hub
EVT0001923,SHP004777,BR2616,EMP01188,Picked Up,2025-05-28 22:02:52,Shipment delivered
EVT0001924,SHP003983,BR4683,EMP00097,Delivered,2025-03-27 03:46:50,Delivery agent assigned
EVT0001925,SHP003298,BR3776,EMP00351,Picked Up,2025-05-16 10:16:38,Vehicle departed
EVT0001926,SHP004236,BR2876,EMP00970,Picked Up,2025-11-02 00:55:27,Vehicle departed
EVT0001927,SHP003832,BR0056,EMP00377,In Transit,2025-01-14 06:53:50,Customer unavailable
EVT0001928,SHP002149,BR4787,EMP02942,In Transit,2025-01-28 19:42:52,Package reached destination hub
EVT0001929,SHP000230,BR2054,EMP02110,Delayed,2025-02-07 12:40:50,Package scanned at hub
EVT0001930,SHP002421,BR2954,EMP03194,In Transit,2025-05-05 17:05:11,Address verification required
EVT0001931,SHP001476,BR2959,EMP03885,In Transit,2025-03-29 08:32:25,Customer unavailable
EVT0001932,SHP003052,BR4603,EMP01016,Picked Up,2025-01-21 06:30:41,Customer unavailable
EVT0001933,SHP002017,BR2838,EMP03567,Arrived at Hub,2025-02-23 11:12:01,Customer unavailable
EVT0001934,SHP004179,BR2587,EMP01956,Picked Up,2025-05-25 10:22:00,Address verification required
EVT0001935,SHP003463,BR3555,EMP03698,Arrived at Hub,2025-11-12 05:15:27,Delivery agent assigned
EVT0001936,SHP003879,BR4641,EMP03083,Out for Delivery,2025-04-25 06:00:52,Shipment delivered
EVT0001937,SHP002241,BR2432,EMP04221,Out for Delivery,2025-02-25 05:03:45,Vehicle departed
EVT0001938,SHP003649,BR0114,EMP00384,Out for Delivery,2025-01-23 03:32:26,Delivery agent assigned
EVT0001939,SHP002299,BR3603,EMP01002,Out for Delivery,2025-02-11 21:06:59,Shipment delivered
EVT0001940,SHP001588,BR3423,EMP03413,Out for Delivery,2025-10-27 06:02:02,Address verification required
EVT0001941,SHP001931,BR0368,EMP04086,Out for Delivery,2025-10-17 11:10:37,Address verification required
EVT0001942,SHP001439,BR2132,EMP04366,Arrived at Hub,2025-01-14 11:46:48,Package reached destination hub
EVT0001943,SHP001289,BR0766,EMP00956,Out for Delivery,2025-01-29 19:31:11,Package scanned at hub
EVT0001944,SHP004340,BR2778,EMP00840,In Transit,2025-05-29 02:44:50,Address verification required
EVT0001945,SHP002194,BR0586,EMP00742,In Transit,2025-12-13 04:05:58,Package reached destination hub
EVT0001946,SHP003604,BR1212,EMP02586,Out for Delivery,2025-07-29 16:58:25,Package scanned at hub
EVT0001947,SHP000699,BR2499,EMP03264,Delivered,2025-06-30 15:43:50,Package scanned at hub
EVT0001948,SHP000383,BR1914,EMP03519,Arrived at Hub,2025-04-03 08:47:34,Package reached destination hub
EVT0001949,SHP003117,BR3609,EMP02612,Delivered,2025-12-25 01:18:15,Shipment processed successfully
EVT0001950,SHP001607,BR0632,EMP02825,Picked Up,2025-04-07 19:20:30,Delivery agent assigned
EVT0001951,SHP003409,BR1279,EMP02016,Out for Delivery,2025-06-02 20:40:38,Address verification required
EVT0001952,SHP002324,BR2518,EMP01241,Returned,2025-02-25 01:34:48,Package reached destination hub
EVT0001953,SHP004417,BR0380,EMP04658,Out for Delivery,2025-09-13 23:14:38,Package scanned at hub
EVT0001954,SHP003210,BR3750,EMP02185,In Transit,2025-03-25 05:01:28,Vehicle departed
EVT0001955,SHP003644,BR1251,EMP00046,Arrived at Hub,2025-08-06 16:19:35,Package scanned at hub
EVT0001956,SHP004929,BR1224,EMP04736,Arrived at Hub,2025-01-15 00:17:19,Shipment delivered
EVT0001957,SHP001826,BR3225,EMP03223,Delivered,2025-09-29 00:25:27,Shipment processed successfully
EVT0001958,SHP002759,BR4306,EMP02928,In Transit,2025-02-16 19:40:08,Address verification required
EVT0001959,SHP000137,BR3226,EMP02729,Arrived at Hub,2025-07-22 20:43:22,Package scanned at hub
EVT0001960,SHP004307,BR2248,EMP00635,Delivered,2025-12-23 11:49:39,Shipment delivered
EVT0001961,SHP001956,BR1655,EMP02780,Arrived at Hub,2025-09-25 17:51:01,Vehicle departed
EVT0001962,SHP000574,BR3964,EMP03814,Booked,2026-01-03 02:04:21,Package reached destination hub
EVT0001963,SHP002062,BR2035,EMP03239,In Transit,2025-12-02 02:24:27,Address verification required
EVT0001964,SHP000526,BR0209,EMP02191,Delivered,2025-11-11 10:13:45,Shipment delivered
EVT0001965,SHP001688,BR1595,EMP04860,Booked,2025-10-15 06:50:05,Package scanned at hub
EVT0001966,SHP001406,BR0093,EMP01046,Picked Up,2025-06-12 14:43:40,Shipment delivered
EVT0001967,SHP002987,BR0855,EMP03983,In Transit,2025-09-24 14:38:24,Customer unavailable
EVT0001968,SHP000556,BR1090,EMP03751,Out for Delivery,2025-12-30 05:44:53,Customer unavailable
EVT0001969,SHP000043,BR0663,EMP00171,Picked Up,2025-08-27 12:25:37,Shipment processed successfully
EVT0001970,SHP003249,BR0997,EMP03287,Out for Delivery,2025-09-21 05:43:04,Package scanned at hub
EVT0001971,SHP002353,BR2721,EMP00910,Booked,2025-11-09 08:12:37,Shipment delivered
EVT0001972,SHP004683,BR4132,EMP01143,Delivered,2025-04-28 22:29:14,Shipment processed successfully
EVT0001973,SHP002991,BR0175,EMP01080,Delivered,2025-11-11 00:07:00,Package scanned at hub
EVT0001974,SHP002537,BR2985,EMP01736,Picked Up,2025-04-26 16:31:01,Address verification required
EVT0001975,SHP004478,BR4266,EMP01519,Out for Delivery,2025-09-19 18:44:34,Package scanned at hub
EVT0001976,SHP003094,BR1076,EMP00537,Delivered,2025-03-25 22:36:23,Vehicle departed
EVT0001977,SHP003598,BR2462,EMP01316,Picked Up,2025-08-23 23:48:11,Shipment delivered
EVT0001978,SHP003837,BR0627,EMP04693,Booked,2025-03-08 00:01:31,Delivery agent assigned
EVT0001979,SHP002236,BR2056,EMP00305,Picked Up,2025-12-15 23:49:39,Package reached destination hub
EVT0001980,SHP003250,BR1217,EMP02738,Delayed,2025-10-16 06:37:52,Shipment processed successfully
EVT0001981,SHP001834,BR0799,EMP03461,In Transit,2025-12-01 23:48:57,Delivery agent assigned
EVT0001982,SHP002248,BR1589,EMP03993,In Transit,2025-07-21 12:36:40,Address verification required
EVT0001983,SHP000527,BR2024,EMP02970,Out for Delivery,2025-10-12 10:00:17,Shipment delivered
EVT0001984,SHP004269,BR1287,EMP01095,Picked Up,2025-06-23 08:18:04,Delivery agent assigned
EVT0001985,SHP001405,BR2394,EMP04150,In Transit,2025-11-30 16:08:31,Customer unavailable
EVT0001986,SHP004469,BR0367,EMP04050,In Transit,2025-05-10 01:02:49,Customer unavailable
EVT0001987,SHP004701,BR4909,EMP00845,In Transit,2025-06-21 21:24:37,Shipment processed successfully
EVT0001988,SHP000632,BR2491,EMP02651,Delayed,2025-02-07 17:12:07,Address verification required
EVT0001989,SHP000144,BR0334,EMP04371,Delivered,2025-02-10 11:02:52,Package scanned at hub
EVT0001990,SHP002964,BR0044,EMP04315,Delivered,2025-11-06 15:46:33,Shipment delivered
EVT0001991,SHP002978,BR2914,EMP00271,Picked Up,2025-08-30 14:58:36,Package scanned at hub
EVT0001992,SHP000951,BR2263,EMP00946,Delayed,2025-02-07 02:28:46,Vehicle departed
EVT0001993,SHP002078,BR0438,EMP04985,In Transit,2025-09-23 10:29:37,Customer unavailable
EVT0001994,SHP002589,BR2358,EMP02797,Picked Up,2025-03-18 08:58:23,Address verification required
EVT0001995,SHP000226,BR2328,EMP02730,Picked Up,2025-06-20 03:44:49,Address verification required
EVT0001996,SHP001110,BR4018,EMP01376,Picked Up,2025-01-14 17:24:58,Package scanned at hub
EVT0001997,SHP004217,BR0549,EMP02526,Arrived at Hub,2025-03-06 12:08:29,Address verification required
EVT0001998,SHP000436,BR4401,EMP03075,Delayed,2025-04-12 08:52:57,Customer unavailable
EVT0001999,SHP000693,BR0287,EMP03046,Out for Delivery,2025-09-29 02:10:49,Address verification required
EVT0002000,SHP003435,BR4091,EMP03891,Delayed,2025-03-13 11:10:37,Package scanned at hub
EVT0002001,SHP002138,BR3228,EMP04730,In Transit,2025-03-16 14:22:20,Shipment delivered
EVT0002002,SHP002308,BR4248,EMP00546,Arrived at Hub,2025-09-06 13:00:03,Customer unavailable
EVT0002003,SHP002455,BR3328,EMP01173,Delivered,2025-03-11 04:52:10,Package reached destination hub
EVT0002004,SHP004662,BR4743,EMP01684,In Transit,2025-05-26 18:40:53,Package reached destination hub
EVT0002005,SHP003963,BR1213,EMP02994,Booked,2025-09-17 17:14:53,Package scanned at hub
EVT0002006,SHP003591,BR1972,EMP03928,Picked Up,2025-07-30 13:17:24,Shipment delivered
EVT0002007,SHP002732,BR4213,EMP03956,Out for Delivery,2025-12-17 12:09:09,Shipment processed successfully
EVT0002008,SHP003818,BR4308,EMP00915,Delivered,2025-01-20 18:14:25,Package scanned at hub
EVT0002009,SHP001203,BR1927,EMP03058,Arrived at Hub,2025-02-06 00:32:36,Shipment processed successfully
EVT0002010,SHP002423,BR0314,EMP04531,In Transit,2025-04-21 14:26:22,Shipment delivered
EVT0002011,SHP004500,BR2846,EMP03903,Picked Up,2025-08-26 13:05:43,Shipment delivered
EVT0002012,SHP004362,BR2971,EMP03836,Returned,2025-05-11 04:42:33,Shipment delivered
EVT0002013,SHP003679,BR1073,EMP02003,Picked Up,2025-09-12 04:57:20,Vehicle departed
EVT0002014,SHP004953,BR2103,EMP02670,Out for Delivery,2025-05-21 17:00:08,Customer unavailable
EVT0002015,SHP001998,BR3345,EMP01196,In Transit,2025-06-05 01:08:20,Customer unavailable
EVT0002016,SHP002952,BR4641,EMP02810,Booked,2025-08-03 17:36:41,Package reached destination hub
EVT0002017,SHP003218,BR4521,EMP03142,Out for Delivery,2025-10-22 22:03:28,Vehicle departed
EVT0002018,SHP000353,BR2894,EMP01847,Out for Delivery,2025-05-19 12:33:59,Package reached destination hub
EVT0002019,SHP002872,BR2374,EMP01814,Delivered,2025-06-09 04:35:34,Vehicle departed
EVT0002020,SHP000656,BR2848,EMP01224,Delayed,2025-08-09 08:42:51,Address verification required
EVT0002021,SHP003654,BR0316,EMP04261,Delayed,2025-05-10 13:07:31,Delivery agent assigned
EVT0002022,SHP003272,BR4506,EMP01041,Arrived at Hub,2025-11-03 11:36:11,Package scanned at hub
EVT0002023,SHP000469,BR2536,EMP02794,Picked Up,2025-09-20 20:49:40,Address verification required
EVT0002024,SHP001277,BR0940,EMP03633,Booked,2025-11-16 13:59:02,Address verification required
EVT0002025,SHP002368,BR4429,EMP01997,Arrived at Hub,2025-11-20 12:17:20,Shipment delivered
EVT0002026,SHP004187,BR4573,EMP01146,In Transit,2025-09-20 17:14:18,Shipment delivered
EVT0002027,SHP004759,BR2978,EMP04291,In Transit,2025-12-05 04:56:52,Address verification required
EVT0002028,SHP004740,BR2179,EMP04638,Arrived at Hub,2025-06-05 15:17:03,Address verification required
EVT0002029,SHP004860,BR2614,EMP02387,Delivered,2025-04-25 17:22:58,Package scanned at hub
EVT0002030,SHP000820,BR0859,EMP00417,Arrived at Hub,2025-06-07 18:44:12,Package scanned at hub
EVT0002031,SHP003098,BR3193,EMP01397,Out for Delivery,2025-05-07 01:10:06,Package reached destination hub
EVT0002032,SHP004345,BR4027,EMP03637,In Transit,2025-08-20 17:08:50,Package reached destination hub
EVT0002033,SHP002822,BR2877,EMP00949,In Transit,2025-11-30 07:06:06,Customer unavailable
EVT0002034,SHP001720,BR0214,EMP04616,Booked,2025-11-06 15:00:35,Customer unavailable
EVT0002035,SHP000685,BR3373,EMP02819,Booked,2025-08-05 05:53:03,Customer unavailable
EVT0002036,SHP004717,BR0207,EMP01056,In Transit,2025-12-24 11:26:16,Package scanned at hub
EVT0002037,SHP000243,BR4106,EMP01979,In Transit,2025-04-01 01:33:11,Shipment delivered
EVT0002038,SHP001582,BR3802,EMP03423,Picked Up,2025-02-19 21:46:01,Package scanned at hub
EVT0002039,SHP000918,BR0841,EMP03415,Delivered,2025-09-20 19:16:22,Vehicle departed
EVT0002040,SHP001114,BR0492,EMP02974,Arrived at Hub,2025-10-01 13:46:20,Address verification required
EVT0002041,SHP001681,BR0289,EMP02801,Picked Up,2025-03-03 12:19:06,Shipment processed successfully
EVT0002042,SHP004187,BR4215,EMP04063,Arrived at Hub,2025-08-23 21:01:20,Shipment delivered
EVT0002043,SHP000741,BR2016,EMP03875,Booked,2025-12-03 23:59:44,Package scanned at hub
EVT0002044,SHP004126,BR1060,EMP01356,Delivered,2025-11-24 08:23:38,Delivery agent assigned
EVT0002045,SHP000453,BR3177,EMP00699,In Transit,2025-06-07 22:44:54,Shipment delivered
EVT0002046,SHP002447,BR3249,EMP03031,Arrived at Hub,2025-08-12 14:30:22,Shipment processed successfully
EVT0002047,SHP004646,BR1771,EMP02641,In Transit,2025-04-25 09:03:13,Customer unavailable
EVT0002048,SHP003359,BR4677,EMP02662,Arrived at Hub,2025-05-15 11:57:35,Package scanned at hub
EVT0002049,SHP004330,BR4339,EMP00446,In Transit,2025-07-12 05:54:03,Shipment processed successfully
EVT0002050,SHP001646,BR2292,EMP04879,Picked Up,2025-08-27 03:24:09,Delivery agent assigned
EVT0002051,SHP001681,BR0621,EMP00856,Arrived at Hub,2025-10-15 12:07:17,Shipment processed successfully
EVT0002052,SHP000440,BR0829,EMP03386,Booked,2025-09-18 09:24:03,Address verification required
EVT0002053,SHP002580,BR3099,EMP01375,Picked Up,2025-08-14 20:53:06,Shipment processed successfully
EVT0002054,SHP002350,BR4365,EMP00690,Booked,2025-09-09 06:32:36,Address verification required
EVT0002055,SHP004069,BR3767,EMP01134,Delayed,2025-07-17 04:52:12,Address verification required
EVT0002056,SHP001833,BR0583,EMP03044,Delivered,2025-05-26 18:37:36,Shipment delivered
EVT0002057,SHP001473,BR3453,EMP01842,Delayed,2025-05-22 05:22:57,Package reached destination hub
EVT0002058,SHP002061,BR0191,EMP01713,Delivered,2025-02-19 03:42:03,Package scanned at hub
EVT0002059,SHP000720,BR3129,EMP04550,Delivered,2025-01-16 23:51:47,Shipment delivered
EVT0002060,SHP000394,BR0422,EMP03213,Delivered,2025-10-24 13:05:04,Customer unavailable
EVT0002061,SHP002390,BR1011,EMP00253,In Transit,2025-04-04 18:21:09,Address verification required
EVT0002062,SHP002875,BR0687,EMP04876,Delivered,2025-02-28 00:17:40,Vehicle departed
EVT0002063,SHP003656,BR1314,EMP01871,Out for Delivery,2025-04-27 10:49:23,Shipment processed successfully
EVT0002064,SHP002798,BR2558,EMP01007,Out for Delivery,2025-05-19 22:16:12,Delivery agent assigned
EVT0002065,SHP001885,BR3153,EMP02961,Delivered,2025-04-15 16:26:06,Address verification required
EVT0002066,SHP004149,BR3159,EMP04147,Returned,2025-10-24 19:18:12,Address verification required
EVT0002067,SHP000654,BR0062,EMP02331,Delayed,2025-05-30 13:11:13,Shipment delivered
EVT0002068,SHP003233,BR1732,EMP02856,Picked Up,2025-05-03 21:53:08,Customer unavailable
EVT0002069,SHP001954,BR2915,EMP01066,In Transit,2025-11-24 09:13:17,Address verification required
EVT0002070,SHP000436,BR4188,EMP04962,Picked Up,2025-08-25 07:46:10,Vehicle departed
EVT0002071,SHP000097,BR2729,EMP01607,Picked Up,2026-01-03 12:16:39,Package reached destination hub
EVT0002072,SHP004370,BR1653,EMP01243,In Transit,2025-02-06 08:43:10,Shipment delivered
EVT0002073,SHP003173,BR0127,EMP00528,In Transit,2025-06-09 10:13:16,Package scanned at hub
EVT0002074,SHP003918,BR1490,EMP00131,In Transit,2025-03-01 03:05:55,Shipment processed successfully
EVT0002075,SHP001552,BR4957,EMP00562,Delivered,2025-11-10 04:22:12,Customer unavailable
EVT0002076,SHP002993,BR1261,EMP04285,Delivered,2025-01-22 09:15:19,Customer unavailable
EVT0002077,SHP000665,BR1483,EMP01322,Out for Delivery,2025-09-09 01:18:08,Package scanned at hub
EVT0002078,SHP004837,BR4146,EMP02531,Arrived at Hub,2025-06-28 15:05:14,Address verification required
EVT0002079,SHP003777,BR4236,EMP00547,Delivered,2025-09-24 11:40:51,Package reached destination hub
EVT0002080,SHP003279,BR2110,EMP02069,Picked Up,2025-12-31 03:06:13,Shipment processed successfully
EVT0002081,SHP002411,BR2779,EMP02291,Arrived at Hub,2025-01-10 14:41:55,Address verification required
EVT0002082,SHP004219,BR2655,EMP03406,In Transit,2025-07-20 01:28:38,Package reached destination hub
EVT0002083,SHP003520,BR2885,EMP02853,In Transit,2025-07-31 20:57:50,Delivery agent assigned
EVT0002084,SHP004248,BR1578,EMP01251,Picked Up,2025-03-27 10:01:37,Shipment delivered
EVT0002085,SHP000539,BR1711,EMP02746,Delivered,2025-05-15 15:40:18,Package reached destination hub
EVT0002086,SHP001237,BR2063,EMP02226,Booked,2025-09-13 09:54:30,Delivery agent assigned
EVT0002087,SHP000992,BR2090,EMP00774,Picked Up,2025-06-12 06:26:15,Delivery agent assigned
EVT0002088,SHP003393,BR3334,EMP00502,In Transit,2025-12-09 01:31:48,Shipment delivered
EVT0002089,SHP001476,BR2411,EMP00130,In Transit,2025-10-27 13:53:47,Package reached destination hub
EVT0002090,SHP001860,BR1433,EMP04755,Booked,2025-03-04 23:28:27,Address verification required
EVT0002091,SHP004496,BR3807,EMP04705,Returned,2025-07-04 05:22:35,Package reached destination hub
EVT0002092,SHP001783,BR2578,EMP04616,Returned,2025-11-06 08:09:29,Shipment processed successfully
EVT0002093,SHP004948,BR4044,EMP00020,Arrived at Hub,2025-02-04 07:06:30,Package scanned at hub
EVT0002094,SHP000736,BR3834,EMP03884,Booked,2025-02-14 04:31:25,Customer unavailable
EVT0002095,SHP000622,BR2574,EMP01186,Out for Delivery,2025-12-16 07:16:58,Address verification required
EVT0002096,SHP002129,BR3250,EMP03376,Picked Up,2025-05-25 20:46:13,Shipment delivered
EVT0002097,SHP000860,BR1220,EMP03254,Delayed,2025-02-06 11:10:48,Package scanned at hub
EVT0002098,SHP003099,BR4794,EMP02919,In Transit,2025-04-01 15:16:32,Delivery agent assigned
EVT0002099,SHP001353,BR3164,EMP02530,Delivered,2025-06-01 05:47:52,Address verification required
EVT0002100,SHP000514,BR0042,EMP03190,In Transit,2025-03-05 09:59:16,Address verification required
EVT0002101,SHP004895,BR4632,EMP04886,Picked Up,2025-06-19 13:51:02,Vehicle departed
EVT0002102,SHP001642,BR2611,EMP01240,In Transit,2025-04-08 19:23:28,Package reached destination hub
EVT0002103,SHP001088,BR4128,EMP04159,Delivered,2025-09-24 09:14:09,Shipment delivered
EVT0002104,SHP003693,BR0206,EMP02197,In Transit,2025-03-30 04:18:51,Shipment delivered
EVT0002105,SHP003530,BR4826,EMP02877,Delivered,2025-01-11 06:21:24,Address verification required
EVT0002106,SHP004455,BR1417,EMP02549,Delivered,2025-04-23 06:15:01,Package reached destination hub
EVT0002107,SHP003867,BR3879,EMP02420,Picked Up,2025-02-10 14:20:40,Shipment processed successfully
EVT0002108,SHP001177,BR4830,EMP03164,Out for Delivery,2025-08-30 22:17:09,Shipment delivered
EVT0002109,SHP003751,BR0635,EMP01420,Picked Up,2025-06-24 01:15:54,Vehicle departed
EVT0002110,SHP004447,BR0283,EMP01885,In Transit,2025-11-12 12:55:56,Shipment processed successfully
EVT0002111,SHP001427,BR4027,EMP02694,In Transit,2025-06-16 12:52:47,Customer unavailable
EVT0002112,SHP002555,BR4876,EMP01857,In Transit,2025-01-26 19:18:01,Shipment delivered
EVT0002113,SHP003278,BR0148,EMP04220,Arrived at Hub,2025-05-14 02:28:04,Vehicle departed
EVT0002114,SHP000798,BR3244,EMP03493,Delayed,2025-02-01 15:49:09,Vehicle departed
EVT0002115,SHP003297,BR4303,EMP03152,In Transit,2025-02-06 20:29:21,Shipment processed successfully
EVT0002116,SHP001313,BR3158,EMP01273,Out for Delivery,2025-06-05 01:50:10,Customer unavailable
EVT0002117,SHP000343,BR0009,EMP03924,In Transit,2026-01-01 07:20:22,Package reached destination hub
EVT0002118,SHP001574,BR2492,EMP03967,In Transit,2025-10-17 16:53:34,Delivery agent assigned
EVT0002119,SHP003574,BR3301,EMP00557,Arrived at Hub,2025-07-19 23:01:20,Shipment delivered
EVT0002120,SHP000711,BR4580,EMP01128,Arrived at Hub,2025-06-14 07:38:21,Delivery agent assigned
EVT0002121,SHP003122,BR3306,EMP03497,Picked Up,2025-07-29 01:24:26,Vehicle departed
EVT0002122,SHP002574,BR1750,EMP03624,Booked,2025-03-16 01:27:05,Shipment processed successfully
EVT0002123,SHP002005,BR3516,EMP01905,Out for Delivery,2025-07-07 09:09:17,Delivery agent assigned
EVT0002124,SHP004859,BR3597,EMP00681,Arrived at Hub,2025-08-15 11:35:40,Shipment processed successfully
EVT0002125,SHP001853,BR1800,EMP03728,Returned,2025-09-07 10:50:14,Customer unavailable
EVT0002126,SHP002514,BR2060,EMP00212,Delivered,2025-09-30 12:49:28,Shipment processed successfully
EVT0002127,SHP004752,BR3180,EMP02015,Out for Delivery,2025-03-22 15:54:10,Shipment processed successfully
EVT0002128,SHP001295,BR4146,EMP00463,Delivered,2025-11-12 05:27:47,Address verification required
EVT0002129,SHP003586,BR4152,EMP02243,Delivered,2025-11-01 02:12:13,Shipment processed successfully
EVT0002130,SHP000939,BR2327,EMP02067,In Transit,2025-07-14 11:01:03,Shipment delivered
EVT0002131,SHP000155,BR2475,EMP01402,In Transit,2025-12-15 00:12:24,Customer unavailable
EVT0002132,SHP000857,BR3734,EMP04273,Picked Up,2025-10-05 21:35:06,Shipment processed successfully
EVT0002133,SHP001434,BR1819,EMP01754,Picked Up,2025-11-10 23:09:16,Shipment delivered
EVT0002134,SHP000701,BR4769,EMP01488,Arrived at Hub,2025-07-15 21:43:18,Delivery agent assigned
EVT0002135,SHP001797,BR2760,EMP04890,Booked,2025-09-03 22:58:14,Address verification required
EVT0002136,SHP000868,BR2659,EMP00622,Out for Delivery,2025-06-09 21:34:10,Vehicle departed
EVT0002137,SHP004647,BR0021,EMP03373,Out for Delivery,2025-01-08 03:31:13,Customer unavailable
EVT0002138,SHP004004,BR3810,EMP01672,Picked Up,2025-08-05 04:02:01,Address verification required
EVT0002139,SHP000289,BR2129,EMP00809,Booked,2025-10-30 01:42:00,Vehicle departed
EVT0002140,SHP001157,BR1504,EMP00323,Delivered,2025-03-26 22:27:03,Vehicle departed
EVT0002141,SHP003362,BR0368,EMP02354,Delivered,2025-02-21 00:11:15,Package scanned at hub
EVT0002142,SHP004891,BR0705,EMP01375,In Transit,2025-04-27 16:29:00,Shipment processed successfully
EVT0002143,SHP000784,BR0222,EMP03039,Delayed,2025-05-12 13:36:43,Package scanned at hub
EVT0002144,SHP004288,BR4009,EMP01273,In Transit,2025-03-23 02:01:18,Shipment delivered
EVT0002145,SHP000489,BR0420,EMP01410,Booked,2025-01-29 20:34:53,Package reached destination hub
EVT0002146,SHP000059,BR3706,EMP04788,In Transit,2025-09-23 11:19:43,Vehicle departed
EVT0002147,SHP000028,BR1287,EMP01481,Delivered,2025-12-28 19:56:11,Address verification required
EVT0002148,SHP002348,BR4739,EMP00599,Delivered,2025-06-23 10:06:14,Shipment delivered
EVT0002149,SHP004876,BR2327,EMP03649,Delivered,2025-04-12 05:58:36,Package reached destination hub
EVT0002150,SHP003724,BR1185,EMP02525,Booked,2025-12-04 04:01:29,Package reached destination hub
EVT0002151,SHP000941,BR4364,EMP00467,Returned,2025-06-26 07:36:59,Address verification required
EVT0002152,SHP004705,BR0389,EMP01236,Booked,2025-04-10 05:12:43,Package reached destination hub
EVT0002153,SHP003308,BR3835,EMP04350,Booked,2025-07-25 06:13:27,Address verification required
EVT0002154,SHP003108,BR2400,EMP03135,Picked Up,2025-01-13 21:09:25,Address verification required
EVT0002155,SHP004355,BR3254,EMP01644,Delayed,2025-12-21 05:04:00,Vehicle departed
EVT0002156,SHP002947,BR1775,EMP01488,In Transit,2025-06-12 23:01:12,Customer unavailable
EVT0002157,SHP004568,BR2386,EMP02068,Delivered,2025-04-12 19:55:23,Vehicle departed
EVT0002158,SHP001952,BR4508,EMP04052,Picked Up,2025-08-04 07:34:06,Address verification required
EVT0002159,SHP004278,BR4353,EMP00532,Arrived at Hub,2025-07-27 10:15:25,Package reached destination hub
EVT0002160,SHP002943,BR4090,EMP02005,In Transit,2025-05-03 13:24:29,Vehicle departed
EVT0002161,SHP000627,BR4024,EMP00496,Delivered,2025-05-04 13:34:25,Address verification required
EVT0002162,SHP001741,BR2601,EMP04564,Delayed,2025-03-13 07:58:52,Package scanned at hub
EVT0002163,SHP004677,BR4840,EMP01665,Delayed,2025-10-29 04:16:19,Vehicle departed
EVT0002164,SHP001341,BR2404,EMP04751,In Transit,2025-08-04 10:15:06,Delivery agent assigned
EVT0002165,SHP004436,BR2557,EMP03508,Delayed,2025-03-30 13:45:58,Shipment processed successfully
EVT0002166,SHP001319,BR4286,EMP04703,Booked,2025-08-28 13:03:37,Package scanned at hub
EVT0002167,SHP001543,BR0959,EMP01371,Delivered,2025-12-08 16:35:14,Shipment delivered
EVT0002168,SHP003072,BR2803,EMP02905,Arrived at Hub,2025-02-26 12:08:00,Package scanned at hub
EVT0002169,SHP002887,BR3794,EMP02827,Picked Up,2025-10-19 09:25:11,Shipment processed successfully
EVT0002170,SHP000520,BR3531,EMP02401,Delayed,2025-02-23 11:29:50,Delivery agent assigned
EVT0002171,SHP004949,BR1753,EMP03299,Delayed,2025-09-26 13:39:03,Shipment delivered
EVT0002172,SHP004358,BR0300,EMP01024,Out for Delivery,2025-11-22 17:26:39,Vehicle departed
EVT0002173,SHP001290,BR3007,EMP01279,Out for Delivery,2025-06-15 22:09:00,Vehicle departed
EVT0002174,SHP004320,BR4077,EMP03449,Booked,2025-12-11 08:35:40,Delivery agent assigned
EVT0002175,SHP004829,BR1676,EMP00367,Delayed,2025-08-12 17:23:50,Customer unavailable
EVT0002176,SHP000576,BR2270,EMP02953,In Transit,2025-03-01 18:24:55,Address verification required
EVT0002177,SHP001696,BR2055,EMP03026,Booked,2025-10-10 04:01:40,Address verification required
EVT0002178,SHP000201,BR2744,EMP02171,Arrived at Hub,2025-08-02 11:12:14,Package scanned at hub
EVT0002179,SHP002622,BR4001,EMP00816,In Transit,2025-05-01 18:47:50,Shipment processed successfully
EVT0002180,SHP001936,BR4856,EMP00054,Booked,2025-11-19 01:55:01,Shipment processed successfully
EVT0002181,SHP004446,BR1617,EMP03916,Arrived at Hub,2025-05-08 10:08:38,Package reached destination hub
EVT0002182,SHP000185,BR0751,EMP01124,Arrived at Hub,2025-03-29 16:44:05,Shipment processed successfully
EVT0002183,SHP003811,BR4633,EMP04445,Arrived at Hub,2025-10-17 14:01:58,Vehicle departed
EVT0002184,SHP004490,BR1567,EMP03908,In Transit,2025-01-26 19:33:15,Shipment processed successfully
EVT0002185,SHP002964,BR1198,EMP01128,Out for Delivery,2025-04-11 05:23:54,Delivery agent assigned
EVT0002186,SHP004588,BR4784,EMP04573,Delivered,2025-09-12 05:13:26,Shipment delivered
EVT0002187,SHP001803,BR2499,EMP00441,In Transit,2025-01-18 18:49:42,Vehicle departed
EVT0002188,SHP004913,BR0349,EMP03396,Picked Up,2025-12-20 00:21:22,Package reached destination hub
EVT0002189,SHP001053,BR2129,EMP01355,In Transit,2025-08-02 13:08:19,Address verification required
EVT0002190,SHP000064,BR1181,EMP01224,Out for Delivery,2026-01-04 12:34:43,Package reached destination hub
EVT0002191,SHP002983,BR4275,EMP01180,In Transit,2025-04-08 21:05:33,Shipment delivered
EVT0002192,SHP000890,BR2606,EMP01598,Delayed,2025-10-07 18:04:22,Vehicle departed
EVT0002193,SHP000997,BR4846,EMP01996,Out for Delivery,2025-05-15 07:35:07,Address verification required
EVT0002194,SHP002211,BR0969,EMP03418,Out for Delivery,2025-11-30 14:48:19,Customer unavailable
EVT0002195,SHP003237,BR0112,EMP04883,Booked,2025-07-20 07:22:51,Delivery agent assigned
EVT0002196,SHP001765,BR0476,EMP01380,Picked Up,2025-09-05 02:24:38,Vehicle departed
EVT0002197,SHP000525,BR1746,EMP02070,Out for Delivery,2025-08-23 18:54:51,Address verification required
EVT0002198,SHP003580,BR2874,EMP00360,Out for Delivery,2025-10-17 02:36:28,Shipment processed successfully
EVT0002199,SHP004064,BR0026,EMP02514,Picked Up,2025-02-12 01:56:50,Package reached destination hub
EVT0002200,SHP004028,BR4296,EMP02023,Delayed,2025-10-31 10:37:44,Shipment delivered
EVT0002201,SHP004388,BR2028,EMP00692,Arrived at Hub,2025-08-10 00:52:32,Package scanned at hub
EVT0002202,SHP001083,BR4541,EMP00085,Out for Delivery,2025-06-08 19:55:34,Package reached destination hub
EVT0002203,SHP000170,BR2502,EMP00099,Delivered,2025-01-30 06:33:06,Customer unavailable
EVT0002204,SHP000875,BR3732,EMP00162,Delivered,2025-11-04 13:32:35,Customer unavailable
EVT0002205,SHP004115,BR3944,EMP00001,Picked Up,2025-02-07 22:17:40,Customer unavailable
EVT0002206,SHP000862,BR0137,EMP02451,Arrived at Hub,2025-10-26 00:14:56,Delivery agent assigned
EVT0002207,SHP004046,BR1864,EMP02812,In Transit,2025-02-23 17:27:56,Shipment delivered
EVT0002208,SHP002011,BR1286,EMP01418,Picked Up,2025-08-15 13:37:00,Package reached destination hub
EVT0002209,SHP002893,BR4376,EMP02133,Delivered,2025-08-15 02:42:49,Address verification required
EVT0002210,SHP003732,BR1344,EMP03009,Arrived at Hub,2025-03-11 17:31:00,Vehicle departed
EVT0002211,SHP002857,BR3050,EMP02610,Arrived at Hub,2025-08-24 11:13:38,Package scanned at hub
EVT0002212,SHP001383,BR4767,EMP04258,Arrived at Hub,2025-07-13 14:07:59,Customer unavailable
EVT0002213,SHP002189,BR3223,EMP01201,Picked Up,2025-09-22 22:55:51,Package scanned at hub
EVT0002214,SHP000769,BR2240,EMP01786,Delivered,2025-04-08 14:40:25,Shipment delivered
EVT0002215,SHP004046,BR0236,EMP01038,Picked Up,2025-02-14 20:01:27,Shipment processed successfully
EVT0002216,SHP004450,BR4587,EMP02285,Booked,2025-05-04 04:36:16,Package reached destination hub
EVT0002217,SHP003434,BR0703,EMP04201,In Transit,2025-12-20 20:22:36,Vehicle departed
EVT0002218,SHP001100,BR1310,EMP04038,Delivered,2025-01-23 08:15:11,Customer unavailable
EVT0002219,SHP003208,BR4139,EMP02033,Delivered,2025-09-12 08:16:19,Delivery agent assigned
EVT0002220,SHP004842,BR1470,EMP01607,Returned,2025-01-25 06:27:40,Customer unavailable
EVT0002221,SHP004418,BR3651,EMP03334,In Transit,2026-01-05 12:11:19,Package reached destination hub
EVT0002222,SHP000263,BR2185,EMP02941,In Transit,2025-04-11 00:22:53,Vehicle departed
EVT0002223,SHP004574,BR3167,EMP02644,Delivered,2025-10-08 21:05:24,Customer unavailable
EVT0002224,SHP003528,BR2860,EMP02472,Delivered,2025-03-17 18:56:43,Vehicle departed
EVT0002225,SHP001357,BR0733,EMP00135,In Transit,2025-07-14 18:25:13,Shipment processed successfully
EVT0002226,SHP001711,BR1672,EMP04066,Delivered,2025-03-23 02:44:20,Shipment delivered
EVT0002227,SHP000169,BR3046,EMP00536,Delayed,2025-07-24 05:02:12,Address verification required
EVT0002228,SHP002920,BR3862,EMP04097,Delivered,2025-11-02 12:31:22,Package reached destination hub
EVT0002229,SHP002947,BR3758,EMP01894,Returned,2025-03-08 21:12:29,Address verification required
EVT0002230,SHP000765,BR3773,EMP03920,Delivered,2025-03-19 22:00:04,Shipment processed successfully
EVT0002231,SHP000829,BR1528,EMP01493,In Transit,2025-11-30 18:09:43,Vehicle departed
EVT0002232,SHP002383,BR2723,EMP03489,Out for Delivery,2025-07-07 14:43:14,Shipment processed successfully
EVT0002233,SHP003358,BR0540,EMP02829,Out for Delivery,2025-08-08 19:23:56,Customer unavailable
EVT0002234,SHP000620,BR4232,EMP00684,In Transit,2025-03-22 21:34:02,Package scanned at hub
EVT0002235,SHP002425,BR3745,EMP01489,Booked,2025-07-03 04:35:24,Package scanned at hub
EVT0002236,SHP000239,BR2832,EMP01841,Delivered,2025-10-29 02:53:19,Delivery agent assigned
EVT0002237,SHP004082,BR1771,EMP03894,Picked Up,2025-08-13 09:46:10,Shipment processed successfully
EVT0002238,SHP001352,BR2960,EMP02353,In Transit,2025-06-24 23:51:37,Customer unavailable
EVT0002239,SHP000646,BR4360,EMP01735,Picked Up,2025-05-04 21:16:51,Shipment processed successfully
EVT0002240,SHP004375,BR0869,EMP00864,Picked Up,2025-10-28 08:44:34,Customer unavailable
EVT0002241,SHP001711,BR1386,EMP04256,Delivered,2025-11-08 05:41:37,Shipment processed successfully
EVT0002242,SHP001511,BR2044,EMP02481,Arrived at Hub,2025-06-15 22:00:36,Shipment delivered
EVT0002243,SHP000169,BR1771,EMP03254,Delivered,2025-01-30 11:56:23,Package reached destination hub
EVT0002244,SHP002968,BR1860,EMP00642,Delivered,2025-07-11 18:03:53,Shipment processed successfully
EVT0002245,SHP001106,BR3303,EMP02062,Picked Up,2025-08-03 09:35:22,Address verification required
EVT0002246,SHP002711,BR1666,EMP01408,Booked,2025-03-23 16:18:25,Vehicle departed
EVT0002247,SHP002977,BR3166,EMP00043,Booked,2025-01-11 19:19:40,Shipment processed successfully
EVT0002248,SHP001734,BR3698,EMP01099,In Transit,2025-12-17 13:08:43,Customer unavailable
EVT0002249,SHP001787,BR3866,EMP03958,Delivered,2025-09-12 03:15:49,Address verification required
EVT0002250,SHP000671,BR0534,EMP02924,In Transit,2025-04-26 20:58:53,Address verification required
EVT0002251,SHP002995,BR0150,EMP01819,In Transit,2025-09-19 18:22:32,Package reached destination hub
EVT0002252,SHP003697,BR1050,EMP03222,Out for Delivery,2025-08-24 21:21:39,Shipment delivered
EVT0002253,SHP002465,BR4840,EMP00402,Returned,2025-06-05 16:36:57,Vehicle departed
EVT0002254,SHP003999,BR1014,EMP04639,In Transit,2025-03-23 22:30:15,Package scanned at hub
EVT0002255,SHP003294,BR3265,EMP02176,Booked,2025-07-17 16:13:51,Vehicle departed
EVT0002256,SHP004327,BR2064,EMP04317,Arrived at Hub,2025-08-18 23:48:05,Package scanned at hub
EVT0002257,SHP003989,BR4733,EMP02492,Out for Delivery,2025-06-12 17:30:17,Delivery agent assigned
EVT0002258,SHP003609,BR4396,EMP01010,In Transit,2025-06-09 23:35:50,Shipment processed successfully
EVT0002259,SHP001598,BR2969,EMP00373,Arrived at Hub,2025-03-08 12:38:48,Package scanned at hub
EVT0002260,SHP001141,BR2500,EMP02720,Arrived at Hub,2025-11-03 19:42:48,Address verification required
EVT0002261,SHP000418,BR1884,EMP03041,Arrived at Hub,2025-05-09 02:34:10,Package scanned at hub
EVT0002262,SHP001724,BR3789,EMP04904,Picked Up,2025-04-13 15:44:46,Package reached destination hub
EVT0002263,SHP000934,BR1066,EMP03435,Picked Up,2025-05-31 22:05:09,Delivery agent assigned
EVT0002264,SHP003111,BR1192,EMP01771,In Transit,2025-04-08 04:40:18,Shipment delivered
EVT0002265,SHP002137,BR1959,EMP04350,Delayed,2025-12-30 00:14:01,Vehicle departed
EVT0002266,SHP004402,BR1063,EMP02615,Out for Delivery,2025-03-02 20:15:55,Shipment delivered
EVT0002267,SHP003823,BR4955,EMP00998,Arrived at Hub,2025-08-07 20:00:19,Delivery agent assigned
EVT0002268,SHP001228,BR4903,EMP02808,Arrived at Hub,2025-07-30 10:55:07,Shipment delivered
EVT0002269,SHP002750,BR1387,EMP04363,Arrived at Hub,2025-09-13 18:59:02,Shipment processed successfully
EVT0002270,SHP004915,BR0840,EMP02457,Out for Delivery,2025-07-17 22:22:18,Shipment delivered
EVT0002271,SHP002031,BR1648,EMP02146,Delivered,2025-08-30 03:50:19,Shipment processed successfully
EVT0002272,SHP002275,BR4203,EMP04588,In Transit,2025-02-16 09:50:53,Shipment processed successfully
EVT0002273,SHP001262,BR4337,EMP04363,Picked Up,2025-01-04 17:44:18,Package scanned at hub
EVT0002274,SHP002293,BR4857,EMP03810,Delivered,2025-03-22 00:00:47,Vehicle departed
EVT0002275,SHP000803,BR1301,EMP01546,Booked,2025-05-22 05:05:13,Vehicle departed
EVT0002276,SHP000233,BR0638,EMP03634,Picked Up,2025-06-02 11:13:07,Package reached destination hub
EVT0002277,SHP001334,BR4939,EMP04466,In Transit,2025-10-29 15:28:36,Delivery agent assigned
EVT0002278,SHP002459,BR0978,EMP02166,Picked Up,2025-12-27 08:07:40,Vehicle departed
EVT0002279,SHP004587,BR3946,EMP00771,In Transit,2025-01-22 01:46:59,Package reached destination hub
EVT0002280,SHP002593,BR1573,EMP02963,Arrived at Hub,2025-03-12 07:19:24,Vehicle departed
EVT0002281,SHP004485,BR2910,EMP00764,Arrived at Hub,2025-09-04 14:43:13,Shipment processed successfully
EVT0002282,SHP001159,BR2763,EMP01669,In Transit,2025-05-01 22:30:42,Shipment processed successfully
EVT0002283,SHP002445,BR1797,EMP04281,Out for Delivery,2025-04-27 22:11:02,Address verification required
EVT0002284,SHP001114,BR3026,EMP02527,Picked Up,2025-05-03 09:32:35,Package reached destination hub
EVT0002285,SHP001833,BR1762,EMP02961,Delayed,2025-03-19 10:25:01,Package reached destination hub
EVT0002286,SHP000305,BR4231,EMP02692,Picked Up,2025-09-10 10:33:30,Address verification required
EVT0002287,SHP003236,BR0191,EMP00506,Picked Up,2025-06-02 14:15:25,Package scanned at hub
EVT0002288,SHP001973,BR4008,EMP02240,Booked,2025-10-28 18:16:54,Shipment delivered
EVT0002289,SHP001932,BR2827,EMP00258,Delayed,2025-01-18 20:16:29,Vehicle departed
EVT0002290,SHP004456,BR3594,EMP00359,In Transit,2025-10-05 01:20:41,Package reached destination hub
EVT0002291,SHP001946,BR0491,EMP03474,In Transit,2025-08-26 00:03:28,Shipment processed successfully
EVT0002292,SHP001787,BR4961,EMP04130,Returned,2025-04-24 06:27:29,Shipment processed successfully
EVT0002293,SHP002042,BR4610,EMP02304,Delivered,2025-07-18 21:31:10,Customer unavailable
EVT0002294,SHP003227,BR4882,EMP01389,Delayed,2025-06-26 18:47:13,Vehicle departed
EVT0002295,SHP001907,BR4476,EMP03778,Delivered,2025-10-22 23:08:35,Delivery agent assigned
EVT0002296,SHP001355,BR1553,EMP02395,Out for Delivery,2025-08-28 18:01:51,Vehicle departed
EVT0002297,SHP000106,BR2009,EMP00092,Arrived at Hub,2025-09-24 17:21:21,Delivery agent assigned
EVT0002298,SHP001589,BR4483,EMP01521,Picked Up,2025-09-11 11:16:47,Package reached destination hub
EVT0002299,SHP004191,BR3195,EMP04863,In Transit,2025-11-22 20:17:03,Shipment processed successfully
EVT0002300,SHP001286,BR1010,EMP01699,Delivered,2025-04-01 19:22:12,Package reached destination hub
EVT0002301,SHP000402,BR3272,EMP01761,Returned,2025-11-27 20:59:34,Address verification required
EVT0002302,SHP001389,BR1659,EMP02020,Delayed,2025-06-15 13:56:14,Address verification required
EVT0002303,SHP004680,BR4164,EMP04075,In Transit,2025-05-21 22:56:04,Shipment delivered
EVT0002304,SHP000437,BR0490,EMP04443,Picked Up,2025-11-23 08:22:02,Package scanned at hub
EVT0002305,SHP002940,BR0316,EMP00893,Arrived at Hub,2025-04-06 14:13:04,Package scanned at hub
EVT0002306,SHP000828,BR2521,EMP02554,Delayed,2025-07-26 08:19:41,Shipment delivered
EVT0002307,SHP001676,BR0012,EMP04066,Delayed,2025-02-05 20:57:01,Customer unavailable
EVT0002308,SHP001693,BR4196,EMP03230,In Transit,2025-02-22 06:33:04,Package scanned at hub
EVT0002309,SHP002098,BR2694,EMP00351,Picked Up,2025-06-01 18:28:32,Address verification required
EVT0002310,SHP001301,BR3001,EMP02118,Delivered,2025-07-13 09:22:44,Package scanned at hub
EVT0002311,SHP000314,BR4621,EMP04783,Out for Delivery,2025-08-09 15:37:39,Package reached destination hub
EVT0002312,SHP003916,BR2252,EMP02325,Arrived at Hub,2025-10-26 21:53:51,Shipment delivered
EVT0002313,SHP001220,BR3008,EMP01365,Delivered,2025-05-04 19:03:28,Package scanned at hub
EVT0002314,SHP000336,BR3427,EMP01296,Delayed,2025-02-12 16:49:39,Address verification required
EVT0002315,SHP003060,BR4009,EMP04804,Picked Up,2025-02-19 06:18:50,Package reached destination hub
EVT0002316,SHP001118,BR4587,EMP02775,Picked Up,2025-12-07 14:36:38,Vehicle departed
EVT0002317,SHP001587,BR1582,EMP03436,Out for Delivery,2025-06-21 08:08:38,Address verification required
EVT0002318,SHP003926,BR2546,EMP03926,Booked,2025-05-30 14:20:26,Delivery agent assigned
EVT0002319,SHP004470,BR1350,EMP01148,In Transit,2025-11-06 11:42:40,Package scanned at hub
EVT0002320,SHP004505,BR2215,EMP04399,Arrived at Hub,2025-11-26 10:04:06,Address verification required
EVT0002321,SHP004982,BR0463,EMP02013,Picked Up,2025-07-07 14:10:38,Shipment delivered
EVT0002322,SHP000735,BR3848,EMP02803,Arrived at Hub,2025-03-17 08:26:26,Shipment processed successfully
EVT0002323,SHP001910,BR0718,EMP03769,Out for Delivery,2025-12-01 17:07:53,Package scanned at hub
EVT0002324,SHP003113,BR2488,EMP01124,Arrived at Hub,2025-01-06 13:53:43,Customer unavailable
EVT0002325,SHP003128,BR0692,EMP01139,Delivered,2025-06-08 01:31:34,Delivery agent assigned
EVT0002326,SHP002792,BR0440,EMP04480,Delivered,2025-07-30 13:28:01,Package scanned at hub
EVT0002327,SHP001076,BR0234,EMP01613,Out for Delivery,2025-09-11 04:28:42,Vehicle departed
EVT0002328,SHP001333,BR2096,EMP03188,Out for Delivery,2025-10-03 20:21:39,Shipment processed successfully
EVT0002329,SHP000594,BR0279,EMP01676,Booked,2025-03-18 07:04:51,Shipment delivered
EVT0002330,SHP000898,BR1817,EMP04982,Delivered,2025-10-15 13:56:32,Package scanned at hub
EVT0002331,SHP001542,BR1341,EMP02665,Delivered,2025-09-06 19:03:50,Vehicle departed
EVT0002332,SHP002113,BR2619,EMP04392,Delivered,2025-01-05 01:50:08,Package reached destination hub
EVT0002333,SHP002228,BR3122,EMP04722,Picked Up,2025-01-28 16:14:44,Shipment delivered
EVT0002334,SHP004307,BR3143,EMP00814,Picked Up,2025-05-28 01:54:50,Package reached destination hub
EVT0002335,SHP003654,BR1653,EMP02650,In Transit,2025-03-13 23:31:34,Shipment delivered
EVT0002336,SHP001738,BR1494,EMP01608,Delayed,2025-12-28 12:27:15,Customer unavailable
EVT0002337,SHP004791,BR1920,EMP04151,Out for Delivery,2025-09-19 20:20:24,Shipment delivered
EVT0002338,SHP001764,BR1661,EMP04570,In Transit,2025-02-28 05:59:29,Delivery agent assigned
EVT0002339,SHP001754,BR0465,EMP03690,Picked Up,2025-11-11 15:07:38,Shipment processed successfully
EVT0002340,SHP002215,BR3336,EMP02801,Delivered,2025-09-15 08:34:50,Package reached destination hub
EVT0002341,SHP001925,BR1615,EMP03685,Delivered,2025-07-10 09:30:37,Package scanned at hub
EVT0002342,SHP002177,BR1230,EMP01411,Arrived at Hub,2025-07-11 19:56:25,Shipment delivered
EVT0002343,SHP001086,BR3860,EMP04561,Out for Delivery,2025-05-19 20:36:20,Customer unavailable
EVT0002344,SHP002744,BR1271,EMP00531,Arrived at Hub,2025-11-03 16:48:40,Package scanned at hub
EVT0002345,SHP003329,BR4953,EMP01103,Delivered,2025-03-06 08:25:31,Delivery agent assigned
EVT0002346,SHP002334,BR0961,EMP02456,Booked,2025-07-30 10:27:56,Vehicle departed
EVT0002347,SHP004839,BR4879,EMP00060,Delivered,2025-03-16 22:06:19,Customer unavailable
EVT0002348,SHP003131,BR4649,EMP01900,In Transit,2025-03-24 13:01:29,Customer unavailable
EVT0002349,SHP001334,BR3286,EMP01103,Picked Up,2025-03-27 16:04:25,Vehicle departed
EVT0002350,SHP004649,BR3527,EMP02994,In Transit,2025-01-30 19:02:32,Shipment delivered
EVT0002351,SHP002647,BR0325,EMP00030,Out for Delivery,2025-04-30 18:40:57,Shipment processed successfully
EVT0002352,SHP002264,BR2571,EMP01831,Out for Delivery,2025-03-06 17:42:29,Package reached destination hub
EVT0002353,SHP004435,BR0525,EMP04839,Delayed,2025-06-28 15:03:41,Address verification required
EVT0002354,SHP001509,BR3370,EMP01409,Arrived at Hub,2025-08-18 20:04:51,Vehicle departed
EVT0002355,SHP002047,BR0252,EMP04421,Delivered,2025-12-02 04:23:54,Vehicle departed
EVT0002356,SHP000949,BR2502,EMP01955,Booked,2025-08-09 04:11:27,Vehicle departed
EVT0002357,SHP000646,BR4554,EMP03298,Arrived at Hub,2025-07-02 06:49:03,Vehicle departed
EVT0002358,SHP000825,BR2083,EMP01556,In Transit,2025-07-22 22:02:31,Vehicle departed
EVT0002359,SHP002233,BR2959,EMP00355,Delivered,2025-11-10 17:20:05,Package scanned at hub
EVT0002360,SHP004415,BR2022,EMP04202,In Transit,2025-10-06 19:52:43,Package reached destination hub
EVT0002361,SHP000465,BR4957,EMP01262,In Transit,2025-09-18 06:36:27,Customer unavailable
EVT0002362,SHP003501,BR0033,EMP00283,Picked Up,2025-07-01 11:44:13,Address verification required
EVT0002363,SHP000544,BR3270,EMP00195,Arrived at Hub,2025-06-05 04:25:20,Shipment processed successfully
EVT0002364,SHP002275,BR4180,EMP02190,Out for Delivery,2025-06-26 07:13:43,Customer unavailable
EVT0002365,SHP004810,BR0850,EMP03531,Returned,2025-02-21 09:43:42,Package scanned at hub
EVT0002366,SHP001781,BR3107,EMP00985,Delivered,2026-01-01 19:04:41,Package scanned at hub
EVT0002367,SHP000709,BR4688,EMP02161,Delivered,2025-06-16 12:58:35,Package reached destination hub
EVT0002368,SHP003637,BR4110,EMP01226,Picked Up,2025-04-05 14:13:45,Shipment processed successfully
EVT0002369,SHP002229,BR2934,EMP01051,Delivered,2026-01-02 04:32:00,Delivery agent assigned
EVT0002370,SHP003531,BR4425,EMP01023,Delivered,2025-04-04 13:19:31,Package reached destination hub
EVT0002371,SHP003094,BR0040,EMP03103,Booked,2025-12-24 02:30:11,Shipment processed successfully
EVT0002372,SHP003412,BR1014,EMP01052,Picked Up,2025-08-08 17:30:29,Vehicle departed
EVT0002373,SHP001443,BR4087,EMP00089,Arrived at Hub,2025-08-14 10:09:23,Address verification required
EVT0002374,SHP000268,BR2061,EMP00730,Out for Delivery,2025-09-05 04:32:54,Delivery agent assigned
EVT0002375,SHP000188,BR3561,EMP00820,Arrived at Hub,2025-10-11 14:57:18,Package scanned at hub
EVT0002376,SHP002411,BR0851,EMP01378,Picked Up,2025-07-30 13:34:57,Package scanned at hub
EVT0002377,SHP000690,BR1481,EMP00682,Booked,2025-06-06 18:14:57,Package scanned at hub
EVT0002378,SHP004064,BR1836,EMP00704,Out for Delivery,2025-02-17 05:08:54,Shipment processed successfully
EVT0002379,SHP000104,BR4008,EMP04875,Picked Up,2025-04-20 18:47:15,Address verification required
EVT0002380,SHP001430,BR4368,EMP03938,Delivered,2025-11-06 14:30:54,Address verification required
EVT0002381,SHP000526,BR0373,EMP01168,Returned,2025-09-18 00:49:49,Package scanned at hub
EVT0002382,SHP002421,BR2445,EMP02830,Arrived at Hub,2025-08-25 17:12:45,Customer unavailable
EVT0002383,SHP001810,BR1194,EMP03024,Delivered,2025-06-17 06:21:30,Address verification required
EVT0002384,SHP003970,BR4525,EMP03341,Out for Delivery,2025-11-16 23:29:16,Address verification required
EVT0002385,SHP002183,BR4648,EMP04604,In Transit,2025-05-04 19:30:16,Vehicle departed
EVT0002386,SHP000514,BR2747,EMP00432,Booked,2025-10-06 15:48:44,Customer unavailable
EVT0002387,SHP000975,BR2402,EMP02419,Arrived at Hub,2025-01-18 04:30:54,Shipment processed successfully
EVT0002388,SHP002725,BR1630,EMP03627,Delivered,2025-02-21 07:52:44,Address verification required
EVT0002389,SHP003534,BR0833,EMP04167,Delivered,2025-03-03 19:19:16,Delivery agent assigned
EVT0002390,SHP000288,BR0483,EMP00493,Delayed,2025-05-08 03:03:52,Shipment processed successfully
EVT0002391,SHP003923,BR3757,EMP00134,Out for Delivery,2025-07-18 18:15:23,Shipment processed successfully
EVT0002392,SHP001865,BR0247,EMP03866,Out for Delivery,2025-05-28 01:49:43,Address verification required
EVT0002393,SHP001211,BR1081,EMP04717,Out for Delivery,2025-11-26 09:28:24,Package reached destination hub
EVT0002394,SHP001854,BR4136,EMP03243,Picked Up,2025-10-26 23:19:56,Package reached destination hub
EVT0002395,SHP003057,BR4304,EMP00352,Booked,2025-09-15 20:04:06,Delivery agent assigned
EVT0002396,SHP001222,BR1347,EMP00951,In Transit,2025-04-17 06:19:56,Customer unavailable
EVT0002397,SHP003363,BR0568,EMP01454,Delivered,2025-03-01 16:47:54,Address verification required
EVT0002398,SHP002072,BR4523,EMP01752,Delayed,2025-10-21 19:36:09,Package reached destination hub
EVT0002399,SHP000746,BR2332,EMP00242,Delivered,2025-07-13 01:36:42,Shipment delivered
EVT0002400,SHP003770,BR3905,EMP03859,Picked Up,2025-06-28 21:23:33,Address verification required
EVT0002401,SHP002006,BR2195,EMP03526,Out for Delivery,2025-11-20 01:11:15,Address verification required
EVT0002402,SHP002413,BR2244,EMP02514,Delivered,2025-02-19 17:45:55,Customer unavailable
EVT0002403,SHP004883,BR0402,EMP02177,Booked,2025-02-15 01:18:03,Package reached destination hub
EVT0002404,SHP001437,BR0289,EMP02981,Picked Up,2025-01-15 23:44:01,Delivery agent assigned
EVT0002405,SHP000563,BR5000,EMP04891,Delivered,2025-04-06 02:05:30,Package reached destination hub
EVT0002406,SHP002092,BR1394,EMP02263,Delayed,2025-01-16 18:49:48,Package scanned at hub
EVT0002407,SHP000781,BR2161,EMP04625,Booked,2025-08-04 14:49:14,Delivery agent assigned
EVT0002408,SHP002714,BR0890,EMP03548,Arrived at Hub,2025-12-19 11:23:37,Shipment delivered
EVT0002409,SHP003162,BR1539,EMP04288,Delivered,2025-03-08 02:58:04,Package reached destination hub
EVT0002410,SHP004620,BR1926,EMP04507,Booked,2025-08-04 06:31:56,Shipment delivered
EVT0002411,SHP004030,BR1638,EMP00300,In Transit,2025-12-24 05:34:05,Package reached destination hub
EVT0002412,SHP003206,BR3214,EMP00389,Delayed,2025-05-31 03:11:33,Shipment processed successfully
EVT0002413,SHP002528,BR2781,EMP01889,Out for Delivery,2025-09-24 03:03:50,Package reached destination hub
EVT0002414,SHP002883,BR3304,EMP04852,Delivered,2025-11-23 08:23:09,Package scanned at hub
EVT0002415,SHP000473,BR2326,EMP03855,Out for Delivery,2025-12-28 08:20:11,Address verification required
EVT0002416,SHP004143,BR1467,EMP04442,Returned,2025-08-05 20:49:24,Vehicle departed
EVT0002417,SHP004755,BR3775,EMP01268,Picked Up,2025-03-16 04:45:30,Vehicle departed
EVT0002418,SHP001133,BR0628,EMP03149,Booked,2025-11-21 20:30:20,Customer unavailable
EVT0002419,SHP002346,BR3245,EMP02212,Picked Up,2025-11-21 02:10:38,Package scanned at hub
EVT0002420,SHP004943,BR4015,EMP01539,In Transit,2025-11-10 01:11:01,Vehicle departed
EVT0002421,SHP000962,BR2953,EMP04842,Arrived at Hub,2025-04-03 04:35:42,Delivery agent assigned
EVT0002422,SHP000799,BR3013,EMP04320,Picked Up,2025-10-24 12:36:25,Package reached destination hub
EVT0002423,SHP002306,BR1278,EMP02805,Booked,2025-11-01 02:59:09,Address verification required
EVT0002424,SHP002435,BR3781,EMP00134,Booked,2025-02-01 02:15:32,Customer unavailable
EVT0002425,SHP002137,BR1554,EMP04963,Picked Up,2025-12-25 16:32:45,Package scanned at hub
EVT0002426,SHP002951,BR2611,EMP02554,Out for Delivery,2025-05-04 06:34:58,Shipment delivered
EVT0002427,SHP000724,BR2954,EMP01193,Delivered,2025-06-21 06:17:11,Shipment delivered
EVT0002428,SHP003449,BR3989,EMP03786,Delivered,2025-03-20 06:10:59,Shipment processed successfully
EVT0002429,SHP003981,BR0317,EMP02387,In Transit,2025-06-07 16:33:49,Customer unavailable
EVT0002430,SHP002705,BR0409,EMP04671,In Transit,2025-01-12 17:50:46,Address verification required
EVT0002431,SHP000065,BR3019,EMP02050,Returned,2025-09-24 06:45:55,Address verification required
EVT0002432,SHP003060,BR0038,EMP04936,Delivered,2025-05-07 03:53:32,Shipment processed successfully
EVT0002433,SHP003629,BR3534,EMP04830,Arrived at Hub,2025-10-09 22:04:49,Package reached destination hub
EVT0002434,SHP004292,BR0839,EMP03092,Picked Up,2025-12-12 21:49:27,Customer unavailable
EVT0002435,SHP000236,BR3371,EMP02109,Arrived at Hub,2025-06-12 03:59:34,Package reached destination hub
EVT0002436,SHP000498,BR2527,EMP00155,In Transit,2025-06-26 12:30:54,Package scanned at hub
EVT0002437,SHP003238,BR3390,EMP01590,Arrived at Hub,2025-05-13 06:46:03,Package scanned at hub
EVT0002438,SHP002189,BR3717,EMP02937,In Transit,2025-08-25 16:49:52,Delivery agent assigned
EVT0002439,SHP000040,BR2458,EMP00673,In Transit,2025-04-06 00:36:56,Address verification required
EVT0002440,SHP001754,BR1657,EMP00591,Arrived at Hub,2025-11-01 03:59:01,Shipment delivered
EVT0002441,SHP003464,BR4973,EMP01269,Booked,2025-12-17 17:51:25,Customer unavailable
EVT0002442,SHP003355,BR4207,EMP00627,In Transit,2025-09-30 18:57:35,Address verification required
EVT0002443,SHP003453,BR3503,EMP00473,In Transit,2025-09-25 04:39:01,Package scanned at hub
EVT0002444,SHP003772,BR3908,EMP01245,Booked,2025-12-15 17:03:06,Shipment processed successfully
EVT0002445,SHP002288,BR2888,EMP01087,Out for Delivery,2025-09-12 17:17:27,Delivery agent assigned
EVT0002446,SHP002308,BR0629,EMP01460,Arrived at Hub,2025-11-01 02:47:11,Shipment delivered
EVT0002447,SHP001680,BR3971,EMP01584,In Transit,2025-05-02 11:40:16,Vehicle departed
EVT0002448,SHP004214,BR1225,EMP04441,Booked,2025-04-04 18:45:21,Package scanned at hub
EVT0002449,SHP001247,BR4883,EMP02665,Booked,2025-02-06 04:54:36,Delivery agent assigned
EVT0002450,SHP000484,BR2378,EMP03131,Arrived at Hub,2025-12-02 14:51:19,Shipment delivered
EVT0002451,SHP001151,BR4342,EMP00110,Delayed,2025-04-19 16:45:57,Customer unavailable
EVT0002452,SHP004472,BR3302,EMP00924,Delivered,2025-04-28 03:36:51,Package reached destination hub
EVT0002453,SHP002378,BR4048,EMP00105,Returned,2025-09-25 01:12:02,Package scanned at hub
EVT0002454,SHP000503,BR1608,EMP03441,In Transit,2025-10-26 15:11:36,Shipment delivered
EVT0002455,SHP001676,BR0218,EMP02646,Booked,2025-06-09 19:14:18,Vehicle departed
EVT0002456,SHP000383,BR3134,EMP03078,In Transit,2025-09-04 20:15:13,Delivery agent assigned
EVT0002457,SHP003453,BR2541,EMP00123,In Transit,2025-03-12 13:28:30,Customer unavailable
EVT0002458,SHP000249,BR1732,EMP01046,Returned,2025-06-13 01:12:43,Shipment processed successfully
EVT0002459,SHP001686,BR2303,EMP00153,Picked Up,2025-06-17 18:59:51,Shipment delivered
EVT0002460,SHP002236,BR2559,EMP03277,Picked Up,2025-02-21 04:18:07,Package scanned at hub
EVT0002461,SHP001672,BR4722,EMP00522,In Transit,2025-01-12 09:21:17,Shipment processed successfully
EVT0002462,SHP002942,BR3636,EMP02408,Out for Delivery,2025-08-12 22:41:58,Customer unavailable
EVT0002463,SHP004414,BR0583,EMP02159,Delivered,2025-02-22 08:01:00,Address verification required
EVT0002464,SHP000293,BR0059,EMP02523,Out for Delivery,2025-05-02 14:51:08,Address verification required
EVT0002465,SHP003126,BR4530,EMP04550,Delivered,2025-10-23 13:07:20,Package reached destination hub
EVT0002466,SHP004808,BR2682,EMP03970,Arrived at Hub,2025-04-27 03:50:12,Package reached destination hub
EVT0002467,SHP003450,BR2253,EMP01518,Out for Delivery,2025-05-24 15:03:21,Shipment delivered
EVT0002468,SHP001317,BR2141,EMP04275,In Transit,2025-11-03 14:19:15,Delivery agent assigned
EVT0002469,SHP001084,BR3091,EMP04239,Arrived at Hub,2025-08-13 05:34:37,Address verification required
EVT0002470,SHP002822,BR1199,EMP02173,In Transit,2025-04-01 13:04:15,Vehicle departed
EVT0002471,SHP001905,BR3197,EMP00419,Out for Delivery,2025-09-08 10:27:53,Package reached destination hub
EVT0002472,SHP000612,BR4318,EMP03620,Delivered,2025-05-13 01:21:47,Vehicle departed
EVT0002473,SHP003130,BR2438,EMP02715,Out for Delivery,2025-10-05 20:18:14,Package scanned at hub
EVT0002474,SHP004871,BR3513,EMP01891,Out for Delivery,2025-10-04 05:36:31,Shipment processed successfully
EVT0002475,SHP002006,BR2600,EMP00294,Booked,2025-04-20 11:27:16,Package scanned at hub
EVT0002476,SHP002874,BR1554,EMP01619,Arrived at Hub,2025-10-18 18:08:47,Shipment processed successfully
EVT0002477,SHP004947,BR1607,EMP00399,In Transit,2025-06-24 16:34:08,Address verification required
EVT0002478,SHP000850,BR2538,EMP02193,Out for Delivery,2025-03-15 19:03:23,Delivery agent assigned
EVT0002479,SHP002704,BR0765,EMP04389,In Transit,2025-05-07 05:16:27,Vehicle departed
EVT0002480,SHP002845,BR0041,EMP02095,Delivered,2025-08-29 06:56:45,Address verification required
EVT0002481,SHP003736,BR3184,EMP02563,Picked Up,2025-02-21 14:44:28,Address verification required
EVT0002482,SHP002927,BR1067,EMP00544,Delivered,2025-11-21 01:18:58,Vehicle departed
EVT0002483,SHP004964,BR2594,EMP00579,In Transit,2025-08-08 12:54:10,Customer unavailable
EVT0002484,SHP002647,BR4785,EMP03742,Booked,2025-05-11 23:29:58,Package reached destination hub
EVT0002485,SHP003770,BR1370,EMP00897,Arrived at Hub,2025-09-21 06:04:18,Address verification required
EVT0002486,SHP004367,BR2566,EMP03346,Picked Up,2025-04-03 08:19:19,Customer unavailable
EVT0002487,SHP001380,BR1899,EMP04924,Booked,2025-03-08 14:33:02,Shipment delivered
EVT0002488,SHP004385,BR1649,EMP04196,Out for Delivery,2025-02-18 19:59:39,Package reached destination hub
EVT0002489,SHP003996,BR4987,EMP01888,In Transit,2025-02-16 20:52:49,Package reached destination hub
EVT0002490,SHP004492,BR2074,EMP02161,Out for Delivery,2025-10-01 01:31:39,Shipment delivered
EVT0002491,SHP000517,BR2659,EMP01095,Picked Up,2025-04-26 21:28:22,Package scanned at hub
EVT0002492,SHP004762,BR4690,EMP00363,Delayed,2025-03-19 20:13:53,Vehicle departed
EVT0002493,SHP000694,BR2618,EMP04842,Arrived at Hub,2025-02-16 07:45:18,Vehicle departed
EVT0002494,SHP003455,BR1760,EMP02403,Delivered,2025-10-16 17:25:55,Address verification required
EVT0002495,SHP001634,BR2847,EMP00951,Returned,2025-03-26 08:15:20,Delivery agent assigned
EVT0002496,SHP003060,BR0369,EMP03107,Picked Up,2025-01-25 14:39:22,Customer unavailable
EVT0002497,SHP003131,BR0154,EMP00115,Picked Up,2025-11-20 04:55:51,Customer unavailable
EVT0002498,SHP004340,BR0843,EMP01571,Out for Delivery,2025-07-10 00:45:43,Package reached destination hub
EVT0002499,SHP002352,BR3902,EMP01884,Delayed,2025-03-24 14:41:03,Package scanned at hub
EVT0002500,SHP000747,BR0376,EMP01448,Picked Up,2025-01-15 05:44:26,Vehicle departed
EVT0002501,SHP004540,BR1249,EMP03780,Arrived at Hub,2025-04-13 21:40:50,Shipment processed successfully
EVT0002502,SHP002970,BR2706,EMP01852,Picked Up,2025-03-06 15:21:54,Address verification required
EVT0002503,SHP004495,BR2759,EMP01876,Out for Delivery,2025-02-21 04:33:15,Shipment delivered
EVT0002504,SHP004984,BR4545,EMP03572,Arrived at Hub,2025-05-10 17:26:20,Delivery agent assigned
EVT0002505,SHP002614,BR4232,EMP02159,Delivered,2025-06-26 18:22:35,Address verification required
EVT0002506,SHP002063,BR4174,EMP01412,In Transit,2025-12-09 09:31:14,Customer unavailable
EVT0002507,SHP004872,BR1722,EMP04215,Out for Delivery,2025-08-11 05:21:17,Package scanned at hub
EVT0002508,SHP004008,BR1628,EMP04936,Picked Up,2025-12-26 18:08:36,Delivery agent assigned
EVT0002509,SHP001778,BR0013,EMP00734,Picked Up,2025-07-26 08:29:42,Package scanned at hub
EVT0002510,SHP004582,BR1716,EMP01490,Returned,2025-10-10 09:40:30,Package reached destination hub
EVT0002511,SHP003208,BR2499,EMP03143,Out for Delivery,2025-02-25 10:35:15,Package scanned at hub
EVT0002512,SHP003981,BR1231,EMP04981,Delivered,2025-06-29 14:40:48,Customer unavailable
EVT0002513,SHP000626,BR4975,EMP01293,Arrived at Hub,2025-03-10 20:56:22,Delivery agent assigned
EVT0002514,SHP000218,BR3305,EMP01648,Arrived at Hub,2025-04-04 16:07:48,Shipment delivered
EVT0002515,SHP000145,BR3927,EMP01330,Booked,2025-10-04 01:50:47,Customer unavailable
EVT0002516,SHP004544,BR0567,EMP01318,Delivered,2025-07-02 16:55:48,Package scanned at hub
EVT0002517,SHP002133,BR3381,EMP01462,Picked Up,2025-12-05 13:30:58,Shipment processed successfully
EVT0002518,SHP000471,BR0501,EMP02474,Arrived at Hub,2025-12-16 06:57:31,Delivery agent assigned
EVT0002519,SHP004369,BR4230,EMP01861,In Transit,2025-04-18 14:12:34,Shipment delivered
EVT0002520,SHP002340,BR4328,EMP01774,Delivered,2025-10-02 10:49:11,Customer unavailable
EVT0002521,SHP000408,BR0235,EMP03611,Out for Delivery,2025-05-13 14:31:12,Vehicle departed
EVT0002522,SHP001694,BR1156,EMP03210,Booked,2025-09-15 13:32:39,Customer unavailable
EVT0002523,SHP000373,BR0906,EMP04241,In Transit,2025-04-14 21:43:20,Package scanned at hub
EVT0002524,SHP002197,BR0703,EMP03835,Returned,2025-08-06 12:04:35,Vehicle departed
EVT0002525,SHP000443,BR2684,EMP00976,Out for Delivery,2025-03-27 08:02:32,Vehicle departed
EVT0002526,SHP000668,BR3751,EMP04932,Picked Up,2025-03-02 09:21:05,Address verification required
EVT0002527,SHP001207,BR0551,EMP04666,Returned,2025-09-20 22:58:47,Address verification required
EVT0002528,SHP003131,BR4864,EMP03698,Out for Delivery,2025-04-08 00:55:43,Customer unavailable
EVT0002529,SHP000894,BR1410,EMP03053,Arrived at Hub,2025-07-17 03:11:26,Vehicle departed
EVT0002530,SHP004640,BR4262,EMP04559,Delivered,2025-04-10 04:52:19,Shipment processed successfully
EVT0002531,SHP004407,BR1733,EMP03047,Picked Up,2025-10-29 01:24:21,Address verification required
EVT0002532,SHP004882,BR3333,EMP03447,Picked Up,2025-05-22 02:47:55,Shipment processed successfully
EVT0002533,SHP001547,BR1941,EMP04594,Picked Up,2025-07-21 05:25:27,Vehicle departed
EVT0002534,SHP003483,BR4825,EMP04573,Out for Delivery,2025-07-23 15:30:55,Package reached destination hub
EVT0002535,SHP000017,BR1500,EMP01195,In Transit,2025-11-07 09:50:07,Package reached destination hub
EVT0002536,SHP002603,BR1678,EMP00410,Out for Delivery,2025-02-04 23:25:22,Package reached destination hub
EVT0002537,SHP003976,BR1232,EMP04347,Out for Delivery,2025-09-12 02:46:38,Shipment delivered
EVT0002538,SHP002929,BR4892,EMP04936,Delivered,2025-09-19 18:57:58,Customer unavailable
EVT0002539,SHP004246,BR4923,EMP03126,Picked Up,2025-12-19 01:31:57,Package scanned at hub
EVT0002540,SHP003271,BR3576,EMP01904,In Transit,2025-10-29 20:15:39,Address verification required
EVT0002541,SHP003179,BR3863,EMP02136,Picked Up,2025-12-31 05:00:43,Package scanned at hub
EVT0002542,SHP000665,BR2954,EMP01085,Picked Up,2025-06-10 00:40:36,Package scanned at hub
EVT0002543,SHP003338,BR4592,EMP02898,Returned,2025-09-23 21:49:45,Shipment processed successfully
EVT0002544,SHP004312,BR4849,EMP04562,Arrived at Hub,2025-06-18 13:27:39,Delivery agent assigned
EVT0002545,SHP001994,BR2396,EMP04809,Delivered,2025-08-21 07:44:07,Shipment processed successfully
EVT0002546,SHP001796,BR0006,EMP02510,Picked Up,2025-01-17 06:33:47,Customer unavailable
EVT0002547,SHP002433,BR1355,EMP03731,Booked,2025-07-15 07:33:17,Delivery agent assigned
EVT0002548,SHP003732,BR4092,EMP02637,Arrived at Hub,2025-04-24 05:06:43,Delivery agent assigned
EVT0002549,SHP002487,BR3823,EMP01141,Delivered,2025-09-01 12:21:16,Address verification required
EVT0002550,SHP002398,BR3333,EMP00443,Picked Up,2025-09-28 16:14:31,Shipment processed successfully
EVT0002551,SHP001879,BR3927,EMP02382,Delivered,2025-12-02 23:35:55,Vehicle departed
EVT0002552,SHP000620,BR1751,EMP01844,Picked Up,2025-01-22 18:28:45,Package reached destination hub
EVT0002553,SHP002822,BR2495,EMP02640,Booked,2025-01-07 12:25:43,Shipment processed successfully
EVT0002554,SHP002817,BR4045,EMP02139,Booked,2025-05-22 16:22:43,Shipment processed successfully
EVT0002555,SHP001178,BR2871,EMP04801,Picked Up,2025-01-30 13:02:18,Shipment delivered
EVT0002556,SHP001515,BR3420,EMP02653,Picked Up,2025-02-14 21:09:00,Customer unavailable
EVT0002557,SHP004749,BR0679,EMP02829,Booked,2025-02-13 02:37:22,Vehicle departed
EVT0002558,SHP000636,BR1483,EMP00083,In Transit,2025-03-04 04:11:01,Address verification required
EVT0002559,SHP000482,BR0763,EMP04843,In Transit,2025-04-26 01:15:10,Vehicle departed
EVT0002560,SHP003489,BR4996,EMP00085,Out for Delivery,2025-11-15 17:24:37,Vehicle departed
EVT0002561,SHP003264,BR1556,EMP01789,Returned,2025-02-08 20:49:19,Shipment processed successfully
EVT0002562,SHP003928,BR4078,EMP04317,Delayed,2025-10-28 18:03:18,Shipment delivered
EVT0002563,SHP002758,BR1966,EMP03740,Booked,2025-04-06 02:17:07,Package reached destination hub
EVT0002564,SHP000321,BR2623,EMP00729,Delayed,2025-07-24 06:31:03,Address verification required
EVT0002565,SHP003410,BR2011,EMP02408,Out for Delivery,2026-01-04 10:50:29,Shipment processed successfully
EVT0002566,SHP003442,BR0941,EMP01341,Delayed,2025-06-26 12:21:53,Shipment processed successfully
EVT0002567,SHP000213,BR2811,EMP00900,Arrived at Hub,2025-03-14 06:29:08,Delivery agent assigned
EVT0002568,SHP004185,BR1873,EMP03745,In Transit,2025-12-07 13:31:13,Customer unavailable
EVT0002569,SHP003940,BR4332,EMP01091,In Transit,2025-06-07 21:16:36,Package reached destination hub
EVT0002570,SHP004115,BR2592,EMP02109,Arrived at Hub,2025-08-02 03:20:00,Delivery agent assigned
EVT0002571,SHP003706,BR3265,EMP03636,Picked Up,2025-10-21 15:21:04,Package reached destination hub
EVT0002572,SHP003480,BR1777,EMP03246,Delivered,2025-07-10 13:25:45,Package scanned at hub
EVT0002573,SHP004554,BR0105,EMP01433,Out for Delivery,2025-01-05 05:15:21,Package scanned at hub
EVT0002574,SHP003095,BR3980,EMP01868,Delayed,2025-02-16 22:47:58,Address verification required
EVT0002575,SHP004912,BR2033,EMP01608,In Transit,2025-02-26 08:04:23,Package scanned at hub
EVT0002576,SHP000832,BR4107,EMP02858,In Transit,2025-04-09 14:06:17,Shipment processed successfully
EVT0002577,SHP001764,BR3617,EMP04074,In Transit,2025-03-31 06:37:38,Package scanned at hub
EVT0002578,SHP004486,BR0108,EMP04106,Picked Up,2025-10-26 00:46:53,Package scanned at hub
EVT0002579,SHP000010,BR2680,EMP04458,Delivered,2025-11-20 03:41:50,Package reached destination hub
EVT0002580,SHP000745,BR3579,EMP02347,Arrived at Hub,2025-02-15 08:49:06,Shipment delivered
EVT0002581,SHP002104,BR4579,EMP01626,Delivered,2025-03-20 13:15:59,Shipment delivered
EVT0002582,SHP001150,BR2989,EMP04078,Delivered,2025-04-05 00:35:10,Delivery agent assigned
EVT0002583,SHP002836,BR3282,EMP02528,Picked Up,2025-12-11 02:23:50,Vehicle departed
EVT0002584,SHP000945,BR2059,EMP03213,Booked,2025-10-13 14:07:20,Shipment processed successfully
EVT0002585,SHP004990,BR3052,EMP04634,Arrived at Hub,2025-04-16 06:27:36,Delivery agent assigned
EVT0002586,SHP003964,BR3509,EMP02255,Delayed,2025-03-31 12:05:50,Shipment processed successfully
EVT0002587,SHP003416,BR0530,EMP04838,Out for Delivery,2025-06-23 15:51:17,Package scanned at hub
EVT0002588,SHP001469,BR0400,EMP02190,Arrived at Hub,2025-08-24 23:29:04,Shipment processed successfully
EVT0002589,SHP003054,BR2428,EMP03553,In Transit,2025-12-25 00:52:13,Package reached destination hub
EVT0002590,SHP003920,BR2654,EMP01308,Delayed,2025-07-11 18:20:50,Package reached destination hub
EVT0002591,SHP003230,BR3463,EMP02385,In Transit,2025-08-01 04:03:29,Shipment processed successfully
EVT0002592,SHP000640,BR0549,EMP02524,Booked,2025-08-17 11:36:55,Shipment processed successfully
EVT0002593,SHP000868,BR1129,EMP01199,In Transit,2025-10-11 02:21:40,Customer unavailable
EVT0002594,SHP004121,BR1866,EMP02716,Arrived at Hub,2025-12-28 09:53:10,Package reached destination hub
EVT0002595,SHP001562,BR3998,EMP02350,Arrived at Hub,2025-01-09 15:08:08,Package scanned at hub
EVT0002596,SHP002618,BR0968,EMP04176,Delivered,2025-01-01 02:44:19,Vehicle departed
EVT0002597,SHP001293,BR0018,EMP04635,Out for Delivery,2025-05-09 20:30:50,Package scanned at hub
EVT0002598,SHP001942,BR3482,EMP02796,Picked Up,2025-07-15 05:56:41,Delivery agent assigned
EVT0002599,SHP003075,BR0617,EMP04624,Booked,2025-08-31 14:35:27,Address verification required
EVT0002600,SHP002300,BR2788,EMP04175,Arrived at Hub,2025-12-06 22:33:56,Shipment delivered
EVT0002601,SHP002054,BR4835,EMP01716,Delivered,2025-07-24 11:13:03,Package reached destination hub
EVT0002602,SHP002824,BR4415,EMP02908,Delivered,2026-01-07 03:11:47,Address verification required
EVT0002603,SHP002117,BR4655,EMP03746,Arrived at Hub,2025-05-29 00:15:34,Delivery agent assigned
EVT0002604,SHP001242,BR4569,EMP01301,Delayed,2025-10-15 08:18:54,Shipment delivered
EVT0002605,SHP004344,BR4623,EMP01394,Delivered,2025-03-25 15:46:40,Shipment delivered
EVT0002606,SHP003892,BR3260,EMP02126,In Transit,2025-11-25 12:48:50,Customer unavailable
EVT0002607,SHP003543,BR3428,EMP02822,Picked Up,2025-02-20 17:00:25,Vehicle departed
EVT0002608,SHP003886,BR0853,EMP04802,Picked Up,2025-07-05 15:53:50,Delivery agent assigned
EVT0002609,SHP003706,BR2880,EMP04450,Delivered,2025-02-10 02:41:56,Shipment processed successfully
EVT0002610,SHP000448,BR4098,EMP03359,Picked Up,2025-04-28 21:16:38,Shipment delivered
EVT0002611,SHP001897,BR0930,EMP01761,Arrived at Hub,2025-04-01 23:02:24,Shipment delivered
EVT0002612,SHP000402,BR0408,EMP04358,Delivered,2025-09-19 05:50:10,Customer unavailable
EVT0002613,SHP002075,BR0157,EMP04934,Delivered,2025-04-29 00:52:37,Shipment delivered
EVT0002614,SHP002599,BR3284,EMP01210,Booked,2025-08-05 10:09:49,Shipment processed successfully
EVT0002615,SHP004818,BR0551,EMP04377,Delivered,2025-11-21 21:52:19,Package reached destination hub
EVT0002616,SHP003383,BR0307,EMP02905,Delayed,2025-05-19 00:07:55,Package reached destination hub
EVT0002617,SHP000715,BR4238,EMP00091,Delivered,2025-03-16 01:31:41,Vehicle departed
EVT0002618,SHP001579,BR2697,EMP02541,Arrived at Hub,2025-04-05 12:59:10,Shipment delivered
EVT0002619,SHP002087,BR3905,EMP04985,Returned,2025-09-05 16:53:42,Package scanned at hub
EVT0002620,SHP002124,BR4771,EMP03035,Picked Up,2025-07-12 14:14:21,Package reached destination hub
EVT0002621,SHP002049,BR0158,EMP01005,Delivered,2025-04-11 09:48:58,Delivery agent assigned
EVT0002622,SHP004765,BR3516,EMP04896,Arrived at Hub,2025-08-22 06:01:31,Customer unavailable
EVT0002623,SHP004138,BR4817,EMP04157,Picked Up,2025-10-20 21:43:31,Address verification required
EVT0002624,SHP003576,BR2948,EMP03634,Delayed,2025-02-08 23:21:15,Address verification required
EVT0002625,SHP003172,BR4506,EMP01265,Delivered,2025-06-30 05:11:22,Vehicle departed
EVT0002626,SHP002115,BR2374,EMP04479,In Transit,2025-05-28 03:44:02,Package scanned at hub
EVT0002627,SHP000388,BR1753,EMP02107,In Transit,2025-09-30 15:33:46,Delivery agent assigned
EVT0002628,SHP000969,BR4273,EMP03013,In Transit,2025-11-20 05:00:18,Vehicle departed
EVT0002629,SHP000924,BR3795,EMP01690,In Transit,2025-12-08 06:36:42,Customer unavailable
EVT0002630,SHP002266,BR2403,EMP04210,Out for Delivery,2025-08-03 03:26:20,Customer unavailable
EVT0002631,SHP002672,BR4051,EMP02492,Delivered,2025-01-25 11:17:33,Address verification required
EVT0002632,SHP000095,BR4721,EMP02268,Booked,2025-07-03 12:36:14,Package reached destination hub
EVT0002633,SHP004990,BR1990,EMP02093,Returned,2025-10-13 01:51:37,Shipment delivered
EVT0002634,SHP002896,BR2152,EMP00271,In Transit,2025-09-14 12:53:20,Shipment delivered
EVT0002635,SHP003677,BR1362,EMP04544,Picked Up,2025-08-26 21:15:22,Address verification required
EVT0002636,SHP002073,BR2261,EMP00529,Out for Delivery,2025-02-12 21:23:23,Customer unavailable
EVT0002637,SHP003966,BR3228,EMP03756,Booked,2025-09-18 01:51:17,Customer unavailable
EVT0002638,SHP000352,BR0971,EMP04977,Delivered,2025-04-30 10:17:15,Shipment processed successfully
EVT0002639,SHP000738,BR2993,EMP03701,Delayed,2025-10-24 15:22:08,Package reached destination hub
EVT0002640,SHP001735,BR0856,EMP02317,In Transit,2025-05-21 00:25:40,Shipment processed successfully
EVT0002641,SHP003011,BR0987,EMP03170,Delivered,2025-06-01 08:30:04,Customer unavailable
EVT0002642,SHP001966,BR1230,EMP03826,Booked,2025-10-17 18:19:53,Address verification required
EVT0002643,SHP004797,BR4439,EMP03018,In Transit,2025-04-21 08:40:30,Vehicle departed
EVT0002644,SHP002522,BR2870,EMP02729,Out for Delivery,2025-04-29 13:18:02,Delivery agent assigned
EVT0002645,SHP001363,BR4435,EMP01162,Booked,2025-06-30 10:04:10,Customer unavailable
EVT0002646,SHP001150,BR0232,EMP01468,Picked Up,2025-09-16 12:42:41,Vehicle departed
EVT0002647,SHP001935,BR1054,EMP00641,Delayed,2025-02-05 05:39:04,Shipment delivered
EVT0002648,SHP003788,BR2437,EMP03781,Out for Delivery,2025-11-08 17:25:09,Shipment delivered
EVT0002649,SHP003034,BR1868,EMP02984,Returned,2025-04-03 00:41:50,Shipment delivered
EVT0002650,SHP004533,BR0230,EMP01699,Booked,2025-03-02 23:23:15,Package reached destination hub
EVT0002651,SHP004659,BR1421,EMP04650,Out for Delivery,2025-09-20 22:11:22,Package scanned at hub
EVT0002652,SHP002363,BR3266,EMP04362,Arrived at Hub,2025-10-19 13:09:55,Package scanned at hub
EVT0002653,SHP003064,BR1863,EMP03871,Delivered,2025-09-07 19:49:40,Package scanned at hub
EVT0002654,SHP001476,BR4402,EMP03663,In Transit,2025-12-29 09:54:54,Delivery agent assigned
EVT0002655,SHP001989,BR4037,EMP02706,Returned,2025-09-18 00:25:08,Delivery agent assigned
EVT0002656,SHP004034,BR1328,EMP02682,Delivered,2025-05-12 19:55:46,Delivery agent assigned
EVT0002657,SHP001324,BR2652,EMP01898,Picked Up,2025-11-16 14:05:59,Shipment processed successfully
EVT0002658,SHP001418,BR0466,EMP03328,Booked,2025-10-17 16:21:07,Package scanned at hub
EVT0002659,SHP004377,BR0530,EMP02988,In Transit,2025-11-20 05:10:06,Address verification required
EVT0002660,SHP004149,BR0878,EMP02620,Arrived at Hub,2025-04-19 05:03:10,Customer unavailable
EVT0002661,SHP002289,BR3809,EMP04035,In Transit,2025-08-25 00:39:56,Package scanned at hub
EVT0002662,SHP004131,BR3863,EMP02462,Arrived at Hub,2025-06-20 16:43:27,Shipment processed successfully
EVT0002663,SHP002509,BR2717,EMP01192,Delivered,2025-08-17 11:03:59,Address verification required
EVT0002664,SHP004997,BR4785,EMP02362,Booked,2025-05-17 06:05:40,Package reached destination hub
EVT0002665,SHP000342,BR0258,EMP04505,Picked Up,2025-10-28 06:06:33,Package reached destination hub
EVT0002666,SHP002404,BR1047,EMP03924,Arrived at Hub,2025-03-11 04:59:16,Delivery agent assigned
EVT0002667,SHP003726,BR1894,EMP03296,In Transit,2025-12-21 12:01:56,Delivery agent assigned
EVT0002668,SHP001491,BR3653,EMP03502,Booked,2025-03-23 23:13:44,Package reached destination hub
EVT0002669,SHP000687,BR0445,EMP04641,Picked Up,2025-11-23 21:17:00,Package scanned at hub
EVT0002670,SHP000314,BR0746,EMP01365,Out for Delivery,2025-10-24 18:39:08,Shipment processed successfully
EVT0002671,SHP003549,BR2508,EMP04440,In Transit,2025-04-10 04:33:57,Vehicle departed
EVT0002672,SHP001033,BR0138,EMP03241,Delayed,2025-11-22 04:38:41,Address verification required
EVT0002673,SHP001369,BR2290,EMP00928,Delivered,2025-08-11 23:08:42,Shipment delivered
EVT0002674,SHP000825,BR4511,EMP02753,Out for Delivery,2025-04-14 18:24:51,Package scanned at hub
EVT0002675,SHP001864,BR3371,EMP01628,In Transit,2025-08-28 05:41:32,Package scanned at hub
EVT0002676,SHP002560,BR4364,EMP01155,Out for Delivery,2025-10-28 00:45:21,Delivery agent assigned
EVT0002677,SHP003045,BR4999,EMP00837,Delivered,2025-07-07 22:33:28,Customer unavailable
EVT0002678,SHP002852,BR2636,EMP02802,Delayed,2025-04-15 22:20:27,Vehicle departed
EVT0002679,SHP002829,BR2019,EMP02695,Delivered,2025-01-07 02:15:03,Customer unavailable
EVT0002680,SHP004331,BR4952,EMP03339,Out for Delivery,2025-11-07 15:44:01,Vehicle departed
EVT0002681,SHP003859,BR1482,EMP01016,Delayed,2025-12-06 16:58:47,Vehicle departed
EVT0002682,SHP000540,BR3987,EMP04049,Booked,2025-09-20 14:14:12,Customer unavailable
EVT0002683,SHP003721,BR0429,EMP03706,Returned,2025-02-24 04:36:54,Address verification required
EVT0002684,SHP003536,BR1320,EMP04439,In Transit,2025-02-12 20:40:29,Vehicle departed
EVT0002685,SHP002452,BR2289,EMP00644,Delivered,2025-05-11 08:42:04,Address verification required
EVT0002686,SHP002913,BR3318,EMP00391,In Transit,2025-10-26 21:52:57,Vehicle departed
EVT0002687,SHP004584,BR3558,EMP04686,Delayed,2025-09-04 02:43:40,Package scanned at hub
EVT0002688,SHP001439,BR0746,EMP00917,Delivered,2025-10-17 18:31:28,Delivery agent assigned
EVT0002689,SHP000380,BR0157,EMP00082,Picked Up,2025-11-30 03:48:46,Package reached destination hub
EVT0002690,SHP000278,BR2535,EMP04829,Picked Up,2025-06-25 20:03:24,Address verification required
EVT0002691,SHP002221,BR0727,EMP04699,Delayed,2025-11-01 05:28:33,Delivery agent assigned
EVT0002692,SHP000225,BR3483,EMP03629,In Transit,2025-04-19 17:20:47,Package scanned at hub
EVT0002693,SHP001037,BR4764,EMP03618,Picked Up,2025-05-10 10:47:55,Shipment delivered
EVT0002694,SHP003318,BR1413,EMP01475,Delivered,2025-02-16 08:22:21,Customer unavailable
EVT0002695,SHP001084,BR2003,EMP01377,In Transit,2025-09-24 07:24:48,Vehicle departed
EVT0002696,SHP003840,BR3062,EMP02420,Picked Up,2025-03-25 12:47:39,Customer unavailable
EVT0002697,SHP001672,BR1137,EMP01021,Arrived at Hub,2025-08-07 09:52:38,Shipment delivered
EVT0002698,SHP003362,BR0314,EMP04706,Picked Up,2025-07-26 14:20:54,Customer unavailable
EVT0002699,SHP002888,BR2895,EMP04538,Out for Delivery,2025-12-11 22:38:46,Address verification required
EVT0002700,SHP000055,BR4502,EMP00774,Delivered,2025-04-12 21:31:37,Delivery agent assigned
EVT0002701,SHP000643,BR3871,EMP02412,Booked,2025-01-15 01:34:08,Shipment processed successfully
EVT0002702,SHP003571,BR1799,EMP02748,Out for Delivery,2025-04-14 22:37:37,Vehicle departed
EVT0002703,SHP000451,BR2944,EMP01136,Arrived at Hub,2025-09-10 08:35:17,Package scanned at hub
EVT0002704,SHP003006,BR3224,EMP02170,Delayed,2025-02-04 19:07:55,Address verification required
EVT0002705,SHP002282,BR4414,EMP00645,Picked Up,2025-07-02 07:21:53,Address verification required
EVT0002706,SHP002207,BR2064,EMP03839,Arrived at Hub,2025-07-18 18:43:48,Customer unavailable
EVT0002707,SHP000954,BR0283,EMP02772,Delayed,2025-02-14 13:43:38,Package scanned at hub
EVT0002708,SHP000016,BR4567,EMP01250,Out for Delivery,2025-02-12 14:21:15,Shipment delivered
EVT0002709,SHP003974,BR1208,EMP04337,Picked Up,2026-01-03 07:57:26,Vehicle departed
EVT0002710,SHP000157,BR2979,EMP01844,Arrived at Hub,2025-09-27 00:25:45,Delivery agent assigned
EVT0002711,SHP001246,BR3875,EMP03824,In Transit,2025-06-20 01:01:45,Vehicle departed
EVT0002712,SHP002928,BR0855,EMP01604,Out for Delivery,2025-07-08 02:38:57,Delivery agent assigned
EVT0002713,SHP004761,BR0645,EMP01369,Booked,2025-06-19 13:41:05,Package scanned at hub
EVT0002714,SHP002276,BR0753,EMP00482,Out for Delivery,2025-08-29 04:22:34,Vehicle departed
EVT0002715,SHP002902,BR4399,EMP03879,Arrived at Hub,2025-09-07 06:46:20,Delivery agent assigned
EVT0002716,SHP004443,BR1092,EMP00489,Arrived at Hub,2025-07-11 20:35:46,Shipment delivered
EVT0002717,SHP000468,BR0964,EMP01820,In Transit,2025-08-06 07:36:54,Shipment processed successfully
EVT0002718,SHP000084,BR3268,EMP01056,In Transit,2025-09-09 07:12:41,Customer unavailable
EVT0002719,SHP002987,BR0962,EMP03276,Picked Up,2025-12-09 14:44:04,Address verification required
EVT0002720,SHP003680,BR0352,EMP02588,In Transit,2025-06-02 13:06:55,Package reached destination hub
EVT0002721,SHP003148,BR2580,EMP02084,Out for Delivery,2025-08-04 09:38:19,Shipment processed successfully
EVT0002722,SHP002105,BR0527,EMP04301,Out for Delivery,2025-04-13 01:00:12,Shipment delivered
EVT0002723,SHP001875,BR0971,EMP02003,Booked,2025-01-24 19:29:13,Delivery agent assigned
EVT0002724,SHP004495,BR2141,EMP03966,Out for Delivery,2025-03-19 03:18:57,Package scanned at hub
EVT0002725,SHP000444,BR4578,EMP02676,Arrived at Hub,2025-12-31 08:45:18,Address verification required
EVT0002726,SHP000293,BR2078,EMP00112,Arrived at Hub,2025-09-08 06:52:53,Address verification required
EVT0002727,SHP000412,BR1050,EMP04367,Delayed,2025-05-30 12:26:15,Shipment delivered
EVT0002728,SHP003044,BR3074,EMP03809,Delivered,2025-04-29 15:02:41,Package reached destination hub
EVT0002729,SHP000964,BR2116,EMP03308,Arrived at Hub,2025-10-13 22:58:58,Customer unavailable
EVT0002730,SHP003706,BR4624,EMP01706,Arrived at Hub,2025-02-13 14:08:32,Delivery agent assigned
EVT0002731,SHP002763,BR2690,EMP00473,Picked Up,2025-02-25 11:49:48,Delivery agent assigned
EVT0002732,SHP004942,BR1896,EMP02925,Picked Up,2025-05-10 04:17:09,Shipment delivered
EVT0002733,SHP004952,BR3993,EMP04776,Booked,2025-10-29 15:49:36,Delivery agent assigned
EVT0002734,SHP001001,BR2629,EMP00683,Picked Up,2025-08-27 19:23:21,Package reached destination hub
EVT0002735,SHP002362,BR1931,EMP01601,Booked,2025-01-23 11:55:31,Shipment processed successfully
EVT0002736,SHP003839,BR0437,EMP02073,Arrived at Hub,2025-09-17 02:11:36,Customer unavailable
EVT0002737,SHP003562,BR2656,EMP02387,Out for Delivery,2025-06-19 12:18:36,Shipment processed successfully
EVT0002738,SHP002801,BR3366,EMP01369,Out for Delivery,2025-06-30 08:32:05,Package scanned at hub
EVT0002739,SHP003856,BR2068,EMP04304,Arrived at Hub,2025-07-15 04:49:55,Shipment delivered
EVT0002740,SHP003385,BR3384,EMP03155,Picked Up,2025-09-19 14:55:39,Package reached destination hub
EVT0002741,SHP001837,BR0834,EMP03833,Picked Up,2025-03-11 16:35:23,Vehicle departed
EVT0002742,SHP001286,BR1981,EMP02469,In Transit,2025-06-28 19:14:18,Package scanned at hub
EVT0002743,SHP000778,BR2148,EMP03366,In Transit,2025-08-25 04:20:33,Delivery agent assigned
EVT0002744,SHP000659,BR2851,EMP00436,Delivered,2025-08-23 10:17:36,Customer unavailable
EVT0002745,SHP003120,BR2324,EMP02217,Delayed,2025-05-09 06:18:00,Vehicle departed
EVT0002746,SHP001873,BR0710,EMP03465,Out for Delivery,2025-12-02 21:53:36,Shipment processed successfully
EVT0002747,SHP001369,BR2757,EMP03205,Arrived at Hub,2025-04-23 06:49:19,Vehicle departed
EVT0002748,SHP004502,BR3236,EMP01462,Booked,2025-08-15 12:14:27,Vehicle departed
EVT0002749,SHP004586,BR2347,EMP01179,Arrived at Hub,2025-12-04 11:03:32,Customer unavailable
EVT0002750,SHP000783,BR2938,EMP03504,In Transit,2025-04-09 00:55:26,Customer unavailable
EVT0002751,SHP001219,BR1014,EMP02090,Delayed,2025-08-13 10:27:21,Shipment processed successfully
EVT0002752,SHP001064,BR0573,EMP03435,In Transit,2025-03-24 23:49:22,Delivery agent assigned
EVT0002753,SHP004675,BR2736,EMP01362,In Transit,2025-12-02 21:49:31,Customer unavailable
EVT0002754,SHP002393,BR2612,EMP00610,In Transit,2025-06-06 07:06:06,Delivery agent assigned
EVT0002755,SHP004518,BR1632,EMP02449,Picked Up,2025-07-07 18:06:01,Address verification required
EVT0002756,SHP002287,BR0510,EMP04560,Booked,2025-08-12 07:57:39,Vehicle departed
EVT0002757,SHP002807,BR3445,EMP03229,Booked,2025-06-04 06:30:17,Package reached destination hub
EVT0002758,SHP001880,BR1750,EMP00141,In Transit,2025-09-01 18:26:59,Vehicle departed
EVT0002759,SHP002032,BR2312,EMP01799,In Transit,2025-09-28 09:56:59,Address verification required
EVT0002760,SHP003256,BR2638,EMP00419,Out for Delivery,2025-07-15 13:21:32,Vehicle departed
EVT0002761,SHP004664,BR1489,EMP04134,Delivered,2025-10-03 04:01:59,Package scanned at hub
EVT0002762,SHP001115,BR2891,EMP01520,Out for Delivery,2025-06-17 23:38:32,Shipment processed successfully
EVT0002763,SHP000081,BR4939,EMP01433,Delivered,2025-07-04 19:33:28,Shipment delivered
EVT0002764,SHP001847,BR4984,EMP03081,In Transit,2025-12-13 18:12:35,Package scanned at hub
EVT0002765,SHP004775,BR4205,EMP04336,Arrived at Hub,2025-12-14 19:56:44,Shipment delivered
EVT0002766,SHP003831,BR4217,EMP00778,In Transit,2025-08-24 13:22:48,Customer unavailable
EVT0002767,SHP002145,BR1616,EMP00357,Picked Up,2025-01-06 12:57:19,Delivery agent assigned
EVT0002768,SHP003930,BR2307,EMP00154,In Transit,2025-01-07 14:08:59,Address verification required
EVT0002769,SHP001219,BR2270,EMP00718,Out for Delivery,2025-11-09 10:35:28,Delivery agent assigned
EVT0002770,SHP001536,BR0193,EMP00314,Arrived at Hub,2025-09-03 09:10:57,Delivery agent assigned
EVT0002771,SHP000193,BR0584,EMP03350,Arrived at Hub,2025-05-22 03:54:54,Customer unavailable
EVT0002772,SHP003153,BR0705,EMP03503,Delivered,2025-12-23 02:35:55,Shipment processed successfully
EVT0002773,SHP002763,BR0093,EMP00042,Out for Delivery,2025-12-02 06:04:46,Delivery agent assigned
EVT0002774,SHP002048,BR3653,EMP02769,Booked,2025-01-17 00:30:04,Package reached destination hub
EVT0002775,SHP001032,BR3286,EMP04898,Booked,2025-10-14 06:40:24,Address verification required
EVT0002776,SHP003067,BR2402,EMP03464,Out for Delivery,2025-03-06 18:58:04,Shipment delivered
EVT0002777,SHP003150,BR4862,EMP04838,Delayed,2025-03-09 04:10:54,Package reached destination hub
EVT0002778,SHP003134,BR3352,EMP04054,Delayed,2025-06-13 09:07:27,Package reached destination hub
EVT0002779,SHP004448,BR3196,EMP02920,Booked,2025-09-07 19:37:33,Address verification required
EVT0002780,SHP002618,BR3934,EMP02453,In Transit,2025-02-21 00:16:36,Package reached destination hub
EVT0002781,SHP002549,BR1202,EMP04033,Arrived at Hub,2025-04-21 09:06:07,Delivery agent assigned
EVT0002782,SHP000977,BR1951,EMP04482,Picked Up,2025-09-24 04:47:45,Package scanned at hub
EVT0002783,SHP001207,BR0207,EMP00783,Out for Delivery,2025-05-06 08:22:09,Vehicle departed
EVT0002784,SHP001553,BR1230,EMP01502,Picked Up,2025-05-17 00:47:45,Customer unavailable
EVT0002785,SHP003418,BR4373,EMP04752,In Transit,2025-08-06 01:36:14,Package reached destination hub
EVT0002786,SHP004568,BR2814,EMP00863,Delivered,2025-11-18 08:15:15,Shipment processed successfully
EVT0002787,SHP000963,BR4376,EMP02646,Arrived at Hub,2025-09-17 08:53:56,Package scanned at hub
EVT0002788,SHP004279,BR0532,EMP02966,Arrived at Hub,2025-03-09 06:18:10,Shipment delivered
EVT0002789,SHP000139,BR1419,EMP02875,Picked Up,2025-07-15 05:51:09,Shipment delivered
EVT0002790,SHP000736,BR1964,EMP00917,Arrived at Hub,2025-08-26 21:54:56,Address verification required
EVT0002791,SHP004277,BR2528,EMP01378,Booked,2025-03-05 12:00:38,Package scanned at hub
EVT0002792,SHP002553,BR4526,EMP00886,In Transit,2025-02-08 10:51:36,Package scanned at hub
EVT0002793,SHP002282,BR1733,EMP00094,Delivered,2025-07-03 02:34:02,Address verification required
EVT0002794,SHP004213,BR1782,EMP02732,Arrived at Hub,2025-01-24 19:37:27,Shipment delivered
EVT0002795,SHP003399,BR2507,EMP03252,In Transit,2025-04-09 19:21:45,Shipment delivered
EVT0002796,SHP002408,BR3773,EMP02126,In Transit,2025-02-23 10:08:47,Package reached destination hub
EVT0002797,SHP000750,BR1450,EMP01023,Picked Up,2025-08-27 06:54:08,Package reached destination hub
EVT0002798,SHP003942,BR0074,EMP04429,In Transit,2025-12-06 23:35:58,Delivery agent assigned
EVT0002799,SHP000188,BR0677,EMP02029,Booked,2025-08-11 12:38:08,Shipment delivered
EVT0002800,SHP001470,BR1313,EMP00118,In Transit,2025-02-17 12:10:19,Package scanned at hub
EVT0002801,SHP002103,BR2524,EMP01620,Returned,2025-07-13 03:24:29,Package scanned at hub
EVT0002802,SHP002974,BR4404,EMP03876,In Transit,2025-10-25 08:52:53,Address verification required
EVT0002803,SHP001492,BR2980,EMP02396,Arrived at Hub,2025-08-18 23:52:23,Package reached destination hub
EVT0002804,SHP004112,BR4752,EMP04880,Picked Up,2025-01-26 16:57:28,Shipment processed successfully
EVT0002805,SHP004287,BR2406,EMP00021,Delivered,2025-10-09 05:02:12,Delivery agent assigned
EVT0002806,SHP002422,BR1388,EMP00336,In Transit,2025-10-11 12:44:23,Package scanned at hub
EVT0002807,SHP001487,BR4812,EMP03004,Delivered,2025-03-06 09:47:00,Shipment delivered
EVT0002808,SHP000215,BR4569,EMP01519,Delivered,2025-06-01 09:59:03,Customer unavailable
EVT0002809,SHP003757,BR2018,EMP03352,Delivered,2025-12-18 07:36:02,Customer unavailable
EVT0002810,SHP004242,BR4740,EMP04124,Delivered,2025-02-24 06:01:10,Shipment processed successfully
EVT0002811,SHP002801,BR4697,EMP02993,Picked Up,2025-01-09 09:19:41,Vehicle departed
EVT0002812,SHP000184,BR4733,EMP02665,In Transit,2025-03-25 17:19:47,Address verification required
EVT0002813,SHP000997,BR0199,EMP03449,Out for Delivery,2025-10-22 15:08:19,Package reached destination hub
EVT0002814,SHP003951,BR2422,EMP02375,Picked Up,2025-02-16 00:32:05,Shipment delivered
EVT0002815,SHP000236,BR2207,EMP01601,Delivered,2025-10-26 07:22:11,Address verification required
EVT0002816,SHP003415,BR1368,EMP04947,Booked,2025-12-21 12:39:30,Package reached destination hub
EVT0002817,SHP002069,BR4878,EMP01225,Out for Delivery,2025-12-18 01:04:14,Package scanned at hub
EVT0002818,SHP003719,BR3431,EMP03462,Arrived at Hub,2025-12-06 18:04:01,Vehicle departed
EVT0002819,SHP002740,BR2783,EMP01918,Picked Up,2025-08-31 11:14:27,Delivery agent assigned
EVT0002820,SHP001947,BR2130,EMP03206,Picked Up,2025-10-11 18:47:34,Vehicle departed
EVT0002821,SHP000872,BR2537,EMP00193,In Transit,2026-01-06 12:12:45,Customer unavailable
EVT0002822,SHP003189,BR1282,EMP00577,In Transit,2025-12-08 12:56:30,Address verification required
EVT0002823,SHP004872,BR0868,EMP01677,In Transit,2025-03-11 12:42:53,Address verification required
EVT0002824,SHP000013,BR0538,EMP02596,In Transit,2025-12-27 01:38:48,Package scanned at hub
EVT0002825,SHP001927,BR3074,EMP04157,Out for Delivery,2025-04-19 23:58:10,Package scanned at hub
EVT0002826,SHP000805,BR4784,EMP03207,Picked Up,2025-03-12 13:07:41,Shipment delivered
EVT0002827,SHP002267,BR2773,EMP00352,Arrived at Hub,2025-05-24 05:15:13,Shipment processed successfully
EVT0002828,SHP003573,BR3436,EMP04164,Arrived at Hub,2025-07-04 19:27:56,Customer unavailable
EVT0002829,SHP003115,BR0090,EMP04499,Picked Up,2025-08-17 20:25:49,Address verification required
EVT0002830,SHP000027,BR3991,EMP02421,Delayed,2025-02-01 18:20:38,Delivery agent assigned
EVT0002831,SHP001284,BR1296,EMP04121,Picked Up,2025-07-21 15:33:42,Customer unavailable
EVT0002832,SHP002373,BR0245,EMP04488,Returned,2025-07-07 03:59:01,Shipment processed successfully
EVT0002833,SHP002151,BR0455,EMP04388,Arrived at Hub,2025-09-25 14:48:53,Shipment processed successfully
EVT0002834,SHP002991,BR2674,EMP03595,Arrived at Hub,2025-02-21 11:23:37,Delivery agent assigned
EVT0002835,SHP004622,BR2842,EMP02995,Delayed,2025-03-06 07:33:11,Address verification required
EVT0002836,SHP002307,BR0493,EMP04386,Out for Delivery,2025-04-15 03:55:15,Package reached destination hub
EVT0002837,SHP000635,BR0774,EMP01375,In Transit,2025-09-29 12:37:43,Shipment delivered
EVT0002838,SHP002814,BR0449,EMP02542,Out for Delivery,2025-11-01 00:06:21,Shipment processed successfully
EVT0002839,SHP001789,BR3133,EMP04595,Booked,2025-03-06 17:11:16,Address verification required
EVT0002840,SHP003031,BR4692,EMP01852,Booked,2025-03-27 05:23:44,Package reached destination hub
EVT0002841,SHP001213,BR0468,EMP03869,Delayed,2025-03-21 21:56:40,Customer unavailable
EVT0002842,SHP003511,BR0214,EMP01684,In Transit,2025-12-04 10:33:30,Address verification required
EVT0002843,SHP000329,BR0314,EMP02312,Delivered,2025-03-28 05:25:24,Customer unavailable
EVT0002844,SHP000698,BR0679,EMP00588,Delivered,2025-01-11 07:16:00,Address verification required
EVT0002845,SHP001883,BR3046,EMP04997,Delivered,2025-03-09 01:17:56,Customer unavailable
EVT0002846,SHP000655,BR1086,EMP01723,Picked Up,2025-06-24 03:24:47,Customer unavailable
EVT0002847,SHP004202,BR2368,EMP04462,Booked,2025-03-13 00:10:50,Delivery agent assigned
EVT0002848,SHP000912,BR3775,EMP04489,Arrived at Hub,2025-12-09 16:33:09,Shipment processed successfully
EVT0002849,SHP000400,BR2923,EMP03368,Picked Up,2025-10-22 22:10:35,Package scanned at hub
EVT0002850,SHP000565,BR2876,EMP02576,Arrived at Hub,2025-05-11 06:31:56,Shipment processed successfully
EVT0002851,SHP002418,BR1341,EMP00215,Delayed,2025-11-14 09:55:44,Delivery agent assigned
EVT0002852,SHP002031,BR0314,EMP00255,Booked,2025-04-29 04:40:16,Package reached destination hub
EVT0002853,SHP004247,BR1606,EMP02889,In Transit,2025-03-25 01:46:00,Customer unavailable
EVT0002854,SHP004935,BR2524,EMP00242,Delivered,2025-06-24 15:37:52,Shipment processed successfully
EVT0002855,SHP004600,BR3372,EMP02898,Out for Delivery,2025-05-13 16:11:00,Customer unavailable
EVT0002856,SHP001369,BR0900,EMP02948,Arrived at Hub,2025-08-01 15:53:25,Delivery agent assigned
EVT0002857,SHP000021,BR4805,EMP04175,Arrived at Hub,2025-07-05 01:25:13,Shipment delivered
EVT0002858,SHP003631,BR2134,EMP04856,Picked Up,2025-09-11 16:32:21,Customer unavailable
EVT0002859,SHP004234,BR2692,EMP00518,Arrived at Hub,2025-05-14 17:30:58,Address verification required
EVT0002860,SHP003584,BR0321,EMP00078,In Transit,2025-08-07 19:04:04,Delivery agent assigned
EVT0002861,SHP000237,BR1558,EMP04255,Delayed,2025-01-17 19:19:44,Package reached destination hub
EVT0002862,SHP003628,BR3796,EMP01012,In Transit,2025-04-02 17:51:57,Customer unavailable
EVT0002863,SHP003641,BR2387,EMP00964,Booked,2025-10-05 12:42:13,Shipment delivered
EVT0002864,SHP002606,BR0177,EMP02556,Booked,2025-11-03 04:57:05,Package reached destination hub
EVT0002865,SHP002003,BR1031,EMP00408,Delayed,2025-12-05 01:43:18,Delivery agent assigned
EVT0002866,SHP001504,BR3009,EMP04614,Arrived at Hub,2025-05-05 02:26:27,Customer unavailable
EVT0002867,SHP002197,BR4790,EMP03213,Out for Delivery,2025-07-12 19:11:57,Shipment delivered
EVT0002868,SHP000533,BR2973,EMP03009,Picked Up,2025-10-10 17:21:04,Shipment delivered
EVT0002869,SHP002758,BR0867,EMP04012,Arrived at Hub,2025-02-23 10:21:03,Vehicle departed
EVT0002870,SHP003790,BR0730,EMP02340,In Transit,2025-09-07 15:31:59,Package scanned at hub
EVT0002871,SHP003954,BR4554,EMP00560,Arrived at Hub,2025-08-27 07:51:41,Delivery agent assigned
EVT0002872,SHP004678,BR4562,EMP02465,Booked,2025-09-20 22:12:19,Package scanned at hub
EVT0002873,SHP003146,BR1440,EMP04482,Arrived at Hub,2025-06-01 12:10:54,Customer unavailable
EVT0002874,SHP000213,BR3681,EMP04825,Arrived at Hub,2025-09-19 13:06:34,Package reached destination hub
EVT0002875,SHP000946,BR0884,EMP02132,Delivered,2025-01-12 09:03:47,Shipment processed successfully
EVT0002876,SHP003797,BR1683,EMP04396,Booked,2025-04-15 22:17:11,Shipment delivered
EVT0002877,SHP001798,BR4455,EMP03965,Delayed,2025-03-14 17:08:17,Shipment processed successfully
EVT0002878,SHP001973,BR1590,EMP02579,Picked Up,2025-06-23 14:16:21,Delivery agent assigned
EVT0002879,SHP000968,BR3603,EMP02808,In Transit,2025-11-09 18:37:16,Address verification required
EVT0002880,SHP004669,BR0621,EMP03147,Delayed,2025-05-10 19:19:07,Package reached destination hub
EVT0002881,SHP004443,BR1844,EMP02766,In Transit,2025-02-03 17:10:10,Package reached destination hub
EVT0002882,SHP003591,BR0932,EMP00964,Delayed,2025-05-26 04:13:09,Address verification required
EVT0002883,SHP001791,BR3439,EMP00678,Arrived at Hub,2025-10-15 19:41:23,Shipment processed successfully
EVT0002884,SHP004508,BR1948,EMP03925,Arrived at Hub,2025-03-05 05:33:35,Package scanned at hub
EVT0002885,SHP002049,BR2791,EMP01609,Arrived at Hub,2025-11-01 04:51:30,Customer unavailable
EVT0002886,SHP002509,BR3284,EMP01744,Out for Delivery,2025-07-09 07:37:30,Package reached destination hub
EVT0002887,SHP003615,BR2399,EMP02758,Delivered,2025-06-13 17:48:37,Shipment processed successfully
EVT0002888,SHP003411,BR4144,EMP00675,Out for Delivery,2025-04-24 10:07:17,Vehicle departed
EVT0002889,SHP004034,BR3102,EMP00392,Delivered,2025-03-27 04:28:56,Customer unavailable
EVT0002890,SHP003832,BR0173,EMP04800,Arrived at Hub,2025-05-23 13:44:44,Address verification required
EVT0002891,SHP003322,BR0463,EMP03023,In Transit,2025-08-12 05:30:28,Address verification required
EVT0002892,SHP003856,BR4443,EMP02475,Booked,2025-05-09 05:47:43,Shipment delivered
EVT0002893,SHP003239,BR1592,EMP00278,Booked,2025-06-01 01:24:46,Shipment processed successfully
EVT0002894,SHP000169,BR0045,EMP03545,Booked,2025-09-04 07:29:44,Address verification required
EVT0002895,SHP004986,BR4988,EMP04974,Delivered,2025-06-24 11:08:24,Shipment delivered
EVT0002896,SHP000281,BR3154,EMP04638,Picked Up,2025-01-20 09:34:49,Vehicle departed
EVT0002897,SHP002405,BR4767,EMP01330,Arrived at Hub,2025-11-08 15:15:05,Package scanned at hub
EVT0002898,SHP004366,BR1171,EMP04705,Out for Delivery,2025-02-01 04:16:02,Package scanned at hub
EVT0002899,SHP000833,BR3260,EMP03812,Booked,2025-05-05 02:22:56,Vehicle departed
EVT0002900,SHP003181,BR1555,EMP00370,In Transit,2025-06-24 12:19:56,Delivery agent assigned
EVT0002901,SHP002218,BR0568,EMP01983,Arrived at Hub,2025-11-17 09:32:05,Vehicle departed
EVT0002902,SHP004578,BR1998,EMP00542,Out for Delivery,2025-07-06 09:44:47,Address verification required
EVT0002903,SHP002425,BR3253,EMP01976,Arrived at Hub,2025-02-26 18:30:00,Shipment processed successfully
EVT0002904,SHP004198,BR0966,EMP00176,In Transit,2025-10-11 02:55:24,Vehicle departed
EVT0002905,SHP002019,BR2254,EMP03131,Delayed,2025-01-11 07:31:00,Package reached destination hub
EVT0002906,SHP003460,BR1325,EMP02328,Returned,2025-12-08 13:05:49,Shipment processed successfully
EVT0002907,SHP001711,BR0057,EMP02801,Arrived at Hub,2025-08-19 01:01:51,Delivery agent assigned
EVT0002908,SHP004362,BR2649,EMP00188,Arrived at Hub,2025-07-16 08:05:47,Address verification required
EVT0002909,SHP001507,BR0209,EMP00418,In Transit,2025-01-09 19:59:59,Shipment delivered
EVT0002910,SHP004527,BR4344,EMP04667,Booked,2025-11-19 17:36:53,Shipment delivered
EVT0002911,SHP003878,BR2110,EMP02650,Delayed,2025-08-29 22:01:12,Shipment processed successfully
EVT0002912,SHP004426,BR3273,EMP00526,Arrived at Hub,2025-11-20 23:45:48,Package scanned at hub
EVT0002913,SHP001246,BR3790,EMP01976,Out for Delivery,2025-05-30 09:26:45,Address verification required
EVT0002914,SHP004490,BR4346,EMP00104,Out for Delivery,2025-02-21 19:45:07,Shipment delivered
EVT0002915,SHP002740,BR0428,EMP01469,Booked,2025-08-04 15:32:05,Delivery agent assigned
EVT0002916,SHP004091,BR4376,EMP04124,Arrived at Hub,2025-03-24 21:00:32,Shipment processed successfully
EVT0002917,SHP000503,BR3612,EMP00556,In Transit,2025-01-27 03:01:00,Shipment delivered
EVT0002918,SHP001211,BR1521,EMP01019,Delivered,2025-07-05 22:16:25,Shipment delivered
EVT0002919,SHP001808,BR1998,EMP01725,Delivered,2025-02-19 02:57:10,Shipment delivered
EVT0002920,SHP002760,BR0946,EMP01031,Delivered,2025-06-17 07:23:05,Customer unavailable
EVT0002921,SHP001677,BR2984,EMP03629,Out for Delivery,2025-05-23 04:32:00,Package reached destination hub
EVT0002922,SHP000349,BR3179,EMP03517,Arrived at Hub,2025-05-09 03:39:58,Address verification required
EVT0002923,SHP003027,BR3766,EMP03595,Delivered,2025-06-24 02:12:42,Address verification required
EVT0002924,SHP002936,BR4637,EMP01234,Out for Delivery,2025-06-29 09:14:19,Address verification required
EVT0002925,SHP002694,BR1296,EMP02344,Arrived at Hub,2025-02-04 17:23:44,Address verification required
EVT0002926,SHP003910,BR4096,EMP01899,In Transit,2025-09-18 09:13:23,Shipment delivered
EVT0002927,SHP001444,BR4283,EMP00172,Picked Up,2025-03-14 05:49:43,Address verification required
EVT0002928,SHP004417,BR3298,EMP02947,Booked,2025-06-29 18:08:21,Shipment delivered
EVT0002929,SHP003290,BR0966,EMP00696,Picked Up,2025-04-20 13:12:08,Package scanned at hub
EVT0002930,SHP003869,BR0335,EMP04569,Picked Up,2025-01-13 05:08:04,Address verification required
EVT0002931,SHP002778,BR1952,EMP03881,Arrived at Hub,2025-04-04 14:20:29,Package scanned at hub
EVT0002932,SHP003053,BR2940,EMP03921,Picked Up,2025-11-24 20:22:09,Package reached destination hub
EVT0002933,SHP004386,BR1149,EMP04459,Out for Delivery,2025-01-07 16:08:38,Vehicle departed
EVT0002934,SHP003875,BR1102,EMP04572,Out for Delivery,2025-11-17 01:54:49,Vehicle departed
EVT0002935,SHP003265,BR0682,EMP02291,Arrived at Hub,2025-09-23 21:38:00,Address verification required
EVT0002936,SHP004878,BR1319,EMP01374,Arrived at Hub,2025-09-16 19:32:14,Delivery agent assigned
EVT0002937,SHP004439,BR2572,EMP01487,Arrived at Hub,2025-08-07 00:26:12,Delivery agent assigned
EVT0002938,SHP000208,BR1114,EMP02349,Arrived at Hub,2025-11-20 19:53:40,Delivery agent assigned
EVT0002939,SHP003816,BR2349,EMP04854,Arrived at Hub,2025-04-14 23:38:43,Customer unavailable
EVT0002940,SHP001145,BR4517,EMP03089,Booked,2025-10-07 10:55:37,Package scanned at hub
EVT0002941,SHP003510,BR4071,EMP01865,Arrived at Hub,2025-01-11 14:40:27,Package scanned at hub
EVT0002942,SHP000082,BR2436,EMP03548,Booked,2025-12-01 07:54:09,Package scanned at hub
EVT0002943,SHP004557,BR4131,EMP04691,Out for Delivery,2025-06-11 17:40:40,Package reached destination hub
EVT0002944,SHP003751,BR1463,EMP01696,Out for Delivery,2025-07-19 07:58:07,Vehicle departed
EVT0002945,SHP004396,BR4373,EMP02441,In Transit,2025-06-15 23:48:44,Address verification required
EVT0002946,SHP000718,BR4949,EMP02973,Arrived at Hub,2025-05-10 08:41:42,Shipment processed successfully
EVT0002947,SHP004809,BR3106,EMP03084,Delivered,2025-11-06 21:43:38,Address verification required
EVT0002948,SHP004144,BR4660,EMP03992,Arrived at Hub,2025-08-13 02:35:00,Delivery agent assigned
EVT0002949,SHP003682,BR4113,EMP01062,Booked,2025-01-30 13:52:42,Delivery agent assigned
EVT0002950,SHP003989,BR2615,EMP04897,Picked Up,2025-03-12 13:47:55,Address verification required
EVT0002951,SHP002987,BR1076,EMP00324,Picked Up,2025-11-10 07:09:31,Shipment processed successfully
EVT0002952,SHP003756,BR4883,EMP00239,Booked,2025-03-28 16:59:42,Shipment processed successfully
EVT0002953,SHP003396,BR2843,EMP03168,Delivered,2025-11-28 06:55:59,Shipment processed successfully
EVT0002954,SHP000371,BR0586,EMP00218,In Transit,2025-04-16 02:12:42,Address verification required
EVT0002955,SHP001311,BR2307,EMP04504,Booked,2025-03-08 15:30:33,Package scanned at hub
EVT0002956,SHP000054,BR3563,EMP04126,Out for Delivery,2025-01-16 13:19:33,Shipment delivered
EVT0002957,SHP001315,BR3475,EMP01181,Returned,2025-07-29 18:22:57,Address verification required
EVT0002958,SHP003217,BR4315,EMP04659,Arrived at Hub,2025-08-14 19:49:45,Customer unavailable
EVT0002959,SHP003667,BR0704,EMP03695,Delivered,2025-08-11 12:14:21,Package reached destination hub
EVT0002960,SHP002491,BR4734,EMP02889,Delivered,2025-06-01 00:32:20,Shipment processed successfully
EVT0002961,SHP003805,BR4653,EMP02991,In Transit,2025-12-15 05:11:48,Vehicle departed
EVT0002962,SHP001067,BR1077,EMP00013,Booked,2025-08-06 20:07:01,Vehicle departed
EVT0002963,SHP000481,BR4650,EMP00239,Picked Up,2025-09-18 05:41:35,Address verification required
EVT0002964,SHP004199,BR3983,EMP02813,Delivered,2025-06-19 04:38:03,Vehicle departed
EVT0002965,SHP003234,BR3038,EMP04258,Delivered,2025-07-26 20:40:01,Customer unavailable
EVT0002966,SHP002432,BR0250,EMP03966,Booked,2025-01-12 03:54:14,Package scanned at hub
EVT0002967,SHP002755,BR0202,EMP00378,Arrived at Hub,2025-01-28 04:22:49,Delivery agent assigned
EVT0002968,SHP001239,BR0947,EMP02031,Arrived at Hub,2025-12-31 16:19:37,Delivery agent assigned
EVT0002969,SHP000065,BR4035,EMP03709,Out for Delivery,2025-03-02 13:02:17,Shipment delivered
EVT0002970,SHP003630,BR4382,EMP03719,Picked Up,2025-03-20 00:40:53,Shipment processed successfully
EVT0002971,SHP004756,BR0956,EMP01816,Picked Up,2025-06-13 15:29:27,Shipment delivered
EVT0002972,SHP002525,BR4752,EMP02736,Returned,2025-02-20 17:56:23,Package scanned at hub
EVT0002973,SHP001417,BR1161,EMP00757,Delivered,2025-08-11 18:09:10,Shipment delivered
EVT0002974,SHP001597,BR1470,EMP00696,Delivered,2025-03-15 20:33:56,Package reached destination hub
EVT0002975,SHP002950,BR1971,EMP02680,Delivered,2025-05-04 09:15:04,Shipment processed successfully
EVT0002976,SHP002228,BR0383,EMP02235,Delayed,2025-06-03 04:54:13,Delivery agent assigned
EVT0002977,SHP004144,BR0621,EMP03234,In Transit,2025-03-24 13:20:38,Delivery agent assigned
EVT0002978,SHP000062,BR2691,EMP01207,Booked,2025-06-07 06:56:18,Shipment processed successfully
EVT0002979,SHP004554,BR1585,EMP01338,Delivered,2025-04-11 14:35:37,Shipment delivered
EVT0002980,SHP004815,BR0807,EMP04720,Arrived at Hub,2025-02-17 21:31:55,Shipment processed successfully
EVT0002981,SHP004963,BR4517,EMP03748,Out for Delivery,2025-05-11 00:24:25,Customer unavailable
EVT0002982,SHP000256,BR3460,EMP03595,Arrived at Hub,2025-12-11 14:28:54,Vehicle departed
EVT0002983,SHP004141,BR2543,EMP02667,Delivered,2025-06-02 19:27:11,Address verification required
EVT0002984,SHP003571,BR4880,EMP03863,In Transit,2025-07-20 07:23:45,Customer unavailable
EVT0002985,SHP000157,BR1519,EMP00452,Arrived at Hub,2025-05-09 23:52:14,Address verification required
EVT0002986,SHP003390,BR1967,EMP04999,Booked,2025-11-14 00:01:44,Shipment delivered
EVT0002987,SHP004009,BR0748,EMP04955,Returned,2025-02-10 15:43:04,Address verification required
EVT0002988,SHP004747,BR0292,EMP02687,Out for Delivery,2025-04-30 05:45:19,Package reached destination hub
EVT0002989,SHP002681,BR3955,EMP04516,Arrived at Hub,2025-08-28 14:37:56,Vehicle departed
EVT0002990,SHP000003,BR1765,EMP03483,In Transit,2025-10-03 08:59:23,Shipment delivered
EVT0002991,SHP003858,BR0574,EMP04390,Arrived at Hub,2025-06-22 22:35:07,Customer unavailable
EVT0002992,SHP004187,BR1458,EMP00153,In Transit,2025-05-07 12:30:29,Shipment processed successfully
EVT0002993,SHP000698,BR0253,EMP03779,Picked Up,2025-10-13 15:25:26,Package reached destination hub
EVT0002994,SHP002305,BR1008,EMP00483,Out for Delivery,2025-12-20 05:43:26,Shipment processed successfully
EVT0002995,SHP004741,BR3770,EMP01766,Out for Delivery,2025-12-27 16:14:15,Package scanned at hub
EVT0002996,SHP000959,BR0039,EMP03090,Arrived at Hub,2025-07-31 15:27:29,Shipment processed successfully
EVT0002997,SHP004114,BR4662,EMP02621,Delivered,2025-02-09 16:26:15,Address verification required
EVT0002998,SHP003570,BR3414,EMP01865,Out for Delivery,2025-01-16 08:58:06,Package scanned at hub
EVT0002999,SHP000380,BR2592,EMP03631,Arrived at Hub,2025-11-22 06:11:18,Customer unavailable
EVT0003000,SHP000272,BR1252,EMP03798,Booked,2025-11-13 06:06:43,Vehicle departed
EVT0003001,SHP003480,BR2226,EMP00693,Delayed,2025-09-18 09:00:36,Shipment processed successfully
EVT0003002,SHP001100,BR1283,EMP04872,Delivered,2025-02-07 14:40:56,Package reached destination hub
EVT0003003,SHP002156,BR3719,EMP03633,Booked,2025-09-01 06:26:03,Customer unavailable
EVT0003004,SHP000734,BR2878,EMP02438,Picked Up,2025-04-18 14:57:09,Package reached destination hub
EVT0003005,SHP002385,BR3551,EMP04216,In Transit,2025-03-08 05:31:09,Delivery agent assigned
EVT0003006,SHP003054,BR2539,EMP04249,Arrived at Hub,2025-08-03 11:24:10,Shipment delivered
EVT0003007,SHP004839,BR0037,EMP04723,Picked Up,2025-01-03 06:09:05,Package reached destination hub
EVT0003008,SHP002116,BR0430,EMP03866,Out for Delivery,2025-05-10 14:50:25,Address verification required
EVT0003009,SHP002268,BR3317,EMP02689,Returned,2025-12-10 06:07:00,Customer unavailable
EVT0003010,SHP004837,BR4877,EMP00788,Delivered,2025-08-26 18:44:51,Customer unavailable
EVT0003011,SHP001661,BR0304,EMP01820,Out for Delivery,2025-07-08 10:47:38,Package reached destination hub
EVT0003012,SHP000241,BR2116,EMP03582,In Transit,2025-12-29 04:42:00,Address verification required
EVT0003013,SHP000377,BR0166,EMP00496,In Transit,2025-05-10 04:14:24,Package scanned at hub
EVT0003014,SHP002227,BR2297,EMP01718,In Transit,2025-10-30 09:57:33,Vehicle departed
EVT0003015,SHP001861,BR1763,EMP00612,Delivered,2025-09-26 20:58:07,Package scanned at hub
EVT0003016,SHP003111,BR0250,EMP03081,Out for Delivery,2025-02-28 08:30:27,Vehicle departed
EVT0003017,SHP002989,BR3862,EMP03922,Delivered,2025-02-25 13:52:19,Package scanned at hub
EVT0003018,SHP002830,BR1271,EMP04356,Arrived at Hub,2025-11-27 06:56:33,Vehicle departed
EVT0003019,SHP003806,BR3612,EMP03233,Delivered,2025-08-09 10:39:25,Shipment delivered
EVT0003020,SHP000916,BR1717,EMP04128,Booked,2025-08-28 14:35:33,Customer unavailable
EVT0003021,SHP003742,BR4046,EMP04498,Delayed,2025-11-09 11:06:08,Package scanned at hub
EVT0003022,SHP003488,BR3518,EMP00281,Arrived at Hub,2025-10-03 02:08:33,Vehicle departed
EVT0003023,SHP002656,BR3431,EMP02534,Arrived at Hub,2025-11-09 14:45:13,Package scanned at hub
EVT0003024,SHP004880,BR4685,EMP01760,In Transit,2025-04-12 18:49:39,Delivery agent assigned
EVT0003025,SHP001240,BR0469,EMP02464,Booked,2025-12-10 12:48:07,Delivery agent assigned
EVT0003026,SHP004789,BR1903,EMP04833,Out for Delivery,2025-04-24 11:18:11,Shipment delivered
EVT0003027,SHP003259,BR4085,EMP04497,Delivered,2025-09-15 12:23:35,Package reached destination hub
EVT0003028,SHP002646,BR4727,EMP04769,Booked,2025-12-18 06:17:10,Shipment processed successfully
EVT0003029,SHP004035,BR1849,EMP01236,Delivered,2025-07-25 10:37:51,Address verification required
EVT0003030,SHP003877,BR0275,EMP00554,Delayed,2025-09-22 09:20:50,Shipment processed successfully
EVT0003031,SHP003108,BR1943,EMP03434,Delivered,2025-07-25 08:37:57,Package scanned at hub
EVT0003032,SHP001412,BR3352,EMP02857,Out for Delivery,2025-04-14 19:03:32,Delivery agent assigned
EVT0003033,SHP002675,BR4587,EMP00033,Delivered,2025-01-16 17:38:53,Customer unavailable
EVT0003034,SHP003128,BR0778,EMP03334,Delayed,2025-03-25 03:22:46,Customer unavailable
EVT0003035,SHP002090,BR0036,EMP03675,Delayed,2025-07-28 14:11:45,Shipment delivered
EVT0003036,SHP001691,BR3443,EMP01777,Arrived at Hub,2025-11-09 23:08:39,Shipment delivered
EVT0003037,SHP004641,BR1179,EMP03555,Booked,2025-07-03 22:53:53,Shipment processed successfully
EVT0003038,SHP000793,BR2474,EMP04179,Arrived at Hub,2025-03-27 17:06:09,Delivery agent assigned
EVT0003039,SHP000498,BR1533,EMP00538,Delayed,2025-09-12 19:48:20,Package scanned at hub
EVT0003040,SHP003754,BR0188,EMP00466,Arrived at Hub,2025-08-22 09:04:39,Delivery agent assigned
EVT0003041,SHP003228,BR4848,EMP01936,Delivered,2025-07-02 19:01:56,Vehicle departed
EVT0003042,SHP003598,BR4938,EMP04372,In Transit,2025-10-30 10:34:01,Customer unavailable
EVT0003043,SHP001407,BR4816,EMP01823,Out for Delivery,2025-07-13 03:27:36,Customer unavailable
EVT0003044,SHP001299,BR1884,EMP00727,Out for Delivery,2025-11-24 17:56:28,Package reached destination hub
EVT0003045,SHP003742,BR2135,EMP00808,Out for Delivery,2025-04-04 17:53:11,Customer unavailable
EVT0003046,SHP003309,BR1207,EMP00915,Arrived at Hub,2025-02-27 12:05:31,Shipment delivered
EVT0003047,SHP004436,BR0007,EMP00946,Out for Delivery,2025-06-19 22:47:17,Package reached destination hub
EVT0003048,SHP001625,BR1595,EMP01127,Out for Delivery,2025-04-30 11:57:10,Package scanned at hub
EVT0003049,SHP003042,BR3911,EMP03532,Arrived at Hub,2025-06-23 17:43:31,Delivery agent assigned
EVT0003050,SHP004939,BR0584,EMP01936,Delivered,2025-07-10 06:47:01,Delivery agent assigned
EVT0003051,SHP000939,BR2808,EMP02255,Arrived at Hub,2025-03-31 11:21:07,Customer unavailable
EVT0003052,SHP003393,BR1050,EMP04972,Out for Delivery,2025-10-11 15:29:17,Package reached destination hub
EVT0003053,SHP003213,BR2064,EMP03826,In Transit,2025-02-08 21:57:29,Package reached destination hub
EVT0003054,SHP000402,BR2966,EMP00266,Booked,2025-05-13 00:39:35,Vehicle departed
EVT0003055,SHP002162,BR0317,EMP03654,Delivered,2025-01-17 11:12:40,Package scanned at hub
EVT0003056,SHP001760,BR3299,EMP01502,Booked,2025-07-06 07:37:52,Package scanned at hub
EVT0003057,SHP003788,BR0800,EMP04508,Delivered,2025-05-16 11:34:07,Shipment delivered
EVT0003058,SHP004469,BR3616,EMP01899,Out for Delivery,2025-09-26 19:05:07,Package scanned at hub
EVT0003059,SHP001875,BR4185,EMP04290,Picked Up,2025-01-10 13:38:47,Shipment delivered
EVT0003060,SHP004045,BR1235,EMP01456,Delayed,2025-01-13 03:48:31,Shipment processed successfully
EVT0003061,SHP003340,BR0060,EMP01289,Picked Up,2025-10-11 07:15:04,Customer unavailable
EVT0003062,SHP002435,BR0746,EMP03623,In Transit,2025-02-06 20:49:43,Package reached destination hub
EVT0003063,SHP000398,BR0966,EMP04194,Picked Up,2025-11-19 01:51:33,Shipment delivered
EVT0003064,SHP001168,BR3628,EMP03200,Delayed,2025-03-19 16:21:34,Address verification required
EVT0003065,SHP004647,BR1116,EMP01567,Delayed,2025-03-05 04:31:15,Shipment delivered
EVT0003066,SHP003339,BR4164,EMP04555,Arrived at Hub,2025-10-11 22:37:27,Shipment processed successfully
EVT0003067,SHP000435,BR4816,EMP02004,Out for Delivery,2025-03-23 14:27:26,Delivery agent assigned
EVT0003068,SHP001519,BR2370,EMP03316,In Transit,2025-07-02 21:54:20,Address verification required
EVT0003069,SHP003232,BR1890,EMP02547,Delivered,2025-04-15 06:42:18,Package scanned at hub
EVT0003070,SHP000213,BR2765,EMP00333,Out for Delivery,2025-09-25 10:17:07,Shipment delivered
EVT0003071,SHP001422,BR3607,EMP00130,Picked Up,2026-01-04 07:24:56,Delivery agent assigned
EVT0003072,SHP002620,BR0465,EMP00217,Delivered,2025-06-13 16:33:49,Package reached destination hub
EVT0003073,SHP001178,BR4033,EMP02967,Arrived at Hub,2025-09-27 22:00:32,Delivery agent assigned
EVT0003074,SHP000680,BR1737,EMP00975,Arrived at Hub,2025-10-11 15:38:20,Package reached destination hub
EVT0003075,SHP000410,BR2860,EMP02820,Booked,2025-01-23 15:24:42,Address verification required
EVT0003076,SHP002559,BR1816,EMP00937,Delayed,2025-04-26 09:51:55,Address verification required
EVT0003077,SHP003548,BR2263,EMP00186,Picked Up,2025-12-17 04:46:32,Package scanned at hub
EVT0003078,SHP002967,BR2633,EMP03263,Out for Delivery,2025-03-27 19:06:41,Package reached destination hub
EVT0003079,SHP001974,BR2449,EMP00511,Arrived at Hub,2025-05-10 00:24:52,Delivery agent assigned
EVT0003080,SHP000395,BR2845,EMP01212,Delivered,2025-10-27 08:48:03,Package scanned at hub
EVT0003081,SHP004619,BR2533,EMP01933,Booked,2025-03-10 11:17:58,Customer unavailable
EVT0003082,SHP000672,BR2487,EMP04715,Booked,2025-10-20 04:19:43,Shipment processed successfully
EVT0003083,SHP001797,BR1781,EMP03239,Delivered,2025-05-11 07:45:46,Vehicle departed
EVT0003084,SHP003663,BR1800,EMP04727,Out for Delivery,2025-12-22 12:34:05,Vehicle departed
EVT0003085,SHP001233,BR3147,EMP04888,In Transit,2025-06-18 15:06:23,Shipment processed successfully
EVT0003086,SHP003964,BR1530,EMP03587,Delivered,2025-01-10 17:25:59,Shipment delivered
EVT0003087,SHP000270,BR3002,EMP04983,Delivered,2025-02-25 15:21:27,Shipment processed successfully
EVT0003088,SHP002106,BR2827,EMP03575,Arrived at Hub,2025-02-09 02:36:11,Shipment delivered
EVT0003089,SHP000142,BR2243,EMP00720,Out for Delivery,2025-08-24 06:34:41,Shipment delivered
EVT0003090,SHP003321,BR0560,EMP01532,Booked,2025-06-26 06:28:36,Delivery agent assigned
EVT0003091,SHP001642,BR3938,EMP04066,Out for Delivery,2025-07-29 08:59:34,Shipment processed successfully
EVT0003092,SHP000383,BR3586,EMP02999,Delivered,2025-06-30 11:04:51,Package reached destination hub
EVT0003093,SHP000848,BR2460,EMP02247,In Transit,2025-07-31 13:57:40,Vehicle departed
EVT0003094,SHP003212,BR3092,EMP03772,Arrived at Hub,2025-05-18 05:11:47,Customer unavailable
EVT0003095,SHP004521,BR2007,EMP00090,Arrived at Hub,2025-06-17 14:59:43,Customer unavailable
EVT0003096,SHP001595,BR1291,EMP01627,Booked,2025-08-05 15:26:00,Vehicle departed
EVT0003097,SHP004539,BR3802,EMP02659,Picked Up,2025-07-14 09:06:07,Vehicle departed
EVT0003098,SHP002454,BR2549,EMP04218,Booked,2025-12-21 21:32:57,Package reached destination hub
EVT0003099,SHP002106,BR2994,EMP01013,Out for Delivery,2025-03-26 17:34:12,Shipment delivered
EVT0003100,SHP004198,BR0998,EMP04186,In Transit,2025-05-11 02:36:56,Vehicle departed
EVT0003101,SHP002763,BR0757,EMP01986,Arrived at Hub,2025-04-14 06:07:32,Address verification required
EVT0003102,SHP004223,BR2242,EMP02705,Delivered,2025-03-28 19:22:29,Address verification required
EVT0003103,SHP002440,BR4767,EMP02343,Returned,2025-03-15 10:31:42,Vehicle departed
EVT0003104,SHP002479,BR1341,EMP04445,Out for Delivery,2025-06-24 21:02:01,Address verification required
EVT0003105,SHP000106,BR4221,EMP03985,Booked,2025-06-20 14:17:30,Vehicle departed
EVT0003106,SHP003362,BR3734,EMP00359,In Transit,2025-07-18 23:35:31,Package scanned at hub
EVT0003107,SHP004775,BR0714,EMP03275,Arrived at Hub,2025-03-24 04:41:02,Vehicle departed
EVT0003108,SHP000567,BR2297,EMP03217,Delivered,2025-06-15 00:38:00,Package scanned at hub
EVT0003109,SHP004559,BR2790,EMP03594,Out for Delivery,2025-02-11 16:48:29,Customer unavailable
EVT0003110,SHP002589,BR1842,EMP04769,Returned,2025-01-24 11:50:03,Package scanned at hub
EVT0003111,SHP003007,BR4737,EMP03488,Out for Delivery,2025-01-07 19:25:10,Shipment delivered
EVT0003112,SHP004698,BR3783,EMP02861,Booked,2025-01-04 07:23:58,Delivery agent assigned
EVT0003113,SHP003684,BR4739,EMP04646,Out for Delivery,2025-07-15 22:23:03,Address verification required
EVT0003114,SHP000601,BR4203,EMP01598,Arrived at Hub,2025-09-14 13:56:21,Customer unavailable
EVT0003115,SHP001144,BR3017,EMP04709,Arrived at Hub,2025-06-09 09:54:18,Shipment delivered
EVT0003116,SHP001870,BR4374,EMP01780,In Transit,2025-07-11 05:47:56,Vehicle departed
EVT0003117,SHP003823,BR0563,EMP04552,Out for Delivery,2025-05-26 14:07:07,Address verification required
EVT0003118,SHP000465,BR0183,EMP03921,Delivered,2025-05-23 18:26:55,Delivery agent assigned
EVT0003119,SHP001146,BR4840,EMP01524,Arrived at Hub,2025-07-17 10:09:25,Shipment delivered
EVT0003120,SHP004657,BR2640,EMP02620,In Transit,2025-01-14 16:18:42,Address verification required
EVT0003121,SHP004764,BR3175,EMP01272,In Transit,2025-12-23 22:50:36,Shipment processed successfully
EVT0003122,SHP004646,BR4599,EMP04435,In Transit,2025-05-04 18:39:51,Address verification required
EVT0003123,SHP001988,BR4438,EMP01144,Booked,2025-01-25 07:05:32,Package reached destination hub
EVT0003124,SHP001929,BR3107,EMP02313,In Transit,2025-12-03 11:36:20,Vehicle departed
EVT0003125,SHP003691,BR1998,EMP04602,Arrived at Hub,2025-09-20 10:57:57,Delivery agent assigned
EVT0003126,SHP001383,BR3556,EMP04044,Picked Up,2025-10-09 07:33:41,Delivery agent assigned
EVT0003127,SHP001754,BR3353,EMP00929,Out for Delivery,2025-10-23 21:51:19,Shipment delivered
EVT0003128,SHP001505,BR4327,EMP04389,Out for Delivery,2025-08-19 02:09:57,Shipment processed successfully
EVT0003129,SHP003688,BR2171,EMP01878,Delivered,2025-11-02 19:32:32,Delivery agent assigned
EVT0003130,SHP004882,BR1957,EMP02982,Booked,2025-09-28 05:58:08,Shipment processed successfully
EVT0003131,SHP003652,BR4088,EMP01002,Arrived at Hub,2025-07-17 22:59:58,Shipment delivered
EVT0003132,SHP001777,BR4276,EMP02018,Out for Delivery,2025-06-15 21:10:58,Delivery agent assigned
EVT0003133,SHP004953,BR2438,EMP01334,Delivered,2025-03-05 16:41:45,Shipment delivered
EVT0003134,SHP001520,BR2388,EMP02701,Picked Up,2025-10-04 02:11:59,Shipment processed successfully
EVT0003135,SHP003609,BR3493,EMP00525,Arrived at Hub,2025-06-26 00:11:29,Shipment processed successfully
EVT0003136,SHP002873,BR0030,EMP03048,In Transit,2025-04-24 22:23:11,Delivery agent assigned
EVT0003137,SHP004577,BR2858,EMP04692,Picked Up,2025-10-30 10:22:48,Customer unavailable
EVT0003138,SHP003240,BR0759,EMP00237,Picked Up,2025-01-21 01:36:13,Customer unavailable
EVT0003139,SHP001375,BR0111,EMP03140,In Transit,2025-05-12 20:53:25,Vehicle departed
EVT0003140,SHP000842,BR3836,EMP04871,Arrived at Hub,2025-01-29 20:45:01,Package reached destination hub
EVT0003141,SHP002510,BR4175,EMP04411,Out for Delivery,2025-02-05 02:31:57,Shipment delivered
EVT0003142,SHP004790,BR3358,EMP03316,In Transit,2025-02-28 03:59:22,Shipment processed successfully
EVT0003143,SHP001903,BR3803,EMP02537,Delivered,2025-09-22 15:40:15,Shipment processed successfully
EVT0003144,SHP002340,BR2465,EMP04821,Delivered,2025-11-25 10:19:56,Delivery agent assigned
EVT0003145,SHP000669,BR2332,EMP00162,Returned,2025-03-23 04:38:59,Package reached destination hub
EVT0003146,SHP003804,BR0502,EMP01626,Booked,2025-12-22 10:26:27,Shipment processed successfully
EVT0003147,SHP002494,BR1551,EMP04999,In Transit,2025-05-02 20:42:39,Vehicle departed
EVT0003148,SHP004545,BR0306,EMP00824,In Transit,2025-01-31 14:41:17,Delivery agent assigned
EVT0003149,SHP002621,BR4713,EMP00175,Out for Delivery,2025-08-06 05:01:17,Customer unavailable
EVT0003150,SHP002288,BR3508,EMP01756,Picked Up,2025-05-31 07:12:28,Shipment delivered
EVT0003151,SHP003559,BR1782,EMP04203,Booked,2025-03-03 05:03:16,Delivery agent assigned
EVT0003152,SHP003824,BR4711,EMP03925,Delivered,2025-08-09 07:25:27,Package reached destination hub
EVT0003153,SHP003916,BR0711,EMP01764,Returned,2025-12-07 07:15:35,Shipment processed successfully
EVT0003154,SHP002314,BR2954,EMP00804,Arrived at Hub,2025-03-19 10:21:51,Package scanned at hub
EVT0003155,SHP002515,BR2819,EMP01730,Delivered,2025-10-08 03:01:21,Customer unavailable
EVT0003156,SHP000669,BR2918,EMP01822,In Transit,2025-09-16 05:21:29,Shipment delivered
EVT0003157,SHP001243,BR3978,EMP03091,Out for Delivery,2025-06-15 18:29:25,Address verification required
EVT0003158,SHP001409,BR4425,EMP02825,Arrived at Hub,2025-10-10 23:59:27,Vehicle departed
EVT0003159,SHP001327,BR2426,EMP01726,Out for Delivery,2025-06-28 18:39:46,Shipment delivered
EVT0003160,SHP000630,BR0856,EMP01615,Arrived at Hub,2025-04-17 20:36:51,Shipment processed successfully
EVT0003161,SHP003928,BR4745,EMP04246,Arrived at Hub,2025-06-20 19:21:12,Vehicle departed
EVT0003162,SHP000896,BR1586,EMP01913,Booked,2025-06-21 06:15:07,Shipment processed successfully
EVT0003163,SHP004591,BR0805,EMP00049,Picked Up,2025-05-04 19:42:32,Package scanned at hub
EVT0003164,SHP004449,BR4917,EMP03108,Arrived at Hub,2025-10-12 19:09:18,Package reached destination hub
EVT0003165,SHP003794,BR0796,EMP00353,Out for Delivery,2025-12-28 05:57:03,Package reached destination hub
EVT0003166,SHP000378,BR1210,EMP00794,Delivered,2025-09-02 00:54:36,Shipment delivered
EVT0003167,SHP004238,BR0119,EMP02501,Picked Up,2025-05-23 07:58:24,Package reached destination hub
EVT0003168,SHP004815,BR3928,EMP04606,Delivered,2025-03-11 18:56:48,Address verification required
EVT0003169,SHP003379,BR4481,EMP01415,In Transit,2025-02-10 07:13:47,Shipment processed successfully
EVT0003170,SHP000031,BR0413,EMP04085,Delivered,2025-08-12 20:35:18,Shipment processed successfully
EVT0003171,SHP003159,BR4740,EMP02827,Picked Up,2025-03-29 11:48:31,Vehicle departed
EVT0003172,SHP002396,BR2262,EMP01435,Out for Delivery,2025-02-02 22:20:34,Package reached destination hub
EVT0003173,SHP004126,BR2408,EMP01919,In Transit,2025-07-09 08:52:32,Package scanned at hub
EVT0003174,SHP003528,BR0011,EMP04634,Picked Up,2025-12-25 03:57:41,Address verification required
EVT0003175,SHP003885,BR3199,EMP04745,Booked,2025-05-15 18:20:46,Customer unavailable
EVT0003176,SHP000483,BR3186,EMP01623,Picked Up,2025-06-09 18:06:53,Shipment processed successfully
EVT0003177,SHP001086,BR1994,EMP02683,Out for Delivery,2025-12-29 04:36:56,Shipment processed successfully
EVT0003178,SHP002407,BR1971,EMP02166,Arrived at Hub,2025-12-12 20:29:48,Shipment processed successfully
EVT0003179,SHP000494,BR1454,EMP01130,Returned,2025-11-11 18:27:39,Shipment processed successfully
EVT0003180,SHP000971,BR0622,EMP00154,Out for Delivery,2025-05-11 16:02:57,Shipment processed successfully
EVT0003181,SHP000053,BR4264,EMP02511,Booked,2025-12-28 05:20:37,Address verification required
EVT0003182,SHP001914,BR4261,EMP02652,Picked Up,2025-10-19 18:22:41,Package reached destination hub
EVT0003183,SHP004684,BR4983,EMP01244,Delivered,2025-12-08 23:42:49,Vehicle departed
EVT0003184,SHP002766,BR3260,EMP03260,Arrived at Hub,2025-04-02 05:09:07,Vehicle departed
EVT0003185,SHP003924,BR3099,EMP04137,Delivered,2025-10-29 04:52:21,Shipment delivered
EVT0003186,SHP001442,BR2440,EMP04679,In Transit,2025-12-30 14:37:22,Address verification required
EVT0003187,SHP002298,BR1176,EMP03714,In Transit,2025-08-12 09:13:53,Vehicle departed
EVT0003188,SHP003544,BR2170,EMP01518,Booked,2025-12-06 20:12:21,Customer unavailable
EVT0003189,SHP003119,BR1294,EMP03603,Booked,2025-10-27 06:05:43,Shipment processed successfully
EVT0003190,SHP001701,BR3293,EMP03696,Booked,2025-04-01 05:12:51,Vehicle departed
EVT0003191,SHP003899,BR0498,EMP01008,Delivered,2025-11-05 00:30:17,Address verification required
EVT0003192,SHP000413,BR0461,EMP00582,Delivered,2025-03-27 06:10:00,Shipment delivered
EVT0003193,SHP001625,BR4171,EMP01257,In Transit,2025-05-31 03:46:14,Package scanned at hub
EVT0003194,SHP003930,BR3521,EMP01129,Arrived at Hub,2025-10-03 17:30:22,Shipment delivered
EVT0003195,SHP003695,BR2737,EMP00878,In Transit,2025-01-20 23:59:27,Package reached destination hub
EVT0003196,SHP002506,BR2952,EMP02890,In Transit,2025-07-12 18:11:03,Customer unavailable
EVT0003197,SHP004818,BR3380,EMP02218,Delivered,2025-02-07 11:41:27,Shipment delivered
EVT0003198,SHP004696,BR4534,EMP01641,Arrived at Hub,2025-07-11 00:10:00,Shipment delivered
EVT0003199,SHP002903,BR2392,EMP04867,Delayed,2025-10-20 12:20:37,Package reached destination hub
EVT0003200,SHP004336,BR0211,EMP04972,Booked,2025-11-02 01:52:57,Delivery agent assigned
EVT0003201,SHP003454,BR2225,EMP01791,Delivered,2025-01-15 20:24:58,Shipment delivered
EVT0003202,SHP000311,BR0693,EMP02021,Delivered,2025-09-27 11:36:22,Package reached destination hub
EVT0003203,SHP001737,BR0706,EMP00524,Picked Up,2025-01-31 21:13:21,Package reached destination hub
EVT0003204,SHP002451,BR4522,EMP03351,Booked,2025-12-12 19:59:10,Package reached destination hub
EVT0003205,SHP000581,BR1159,EMP02926,Arrived at Hub,2025-11-25 03:55:52,Customer unavailable
EVT0003206,SHP000880,BR1575,EMP01693,Booked,2025-09-13 08:24:43,Customer unavailable
EVT0003207,SHP003093,BR2603,EMP00825,Arrived at Hub,2025-08-29 18:23:54,Customer unavailable
EVT0003208,SHP002265,BR4155,EMP04572,Booked,2025-12-11 05:22:06,Shipment processed successfully
EVT0003209,SHP002007,BR4093,EMP02525,Arrived at Hub,2025-03-07 23:38:33,Address verification required
EVT0003210,SHP003834,BR3555,EMP03035,Arrived at Hub,2025-02-23 03:11:39,Shipment processed successfully
EVT0003211,SHP001448,BR3564,EMP02132,Booked,2025-04-12 11:57:00,Shipment delivered
EVT0003212,SHP002469,BR0608,EMP02402,In Transit,2025-03-04 20:05:38,Vehicle departed
EVT0003213,SHP004947,BR3017,EMP04916,Delivered,2025-10-01 17:20:19,Package reached destination hub
EVT0003214,SHP002402,BR4140,EMP03234,Delivered,2025-02-04 01:47:30,Package scanned at hub
EVT0003215,SHP004257,BR2242,EMP02447,Delivered,2025-01-11 06:57:45,Vehicle departed
EVT0003216,SHP003364,BR3854,EMP04777,In Transit,2025-07-15 17:34:38,Address verification required
EVT0003217,SHP001606,BR1921,EMP00632,Arrived at Hub,2025-12-23 02:32:17,Address verification required
EVT0003218,SHP002542,BR4761,EMP03291,Picked Up,2025-02-15 18:19:45,Shipment processed successfully
EVT0003219,SHP004268,BR0716,EMP02362,In Transit,2025-08-14 15:43:31,Address verification required
EVT0003220,SHP004393,BR4808,EMP02460,Picked Up,2025-12-02 07:10:26,Vehicle departed
EVT0003221,SHP001712,BR3541,EMP04599,Picked Up,2025-12-17 12:50:07,Package reached destination hub
EVT0003222,SHP004323,BR0376,EMP00278,Arrived at Hub,2025-04-10 11:04:05,Address verification required
EVT0003223,SHP004223,BR3123,EMP00417,Arrived at Hub,2025-04-11 05:05:44,Shipment processed successfully
EVT0003224,SHP001306,BR1332,EMP00753,Booked,2025-01-25 17:18:10,Delivery agent assigned
EVT0003225,SHP003118,BR2434,EMP01144,Delayed,2025-06-02 23:25:28,Package reached destination hub
EVT0003226,SHP002461,BR4948,EMP00732,Delivered,2025-09-13 16:23:25,Customer unavailable
EVT0003227,SHP004438,BR1857,EMP01601,In Transit,2025-11-10 07:34:25,Package reached destination hub
EVT0003228,SHP001084,BR1416,EMP00758,Picked Up,2025-02-14 00:59:43,Address verification required
EVT0003229,SHP000338,BR2319,EMP03154,Picked Up,2025-04-04 17:32:47,Address verification required
EVT0003230,SHP003820,BR0322,EMP00943,Out for Delivery,2025-08-10 20:52:34,Shipment processed successfully
EVT0003231,SHP001612,BR1852,EMP01054,Arrived at Hub,2025-03-05 22:41:13,Vehicle departed
EVT0003232,SHP003751,BR3453,EMP04225,Out for Delivery,2025-03-08 12:08:35,Shipment processed successfully
EVT0003233,SHP001075,BR1450,EMP03265,Delayed,2025-06-29 14:34:51,Package scanned at hub
EVT0003234,SHP005000,BR2655,EMP04818,Delivered,2025-09-12 19:50:02,Shipment processed successfully
EVT0003235,SHP003518,BR1852,EMP04971,Out for Delivery,2025-03-07 15:19:01,Vehicle departed
EVT0003236,SHP004968,BR0976,EMP04026,In Transit,2025-07-18 10:39:26,Shipment delivered
EVT0003237,SHP001859,BR2200,EMP04219,Picked Up,2025-01-09 18:34:37,Package scanned at hub
EVT0003238,SHP003194,BR1974,EMP03821,Delivered,2025-12-23 23:54:43,Shipment delivered
EVT0003239,SHP003799,BR0256,EMP00744,Picked Up,2025-10-14 04:49:41,Address verification required
EVT0003240,SHP003195,BR0758,EMP02882,Delivered,2025-08-21 11:31:12,Package scanned at hub
EVT0003241,SHP001259,BR3244,EMP01373,Picked Up,2025-12-19 05:21:35,Shipment delivered
EVT0003242,SHP004634,BR0751,EMP03949,Delivered,2025-05-10 18:44:57,Vehicle departed
EVT0003243,SHP001627,BR4600,EMP02490,Picked Up,2025-10-19 01:42:51,Vehicle departed
EVT0003244,SHP001521,BR0319,EMP04747,Arrived at Hub,2025-10-02 15:41:55,Vehicle departed
EVT0003245,SHP004937,BR1726,EMP04037,Booked,2025-11-25 08:27:27,Shipment processed successfully
EVT0003246,SHP000780,BR1064,EMP01547,Picked Up,2025-09-15 22:03:25,Shipment processed successfully
EVT0003247,SHP003668,BR0799,EMP05000,Booked,2025-10-30 21:12:17,Shipment processed successfully
EVT0003248,SHP003371,BR0977,EMP01168,Picked Up,2025-09-24 10:43:31,Shipment processed successfully
EVT0003249,SHP001246,BR2270,EMP02738,In Transit,2025-11-04 16:43:25,Vehicle departed
EVT0003250,SHP000303,BR3923,EMP01769,Delayed,2025-10-12 14:28:36,Address verification required
EVT0003251,SHP003701,BR3261,EMP04358,Booked,2025-08-24 07:23:21,Shipment processed successfully
EVT0003252,SHP002568,BR3200,EMP02058,Out for Delivery,2025-05-30 23:18:48,Address verification required
EVT0003253,SHP003465,BR4038,EMP00908,Delivered,2025-02-27 15:08:22,Shipment delivered
EVT0003254,SHP001862,BR2231,EMP03091,Arrived at Hub,2025-07-19 10:21:11,Address verification required
EVT0003255,SHP003830,BR4498,EMP00641,Out for Delivery,2025-07-11 04:22:45,Vehicle departed
EVT0003256,SHP004492,BR0149,EMP00737,Out for Delivery,2025-07-11 23:21:22,Shipment processed successfully
EVT0003257,SHP000779,BR2737,EMP02596,Delivered,2025-01-18 09:11:21,Shipment delivered
EVT0003258,SHP003143,BR0867,EMP03384,Arrived at Hub,2025-09-19 18:22:08,Package scanned at hub
EVT0003259,SHP004905,BR2311,EMP03341,Arrived at Hub,2025-02-03 05:15:05,Customer unavailable
EVT0003260,SHP000755,BR0607,EMP04243,In Transit,2025-05-22 10:06:50,Package reached destination hub
EVT0003261,SHP002446,BR4593,EMP01159,Booked,2025-12-02 05:59:40,Delivery agent assigned
EVT0003262,SHP002035,BR4444,EMP00853,Out for Delivery,2025-11-19 08:28:48,Shipment delivered
EVT0003263,SHP001114,BR3335,EMP00308,In Transit,2025-01-29 04:36:08,Customer unavailable
EVT0003264,SHP000952,BR2682,EMP04550,Picked Up,2025-11-17 19:47:37,Vehicle departed
EVT0003265,SHP002937,BR0321,EMP02125,Out for Delivery,2025-10-31 08:40:23,Shipment processed successfully
EVT0003266,SHP004113,BR1927,EMP02463,Arrived at Hub,2025-04-12 20:46:07,Shipment delivered
EVT0003267,SHP004551,BR4467,EMP01490,Arrived at Hub,2025-01-16 10:44:01,Delivery agent assigned
EVT0003268,SHP002896,BR2757,EMP01820,Returned,2025-02-15 13:27:48,Delivery agent assigned
EVT0003269,SHP001918,BR2225,EMP03646,In Transit,2025-01-10 04:48:22,Package reached destination hub
EVT0003270,SHP004168,BR4295,EMP02611,In Transit,2025-07-14 21:54:05,Shipment delivered
EVT0003271,SHP002465,BR0724,EMP00407,Booked,2025-03-17 20:41:23,Package reached destination hub
EVT0003272,SHP004855,BR1048,EMP03279,Picked Up,2025-07-15 02:16:50,Shipment processed successfully
EVT0003273,SHP004356,BR2197,EMP01654,Delivered,2025-07-21 07:28:38,Shipment processed successfully
EVT0003274,SHP001515,BR4664,EMP00796,Booked,2025-01-14 06:19:01,Customer unavailable
EVT0003275,SHP002184,BR2724,EMP02463,Out for Delivery,2025-08-21 06:39:36,Address verification required
EVT0003276,SHP001831,BR0405,EMP00994,Out for Delivery,2025-11-29 20:22:01,Address verification required
EVT0003277,SHP004740,BR0231,EMP00567,Out for Delivery,2025-12-22 10:58:18,Package scanned at hub
EVT0003278,SHP000039,BR1858,EMP00393,Delivered,2025-07-21 04:07:46,Shipment processed successfully
EVT0003279,SHP001056,BR3094,EMP04110,Arrived at Hub,2025-09-15 04:50:56,Customer unavailable
EVT0003280,SHP002914,BR2498,EMP04462,Out for Delivery,2025-02-05 15:43:29,Address verification required
EVT0003281,SHP000331,BR2289,EMP02605,Arrived at Hub,2025-10-31 07:06:45,Shipment processed successfully
EVT0003282,SHP002306,BR3787,EMP02821,Arrived at Hub,2025-08-06 04:11:15,Vehicle departed
EVT0003283,SHP004636,BR3064,EMP01176,Delivered,2025-07-18 14:06:28,Shipment processed successfully
EVT0003284,SHP003570,BR3868,EMP03595,Delivered,2025-04-15 07:21:59,Package reached destination hub
EVT0003285,SHP004031,BR4441,EMP02666,Booked,2025-06-08 18:45:38,Address verification required
EVT0003286,SHP002926,BR4517,EMP00804,Delivered,2026-01-02 07:01:03,Delivery agent assigned
EVT0003287,SHP004332,BR4783,EMP03984,Arrived at Hub,2025-05-26 08:54:43,Customer unavailable
EVT0003288,SHP000129,BR2179,EMP01841,Delivered,2025-08-17 00:35:50,Shipment processed successfully
EVT0003289,SHP001613,BR3437,EMP04260,Out for Delivery,2025-10-16 02:43:07,Delivery agent assigned
EVT0003290,SHP001463,BR3783,EMP00647,Delivered,2025-11-23 16:43:51,Vehicle departed
EVT0003291,SHP000015,BR2580,EMP04297,Picked Up,2025-12-12 07:03:59,Customer unavailable
EVT0003292,SHP000852,BR3174,EMP00038,Delivered,2025-05-26 00:11:48,Delivery agent assigned
EVT0003293,SHP000103,BR3826,EMP01580,In Transit,2025-12-05 00:26:46,Delivery agent assigned
EVT0003294,SHP002430,BR1062,EMP00276,Delayed,2025-08-25 17:06:25,Address verification required
EVT0003295,SHP000248,BR0246,EMP04556,Picked Up,2025-04-11 15:35:36,Delivery agent assigned
EVT0003296,SHP004607,BR3173,EMP04118,Booked,2025-05-04 16:54:10,Package scanned at hub
EVT0003297,SHP000067,BR2807,EMP00369,Out for Delivery,2025-07-30 02:43:42,Package scanned at hub
EVT0003298,SHP001652,BR1854,EMP02631,Booked,2025-01-15 15:32:03,Package reached destination hub
EVT0003299,SHP003374,BR2460,EMP01441,Out for Delivery,2025-08-26 07:56:40,Shipment processed successfully
EVT0003300,SHP004240,BR4793,EMP00545,Picked Up,2025-07-29 10:48:13,Package scanned at hub
EVT0003301,SHP000846,BR1734,EMP00372,Out for Delivery,2025-07-28 22:40:49,Shipment processed successfully
EVT0003302,SHP002923,BR3963,EMP04780,Delivered,2025-11-19 15:33:21,Vehicle departed
EVT0003303,SHP003845,BR3565,EMP03393,Booked,2025-08-20 05:20:57,Delivery agent assigned
EVT0003304,SHP002235,BR3484,EMP01811,Arrived at Hub,2025-01-07 19:59:09,Customer unavailable
EVT0003305,SHP002183,BR0673,EMP04699,In Transit,2025-11-21 19:55:21,Package reached destination hub
EVT0003306,SHP001270,BR2903,EMP01070,Out for Delivery,2025-07-29 10:59:52,Delivery agent assigned
EVT0003307,SHP001425,BR3160,EMP03729,Delivered,2025-04-15 08:09:06,Package reached destination hub
EVT0003308,SHP004414,BR0130,EMP02638,Out for Delivery,2025-07-22 19:12:17,Customer unavailable
EVT0003309,SHP001483,BR0194,EMP03720,Picked Up,2025-12-05 07:43:39,Package reached destination hub
EVT0003310,SHP000932,BR3935,EMP03920,Booked,2025-03-22 13:16:30,Customer unavailable
EVT0003311,SHP004906,BR0693,EMP04142,Delayed,2025-07-15 23:30:01,Shipment processed successfully
EVT0003312,SHP002040,BR2492,EMP01836,Arrived at Hub,2025-09-03 07:47:56,Shipment processed successfully
EVT0003313,SHP001112,BR4164,EMP03299,In Transit,2025-12-26 04:31:26,Vehicle departed
EVT0003314,SHP002557,BR0539,EMP02163,Arrived at Hub,2025-09-12 10:42:26,Delivery agent assigned
EVT0003315,SHP000782,BR3763,EMP04963,Arrived at Hub,2025-07-06 13:39:23,Vehicle departed
EVT0003316,SHP002820,BR0635,EMP01055,In Transit,2025-12-11 06:20:09,Shipment processed successfully
EVT0003317,SHP001573,BR1791,EMP04378,In Transit,2025-12-18 22:44:47,Shipment processed successfully
EVT0003318,SHP003887,BR4348,EMP01613,Returned,2025-01-19 05:00:43,Delivery agent assigned
EVT0003319,SHP001415,BR0505,EMP03554,In Transit,2025-09-04 02:01:43,Vehicle departed
EVT0003320,SHP002632,BR4772,EMP00153,In Transit,2025-06-04 03:51:48,Vehicle departed
EVT0003321,SHP003014,BR3538,EMP04933,Delivered,2025-08-24 12:31:11,Customer unavailable
EVT0003322,SHP004816,BR0913,EMP00710,Delayed,2025-06-25 14:36:06,Vehicle departed
EVT0003323,SHP004768,BR3385,EMP01501,Delivered,2025-11-23 14:13:16,Vehicle departed
EVT0003324,SHP003224,BR4947,EMP01273,Out for Delivery,2025-01-13 13:05:14,Shipment processed successfully
EVT0003325,SHP001343,BR4148,EMP00232,Picked Up,2025-02-18 14:42:21,Package scanned at hub
EVT0003326,SHP002936,BR3902,EMP04623,Delayed,2025-12-12 22:18:46,Customer unavailable
EVT0003327,SHP000192,BR2377,EMP00606,Delayed,2025-06-27 08:14:23,Shipment delivered
EVT0003328,SHP002734,BR0345,EMP02997,In Transit,2025-06-13 06:11:23,Package reached destination hub
EVT0003329,SHP004245,BR3897,EMP02317,Picked Up,2025-03-28 11:45:38,Package scanned at hub
EVT0003330,SHP004718,BR0367,EMP04988,Booked,2025-05-04 11:03:52,Package scanned at hub
EVT0003331,SHP000974,BR4144,EMP01677,Booked,2025-04-29 17:13:05,Delivery agent assigned
EVT0003332,SHP001221,BR3031,EMP04483,Out for Delivery,2025-10-10 01:07:14,Vehicle departed
EVT0003333,SHP004883,BR4563,EMP02508,Arrived at Hub,2025-03-15 03:09:45,Address verification required
EVT0003334,SHP003649,BR3678,EMP04434,Arrived at Hub,2025-10-15 13:31:24,Shipment delivered
EVT0003335,SHP004162,BR3929,EMP02518,Picked Up,2025-08-03 14:05:08,Shipment delivered
EVT0003336,SHP000721,BR2172,EMP01657,In Transit,2025-08-25 17:47:42,Customer unavailable
EVT0003337,SHP003873,BR4127,EMP02668,Returned,2025-05-06 10:54:42,Shipment delivered
EVT0003338,SHP001535,BR4602,EMP03160,Arrived at Hub,2026-01-06 13:03:52,Address verification required
EVT0003339,SHP000799,BR1072,EMP02380,In Transit,2025-09-28 01:03:10,Vehicle departed
EVT0003340,SHP001215,BR1142,EMP04907,Arrived at Hub,2025-12-02 13:07:46,Package scanned at hub
EVT0003341,SHP000459,BR4547,EMP01757,Picked Up,2025-01-10 11:13:43,Package scanned at hub
EVT0003342,SHP003230,BR3091,EMP00011,In Transit,2025-04-02 23:58:16,Shipment processed successfully
EVT0003343,SHP004075,BR4988,EMP02513,Picked Up,2025-03-15 18:25:11,Shipment processed successfully
EVT0003344,SHP000715,BR0861,EMP00759,In Transit,2025-05-18 10:09:10,Customer unavailable
EVT0003345,SHP000507,BR0729,EMP01544,Arrived at Hub,2025-03-08 10:48:59,Package reached destination hub
EVT0003346,SHP001883,BR1893,EMP04242,In Transit,2025-11-26 12:19:31,Customer unavailable
EVT0003347,SHP004548,BR2452,EMP02710,Delivered,2025-06-14 11:07:16,Vehicle departed
EVT0003348,SHP001464,BR0621,EMP01960,Picked Up,2025-03-25 06:23:06,Package scanned at hub
EVT0003349,SHP001201,BR3269,EMP04253,Delivered,2025-03-09 09:54:57,Package reached destination hub
EVT0003350,SHP003441,BR0139,EMP02325,Out for Delivery,2025-01-15 12:38:46,Shipment delivered
EVT0003351,SHP002768,BR1592,EMP04892,Delivered,2025-07-30 07:59:31,Package reached destination hub
EVT0003352,SHP004246,BR1572,EMP04169,Returned,2025-02-01 03:18:01,Delivery agent assigned
EVT0003353,SHP004095,BR0237,EMP03194,Picked Up,2025-05-04 13:11:15,Vehicle departed
EVT0003354,SHP002117,BR4260,EMP01963,Delayed,2025-02-22 21:12:40,Vehicle departed
EVT0003355,SHP000165,BR4296,EMP04309,Out for Delivery,2025-07-25 04:29:41,Delivery agent assigned
EVT0003356,SHP002858,BR1667,EMP02589,In Transit,2025-08-19 00:26:06,Shipment processed successfully
EVT0003357,SHP002057,BR4317,EMP03525,Out for Delivery,2025-03-08 04:10:48,Vehicle departed
EVT0003358,SHP004417,BR2753,EMP04286,In Transit,2025-07-09 20:31:09,Package scanned at hub
EVT0003359,SHP002294,BR0217,EMP00004,Delayed,2025-09-27 09:22:21,Delivery agent assigned
EVT0003360,SHP001664,BR2710,EMP02262,Picked Up,2025-10-04 17:49:39,Delivery agent assigned
EVT0003361,SHP002928,BR2483,EMP04793,Arrived at Hub,2025-02-03 12:45:40,Shipment delivered
EVT0003362,SHP004833,BR0545,EMP01971,Out for Delivery,2025-06-02 08:53:57,Package reached destination hub
EVT0003363,SHP001994,BR2593,EMP01612,Delivered,2025-02-14 09:32:29,Package reached destination hub
EVT0003364,SHP004617,BR2150,EMP03739,Out for Delivery,2025-05-06 22:15:27,Delivery agent assigned
EVT0003365,SHP003767,BR0287,EMP00616,In Transit,2025-06-19 23:18:43,Shipment delivered
EVT0003366,SHP001399,BR0148,EMP04071,Picked Up,2025-09-07 16:28:57,Package reached destination hub
EVT0003367,SHP001021,BR2453,EMP01479,Out for Delivery,2025-03-30 04:25:37,Vehicle departed
EVT0003368,SHP000580,BR3215,EMP00620,In Transit,2025-12-25 14:15:55,Delivery agent assigned
EVT0003369,SHP001978,BR1511,EMP01750,In Transit,2025-11-10 14:23:35,Shipment delivered
EVT0003370,SHP002092,BR3873,EMP04755,In Transit,2025-05-26 06:51:40,Customer unavailable
EVT0003371,SHP004902,BR0626,EMP00267,Picked Up,2025-04-21 22:35:43,Customer unavailable
EVT0003372,SHP002510,BR0061,EMP04063,In Transit,2025-10-21 05:39:09,Package reached destination hub
EVT0003373,SHP002891,BR0406,EMP01831,Out for Delivery,2025-07-30 00:48:27,Package scanned at hub
EVT0003374,SHP003968,BR3570,EMP01871,In Transit,2025-05-15 12:26:11,Shipment processed successfully
EVT0003375,SHP000465,BR1847,EMP01871,Delivered,2025-07-23 16:57:54,Vehicle departed
EVT0003376,SHP002629,BR3476,EMP00559,Picked Up,2025-03-27 20:24:50,Shipment delivered
EVT0003377,SHP002723,BR0281,EMP02683,In Transit,2025-01-02 21:25:11,Package reached destination hub
EVT0003378,SHP004431,BR0295,EMP03869,In Transit,2025-05-08 17:13:39,Shipment processed successfully
EVT0003379,SHP003939,BR0491,EMP03158,Delivered,2025-06-06 23:30:02,Shipment processed successfully
EVT0003380,SHP000558,BR3511,EMP03960,In Transit,2025-06-06 19:14:51,Address verification required
EVT0003381,SHP002610,BR2488,EMP01467,Delivered,2025-03-13 03:27:33,Shipment processed successfully
EVT0003382,SHP001490,BR1652,EMP02179,Booked,2025-02-08 08:25:21,Package reached destination hub
EVT0003383,SHP002450,BR1580,EMP03296,Booked,2025-09-30 02:04:40,Customer unavailable
EVT0003384,SHP001548,BR1819,EMP02612,In Transit,2025-04-16 07:25:56,Customer unavailable
EVT0003385,SHP001581,BR2099,EMP02663,Out for Delivery,2025-02-27 18:31:48,Shipment delivered
EVT0003386,SHP000941,BR4846,EMP01843,In Transit,2025-02-09 08:51:24,Customer unavailable
EVT0003387,SHP000921,BR0859,EMP01650,In Transit,2025-10-12 22:19:01,Shipment processed successfully
EVT0003388,SHP004795,BR2793,EMP01984,Delayed,2025-04-13 17:37:19,Package scanned at hub
EVT0003389,SHP001784,BR2211,EMP03342,Returned,2025-10-31 19:52:06,Customer unavailable
EVT0003390,SHP004083,BR1851,EMP02005,Arrived at Hub,2025-04-15 12:37:57,Package reached destination hub
EVT0003391,SHP001113,BR0752,EMP04333,Out for Delivery,2025-11-02 06:42:46,Vehicle departed
EVT0003392,SHP000884,BR3891,EMP00591,Arrived at Hub,2025-05-09 20:19:23,Package reached destination hub
EVT0003393,SHP001228,BR0222,EMP02750,Picked Up,2025-05-01 17:21:26,Shipment processed successfully
EVT0003394,SHP004811,BR2820,EMP04045,In Transit,2025-03-12 18:49:09,Shipment processed successfully
EVT0003395,SHP003582,BR2977,EMP04676,Arrived at Hub,2025-10-26 05:46:20,Shipment processed successfully
EVT0003396,SHP001645,BR1562,EMP01045,Picked Up,2025-06-23 06:32:52,Shipment delivered
EVT0003397,SHP002691,BR2329,EMP03984,Booked,2025-09-16 03:35:26,Delivery agent assigned
EVT0003398,SHP003003,BR4590,EMP00236,Arrived at Hub,2025-06-28 00:30:18,Customer unavailable
EVT0003399,SHP000412,BR2261,EMP00052,Booked,2025-04-16 08:49:40,Shipment delivered
EVT0003400,SHP001080,BR0077,EMP00908,Out for Delivery,2025-05-08 20:04:39,Customer unavailable
EVT0003401,SHP003189,BR0876,EMP02383,Arrived at Hub,2025-11-29 19:13:54,Delivery agent assigned
EVT0003402,SHP001237,BR2093,EMP02190,In Transit,2025-03-10 13:20:57,Shipment delivered
EVT0003403,SHP000565,BR0411,EMP04221,Picked Up,2025-06-01 18:02:48,Address verification required
EVT0003404,SHP004762,BR4183,EMP00513,In Transit,2025-09-04 03:23:26,Shipment processed successfully
EVT0003405,SHP002228,BR2787,EMP02806,In Transit,2025-11-14 23:13:23,Delivery agent assigned
EVT0003406,SHP002397,BR4065,EMP02865,Delivered,2025-04-25 19:47:44,Address verification required
EVT0003407,SHP000898,BR4214,EMP04895,Delivered,2025-12-14 14:22:22,Package reached destination hub
EVT0003408,SHP001946,BR4855,EMP04783,Booked,2025-02-12 05:31:55,Delivery agent assigned
EVT0003409,SHP002252,BR2125,EMP00679,In Transit,2025-07-21 04:22:37,Delivery agent assigned
EVT0003410,SHP001246,BR3626,EMP02274,Delivered,2025-05-29 04:45:36,Shipment delivered
EVT0003411,SHP001818,BR1236,EMP00826,Delivered,2025-07-09 01:45:00,Address verification required
EVT0003412,SHP000470,BR3464,EMP00181,Arrived at Hub,2025-04-18 19:05:31,Package reached destination hub
EVT0003413,SHP003844,BR4483,EMP03213,Picked Up,2025-07-02 01:53:39,Delivery agent assigned
EVT0003414,SHP002991,BR1337,EMP00365,In Transit,2025-02-24 02:54:21,Address verification required
EVT0003415,SHP004737,BR0525,EMP00674,Arrived at Hub,2025-10-13 03:03:27,Shipment processed successfully
EVT0003416,SHP003222,BR1061,EMP00575,Out for Delivery,2025-08-18 15:33:28,Package reached destination hub
EVT0003417,SHP001093,BR4972,EMP04002,Arrived at Hub,2025-04-07 12:05:18,Package scanned at hub
EVT0003418,SHP003869,BR0952,EMP04961,Booked,2025-05-16 05:26:45,Vehicle departed
EVT0003419,SHP000898,BR0352,EMP01353,In Transit,2025-09-29 23:27:54,Shipment delivered
EVT0003420,SHP000162,BR0769,EMP01373,Delivered,2025-11-21 04:12:01,Shipment delivered
EVT0003421,SHP003949,BR1255,EMP04107,Delivered,2025-03-16 09:14:15,Vehicle departed
EVT0003422,SHP003683,BR2417,EMP04267,Picked Up,2025-06-20 10:19:12,Package scanned at hub
EVT0003423,SHP004445,BR1282,EMP02551,Out for Delivery,2025-03-04 15:21:58,Package scanned at hub
EVT0003424,SHP000915,BR3879,EMP03518,Delivered,2025-12-23 10:06:48,Customer unavailable
EVT0003425,SHP001977,BR1103,EMP04219,Picked Up,2025-03-19 03:36:36,Package reached destination hub
EVT0003426,SHP002821,BR2103,EMP03607,Arrived at Hub,2025-08-18 23:35:16,Shipment processed successfully
EVT0003427,SHP002966,BR1353,EMP03507,In Transit,2025-07-19 07:49:57,Package reached destination hub
EVT0003428,SHP001125,BR4950,EMP03575,Picked Up,2025-12-15 13:13:13,Shipment delivered
EVT0003429,SHP000012,BR1813,EMP01080,Arrived at Hub,2025-07-27 23:00:07,Delivery agent assigned
EVT0003430,SHP001423,BR4543,EMP03309,Booked,2025-11-06 22:46:44,Customer unavailable
EVT0003431,SHP001303,BR2821,EMP02828,Picked Up,2025-03-06 00:39:06,Package reached destination hub
EVT0003432,SHP001509,BR3892,EMP01292,Picked Up,2025-09-13 11:55:05,Vehicle departed
EVT0003433,SHP000938,BR0687,EMP03929,In Transit,2025-06-21 20:29:43,Delivery agent assigned
EVT0003434,SHP000956,BR0223,EMP02566,Arrived at Hub,2025-09-17 02:00:43,Package scanned at hub
EVT0003435,SHP001601,BR0111,EMP00951,Booked,2025-10-27 03:02:26,Delivery agent assigned
EVT0003436,SHP004966,BR1026,EMP02167,Out for Delivery,2025-05-31 13:46:30,Address verification required
EVT0003437,SHP001727,BR4973,EMP03704,Booked,2025-04-30 15:35:41,Address verification required
EVT0003438,SHP000715,BR2749,EMP02784,Booked,2025-01-24 16:09:23,Package reached destination hub
EVT0003439,SHP000400,BR4948,EMP02874,In Transit,2025-09-29 13:00:53,Package reached destination hub
EVT0003440,SHP001199,BR2256,EMP03276,In Transit,2025-04-23 00:49:35,Package scanned at hub
EVT0003441,SHP004187,BR2341,EMP02480,Out for Delivery,2025-04-05 00:26:12,Customer unavailable
EVT0003442,SHP003148,BR3494,EMP02895,Picked Up,2025-11-24 03:51:04,Shipment processed successfully
EVT0003443,SHP003111,BR1309,EMP02127,In Transit,2025-07-08 06:01:59,Package scanned at hub
EVT0003444,SHP003873,BR2539,EMP00609,In Transit,2025-05-05 02:24:55,Package scanned at hub
EVT0003445,SHP000628,BR1898,EMP01226,Delivered,2025-05-02 03:24:41,Package scanned at hub
EVT0003446,SHP004398,BR0195,EMP00926,Picked Up,2025-03-07 08:20:28,Address verification required
EVT0003447,SHP004902,BR4495,EMP01374,Arrived at Hub,2025-05-13 08:36:06,Customer unavailable
EVT0003448,SHP000156,BR0706,EMP00780,Out for Delivery,2025-02-10 21:45:41,Customer unavailable
EVT0003449,SHP002077,BR1141,EMP02902,Picked Up,2025-04-29 20:12:09,Address verification required
EVT0003450,SHP001197,BR0966,EMP00074,Arrived at Hub,2025-01-08 11:22:22,Address verification required
EVT0003451,SHP003126,BR2475,EMP02659,Picked Up,2025-03-21 01:08:04,Vehicle departed
EVT0003452,SHP000630,BR2276,EMP00615,Booked,2025-04-04 08:48:34,Shipment processed successfully
EVT0003453,SHP004394,BR0869,EMP04786,Delivered,2025-10-12 02:09:27,Address verification required
EVT0003454,SHP004071,BR2833,EMP00988,Out for Delivery,2025-05-18 04:59:13,Delivery agent assigned
EVT0003455,SHP002401,BR2504,EMP03359,Booked,2025-03-18 13:33:15,Package scanned at hub
EVT0003456,SHP003887,BR4152,EMP01919,Picked Up,2025-02-16 22:33:39,Package scanned at hub
EVT0003457,SHP004726,BR0762,EMP01348,Booked,2025-02-06 19:45:26,Address verification required
EVT0003458,SHP003006,BR2020,EMP01810,Arrived at Hub,2025-02-26 00:13:41,Customer unavailable
EVT0003459,SHP004524,BR3451,EMP02577,In Transit,2025-06-21 02:57:56,Shipment processed successfully
EVT0003460,SHP003158,BR1390,EMP00040,Booked,2025-10-22 18:22:23,Customer unavailable
EVT0003461,SHP000360,BR1420,EMP00774,Picked Up,2025-10-31 15:46:20,Package reached destination hub
EVT0003462,SHP001533,BR4216,EMP03985,Arrived at Hub,2025-02-18 21:40:14,Shipment processed successfully
EVT0003463,SHP002792,BR2748,EMP03476,Arrived at Hub,2025-06-27 11:23:25,Customer unavailable
EVT0003464,SHP000537,BR3525,EMP02359,Arrived at Hub,2025-07-01 16:37:40,Shipment delivered
EVT0003465,SHP003008,BR2357,EMP01578,Arrived at Hub,2025-01-11 17:25:08,Shipment delivered
EVT0003466,SHP003131,BR2880,EMP04403,Out for Delivery,2025-01-19 04:18:15,Customer unavailable
EVT0003467,SHP003968,BR4401,EMP01135,Arrived at Hub,2025-06-26 14:24:28,Package reached destination hub
EVT0003468,SHP002457,BR1303,EMP02478,Delivered,2025-12-02 22:47:27,Address verification required
EVT0003469,SHP003662,BR0645,EMP01742,Out for Delivery,2025-08-13 20:53:41,Address verification required
EVT0003470,SHP002729,BR1978,EMP01647,Returned,2025-07-21 18:03:34,Shipment processed successfully
EVT0003471,SHP004608,BR4775,EMP00984,Delivered,2025-11-02 00:56:57,Shipment processed successfully
EVT0003472,SHP002642,BR0813,EMP00854,In Transit,2025-07-10 10:40:10,Package reached destination hub
EVT0003473,SHP004579,BR3912,EMP04043,Picked Up,2025-08-06 03:34:33,Shipment delivered
EVT0003474,SHP000757,BR0988,EMP01545,Picked Up,2025-07-03 07:57:42,Vehicle departed
EVT0003475,SHP004556,BR0677,EMP03937,Booked,2025-05-05 04:05:46,Customer unavailable
EVT0003476,SHP003306,BR4688,EMP00235,Picked Up,2025-04-12 08:47:08,Shipment delivered
EVT0003477,SHP000850,BR3362,EMP00317,Out for Delivery,2025-06-20 16:04:42,Package reached destination hub
EVT0003478,SHP004006,BR4218,EMP03747,Picked Up,2025-02-12 21:58:23,Customer unavailable
EVT0003479,SHP000537,BR1858,EMP04065,Picked Up,2025-09-11 21:29:33,Vehicle departed
EVT0003480,SHP001752,BR0593,EMP00383,Out for Delivery,2025-10-11 21:38:45,Shipment delivered
EVT0003481,SHP001919,BR0590,EMP00628,In Transit,2025-05-08 01:28:58,Customer unavailable
EVT0003482,SHP000937,BR4638,EMP00170,Booked,2025-05-27 10:34:06,Address verification required
EVT0003483,SHP002986,BR2600,EMP00704,Booked,2025-04-21 14:02:07,Address verification required
EVT0003484,SHP004431,BR3895,EMP04222,Returned,2025-05-15 21:09:38,Vehicle departed
EVT0003485,SHP004625,BR0373,EMP02911,Out for Delivery,2025-10-03 23:19:43,Address verification required
EVT0003486,SHP002004,BR1040,EMP04825,Delivered,2025-12-10 00:40:27,Vehicle departed
EVT0003487,SHP002472,BR4362,EMP00272,In Transit,2025-07-04 01:23:53,Shipment delivered
EVT0003488,SHP001509,BR0598,EMP03836,In Transit,2025-07-20 01:25:30,Package reached destination hub
EVT0003489,SHP002215,BR2467,EMP03823,In Transit,2025-09-18 10:23:56,Address verification required
EVT0003490,SHP000606,BR1668,EMP04163,Arrived at Hub,2025-02-01 00:30:43,Vehicle departed
EVT0003491,SHP001450,BR4150,EMP01140,Delivered,2025-06-12 04:53:55,Vehicle departed
EVT0003492,SHP000109,BR3329,EMP04460,In Transit,2025-04-30 15:45:45,Vehicle departed
EVT0003493,SHP003098,BR4338,EMP00132,Arrived at Hub,2025-12-28 20:42:22,Delivery agent assigned
EVT0003494,SHP003781,BR3244,EMP04099,In Transit,2025-07-25 22:35:58,Shipment delivered
EVT0003495,SHP001183,BR4071,EMP00790,In Transit,2025-10-19 22:44:06,Shipment processed successfully
EVT0003496,SHP002835,BR4650,EMP02277,In Transit,2025-02-13 13:57:39,Package scanned at hub
EVT0003497,SHP001800,BR3846,EMP00683,Out for Delivery,2025-02-26 04:19:59,Customer unavailable
EVT0003498,SHP004048,BR1828,EMP02158,In Transit,2025-12-29 14:49:36,Delivery agent assigned
EVT0003499,SHP004528,BR2657,EMP01945,Delivered,2025-06-26 18:33:53,Package reached destination hub
EVT0003500,SHP002577,BR3737,EMP03562,Picked Up,2025-09-25 09:08:41,Shipment delivered
EVT0003501,SHP003238,BR4459,EMP02344,Delivered,2025-07-21 16:17:37,Shipment delivered
EVT0003502,SHP001937,BR4028,EMP04015,Out for Delivery,2025-08-24 23:50:40,Address verification required
EVT0003503,SHP003908,BR0931,EMP00657,In Transit,2025-02-18 10:37:56,Customer unavailable
EVT0003504,SHP000094,BR2754,EMP03557,Booked,2025-05-23 06:04:58,Shipment processed successfully
EVT0003505,SHP004608,BR4935,EMP01930,Picked Up,2025-03-12 01:53:48,Delivery agent assigned
EVT0003506,SHP004616,BR4140,EMP00448,Picked Up,2025-01-17 06:17:34,Delivery agent assigned
EVT0003507,SHP000687,BR2003,EMP03268,Picked Up,2025-08-29 07:13:19,Customer unavailable
EVT0003508,SHP003785,BR4020,EMP01799,Booked,2025-03-21 15:54:50,Shipment delivered
EVT0003509,SHP001485,BR4959,EMP00235,In Transit,2025-07-02 19:49:52,Vehicle departed
EVT0003510,SHP001228,BR0419,EMP02106,In Transit,2025-11-08 19:14:11,Delivery agent assigned
EVT0003511,SHP003498,BR1200,EMP04590,In Transit,2025-09-07 19:42:43,Address verification required
EVT0003512,SHP000607,BR2478,EMP02118,Arrived at Hub,2025-10-31 17:16:13,Shipment delivered
EVT0003513,SHP001173,BR1049,EMP04072,Delivered,2025-11-28 08:49:38,Delivery agent assigned
EVT0003514,SHP000526,BR4194,EMP02193,Arrived at Hub,2025-12-24 18:14:49,Package reached destination hub
EVT0003515,SHP003787,BR0865,EMP01904,Booked,2025-12-12 08:41:38,Vehicle departed
EVT0003516,SHP001177,BR1370,EMP04217,Picked Up,2025-04-28 20:02:21,Shipment delivered
EVT0003517,SHP000962,BR3175,EMP02559,Arrived at Hub,2025-03-23 22:46:57,Vehicle departed
EVT0003518,SHP002399,BR1210,EMP04183,Delivered,2025-09-16 03:16:28,Shipment delivered
EVT0003519,SHP002283,BR1484,EMP04010,Arrived at Hub,2025-02-23 04:31:32,Package scanned at hub
EVT0003520,SHP000605,BR0100,EMP04306,Picked Up,2025-04-03 01:10:14,Delivery agent assigned
EVT0003521,SHP000171,BR0016,EMP02244,In Transit,2025-07-23 07:24:45,Package scanned at hub
EVT0003522,SHP000161,BR0172,EMP03981,Delivered,2025-12-06 20:51:45,Delivery agent assigned
EVT0003523,SHP001041,BR4337,EMP02255,Arrived at Hub,2025-04-22 21:25:51,Shipment delivered
EVT0003524,SHP000264,BR2352,EMP01810,Arrived at Hub,2025-09-22 03:24:59,Package scanned at hub
EVT0003525,SHP001225,BR0740,EMP02969,Delayed,2025-08-14 10:19:01,Package reached destination hub
EVT0003526,SHP003250,BR0242,EMP00441,Arrived at Hub,2025-09-07 02:12:49,Package reached destination hub
EVT0003527,SHP000435,BR0379,EMP04745,Picked Up,2025-03-22 16:44:01,Delivery agent assigned
EVT0003528,SHP001750,BR1758,EMP01850,Delivered,2025-05-16 23:33:58,Shipment processed successfully
EVT0003529,SHP004792,BR0056,EMP03307,Delivered,2025-06-04 07:09:34,Shipment processed successfully
EVT0003530,SHP001874,BR4560,EMP01056,Picked Up,2025-01-27 14:15:57,Package scanned at hub
EVT0003531,SHP004218,BR1090,EMP04326,In Transit,2025-03-05 02:28:07,Package scanned at hub
EVT0003532,SHP000269,BR0746,EMP04208,In Transit,2025-06-18 19:42:09,Customer unavailable
EVT0003533,SHP002908,BR1038,EMP02286,In Transit,2025-10-02 01:40:33,Vehicle departed
EVT0003534,SHP004938,BR0592,EMP03901,In Transit,2025-01-15 02:07:39,Vehicle departed
EVT0003535,SHP001868,BR0647,EMP03587,In Transit,2025-12-17 04:44:00,Shipment delivered
EVT0003536,SHP001622,BR0160,EMP04720,Delivered,2025-05-05 04:49:16,Shipment delivered
EVT0003537,SHP002986,BR0168,EMP02488,Booked,2025-02-24 19:58:55,Vehicle departed
EVT0003538,SHP004089,BR1985,EMP03811,Returned,2025-07-20 10:28:57,Delivery agent assigned
EVT0003539,SHP004340,BR3457,EMP01457,In Transit,2025-04-23 01:37:16,Package scanned at hub
EVT0003540,SHP002343,BR4460,EMP00737,Arrived at Hub,2025-03-22 23:01:40,Shipment delivered
EVT0003541,SHP000192,BR4060,EMP00986,Arrived at Hub,2025-03-30 05:25:48,Shipment processed successfully
EVT0003542,SHP001071,BR3042,EMP00021,Out for Delivery,2025-04-27 20:01:23,Shipment delivered
EVT0003543,SHP004939,BR4301,EMP00963,Out for Delivery,2025-09-01 05:36:01,Vehicle departed
EVT0003544,SHP000281,BR1842,EMP03049,Out for Delivery,2025-07-17 07:53:51,Delivery agent assigned
EVT0003545,SHP004509,BR1562,EMP03358,Out for Delivery,2025-12-27 07:25:55,Customer unavailable
EVT0003546,SHP001858,BR3668,EMP02009,In Transit,2025-11-18 07:32:28,Package reached destination hub
EVT0003547,SHP002317,BR1411,EMP00331,Out for Delivery,2025-03-23 03:57:30,Shipment processed successfully
EVT0003548,SHP003286,BR3059,EMP00315,Booked,2025-07-12 18:29:28,Vehicle departed
EVT0003549,SHP000849,BR0223,EMP03645,Delivered,2025-10-07 03:03:26,Package reached destination hub
EVT0003550,SHP004334,BR0772,EMP01063,Booked,2025-11-25 12:54:47,Package reached destination hub
EVT0003551,SHP004623,BR4037,EMP00745,Booked,2025-10-09 03:56:00,Vehicle departed
EVT0003552,SHP001575,BR4506,EMP03030,Delivered,2025-10-12 13:35:43,Package reached destination hub
EVT0003553,SHP002164,BR4497,EMP01628,Arrived at Hub,2025-08-19 13:45:12,Vehicle departed
EVT0003554,SHP001388,BR0572,EMP03488,In Transit,2025-02-19 04:23:15,Vehicle departed
EVT0003555,SHP000149,BR3662,EMP01095,Arrived at Hub,2025-02-24 08:43:30,Delivery agent assigned
EVT0003556,SHP001336,BR4945,EMP02291,Picked Up,2025-07-25 06:46:39,Delivery agent assigned
EVT0003557,SHP003330,BR4054,EMP01831,Out for Delivery,2025-04-23 12:13:25,Package scanned at hub
EVT0003558,SHP002479,BR0703,EMP00197,Booked,2025-08-24 18:57:57,Delivery agent assigned
EVT0003559,SHP002757,BR3275,EMP04059,Out for Delivery,2025-05-08 08:17:28,Shipment processed successfully
EVT0003560,SHP004164,BR2023,EMP01544,Delayed,2025-10-02 22:14:19,Package scanned at hub
EVT0003561,SHP003688,BR2253,EMP01116,In Transit,2025-09-24 17:57:36,Address verification required
EVT0003562,SHP002221,BR0101,EMP03287,Arrived at Hub,2025-03-20 18:35:17,Delivery agent assigned
EVT0003563,SHP001882,BR0526,EMP02383,In Transit,2025-11-15 02:34:28,Package reached destination hub
EVT0003564,SHP004604,BR0579,EMP03264,In Transit,2025-08-14 14:14:55,Vehicle departed
EVT0003565,SHP001554,BR0943,EMP03808,Delayed,2025-10-21 06:34:18,Customer unavailable
EVT0003566,SHP004834,BR0737,EMP00147,Out for Delivery,2025-12-15 22:09:05,Delivery agent assigned
EVT0003567,SHP000480,BR2772,EMP04255,In Transit,2025-11-05 13:44:15,Customer unavailable
EVT0003568,SHP003733,BR0639,EMP00283,Booked,2025-06-12 08:43:48,Shipment processed successfully
EVT0003569,SHP002679,BR4698,EMP02886,Delivered,2025-11-03 02:00:18,Package scanned at hub
EVT0003570,SHP001375,BR4551,EMP00216,Delivered,2025-06-11 21:36:18,Package reached destination hub
EVT0003571,SHP000166,BR0623,EMP00270,Arrived at Hub,2025-12-24 20:30:37,Shipment delivered
EVT0003572,SHP000444,BR0909,EMP03144,Booked,2025-06-07 18:30:52,Shipment delivered
EVT0003573,SHP003951,BR4030,EMP00998,Picked Up,2025-02-24 09:08:10,Delivery agent assigned
EVT0003574,SHP003343,BR4819,EMP00729,Delivered,2025-05-01 18:19:59,Shipment processed successfully
EVT0003575,SHP001315,BR3784,EMP01115,Delivered,2025-08-02 16:16:29,Shipment delivered
EVT0003576,SHP003411,BR2236,EMP00316,Picked Up,2025-01-19 08:00:48,Delivery agent assigned
EVT0003577,SHP003281,BR4152,EMP02508,In Transit,2025-01-08 07:22:42,Package reached destination hub
EVT0003578,SHP002268,BR4276,EMP01743,Out for Delivery,2026-01-04 00:11:23,Customer unavailable
EVT0003579,SHP002871,BR4198,EMP02279,Arrived at Hub,2025-06-29 17:41:18,Package scanned at hub
EVT0003580,SHP003825,BR0070,EMP02033,In Transit,2025-01-31 14:06:15,Vehicle departed
EVT0003581,SHP000427,BR2463,EMP03444,Picked Up,2025-10-18 14:05:20,Package scanned at hub
EVT0003582,SHP000937,BR4447,EMP00807,Delivered,2025-06-01 19:53:26,Package scanned at hub
EVT0003583,SHP003317,BR0495,EMP01426,Delivered,2025-06-27 03:43:33,Delivery agent assigned
EVT0003584,SHP003578,BR3316,EMP04376,Out for Delivery,2025-05-07 18:53:14,Delivery agent assigned
EVT0003585,SHP003146,BR0722,EMP00916,In Transit,2025-06-18 23:08:28,Shipment delivered
EVT0003586,SHP004313,BR2466,EMP04458,Out for Delivery,2025-12-17 02:00:20,Address verification required
EVT0003587,SHP003479,BR2429,EMP02513,Delayed,2025-10-20 07:19:06,Shipment processed successfully
EVT0003588,SHP003234,BR3571,EMP04417,In Transit,2025-08-08 14:49:35,Package scanned at hub
EVT0003589,SHP004560,BR0254,EMP01089,Arrived at Hub,2025-09-06 08:37:54,Package reached destination hub
EVT0003590,SHP001491,BR4565,EMP04333,In Transit,2025-06-01 15:35:05,Package scanned at hub
EVT0003591,SHP000431,BR0591,EMP00987,In Transit,2025-07-06 08:21:06,Customer unavailable
EVT0003592,SHP002408,BR0055,EMP01369,Picked Up,2025-11-11 10:18:02,Customer unavailable
EVT0003593,SHP001587,BR0504,EMP00936,Picked Up,2025-10-27 05:32:41,Vehicle departed
EVT0003594,SHP003936,BR1491,EMP00542,In Transit,2025-04-26 10:47:15,Vehicle departed
EVT0003595,SHP000494,BR4784,EMP02750,Picked Up,2025-07-04 01:14:50,Shipment processed successfully
EVT0003596,SHP003724,BR1241,EMP00642,Out for Delivery,2025-03-03 19:48:57,Shipment processed successfully
EVT0003597,SHP002724,BR4806,EMP03423,Delivered,2025-01-27 04:01:19,Customer unavailable
EVT0003598,SHP000865,BR2885,EMP02232,In Transit,2025-03-07 22:29:57,Shipment processed successfully
EVT0003599,SHP001011,BR4749,EMP03334,Delayed,2025-03-26 18:41:44,Package reached destination hub
EVT0003600,SHP004091,BR4672,EMP01981,Out for Delivery,2025-05-03 06:35:34,Customer unavailable
EVT0003601,SHP001960,BR0593,EMP01251,Delivered,2025-04-02 22:52:36,Shipment delivered
EVT0003602,SHP002261,BR4779,EMP00702,Out for Delivery,2025-05-02 08:28:31,Package reached destination hub
EVT0003603,SHP003187,BR0252,EMP00630,Booked,2025-03-17 12:20:24,Customer unavailable
EVT0003604,SHP000153,BR4944,EMP03619,Arrived at Hub,2025-06-10 14:51:34,Shipment processed successfully
EVT0003605,SHP000971,BR1833,EMP00378,Arrived at Hub,2025-06-08 16:39:16,Shipment delivered
EVT0003606,SHP003506,BR1252,EMP00133,Booked,2025-03-10 22:13:43,Package reached destination hub
EVT0003607,SHP000941,BR4835,EMP03218,Delivered,2025-08-13 10:24:25,Vehicle departed
EVT0003608,SHP004766,BR0411,EMP01593,Out for Delivery,2025-01-08 05:46:38,Vehicle departed
EVT0003609,SHP001290,BR4831,EMP04526,Arrived at Hub,2025-06-18 21:10:53,Customer unavailable
EVT0003610,SHP002300,BR4048,EMP02953,In Transit,2025-05-10 14:39:01,Customer unavailable
EVT0003611,SHP004235,BR1208,EMP03873,Delivered,2025-07-23 10:26:16,Shipment delivered
EVT0003612,SHP004955,BR1659,EMP03700,Arrived at Hub,2025-04-02 21:45:45,Shipment processed successfully
EVT0003613,SHP004756,BR2930,EMP02764,In Transit,2025-02-08 15:05:33,Delivery agent assigned
EVT0003614,SHP001428,BR0203,EMP00519,Returned,2025-07-08 02:20:25,Package scanned at hub
EVT0003615,SHP004370,BR4351,EMP01746,Picked Up,2025-01-18 11:02:35,Shipment delivered
EVT0003616,SHP002254,BR0266,EMP02648,Out for Delivery,2025-04-05 09:28:40,Delivery agent assigned
EVT0003617,SHP000943,BR3016,EMP03863,Out for Delivery,2025-11-27 08:58:10,Package scanned at hub
EVT0003618,SHP004106,BR4378,EMP00424,In Transit,2025-09-15 12:29:41,Delivery agent assigned
EVT0003619,SHP000076,BR1246,EMP04434,Booked,2025-04-21 05:01:04,Customer unavailable
EVT0003620,SHP003118,BR1553,EMP00686,In Transit,2025-12-18 19:41:31,Customer unavailable
EVT0003621,SHP004475,BR3865,EMP00067,Booked,2025-11-27 12:32:00,Customer unavailable
EVT0003622,SHP000685,BR2096,EMP01945,In Transit,2025-09-09 03:27:51,Vehicle departed
EVT0003623,SHP004145,BR4501,EMP03957,Out for Delivery,2025-11-15 22:31:27,Address verification required
EVT0003624,SHP004797,BR3894,EMP03597,Arrived at Hub,2025-10-31 15:21:08,Delivery agent assigned
EVT0003625,SHP003289,BR4456,EMP04041,Delivered,2025-07-31 11:20:02,Vehicle departed
EVT0003626,SHP001763,BR4666,EMP00991,Delivered,2025-11-04 09:12:59,Customer unavailable
EVT0003627,SHP001182,BR2365,EMP01982,Booked,2025-11-10 08:54:24,Vehicle departed
EVT0003628,SHP002512,BR2578,EMP04844,Picked Up,2025-12-03 20:18:46,Customer unavailable
EVT0003629,SHP002005,BR2015,EMP04076,In Transit,2025-09-28 05:20:32,Shipment processed successfully
EVT0003630,SHP000444,BR1083,EMP00662,In Transit,2025-08-02 22:13:30,Customer unavailable
EVT0003631,SHP001624,BR4665,EMP01090,Booked,2025-06-18 17:33:05,Address verification required
EVT0003632,SHP002990,BR4956,EMP00379,Picked Up,2025-10-26 13:21:38,Delivery agent assigned
EVT0003633,SHP004006,BR2573,EMP00313,In Transit,2025-01-27 11:39:44,Shipment processed successfully
EVT0003634,SHP000011,BR4427,EMP00465,Out for Delivery,2025-08-04 03:18:07,Address verification required
EVT0003635,SHP000332,BR1241,EMP01588,Out for Delivery,2025-02-13 09:17:02,Shipment delivered
EVT0003636,SHP000374,BR0592,EMP04143,Arrived at Hub,2025-02-25 14:50:02,Package reached destination hub
EVT0003637,SHP001580,BR0820,EMP01670,Delivered,2025-04-10 22:25:43,Customer unavailable
EVT0003638,SHP001371,BR1299,EMP02930,In Transit,2025-11-29 05:46:40,Vehicle departed
EVT0003639,SHP004450,BR4917,EMP00789,Picked Up,2025-07-25 19:55:10,Package scanned at hub
EVT0003640,SHP003394,BR3720,EMP04293,In Transit,2025-07-28 12:37:17,Customer unavailable
EVT0003641,SHP004992,BR4708,EMP04617,Arrived at Hub,2025-07-02 02:27:05,Shipment delivered
EVT0003642,SHP000264,BR2999,EMP00477,Picked Up,2025-10-23 08:47:34,Shipment processed successfully
EVT0003643,SHP003802,BR4153,EMP03929,Delivered,2025-06-07 00:51:42,Customer unavailable
EVT0003644,SHP002564,BR2472,EMP04024,Delivered,2025-02-23 22:38:00,Shipment processed successfully
EVT0003645,SHP004712,BR2356,EMP01862,Out for Delivery,2025-04-05 21:10:10,Shipment processed successfully
EVT0003646,SHP002862,BR0528,EMP00487,Booked,2025-08-24 01:40:57,Customer unavailable
EVT0003647,SHP001969,BR3316,EMP00158,In Transit,2025-09-24 05:40:35,Customer unavailable
EVT0003648,SHP003392,BR1200,EMP04757,Out for Delivery,2025-01-24 10:49:04,Customer unavailable
EVT0003649,SHP002201,BR1803,EMP03580,Out for Delivery,2025-12-22 23:10:57,Vehicle departed
EVT0003650,SHP002653,BR3081,EMP01395,Delivered,2025-06-22 07:41:06,Customer unavailable
EVT0003651,SHP002980,BR0736,EMP03459,Arrived at Hub,2025-03-22 09:38:07,Shipment delivered
EVT0003652,SHP003153,BR4786,EMP02333,Booked,2025-11-18 22:29:51,Delivery agent assigned
EVT0003653,SHP003535,BR4843,EMP01140,Delivered,2025-04-25 15:55:02,Package scanned at hub
EVT0003654,SHP001408,BR2385,EMP03756,Delivered,2025-09-28 17:00:30,Shipment processed successfully
EVT0003655,SHP002029,BR1959,EMP01661,Picked Up,2025-05-29 10:53:19,Address verification required
EVT0003656,SHP000478,BR1520,EMP02690,Arrived at Hub,2025-11-10 01:31:35,Shipment processed successfully
EVT0003657,SHP002769,BR2125,EMP03300,In Transit,2025-10-14 19:32:21,Vehicle departed
EVT0003658,SHP000798,BR4453,EMP04756,Booked,2025-03-05 10:01:09,Package reached destination hub
EVT0003659,SHP001599,BR0067,EMP01823,In Transit,2025-01-11 01:55:43,Customer unavailable
EVT0003660,SHP004200,BR1681,EMP01177,Arrived at Hub,2025-07-12 07:18:15,Address verification required
EVT0003661,SHP002548,BR1500,EMP02824,Booked,2025-05-02 05:22:17,Customer unavailable
EVT0003662,SHP003918,BR4041,EMP00967,Delayed,2025-12-29 17:59:14,Address verification required
EVT0003663,SHP004993,BR2642,EMP02282,Out for Delivery,2025-11-21 17:21:25,Shipment processed successfully
EVT0003664,SHP002189,BR2916,EMP01735,Delivered,2025-07-09 14:15:18,Address verification required
EVT0003665,SHP001630,BR4245,EMP04543,In Transit,2025-02-19 07:24:48,Customer unavailable
EVT0003666,SHP004024,BR0297,EMP04736,Out for Delivery,2025-02-28 22:48:28,Shipment processed successfully
EVT0003667,SHP002978,BR4862,EMP00992,Picked Up,2025-04-23 22:45:22,Shipment delivered
EVT0003668,SHP003253,BR4148,EMP04894,In Transit,2025-10-03 01:11:21,Customer unavailable
EVT0003669,SHP002712,BR2456,EMP03782,Picked Up,2025-03-09 13:15:16,Vehicle departed
EVT0003670,SHP001282,BR2016,EMP01155,Out for Delivery,2025-11-15 13:26:21,Shipment delivered
EVT0003671,SHP004700,BR4344,EMP02077,Out for Delivery,2025-05-14 20:48:37,Package reached destination hub
EVT0003672,SHP003637,BR2189,EMP02580,In Transit,2025-05-31 00:28:41,Vehicle departed
EVT0003673,SHP003902,BR1175,EMP01617,Arrived at Hub,2025-06-13 10:57:30,Vehicle departed
EVT0003674,SHP002139,BR1755,EMP02520,Picked Up,2025-09-16 13:03:15,Vehicle departed
EVT0003675,SHP004453,BR4973,EMP01713,Out for Delivery,2025-07-28 19:25:54,Shipment delivered
EVT0003676,SHP001418,BR3052,EMP00216,Delayed,2025-03-11 02:50:46,Package reached destination hub
EVT0003677,SHP003728,BR2713,EMP04775,In Transit,2025-06-11 10:43:56,Delivery agent assigned
EVT0003678,SHP000101,BR2542,EMP01641,Delayed,2025-09-18 22:19:38,Delivery agent assigned
EVT0003679,SHP003060,BR0965,EMP01280,Delivered,2025-05-28 00:28:58,Address verification required
EVT0003680,SHP002387,BR0942,EMP04998,Delivered,2025-11-18 15:57:34,Delivery agent assigned
EVT0003681,SHP000530,BR0199,EMP01303,Delivered,2025-09-14 20:51:07,Delivery agent assigned
EVT0003682,SHP003183,BR1459,EMP01570,Booked,2025-12-11 05:12:37,Shipment delivered
EVT0003683,SHP000638,BR4177,EMP02654,Delayed,2025-02-02 02:50:22,Package scanned at hub
EVT0003684,SHP004527,BR2916,EMP01705,Delivered,2025-05-31 11:49:53,Customer unavailable
EVT0003685,SHP002306,BR1123,EMP00100,Booked,2025-02-19 15:42:33,Package scanned at hub
EVT0003686,SHP000789,BR3613,EMP02439,Picked Up,2025-04-13 02:19:44,Package reached destination hub
EVT0003687,SHP003980,BR2423,EMP02917,Arrived at Hub,2025-06-07 17:44:43,Delivery agent assigned
EVT0003688,SHP000167,BR3444,EMP03549,Out for Delivery,2025-05-30 00:53:01,Shipment processed successfully
EVT0003689,SHP004170,BR3258,EMP01469,Out for Delivery,2025-10-16 09:55:58,Address verification required
EVT0003690,SHP004478,BR0388,EMP02825,In Transit,2025-07-10 09:53:54,Delivery agent assigned
EVT0003691,SHP001515,BR3342,EMP00661,Out for Delivery,2025-05-15 10:45:41,Delivery agent assigned
EVT0003692,SHP001327,BR3007,EMP04337,Arrived at Hub,2025-02-23 01:09:22,Package reached destination hub
EVT0003693,SHP002277,BR4539,EMP03157,Delivered,2025-03-28 07:20:15,Delivery agent assigned
EVT0003694,SHP002812,BR1177,EMP00876,Booked,2025-08-10 13:58:37,Shipment processed successfully
EVT0003695,SHP004066,BR3353,EMP02807,Arrived at Hub,2025-08-02 21:51:29,Delivery agent assigned
EVT0003696,SHP004282,BR2524,EMP03414,In Transit,2025-03-13 05:11:19,Shipment delivered
EVT0003697,SHP000765,BR1219,EMP00942,In Transit,2025-07-22 15:36:39,Package reached destination hub
EVT0003698,SHP004480,BR1302,EMP01078,Arrived at Hub,2025-06-02 20:46:24,Package reached destination hub
EVT0003699,SHP002173,BR0220,EMP01471,In Transit,2025-03-31 01:11:40,Package scanned at hub
EVT0003700,SHP002246,BR0898,EMP02573,In Transit,2025-02-08 02:28:16,Package reached destination hub
EVT0003701,SHP000626,BR4805,EMP04835,In Transit,2025-08-19 20:26:32,Delivery agent assigned
EVT0003702,SHP003129,BR4113,EMP03065,Arrived at Hub,2025-02-16 15:13:28,Address verification required
EVT0003703,SHP003353,BR0333,EMP01977,Delayed,2025-08-26 12:45:20,Vehicle departed
EVT0003704,SHP002715,BR2393,EMP03215,Delivered,2025-08-08 01:30:39,Shipment delivered
EVT0003705,SHP001764,BR1279,EMP02602,In Transit,2025-07-22 05:29:23,Shipment processed successfully
EVT0003706,SHP000141,BR1663,EMP00799,Arrived at Hub,2025-12-03 13:03:18,Package reached destination hub
EVT0003707,SHP002390,BR2886,EMP02919,Arrived at Hub,2025-04-03 00:49:25,Package reached destination hub
EVT0003708,SHP004789,BR0729,EMP00399,Picked Up,2025-11-02 14:58:41,Delivery agent assigned
EVT0003709,SHP000796,BR4669,EMP03569,Picked Up,2025-10-15 04:24:07,Customer unavailable
EVT0003710,SHP000110,BR2573,EMP01119,Delivered,2025-04-06 22:53:15,Package scanned at hub
EVT0003711,SHP003175,BR2798,EMP01289,Arrived at Hub,2025-05-20 23:46:17,Vehicle departed
EVT0003712,SHP001618,BR0727,EMP04943,Picked Up,2025-01-21 17:37:42,Package reached destination hub
EVT0003713,SHP004842,BR1915,EMP02395,Arrived at Hub,2025-04-24 16:10:35,Customer unavailable
EVT0003714,SHP002666,BR3853,EMP02049,Out for Delivery,2025-05-17 00:06:45,Package reached destination hub
EVT0003715,SHP000497,BR3782,EMP02545,Picked Up,2026-01-04 18:31:49,Shipment processed successfully
EVT0003716,SHP000725,BR4663,EMP03202,In Transit,2025-05-15 10:11:42,Customer unavailable
EVT0003717,SHP004602,BR1321,EMP03877,In Transit,2025-02-24 14:51:52,Address verification required
EVT0003718,SHP002250,BR4493,EMP03565,Delivered,2025-07-14 13:30:53,Package scanned at hub
EVT0003719,SHP002854,BR4564,EMP00084,Booked,2025-07-29 07:39:43,Package scanned at hub
EVT0003720,SHP001310,BR0459,EMP04317,Arrived at Hub,2025-02-18 18:33:38,Delivery agent assigned
EVT0003721,SHP001921,BR2273,EMP04060,Out for Delivery,2025-10-24 10:57:51,Package reached destination hub
EVT0003722,SHP004011,BR0517,EMP00689,Delivered,2025-10-13 13:02:53,Package reached destination hub
EVT0003723,SHP001714,BR0639,EMP03937,Delivered,2025-01-02 11:32:47,Shipment processed successfully
EVT0003724,SHP003677,BR1211,EMP00413,Arrived at Hub,2025-05-29 07:42:42,Shipment delivered
EVT0003725,SHP002674,BR1272,EMP01544,Booked,2025-10-15 02:21:14,Package reached destination hub
EVT0003726,SHP002037,BR1253,EMP02021,Booked,2025-07-31 23:17:58,Shipment delivered
EVT0003727,SHP003053,BR1229,EMP01472,In Transit,2025-08-04 21:58:54,Package scanned at hub
EVT0003728,SHP002146,BR2060,EMP00426,In Transit,2025-07-14 08:22:20,Package scanned at hub
EVT0003729,SHP000419,BR0158,EMP04050,Arrived at Hub,2025-03-16 00:59:55,Customer unavailable
EVT0003730,SHP001992,BR3856,EMP01165,In Transit,2025-05-12 11:29:29,Shipment processed successfully
EVT0003731,SHP000597,BR0923,EMP03172,Out for Delivery,2025-12-14 16:26:57,Package scanned at hub
EVT0003732,SHP000898,BR1342,EMP03449,In Transit,2025-11-08 02:46:42,Shipment processed successfully
EVT0003733,SHP002045,BR1522,EMP00522,Booked,2025-07-19 07:37:37,Package reached destination hub
EVT0003734,SHP004528,BR0758,EMP02352,Arrived at Hub,2025-05-25 21:22:35,Delivery agent assigned
EVT0003735,SHP002535,BR4743,EMP03111,Out for Delivery,2025-03-17 14:07:15,Vehicle departed
EVT0003736,SHP003880,BR3804,EMP01068,Arrived at Hub,2025-01-12 16:23:28,Delivery agent assigned
EVT0003737,SHP003537,BR1199,EMP02076,Booked,2025-10-18 12:52:57,Package scanned at hub
EVT0003738,SHP004384,BR3934,EMP00765,In Transit,2025-04-15 17:13:36,Shipment delivered
EVT0003739,SHP000037,BR4742,EMP01213,In Transit,2025-05-21 08:39:24,Shipment processed successfully
EVT0003740,SHP004628,BR0333,EMP02339,In Transit,2025-10-04 23:20:20,Vehicle departed
EVT0003741,SHP003451,BR0069,EMP04883,In Transit,2025-01-24 15:06:48,Customer unavailable
EVT0003742,SHP003377,BR0109,EMP04575,Arrived at Hub,2025-12-14 02:34:00,Vehicle departed
EVT0003743,SHP001179,BR0060,EMP04302,In Transit,2025-04-20 16:00:11,Delivery agent assigned
EVT0003744,SHP000797,BR1476,EMP00928,Picked Up,2025-09-29 09:29:34,Shipment delivered
EVT0003745,SHP004853,BR0121,EMP00401,Arrived at Hub,2025-09-02 11:43:51,Customer unavailable
EVT0003746,SHP003140,BR1861,EMP04055,Arrived at Hub,2025-07-08 15:49:23,Package reached destination hub
EVT0003747,SHP000887,BR2282,EMP04474,Arrived at Hub,2025-08-08 12:57:30,Vehicle departed
EVT0003748,SHP004887,BR1371,EMP03182,In Transit,2025-06-29 01:51:58,Shipment processed successfully
EVT0003749,SHP001760,BR3254,EMP02982,Delivered,2025-09-06 05:55:40,Customer unavailable
EVT0003750,SHP002328,BR2524,EMP02181,Out for Delivery,2025-07-24 11:26:22,Delivery agent assigned
EVT0003751,SHP004539,BR3744,EMP03312,Booked,2025-06-03 01:31:54,Shipment processed successfully
EVT0003752,SHP002808,BR1681,EMP04577,In Transit,2025-08-12 08:11:30,Delivery agent assigned
EVT0003753,SHP000399,BR1307,EMP00644,Delivered,2025-03-29 06:26:30,Shipment processed successfully
EVT0003754,SHP000492,BR1212,EMP02095,Delayed,2025-07-14 09:55:57,Shipment delivered
EVT0003755,SHP003591,BR1265,EMP02095,Out for Delivery,2025-05-14 11:04:25,Delivery agent assigned
EVT0003756,SHP000037,BR3576,EMP02858,In Transit,2025-07-08 15:21:14,Package scanned at hub
EVT0003757,SHP002925,BR1852,EMP03602,In Transit,2025-09-18 14:51:24,Vehicle departed
EVT0003758,SHP003994,BR4008,EMP02860,Delivered,2025-05-05 02:15:55,Address verification required
EVT0003759,SHP001410,BR0989,EMP02499,Delivered,2025-12-28 10:08:47,Package reached destination hub
EVT0003760,SHP001440,BR2940,EMP00460,In Transit,2025-12-30 19:54:58,Vehicle departed
EVT0003761,SHP001635,BR1597,EMP01119,Arrived at Hub,2025-06-11 17:37:05,Package reached destination hub
EVT0003762,SHP000354,BR0299,EMP04079,Delayed,2025-09-09 20:23:03,Address verification required
EVT0003763,SHP000851,BR1893,EMP01455,Arrived at Hub,2025-03-30 03:49:08,Package scanned at hub
EVT0003764,SHP004252,BR1319,EMP03093,Arrived at Hub,2025-12-23 01:55:08,Vehicle departed
EVT0003765,SHP001370,BR2215,EMP01148,Delivered,2025-05-22 18:09:57,Package reached destination hub
EVT0003766,SHP003974,BR2245,EMP03502,Booked,2025-08-02 02:14:44,Shipment processed successfully
EVT0003767,SHP001607,BR3574,EMP02591,In Transit,2025-08-30 14:53:26,Package scanned at hub
EVT0003768,SHP001996,BR0051,EMP04568,In Transit,2025-03-17 17:20:17,Vehicle departed
EVT0003769,SHP003869,BR1314,EMP02041,Delivered,2025-11-24 03:52:17,Delivery agent assigned
EVT0003770,SHP004240,BR3323,EMP00454,Out for Delivery,2025-04-30 07:37:10,Package scanned at hub
EVT0003771,SHP004168,BR1360,EMP03726,Picked Up,2025-07-25 22:06:29,Shipment delivered
EVT0003772,SHP003168,BR1098,EMP04081,Arrived at Hub,2025-10-08 06:47:51,Package reached destination hub
EVT0003773,SHP003883,BR0022,EMP01741,Out for Delivery,2025-09-18 11:25:44,Address verification required
EVT0003774,SHP001587,BR3679,EMP00969,Arrived at Hub,2025-05-25 20:09:57,Address verification required
EVT0003775,SHP001607,BR3854,EMP03126,Out for Delivery,2025-08-02 20:04:42,Delivery agent assigned
EVT0003776,SHP004296,BR4884,EMP00142,Booked,2026-01-03 21:27:43,Customer unavailable
EVT0003777,SHP000110,BR4947,EMP02629,Picked Up,2025-09-22 20:15:36,Vehicle departed
EVT0003778,SHP000713,BR3505,EMP04953,Out for Delivery,2025-04-09 09:54:20,Package reached destination hub
EVT0003779,SHP000008,BR0994,EMP02749,Booked,2025-12-11 14:44:54,Shipment delivered
EVT0003780,SHP001479,BR2554,EMP02987,Delayed,2025-12-23 15:16:58,Shipment processed successfully
EVT0003781,SHP001102,BR0074,EMP02447,Delivered,2025-06-15 09:33:59,Vehicle departed
EVT0003782,SHP000324,BR1271,EMP04306,In Transit,2025-08-15 01:14:32,Shipment delivered
EVT0003783,SHP001074,BR4382,EMP04722,Arrived at Hub,2025-09-23 22:52:14,Shipment delivered
EVT0003784,SHP001173,BR1101,EMP00824,Out for Delivery,2025-12-15 21:31:16,Delivery agent assigned
EVT0003785,SHP001347,BR4974,EMP03932,In Transit,2025-03-03 11:22:10,Shipment processed successfully
EVT0003786,SHP002094,BR2259,EMP04268,Out for Delivery,2026-01-02 06:55:33,Vehicle departed
EVT0003787,SHP002258,BR1471,EMP01888,In Transit,2025-08-19 19:17:16,Package scanned at hub
EVT0003788,SHP001464,BR1945,EMP00690,Booked,2025-04-25 13:19:59,Package scanned at hub
EVT0003789,SHP002823,BR3256,EMP00111,Delivered,2025-05-15 09:15:22,Package scanned at hub
EVT0003790,SHP003442,BR0173,EMP03258,Arrived at Hub,2025-10-28 23:45:12,Vehicle departed
EVT0003791,SHP001635,BR3081,EMP03120,Arrived at Hub,2025-09-26 17:01:31,Shipment delivered
EVT0003792,SHP000147,BR4752,EMP00833,Arrived at Hub,2025-01-03 00:03:48,Package scanned at hub
EVT0003793,SHP003901,BR0021,EMP02850,Arrived at Hub,2025-10-22 09:48:22,Address verification required
EVT0003794,SHP004653,BR2520,EMP00126,Picked Up,2025-10-09 02:11:25,Customer unavailable
EVT0003795,SHP002210,BR1799,EMP04325,Arrived at Hub,2025-01-22 14:20:48,Shipment delivered
EVT0003796,SHP004721,BR2045,EMP03996,Arrived at Hub,2025-10-23 15:13:50,Vehicle departed
EVT0003797,SHP001434,BR0917,EMP04265,Picked Up,2025-09-21 04:59:46,Package reached destination hub
EVT0003798,SHP002940,BR3109,EMP01357,In Transit,2025-04-19 14:19:54,Package scanned at hub
EVT0003799,SHP002705,BR0318,EMP03356,Picked Up,2025-06-20 16:42:00,Package reached destination hub
EVT0003800,SHP001850,BR0852,EMP02131,Picked Up,2025-11-07 15:05:30,Package reached destination hub
EVT0003801,SHP004251,BR0429,EMP01636,Out for Delivery,2025-05-14 21:48:32,Delivery agent assigned
EVT0003802,SHP004925,BR3623,EMP03303,Delayed,2025-04-02 12:49:25,Shipment delivered
EVT0003803,SHP004279,BR2862,EMP01376,In Transit,2026-01-02 21:57:03,Package reached destination hub
EVT0003804,SHP002983,BR1968,EMP01366,Arrived at Hub,2025-08-25 20:10:26,Customer unavailable
EVT0003805,SHP001198,BR0319,EMP02204,Delivered,2025-06-27 02:09:24,Shipment delivered
EVT0003806,SHP004953,BR4214,EMP00603,In Transit,2025-06-15 14:49:00,Package reached destination hub
EVT0003807,SHP004136,BR0485,EMP05000,In Transit,2025-03-11 22:05:49,Address verification required
EVT0003808,SHP000823,BR4815,EMP02202,In Transit,2025-12-11 15:08:09,Shipment processed successfully
EVT0003809,SHP000950,BR0587,EMP02516,Returned,2026-01-04 04:45:14,Customer unavailable
EVT0003810,SHP000871,BR0800,EMP03184,Delivered,2025-09-12 17:07:24,Package scanned at hub
EVT0003811,SHP002085,BR3777,EMP01477,Delayed,2025-06-07 17:43:48,Shipment processed successfully
EVT0003812,SHP003227,BR3876,EMP03525,Arrived at Hub,2025-07-17 15:13:52,Shipment delivered
EVT0003813,SHP003843,BR4203,EMP02613,Out for Delivery,2025-11-13 01:07:12,Vehicle departed
EVT0003814,SHP003851,BR0909,EMP02197,Out for Delivery,2025-10-26 21:53:04,Customer unavailable
EVT0003815,SHP002243,BR4451,EMP02229,Booked,2025-12-02 22:04:18,Delivery agent assigned
EVT0003816,SHP000141,BR4853,EMP00283,In Transit,2025-04-19 18:59:19,Package scanned at hub
EVT0003817,SHP000772,BR3435,EMP02152,Arrived at Hub,2025-11-28 00:02:37,Package reached destination hub
EVT0003818,SHP002075,BR0230,EMP01545,Delivered,2025-01-21 23:13:23,Delivery agent assigned
EVT0003819,SHP002126,BR2315,EMP02006,Picked Up,2025-08-09 13:36:02,Address verification required
EVT0003820,SHP000452,BR0122,EMP00295,Booked,2025-08-11 07:51:11,Customer unavailable
EVT0003821,SHP003616,BR4632,EMP04762,In Transit,2025-02-10 00:14:59,Shipment processed successfully
EVT0003822,SHP002283,BR3451,EMP01953,Out for Delivery,2025-01-20 05:01:14,Vehicle departed
EVT0003823,SHP003498,BR1871,EMP03287,In Transit,2025-01-30 05:45:10,Package reached destination hub
EVT0003824,SHP002412,BR0151,EMP04141,In Transit,2025-06-19 12:50:07,Vehicle departed
EVT0003825,SHP001263,BR0298,EMP01332,Delayed,2025-06-30 01:53:15,Shipment delivered
EVT0003826,SHP003121,BR4700,EMP01105,Booked,2025-07-22 19:56:46,Address verification required
EVT0003827,SHP004548,BR2520,EMP03176,Picked Up,2025-01-28 14:51:05,Address verification required
EVT0003828,SHP003317,BR4481,EMP03090,In Transit,2025-11-25 01:49:46,Delivery agent assigned
EVT0003829,SHP003554,BR1318,EMP00097,Booked,2025-12-21 02:02:40,Shipment delivered
EVT0003830,SHP000472,BR1136,EMP03845,Returned,2025-10-26 18:07:21,Delivery agent assigned
EVT0003831,SHP001644,BR0236,EMP00127,Arrived at Hub,2025-05-06 16:08:52,Package reached destination hub
EVT0003832,SHP003076,BR1104,EMP00956,Arrived at Hub,2025-05-17 19:05:00,Shipment delivered
EVT0003833,SHP004384,BR3915,EMP02534,Delivered,2025-02-09 19:58:32,Package scanned at hub
EVT0003834,SHP003268,BR3259,EMP03057,In Transit,2025-02-28 00:48:10,Shipment delivered
EVT0003835,SHP001620,BR1118,EMP02007,Arrived at Hub,2025-08-18 01:46:29,Shipment delivered
EVT0003836,SHP003287,BR4853,EMP04900,In Transit,2025-01-19 16:46:54,Shipment delivered
EVT0003837,SHP003802,BR0830,EMP02806,Out for Delivery,2025-10-26 17:46:26,Delivery agent assigned
EVT0003838,SHP003046,BR3189,EMP01564,Booked,2025-05-01 19:57:35,Customer unavailable
EVT0003839,SHP002373,BR2812,EMP00024,Delivered,2025-05-23 00:43:36,Delivery agent assigned
EVT0003840,SHP003280,BR0395,EMP01550,Delayed,2025-11-01 05:31:13,Address verification required
EVT0003841,SHP004393,BR1382,EMP02833,Delivered,2025-10-09 01:30:01,Vehicle departed
EVT0003842,SHP002870,BR0396,EMP04946,Arrived at Hub,2025-01-27 13:16:22,Package scanned at hub
EVT0003843,SHP004649,BR3875,EMP04497,Picked Up,2025-10-26 06:48:02,Package scanned at hub
EVT0003844,SHP003918,BR4006,EMP02107,Booked,2025-08-15 06:32:42,Address verification required
EVT0003845,SHP004332,BR4412,EMP02835,Booked,2025-10-26 13:46:28,Customer unavailable
EVT0003846,SHP002305,BR3134,EMP00262,In Transit,2025-07-17 00:31:19,Vehicle departed
EVT0003847,SHP002428,BR0398,EMP01928,Booked,2025-10-28 22:20:21,Shipment processed successfully
EVT0003848,SHP000411,BR2348,EMP02304,In Transit,2026-01-06 19:56:28,Address verification required
EVT0003849,SHP003068,BR2850,EMP03133,Out for Delivery,2025-07-31 12:12:19,Vehicle departed
EVT0003850,SHP001124,BR0454,EMP03113,Arrived at Hub,2025-09-27 23:39:42,Package scanned at hub
EVT0003851,SHP002344,BR1431,EMP04787,Out for Delivery,2025-05-17 19:12:40,Address verification required
EVT0003852,SHP002220,BR3479,EMP04019,Booked,2025-04-06 20:41:21,Delivery agent assigned
EVT0003853,SHP001268,BR4587,EMP00919,Picked Up,2025-12-03 20:02:41,Shipment delivered
EVT0003854,SHP003776,BR2187,EMP01331,Out for Delivery,2025-12-30 21:10:47,Customer unavailable
EVT0003855,SHP002660,BR0492,EMP03442,In Transit,2025-01-29 13:02:04,Delivery agent assigned
EVT0003856,SHP001864,BR0775,EMP04144,Arrived at Hub,2025-03-21 03:27:47,Package scanned at hub
EVT0003857,SHP003543,BR1333,EMP02960,Out for Delivery,2025-05-26 18:41:29,Shipment processed successfully
EVT0003858,SHP002755,BR3354,EMP02030,Arrived at Hub,2025-08-09 18:52:45,Vehicle departed
EVT0003859,SHP004897,BR3498,EMP00536,Booked,2025-04-13 05:25:03,Address verification required
EVT0003860,SHP004523,BR3846,EMP00909,Picked Up,2025-01-10 12:21:30,Delivery agent assigned
EVT0003861,SHP004974,BR0701,EMP02808,Out for Delivery,2025-05-19 15:23:16,Vehicle departed
EVT0003862,SHP000239,BR1716,EMP01543,In Transit,2025-07-29 22:55:32,Customer unavailable
EVT0003863,SHP004752,BR0655,EMP03041,Out for Delivery,2025-06-30 17:31:10,Address verification required
EVT0003864,SHP004418,BR4847,EMP04859,In Transit,2025-09-06 05:39:00,Package scanned at hub
EVT0003865,SHP001295,BR3997,EMP04138,In Transit,2025-12-02 14:53:40,Customer unavailable
EVT0003866,SHP004612,BR1392,EMP01401,Booked,2025-03-24 04:51:44,Shipment delivered
EVT0003867,SHP004357,BR3497,EMP01165,Delivered,2025-10-02 18:44:29,Package scanned at hub
EVT0003868,SHP004632,BR1579,EMP00005,Picked Up,2025-05-05 07:48:23,Customer unavailable
EVT0003869,SHP002955,BR3929,EMP00984,Booked,2026-01-02 09:18:34,Package scanned at hub
EVT0003870,SHP002216,BR0965,EMP02657,Out for Delivery,2025-07-17 10:20:47,Address verification required
EVT0003871,SHP004630,BR4835,EMP00315,Arrived at Hub,2025-10-04 13:01:59,Shipment processed successfully
EVT0003872,SHP004865,BR2957,EMP01508,Delayed,2025-10-19 16:28:55,Shipment processed successfully
EVT0003873,SHP001971,BR1649,EMP01676,Arrived at Hub,2025-04-04 02:33:11,Customer unavailable
EVT0003874,SHP003939,BR0514,EMP01235,Delayed,2025-11-28 19:03:11,Delivery agent assigned
EVT0003875,SHP004998,BR1219,EMP04918,In Transit,2025-10-01 07:54:11,Address verification required
EVT0003876,SHP000104,BR1926,EMP00164,Returned,2025-05-31 07:54:38,Package reached destination hub
EVT0003877,SHP002097,BR2935,EMP00336,Booked,2025-11-13 21:49:22,Package scanned at hub
EVT0003878,SHP001040,BR2421,EMP01614,Returned,2025-01-10 01:11:58,Delivery agent assigned
EVT0003879,SHP000681,BR0088,EMP01026,In Transit,2025-02-16 14:19:32,Delivery agent assigned
EVT0003880,SHP000903,BR1470,EMP02189,In Transit,2025-04-15 20:49:58,Shipment delivered
EVT0003881,SHP003202,BR0641,EMP00420,Out for Delivery,2025-11-29 20:58:21,Shipment delivered
EVT0003882,SHP002102,BR2327,EMP01081,Delivered,2025-10-31 05:46:07,Shipment delivered
EVT0003883,SHP002608,BR3608,EMP02616,Delivered,2025-10-19 23:39:34,Vehicle departed
EVT0003884,SHP003145,BR3899,EMP02573,Delivered,2025-02-26 19:11:42,Package scanned at hub
EVT0003885,SHP001816,BR2910,EMP00979,In Transit,2025-08-14 23:05:33,Customer unavailable
EVT0003886,SHP003571,BR4144,EMP00855,Delivered,2025-08-03 05:49:47,Package reached destination hub
EVT0003887,SHP004634,BR0077,EMP01056,Out for Delivery,2025-05-26 09:51:04,Delivery agent assigned
EVT0003888,SHP003381,BR4008,EMP02409,Out for Delivery,2025-01-25 13:16:25,Address verification required
EVT0003889,SHP000660,BR2304,EMP01804,In Transit,2025-02-15 05:25:54,Shipment processed successfully
EVT0003890,SHP003775,BR3664,EMP04280,Arrived at Hub,2025-03-24 17:50:31,Address verification required
EVT0003891,SHP000708,BR4086,EMP01145,Booked,2025-10-27 20:41:38,Address verification required
EVT0003892,SHP003789,BR1785,EMP03673,Booked,2025-09-25 09:08:38,Shipment delivered
EVT0003893,SHP001286,BR2706,EMP02357,Picked Up,2025-04-12 07:01:01,Shipment processed successfully
EVT0003894,SHP003604,BR4838,EMP01025,Out for Delivery,2025-07-24 02:26:45,Package reached destination hub
EVT0003895,SHP003364,BR1270,EMP03742,Delivered,2025-08-06 19:49:53,Delivery agent assigned
EVT0003896,SHP000339,BR3892,EMP02121,Returned,2025-07-10 23:33:37,Package reached destination hub
EVT0003897,SHP002569,BR1603,EMP01389,Delayed,2025-06-29 07:23:04,Package scanned at hub
EVT0003898,SHP004375,BR2551,EMP02565,Delayed,2025-02-23 17:36:44,Address verification required
EVT0003899,SHP003419,BR2790,EMP01552,Picked Up,2025-11-11 22:02:35,Vehicle departed
EVT0003900,SHP002525,BR0477,EMP00765,Delivered,2025-06-02 22:43:54,Package reached destination hub
EVT0003901,SHP003510,BR1987,EMP04692,Delivered,2025-04-30 17:17:59,Vehicle departed
EVT0003902,SHP002501,BR4527,EMP04842,Picked Up,2025-11-18 20:50:22,Customer unavailable
EVT0003903,SHP003290,BR1017,EMP01170,In Transit,2025-03-12 18:22:23,Address verification required
EVT0003904,SHP001329,BR1984,EMP02105,Delivered,2025-01-19 03:41:03,Customer unavailable
EVT0003905,SHP000648,BR4542,EMP02908,Booked,2025-11-03 10:12:24,Address verification required
EVT0003906,SHP003611,BR4764,EMP00729,Booked,2025-07-21 17:13:03,Package scanned at hub
EVT0003907,SHP001414,BR2580,EMP02076,Delivered,2025-01-29 22:31:43,Shipment delivered
EVT0003908,SHP001334,BR2019,EMP00210,Delivered,2025-09-23 06:34:09,Shipment processed successfully
EVT0003909,SHP003865,BR4100,EMP01836,Booked,2025-04-01 05:38:17,Customer unavailable
EVT0003910,SHP001781,BR2030,EMP04443,Picked Up,2025-10-01 00:41:58,Customer unavailable
EVT0003911,SHP001194,BR4002,EMP02581,Delivered,2025-12-24 17:44:47,Shipment delivered
EVT0003912,SHP003678,BR2356,EMP02014,Picked Up,2025-02-14 04:43:26,Delivery agent assigned
EVT0003913,SHP002708,BR4435,EMP04629,Out for Delivery,2025-05-01 12:42:19,Vehicle departed
EVT0003914,SHP001892,BR0354,EMP01044,Arrived at Hub,2025-02-26 00:00:03,Delivery agent assigned
EVT0003915,SHP001323,BR3757,EMP03134,Delayed,2025-07-31 21:27:51,Package reached destination hub
EVT0003916,SHP003334,BR2013,EMP01449,Out for Delivery,2025-02-14 19:06:42,Customer unavailable
EVT0003917,SHP004743,BR3894,EMP01567,Delayed,2026-01-01 20:44:29,Shipment processed successfully
EVT0003918,SHP002409,BR4840,EMP03781,Delivered,2025-06-05 13:12:26,Package scanned at hub
EVT0003919,SHP000926,BR0005,EMP04411,In Transit,2025-08-01 01:47:46,Address verification required
EVT0003920,SHP000948,BR0590,EMP03676,Delayed,2025-09-20 11:38:42,Vehicle departed
EVT0003921,SHP002639,BR0976,EMP00757,In Transit,2025-09-19 10:47:13,Shipment processed successfully
EVT0003922,SHP004296,BR0553,EMP03105,Arrived at Hub,2025-03-30 04:16:25,Shipment delivered
EVT0003923,SHP003483,BR4810,EMP04984,Delivered,2025-09-24 11:57:33,Address verification required
EVT0003924,SHP001561,BR3157,EMP02894,Out for Delivery,2025-01-07 18:46:46,Shipment delivered
EVT0003925,SHP004820,BR0509,EMP03119,Picked Up,2025-06-07 20:14:06,Customer unavailable
EVT0003926,SHP003575,BR4798,EMP02697,Booked,2025-01-24 01:34:52,Shipment delivered
EVT0003927,SHP000938,BR1683,EMP03032,In Transit,2025-01-17 00:55:43,Delivery agent assigned
EVT0003928,SHP000357,BR3186,EMP02004,Out for Delivery,2025-03-04 09:40:24,Customer unavailable
EVT0003929,SHP002998,BR4307,EMP01469,Delivered,2025-07-13 06:25:09,Vehicle departed
EVT0003930,SHP003784,BR3420,EMP01140,Delayed,2025-03-24 08:22:34,Package scanned at hub
EVT0003931,SHP001809,BR4724,EMP02997,Delivered,2025-06-23 11:15:11,Vehicle departed
EVT0003932,SHP001266,BR0140,EMP03547,Delivered,2025-06-17 05:47:03,Package scanned at hub
EVT0003933,SHP002727,BR1707,EMP03643,In Transit,2025-05-16 16:30:53,Package reached destination hub
EVT0003934,SHP000288,BR1667,EMP03937,Booked,2025-09-21 03:16:48,Address verification required
EVT0003935,SHP002677,BR0263,EMP02873,In Transit,2025-12-24 18:58:05,Package scanned at hub
EVT0003936,SHP001659,BR4894,EMP03662,In Transit,2025-02-16 05:14:33,Shipment processed successfully
EVT0003937,SHP004137,BR0722,EMP00033,In Transit,2025-05-31 10:26:21,Package scanned at hub
EVT0003938,SHP001440,BR1477,EMP00438,Booked,2025-10-29 04:35:56,Delivery agent assigned
EVT0003939,SHP003342,BR4032,EMP01160,Arrived at Hub,2025-01-21 08:45:52,Shipment processed successfully
EVT0003940,SHP003445,BR0924,EMP04095,Booked,2025-01-16 01:57:48,Vehicle departed
EVT0003941,SHP004628,BR4455,EMP02495,Delayed,2025-10-17 00:32:06,Package scanned at hub
EVT0003942,SHP004917,BR4945,EMP03671,Picked Up,2025-06-06 12:03:08,Package scanned at hub
EVT0003943,SHP001586,BR4586,EMP04801,Arrived at Hub,2025-04-07 06:52:05,Shipment delivered
EVT0003944,SHP003646,BR4502,EMP04152,Arrived at Hub,2025-03-29 18:10:08,Package reached destination hub
EVT0003945,SHP003911,BR1617,EMP02261,Arrived at Hub,2025-04-17 09:05:20,Shipment delivered
EVT0003946,SHP003696,BR3402,EMP03779,Delivered,2025-07-22 06:27:28,Address verification required
EVT0003947,SHP001134,BR2997,EMP01394,Arrived at Hub,2025-12-06 19:03:41,Address verification required
EVT0003948,SHP000536,BR1306,EMP00897,Delivered,2025-07-26 17:53:21,Shipment processed successfully
EVT0003949,SHP000370,BR4977,EMP02885,Booked,2025-03-09 11:11:36,Shipment processed successfully
EVT0003950,SHP001684,BR1050,EMP01877,Out for Delivery,2025-08-10 11:42:44,Address verification required
EVT0003951,SHP000619,BR3896,EMP01449,Delivered,2026-01-07 01:35:12,Package scanned at hub
EVT0003952,SHP003560,BR1293,EMP02465,Booked,2025-03-24 17:16:03,Customer unavailable
EVT0003953,SHP004913,BR2856,EMP03122,Picked Up,2025-03-04 14:41:56,Package reached destination hub
EVT0003954,SHP004597,BR3336,EMP02253,Arrived at Hub,2025-03-22 07:18:44,Delivery agent assigned
EVT0003955,SHP000140,BR1266,EMP03356,Picked Up,2025-05-13 20:09:09,Shipment delivered
EVT0003956,SHP001566,BR2353,EMP00278,Delivered,2025-11-14 04:08:18,Address verification required
EVT0003957,SHP000847,BR1940,EMP03490,Arrived at Hub,2025-08-04 17:57:30,Shipment delivered
EVT0003958,SHP001330,BR4309,EMP00502,Picked Up,2025-04-05 13:37:48,Delivery agent assigned
EVT0003959,SHP001017,BR4468,EMP03682,Picked Up,2025-03-15 03:52:09,Package scanned at hub
EVT0003960,SHP000983,BR0923,EMP03542,Out for Delivery,2025-09-16 17:12:56,Shipment processed successfully
EVT0003961,SHP002347,BR1149,EMP01945,Delivered,2025-05-23 03:06:01,Delivery agent assigned
EVT0003962,SHP001256,BR4970,EMP03348,Booked,2025-11-26 01:01:26,Package reached destination hub
EVT0003963,SHP001797,BR1095,EMP00659,Delayed,2025-05-26 22:10:42,Customer unavailable
EVT0003964,SHP002995,BR0055,EMP01669,Delivered,2025-12-15 07:01:23,Package reached destination hub
EVT0003965,SHP004331,BR2991,EMP04662,Picked Up,2025-07-15 00:21:42,Customer unavailable
EVT0003966,SHP004247,BR2887,EMP00704,Out for Delivery,2025-10-01 08:09:32,Package scanned at hub
EVT0003967,SHP004280,BR3495,EMP00687,Returned,2025-09-13 10:37:46,Shipment processed successfully
EVT0003968,SHP000615,BR4091,EMP01014,Arrived at Hub,2025-04-23 22:36:16,Delivery agent assigned
EVT0003969,SHP003298,BR4165,EMP04991,Out for Delivery,2025-11-21 03:19:26,Package reached destination hub
EVT0003970,SHP000485,BR2515,EMP04218,Booked,2025-08-15 22:17:16,Shipment delivered
EVT0003971,SHP004878,BR1598,EMP02415,Delivered,2025-04-08 05:40:03,Customer unavailable
EVT0003972,SHP004457,BR2405,EMP03457,In Transit,2025-09-30 08:20:07,Customer unavailable
EVT0003973,SHP001117,BR0344,EMP03693,Arrived at Hub,2025-07-20 23:19:58,Shipment delivered
EVT0003974,SHP000513,BR4830,EMP01604,In Transit,2025-09-28 09:43:36,Shipment delivered
EVT0003975,SHP001133,BR3822,EMP00430,Delivered,2025-07-09 04:17:34,Delivery agent assigned
EVT0003976,SHP004046,BR1074,EMP02849,Arrived at Hub,2025-02-24 16:14:30,Address verification required
EVT0003977,SHP003406,BR4094,EMP02797,Picked Up,2025-03-27 09:55:36,Package scanned at hub
EVT0003978,SHP002000,BR4654,EMP01670,Picked Up,2025-04-22 13:04:20,Customer unavailable
EVT0003979,SHP004257,BR2131,EMP03887,Picked Up,2025-07-06 16:08:31,Address verification required
EVT0003980,SHP003752,BR4888,EMP02796,In Transit,2025-05-04 19:25:04,Customer unavailable
EVT0003981,SHP004902,BR0292,EMP03218,In Transit,2025-02-09 18:34:18,Delivery agent assigned
EVT0003982,SHP001925,BR0091,EMP03676,In Transit,2025-02-19 02:02:51,Shipment delivered
EVT0003983,SHP004313,BR0752,EMP00332,Booked,2025-01-11 21:37:03,Vehicle departed
EVT0003984,SHP000006,BR0266,EMP01205,In Transit,2025-01-10 18:29:11,Shipment delivered
EVT0003985,SHP000167,BR1873,EMP01142,In Transit,2025-09-25 02:35:57,Customer unavailable
EVT0003986,SHP001274,BR3320,EMP04892,Delivered,2025-02-15 11:31:47,Customer unavailable
EVT0003987,SHP003768,BR1197,EMP01026,Delivered,2025-07-27 13:04:18,Vehicle departed
EVT0003988,SHP000305,BR2492,EMP00201,Delayed,2025-06-11 10:29:01,Customer unavailable
EVT0003989,SHP000326,BR1477,EMP04699,Out for Delivery,2025-10-11 23:35:59,Shipment delivered
EVT0003990,SHP001568,BR2479,EMP03317,Delivered,2025-12-19 23:44:26,Address verification required
EVT0003991,SHP001082,BR2886,EMP00340,Arrived at Hub,2025-04-04 06:07:32,Shipment processed successfully
EVT0003992,SHP003393,BR2380,EMP00779,Delivered,2025-06-25 09:16:06,Vehicle departed
EVT0003993,SHP004816,BR1511,EMP00658,Booked,2025-10-11 15:26:45,Package reached destination hub
EVT0003994,SHP001841,BR0966,EMP03310,Booked,2025-08-27 03:27:39,Customer unavailable
EVT0003995,SHP002280,BR1691,EMP01937,Out for Delivery,2025-06-04 16:05:54,Package scanned at hub
EVT0003996,SHP001958,BR4099,EMP03935,Delayed,2025-02-18 16:33:51,Vehicle departed
EVT0003997,SHP000833,BR1787,EMP00300,Delivered,2025-01-10 23:45:41,Shipment delivered
EVT0003998,SHP003396,BR4097,EMP03789,Booked,2025-08-10 02:36:42,Shipment delivered
EVT0003999,SHP003800,BR2558,EMP02007,Returned,2025-05-22 02:36:52,Vehicle departed
EVT0004000,SHP003927,BR4113,EMP02278,Out for Delivery,2025-04-20 01:03:56,Shipment processed successfully
EVT0004001,SHP004670,BR3974,EMP02533,Picked Up,2025-05-19 17:12:56,Delivery agent assigned
EVT0004002,SHP003146,BR0547,EMP00941,Picked Up,2025-02-02 16:13:00,Customer unavailable
EVT0004003,SHP003141,BR3255,EMP00179,Out for Delivery,2025-02-20 20:26:12,Shipment delivered
EVT0004004,SHP002693,BR0047,EMP00489,Arrived at Hub,2025-02-22 05:59:59,Vehicle departed
EVT0004005,SHP002022,BR0107,EMP03062,Returned,2025-01-09 10:58:13,Package scanned at hub
EVT0004006,SHP001451,BR1337,EMP00960,Delivered,2025-11-18 15:21:30,Customer unavailable
EVT0004007,SHP004595,BR4503,EMP03090,Out for Delivery,2025-04-03 17:45:55,Shipment processed successfully
EVT0004008,SHP004743,BR4001,EMP02137,Delivered,2025-10-31 22:52:45,Shipment delivered
EVT0004009,SHP004910,BR3286,EMP00408,Arrived at Hub,2025-07-03 21:47:02,Address verification required
EVT0004010,SHP001469,BR3626,EMP00070,Arrived at Hub,2025-06-19 01:03:05,Shipment delivered
EVT0004011,SHP004257,BR3442,EMP00896,Out for Delivery,2025-08-06 08:48:33,Customer unavailable
EVT0004012,SHP003723,BR3362,EMP01073,Delivered,2025-05-12 22:41:28,Shipment processed successfully
EVT0004013,SHP004007,BR3162,EMP00099,Picked Up,2025-07-06 04:35:28,Shipment processed successfully
EVT0004014,SHP001159,BR3074,EMP00249,Delivered,2025-02-24 04:38:48,Package reached destination hub
EVT0004015,SHP003374,BR0587,EMP04335,Booked,2025-08-12 04:15:07,Shipment delivered
EVT0004016,SHP003828,BR4479,EMP04818,Returned,2025-03-16 02:01:22,Vehicle departed
EVT0004017,SHP004485,BR1925,EMP00846,Out for Delivery,2025-05-19 00:12:48,Shipment delivered
EVT0004018,SHP004700,BR0327,EMP00199,Delayed,2025-09-04 07:06:38,Shipment processed successfully
EVT0004019,SHP002205,BR3079,EMP01385,In Transit,2025-03-04 21:11:01,Package scanned at hub
EVT0004020,SHP000228,BR0712,EMP02504,Out for Delivery,2025-11-20 01:00:27,Shipment delivered
EVT0004021,SHP001247,BR4980,EMP04173,Out for Delivery,2025-12-26 07:20:09,Customer unavailable
EVT0004022,SHP004297,BR2569,EMP04915,Delivered,2025-02-05 22:09:55,Vehicle departed
EVT0004023,SHP001988,BR2777,EMP04392,In Transit,2025-09-08 16:02:20,Vehicle departed
EVT0004024,SHP000611,BR2932,EMP02703,Picked Up,2025-08-06 23:19:29,Package reached destination hub
EVT0004025,SHP003409,BR4689,EMP03903,Delivered,2025-02-06 17:08:37,Vehicle departed
EVT0004026,SHP002544,BR2280,EMP00384,In Transit,2025-03-30 02:12:15,Shipment delivered
EVT0004027,SHP001921,BR4116,EMP03311,Picked Up,2025-09-18 20:26:30,Address verification required
EVT0004028,SHP003145,BR2097,EMP03246,Picked Up,2025-04-18 09:24:14,Vehicle departed
EVT0004029,SHP004388,BR1636,EMP02621,Out for Delivery,2025-09-07 12:33:05,Customer unavailable
EVT0004030,SHP002635,BR0828,EMP03052,Booked,2025-12-03 05:57:36,Address verification required
EVT0004031,SHP002408,BR1083,EMP04724,Out for Delivery,2025-10-13 08:09:48,Package scanned at hub
EVT0004032,SHP003378,BR2394,EMP03903,Picked Up,2025-01-27 05:12:33,Package reached destination hub
EVT0004033,SHP002514,BR4848,EMP02142,Out for Delivery,2025-12-21 21:35:25,Customer unavailable
EVT0004034,SHP000748,BR1137,EMP00465,Picked Up,2025-04-21 01:15:17,Address verification required
EVT0004035,SHP002684,BR0772,EMP02250,Delivered,2025-07-21 12:17:28,Delivery agent assigned
EVT0004036,SHP003219,BR3048,EMP00400,Arrived at Hub,2025-07-31 15:16:26,Address verification required
EVT0004037,SHP003376,BR0806,EMP00891,Out for Delivery,2025-05-08 22:14:23,Package reached destination hub
EVT0004038,SHP001727,BR3224,EMP00078,In Transit,2025-04-18 08:22:12,Shipment delivered
EVT0004039,SHP004570,BR3990,EMP04847,Returned,2025-03-06 00:50:55,Address verification required
EVT0004040,SHP003536,BR2030,EMP04297,In Transit,2025-04-30 02:44:35,Shipment delivered
EVT0004041,SHP004824,BR4831,EMP01823,Delivered,2025-12-07 07:33:43,Customer unavailable
EVT0004042,SHP003659,BR4344,EMP02781,Delivered,2025-10-07 11:41:46,Customer unavailable
EVT0004043,SHP002629,BR0228,EMP01620,Out for Delivery,2025-02-02 18:26:42,Shipment delivered
EVT0004044,SHP000289,BR3441,EMP04606,Picked Up,2025-03-29 06:43:56,Package reached destination hub
EVT0004045,SHP001346,BR0503,EMP04391,Delivered,2025-04-14 23:23:58,Package reached destination hub
EVT0004046,SHP002980,BR1029,EMP01141,Delivered,2025-07-21 13:44:46,Delivery agent assigned
EVT0004047,SHP003564,BR3237,EMP04439,Booked,2025-03-16 10:56:43,Customer unavailable
EVT0004048,SHP000404,BR2685,EMP01145,Delayed,2025-02-03 10:44:58,Package scanned at hub
EVT0004049,SHP000997,BR0091,EMP04960,Out for Delivery,2026-01-01 16:29:52,Shipment delivered
EVT0004050,SHP004705,BR2897,EMP01288,Arrived at Hub,2025-08-05 04:41:52,Shipment delivered
EVT0004051,SHP002305,BR1205,EMP02336,Delivered,2025-07-06 05:34:27,Address verification required
EVT0004052,SHP002796,BR3475,EMP04219,In Transit,2025-02-20 10:24:43,Vehicle departed
EVT0004053,SHP001430,BR2261,EMP04557,Booked,2025-07-27 13:26:08,Package scanned at hub
EVT0004054,SHP001814,BR4119,EMP02396,Picked Up,2025-07-12 16:35:30,Package scanned at hub
EVT0004055,SHP001801,BR2695,EMP03072,Out for Delivery,2025-12-16 08:40:52,Address verification required
EVT0004056,SHP000554,BR2705,EMP03924,Out for Delivery,2025-03-16 07:11:34,Shipment processed successfully
EVT0004057,SHP004567,BR4173,EMP00048,Delivered,2025-02-16 07:23:52,Package reached destination hub
EVT0004058,SHP000806,BR1495,EMP03142,Delivered,2025-12-08 19:20:11,Address verification required
EVT0004059,SHP002935,BR0863,EMP01899,Out for Delivery,2025-01-10 20:31:13,Shipment processed successfully
EVT0004060,SHP003154,BR1359,EMP03516,In Transit,2025-06-25 04:31:58,Address verification required
EVT0004061,SHP002035,BR0574,EMP03156,Picked Up,2025-11-17 10:06:19,Shipment delivered
EVT0004062,SHP002128,BR1489,EMP04060,Delivered,2025-09-12 09:57:04,Address verification required
EVT0004063,SHP001187,BR3285,EMP01754,In Transit,2025-11-21 18:10:08,Shipment processed successfully
EVT0004064,SHP000946,BR1586,EMP00421,Picked Up,2025-03-03 15:10:08,Package reached destination hub
EVT0004065,SHP004143,BR0591,EMP02323,Arrived at Hub,2025-01-09 21:51:43,Shipment processed successfully
EVT0004066,SHP003727,BR0314,EMP03778,Out for Delivery,2025-08-09 08:05:32,Package scanned at hub
EVT0004067,SHP004991,BR3003,EMP03066,In Transit,2025-02-02 21:13:53,Delivery agent assigned
EVT0004068,SHP004532,BR1074,EMP00931,Delivered,2025-01-18 13:54:11,Address verification required
EVT0004069,SHP002287,BR2375,EMP00431,Delivered,2025-08-23 06:35:09,Package scanned at hub
EVT0004070,SHP004995,BR0011,EMP00087,Delayed,2026-01-05 20:22:41,Vehicle departed
EVT0004071,SHP003605,BR2257,EMP01773,Picked Up,2025-06-03 18:25:58,Shipment processed successfully
EVT0004072,SHP004007,BR3747,EMP02739,Picked Up,2025-12-03 05:58:21,Package scanned at hub
EVT0004073,SHP003203,BR2514,EMP01452,Out for Delivery,2025-05-19 17:03:03,Package scanned at hub
EVT0004074,SHP003933,BR3067,EMP04548,Arrived at Hub,2025-10-21 12:26:35,Package scanned at hub
EVT0004075,SHP004577,BR2864,EMP00811,In Transit,2025-11-30 05:07:56,Shipment processed successfully
EVT0004076,SHP003174,BR1670,EMP01958,Picked Up,2025-10-31 08:29:46,Package scanned at hub
EVT0004077,SHP002914,BR0353,EMP02499,Arrived at Hub,2025-07-07 11:24:59,Package reached destination hub
EVT0004078,SHP002140,BR0352,EMP02910,In Transit,2025-09-21 19:42:54,Address verification required
EVT0004079,SHP000176,BR3104,EMP02789,Booked,2025-08-22 04:37:54,Vehicle departed
EVT0004080,SHP004712,BR1540,EMP04644,In Transit,2025-01-26 21:16:10,Package reached destination hub
EVT0004081,SHP001981,BR4407,EMP03654,In Transit,2025-05-31 18:21:49,Vehicle departed
EVT0004082,SHP000361,BR4623,EMP01511,In Transit,2025-02-19 14:41:53,Delivery agent assigned
EVT0004083,SHP000032,BR0384,EMP00571,Booked,2025-11-06 10:00:48,Vehicle departed
EVT0004084,SHP000584,BR1931,EMP03493,In Transit,2025-06-24 10:09:34,Vehicle departed
EVT0004085,SHP003896,BR4018,EMP00608,Delivered,2025-11-02 07:35:14,Shipment processed successfully
EVT0004086,SHP004083,BR1466,EMP02930,Delivered,2025-04-23 19:27:27,Package scanned at hub
EVT0004087,SHP000799,BR0305,EMP02396,Picked Up,2025-03-22 04:48:16,Package reached destination hub
EVT0004088,SHP004388,BR3011,EMP01542,Picked Up,2025-12-25 13:39:09,Shipment processed successfully
EVT0004089,SHP002643,BR3043,EMP03688,Arrived at Hub,2025-10-31 19:48:25,Address verification required
EVT0004090,SHP002903,BR0166,EMP03149,Delivered,2025-07-07 23:31:26,Delivery agent assigned
EVT0004091,SHP004988,BR3490,EMP03301,Delivered,2025-07-12 17:54:52,Shipment delivered
EVT0004092,SHP001473,BR2503,EMP02141,In Transit,2025-07-29 14:39:01,Package reached destination hub
EVT0004093,SHP004614,BR0150,EMP02760,Delivered,2025-04-02 22:55:55,Address verification required
EVT0004094,SHP004879,BR4010,EMP00591,Delivered,2025-05-01 03:12:29,Package scanned at hub
EVT0004095,SHP002655,BR1692,EMP01791,Delayed,2025-10-01 02:30:35,Delivery agent assigned
EVT0004096,SHP001381,BR3257,EMP02080,Booked,2025-07-12 17:43:58,Customer unavailable
EVT0004097,SHP000015,BR0030,EMP04096,Picked Up,2025-08-06 20:00:41,Customer unavailable
EVT0004098,SHP001194,BR3897,EMP01287,Delayed,2025-06-13 08:10:32,Shipment processed successfully
EVT0004099,SHP000265,BR4513,EMP03593,Delivered,2025-01-22 10:44:57,Address verification required
EVT0004100,SHP002022,BR1647,EMP00470,Delayed,2025-10-10 01:07:47,Shipment delivered
EVT0004101,SHP002890,BR0191,EMP03752,Arrived at Hub,2025-04-14 14:21:47,Package reached destination hub
EVT0004102,SHP004541,BR1906,EMP01243,Out for Delivery,2025-09-13 20:01:20,Delivery agent assigned
EVT0004103,SHP004669,BR1696,EMP03742,In Transit,2025-11-11 12:16:14,Shipment processed successfully
EVT0004104,SHP002597,BR0811,EMP01355,Arrived at Hub,2025-06-13 23:18:18,Customer unavailable
EVT0004105,SHP000623,BR2243,EMP04993,Delayed,2025-08-13 13:45:34,Customer unavailable
EVT0004106,SHP002880,BR4439,EMP02070,Arrived at Hub,2025-06-06 08:50:14,Package scanned at hub
EVT0004107,SHP003426,BR1936,EMP02302,Arrived at Hub,2025-03-31 03:01:27,Customer unavailable
EVT0004108,SHP004492,BR4625,EMP05000,Picked Up,2025-02-22 14:48:47,Package scanned at hub
EVT0004109,SHP004826,BR1149,EMP02513,In Transit,2025-11-16 08:29:30,Customer unavailable
EVT0004110,SHP004655,BR4613,EMP02012,Arrived at Hub,2025-12-14 03:40:22,Vehicle departed
EVT0004111,SHP001006,BR1407,EMP02671,In Transit,2025-12-25 22:51:22,Package reached destination hub
EVT0004112,SHP001548,BR3742,EMP01330,Out for Delivery,2025-06-04 10:34:03,Address verification required
EVT0004113,SHP000551,BR0635,EMP02410,Returned,2025-01-28 08:47:46,Address verification required
EVT0004114,SHP001857,BR3521,EMP03050,In Transit,2025-11-22 06:03:55,Package scanned at hub
EVT0004115,SHP003464,BR3274,EMP02161,Picked Up,2025-10-05 16:38:09,Delivery agent assigned
EVT0004116,SHP002295,BR1510,EMP02364,Out for Delivery,2025-04-16 23:38:20,Package reached destination hub
EVT0004117,SHP002993,BR3050,EMP03358,Delivered,2025-12-10 03:38:12,Customer unavailable
EVT0004118,SHP004261,BR1220,EMP04735,Picked Up,2025-08-29 20:05:28,Delivery agent assigned
EVT0004119,SHP003980,BR1585,EMP00189,Arrived at Hub,2025-04-13 04:51:54,Address verification required
EVT0004120,SHP003075,BR0077,EMP03326,Picked Up,2025-09-08 08:29:47,Package scanned at hub
EVT0004121,SHP004927,BR0483,EMP04632,Delivered,2025-06-19 06:58:14,Address verification required
EVT0004122,SHP001889,BR2732,EMP04077,Arrived at Hub,2025-02-09 15:48:21,Delivery agent assigned
EVT0004123,SHP000435,BR4179,EMP03634,Returned,2025-06-18 19:25:37,Address verification required
EVT0004124,SHP003796,BR1923,EMP04144,In Transit,2025-08-27 09:55:45,Delivery agent assigned
EVT0004125,SHP002184,BR2215,EMP00260,Delivered,2025-06-12 15:53:17,Package reached destination hub
EVT0004126,SHP003645,BR4563,EMP01458,Arrived at Hub,2025-12-23 05:23:57,Package scanned at hub
EVT0004127,SHP004950,BR1672,EMP03981,In Transit,2025-03-18 16:08:41,Package scanned at hub
EVT0004128,SHP004622,BR4770,EMP01607,Picked Up,2025-04-05 14:01:08,Package reached destination hub
EVT0004129,SHP000726,BR2553,EMP04778,In Transit,2025-10-17 04:29:27,Customer unavailable
EVT0004130,SHP001384,BR2497,EMP02012,Booked,2025-10-06 21:02:58,Vehicle departed
EVT0004131,SHP004263,BR3516,EMP04256,Delivered,2025-05-26 12:28:48,Package reached destination hub
EVT0004132,SHP000735,BR4721,EMP01613,Booked,2025-11-01 03:14:45,Shipment processed successfully
EVT0004133,SHP002352,BR3657,EMP01990,Picked Up,2025-11-20 08:23:14,Shipment delivered
EVT0004134,SHP004734,BR0843,EMP04743,Out for Delivery,2026-01-02 09:43:05,Delivery agent assigned
EVT0004135,SHP003515,BR4778,EMP04041,In Transit,2025-09-02 15:49:22,Vehicle departed
EVT0004136,SHP002954,BR4170,EMP01490,Delayed,2025-08-12 01:00:48,Delivery agent assigned
EVT0004137,SHP000686,BR0119,EMP01078,Booked,2025-06-19 13:22:55,Package reached destination hub
EVT0004138,SHP002031,BR4741,EMP01099,Delivered,2025-09-02 13:36:22,Shipment delivered
EVT0004139,SHP004227,BR3846,EMP00636,Out for Delivery,2025-08-22 22:50:18,Vehicle departed
EVT0004140,SHP000740,BR3959,EMP04461,Arrived at Hub,2025-06-17 10:44:23,Package reached destination hub
EVT0004141,SHP000307,BR4133,EMP01708,Arrived at Hub,2025-08-13 11:55:08,Package scanned at hub
EVT0004142,SHP004869,BR4671,EMP01515,Arrived at Hub,2025-09-09 09:54:09,Address verification required
EVT0004143,SHP000189,BR2360,EMP03220,In Transit,2025-06-01 16:16:38,Address verification required
EVT0004144,SHP002468,BR1741,EMP03103,Delivered,2025-01-08 13:04:03,Delivery agent assigned
EVT0004145,SHP001732,BR2062,EMP02038,In Transit,2025-02-05 19:06:17,Vehicle departed
EVT0004146,SHP003557,BR1379,EMP02366,Arrived at Hub,2025-05-26 16:03:09,Customer unavailable
EVT0004147,SHP001658,BR1655,EMP02308,Booked,2025-03-23 00:44:21,Customer unavailable
EVT0004148,SHP000916,BR3365,EMP04473,Delivered,2025-05-30 15:29:36,Customer unavailable
EVT0004149,SHP002167,BR0528,EMP03833,In Transit,2025-07-20 15:15:40,Vehicle departed
EVT0004150,SHP000061,BR4678,EMP04760,Delivered,2025-09-21 15:39:50,Address verification required
EVT0004151,SHP000243,BR2039,EMP00875,Booked,2025-06-08 00:33:57,Package scanned at hub
EVT0004152,SHP003466,BR0364,EMP00624,Picked Up,2025-05-29 02:10:25,Package reached destination hub
EVT0004153,SHP003830,BR0592,EMP03678,In Transit,2025-01-02 02:02:39,Package scanned at hub
EVT0004154,SHP000653,BR2388,EMP00485,Arrived at Hub,2025-07-17 16:34:07,Package reached destination hub
EVT0004155,SHP000687,BR1384,EMP03763,Arrived at Hub,2025-06-29 13:41:40,Shipment processed successfully
EVT0004156,SHP004638,BR4698,EMP02595,Delivered,2025-05-05 04:15:10,Package scanned at hub
EVT0004157,SHP004661,BR4823,EMP00633,Arrived at Hub,2025-09-11 02:09:12,Address verification required
EVT0004158,SHP001945,BR3142,EMP02676,Arrived at Hub,2025-07-04 08:04:56,Delivery agent assigned
EVT0004159,SHP002423,BR4557,EMP04537,Arrived at Hub,2026-01-01 07:18:17,Package scanned at hub
EVT0004160,SHP003600,BR3774,EMP01757,Arrived at Hub,2025-08-04 11:19:57,Package reached destination hub
EVT0004161,SHP002692,BR1446,EMP00410,Picked Up,2025-04-20 22:50:25,Shipment processed successfully
EVT0004162,SHP003684,BR1823,EMP00734,Out for Delivery,2025-08-21 02:42:15,Shipment processed successfully
EVT0004163,SHP003535,BR0507,EMP02932,Arrived at Hub,2025-07-09 20:54:35,Delivery agent assigned
EVT0004164,SHP001763,BR3211,EMP02758,Arrived at Hub,2025-07-04 13:45:26,Delivery agent assigned
EVT0004165,SHP004164,BR3263,EMP02133,Delivered,2025-03-09 23:05:24,Customer unavailable
EVT0004166,SHP000926,BR4428,EMP03011,In Transit,2025-07-01 13:06:29,Package reached destination hub
EVT0004167,SHP003599,BR2551,EMP00884,In Transit,2025-01-17 16:18:44,Shipment delivered
EVT0004168,SHP001275,BR3858,EMP00441,In Transit,2025-04-19 23:01:36,Package scanned at hub
EVT0004169,SHP001697,BR1786,EMP00920,Out for Delivery,2025-09-04 05:08:47,Shipment processed successfully
EVT0004170,SHP001076,BR1092,EMP00402,In Transit,2025-06-08 09:49:49,Shipment processed successfully
EVT0004171,SHP002300,BR2822,EMP00975,In Transit,2025-04-17 15:26:01,Package reached destination hub
EVT0004172,SHP001458,BR0253,EMP03765,Delivered,2025-07-13 09:53:20,Address verification required
EVT0004173,SHP003360,BR0898,EMP03224,Out for Delivery,2025-01-22 20:21:01,Shipment delivered
EVT0004174,SHP004478,BR0374,EMP02805,Arrived at Hub,2025-07-06 01:45:12,Customer unavailable
EVT0004175,SHP001733,BR3667,EMP02334,Picked Up,2025-02-13 19:24:00,Package reached destination hub
EVT0004176,SHP002187,BR1383,EMP00994,Arrived at Hub,2025-06-11 03:38:02,Package scanned at hub
EVT0004177,SHP003952,BR3287,EMP00903,Returned,2025-06-24 02:41:09,Delivery agent assigned
EVT0004178,SHP001569,BR3870,EMP03109,In Transit,2025-01-13 13:42:01,Customer unavailable
EVT0004179,SHP000532,BR2996,EMP03025,Returned,2025-01-13 07:14:33,Delivery agent assigned
EVT0004180,SHP000991,BR1296,EMP04864,Picked Up,2025-05-14 17:56:51,Package scanned at hub
EVT0004181,SHP000993,BR3593,EMP03762,Picked Up,2025-08-26 18:10:21,Vehicle departed
EVT0004182,SHP000156,BR4205,EMP04518,Arrived at Hub,2025-11-15 19:43:42,Shipment delivered
EVT0004183,SHP001734,BR2394,EMP02793,Delivered,2025-12-01 04:06:55,Vehicle departed
EVT0004184,SHP000328,BR2096,EMP01640,Booked,2025-11-24 03:42:46,Package reached destination hub
EVT0004185,SHP002550,BR4905,EMP01624,Out for Delivery,2025-08-15 03:18:50,Delivery agent assigned
EVT0004186,SHP001399,BR4515,EMP01695,Out for Delivery,2025-06-18 15:18:29,Shipment delivered
EVT0004187,SHP002777,BR0407,EMP03252,Booked,2025-08-31 17:34:33,Vehicle departed
EVT0004188,SHP004943,BR2097,EMP03342,Delayed,2025-11-09 17:30:15,Package reached destination hub
EVT0004189,SHP000887,BR1813,EMP00030,Out for Delivery,2025-07-03 09:18:11,Shipment processed successfully
EVT0004190,SHP003387,BR3695,EMP04950,In Transit,2025-10-30 04:06:37,Delivery agent assigned
EVT0004191,SHP001033,BR3630,EMP01281,Returned,2025-04-02 23:36:40,Shipment processed successfully
EVT0004192,SHP004075,BR3456,EMP00181,In Transit,2025-12-12 12:43:24,Vehicle departed
EVT0004193,SHP000674,BR1210,EMP02480,Arrived at Hub,2025-10-11 03:15:30,Delivery agent assigned
EVT0004194,SHP000991,BR2609,EMP03734,In Transit,2025-02-11 07:58:40,Package scanned at hub
EVT0004195,SHP004646,BR2030,EMP03099,Out for Delivery,2025-09-11 11:17:46,Delivery agent assigned
EVT0004196,SHP000951,BR0129,EMP03322,Returned,2025-08-12 02:19:11,Package reached destination hub
EVT0004197,SHP000096,BR0614,EMP01385,In Transit,2025-11-30 10:54:58,Package scanned at hub
EVT0004198,SHP002025,BR1255,EMP00414,Arrived at Hub,2025-10-04 07:32:44,Delivery agent assigned
EVT0004199,SHP001897,BR4197,EMP00434,Delayed,2025-09-26 22:12:38,Address verification required
EVT0004200,SHP003408,BR3640,EMP04443,Delivered,2025-06-18 15:09:58,Shipment processed successfully
EVT0004201,SHP001216,BR4945,EMP03532,In Transit,2025-03-15 19:52:58,Customer unavailable
EVT0004202,SHP004626,BR3127,EMP04153,Arrived at Hub,2025-08-05 19:15:40,Package reached destination hub
EVT0004203,SHP001344,BR0340,EMP01185,In Transit,2025-09-18 08:39:22,Vehicle departed
EVT0004204,SHP003739,BR4215,EMP00545,Booked,2025-12-04 15:36:10,Package reached destination hub
EVT0004205,SHP004608,BR2958,EMP01716,In Transit,2025-06-21 11:44:33,Shipment delivered
EVT0004206,SHP004463,BR2094,EMP02301,Booked,2025-01-26 05:37:51,Package reached destination hub
EVT0004207,SHP003019,BR4733,EMP02818,Out for Delivery,2025-12-08 23:16:07,Package scanned at hub
EVT0004208,SHP000097,BR3063,EMP02826,Delayed,2026-01-04 07:25:16,Package reached destination hub
EVT0004209,SHP004842,BR2602,EMP03083,Returned,2025-05-07 17:34:58,Address verification required
EVT0004210,SHP002508,BR4768,EMP03899,Out for Delivery,2025-03-28 14:37:50,Customer unavailable
EVT0004211,SHP004401,BR1503,EMP03175,Arrived at Hub,2025-03-16 19:28:59,Delivery agent assigned
EVT0004212,SHP000613,BR0472,EMP04049,In Transit,2025-12-16 19:00:50,Delivery agent assigned
EVT0004213,SHP002668,BR4392,EMP04332,Delivered,2025-06-16 22:38:10,Shipment delivered
EVT0004214,SHP004695,BR3972,EMP04938,Out for Delivery,2025-07-07 03:59:45,Delivery agent assigned
EVT0004215,SHP000308,BR0220,EMP00064,In Transit,2025-09-10 21:30:29,Vehicle departed
EVT0004216,SHP001878,BR1974,EMP00165,Arrived at Hub,2025-04-29 18:49:31,Customer unavailable
EVT0004217,SHP001462,BR1813,EMP03353,Out for Delivery,2025-08-27 13:33:24,Address verification required
EVT0004218,SHP004871,BR2182,EMP04104,Picked Up,2026-01-04 23:52:25,Vehicle departed
EVT0004219,SHP004400,BR2059,EMP01504,In Transit,2025-04-09 23:53:07,Package reached destination hub
EVT0004220,SHP001709,BR0195,EMP02973,Out for Delivery,2025-11-12 08:22:18,Shipment delivered
EVT0004221,SHP002780,BR3748,EMP04136,Picked Up,2025-02-02 10:48:04,Shipment processed successfully
EVT0004222,SHP002272,BR1959,EMP00407,Out for Delivery,2025-05-09 15:26:43,Shipment delivered
EVT0004223,SHP000910,BR0921,EMP04302,Picked Up,2025-09-28 07:36:55,Package reached destination hub
EVT0004224,SHP002541,BR3636,EMP03235,Delivered,2025-01-05 11:53:26,Shipment delivered
EVT0004225,SHP001132,BR3429,EMP02543,Delivered,2025-11-01 21:11:15,Shipment processed successfully
EVT0004226,SHP002728,BR1526,EMP00746,In Transit,2025-01-22 11:36:53,Address verification required
EVT0004227,SHP003218,BR3496,EMP01822,Out for Delivery,2025-12-10 08:19:25,Delivery agent assigned
EVT0004228,SHP001437,BR2905,EMP01680,Booked,2025-07-18 22:09:03,Vehicle departed
EVT0004229,SHP000256,BR4750,EMP03181,Booked,2025-05-24 19:31:36,Address verification required
EVT0004230,SHP000917,BR4326,EMP00999,Picked Up,2025-07-10 04:21:06,Package scanned at hub
EVT0004231,SHP003554,BR0423,EMP00362,Out for Delivery,2025-04-18 16:01:22,Shipment processed successfully
EVT0004232,SHP003221,BR1592,EMP01185,In Transit,2025-05-04 08:26:49,Address verification required
EVT0004233,SHP004962,BR3636,EMP03936,In Transit,2025-12-11 13:39:54,Address verification required
EVT0004234,SHP003254,BR1865,EMP00089,Out for Delivery,2025-04-02 04:38:58,Package reached destination hub
EVT0004235,SHP003072,BR1960,EMP01318,Out for Delivery,2025-02-23 18:37:58,Delivery agent assigned
EVT0004236,SHP000383,BR0538,EMP02050,In Transit,2025-10-08 04:01:38,Customer unavailable
EVT0004237,SHP004551,BR1610,EMP02229,Picked Up,2025-11-08 05:53:46,Shipment processed successfully
EVT0004238,SHP003090,BR0471,EMP00444,Arrived at Hub,2025-11-25 18:06:56,Customer unavailable
EVT0004239,SHP002834,BR0400,EMP00766,In Transit,2025-03-08 11:42:41,Shipment processed successfully
EVT0004240,SHP002039,BR4621,EMP01963,Arrived at Hub,2025-12-16 18:54:08,Package reached destination hub
EVT0004241,SHP003637,BR1219,EMP03296,Arrived at Hub,2025-09-22 06:52:21,Package scanned at hub
EVT0004242,SHP003707,BR3017,EMP00286,Delivered,2025-12-11 12:09:24,Package scanned at hub
EVT0004243,SHP001006,BR4397,EMP00127,Out for Delivery,2025-08-20 12:05:32,Shipment delivered
EVT0004244,SHP002610,BR4008,EMP03008,Out for Delivery,2025-04-26 16:55:01,Vehicle departed
EVT0004245,SHP000232,BR3784,EMP00328,Delivered,2025-09-08 05:26:16,Customer unavailable
EVT0004246,SHP002569,BR2049,EMP03386,In Transit,2025-11-27 06:14:23,Address verification required
EVT0004247,SHP004812,BR1329,EMP01861,Delivered,2025-06-01 12:54:54,Address verification required
EVT0004248,SHP004565,BR3210,EMP04960,Picked Up,2025-08-22 20:03:48,Package reached destination hub
EVT0004249,SHP000304,BR4842,EMP02726,Delivered,2025-02-12 15:46:13,Package reached destination hub
EVT0004250,SHP004180,BR3800,EMP04793,Booked,2025-02-15 10:20:18,Customer unavailable
EVT0004251,SHP000799,BR4456,EMP02911,Out for Delivery,2025-06-23 02:16:29,Vehicle departed
EVT0004252,SHP000790,BR0826,EMP01586,Out for Delivery,2025-04-23 15:03:48,Vehicle departed
EVT0004253,SHP003350,BR3790,EMP02459,Delayed,2025-11-18 07:45:14,Shipment delivered
EVT0004254,SHP000595,BR2764,EMP04772,Picked Up,2025-08-10 18:18:25,Shipment delivered
EVT0004255,SHP000329,BR1708,EMP02503,Delivered,2025-03-14 22:09:53,Package scanned at hub
EVT0004256,SHP003290,BR0962,EMP01486,Arrived at Hub,2025-01-24 14:11:42,Address verification required
EVT0004257,SHP000718,BR4787,EMP02598,Delivered,2025-10-21 06:41:07,Delivery agent assigned
EVT0004258,SHP001111,BR3138,EMP01819,In Transit,2025-05-03 06:56:19,Shipment processed successfully
EVT0004259,SHP004757,BR4785,EMP04451,Picked Up,2025-07-22 17:03:28,Customer unavailable
EVT0004260,SHP003430,BR1786,EMP01177,Booked,2025-03-28 11:48:05,Package reached destination hub
EVT0004261,SHP001833,BR0426,EMP02358,Picked Up,2025-05-03 17:44:52,Shipment delivered
EVT0004262,SHP004444,BR0152,EMP00982,Arrived at Hub,2025-06-04 15:37:16,Shipment processed successfully
EVT0004263,SHP002219,BR0987,EMP02571,Out for Delivery,2025-05-04 16:12:50,Package scanned at hub
EVT0004264,SHP000601,BR3287,EMP03695,Arrived at Hub,2025-11-10 08:03:03,Delivery agent assigned
EVT0004265,SHP003011,BR2807,EMP02051,Arrived at Hub,2025-07-26 13:33:18,Shipment processed successfully
EVT0004266,SHP004936,BR0376,EMP02018,Returned,2025-07-03 05:18:45,Package reached destination hub
EVT0004267,SHP000090,BR3904,EMP03448,Arrived at Hub,2025-02-17 00:51:42,Shipment processed successfully
EVT0004268,SHP003491,BR4778,EMP01211,Delivered,2025-07-18 15:12:08,Customer unavailable
EVT0004269,SHP000875,BR4379,EMP01769,Picked Up,2026-01-02 17:40:07,Address verification required
EVT0004270,SHP003580,BR4996,EMP03992,Arrived at Hub,2025-10-03 01:49:54,Vehicle departed
EVT0004271,SHP002824,BR4511,EMP04094,Booked,2025-11-02 15:30:41,Shipment delivered
EVT0004272,SHP001548,BR0220,EMP01140,Delivered,2025-07-18 18:15:05,Address verification required
EVT0004273,SHP002177,BR1770,EMP04835,Arrived at Hub,2025-03-26 23:31:34,Shipment processed successfully
EVT0004274,SHP001703,BR4864,EMP02446,Arrived at Hub,2025-06-29 04:14:17,Package scanned at hub
EVT0004275,SHP000733,BR3204,EMP02249,Returned,2025-05-12 02:27:49,Vehicle departed
EVT0004276,SHP001941,BR0984,EMP04364,In Transit,2025-08-15 22:10:18,Package reached destination hub
EVT0004277,SHP003560,BR3932,EMP04714,Picked Up,2025-06-13 22:13:49,Shipment delivered
EVT0004278,SHP003085,BR4202,EMP00443,In Transit,2025-06-22 15:45:36,Shipment delivered
EVT0004279,SHP002825,BR2999,EMP03090,Booked,2025-03-23 22:53:17,Package scanned at hub
EVT0004280,SHP001790,BR2090,EMP03192,Out for Delivery,2025-03-03 02:41:39,Address verification required
EVT0004281,SHP002298,BR4535,EMP04224,Booked,2025-07-26 15:26:51,Package scanned at hub
EVT0004282,SHP001771,BR0010,EMP00776,Delivered,2025-10-19 09:08:11,Shipment processed successfully
EVT0004283,SHP001868,BR1721,EMP02625,Picked Up,2025-02-03 14:35:53,Shipment delivered
EVT0004284,SHP002516,BR4717,EMP03784,Delivered,2025-05-31 05:12:38,Shipment delivered
EVT0004285,SHP000274,BR2107,EMP04182,Delayed,2025-09-28 17:50:12,Shipment processed successfully
EVT0004286,SHP003376,BR0165,EMP03992,Arrived at Hub,2025-05-16 00:52:53,Delivery agent assigned
EVT0004287,SHP002836,BR2650,EMP00206,Out for Delivery,2025-05-28 00:00:09,Address verification required
EVT0004288,SHP003692,BR0708,EMP02583,Returned,2025-10-08 18:05:09,Shipment processed successfully
EVT0004289,SHP002119,BR2053,EMP02854,Delivered,2025-10-22 09:27:35,Shipment processed successfully
EVT0004290,SHP003429,BR2521,EMP04145,Delayed,2025-03-16 03:42:43,Shipment delivered
EVT0004291,SHP000401,BR1716,EMP00166,Delayed,2025-05-12 17:06:24,Package reached destination hub
EVT0004292,SHP002667,BR4342,EMP03555,Delivered,2025-05-21 04:21:36,Customer unavailable
EVT0004293,SHP004716,BR1893,EMP01700,In Transit,2025-11-08 11:46:02,Customer unavailable
EVT0004294,SHP002313,BR1581,EMP02558,Out for Delivery,2025-11-27 13:00:38,Vehicle departed
EVT0004295,SHP003057,BR4439,EMP01006,In Transit,2025-10-10 09:46:12,Address verification required
EVT0004296,SHP001448,BR2082,EMP01262,Delivered,2025-10-31 10:16:43,Vehicle departed
EVT0004297,SHP003485,BR4174,EMP02760,In Transit,2025-09-20 08:23:47,Address verification required
EVT0004298,SHP003242,BR0105,EMP02503,Delivered,2025-12-18 14:41:23,Shipment delivered
EVT0004299,SHP000851,BR4984,EMP00945,Arrived at Hub,2025-10-27 22:13:28,Package scanned at hub
EVT0004300,SHP001118,BR2962,EMP01685,Booked,2025-12-23 03:18:30,Shipment processed successfully
EVT0004301,SHP000308,BR2725,EMP02148,Delivered,2025-12-28 01:30:01,Customer unavailable
EVT0004302,SHP002016,BR2814,EMP01488,Delivered,2025-11-23 11:23:01,Vehicle departed
EVT0004303,SHP001837,BR4233,EMP02986,Delivered,2025-09-30 18:47:23,Shipment delivered
EVT0004304,SHP001149,BR4274,EMP01122,In Transit,2025-10-02 18:46:06,Address verification required
EVT0004305,SHP002906,BR1920,EMP00615,Out for Delivery,2025-03-03 13:31:57,Customer unavailable
EVT0004306,SHP004136,BR1358,EMP02760,Arrived at Hub,2025-07-13 19:52:29,Shipment delivered
EVT0004307,SHP002400,BR4962,EMP03486,In Transit,2025-05-13 15:54:15,Package scanned at hub
EVT0004308,SHP000312,BR1982,EMP03787,Delivered,2025-01-22 21:22:09,Address verification required
EVT0004309,SHP003711,BR4666,EMP04462,Delivered,2025-12-11 12:54:04,Address verification required
EVT0004310,SHP001348,BR4806,EMP01828,In Transit,2025-08-13 09:12:34,Vehicle departed
EVT0004311,SHP002324,BR0577,EMP00962,Arrived at Hub,2025-08-12 02:38:51,Shipment delivered
EVT0004312,SHP004827,BR0768,EMP03676,Delayed,2025-04-22 20:18:01,Customer unavailable
EVT0004313,SHP004597,BR1953,EMP03115,Picked Up,2025-03-05 14:19:18,Shipment processed successfully
EVT0004314,SHP000593,BR0319,EMP02081,Out for Delivery,2025-10-15 10:51:50,Vehicle departed
EVT0004315,SHP000844,BR1938,EMP04203,Delivered,2025-05-05 01:52:58,Package reached destination hub
EVT0004316,SHP004258,BR4086,EMP03022,Delayed,2025-05-12 00:28:52,Package scanned at hub
EVT0004317,SHP003710,BR4585,EMP04039,Booked,2025-03-29 12:46:17,Vehicle departed
EVT0004318,SHP003665,BR4996,EMP03503,Out for Delivery,2025-05-12 07:14:29,Customer unavailable
EVT0004319,SHP001177,BR2617,EMP00736,Arrived at Hub,2025-10-17 22:46:36,Vehicle departed
EVT0004320,SHP000379,BR1448,EMP04648,Picked Up,2025-04-03 10:26:14,Address verification required
EVT0004321,SHP002880,BR1096,EMP04476,Picked Up,2025-09-18 01:48:21,Shipment delivered
EVT0004322,SHP003181,BR2483,EMP03635,Booked,2025-04-12 01:51:59,Package scanned at hub
EVT0004323,SHP000848,BR3624,EMP02310,In Transit,2025-06-01 05:12:03,Package reached destination hub
EVT0004324,SHP002530,BR1395,EMP03542,Arrived at Hub,2025-02-18 22:33:34,Delivery agent assigned
EVT0004325,SHP003643,BR1847,EMP00176,Arrived at Hub,2025-05-22 11:06:22,Address verification required
EVT0004326,SHP004193,BR1994,EMP03161,Out for Delivery,2025-05-09 02:42:42,Package scanned at hub
EVT0004327,SHP004004,BR4693,EMP02445,Picked Up,2025-12-02 02:06:55,Package scanned at hub
EVT0004328,SHP001703,BR2945,EMP02047,In Transit,2025-12-25 23:31:56,Shipment delivered
EVT0004329,SHP004068,BR2235,EMP01058,Arrived at Hub,2025-12-28 09:26:53,Vehicle departed
EVT0004330,SHP002188,BR2934,EMP02367,Arrived at Hub,2025-05-08 08:19:14,Shipment delivered
EVT0004331,SHP004207,BR1763,EMP00027,Out for Delivery,2025-09-16 17:36:50,Package reached destination hub
EVT0004332,SHP003434,BR1373,EMP03292,Out for Delivery,2025-05-27 09:58:09,Package reached destination hub
EVT0004333,SHP000514,BR2376,EMP01505,In Transit,2025-11-21 02:11:19,Package scanned at hub
EVT0004334,SHP003055,BR4263,EMP01964,Delivered,2025-12-26 16:39:42,Delivery agent assigned
EVT0004335,SHP001727,BR0942,EMP00342,Arrived at Hub,2025-06-20 23:00:18,Address verification required
EVT0004336,SHP003609,BR4961,EMP04451,Delivered,2025-11-02 01:45:01,Delivery agent assigned
EVT0004337,SHP004939,BR1689,EMP01664,Booked,2025-04-22 13:59:00,Shipment delivered
EVT0004338,SHP004094,BR2117,EMP02860,Returned,2025-11-04 01:10:33,Package scanned at hub
EVT0004339,SHP001925,BR2719,EMP03367,In Transit,2025-07-05 11:30:22,Customer unavailable
EVT0004340,SHP001438,BR2694,EMP00648,Delivered,2025-09-02 04:45:08,Customer unavailable
EVT0004341,SHP004339,BR2163,EMP01834,In Transit,2025-06-09 20:01:14,Shipment processed successfully
EVT0004342,SHP003693,BR3540,EMP04487,Arrived at Hub,2025-03-31 10:48:25,Vehicle departed
EVT0004343,SHP001241,BR4549,EMP03638,Picked Up,2025-07-30 14:06:47,Package scanned at hub
EVT0004344,SHP001136,BR4385,EMP02399,Out for Delivery,2025-05-27 19:22:40,Package reached destination hub
EVT0004345,SHP000696,BR1729,EMP00224,Arrived at Hub,2025-01-29 21:19:39,Address verification required
EVT0004346,SHP004398,BR2879,EMP01319,Arrived at Hub,2025-11-29 22:57:45,Package scanned at hub
EVT0004347,SHP000909,BR4069,EMP00840,Booked,2025-09-08 17:34:00,Package scanned at hub
EVT0004348,SHP004133,BR1244,EMP04029,Arrived at Hub,2025-12-02 02:54:28,Shipment processed successfully
EVT0004349,SHP003426,BR2999,EMP02780,Delivered,2025-05-14 01:48:47,Customer unavailable
EVT0004350,SHP004368,BR4264,EMP01409,Picked Up,2025-01-09 01:43:25,Shipment processed successfully
EVT0004351,SHP001659,BR3463,EMP01827,Arrived at Hub,2025-09-16 14:41:52,Package reached destination hub
EVT0004352,SHP001367,BR4191,EMP03893,Arrived at Hub,2025-06-01 00:52:31,Shipment processed successfully
EVT0004353,SHP002272,BR1356,EMP00524,Delivered,2025-01-23 14:40:31,Package scanned at hub
EVT0004354,SHP003392,BR3364,EMP00216,Picked Up,2025-12-17 09:24:51,Delivery agent assigned
EVT0004355,SHP004790,BR4369,EMP03202,Booked,2025-08-22 19:41:58,Package scanned at hub
EVT0004356,SHP001045,BR3032,EMP04969,Booked,2025-07-01 10:59:12,Package scanned at hub
EVT0004357,SHP002388,BR3917,EMP00372,Arrived at Hub,2025-05-30 06:18:19,Address verification required
EVT0004358,SHP003787,BR1152,EMP02955,Picked Up,2025-08-12 16:04:15,Package reached destination hub
EVT0004359,SHP000864,BR0101,EMP01768,Delivered,2025-02-21 20:10:45,Package scanned at hub
EVT0004360,SHP002203,BR1251,EMP03074,Arrived at Hub,2025-06-23 00:02:06,Delivery agent assigned
EVT0004361,SHP000997,BR0495,EMP02874,In Transit,2025-11-24 12:02:50,Customer unavailable
EVT0004362,SHP001692,BR4053,EMP02686,In Transit,2025-01-15 16:19:14,Customer unavailable
EVT0004363,SHP003516,BR3433,EMP03153,Booked,2025-02-27 00:22:56,Address verification required
EVT0004364,SHP001947,BR3914,EMP04147,Delivered,2025-02-23 21:33:06,Customer unavailable
EVT0004365,SHP003391,BR1076,EMP04325,Delayed,2025-08-07 23:14:08,Delivery agent assigned
EVT0004366,SHP003888,BR0790,EMP04232,In Transit,2025-07-23 01:19:01,Delivery agent assigned
EVT0004367,SHP003374,BR0925,EMP00975,Picked Up,2025-11-22 08:00:35,Package reached destination hub
EVT0004368,SHP003345,BR2769,EMP03635,Returned,2025-08-24 16:29:28,Package reached destination hub
EVT0004369,SHP004720,BR0906,EMP04089,Booked,2025-04-13 17:16:29,Address verification required
EVT0004370,SHP002407,BR0487,EMP00671,Delayed,2025-10-28 09:33:21,Address verification required
EVT0004371,SHP000467,BR0899,EMP01578,In Transit,2025-09-27 21:43:32,Shipment delivered
EVT0004372,SHP001588,BR0473,EMP04411,In Transit,2025-07-03 20:50:13,Delivery agent assigned
EVT0004373,SHP004859,BR2961,EMP00025,Delivered,2025-04-01 07:49:22,Delivery agent assigned
EVT0004374,SHP003066,BR3471,EMP04831,Returned,2025-04-21 23:51:25,Address verification required
EVT0004375,SHP003020,BR1569,EMP04847,In Transit,2025-12-28 14:46:14,Shipment delivered
EVT0004376,SHP004902,BR4776,EMP02017,Out for Delivery,2025-05-05 12:57:14,Vehicle departed
EVT0004377,SHP002195,BR4655,EMP04937,Arrived at Hub,2025-10-18 09:45:39,Delivery agent assigned
EVT0004378,SHP000120,BR0986,EMP01478,Returned,2025-08-14 21:17:16,Shipment processed successfully
EVT0004379,SHP002475,BR3698,EMP04883,Out for Delivery,2025-12-07 06:56:49,Shipment processed successfully
EVT0004380,SHP002737,BR4194,EMP03582,In Transit,2025-01-26 07:46:44,Shipment processed successfully
EVT0004381,SHP004046,BR1856,EMP02713,In Transit,2025-01-31 03:33:26,Delivery agent assigned
EVT0004382,SHP003036,BR0753,EMP01150,Delivered,2025-12-13 12:57:32,Address verification required
EVT0004383,SHP003842,BR4470,EMP01118,Delivered,2025-12-27 02:46:28,Package scanned at hub
EVT0004384,SHP000379,BR3872,EMP01328,Picked Up,2026-01-02 06:09:09,Package reached destination hub
EVT0004385,SHP000742,BR4596,EMP02066,Arrived at Hub,2025-04-15 16:58:14,Package scanned at hub
EVT0004386,SHP001806,BR1458,EMP03529,Arrived at Hub,2025-05-31 06:18:31,Shipment processed successfully
EVT0004387,SHP004243,BR4486,EMP03172,Arrived at Hub,2025-08-12 14:28:43,Vehicle departed
EVT0004388,SHP001027,BR3636,EMP03265,Arrived at Hub,2025-01-10 15:12:42,Package scanned at hub
EVT0004389,SHP003094,BR0604,EMP03637,Booked,2025-09-18 05:34:01,Shipment delivered
EVT0004390,SHP004042,BR1428,EMP03395,Delayed,2026-01-02 14:41:01,Shipment processed successfully
EVT0004391,SHP002385,BR1410,EMP01360,Returned,2025-02-13 20:29:50,Address verification required
EVT0004392,SHP000772,BR0261,EMP01611,In Transit,2025-03-30 21:42:22,Delivery agent assigned
EVT0004393,SHP000128,BR0496,EMP03234,Arrived at Hub,2025-07-12 03:10:00,Vehicle departed
EVT0004394,SHP000542,BR2580,EMP00537,Arrived at Hub,2025-03-03 09:34:53,Shipment delivered
EVT0004395,SHP004641,BR1802,EMP03268,In Transit,2025-09-04 04:13:53,Shipment processed successfully
EVT0004396,SHP001120,BR2547,EMP03362,Delivered,2025-06-16 07:40:35,Customer unavailable
EVT0004397,SHP004155,BR3673,EMP04007,Delayed,2025-02-08 14:44:35,Shipment processed successfully
EVT0004398,SHP002361,BR3419,EMP01702,Delivered,2025-08-14 19:31:32,Delivery agent assigned
EVT0004399,SHP000867,BR1587,EMP02496,Picked Up,2025-10-14 16:33:45,Shipment processed successfully
EVT0004400,SHP001625,BR1540,EMP01816,Arrived at Hub,2025-07-31 05:41:28,Package reached destination hub
EVT0004401,SHP001364,BR3611,EMP02008,In Transit,2025-05-20 20:01:54,Shipment processed successfully
EVT0004402,SHP004261,BR3040,EMP00064,In Transit,2025-05-03 19:49:31,Address verification required
EVT0004403,SHP001795,BR2842,EMP01014,Picked Up,2025-06-14 14:21:53,Delivery agent assigned
EVT0004404,SHP002314,BR1609,EMP01309,Booked,2025-11-19 15:31:15,Customer unavailable
EVT0004405,SHP000799,BR4521,EMP03720,In Transit,2025-10-30 04:08:19,Shipment delivered
EVT0004406,SHP001790,BR4889,EMP02687,Out for Delivery,2025-05-14 13:44:50,Shipment delivered
EVT0004407,SHP002969,BR0418,EMP00984,Returned,2025-04-18 17:27:55,Shipment processed successfully
EVT0004408,SHP002709,BR4920,EMP01034,Out for Delivery,2025-08-23 13:54:33,Shipment processed successfully
EVT0004409,SHP003339,BR0652,EMP04027,Arrived at Hub,2025-02-02 13:23:43,Vehicle departed
EVT0004410,SHP003783,BR0877,EMP00260,Out for Delivery,2025-03-12 22:07:23,Package scanned at hub
EVT0004411,SHP000900,BR3044,EMP00160,Picked Up,2025-05-27 08:00:41,Vehicle departed
EVT0004412,SHP002304,BR1804,EMP04120,Out for Delivery,2025-05-02 16:47:34,Vehicle departed
EVT0004413,SHP002570,BR2961,EMP01337,In Transit,2025-09-23 04:45:35,Shipment delivered
EVT0004414,SHP003004,BR0968,EMP02240,Delayed,2025-02-26 13:51:31,Package reached destination hub
EVT0004415,SHP004726,BR0248,EMP00095,Out for Delivery,2025-02-09 23:12:47,Delivery agent assigned
EVT0004416,SHP000349,BR1906,EMP03665,In Transit,2025-05-19 17:21:53,Package reached destination hub
EVT0004417,SHP003125,BR0837,EMP04389,Out for Delivery,2025-08-22 06:05:37,Package reached destination hub
EVT0004418,SHP004043,BR4795,EMP04823,Picked Up,2025-12-08 00:50:48,Vehicle departed
EVT0004419,SHP004785,BR0068,EMP00107,Delayed,2025-03-29 06:38:49,Address verification required
EVT0004420,SHP002918,BR1184,EMP00389,Out for Delivery,2025-01-06 13:22:53,Address verification required
EVT0004421,SHP004407,BR3164,EMP01064,Picked Up,2025-02-09 01:26:31,Shipment processed successfully
EVT0004422,SHP001779,BR3339,EMP00586,Arrived at Hub,2025-02-22 15:13:50,Shipment processed successfully
EVT0004423,SHP003501,BR2828,EMP03692,In Transit,2025-01-23 07:16:05,Package scanned at hub
EVT0004424,SHP003949,BR4096,EMP04691,Picked Up,2025-10-20 02:40:17,Delivery agent assigned
EVT0004425,SHP004519,BR0781,EMP00484,Delivered,2025-06-16 15:43:45,Address verification required
EVT0004426,SHP004363,BR4936,EMP03324,Arrived at Hub,2025-04-03 13:54:13,Package reached destination hub
EVT0004427,SHP003412,BR4864,EMP02928,Delivered,2025-11-25 16:57:52,Package reached destination hub
EVT0004428,SHP001560,BR0211,EMP01228,Out for Delivery,2025-04-10 05:15:23,Shipment delivered
EVT0004429,SHP002908,BR2344,EMP00156,Delivered,2025-03-25 15:49:41,Package scanned at hub
EVT0004430,SHP001733,BR0698,EMP04585,Picked Up,2025-06-19 07:35:19,Shipment processed successfully
EVT0004431,SHP004681,BR3675,EMP03194,Delayed,2025-08-22 07:51:00,Package reached destination hub
EVT0004432,SHP004156,BR3214,EMP04558,Booked,2025-11-16 17:49:10,Address verification required
EVT0004433,SHP002799,BR3810,EMP01918,Picked Up,2025-04-08 00:24:50,Package reached destination hub
EVT0004434,SHP001725,BR0756,EMP04653,Picked Up,2025-08-03 11:06:15,Shipment delivered
EVT0004435,SHP002634,BR2665,EMP02475,Delivered,2025-05-06 01:53:24,Address verification required
EVT0004436,SHP001612,BR2440,EMP03510,Delayed,2025-05-16 15:11:13,Package scanned at hub
EVT0004437,SHP002450,BR3820,EMP02474,Out for Delivery,2025-11-23 10:18:59,Address verification required
EVT0004438,SHP001550,BR3656,EMP03214,In Transit,2025-06-17 10:22:23,Shipment delivered
EVT0004439,SHP000611,BR3749,EMP02045,Out for Delivery,2025-02-08 00:29:02,Package reached destination hub
EVT0004440,SHP001454,BR4465,EMP00230,Booked,2025-02-21 15:26:35,Shipment delivered
EVT0004441,SHP001647,BR1550,EMP03989,Booked,2025-11-29 17:48:14,Shipment processed successfully
EVT0004442,SHP003361,BR1288,EMP00369,Out for Delivery,2025-01-06 22:20:54,Shipment delivered
EVT0004443,SHP001496,BR0312,EMP04237,Delivered,2025-06-15 12:46:16,Vehicle departed
EVT0004444,SHP002900,BR4922,EMP03409,In Transit,2025-05-31 03:45:55,Customer unavailable
EVT0004445,SHP002664,BR1578,EMP00445,In Transit,2025-11-08 10:20:43,Shipment processed successfully
EVT0004446,SHP004403,BR4615,EMP02813,Picked Up,2025-08-07 04:37:10,Customer unavailable
EVT0004447,SHP004164,BR2338,EMP01423,Booked,2025-02-06 21:11:12,Package scanned at hub
EVT0004448,SHP000850,BR0855,EMP03390,In Transit,2025-08-24 12:14:08,Delivery agent assigned
EVT0004449,SHP002637,BR0151,EMP00194,Picked Up,2025-04-16 04:12:12,Vehicle departed
EVT0004450,SHP000008,BR3805,EMP03497,Picked Up,2025-10-27 19:26:37,Delivery agent assigned
EVT0004451,SHP002870,BR4149,EMP02944,Delivered,2026-01-07 22:14:46,Delivery agent assigned
EVT0004452,SHP002361,BR0628,EMP01364,Delivered,2025-06-29 15:57:44,Package reached destination hub
EVT0004453,SHP003862,BR0318,EMP02218,Delivered,2025-05-22 10:30:19,Vehicle departed
EVT0004454,SHP003961,BR0475,EMP01099,Out for Delivery,2025-07-14 11:02:11,Address verification required
EVT0004455,SHP004914,BR1749,EMP04390,Delivered,2025-02-27 17:54:44,Package reached destination hub
EVT0004456,SHP000129,BR2519,EMP00696,In Transit,2025-01-19 02:02:33,Vehicle departed
EVT0004457,SHP003651,BR2924,EMP02140,Booked,2025-06-27 21:18:51,Package scanned at hub
EVT0004458,SHP000492,BR3561,EMP04895,Arrived at Hub,2025-10-16 18:23:24,Customer unavailable
EVT0004459,SHP001380,BR0892,EMP03796,Out for Delivery,2025-06-16 04:35:39,Shipment delivered
EVT0004460,SHP002018,BR1417,EMP00671,In Transit,2025-01-15 02:12:05,Shipment delivered
EVT0004461,SHP002120,BR2079,EMP02481,Picked Up,2025-07-30 06:10:26,Shipment processed successfully
EVT0004462,SHP004231,BR3148,EMP04599,Returned,2025-05-31 22:55:52,Package scanned at hub
EVT0004463,SHP000951,BR2483,EMP01361,Out for Delivery,2025-05-26 14:16:52,Delivery agent assigned
EVT0004464,SHP000667,BR1634,EMP00425,Out for Delivery,2025-08-10 16:11:13,Package scanned at hub
EVT0004465,SHP001600,BR1648,EMP04002,Returned,2025-01-10 19:40:30,Package scanned at hub
EVT0004466,SHP004970,BR2760,EMP02421,Booked,2025-09-09 16:00:01,Delivery agent assigned
EVT0004467,SHP001014,BR3590,EMP02556,In Transit,2025-06-23 02:20:16,Vehicle departed
EVT0004468,SHP002722,BR0519,EMP03408,Arrived at Hub,2025-05-18 16:40:55,Vehicle departed
EVT0004469,SHP004022,BR3586,EMP02120,Booked,2025-05-02 03:40:37,Shipment processed successfully
EVT0004470,SHP002002,BR0349,EMP04630,Delayed,2025-06-16 18:39:59,Package reached destination hub
EVT0004471,SHP004953,BR4602,EMP01488,Arrived at Hub,2025-08-19 22:23:23,Package reached destination hub
EVT0004472,SHP001980,BR1449,EMP00970,In Transit,2025-06-17 03:41:39,Vehicle departed
EVT0004473,SHP000957,BR2039,EMP02794,Picked Up,2025-06-14 10:32:41,Delivery agent assigned
EVT0004474,SHP004572,BR3099,EMP01643,In Transit,2025-03-23 11:14:08,Vehicle departed
EVT0004475,SHP003668,BR0371,EMP01394,Delivered,2025-11-06 19:05:16,Package reached destination hub
EVT0004476,SHP004783,BR4354,EMP04970,Booked,2025-07-15 18:39:37,Delivery agent assigned
EVT0004477,SHP003976,BR3720,EMP04353,In Transit,2025-07-20 08:52:27,Package reached destination hub
EVT0004478,SHP002881,BR3976,EMP01903,Arrived at Hub,2025-10-10 09:05:09,Package scanned at hub
EVT0004479,SHP004247,BR4458,EMP01405,Delayed,2025-06-03 11:03:31,Delivery agent assigned
EVT0004480,SHP000401,BR2709,EMP04742,Arrived at Hub,2025-04-19 16:15:44,Vehicle departed
EVT0004481,SHP001876,BR0779,EMP03573,In Transit,2025-06-20 04:20:22,Package reached destination hub
EVT0004482,SHP000041,BR0259,EMP01815,Delivered,2025-08-25 19:50:09,Address verification required
EVT0004483,SHP002188,BR4835,EMP01920,Delivered,2025-04-12 00:40:29,Delivery agent assigned
EVT0004484,SHP003692,BR1978,EMP00900,Booked,2025-04-16 01:47:48,Customer unavailable
EVT0004485,SHP001130,BR3852,EMP03289,Delivered,2025-03-27 00:25:25,Vehicle departed
EVT0004486,SHP001579,BR4689,EMP03002,Delivered,2025-11-18 04:47:14,Address verification required
EVT0004487,SHP001485,BR3269,EMP00214,Out for Delivery,2025-09-01 03:16:15,Shipment delivered
EVT0004488,SHP004351,BR4264,EMP03425,Picked Up,2025-10-15 22:23:18,Package reached destination hub
EVT0004489,SHP004867,BR3760,EMP03331,Picked Up,2025-07-20 21:04:08,Delivery agent assigned
EVT0004490,SHP002055,BR3294,EMP02491,Arrived at Hub,2025-05-16 00:45:46,Package reached destination hub
EVT0004491,SHP001914,BR2415,EMP03867,Returned,2025-10-18 21:35:56,Customer unavailable
EVT0004492,SHP001569,BR4606,EMP01843,Arrived at Hub,2025-05-14 23:46:45,Delivery agent assigned
EVT0004493,SHP002389,BR0931,EMP04985,Out for Delivery,2025-04-24 09:31:21,Package reached destination hub
EVT0004494,SHP001855,BR3804,EMP01027,Delivered,2025-10-18 15:51:12,Package scanned at hub
EVT0004495,SHP001258,BR1245,EMP00680,Out for Delivery,2025-04-24 14:46:52,Package reached destination hub
EVT0004496,SHP000622,BR3127,EMP02085,In Transit,2026-01-07 13:47:13,Shipment delivered
EVT0004497,SHP003960,BR4079,EMP01839,Delayed,2025-12-01 21:32:52,Shipment delivered
EVT0004498,SHP000034,BR1946,EMP04381,Delivered,2025-09-13 06:41:48,Customer unavailable
EVT0004499,SHP002051,BR0974,EMP01190,Arrived at Hub,2025-02-12 15:30:41,Vehicle departed
EVT0004500,SHP001328,BR2289,EMP00414,Returned,2025-03-12 16:48:27,Customer unavailable
EVT0004501,SHP000623,BR3903,EMP01391,In Transit,2025-09-20 17:33:52,Delivery agent assigned
EVT0004502,SHP004697,BR4937,EMP02922,Delivered,2025-09-15 19:52:31,Package scanned at hub
EVT0004503,SHP003748,BR1325,EMP02577,Arrived at Hub,2025-08-13 16:32:49,Vehicle departed
EVT0004504,SHP004057,BR3178,EMP01296,Delivered,2025-08-01 19:48:16,Vehicle departed
EVT0004505,SHP004913,BR4218,EMP02669,Delayed,2025-03-29 11:06:11,Package scanned at hub
EVT0004506,SHP002169,BR3184,EMP00491,Booked,2025-06-27 17:15:30,Shipment processed successfully
EVT0004507,SHP002245,BR3920,EMP04985,Picked Up,2025-01-18 03:40:39,Package reached destination hub
EVT0004508,SHP004462,BR3658,EMP03561,Out for Delivery,2025-01-25 16:42:15,Address verification required
EVT0004509,SHP003815,BR0667,EMP01859,Delayed,2025-06-24 13:19:08,Address verification required
EVT0004510,SHP004259,BR4968,EMP00070,Picked Up,2026-01-02 13:54:30,Customer unavailable
EVT0004511,SHP003005,BR2969,EMP04059,Booked,2025-06-10 17:15:16,Vehicle departed
EVT0004512,SHP004580,BR4657,EMP04148,In Transit,2025-02-27 18:36:48,Package scanned at hub
EVT0004513,SHP002011,BR2421,EMP00879,Delivered,2025-05-14 03:58:52,Address verification required
EVT0004514,SHP002130,BR1216,EMP04616,Arrived at Hub,2025-02-07 06:52:32,Shipment processed successfully
EVT0004515,SHP003954,BR3323,EMP02441,Arrived at Hub,2025-10-29 20:50:24,Package scanned at hub
EVT0004516,SHP004204,BR0246,EMP02207,In Transit,2025-08-19 14:49:43,Package scanned at hub
EVT0004517,SHP003812,BR1844,EMP01309,Delivered,2025-10-31 21:53:50,Shipment delivered
EVT0004518,SHP000954,BR3969,EMP00175,Picked Up,2025-05-11 07:55:59,Shipment processed successfully
EVT0004519,SHP000838,BR3921,EMP04891,Delivered,2025-12-14 10:20:13,Customer unavailable
EVT0004520,SHP000529,BR4592,EMP03417,Delivered,2025-08-18 13:46:11,Vehicle departed
EVT0004521,SHP003909,BR3618,EMP00208,Delivered,2025-09-26 18:31:18,Shipment processed successfully
EVT0004522,SHP001216,BR1458,EMP02349,Delivered,2025-02-27 01:42:14,Package reached destination hub
EVT0004523,SHP001899,BR1665,EMP03228,Arrived at Hub,2025-08-18 13:07:28,Vehicle departed
EVT0004524,SHP002701,BR1935,EMP04541,Picked Up,2025-04-22 17:25:02,Address verification required
EVT0004525,SHP004019,BR2955,EMP04698,In Transit,2025-02-28 10:09:14,Shipment delivered
EVT0004526,SHP001918,BR4218,EMP02809,Picked Up,2025-12-24 01:06:54,Package reached destination hub
EVT0004527,SHP001785,BR3984,EMP01635,Delivered,2025-08-26 06:34:27,Shipment processed successfully
EVT0004528,SHP002868,BR4051,EMP01214,In Transit,2025-04-29 03:21:35,Vehicle departed
EVT0004529,SHP000641,BR2418,EMP03970,Out for Delivery,2025-09-27 07:07:40,Customer unavailable
EVT0004530,SHP002403,BR3854,EMP03690,Delivered,2025-09-03 03:48:06,Shipment delivered
EVT0004531,SHP003747,BR0130,EMP01698,Delivered,2025-06-26 16:19:42,Address verification required
EVT0004532,SHP003686,BR0329,EMP01328,Delayed,2025-09-08 15:11:39,Address verification required
EVT0004533,SHP004070,BR3546,EMP03307,Booked,2025-02-24 01:19:07,Package reached destination hub
EVT0004534,SHP001760,BR4160,EMP04480,Delivered,2025-12-02 12:48:13,Package scanned at hub
EVT0004535,SHP004113,BR4159,EMP01510,Arrived at Hub,2025-10-19 16:28:03,Package scanned at hub
EVT0004536,SHP000661,BR4585,EMP00438,Delivered,2025-08-05 03:53:36,Package reached destination hub
EVT0004537,SHP002511,BR2983,EMP04155,Delivered,2025-07-29 15:17:10,Address verification required
EVT0004538,SHP004159,BR2099,EMP04236,Booked,2025-06-30 08:25:49,Package scanned at hub
EVT0004539,SHP004092,BR1675,EMP03710,Picked Up,2025-10-24 20:23:12,Address verification required
EVT0004540,SHP000426,BR2707,EMP04300,Out for Delivery,2025-12-17 21:19:51,Package reached destination hub
EVT0004541,SHP003729,BR1399,EMP04355,Arrived at Hub,2025-01-21 18:06:55,Package reached destination hub
EVT0004542,SHP003882,BR0391,EMP00843,Arrived at Hub,2025-03-19 12:02:51,Vehicle departed
EVT0004543,SHP000670,BR1352,EMP04838,Delayed,2025-02-02 00:23:59,Customer unavailable
EVT0004544,SHP004281,BR2639,EMP03730,Picked Up,2025-10-10 05:03:27,Customer unavailable
EVT0004545,SHP002344,BR4182,EMP00651,In Transit,2025-08-31 06:35:35,Shipment delivered
EVT0004546,SHP000299,BR4721,EMP03549,Out for Delivery,2025-11-17 09:22:06,Shipment delivered
EVT0004547,SHP003062,BR3437,EMP03946,In Transit,2025-05-26 03:39:56,Customer unavailable
EVT0004548,SHP001970,BR4915,EMP00627,In Transit,2025-06-17 09:15:34,Package reached destination hub
EVT0004549,SHP003243,BR2811,EMP03847,Arrived at Hub,2025-04-07 19:56:46,Package reached destination hub
EVT0004550,SHP001264,BR4682,EMP00956,In Transit,2025-03-01 12:57:09,Vehicle departed
EVT0004551,SHP000250,BR1275,EMP04255,Arrived at Hub,2025-06-29 03:22:04,Address verification required
EVT0004552,SHP000413,BR1711,EMP02864,Delivered,2025-11-19 09:49:46,Address verification required
EVT0004553,SHP000684,BR2044,EMP01412,Returned,2025-04-08 02:03:20,Delivery agent assigned
EVT0004554,SHP000478,BR0623,EMP01791,In Transit,2025-03-14 01:51:09,Delivery agent assigned
EVT0004555,SHP004128,BR0297,EMP01937,Picked Up,2025-07-02 16:47:38,Customer unavailable
EVT0004556,SHP002027,BR1584,EMP03517,Booked,2025-09-13 08:32:12,Delivery agent assigned
EVT0004557,SHP002630,BR2409,EMP02537,Out for Delivery,2025-09-18 23:51:11,Customer unavailable
EVT0004558,SHP000447,BR4944,EMP01294,Arrived at Hub,2025-06-15 14:14:08,Shipment delivered
EVT0004559,SHP000105,BR1829,EMP03413,Picked Up,2025-02-23 14:23:49,Shipment processed successfully
EVT0004560,SHP003320,BR4232,EMP01817,Arrived at Hub,2025-04-14 00:55:41,Customer unavailable
EVT0004561,SHP004147,BR3203,EMP04403,Out for Delivery,2025-05-10 18:55:35,Package scanned at hub
EVT0004562,SHP004257,BR3861,EMP00018,Booked,2025-01-24 17:58:26,Shipment processed successfully
EVT0004563,SHP000881,BR3309,EMP04901,Arrived at Hub,2025-03-25 04:28:49,Delivery agent assigned
EVT0004564,SHP001364,BR4567,EMP03459,Delivered,2025-06-09 22:48:24,Customer unavailable
EVT0004565,SHP002120,BR4246,EMP00699,Arrived at Hub,2025-06-17 04:32:01,Vehicle departed
EVT0004566,SHP000124,BR0210,EMP01368,Booked,2025-11-12 01:59:17,Customer unavailable
EVT0004567,SHP000171,BR3635,EMP00766,In Transit,2025-08-28 11:58:45,Shipment delivered
EVT0004568,SHP001041,BR3197,EMP04614,Picked Up,2025-05-18 20:10:31,Shipment processed successfully
EVT0004569,SHP004046,BR2969,EMP01738,Delivered,2025-09-05 16:47:02,Package reached destination hub
EVT0004570,SHP004648,BR2383,EMP04907,Picked Up,2026-01-04 02:19:16,Package reached destination hub
EVT0004571,SHP004955,BR3812,EMP04564,Out for Delivery,2025-10-03 21:25:30,Shipment processed successfully
EVT0004572,SHP004792,BR1902,EMP03317,Arrived at Hub,2025-12-29 07:06:07,Package scanned at hub
EVT0004573,SHP001409,BR3548,EMP01284,In Transit,2025-11-12 06:34:03,Package scanned at hub
EVT0004574,SHP000128,BR0199,EMP02166,Out for Delivery,2026-01-02 08:40:32,Vehicle departed
EVT0004575,SHP004336,BR0176,EMP00288,Returned,2025-01-05 19:34:51,Vehicle departed
EVT0004576,SHP001860,BR2277,EMP03361,Out for Delivery,2025-10-06 10:20:46,Shipment delivered
EVT0004577,SHP003534,BR0626,EMP01882,Picked Up,2025-06-08 17:17:56,Vehicle departed
EVT0004578,SHP000655,BR3189,EMP03354,Returned,2025-01-30 09:58:42,Package reached destination hub
EVT0004579,SHP003834,BR1035,EMP02718,Picked Up,2025-09-24 13:55:12,Shipment delivered
EVT0004580,SHP000871,BR3590,EMP01991,In Transit,2025-09-12 21:58:14,Customer unavailable
EVT0004581,SHP004366,BR2288,EMP00977,Picked Up,2025-07-14 01:30:11,Package reached destination hub
EVT0004582,SHP000598,BR1704,EMP00264,Returned,2025-07-03 14:03:39,Delivery agent assigned
EVT0004583,SHP004710,BR0880,EMP03782,Arrived at Hub,2025-02-24 05:10:07,Customer unavailable
EVT0004584,SHP002874,BR3147,EMP00707,Picked Up,2026-01-01 01:10:58,Shipment processed successfully
EVT0004585,SHP001188,BR2873,EMP04968,In Transit,2025-10-06 21:33:36,Vehicle departed
EVT0004586,SHP002646,BR4711,EMP02100,Delivered,2025-08-24 09:53:19,Package scanned at hub
EVT0004587,SHP001915,BR3206,EMP04664,Booked,2025-02-01 08:43:01,Delivery agent assigned
EVT0004588,SHP001198,BR4097,EMP03692,Arrived at Hub,2025-09-09 12:13:48,Customer unavailable
EVT0004589,SHP000358,BR3212,EMP04795,In Transit,2025-09-19 20:55:37,Vehicle departed
EVT0004590,SHP001818,BR4657,EMP00709,Delayed,2025-12-21 21:34:43,Address verification required
EVT0004591,SHP002452,BR4687,EMP00894,Arrived at Hub,2025-07-19 13:03:51,Address verification required
EVT0004592,SHP004403,BR0575,EMP04233,Picked Up,2026-01-03 10:23:08,Vehicle departed
EVT0004593,SHP004947,BR0663,EMP00943,Picked Up,2025-07-05 18:35:12,Package reached destination hub
EVT0004594,SHP001906,BR4843,EMP03072,Out for Delivery,2025-01-29 09:51:44,Customer unavailable
EVT0004595,SHP003594,BR1425,EMP04374,Booked,2025-10-10 21:01:10,Package scanned at hub
EVT0004596,SHP003209,BR4355,EMP02213,Delivered,2025-07-13 23:29:29,Package reached destination hub
EVT0004597,SHP001562,BR2907,EMP01294,In Transit,2025-03-11 12:41:54,Shipment delivered
EVT0004598,SHP000061,BR3836,EMP01889,Out for Delivery,2025-07-05 16:44:20,Package scanned at hub
EVT0004599,SHP001305,BR2185,EMP02197,In Transit,2025-01-11 16:04:31,Customer unavailable
EVT0004600,SHP000029,BR0643,EMP03050,Booked,2025-04-20 06:39:40,Shipment processed successfully
EVT0004601,SHP001182,BR1914,EMP02663,Delivered,2025-07-19 07:27:23,Delivery agent assigned
EVT0004602,SHP002786,BR4197,EMP02735,Out for Delivery,2025-01-24 07:35:25,Delivery agent assigned
EVT0004603,SHP000607,BR1081,EMP02961,Picked Up,2025-04-11 22:03:17,Package reached destination hub
EVT0004604,SHP003845,BR3970,EMP00392,Arrived at Hub,2025-12-25 03:59:48,Address verification required
EVT0004605,SHP001091,BR3768,EMP00587,Delivered,2025-08-31 10:10:44,Delivery agent assigned
EVT0004606,SHP001703,BR3045,EMP03761,Picked Up,2025-05-28 14:42:02,Shipment delivered
EVT0004607,SHP000426,BR2280,EMP02498,Picked Up,2025-07-06 12:04:08,Address verification required
EVT0004608,SHP004295,BR4895,EMP03402,Delivered,2025-03-08 07:56:53,Address verification required
EVT0004609,SHP002017,BR0825,EMP04798,Picked Up,2025-04-03 22:49:30,Vehicle departed
EVT0004610,SHP001385,BR0250,EMP02027,Delivered,2025-01-31 05:44:00,Customer unavailable
EVT0004611,SHP003374,BR0418,EMP02522,Picked Up,2025-03-04 07:03:01,Vehicle departed
EVT0004612,SHP003849,BR2505,EMP01061,Picked Up,2025-02-11 08:51:03,Address verification required
EVT0004613,SHP001091,BR3234,EMP03648,Booked,2025-03-17 01:36:15,Shipment delivered
EVT0004614,SHP002185,BR1866,EMP01749,Picked Up,2025-07-28 23:57:49,Address verification required
EVT0004615,SHP003925,BR4745,EMP04971,In Transit,2025-06-11 11:09:47,Package reached destination hub
EVT0004616,SHP002031,BR2375,EMP01190,In Transit,2025-07-03 03:32:13,Package reached destination hub
EVT0004617,SHP004327,BR2714,EMP01016,Returned,2025-11-15 23:29:59,Shipment delivered
EVT0004618,SHP003874,BR3503,EMP01838,Delivered,2025-03-29 13:25:45,Address verification required
EVT0004619,SHP004230,BR0714,EMP02684,Out for Delivery,2025-08-12 12:45:25,Vehicle departed
EVT0004620,SHP000425,BR0238,EMP00465,In Transit,2025-09-16 15:04:52,Customer unavailable
EVT0004621,SHP002685,BR3778,EMP02275,Picked Up,2025-09-26 12:57:17,Shipment processed successfully
EVT0004622,SHP002671,BR3620,EMP02985,Delivered,2025-02-13 18:55:23,Shipment processed successfully
EVT0004623,SHP003910,BR0287,EMP03560,Returned,2025-03-23 23:34:54,Customer unavailable
EVT0004624,SHP003250,BR0405,EMP00193,Out for Delivery,2025-12-24 11:49:26,Customer unavailable
EVT0004625,SHP000580,BR1986,EMP04866,In Transit,2025-06-29 02:23:53,Shipment delivered
EVT0004626,SHP000719,BR2729,EMP01687,In Transit,2025-04-30 11:49:29,Shipment delivered
EVT0004627,SHP004507,BR4311,EMP02762,Picked Up,2025-08-09 12:43:33,Vehicle departed
EVT0004628,SHP002893,BR1090,EMP03795,Delivered,2025-11-05 04:38:13,Package reached destination hub
EVT0004629,SHP002154,BR3115,EMP00087,Picked Up,2025-03-28 13:36:42,Address verification required
EVT0004630,SHP000744,BR4347,EMP02005,In Transit,2025-09-20 08:21:02,Address verification required
EVT0004631,SHP001596,BR0246,EMP01033,Out for Delivery,2025-10-21 10:18:19,Delivery agent assigned
EVT0004632,SHP003234,BR4097,EMP04512,Delivered,2025-04-20 10:39:56,Package scanned at hub
EVT0004633,SHP004286,BR3469,EMP04541,In Transit,2025-12-19 20:50:18,Package scanned at hub
EVT0004634,SHP000271,BR4023,EMP00991,Booked,2025-08-05 17:44:52,Shipment processed successfully
EVT0004635,SHP003040,BR2185,EMP01683,Booked,2025-03-31 05:26:47,Shipment processed successfully
EVT0004636,SHP000405,BR4187,EMP01462,In Transit,2025-04-19 11:23:34,Package scanned at hub
EVT0004637,SHP004335,BR0884,EMP04001,In Transit,2025-10-04 02:39:35,Shipment processed successfully
EVT0004638,SHP002984,BR2871,EMP02175,Delivered,2025-02-04 10:10:39,Package reached destination hub
EVT0004639,SHP001238,BR4272,EMP04090,In Transit,2025-12-12 17:35:49,Vehicle departed
EVT0004640,SHP001389,BR3934,EMP00512,In Transit,2025-04-13 19:30:51,Package reached destination hub
EVT0004641,SHP003734,BR1933,EMP03201,Arrived at Hub,2025-06-20 06:33:52,Delivery agent assigned
EVT0004642,SHP001883,BR4328,EMP01988,In Transit,2025-07-12 16:47:13,Package scanned at hub
EVT0004643,SHP003226,BR0852,EMP03957,Arrived at Hub,2025-05-21 17:28:35,Customer unavailable
EVT0004644,SHP001181,BR2505,EMP01445,In Transit,2025-07-16 01:32:35,Customer unavailable
EVT0004645,SHP002885,BR2024,EMP01908,Booked,2025-09-01 12:02:44,Address verification required
EVT0004646,SHP001844,BR3253,EMP04147,Out for Delivery,2025-12-20 19:09:47,Package scanned at hub
EVT0004647,SHP002087,BR3587,EMP04248,Delivered,2025-08-18 00:24:11,Address verification required
EVT0004648,SHP004473,BR1574,EMP02306,In Transit,2025-04-19 18:24:41,Package reached destination hub
EVT0004649,SHP003135,BR1393,EMP00502,In Transit,2025-01-10 09:46:55,Package scanned at hub
EVT0004650,SHP000880,BR3228,EMP02754,In Transit,2025-07-14 05:12:50,Shipment processed successfully
EVT0004651,SHP002826,BR1256,EMP04298,Picked Up,2025-11-20 11:38:22,Address verification required
EVT0004652,SHP003534,BR2066,EMP02254,In Transit,2025-07-16 12:09:01,Address verification required
EVT0004653,SHP000633,BR1809,EMP01353,In Transit,2025-10-17 14:30:29,Vehicle departed
EVT0004654,SHP003975,BR0692,EMP02084,Out for Delivery,2025-12-27 22:59:57,Delivery agent assigned
EVT0004655,SHP003497,BR1277,EMP03804,Out for Delivery,2025-09-09 00:29:07,Customer unavailable
EVT0004656,SHP004605,BR1720,EMP04053,Picked Up,2025-09-30 18:58:17,Delivery agent assigned
EVT0004657,SHP004631,BR1485,EMP02066,Arrived at Hub,2025-06-02 06:20:28,Delivery agent assigned
EVT0004658,SHP003840,BR2268,EMP02995,In Transit,2025-02-09 16:35:20,Shipment delivered
EVT0004659,SHP001721,BR0257,EMP01887,Delivered,2025-06-28 19:05:38,Vehicle departed
EVT0004660,SHP001204,BR0837,EMP01079,Returned,2025-09-26 10:29:46,Shipment processed successfully
EVT0004661,SHP002044,BR1932,EMP03523,In Transit,2025-01-31 12:31:16,Address verification required
EVT0004662,SHP004471,BR4386,EMP00335,Out for Delivery,2025-05-03 18:44:26,Shipment processed successfully
EVT0004663,SHP001598,BR2488,EMP00508,In Transit,2025-10-15 21:36:17,Package scanned at hub
EVT0004664,SHP000036,BR1152,EMP00848,Booked,2025-09-08 20:24:11,Package scanned at hub
EVT0004665,SHP000023,BR4951,EMP00265,Picked Up,2025-09-09 17:07:44,Package reached destination hub
EVT0004666,SHP000852,BR1812,EMP03158,Delivered,2025-04-24 12:33:59,Package reached destination hub
EVT0004667,SHP003550,BR0798,EMP04849,Arrived at Hub,2025-03-05 08:21:07,Address verification required
EVT0004668,SHP001796,BR1297,EMP04692,Returned,2025-09-11 23:55:14,Package reached destination hub
EVT0004669,SHP003745,BR3891,EMP03727,In Transit,2025-06-17 10:57:47,Vehicle departed
EVT0004670,SHP000179,BR1576,EMP04196,Booked,2025-11-15 09:05:20,Address verification required
EVT0004671,SHP001363,BR2667,EMP00946,Picked Up,2025-12-17 00:58:34,Package scanned at hub
EVT0004672,SHP001211,BR1525,EMP01644,Picked Up,2025-10-20 18:02:57,Address verification required
EVT0004673,SHP003756,BR1845,EMP04001,Booked,2025-04-02 22:22:43,Vehicle departed
EVT0004674,SHP004349,BR1734,EMP02018,In Transit,2025-02-19 18:59:38,Package reached destination hub
EVT0004675,SHP003968,BR1797,EMP01402,Out for Delivery,2025-05-31 13:30:55,Vehicle departed
EVT0004676,SHP003460,BR1921,EMP03396,Picked Up,2025-02-27 15:30:30,Address verification required
EVT0004677,SHP004298,BR4497,EMP04653,Picked Up,2025-06-08 11:03:08,Package reached destination hub
EVT0004678,SHP000397,BR0900,EMP03014,Picked Up,2025-02-27 01:04:36,Package scanned at hub
EVT0004679,SHP000327,BR3248,EMP02144,Returned,2025-02-06 19:59:42,Delivery agent assigned
EVT0004680,SHP000029,BR3054,EMP03308,Delivered,2025-04-11 14:08:19,Customer unavailable
EVT0004681,SHP000472,BR0358,EMP00983,Delivered,2025-06-18 02:54:01,Package scanned at hub
EVT0004682,SHP001767,BR3221,EMP00793,Delivered,2025-11-21 16:16:49,Package scanned at hub
EVT0004683,SHP002410,BR3909,EMP01247,Arrived at Hub,2025-08-23 02:58:58,Vehicle departed
EVT0004684,SHP001578,BR2595,EMP03307,Delivered,2025-09-24 07:14:13,Package scanned at hub
EVT0004685,SHP004576,BR1464,EMP02013,Delayed,2025-11-22 00:29:29,Package reached destination hub
EVT0004686,SHP001123,BR1898,EMP04452,Delivered,2025-03-27 15:08:19,Address verification required
EVT0004687,SHP003680,BR1253,EMP02790,Booked,2025-02-20 21:47:44,Shipment processed successfully
EVT0004688,SHP004902,BR0279,EMP04964,Delivered,2025-04-25 09:30:20,Address verification required
EVT0004689,SHP002464,BR4880,EMP00220,In Transit,2025-03-24 14:34:09,Package scanned at hub
EVT0004690,SHP002171,BR1194,EMP02389,In Transit,2025-11-22 18:22:29,Delivery agent assigned
EVT0004691,SHP004950,BR2168,EMP03133,Picked Up,2025-12-07 07:57:21,Package scanned at hub
EVT0004692,SHP004853,BR0545,EMP04007,In Transit,2025-07-10 06:28:18,Package reached destination hub
EVT0004693,SHP000793,BR1303,EMP02817,Delivered,2025-02-19 18:05:25,Address verification required
EVT0004694,SHP001025,BR4128,EMP02219,Delayed,2025-06-18 23:09:29,Package scanned at hub
EVT0004695,SHP000817,BR1204,EMP02751,In Transit,2025-08-03 08:11:31,Customer unavailable
EVT0004696,SHP003584,BR3261,EMP02915,In Transit,2025-08-25 23:25:42,Package scanned at hub
EVT0004697,SHP003237,BR2360,EMP03519,Out for Delivery,2025-10-11 04:04:26,Vehicle departed
EVT0004698,SHP001461,BR1881,EMP00036,Delayed,2025-12-18 19:51:35,Shipment processed successfully
EVT0004699,SHP004033,BR1425,EMP01237,Delivered,2025-01-10 17:52:13,Package reached destination hub
EVT0004700,SHP002925,BR0053,EMP04621,Delayed,2025-08-27 10:02:24,Shipment delivered
EVT0004701,SHP001431,BR3491,EMP02338,Delivered,2025-04-11 12:02:06,Vehicle departed
EVT0004702,SHP001586,BR3318,EMP00511,Delivered,2025-05-10 21:43:58,Vehicle departed
EVT0004703,SHP000499,BR3790,EMP03101,In Transit,2025-04-07 16:14:31,Vehicle departed
EVT0004704,SHP003092,BR1565,EMP04254,In Transit,2025-08-28 20:06:35,Customer unavailable
EVT0004705,SHP002531,BR1159,EMP00671,In Transit,2025-02-10 18:01:25,Package reached destination hub
EVT0004706,SHP000703,BR0845,EMP00702,Arrived at Hub,2025-01-28 14:18:22,Vehicle departed
EVT0004707,SHP000023,BR3305,EMP01903,In Transit,2025-07-27 12:46:59,Package scanned at hub
EVT0004708,SHP003254,BR2630,EMP04833,In Transit,2025-10-13 13:36:55,Customer unavailable
EVT0004709,SHP000905,BR2886,EMP03448,Picked Up,2025-09-05 10:03:33,Customer unavailable
EVT0004710,SHP000836,BR1030,EMP01246,Arrived at Hub,2025-05-04 01:17:34,Shipment processed successfully
EVT0004711,SHP000007,BR3149,EMP01856,In Transit,2025-06-01 10:57:30,Customer unavailable
EVT0004712,SHP001447,BR2689,EMP00010,Delivered,2025-12-31 01:51:13,Delivery agent assigned
EVT0004713,SHP002038,BR3458,EMP04832,Arrived at Hub,2025-07-26 03:17:23,Package scanned at hub
EVT0004714,SHP000388,BR1200,EMP02783,Arrived at Hub,2025-08-31 08:19:32,Package scanned at hub
EVT0004715,SHP002733,BR4821,EMP00458,Arrived at Hub,2025-12-07 20:52:07,Package scanned at hub
EVT0004716,SHP001327,BR2773,EMP01477,Out for Delivery,2025-07-10 19:50:00,Customer unavailable
EVT0004717,SHP004295,BR4252,EMP04595,Arrived at Hub,2025-05-22 10:03:40,Package scanned at hub
EVT0004718,SHP004682,BR0085,EMP02805,Delayed,2025-11-15 14:57:47,Shipment processed successfully
EVT0004719,SHP004468,BR1489,EMP00740,Picked Up,2025-09-12 18:37:11,Shipment processed successfully
EVT0004720,SHP004301,BR0980,EMP04189,Booked,2025-10-29 05:13:53,Address verification required
EVT0004721,SHP001604,BR0300,EMP04936,Picked Up,2025-09-02 07:57:55,Package scanned at hub
EVT0004722,SHP001378,BR4549,EMP03062,Arrived at Hub,2025-07-02 05:38:52,Package scanned at hub
EVT0004723,SHP003377,BR3660,EMP04471,In Transit,2025-03-29 11:35:23,Address verification required
EVT0004724,SHP003438,BR3469,EMP01123,Delivered,2025-10-29 13:00:07,Package reached destination hub
EVT0004725,SHP001479,BR3407,EMP04939,In Transit,2025-05-17 21:11:29,Shipment processed successfully
EVT0004726,SHP003215,BR1263,EMP02802,Out for Delivery,2025-01-13 21:30:39,Package reached destination hub
EVT0004727,SHP001808,BR1289,EMP02721,Booked,2025-04-28 04:08:19,Shipment delivered
EVT0004728,SHP003230,BR2472,EMP02453,Booked,2025-10-02 18:49:48,Vehicle departed
EVT0004729,SHP003963,BR3687,EMP02900,Arrived at Hub,2025-07-27 10:46:08,Shipment delivered
EVT0004730,SHP004511,BR3913,EMP03895,In Transit,2025-04-13 14:14:38,Delivery agent assigned
EVT0004731,SHP000263,BR4228,EMP02491,Picked Up,2025-06-01 02:49:15,Delivery agent assigned
EVT0004732,SHP001798,BR4097,EMP00862,Out for Delivery,2025-10-28 08:44:50,Shipment processed successfully
EVT0004733,SHP003926,BR1297,EMP01838,In Transit,2025-07-04 04:18:43,Shipment processed successfully
EVT0004734,SHP000448,BR3131,EMP02283,Returned,2025-01-10 09:46:51,Shipment processed successfully
EVT0004735,SHP001349,BR0716,EMP01382,In Transit,2025-10-11 00:27:59,Package reached destination hub
EVT0004736,SHP002492,BR0809,EMP03048,Delivered,2025-05-28 02:08:04,Shipment delivered
EVT0004737,SHP000746,BR1910,EMP02943,Picked Up,2025-07-06 03:30:21,Package reached destination hub
EVT0004738,SHP000645,BR1157,EMP04172,Booked,2025-03-26 05:45:32,Address verification required
EVT0004739,SHP002134,BR1919,EMP04618,In Transit,2025-10-10 18:19:14,Vehicle departed
EVT0004740,SHP003170,BR2826,EMP02185,Booked,2025-10-28 03:09:54,Customer unavailable
EVT0004741,SHP003785,BR2734,EMP04610,Arrived at Hub,2025-09-18 08:06:22,Package reached destination hub
EVT0004742,SHP000463,BR4886,EMP04454,Out for Delivery,2025-08-28 02:31:14,Package reached destination hub
EVT0004743,SHP004849,BR2628,EMP02609,In Transit,2025-10-01 07:46:22,Shipment delivered
EVT0004744,SHP001222,BR1543,EMP03215,In Transit,2025-12-19 17:54:02,Delivery agent assigned
EVT0004745,SHP003527,BR1243,EMP02721,Arrived at Hub,2025-03-10 13:34:36,Customer unavailable
EVT0004746,SHP004806,BR4995,EMP04678,Picked Up,2025-03-22 07:30:19,Address verification required
EVT0004747,SHP003835,BR2066,EMP03889,Out for Delivery,2025-10-02 11:24:32,Shipment delivered
EVT0004748,SHP002990,BR0422,EMP02297,Out for Delivery,2025-01-21 14:33:29,Package reached destination hub
EVT0004749,SHP004645,BR1592,EMP02547,Booked,2025-08-23 18:01:30,Shipment delivered
EVT0004750,SHP004580,BR2876,EMP04992,Picked Up,2025-06-18 22:08:36,Shipment processed successfully
EVT0004751,SHP003775,BR4858,EMP04294,Arrived at Hub,2025-04-04 10:27:41,Delivery agent assigned
EVT0004752,SHP004607,BR3552,EMP04817,Delayed,2025-12-01 05:43:34,Delivery agent assigned
EVT0004753,SHP004298,BR2285,EMP04341,Delivered,2025-01-18 13:39:12,Package scanned at hub
EVT0004754,SHP004582,BR3023,EMP00728,Booked,2025-02-12 12:19:52,Customer unavailable
EVT0004755,SHP003164,BR3302,EMP03448,Picked Up,2025-08-06 22:04:41,Shipment delivered
EVT0004756,SHP001323,BR1844,EMP01943,Delivered,2025-06-03 21:27:44,Shipment processed successfully
EVT0004757,SHP003799,BR2319,EMP00664,Booked,2025-12-24 21:13:11,Customer unavailable
EVT0004758,SHP003701,BR2140,EMP03573,Delayed,2025-04-26 09:01:15,Shipment delivered
EVT0004759,SHP002089,BR2260,EMP01641,Delivered,2025-03-13 01:46:36,Delivery agent assigned
EVT0004760,SHP001193,BR2937,EMP02507,Arrived at Hub,2025-02-11 03:59:56,Shipment processed successfully
EVT0004761,SHP001891,BR3434,EMP03826,Picked Up,2025-11-16 00:21:10,Address verification required
EVT0004762,SHP004696,BR4997,EMP03591,Delivered,2025-08-09 09:41:34,Address verification required
EVT0004763,SHP004355,BR4678,EMP04311,In Transit,2025-12-18 00:19:41,Delivery agent assigned
EVT0004764,SHP004757,BR2421,EMP03531,Out for Delivery,2025-01-25 14:57:56,Package scanned at hub
EVT0004765,SHP003574,BR4860,EMP01890,Out for Delivery,2025-10-03 23:12:14,Vehicle departed
EVT0004766,SHP001307,BR3676,EMP00399,In Transit,2025-03-16 06:17:29,Customer unavailable
EVT0004767,SHP004492,BR4790,EMP01379,In Transit,2025-12-13 14:46:22,Customer unavailable
EVT0004768,SHP003481,BR2991,EMP02202,Arrived at Hub,2025-10-27 16:11:26,Vehicle departed
EVT0004769,SHP000864,BR3945,EMP00669,Out for Delivery,2025-05-06 21:07:22,Package scanned at hub
EVT0004770,SHP002891,BR2140,EMP03410,Out for Delivery,2025-01-09 14:06:06,Customer unavailable
EVT0004771,SHP000486,BR1760,EMP00059,Arrived at Hub,2025-02-22 02:09:57,Package reached destination hub
EVT0004772,SHP000806,BR4731,EMP03622,Booked,2025-01-16 12:04:06,Vehicle departed
EVT0004773,SHP002950,BR2565,EMP00902,Picked Up,2025-10-13 22:02:58,Customer unavailable
EVT0004774,SHP003521,BR2460,EMP02679,In Transit,2025-10-15 17:33:06,Shipment processed successfully
EVT0004775,SHP001102,BR4852,EMP02293,Out for Delivery,2025-01-12 00:35:19,Shipment delivered
EVT0004776,SHP000365,BR3759,EMP04409,Out for Delivery,2025-08-25 08:35:15,Delivery agent assigned
EVT0004777,SHP002501,BR4200,EMP04049,In Transit,2025-05-27 02:49:54,Package scanned at hub
EVT0004778,SHP003534,BR0213,EMP02774,Delivered,2025-04-04 23:54:33,Customer unavailable
EVT0004779,SHP001752,BR4566,EMP03053,In Transit,2025-07-31 08:37:04,Address verification required
EVT0004780,SHP004222,BR2068,EMP01342,In Transit,2025-02-17 00:02:38,Shipment delivered
EVT0004781,SHP001992,BR3695,EMP04278,Delivered,2025-03-27 14:46:53,Delivery agent assigned
EVT0004782,SHP003464,BR0194,EMP01150,Picked Up,2025-01-06 09:15:44,Vehicle departed
EVT0004783,SHP003751,BR0479,EMP00582,Picked Up,2025-11-12 18:03:37,Vehicle departed
EVT0004784,SHP000328,BR0714,EMP00845,In Transit,2025-03-18 11:24:40,Shipment processed successfully
EVT0004785,SHP001765,BR3604,EMP01784,In Transit,2025-03-07 00:12:48,Package reached destination hub
EVT0004786,SHP000460,BR0494,EMP03448,In Transit,2025-09-11 22:40:05,Delivery agent assigned
EVT0004787,SHP003339,BR4346,EMP02878,In Transit,2025-05-31 01:33:18,Shipment processed successfully
EVT0004788,SHP003308,BR4327,EMP01647,Delayed,2025-09-30 21:10:07,Customer unavailable
EVT0004789,SHP002687,BR0379,EMP03041,Delivered,2025-04-14 21:12:55,Vehicle departed
EVT0004790,SHP001025,BR2996,EMP02403,Picked Up,2025-10-03 19:37:05,Vehicle departed
EVT0004791,SHP002195,BR1388,EMP04090,Arrived at Hub,2025-02-12 11:11:01,Vehicle departed
EVT0004792,SHP003970,BR2288,EMP01886,Out for Delivery,2025-09-10 23:47:27,Delivery agent assigned
EVT0004793,SHP001297,BR2134,EMP04899,Out for Delivery,2025-04-13 17:54:47,Shipment processed successfully
EVT0004794,SHP002242,BR3171,EMP00804,In Transit,2025-03-13 06:12:40,Address verification required
EVT0004795,SHP004927,BR4361,EMP00655,Booked,2025-04-30 17:29:34,Shipment processed successfully
EVT0004796,SHP004071,BR1863,EMP04391,Delivered,2025-01-05 20:22:01,Address verification required
EVT0004797,SHP003951,BR1725,EMP00522,In Transit,2025-04-30 02:50:11,Customer unavailable
EVT0004798,SHP001293,BR3987,EMP02631,Out for Delivery,2025-11-25 13:59:21,Package scanned at hub
EVT0004799,SHP004828,BR4889,EMP02348,Arrived at Hub,2025-05-03 08:37:46,Shipment delivered
EVT0004800,SHP001626,BR4845,EMP01957,In Transit,2025-05-27 13:33:45,Package scanned at hub
EVT0004801,SHP003313,BR2261,EMP04153,Delivered,2025-10-18 20:52:11,Shipment processed successfully
EVT0004802,SHP002627,BR4870,EMP02546,In Transit,2025-04-29 11:14:48,Vehicle departed
EVT0004803,SHP003634,BR4593,EMP03700,Arrived at Hub,2025-08-06 19:21:12,Delivery agent assigned
EVT0004804,SHP003384,BR0013,EMP02221,Picked Up,2025-12-12 04:26:19,Address verification required
EVT0004805,SHP002293,BR4497,EMP02409,Picked Up,2025-11-21 04:57:02,Package scanned at hub
EVT0004806,SHP003195,BR1639,EMP03444,Booked,2025-07-11 19:56:40,Package reached destination hub
EVT0004807,SHP001071,BR4946,EMP02009,In Transit,2025-02-01 12:57:40,Package scanned at hub
EVT0004808,SHP003267,BR1958,EMP00613,In Transit,2025-08-13 11:36:21,Customer unavailable
EVT0004809,SHP000710,BR3850,EMP03217,Picked Up,2025-02-04 13:21:37,Shipment processed successfully
EVT0004810,SHP001630,BR4629,EMP01973,Arrived at Hub,2025-09-20 00:25:17,Package scanned at hub
EVT0004811,SHP000139,BR0581,EMP03104,Picked Up,2025-04-17 15:25:20,Shipment processed successfully
EVT0004812,SHP003674,BR2878,EMP00765,Out for Delivery,2025-12-07 03:05:57,Delivery agent assigned
EVT0004813,SHP003478,BR3190,EMP02033,Delivered,2025-09-18 14:22:37,Delivery agent assigned
EVT0004814,SHP001330,BR3977,EMP03596,Picked Up,2025-03-24 03:41:32,Vehicle departed
EVT0004815,SHP002191,BR3251,EMP03655,Picked Up,2025-03-13 06:10:59,Customer unavailable
EVT0004816,SHP001849,BR3713,EMP01689,In Transit,2025-06-09 07:02:46,Customer unavailable
EVT0004817,SHP000483,BR3975,EMP03653,Booked,2025-01-29 21:30:27,Shipment delivered
EVT0004818,SHP002393,BR4140,EMP04842,Out for Delivery,2025-11-12 16:35:46,Package scanned at hub
EVT0004819,SHP002482,BR2357,EMP03274,In Transit,2025-02-24 04:43:35,Delivery agent assigned
EVT0004820,SHP002442,BR1055,EMP00230,Delivered,2025-10-15 03:50:58,Shipment delivered
EVT0004821,SHP003315,BR0650,EMP03812,In Transit,2025-01-19 10:32:24,Package scanned at hub
EVT0004822,SHP004889,BR1004,EMP01744,Out for Delivery,2025-05-19 15:08:53,Address verification required
EVT0004823,SHP003337,BR2953,EMP04223,Booked,2025-09-02 00:16:49,Shipment delivered
EVT0004824,SHP002518,BR2965,EMP01335,Booked,2025-07-03 04:59:28,Address verification required
EVT0004825,SHP003252,BR1829,EMP04215,Out for Delivery,2025-05-26 20:31:47,Delivery agent assigned
EVT0004826,SHP002340,BR3447,EMP00843,Delivered,2025-08-11 14:42:34,Vehicle departed
EVT0004827,SHP001794,BR1955,EMP02572,Arrived at Hub,2025-11-15 21:07:54,Vehicle departed
EVT0004828,SHP003222,BR4558,EMP04116,Delivered,2025-01-29 13:36:47,Customer unavailable
EVT0004829,SHP002837,BR0790,EMP00282,Arrived at Hub,2025-08-27 02:20:08,Delivery agent assigned
EVT0004830,SHP003306,BR0172,EMP03461,Arrived at Hub,2025-04-14 12:37:47,Address verification required
EVT0004831,SHP000803,BR4674,EMP00820,In Transit,2025-11-30 10:33:35,Delivery agent assigned
EVT0004832,SHP000986,BR1333,EMP01677,Picked Up,2025-01-22 12:08:01,Package scanned at hub
EVT0004833,SHP000449,BR0806,EMP02096,Picked Up,2025-06-21 21:26:21,Shipment delivered
EVT0004834,SHP000295,BR2534,EMP01487,Delivered,2025-05-07 23:09:42,Package scanned at hub
EVT0004835,SHP001244,BR3358,EMP02626,Arrived at Hub,2025-12-09 10:17:21,Shipment processed successfully
EVT0004836,SHP003217,BR4595,EMP02386,Delivered,2025-11-21 18:28:37,Shipment processed successfully
EVT0004837,SHP003935,BR3200,EMP03166,Picked Up,2025-10-09 04:59:53,Shipment processed successfully
EVT0004838,SHP004816,BR0050,EMP00706,Out for Delivery,2025-09-23 15:09:57,Vehicle departed
EVT0004839,SHP000241,BR1822,EMP01216,In Transit,2025-02-03 20:34:10,Vehicle departed
EVT0004840,SHP001449,BR1837,EMP01424,Delivered,2025-11-03 06:44:17,Delivery agent assigned
EVT0004841,SHP004681,BR3078,EMP02634,Picked Up,2025-06-20 12:10:38,Vehicle departed
EVT0004842,SHP000225,BR3541,EMP02274,Returned,2025-10-28 18:46:32,Address verification required
EVT0004843,SHP000178,BR3125,EMP00816,Arrived at Hub,2025-10-21 21:55:38,Address verification required
EVT0004844,SHP001710,BR3645,EMP04829,In Transit,2025-11-29 00:59:32,Package reached destination hub
EVT0004845,SHP000912,BR1189,EMP02594,Picked Up,2025-11-25 04:03:52,Delivery agent assigned
EVT0004846,SHP001100,BR4989,EMP04219,Arrived at Hub,2025-04-08 20:45:42,Customer unavailable
EVT0004847,SHP000854,BR0933,EMP01081,Delayed,2025-01-25 21:30:26,Shipment delivered
EVT0004848,SHP004634,BR2547,EMP02063,In Transit,2025-04-28 16:25:05,Customer unavailable
EVT0004849,SHP001563,BR2705,EMP04970,Booked,2025-09-03 22:37:47,Vehicle departed
EVT0004850,SHP004236,BR1655,EMP02033,In Transit,2025-08-15 18:32:37,Address verification required
EVT0004851,SHP000663,BR1963,EMP01791,Delivered,2025-03-07 10:18:06,Address verification required
EVT0004852,SHP002383,BR1537,EMP02640,Out for Delivery,2025-11-20 17:21:32,Vehicle departed
EVT0004853,SHP000970,BR2224,EMP00497,In Transit,2025-09-24 04:21:46,Shipment processed successfully
EVT0004854,SHP000811,BR3026,EMP03315,Delayed,2025-07-17 16:13:30,Shipment processed successfully
EVT0004855,SHP002481,BR2214,EMP04035,In Transit,2025-10-28 12:45:10,Shipment processed successfully
EVT0004856,SHP003731,BR0259,EMP00256,Booked,2025-07-25 16:00:59,Package scanned at hub
EVT0004857,SHP000413,BR3438,EMP02087,Arrived at Hub,2025-11-16 13:56:10,Shipment processed successfully
EVT0004858,SHP000263,BR1407,EMP03470,Delivered,2025-01-07 13:25:12,Package reached destination hub
EVT0004859,SHP001709,BR3822,EMP01616,Picked Up,2025-02-27 08:16:58,Customer unavailable
EVT0004860,SHP001912,BR2743,EMP00783,Out for Delivery,2025-05-11 21:05:44,Delivery agent assigned
EVT0004861,SHP002344,BR3138,EMP00212,In Transit,2025-03-17 19:48:39,Shipment delivered
EVT0004862,SHP002391,BR2020,EMP04022,Out for Delivery,2025-05-27 15:36:20,Address verification required
EVT0004863,SHP000526,BR4254,EMP00796,Picked Up,2025-08-13 06:11:50,Package reached destination hub
EVT0004864,SHP001733,BR1613,EMP02684,Delayed,2025-08-18 21:47:05,Package scanned at hub
EVT0004865,SHP001462,BR1258,EMP02641,Out for Delivery,2025-02-06 02:19:10,Package scanned at hub
EVT0004866,SHP002551,BR4236,EMP03489,Arrived at Hub,2025-12-27 02:47:55,Package scanned at hub
EVT0004867,SHP003074,BR1085,EMP03781,Picked Up,2025-04-26 12:49:10,Address verification required
EVT0004868,SHP001828,BR1406,EMP03812,Booked,2025-12-21 22:40:52,Shipment processed successfully
EVT0004869,SHP004824,BR3072,EMP00019,Booked,2025-05-27 05:53:25,Shipment delivered
EVT0004870,SHP000482,BR4815,EMP00631,Booked,2025-04-19 22:27:11,Address verification required
EVT0004871,SHP000036,BR1628,EMP01086,Delivered,2025-03-20 17:20:46,Vehicle departed
EVT0004872,SHP000695,BR3191,EMP00882,Delivered,2025-04-06 14:50:27,Vehicle departed
EVT0004873,SHP004739,BR0153,EMP02970,Picked Up,2025-07-26 22:39:52,Package reached destination hub
EVT0004874,SHP000398,BR4012,EMP02656,Delivered,2025-01-30 23:18:57,Address verification required
EVT0004875,SHP003492,BR2431,EMP02894,In Transit,2025-04-22 19:40:49,Delivery agent assigned
EVT0004876,SHP001626,BR0252,EMP00680,Delivered,2025-04-14 19:46:29,Address verification required
EVT0004877,SHP003007,BR2224,EMP01124,In Transit,2025-10-18 02:44:59,Address verification required
EVT0004878,SHP002780,BR3617,EMP01921,Arrived at Hub,2025-04-14 01:13:14,Address verification required
EVT0004879,SHP002501,BR1428,EMP04018,Picked Up,2025-11-14 20:40:18,Shipment delivered
EVT0004880,SHP000447,BR1578,EMP04424,In Transit,2025-12-22 10:08:49,Package reached destination hub
EVT0004881,SHP000024,BR2161,EMP02385,Picked Up,2025-08-27 18:15:09,Shipment delivered
EVT0004882,SHP002779,BR1989,EMP01418,In Transit,2025-11-14 13:45:47,Package reached destination hub
EVT0004883,SHP001445,BR0771,EMP02522,Delivered,2025-11-22 14:40:35,Package reached destination hub
EVT0004884,SHP003798,BR4321,EMP02174,Arrived at Hub,2025-09-12 20:09:26,Package scanned at hub
EVT0004885,SHP002717,BR0725,EMP02867,Arrived at Hub,2025-01-31 00:28:12,Delivery agent assigned
EVT0004886,SHP002878,BR2339,EMP01432,Arrived at Hub,2025-04-10 12:37:54,Shipment delivered
EVT0004887,SHP001288,BR1175,EMP00283,Booked,2025-08-30 22:18:22,Shipment processed successfully
EVT0004888,SHP003628,BR3967,EMP03872,Out for Delivery,2025-06-24 22:24:47,Vehicle departed
EVT0004889,SHP001693,BR0736,EMP03569,Picked Up,2025-05-25 09:03:48,Delivery agent assigned
EVT0004890,SHP000201,BR1282,EMP04727,Delivered,2025-11-25 20:33:31,Shipment delivered
EVT0004891,SHP003764,BR4455,EMP01691,Out for Delivery,2025-08-04 17:27:51,Package reached destination hub
EVT0004892,SHP001844,BR3159,EMP02975,Out for Delivery,2025-02-03 17:51:19,Package scanned at hub
EVT0004893,SHP000909,BR4312,EMP03016,Delivered,2025-10-19 07:28:51,Address verification required
EVT0004894,SHP001180,BR0716,EMP00396,Picked Up,2025-11-19 19:52:41,Package reached destination hub
EVT0004895,SHP001196,BR4086,EMP00110,Out for Delivery,2025-12-13 06:03:23,Vehicle departed
EVT0004896,SHP003591,BR4628,EMP01872,Booked,2025-12-15 03:02:01,Shipment processed successfully
EVT0004897,SHP003733,BR4647,EMP01355,Picked Up,2025-07-15 18:38:22,Shipment delivered
EVT0004898,SHP004687,BR4391,EMP03114,Arrived at Hub,2025-05-23 09:04:43,Vehicle departed
EVT0004899,SHP003749,BR2910,EMP03050,In Transit,2025-01-30 18:29:06,Delivery agent assigned
EVT0004900,SHP004037,BR0282,EMP00466,In Transit,2025-02-17 17:30:41,Package reached destination hub
EVT0004901,SHP003987,BR4619,EMP02723,Delivered,2025-11-17 02:08:15,Vehicle departed
EVT0004902,SHP000063,BR3496,EMP00298,Delivered,2025-06-17 06:49:21,Delivery agent assigned
EVT0004903,SHP000776,BR3440,EMP01871,Booked,2025-05-16 20:29:14,Package reached destination hub
EVT0004904,SHP000792,BR1532,EMP02306,In Transit,2025-08-14 17:10:01,Shipment processed successfully
EVT0004905,SHP002817,BR3689,EMP02165,Arrived at Hub,2025-12-17 16:55:30,Vehicle departed
EVT0004906,SHP003086,BR4920,EMP04389,Delivered,2025-03-24 19:33:14,Customer unavailable
EVT0004907,SHP001269,BR2323,EMP01544,Out for Delivery,2025-01-09 09:55:08,Package scanned at hub
EVT0004908,SHP000070,BR4342,EMP02556,In Transit,2025-07-19 21:41:51,Vehicle departed
EVT0004909,SHP003644,BR4474,EMP02547,In Transit,2025-10-20 09:28:54,Package scanned at hub
EVT0004910,SHP001988,BR2249,EMP01034,Arrived at Hub,2025-11-10 02:59:52,Package reached destination hub
EVT0004911,SHP001013,BR2181,EMP03882,Picked Up,2025-06-24 14:11:35,Package reached destination hub
EVT0004912,SHP004177,BR2391,EMP04729,Arrived at Hub,2025-01-09 15:08:41,Vehicle departed
EVT0004913,SHP002458,BR2471,EMP03315,Arrived at Hub,2025-05-25 16:55:36,Delivery agent assigned
EVT0004914,SHP002716,BR3430,EMP03970,Arrived at Hub,2025-06-28 19:35:45,Shipment delivered
EVT0004915,SHP003703,BR1345,EMP00938,In Transit,2025-08-26 12:23:00,Shipment processed successfully
EVT0004916,SHP001123,BR4834,EMP03176,Arrived at Hub,2025-12-28 04:47:43,Vehicle departed
EVT0004917,SHP001008,BR2755,EMP01329,In Transit,2025-08-27 17:02:23,Shipment delivered
EVT0004918,SHP000451,BR1431,EMP01007,Out for Delivery,2025-01-11 12:05:42,Shipment delivered
EVT0004919,SHP002698,BR3779,EMP04813,Booked,2025-01-16 16:50:55,Shipment delivered
EVT0004920,SHP002735,BR1541,EMP01504,Delivered,2025-02-07 16:00:25,Package scanned at hub
EVT0004921,SHP004545,BR2897,EMP01817,In Transit,2025-08-20 18:28:17,Address verification required
EVT0004922,SHP002572,BR1623,EMP02272,Arrived at Hub,2025-10-10 23:38:01,Shipment delivered
EVT0004923,SHP004970,BR2748,EMP01289,Booked,2025-12-21 19:01:38,Package scanned at hub
EVT0004924,SHP003957,BR4491,EMP01252,In Transit,2025-11-29 13:21:44,Address verification required
EVT0004925,SHP001707,BR1846,EMP00961,Picked Up,2025-03-15 22:10:37,Vehicle departed
EVT0004926,SHP001941,BR1990,EMP01133,In Transit,2025-05-16 08:39:46,Delivery agent assigned
EVT0004927,SHP001799,BR4390,EMP03968,Arrived at Hub,2025-03-04 16:56:33,Customer unavailable
EVT0004928,SHP002042,BR4906,EMP03406,In Transit,2025-09-23 19:20:01,Shipment delivered
EVT0004929,SHP004093,BR1144,EMP02579,Arrived at Hub,2025-08-12 08:46:45,Vehicle departed
EVT0004930,SHP001910,BR3872,EMP02387,In Transit,2025-08-22 03:09:22,Shipment delivered
EVT0004931,SHP002374,BR3786,EMP04621,Booked,2025-12-16 06:29:02,Customer unavailable
EVT0004932,SHP003816,BR3603,EMP01733,Out for Delivery,2025-06-11 22:10:37,Vehicle departed
EVT0004933,SHP003476,BR0283,EMP01843,Arrived at Hub,2025-11-15 19:46:02,Package reached destination hub
EVT0004934,SHP003142,BR2370,EMP02125,Delivered,2025-07-03 07:11:22,Shipment processed successfully
EVT0004935,SHP000838,BR1659,EMP00262,Arrived at Hub,2025-10-25 08:37:23,Delivery agent assigned
EVT0004936,SHP001485,BR3659,EMP01361,Arrived at Hub,2025-11-29 04:32:29,Shipment processed successfully
EVT0004937,SHP001258,BR3782,EMP01220,Booked,2025-10-01 23:32:13,Package scanned at hub
EVT0004938,SHP004382,BR3621,EMP03064,Out for Delivery,2025-02-02 06:18:11,Customer unavailable
EVT0004939,SHP003997,BR0692,EMP00293,Picked Up,2025-04-25 12:42:46,Package reached destination hub
EVT0004940,SHP000130,BR0988,EMP04329,Returned,2025-06-11 01:20:39,Vehicle departed
EVT0004941,SHP004297,BR3658,EMP02865,Delivered,2025-11-17 17:53:46,Package scanned at hub
EVT0004942,SHP003424,BR3116,EMP04364,In Transit,2025-12-25 15:13:57,Address verification required
EVT0004943,SHP002422,BR2274,EMP03402,Picked Up,2025-12-09 18:37:23,Delivery agent assigned
EVT0004944,SHP000623,BR3337,EMP04949,Booked,2025-12-19 20:36:02,Shipment processed successfully
EVT0004945,SHP004696,BR4131,EMP01625,Booked,2025-12-27 08:36:17,Customer unavailable
EVT0004946,SHP004051,BR2475,EMP04172,Booked,2025-05-23 04:10:30,Customer unavailable
EVT0004947,SHP004943,BR4631,EMP00221,In Transit,2025-12-17 07:51:38,Address verification required
EVT0004948,SHP000923,BR1862,EMP02193,Arrived at Hub,2025-02-12 16:54:13,Package scanned at hub
EVT0004949,SHP000055,BR3314,EMP01177,In Transit,2025-05-24 01:53:48,Shipment processed successfully
EVT0004950,SHP001665,BR2840,EMP04520,Out for Delivery,2025-05-07 05:20:34,Vehicle departed
EVT0004951,SHP003039,BR1914,EMP01576,Out for Delivery,2025-10-31 06:01:14,Package reached destination hub
EVT0004952,SHP002674,BR2386,EMP02350,In Transit,2025-02-24 15:58:57,Vehicle departed
EVT0004953,SHP004790,BR3542,EMP02484,Picked Up,2025-08-22 08:53:40,Shipment processed successfully
EVT0004954,SHP004433,BR3591,EMP01787,Delivered,2025-04-21 02:36:32,Shipment delivered
EVT0004955,SHP003621,BR2262,EMP02124,Booked,2025-02-24 07:15:45,Customer unavailable
EVT0004956,SHP000748,BR3208,EMP03772,Arrived at Hub,2025-10-22 03:05:50,Shipment processed successfully
EVT0004957,SHP003784,BR1156,EMP01370,Delivered,2025-03-02 20:23:09,Address verification required
EVT0004958,SHP002487,BR1377,EMP03453,In Transit,2025-09-09 16:26:57,Package reached destination hub
EVT0004959,SHP003491,BR4333,EMP03756,Arrived at Hub,2025-09-29 09:27:19,Customer unavailable
EVT0004960,SHP003868,BR4743,EMP01787,Delivered,2025-12-26 02:42:21,Package reached destination hub
EVT0004961,SHP004372,BR1195,EMP01603,Delivered,2025-04-27 18:30:27,Customer unavailable
EVT0004962,SHP001249,BR3531,EMP02560,In Transit,2025-12-21 07:05:03,Package reached destination hub
EVT0004963,SHP000305,BR3710,EMP01608,Arrived at Hub,2025-03-25 08:18:40,Package scanned at hub
EVT0004964,SHP004360,BR4670,EMP01419,Delivered,2025-12-02 09:11:24,Customer unavailable
EVT0004965,SHP001120,BR1897,EMP01376,Picked Up,2025-12-08 06:12:43,Package scanned at hub
EVT0004966,SHP001059,BR2424,EMP00154,Delivered,2025-07-29 20:46:05,Shipment delivered
EVT0004967,SHP000662,BR2858,EMP03549,Out for Delivery,2025-10-13 08:31:32,Package reached destination hub
EVT0004968,SHP000740,BR4058,EMP00846,Booked,2025-11-16 03:42:14,Shipment processed successfully
EVT0004969,SHP001638,BR2073,EMP03089,Delayed,2025-04-29 20:56:51,Shipment delivered
EVT0004970,SHP004991,BR3191,EMP01961,Out for Delivery,2025-10-29 19:57:33,Address verification required
EVT0004971,SHP001271,BR1246,EMP02085,Out for Delivery,2025-10-23 22:22:37,Customer unavailable
EVT0004972,SHP000766,BR0106,EMP03060,Picked Up,2025-04-21 07:42:49,Vehicle departed
EVT0004973,SHP004504,BR4201,EMP01457,In Transit,2025-02-02 01:33:36,Shipment processed successfully
EVT0004974,SHP004962,BR3813,EMP04500,Delivered,2025-02-13 08:12:16,Vehicle departed
EVT0004975,SHP003170,BR3539,EMP02702,Out for Delivery,2025-10-08 13:17:50,Package scanned at hub
EVT0004976,SHP004028,BR4220,EMP00995,Picked Up,2025-03-03 08:03:57,Delivery agent assigned
EVT0004977,SHP003217,BR4360,EMP03719,Arrived at Hub,2025-03-28 06:23:29,Customer unavailable
EVT0004978,SHP000807,BR0925,EMP01317,Booked,2025-03-03 15:24:07,Vehicle departed
EVT0004979,SHP003035,BR1902,EMP02351,Picked Up,2025-12-21 19:21:09,Package scanned at hub
EVT0004980,SHP001119,BR4876,EMP01072,Arrived at Hub,2025-01-11 00:49:30,Address verification required
EVT0004981,SHP000598,BR4656,EMP01448,Arrived at Hub,2025-12-21 00:21:02,Customer unavailable
EVT0004982,SHP000259,BR1895,EMP01219,Delayed,2025-04-24 12:10:05,Shipment processed successfully
EVT0004983,SHP003460,BR0849,EMP00080,Picked Up,2025-11-14 02:48:09,Delivery agent assigned
EVT0004984,SHP004376,BR0569,EMP00289,Delivered,2025-07-26 05:17:36,Shipment processed successfully
EVT0004985,SHP000594,BR4615,EMP02656,Delivered,2025-10-25 06:21:26,Address verification required
EVT0004986,SHP003748,BR2528,EMP02890,In Transit,2025-07-17 04:52:07,Shipment delivered
EVT0004987,SHP000355,BR4607,EMP00733,Delivered,2025-03-27 16:35:03,Customer unavailable
EVT0004988,SHP003348,BR3087,EMP03085,Out for Delivery,2025-07-21 02:22:33,Shipment delivered
EVT0004989,SHP004938,BR0565,EMP04220,Picked Up,2025-08-11 21:27:07,Shipment processed successfully
EVT0004990,SHP001391,BR0171,EMP03631,Picked Up,2025-04-16 18:47:07,Shipment processed successfully
EVT0004991,SHP000640,BR0184,EMP02371,Picked Up,2025-09-08 14:00:39,Customer unavailable
EVT0004992,SHP003164,BR1094,EMP01038,Delivered,2025-09-28 14:07:06,Shipment processed successfully
EVT0004993,SHP002868,BR3717,EMP03432,In Transit,2025-12-09 09:33:13,Vehicle departed
EVT0004994,SHP002013,BR2069,EMP02324,Picked Up,2025-01-17 23:40:02,Delivery agent assigned
EVT0004995,SHP004561,BR3506,EMP03089,Delivered,2025-06-25 20:10:39,Customer unavailable
EVT0004996,SHP002064,BR1007,EMP04397,In Transit,2025-08-11 01:50:43,Shipment delivered
EVT0004997,SHP001549,BR2545,EMP01743,Picked Up,2025-09-09 18:49:46,Address verification required
EVT0004998,SHP001547,BR2684,EMP00704,Arrived at Hub,2025-11-28 06:19:26,Package reached destination hub
EVT0004999,SHP002204,BR2878,EMP03628,In Transit,2025-05-19 17:23:46,Customer unavailable
EVT0005000,SHP001292,BR0924,EMP01604,Out for Delivery,2025-04-07 15:08:44,Address verification required
